trade_date,category,name,symbol,source,open,high,low,close,volume,currency,exchange,fetched_at
2026-07-10,個別株,SKハイニクス,000660.KS,yahoo,2296000.0,2305000.0,2166000.0,2180000.0,4827239,KRW,KSC,2026-08-10T22:49:08+09:00
2026-07-10,個別株,NAURA,002371.SZ,yahoo,886.4600219726562,905.0,800.989990234375,801.0,19385845,CNY,SHZ,2026-08-10T22:49:08+09:00
2026-07-10,個別株,サムスン電子,005930.KS,yahoo,291000.0,298000.0,282000.0,285000.0,20088811,KRW,KSC,2026-08-10T22:49:08+09:00
2026-07-10,個別株,テンセント,0700.HK,yahoo,472.79998779296875,473.6000061035156,458.79998779296875,460.20001220703125,40440298,HKD,HKG,2026-08-10T22:49:08+09:00
2026-07-10,個別株,SMIC,0981.HK,yahoo,84.94999694824219,87.5999984741211,78.75,79.6500015258789,168361707,HKD,HKG,2026-08-10T22:49:08+09:00
2026-07-10,個別株,BYD,1211.HK,yahoo,83.5999984741211,86.44999694824219,81.44999694824219,84.9000015258789,23565217,HKD,HKG,2026-08-10T22:49:08+09:00
2026-07-10,個別株,シャオミ,1810.HK,yahoo,25.219999313354492,26.299999237060547,24.5,25.84000015258789,254498794,HKD,HKG,2026-08-10T22:49:08+09:00
2026-07-10,個別株,TSMC,2330.TW,yahoo,2415.0,2415.0,2415.0,2415.0,0,TWD,TAI,2026-08-10T22:49:08+09:00
2026-07-10,海外指数,深セン成分指数,399001.SZ,yahoo,15480.41015625,15581.9404296875,15046.669921875,15046.669921875,3448200,CNY,SHZ,2026-08-10T22:49:08+09:00
2026-07-10,個別株,アリババ,9988.HK,yahoo,110.0,113.0,109.0,110.19999694824219,103843838,HKD,HKG,2026-08-10T22:49:08+09:00
2026-07-10,個別株,アップル,AAPL,yahoo,314.7200012207031,316.9100036621094,312.1700134277344,315.32000732421875,34132300,USD,NMS,2026-08-10T22:49:08+09:00
2026-07-10,個別株,AMD,AMD,yahoo,544.010009765625,560.25,540.0499877929688,557.8900146484375,20704500,USD,NMS,2026-08-10T22:49:08+09:00
2026-07-10,個別株,アマゾン,AMZN,yahoo,249.5500030517578,251.02999877929688,244.41000366210938,245.33999633789062,31654000,USD,NMS,2026-08-10T22:49:08+09:00
2026-07-10,ETF,アークETF,ARKK,yahoo,82.58499908447266,82.72000122070312,79.37000274658203,80.24500274658203,5394300,USD,BTS,2026-08-10T22:49:08+09:00
2026-07-10,個別株,アーム,ARM,yahoo,322.70001220703125,328.281005859375,317.8800048828125,323.3900146484375,2770900,USD,NMS,2026-08-10T22:49:08+09:00
2026-07-10,個別株,ASML,ASML.AS,yahoo,1567.0,1578.4000244140625,1546.5999755859375,1569.0,500202,EUR,AMS,2026-08-10T22:49:08+09:00
2026-07-10,為替,豪ドル/円,AUDJPY=X,yahoo,112.6989974975586,112.6989974975586,112.18399810791016,112.72200012207031,0,JPY,CCY,2026-08-10T22:49:08+09:00
2026-07-10,個別株,ブロードコム,AVGO,yahoo,398.5,402.44000244140625,395.70001220703125,399.9700012207031,14595900,USD,NMS,2026-08-10T22:49:08+09:00
2026-07-10,個別株,BASF,BAS.DE,yahoo,47.709999084472656,48.084999084472656,47.28499984741211,47.54999923706055,1214647,EUR,GER,2026-08-10T22:49:08+09:00
2026-07-10,個別株,BNPパリバ,BNP.PA,yahoo,99.86000061035156,100.83999633789062,99.56999969482422,100.69999694824219,1237889,EUR,PAR,2026-08-10T22:49:08+09:00
2026-07-10,個別株,バークシャー・ハサウェイ,BRK-B,yahoo,496.1499938964844,497.29998779296875,490.70001220703125,493.7099914550781,2736900,USD,NYQ,2026-08-10T22:49:08+09:00
2026-07-10,為替,ブラジルレアル/円,BRLJPY=X,yahoo,31.604000091552734,31.655193328857422,31.277212142944336,31.608999252319336,0,JPY,CCY,2026-08-11T07:30:36+09:00
2026-07-10,暗号資産,ビットコイン,BTC-USD,yahoo,63194.359375,64658.96875,62902.0625,64127.140625,27450201269,USD,CCC,2026-08-11T07:30:36+09:00
2026-07-10,為替,スイスフラン/円,CHFJPY=X,yahoo,201.20799255371094,201.3168182373047,199.99400329589844,201.27499389648438,0,JPY,CCY,2026-08-11T07:30:36+09:00
2026-07-10,為替,中国元/円,CNYJPY=X,yahoo,23.8973445892334,23.907869338989258,23.743228912353516,23.900068283081055,0,JPY,CCY,2026-08-10T22:49:08+09:00
2026-07-10,暗号資産,イーサリアム,ETH-USD,yahoo,1744.47314453125,1809.75830078125,1736.72314453125,1795.6932373046875,9431692646,USD,CCC,2026-08-11T07:30:36+09:00
2026-07-10,為替,ユーロ/円,EURJPY=X,yahoo,185.593994140625,185.66799926757812,184.46800231933594,185.62899780273438,0,JPY,CCY,2026-08-10T22:49:08+09:00
2026-07-10,海外指数,イタリア40,FTSEMIB.MI,yahoo,52433.0,52818.0,52399.0,52614.0,223875400,EUR,MIL,2026-08-10T22:49:08+09:00
2026-07-10,為替,英ポンド/円,GBPJPY=X,yahoo,217.68800354003906,217.79200744628906,216.4600067138672,217.7779998779297,0,JPY,CCY,2026-08-10T22:49:08+09:00
2026-07-10,商品,金,GC=F,yahoo,4122.2998046875,4125.7998046875,4090.60009765625,4104.10009765625,389,USD,CMX,2026-08-10T22:49:08+09:00
2026-07-10,個別株,アルファベット,GOOGL,yahoo,357.5299987792969,357.82000732421875,352.75,357.17999267578125,18146100,USD,NMS,2026-08-10T22:49:08+09:00
2026-07-10,個別株,ゴールドマン・サックス,GS,yahoo,1063.2099609375,1067.1700439453125,1048.0,1055.1800537109375,1110600,USD,NYQ,2026-08-10T22:49:08+09:00
2026-07-10,為替,香港ドル/円,HKDJPY=X,yahoo,20.71697998046875,20.724639892578125,20.5731201171875,20.719879150390625,0,JPY,CCY,2026-08-11T07:30:36+09:00
2026-07-10,個別株,HSBC,HSBA.L,yahoo,1463.800048828125,1475.800048828125,1456.4000244140625,1471.0,14955487,GBp,LSE,2026-08-10T22:49:08+09:00
2026-07-10,為替,インドルピー/円,INRJPY=X,yahoo,1.7020050287246704,1.7026530504226685,1.6910359859466553,1.7018309831619263,0,JPY,CCY,2026-08-11T07:30:36+09:00
2026-07-10,個別株,インテル,INTC,yahoo,109.58000183105469,110.8499984741211,107.44999694824219,109.83999633789062,70846600,USD,NMS,2026-08-10T22:49:08+09:00
2026-07-10,個別株,JPモルガン,JPM,yahoo,337.4700012207031,338.5899963378906,335.7699890136719,336.4700012207031,6299000,USD,NYQ,2026-08-10T22:49:08+09:00
2026-07-10,為替,韓国ウォン/円,KRWJPY=X,yahoo,0.10780800133943558,0.1078369989991188,0.10685700178146362,0.10779699683189392,0,JPY,CCY,2026-08-11T07:30:36+09:00
2026-07-10,個別株,LVMH,MC.PA,yahoo,492.95001220703125,495.1499938964844,486.3500061035156,489.8999938964844,331061,EUR,PAR,2026-08-10T22:49:08+09:00
2026-07-10,個別株,マクドナルド,MCD,yahoo,278.2099914550781,278.3999938964844,272.5,274.6000061035156,2980800,USD,NYQ,2026-08-10T22:49:08+09:00
2026-07-10,個別株,メタ,META,yahoo,660.3400268554688,677.8599853515625,658.010009765625,669.2100219726562,40608900,USD,NMS,2026-08-10T22:49:08+09:00
2026-07-10,個別株,マイクロソフト,MSFT,yahoo,387.79998779296875,391.9100036621094,381.5,385.1000061035156,24644600,USD,NMS,2026-08-10T22:49:08+09:00
2026-07-10,個別株,マイクロン,MU,yahoo,964.97998046875,998.0,954.1300048828125,979.2999877929688,31768100,USD,NMS,2026-08-10T22:49:08+09:00
2026-07-10,為替,メキシコペソ/円,MXNJPY=X,yahoo,9.253209114074707,9.258726119995117,9.21255111694336,9.255722045898438,0,JPY,CCY,2026-08-11T07:30:36+09:00
2026-07-10,個別株,エヌビディア,NVDA,yahoo,202.0,211.0,201.9199981689453,210.9600067138672,148421000,USD,NMS,2026-08-10T22:49:08+09:00
2026-07-10,個別株,オラクル,ORCL,yahoo,145.64999389648438,145.67999267578125,139.25999450683594,140.63999938964844,29843300,USD,NYQ,2026-08-10T22:49:08+09:00
2026-07-10,個別株,パランティア,PLTR,yahoo,132.13999938964844,132.27999877929688,125.7699966430664,126.79000091552734,31163000,USD,NMS,2026-08-10T22:49:08+09:00
2026-07-10,個別株,クアルコム,QCOM,yahoo,187.50999450683594,190.19000244140625,185.72000122070312,189.16000366210938,7064000,USD,NMS,2026-08-10T22:49:08+09:00
2026-07-10,個別株,SAP,SAP.DE,yahoo,137.5399932861328,140.60000610351562,137.0399932861328,137.5800018310547,1511294,EUR,GER,2026-08-10T22:49:08+09:00
2026-07-10,個別株,サンディスク,SNDK,yahoo,1778.9840087890625,1946.8349609375,1773.0,1915.9200439453125,11022700,USD,NMS,2026-08-10T22:49:08+09:00
2026-07-10,為替,トルコリラ/円,TRYJPY=X,yahoo,3.451047897338867,3.4574759006500244,3.4294369220733643,3.451620101928711,0,JPY,CCY,2026-08-11T07:30:36+09:00
2026-07-10,個別株,テスラ,TSLA,yahoo,410.489990234375,413.1600036621094,402.80999755859375,407.760009765625,33410000,USD,NMS,2026-08-10T22:49:08+09:00
2026-07-10,為替,台湾ドル/円,TWDJPY=X,yahoo,5.05571985244751,5.057995796203613,5.023091793060303,5.055434226989746,0,JPY,CCY,2026-08-11T07:30:36+09:00
2026-07-10,為替,米ドル/円,USDJPY=X,yahoo,162.3350067138672,162.41900634765625,161.29200744628906,162.36300659179688,0,JPY,CCY,2026-08-10T22:49:08+09:00
2026-07-10,個別株,フォルクスワーゲン,VOW3.DE,yahoo,72.12000274658203,72.55999755859375,70.33999633789062,70.9800033569336,1107903,EUR,GER,2026-08-10T22:49:08+09:00
2026-07-10,個別株,ウォルマート,WMT,yahoo,111.94999694824219,114.16000366210938,111.93000030517578,113.9000015258789,12461700,USD,NMS,2026-08-10T22:49:08+09:00
2026-07-10,暗号資産,リップル,XRP-USD,yahoo,1.0933300256729126,1.1169250011444092,1.089830994606018,1.103922963142395,1108026772,USD,CCC,2026-08-11T07:30:36+09:00
2026-07-10,海外指数,イスタンブール100,XU100.IS,yahoo,14109.2001953125,14379.7001953125,14092.7998046875,14321.2001953125,9505200000,TRY,IST,2026-08-10T22:49:08+09:00
2026-07-10,為替,南アフリカランド/円,ZARJPY=X,yahoo,9.947099685668945,9.947400093078613,9.899100303649902,9.946599960327148,0,JPY,CCY,2026-08-11T07:30:36+09:00
2026-07-10,海外指数,インドSENSEX30,^BSESN,yahoo,77395.6328125,77642.2265625,77320.5625,77569.390625,12300,INR,BSE,2026-08-10T22:49:08+09:00
2026-07-10,海外指数,仏CAC40,^FCHI,yahoo,8324.0703125,8350.830078125,8284.240234375,8338.9697265625,42483100,EUR,PAR,2026-08-10T22:49:08+09:00
2026-07-10,海外指数,英国FTSE100,^FTSE,yahoo,10471.900390625,10513.900390625,10462.7998046875,10497.2998046875,740632000,GBP,FGI,2026-08-10T22:49:08+09:00
2026-07-10,海外指数,ドイツDAX,^GDAXI,yahoo,25081.189453125,25195.830078125,24937.51953125,25067.08984375,48006700,EUR,GER,2026-08-10T22:49:08+09:00
2026-07-10,海外指数,S&P500,^GSPC,yahoo,7547.64013671875,7579.93017578125,7508.16015625,7575.39013671875,4006370000,USD,SNP,2026-08-10T22:49:08+09:00
2026-07-10,海外指数,香港ハンセン,^HSI,yahoo,24213.439453125,24499.630859375,24064.619140625,24175.119140625,3340800000,HKD,HKG,2026-08-10T22:49:08+09:00
2026-07-10,海外指数,韓国総合株価指数,^KS11,yahoo,7552.490234375,7704.93017578125,7429.509765625,7475.93994140625,453200,KRW,KSC,2026-08-10T22:49:08+09:00
2026-07-10,海外指数,ラッセル2000,^RUT,yahoo,2996.110107421875,2998.179931640625,2963.159912109375,2977.81005859375,4006370000,USD,WCB,2026-08-10T22:49:08+09:00
2026-07-10,海外指数,タイSET,^SET.BK,yahoo,1615.4300537109375,1621.550048828125,1612.1199951171875,1621.550048828125,4783400,THB,SET,2026-08-10T22:49:08+09:00
2026-07-10,海外指数,SOX,^SOX,yahoo,12779.2197265625,13065.01953125,12656.8701171875,12967.16015625,0,USD,NIM,2026-08-10T22:49:08+09:00
2026-07-10,セクター,S&P500 不動産,^SP500-60,yahoo,283.25,283.3999938964844,280.2799987792969,282.82000732421875,83288200,USD,SNP,2026-08-10T22:49:08+09:00
2026-07-10,海外指数,ユーロ・ストックス50,^STOXX50E,yahoo,6266.830078125,6287.7099609375,6242.35009765625,6269.97021484375,15882500,EUR,ZRH,2026-08-10T22:49:08+09:00
2026-07-11,暗号資産,ビットコイン,BTC-USD,yahoo,64127.96875,64445.4609375,63785.62109375,63802.02734375,13954689047,USD,CCC,2026-08-11T07:30:36+09:00
2026-07-11,暗号資産,イーサリアム,ETH-USD,yahoo,1795.8193359375,1827.83154296875,1786.295654296875,1788.099609375,6901680020,USD,CCC,2026-08-11T07:30:36+09:00
2026-07-11,暗号資産,リップル,XRP-USD,yahoo,1.1039179563522339,1.11798894405365,1.0975810289382935,1.0975810289382935,653161963,USD,CCC,2026-08-11T07:30:36+09:00
2026-07-12,暗号資産,ビットコイン,BTC-USD,yahoo,63791.40234375,64243.1328125,63606.82421875,63758.21875,19043437787,USD,CCC,2026-08-11T07:30:36+09:00
2026-07-12,暗号資産,イーサリアム,ETH-USD,yahoo,1787.568359375,1824.98046875,1779.6370849609375,1805.7880859375,6064480351,USD,CCC,2026-08-11T07:30:36+09:00
2026-07-12,暗号資産,リップル,XRP-USD,yahoo,1.0975849628448486,1.102391004562378,1.0820000171661377,1.085737943649292,743622149,USD,CCC,2026-08-11T07:30:36+09:00
2026-07-13,個別株,SKハイニクス,000660.KS,yahoo,2113000.0,2142000.0,1839000.0,1845000.0,8040043,KRW,KSC,2026-08-10T22:49:08+09:00
2026-07-13,個別株,NAURA,002371.SZ,yahoo,795.6099853515625,813.7000122070312,755.0,764.2999877929688,16314186,CNY,SHZ,2026-08-10T22:49:08+09:00
2026-07-13,個別株,サムスン電子,005930.KS,yahoo,285000.0,292500.0,253000.0,254500.0,31882652,KRW,KSC,2026-08-10T22:49:08+09:00
2026-07-13,個別株,テンセント,0700.HK,yahoo,463.20001220703125,473.79998779296875,456.20001220703125,457.6000061035156,24291842,HKD,HKG,2026-08-10T22:49:08+09:00
2026-07-13,個別株,SMIC,0981.HK,yahoo,80.05000305175781,84.80000305175781,76.6500015258789,78.3499984741211,145387430,HKD,HKG,2026-08-10T22:49:08+09:00
2026-07-13,個別株,BYD,1211.HK,yahoo,85.9000015258789,86.4000015258789,83.4000015258789,83.94999694824219,15515997,HKD,HKG,2026-08-10T22:49:08+09:00
2026-07-13,個別株,シャオミ,1810.HK,yahoo,25.84000015258789,26.780000686645508,25.579999923706055,25.84000015258789,206564861,HKD,HKG,2026-08-10T22:49:08+09:00
2026-07-13,個別株,TSMC,2330.TW,yahoo,2460.0,2480.0,2440.0,2440.0,32938379,TWD,TAI,2026-08-10T22:49:08+09:00
2026-07-13,海外指数,深セン成分指数,399001.SZ,yahoo,14908.98046875,14997.0703125,14437.0703125,14522.849609375,2932400,CNY,SHZ,2026-08-10T22:49:08+09:00
2026-07-13,個別株,アリババ,9988.HK,yahoo,110.80000305175781,115.0999984741211,110.30000305175781,110.69999694824219,100489536,HKD,HKG,2026-08-10T22:49:08+09:00
2026-07-13,個別株,アップル,AAPL,yahoo,317.0199890136719,323.45001220703125,315.7799987792969,317.30999755859375,43257800,USD,NMS,2026-08-10T22:49:08+09:00
2026-07-13,個別株,AMD,AMD,yahoo,537.5,551.8699951171875,526.9199829101562,534.3900146484375,22957400,USD,NMS,2026-08-10T22:49:08+09:00
2026-07-13,個別株,アマゾン,AMZN,yahoo,244.67999267578125,249.64999389648438,244.17999267578125,247.30999755859375,34636100,USD,NMS,2026-08-10T22:49:08+09:00
2026-07-13,ETF,アークETF,ARKK,yahoo,79.4749984741211,79.62000274658203,77.88999938964844,78.23999786376953,5889900,USD,BTS,2026-08-10T22:49:08+09:00
2026-07-13,個別株,アーム,ARM,yahoo,311.42999267578125,311.42999267578125,293.5,298.989990234375,5301100,USD,NMS,2026-08-10T22:49:08+09:00
2026-07-13,個別株,ASML,ASML.AS,yahoo,1530.0,1555.199951171875,1522.4000244140625,1540.800048828125,496415,EUR,AMS,2026-08-10T22:49:08+09:00
2026-07-13,為替,豪ドル/円,AUDJPY=X,yahoo,112.36799621582031,112.63999938964844,112.23799896240234,112.37000274658203,0,JPY,CCY,2026-08-10T22:49:08+09:00
2026-07-13,個別株,ブロードコム,AVGO,yahoo,393.4800109863281,395.75,383.4200134277344,384.04998779296875,21294500,USD,NMS,2026-08-10T22:49:08+09:00
2026-07-13,個別株,BASF,BAS.DE,yahoo,47.494998931884766,49.06999969482422,47.46500015258789,48.849998474121094,1835612,EUR,GER,2026-08-10T22:49:08+09:00
2026-07-13,個別株,BNPパリバ,BNP.PA,yahoo,100.22000122070312,101.72000122070312,100.0999984741211,100.91999816894531,1010382,EUR,PAR,2026-08-10T22:49:08+09:00
2026-07-13,個別株,バークシャー・ハサウェイ,BRK-B,yahoo,495.8500061035156,501.5,493.80999755859375,496.8500061035156,3228900,USD,NYQ,2026-08-10T22:49:08+09:00
2026-07-13,為替,ブラジルレアル/円,BRLJPY=X,yahoo,31.675046920776367,31.775999069213867,31.35000228881836,31.677000045776367,0,JPY,CCY,2026-08-11T07:30:36+09:00
2026-07-13,暗号資産,ビットコイン,BTC-USD,yahoo,63757.171875,64340.8828125,61769.0,62239.12109375,37650044790,USD,CCC,2026-08-11T07:30:36+09:00
2026-07-13,為替,スイスフラン/円,CHFJPY=X,yahoo,200.01199340820312,200.65785217285156,199.73606872558594,199.98916625976562,0,JPY,CCY,2026-08-11T07:30:36+09:00
2026-07-13,為替,中国元/円,CNYJPY=X,yahoo,23.88849449157715,23.963008880615234,23.887609481811523,23.888717651367188,0,JPY,CCY,2026-08-10T22:49:08+09:00
2026-07-13,暗号資産,イーサリアム,ETH-USD,yahoo,1805.7579345703125,1842.455078125,1749.3475341796875,1773.500732421875,11436340419,USD,CCC,2026-08-11T07:30:36+09:00
2026-07-13,為替,ユーロ/円,EURJPY=X,yahoo,184.60400390625,185.4600067138672,184.5399932861328,184.61199951171875,0,JPY,CCY,2026-08-10T22:49:08+09:00
2026-07-13,海外指数,イタリア40,FTSEMIB.MI,yahoo,52456.0,52880.0,52430.0,52809.0,213529200,EUR,MIL,2026-08-10T22:49:08+09:00
2026-07-13,為替,英ポンド/円,GBPJPY=X,yahoo,216.6929931640625,217.2969970703125,216.66799926757812,216.69900512695312,0,JPY,CCY,2026-08-10T22:49:08+09:00
2026-07-13,商品,金,GC=F,yahoo,4081.0,4081.0,3985.89990234375,3997.0,679,USD,CMX,2026-08-10T22:49:08+09:00
2026-07-13,個別株,アルファベット,GOOGL,yahoo,356.19000244140625,358.1300048828125,351.75,352.510009765625,15901700,USD,NMS,2026-08-10T22:49:08+09:00
2026-07-13,個別株,ゴールドマン・サックス,GS,yahoo,1056.3399658203125,1057.8199462890625,1036.8399658203125,1045.9100341796875,1799500,USD,NYQ,2026-08-10T22:49:08+09:00
2026-07-13,為替,香港ドル/円,HKDJPY=X,yahoo,20.64900016784668,20.718639373779297,20.64900016784668,20.649080276489258,0,JPY,CCY,2026-08-11T07:30:36+09:00
2026-07-13,個別株,HSBC,HSBA.L,yahoo,1465.5999755859375,1471.199951171875,1452.5999755859375,1462.0,20856860,GBp,LSE,2026-08-10T22:49:08+09:00
2026-07-13,為替,インドルピー/円,INRJPY=X,yahoo,1.6950680017471313,1.6983120441436768,1.6895020008087158,1.695114016532898,0,JPY,CCY,2026-08-11T07:30:36+09:00
2026-07-13,個別株,インテル,INTC,yahoo,105.9800033569336,106.16999816894531,101.79000091552734,103.12000274658203,100988800,USD,NMS,2026-08-10T22:49:08+09:00
2026-07-13,個別株,JPモルガン,JPM,yahoo,338.3399963378906,338.3500061035156,332.5,334.5299987792969,7120300,USD,NYQ,2026-08-10T22:49:08+09:00
2026-07-13,為替,韓国ウォン/円,KRWJPY=X,yahoo,0.10737500339746475,0.10878100246191025,0.10735400021076202,0.10737799853086472,0,JPY,CCY,2026-08-11T07:30:36+09:00
2026-07-13,個別株,LVMH,MC.PA,yahoo,487.8500061035156,494.20001220703125,486.0,491.5,243416,EUR,PAR,2026-08-10T22:49:08+09:00
2026-07-13,個別株,マクドナルド,MCD,yahoo,276.0199890136719,276.0199890136719,271.3299865722656,272.6099853515625,4169600,USD,NYQ,2026-08-10T22:49:08+09:00
2026-07-13,個別株,メタ,META,yahoo,661.3800048828125,676.6199951171875,654.2000122070312,656.72998046875,19840700,USD,NMS,2026-08-10T22:49:08+09:00
2026-07-13,個別株,マイクロソフト,MSFT,yahoo,387.75,393.6499938964844,384.1499938964844,390.989990234375,28914900,USD,NMS,2026-08-10T22:49:08+09:00
2026-07-13,個別株,マイクロン,MU,yahoo,929.0,943.5,902.5999755859375,937.0,35536200,USD,NMS,2026-08-10T22:49:08+09:00
2026-07-13,為替,メキシコペソ/円,MXNJPY=X,yahoo,9.24437141418457,9.284048080444336,9.239542961120605,9.24612808227539,0,JPY,CCY,2026-08-11T07:30:36+09:00
2026-07-13,個別株,エヌビディア,NVDA,yahoo,208.5399932861328,210.57000732421875,203.0,203.52999877929688,121411000,USD,NMS,2026-08-10T22:49:08+09:00
2026-07-13,個別株,オラクル,ORCL,yahoo,139.02999877929688,139.64999389648438,131.35000610351562,131.5399932861328,56690300,USD,NYQ,2026-08-10T22:49:08+09:00
2026-07-13,個別株,パランティア,PLTR,yahoo,127.29499816894531,130.72000122070312,126.19499969482422,130.0399932861328,39786500,USD,NMS,2026-08-10T22:49:08+09:00
2026-07-13,個別株,クアルコム,QCOM,yahoo,185.05999755859375,188.16000366210938,181.80999755859375,183.97999572753906,13007300,USD,NMS,2026-08-10T22:49:08+09:00
2026-07-13,個別株,SAP,SAP.DE,yahoo,138.0,140.86000061035156,137.16000366210938,140.72000122070312,1762018,EUR,GER,2026-08-10T22:49:08+09:00
2026-07-13,個別株,サンディスク,SNDK,yahoo,1792.8599853515625,1800.0,1646.1700439453125,1673.969970703125,13900700,USD,NMS,2026-08-10T22:49:08+09:00
2026-07-13,為替,トルコリラ/円,TRYJPY=X,yahoo,3.4380838871002197,3.454332113265991,3.4380838871002197,3.4379870891571045,0,JPY,CCY,2026-08-11T07:30:36+09:00
2026-07-13,個別株,テスラ,TSLA,yahoo,404.6099853515625,405.57000732421875,391.3699951171875,394.760009765625,32809200,USD,NMS,2026-08-10T22:49:08+09:00
2026-07-13,為替,台湾ドル/円,TWDJPY=X,yahoo,5.0434889793396,5.062991142272949,5.039742946624756,5.043625831604004,0,JPY,CCY,2026-08-11T07:30:36+09:00
2026-07-13,為替,米ドル/円,USDJPY=X,yahoo,161.88600158691406,162.39300537109375,161.88600158691406,161.8780059814453,0,JPY,CCY,2026-08-10T22:49:08+09:00
2026-07-13,個別株,フォルクスワーゲン,VOW3.DE,yahoo,70.62000274658203,71.9800033569336,70.4000015258789,71.44000244140625,778344,EUR,GER,2026-08-10T22:49:08+09:00
2026-07-13,個別株,ウォルマート,WMT,yahoo,114.7300033569336,115.54000091552734,114.01000213623047,114.77999877929688,17043400,USD,NMS,2026-08-10T22:49:08+09:00
2026-07-13,暗号資産,リップル,XRP-USD,yahoo,1.0857579708099365,1.099331021308899,1.0554109811782837,1.0654799938201904,1229269893,USD,CCC,2026-08-11T07:30:36+09:00
2026-07-13,海外指数,イスタンブール100,XU100.IS,yahoo,14265.5,14265.5,14033.099609375,14092.0,8336800000,TRY,IST,2026-08-10T22:49:08+09:00
2026-07-13,為替,南アフリカランド/円,ZARJPY=X,yahoo,9.89229965209961,9.919899940490723,9.87969970703125,9.893799781799316,0,JPY,CCY,2026-08-11T07:30:36+09:00
2026-07-13,海外指数,インドSENSEX30,^BSESN,yahoo,76963.3515625,77789.2890625,76857.4296875,77616.3984375,17000,INR,BSE,2026-08-10T22:49:08+09:00
2026-07-13,海外指数,仏CAC40,^FCHI,yahoo,8306.6396484375,8375.3701171875,8306.6396484375,8364.650390625,40463600,EUR,PAR,2026-08-10T22:49:08+09:00
2026-07-13,海外指数,英国FTSE100,^FTSE,yahoo,10498.099609375,10532.099609375,10465.0,10498.2998046875,596311300,GBP,FGI,2026-08-10T22:49:08+09:00
2026-07-13,海外指数,ドイツDAX,^GDAXI,yahoo,24963.80078125,25154.580078125,24963.80078125,25114.25,39531800,EUR,GER,2026-08-10T22:49:08+09:00
2026-07-13,海外指数,S&P500,^GSPC,yahoo,7547.52978515625,7565.3701171875,7506.41015625,7515.33984375,4729990000,USD,SNP,2026-08-10T22:49:08+09:00
2026-07-13,海外指数,香港ハンセン,^HSI,yahoo,24157.650390625,24449.76953125,24095.73046875,24213.720703125,2991300000,HKD,HKG,2026-08-10T22:49:08+09:00
2026-07-13,海外指数,韓国総合株価指数,^KS11,yahoo,7412.02978515625,7529.06982421875,6783.43017578125,6806.93017578125,474100,KRW,KSC,2026-08-10T22:49:08+09:00
2026-07-13,海外指数,ラッセル2000,^RUT,yahoo,2974.489990234375,2974.489990234375,2947.239990234375,2953.169921875,4729990000,USD,WCB,2026-08-10T22:49:08+09:00
2026-07-13,海外指数,タイSET,^SET.BK,yahoo,1616.0,1630.6600341796875,1613.5999755859375,1627.9000244140625,5226400,THB,SET,2026-08-10T22:49:08+09:00
2026-07-13,海外指数,SOX,^SOX,yahoo,12563.6298828125,12646.7802734375,12289.0498046875,12347.7802734375,0,USD,NIM,2026-08-10T22:49:08+09:00
2026-07-13,セクター,S&P500 不動産,^SP500-60,yahoo,284.0,286.010009765625,283.05999755859375,284.2300109863281,77725500,USD,SNP,2026-08-10T22:49:08+09:00
2026-07-13,海外指数,ユーロ・ストックス50,^STOXX50E,yahoo,6243.52001953125,6282.9599609375,6242.2900390625,6271.02001953125,15254800,EUR,ZRH,2026-08-10T22:49:08+09:00
2026-07-13,海外指数,台湾加権,^TWII,yahoo,45500.3203125,46330.91015625,45272.8984375,45380.51953125,6161200,TWD,TAI,2026-08-10T22:49:08+09:00
2026-07-14,個別株,SKハイニクス,000660.KS,yahoo,1825000.0,1936000.0,1678000.0,1913000.0,10447011,KRW,KSC,2026-08-10T22:49:08+09:00
2026-07-14,個別株,NAURA,002371.SZ,yahoo,763.0,782.5,728.010009765625,774.2000122070312,16704392,CNY,SHZ,2026-08-10T22:49:08+09:00
2026-07-14,個別株,サムスン電子,005930.KS,yahoo,255000.0,270000.0,247000.0,263000.0,40086496,KRW,KSC,2026-08-10T22:49:08+09:00
2026-07-14,個別株,テンセント,0700.HK,yahoo,457.6000061035156,459.20001220703125,447.3999938964844,456.20001220703125,25540540,HKD,HKG,2026-08-10T22:49:08+09:00
2026-07-14,個別株,SMIC,0981.HK,yahoo,78.5999984741211,79.94999694824219,73.5999984741211,78.3499984741211,133218700,HKD,HKG,2026-08-10T22:49:08+09:00
2026-07-14,個別株,BYD,1211.HK,yahoo,83.0,86.80000305175781,82.19999694824219,86.1500015258789,23041874,HKD,HKG,2026-08-10T22:49:08+09:00
2026-07-14,個別株,シャオミ,1810.HK,yahoo,26.059999465942383,26.280000686645508,25.239999771118164,26.040000915527344,235763261,HKD,HKG,2026-08-10T22:49:08+09:00
2026-07-14,個別株,TSMC,2330.TW,yahoo,2410.0,2430.0,2390.0,2420.0,35607811,TWD,TAI,2026-08-10T22:49:08+09:00
2026-07-14,海外指数,深セン成分指数,399001.SZ,yahoo,14532.3603515625,14924.8701171875,14338.3603515625,14924.8701171875,2800300,CNY,SHZ,2026-08-10T22:49:08+09:00
2026-07-14,個別株,アリババ,9988.HK,yahoo,110.30000305175781,112.5999984741211,107.0,110.80000305175781,100890456,HKD,HKG,2026-08-10T22:49:08+09:00
2026-07-14,個別株,アップル,AAPL,yahoo,313.760009765625,316.19000244140625,311.9100036621094,314.8599853515625,36336800,USD,NMS,2026-08-10T22:49:08+09:00
2026-07-14,個別株,AMD,AMD,yahoo,567.219970703125,574.2000122070312,546.77001953125,548.1300048828125,21201400,USD,NMS,2026-08-10T22:49:08+09:00
2026-07-14,個別株,アマゾン,AMZN,yahoo,245.5500030517578,248.55999755859375,243.8000030517578,247.49000549316406,30108100,USD,NMS,2026-08-10T22:49:08+09:00
2026-07-14,ETF,アークETF,ARKK,yahoo,78.7699966430664,79.69499969482422,78.29000091552734,79.5199966430664,3133200,USD,BTS,2026-08-10T22:49:08+09:00
2026-07-14,個別株,アーム,ARM,yahoo,310.0350036621094,310.5,276.260009765625,281.1700134277344,8484300,USD,NMS,2026-08-10T22:49:08+09:00
2026-07-14,個別株,ASML,ASML.AS,yahoo,1532.199951171875,1569.0,1528.0,1555.800048828125,597936,EUR,AMS,2026-08-10T22:49:08+09:00
2026-07-14,為替,豪ドル/円,AUDJPY=X,yahoo,112.37899780273438,113.22100067138672,112.28500366210938,112.36299896240234,0,JPY,CCY,2026-08-10T22:49:08+09:00
2026-07-14,個別株,ブロードコム,AVGO,yahoo,395.7200012207031,397.3299865722656,384.6400146484375,389.1099853515625,20118700,USD,NMS,2026-08-10T22:49:08+09:00
2026-07-14,個別株,BASF,BAS.DE,yahoo,49.025001525878906,50.209999084472656,49.0,49.41999816894531,1939530,EUR,GER,2026-08-10T22:49:08+09:00
2026-07-14,個別株,BNPパリバ,BNP.PA,yahoo,100.0,102.69999694824219,99.62999725341797,102.31999969482422,1204889,EUR,PAR,2026-08-10T22:49:08+09:00
2026-07-14,個別株,バークシャー・ハサウェイ,BRK-B,yahoo,493.9599914550781,497.0799865722656,491.0,491.0899963378906,4110200,USD,NYQ,2026-08-10T22:49:08+09:00
2026-07-14,為替,ブラジルレアル/円,BRLJPY=X,yahoo,31.535999298095703,31.852813720703125,31.47423553466797,31.535999298095703,0,JPY,CCY,2026-08-11T07:30:36+09:00
2026-07-14,暗号資産,ビットコイン,BTC-USD,yahoo,62238.5859375,65046.1328125,62207.5234375,64956.11328125,29841287318,USD,CCC,2026-08-11T07:30:36+09:00
2026-07-14,為替,スイスフラン/円,CHFJPY=X,yahoo,199.36599731445312,200.78807067871094,199.23399353027344,199.33692932128906,0,JPY,CCY,2026-08-11T07:30:36+09:00
2026-07-14,為替,中国元/円,CNYJPY=X,yahoo,23.952219009399414,23.95937156677246,23.84766387939453,23.95479965209961,0,JPY,CCY,2026-08-10T22:49:08+09:00
2026-07-14,暗号資産,イーサリアム,ETH-USD,yahoo,1773.471435546875,1894.062255859375,1772.0177001953125,1889.4798583984375,13835437084,USD,CCC,2026-08-11T07:30:36+09:00
2026-07-14,為替,ユーロ/円,EURJPY=X,yahoo,184.88600158691406,185.47500610351562,184.8000030517578,184.875,0,JPY,CCY,2026-08-10T22:49:08+09:00
2026-07-14,海外指数,イタリア40,FTSEMIB.MI,yahoo,52468.0,53006.0,52319.0,52863.0,231653900,EUR,MIL,2026-08-10T22:49:08+09:00
2026-07-14,為替,英ポンド/円,GBPJPY=X,yahoo,216.82000732421875,217.281005859375,216.72999572753906,216.79800415039062,0,JPY,CCY,2026-08-10T22:49:08+09:00
2026-07-14,商品,金,GC=F,yahoo,3995.699951171875,4091.199951171875,3986.5,4061.10009765625,1281,USD,CMX,2026-08-10T22:49:08+09:00
2026-07-14,個別株,アルファベット,GOOGL,yahoo,351.20001220703125,360.1600036621094,351.0899963378906,359.510009765625,18259400,USD,NMS,2026-08-10T22:49:08+09:00
2026-07-14,個別株,ゴールドマン・サックス,GS,yahoo,1085.0,1143.8399658203125,1082.0,1140.0,3792600,USD,NYQ,2026-08-10T22:49:08+09:00
2026-07-14,為替,香港ドル/円,HKDJPY=X,yahoo,20.72300910949707,20.728580474853516,20.625019073486328,20.724149703979492,0,JPY,CCY,2026-08-11T07:30:36+09:00
2026-07-14,個別株,HSBC,HSBA.L,yahoo,1466.0,1499.0,1449.199951171875,1490.0,20547778,GBp,LSE,2026-08-10T22:49:08+09:00
2026-07-14,為替,インドルピー/円,INRJPY=X,yahoo,1.6986680030822754,1.698923945426941,1.6807010173797607,1.6985690593719482,0,JPY,CCY,2026-08-11T07:30:36+09:00
2026-07-14,個別株,インテル,INTC,yahoo,107.9800033569336,109.19000244140625,103.58999633789062,107.76000213623047,91129000,USD,NMS,2026-08-10T22:49:08+09:00
2026-07-14,個別株,JPモルガン,JPM,yahoo,327.0,344.7300109863281,325.75,342.8900146484375,14537900,USD,NYQ,2026-08-10T22:49:08+09:00
2026-07-14,為替,韓国ウォン/円,KRWJPY=X,yahoo,0.10845799744129181,0.10914800316095352,0.10833799839019775,0.10841099917888641,0,JPY,CCY,2026-08-11T07:30:36+09:00
2026-07-14,個別株,LVMH,MC.PA,yahoo,484.6499938964844,486.1000061035156,475.20001220703125,482.95001220703125,293665,EUR,PAR,2026-08-10T22:49:08+09:00
2026-07-14,個別株,マクドナルド,MCD,yahoo,272.0,273.80999755859375,268.32000732421875,268.94000244140625,3834500,USD,NYQ,2026-08-10T22:49:08+09:00
2026-07-14,個別株,メタ,META,yahoo,652.0,666.5,649.0499877929688,661.0399780273438,16748200,USD,NMS,2026-08-10T22:49:08+09:00
2026-07-14,個別株,マイクロソフト,MSFT,yahoo,382.82000732421875,388.19000244140625,378.6499938964844,384.92999267578125,27863900,USD,NMS,2026-08-10T22:49:08+09:00
2026-07-14,個別株,マイクロン,MU,yahoo,988.3800048828125,994.7999877929688,950.0700073242188,983.1199951171875,30835200,USD,NMS,2026-08-10T22:49:08+09:00
2026-07-14,為替,メキシコペソ/円,MXNJPY=X,yahoo,9.26973819732666,9.308406829833984,9.25111198425293,9.268717765808105,0,JPY,CCY,2026-08-11T07:30:36+09:00
2026-07-14,個別株,エヌビディア,NVDA,yahoo,208.1999969482422,212.5500030517578,203.8000030517578,211.8000030517578,124379600,USD,NMS,2026-08-10T22:49:08+09:00
2026-07-14,個別株,オラクル,ORCL,yahoo,132.0,132.75999450683594,127.5999984741211,127.94000244140625,52670400,USD,NYQ,2026-08-10T22:49:08+09:00
2026-07-14,個別株,パランティア,PLTR,yahoo,123.61000061035156,135.7899932861328,122.63999938964844,133.72000122070312,49963700,USD,NMS,2026-08-10T22:49:08+09:00
2026-07-14,個別株,クアルコム,QCOM,yahoo,189.3300018310547,189.99000549316406,177.4499969482422,178.10000610351562,13090400,USD,NMS,2026-08-10T22:49:08+09:00
2026-07-14,個別株,SAP,SAP.DE,yahoo,139.27999877929688,140.5399932861328,130.86000061035156,136.72000122070312,4777567,EUR,GER,2026-08-10T22:49:08+09:00
2026-07-14,個別株,サンディスク,SNDK,yahoo,1807.0,1812.5400390625,1711.469970703125,1757.8199462890625,9630900,USD,NMS,2026-08-10T22:49:08+09:00
2026-07-14,為替,トルコリラ/円,TRYJPY=X,yahoo,3.4513180255889893,3.4542040824890137,3.4362359046936035,3.451766014099121,0,JPY,CCY,2026-08-11T07:30:36+09:00
2026-07-14,個別株,テスラ,TSLA,yahoo,399.04998779296875,402.2200012207031,394.760009765625,396.17999267578125,23385000,USD,NMS,2026-08-10T22:49:08+09:00
2026-07-14,為替,台湾ドル/円,TWDJPY=X,yahoo,5.047873020172119,5.049671173095703,5.028223991394043,5.047299861907959,0,JPY,CCY,2026-08-11T07:30:36+09:00
2026-07-14,為替,米ドル/円,USDJPY=X,yahoo,162.41299438476562,162.46600341796875,161.69500732421875,162.4290008544922,0,JPY,CCY,2026-08-10T22:49:08+09:00
2026-07-14,個別株,フォルクスワーゲン,VOW3.DE,yahoo,70.69999694824219,72.0,70.62000274658203,71.87999725341797,748487,EUR,GER,2026-08-10T22:49:08+09:00
2026-07-14,個別株,ウォルマート,WMT,yahoo,115.08000183105469,115.87999725341797,113.5,113.69999694824219,14682000,USD,NMS,2026-08-10T22:49:08+09:00
2026-07-14,暗号資産,リップル,XRP-USD,yahoo,1.0654710531234741,1.1178619861602783,1.060845971107483,1.1111199855804443,1319885685,USD,CCC,2026-08-11T07:30:36+09:00
2026-07-14,海外指数,イスタンブール100,XU100.IS,yahoo,13988.400390625,14115.599609375,13942.0,14080.0,7636300000,TRY,IST,2026-08-10T22:49:08+09:00
2026-07-14,為替,南アフリカランド/円,ZARJPY=X,yahoo,9.85890007019043,9.921500205993652,9.833999633789062,9.859299659729004,0,JPY,CCY,2026-08-11T07:30:36+09:00
2026-07-14,海外指数,インドSENSEX30,^BSESN,yahoo,77272.34375,77402.7890625,77001.4765625,77054.9375,15700,INR,BSE,2026-08-10T22:49:08+09:00
2026-07-14,海外指数,仏CAC40,^FCHI,yahoo,8288.5,8375.7900390625,8274.8896484375,8366.849609375,45296900,EUR,PAR,2026-08-10T22:49:08+09:00
2026-07-14,海外指数,英国FTSE100,^FTSE,yahoo,10498.7001953125,10552.599609375,10423.0,10529.400390625,726921500,GBP,FGI,2026-08-10T22:49:08+09:00
2026-07-14,海外指数,ドイツDAX,^GDAXI,yahoo,24932.619140625,25204.6796875,24869.25,25147.029296875,50222100,EUR,GER,2026-08-10T22:49:08+09:00
2026-07-14,海外指数,S&P500,^GSPC,yahoo,7536.7001953125,7557.43994140625,7513.22998046875,7543.58984375,4836950000,USD,SNP,2026-08-10T22:49:08+09:00
2026-07-14,海外指数,香港ハンセン,^HSI,yahoo,24181.51953125,24436.580078125,23902.05078125,24340.73046875,3571400000,HKD,HKG,2026-08-10T22:49:08+09:00
2026-07-14,海外指数,韓国総合株価指数,^KS11,yahoo,6769.06005859375,6979.919921875,6448.85986328125,6856.830078125,491600,KRW,KSC,2026-08-10T22:49:08+09:00
2026-07-14,海外指数,ラッセル2000,^RUT,yahoo,2967.68994140625,2977.3798828125,2957.889892578125,2964.760009765625,4836950000,USD,WCB,2026-08-10T22:49:08+09:00
2026-07-14,海外指数,タイSET,^SET.BK,yahoo,1609.510009765625,1629.6800537109375,1606.27001953125,1626.030029296875,5652500,THB,SET,2026-08-10T22:49:08+09:00
2026-07-14,海外指数,SOX,^SOX,yahoo,12837.3798828125,12846.2900390625,12489.5400390625,12661.9296875,0,USD,NIM,2026-08-10T22:49:08+09:00
2026-07-14,セクター,S&P500 不動産,^SP500-60,yahoo,284.1300048828125,284.9100036621094,282.3399963378906,283.04998779296875,90687000,USD,SNP,2026-08-10T22:49:08+09:00
2026-07-14,海外指数,ユーロ・ストックス50,^STOXX50E,yahoo,6248.3701171875,6288.68994140625,6211.9599609375,6280.18994140625,16805400,EUR,ZRH,2026-08-10T22:49:08+09:00
2026-07-14,海外指数,台湾加権,^TWII,yahoo,45364.3984375,45364.3984375,43654.0390625,44737.94921875,6654600,TWD,TAI,2026-08-10T22:49:08+09:00
2026-07-15,個別株,SKハイニクス,000660.KS,yahoo,2120000.0,2171000.0,2070000.0,2082000.0,6046951,KRW,KSC,2026-08-10T22:49:08+09:00
2026-07-15,個別株,NAURA,002371.SZ,yahoo,789.0,793.0,736.5,742.6599731445312,12265898,CNY,SHZ,2026-08-10T22:49:08+09:00
2026-07-15,個別株,サムスン電子,005930.KS,yahoo,283500.0,284500.0,273000.0,279500.0,24873414,KRW,KSC,2026-08-10T22:49:08+09:00
2026-07-15,個別株,テンセント,0700.HK,yahoo,467.6000061035156,476.3999938964844,455.3999938964844,474.0,33780856,HKD,HKG,2026-08-10T22:49:08+09:00
2026-07-15,個別株,SMIC,0981.HK,yahoo,80.30000305175781,80.8499984741211,75.3499984741211,76.30000305175781,83362955,HKD,HKG,2026-08-10T22:49:08+09:00
2026-07-15,個別株,BYD,1211.HK,yahoo,84.5999984741211,88.9000015258789,84.5999984741211,86.94999694824219,18753937,HKD,HKG,2026-08-10T22:49:08+09:00
2026-07-15,個別株,シャオミ,1810.HK,yahoo,26.040000915527344,26.200000762939453,25.280000686645508,25.860000610351562,151795185,HKD,HKG,2026-08-10T22:49:08+09:00
2026-07-15,個別株,TSMC,2330.TW,yahoo,2425.0,2460.0,2415.0,2440.0,28532735,TWD,TAI,2026-08-10T22:49:08+09:00
2026-07-15,海外指数,深セン成分指数,399001.SZ,yahoo,14970.76953125,15041.330078125,14741.7998046875,14779.400390625,2750500,CNY,SHZ,2026-08-10T22:49:08+09:00
2026-07-15,個別株,アリババ,9988.HK,yahoo,111.5999984741211,114.80000305175781,109.0999984741211,113.4000015258789,112769038,HKD,HKG,2026-08-10T22:49:08+09:00
2026-07-15,個別株,アップル,AAPL,yahoo,317.6199951171875,328.7300109863281,317.32000732421875,327.5,60957600,USD,NMS,2026-08-10T22:49:08+09:00
2026-07-15,個別株,AMD,AMD,yahoo,556.02001953125,558.8900146484375,509.57000732421875,529.1400146484375,27826200,USD,NMS,2026-08-10T22:49:08+09:00
2026-07-15,個別株,アマゾン,AMZN,yahoo,249.75,256.4800109863281,249.75,254.9600067138672,45240600,USD,NMS,2026-08-10T22:49:08+09:00
2026-07-15,ETF,アークETF,ARKK,yahoo,80.11000061035156,80.69999694824219,78.5,79.5999984741211,3888100,USD,BTS,2026-08-10T22:49:08+09:00
2026-07-15,個別株,アーム,ARM,yahoo,281.0899963378906,288.5,265.20001220703125,277.010009765625,5708900,USD,NMS,2026-08-10T22:49:08+09:00
2026-07-15,個別株,ASML,ASML.AS,yahoo,1660.0,1678.199951171875,1536.199951171875,1549.4000244140625,1016640,EUR,AMS,2026-08-10T22:49:08+09:00
2026-07-15,為替,豪ドル/円,AUDJPY=X,yahoo,113.12999725341797,113.50800323486328,113.1240005493164,113.14299774169922,0,JPY,CCY,2026-08-10T22:49:08+09:00
2026-07-15,個別株,ブロードコム,AVGO,yahoo,396.0899963378906,399.0,386.739990234375,394.2799987792969,16324100,USD,NMS,2026-08-10T22:49:08+09:00
2026-07-15,個別株,BASF,BAS.DE,yahoo,48.779998779296875,49.665000915527344,47.040000915527344,47.939998626708984,3986019,EUR,GER,2026-08-10T22:49:08+09:00
2026-07-15,個別株,BNPパリバ,BNP.PA,yahoo,101.76000213623047,103.12000274658203,100.9800033569336,102.63999938964844,1469428,EUR,PAR,2026-08-10T22:49:08+09:00
2026-07-15,個別株,バークシャー・ハサウェイ,BRK-B,yahoo,490.1000061035156,492.75,487.57000732421875,488.3500061035156,5134500,USD,NYQ,2026-08-10T22:49:08+09:00
2026-07-15,為替,ブラジルレアル/円,BRLJPY=X,yahoo,31.861000061035156,32.00899887084961,31.795499801635742,31.861000061035156,0,JPY,CCY,2026-08-11T07:30:36+09:00
2026-07-15,暗号資産,ビットコイン,BTC-USD,yahoo,64959.80859375,65507.59375,64442.8203125,64712.375,27029791676,USD,CCC,2026-08-11T07:30:36+09:00
2026-07-15,為替,スイスフラン/円,CHFJPY=X,yahoo,200.46136474609375,201.0150146484375,200.08802795410156,200.45272827148438,0,JPY,CCY,2026-08-11T07:30:36+09:00
2026-07-15,為替,中国元/円,CNYJPY=X,yahoo,23.952669143676758,23.9856014251709,23.919885635375977,23.952299118041992,0,JPY,CCY,2026-08-10T22:49:08+09:00
2026-07-15,暗号資産,イーサリアム,ETH-USD,yahoo,1889.5008544921875,1944.1607666015625,1863.635498046875,1916.9437255859375,12684088080,USD,CCC,2026-08-11T07:30:36+09:00
2026-07-15,為替,ユーロ/円,EURJPY=X,yahoo,185.30599975585938,185.6009979248047,185.2030029296875,185.2899932861328,0,JPY,CCY,2026-08-10T22:49:08+09:00
2026-07-15,海外指数,イタリア40,FTSEMIB.MI,yahoo,52743.0,52758.0,52384.0,52411.0,232429700,EUR,MIL,2026-08-10T22:49:08+09:00
2026-07-15,為替,英ポンド/円,GBPJPY=X,yahoo,217.2429962158203,218.81199645996094,217.11000061035156,217.27699279785156,0,JPY,CCY,2026-08-10T22:49:08+09:00
2026-07-15,商品,金,GC=F,yahoo,4049.10009765625,4070.10009765625,4019.39990234375,4044.0,374,USD,CMX,2026-08-10T22:49:08+09:00
2026-07-15,個別株,アルファベット,GOOGL,yahoo,357.9700012207031,373.6499938964844,357.760009765625,370.9200134277344,28284600,USD,NMS,2026-08-10T22:49:08+09:00
2026-07-15,個別株,ゴールドマン・サックス,GS,yahoo,1148.4200439453125,1153.989990234375,1117.4000244140625,1152.0699462890625,2736800,USD,NYQ,2026-08-10T22:49:08+09:00
2026-07-15,為替,香港ドル/円,HKDJPY=X,yahoo,20.6937198638916,20.71816062927246,20.665000915527344,20.691999435424805,0,JPY,CCY,2026-08-11T07:30:36+09:00
2026-07-15,個別株,HSBC,HSBA.L,yahoo,1487.199951171875,1489.0,1474.4000244140625,1479.800048828125,20573215,GBp,LSE,2026-08-10T22:49:08+09:00
2026-07-15,為替,インドルピー/円,INRJPY=X,yahoo,1.685763955116272,1.6880789995193481,1.6835969686508179,1.6858930587768555,0,JPY,CCY,2026-08-11T07:30:36+09:00
2026-07-15,個別株,インテル,INTC,yahoo,109.30000305175781,109.61000061035156,99.19999694824219,102.98999786376953,120625500,USD,NMS,2026-08-10T22:49:08+09:00
2026-07-15,個別株,JPモルガン,JPM,yahoo,345.8500061035156,351.239990234375,344.04998779296875,346.9100036621094,10750000,USD,NYQ,2026-08-10T22:49:08+09:00
2026-07-15,為替,韓国ウォン/円,KRWJPY=X,yahoo,0.10891799628734589,0.10919100046157837,0.10860200226306915,0.10896100103855133,0,JPY,CCY,2026-08-11T07:30:36+09:00
2026-07-15,個別株,LVMH,MC.PA,yahoo,497.6499938964844,500.8999938964844,481.1499938964844,495.79998779296875,562190,EUR,PAR,2026-08-10T22:49:08+09:00
2026-07-15,個別株,マクドナルド,MCD,yahoo,268.0,270.2799987792969,264.0899963378906,264.95001220703125,6050900,USD,NYQ,2026-08-10T22:49:08+09:00
2026-07-15,個別株,メタ,META,yahoo,663.5999755859375,686.0800170898438,656.6599731445312,681.3099975585938,19003400,USD,NMS,2026-08-10T22:49:08+09:00
2026-07-15,個別株,マイクロソフト,MSFT,yahoo,387.79998779296875,398.9599914550781,386.3999938964844,395.6300048828125,36253700,USD,NMS,2026-08-10T22:49:08+09:00
2026-07-15,個別株,マイクロン,MU,yahoo,975.8099975585938,978.4000244140625,873.6300048828125,904.280029296875,54779200,USD,NMS,2026-08-10T22:49:08+09:00
2026-07-15,為替,メキシコペソ/円,MXNJPY=X,yahoo,9.307943344116211,9.327543258666992,9.297496795654297,9.308601379394531,0,JPY,CCY,2026-08-11T07:30:36+09:00
2026-07-15,個別株,エヌビディア,NVDA,yahoo,211.9600067138672,213.80999755859375,206.0399932861328,212.5,124797200,USD,NMS,2026-08-10T22:49:08+09:00
2026-07-15,個別株,オラクル,ORCL,yahoo,130.55999755859375,133.89999389648438,128.83999633789062,132.49000549316406,48520400,USD,NYQ,2026-08-10T22:49:08+09:00
2026-07-15,個別株,パランティア,PLTR,yahoo,134.33999633789062,136.8800048828125,132.8800048828125,133.75999450683594,26064500,USD,NMS,2026-08-10T22:49:08+09:00
2026-07-15,個別株,クアルコム,QCOM,yahoo,180.0,180.7100067138672,174.75999450683594,177.97999572753906,9440900,USD,NMS,2026-08-10T22:49:08+09:00
2026-07-15,個別株,SAP,SAP.DE,yahoo,134.4199981689453,139.44000244140625,133.52000427246094,136.97999572753906,2631224,EUR,GER,2026-08-10T22:49:08+09:00
2026-07-15,個別株,サンディスク,SNDK,yahoo,1717.2900390625,1729.5,1478.5,1615.0,19082600,USD,NMS,2026-08-10T22:49:08+09:00
2026-07-15,為替,トルコリラ/円,TRYJPY=X,yahoo,3.445625066757202,3.452955961227417,3.44087290763855,3.4452719688415527,0,JPY,CCY,2026-08-11T07:30:36+09:00
2026-07-15,個別株,テスラ,TSLA,yahoo,399.3999938964844,406.5899963378906,390.6600036621094,394.4599914550781,31549800,USD,NMS,2026-08-10T22:49:08+09:00
2026-07-15,為替,台湾ドル/円,TWDJPY=X,yahoo,5.044948101043701,5.046255111694336,5.035027027130127,5.0450568199157715,0,JPY,CCY,2026-08-11T07:30:36+09:00
2026-07-15,為替,米ドル/円,USDJPY=X,yahoo,162.18699645996094,162.4149932861328,161.9669952392578,162.18699645996094,0,JPY,CCY,2026-08-10T22:49:08+09:00
2026-07-15,個別株,フォルクスワーゲン,VOW3.DE,yahoo,71.41999816894531,74.4000015258789,70.83999633789062,74.4000015258789,1075209,EUR,GER,2026-08-10T22:49:08+09:00
2026-07-15,個別株,ウォルマート,WMT,yahoo,113.25,114.7300033569336,112.06999969482422,112.52999877929688,16467900,USD,NMS,2026-08-10T22:49:08+09:00
2026-07-15,暗号資産,リップル,XRP-USD,yahoo,1.1111199855804443,1.1274549961090088,1.0988869667053223,1.112766981124878,1214670295,USD,CCC,2026-08-11T07:30:36+09:00
2026-07-15,為替,南アフリカランド/円,ZARJPY=X,yahoo,9.907400131225586,9.937600135803223,9.890199661254883,9.90999984741211,0,JPY,CCY,2026-08-11T07:30:36+09:00
2026-07-15,海外指数,インドSENSEX30,^BSESN,yahoo,77192.7578125,77646.2734375,76982.8203125,77185.4296875,11400,INR,BSE,2026-08-10T22:49:08+09:00
2026-07-15,海外指数,仏CAC40,^FCHI,yahoo,8367.0498046875,8398.4296875,8320.1298828125,8382.4296875,51107300,EUR,PAR,2026-08-10T22:49:08+09:00
2026-07-15,海外指数,英国FTSE100,^FTSE,yahoo,10529.099609375,10546.2001953125,10443.599609375,10515.900390625,935873100,GBP,FGI,2026-08-10T22:49:08+09:00
2026-07-15,海外指数,ドイツDAX,^GDAXI,yahoo,24970.05078125,25055.48046875,24839.23046875,24999.529296875,49359900,EUR,GER,2026-08-10T22:49:08+09:00
2026-07-15,海外指数,S&P500,^GSPC,yahoo,7571.72021484375,7581.5,7526.9501953125,7572.39990234375,5236550000,USD,SNP,2026-08-10T22:49:08+09:00
2026-07-15,海外指数,香港ハンセン,^HSI,yahoo,24551.33984375,24774.83984375,24449.529296875,24681.099609375,3246900000,HKD,HKG,2026-08-10T22:49:08+09:00
2026-07-15,海外指数,韓国総合株価指数,^KS11,yahoo,7082.91015625,7424.18017578125,7082.91015625,7284.41015625,397900,KRW,KSC,2026-08-10T22:49:08+09:00
2026-07-15,海外指数,ラッセル2000,^RUT,yahoo,2970.31005859375,2987.68994140625,2961.419921875,2976.260009765625,5236550000,USD,WCB,2026-08-10T22:49:08+09:00
2026-07-15,海外指数,タイSET,^SET.BK,yahoo,1638.97998046875,1642.1400146484375,1627.18994140625,1630.2099609375,5589900,THB,SET,2026-08-10T22:49:08+09:00
2026-07-15,海外指数,SOX,^SOX,yahoo,12774.4296875,12785.400390625,12022.9404296875,12398.8896484375,0,USD,NIM,2026-08-10T22:49:08+09:00
2026-07-15,セクター,S&P500 不動産,^SP500-60,yahoo,284.1700134277344,286.3699951171875,282.1700134277344,283.29998779296875,91354000,USD,SNP,2026-08-10T22:49:08+09:00
2026-07-15,海外指数,ユーロ・ストックス50,^STOXX50E,yahoo,6270.77001953125,6296.0400390625,6255.60009765625,6265.580078125,16829500,EUR,ZRH,2026-08-10T22:49:08+09:00
2026-07-15,海外指数,台湾加権,^TWII,yahoo,44850.69140625,45881.91015625,44850.69140625,45631.58984375,5330100,TWD,TAI,2026-08-10T22:49:08+09:00
2026-07-16,個別株,SKハイニクス,000660.KS,yahoo,1902000.0,1919000.0,1821000.0,1842000.0,5608812,KRW,KSC,2026-08-10T22:49:08+09:00
2026-07-16,個別株,NAURA,002371.SZ,yahoo,732.9600219726562,745.6500244140625,693.7000122070312,702.760009765625,13509339,CNY,SHZ,2026-08-10T22:49:08+09:00
2026-07-16,個別株,サムスン電子,005930.KS,yahoo,264500.0,265500.0,252500.0,255000.0,27001478,KRW,KSC,2026-08-10T22:49:08+09:00
2026-07-16,個別株,テンセント,0700.HK,yahoo,478.0,494.79998779296875,477.3999938964844,484.0,42851475,HKD,HKG,2026-08-10T22:49:08+09:00
2026-07-16,個別株,SMIC,0981.HK,yahoo,74.44999694824219,79.30000305175781,73.5,75.19999694824219,102067653,HKD,HKG,2026-08-10T22:49:08+09:00
2026-07-16,個別株,BYD,1211.HK,yahoo,86.55000305175781,91.6500015258789,86.44999694824219,90.94999694824219,34549021,HKD,HKG,2026-08-10T22:49:08+09:00
2026-07-16,個別株,シャオミ,1810.HK,yahoo,26.1200008392334,27.860000610351562,26.100000381469727,27.5,319311311,HKD,HKG,2026-08-10T22:49:08+09:00
2026-07-16,個別株,TSMC,2330.TW,yahoo,2430.0,2470.0,2420.0,2470.0,27848158,TWD,TAI,2026-08-10T22:49:08+09:00
2026-07-16,海外指数,深セン成分指数,399001.SZ,yahoo,14497.4296875,14780.4599609375,14386.41015625,14488.650390625,2583700,CNY,SHZ,2026-08-10T22:49:08+09:00
2026-07-16,個別株,アリババ,9988.HK,yahoo,116.19999694824219,119.80000305175781,116.0,116.9000015258789,153608858,HKD,HKG,2026-08-10T22:49:08+09:00
2026-07-16,個別株,アップル,AAPL,yahoo,328.010009765625,334.67999267578125,326.7900085449219,333.260009765625,62970600,USD,NMS,2026-08-10T22:49:08+09:00
2026-07-16,個別株,AMD,AMD,yahoo,509.3299865722656,518.739990234375,491.79998779296875,500.94000244140625,27093700,USD,NMS,2026-08-10T22:49:08+09:00
2026-07-16,個別株,アマゾン,AMZN,yahoo,255.1199951171875,258.0799865722656,248.0,249.88999938964844,45343700,USD,NMS,2026-08-10T22:49:08+09:00
2026-07-16,ETF,アークETF,ARKK,yahoo,78.81999969482422,78.94000244140625,76.19499969482422,76.66999816894531,6139100,USD,BTS,2026-08-10T22:49:08+09:00
2026-07-16,個別株,アーム,ARM,yahoo,268.5400085449219,268.6600036621094,252.61000061035156,262.010009765625,9788000,USD,NMS,2026-08-10T22:49:08+09:00
2026-07-16,個別株,ASML,ASML.AS,yahoo,1588.0,1620.0,1543.5999755859375,1598.4000244140625,750765,EUR,AMS,2026-08-10T22:49:08+09:00
2026-07-16,為替,豪ドル/円,AUDJPY=X,yahoo,113.59500122070312,113.86000061035156,113.27899932861328,113.5459976196289,0,JPY,CCY,2026-08-10T22:49:08+09:00
2026-07-16,個別株,ブロードコム,AVGO,yahoo,384.5400085449219,386.739990234375,371.8999938964844,374.45001220703125,23407200,USD,NMS,2026-08-10T22:49:08+09:00
2026-07-16,個別株,BASF,BAS.DE,yahoo,48.0,48.599998474121094,47.845001220703125,48.415000915527344,1407791,EUR,GER,2026-08-10T22:49:08+09:00
2026-07-16,個別株,BNPパリバ,BNP.PA,yahoo,103.19999694824219,103.5199966430664,101.87999725341797,102.94000244140625,1456779,EUR,PAR,2026-08-10T22:49:08+09:00
2026-07-16,個別株,バークシャー・ハサウェイ,BRK-B,yahoo,489.92999267578125,493.1499938964844,486.1700134277344,493.1199951171875,4195000,USD,NYQ,2026-08-10T22:49:08+09:00
2026-07-16,為替,ブラジルレアル/円,BRLJPY=X,yahoo,31.820999145507812,31.940000534057617,31.599882125854492,31.819000244140625,0,JPY,CCY,2026-08-11T07:30:36+09:00
2026-07-16,暗号資産,ビットコイン,BTC-USD,yahoo,64713.296875,64931.85546875,63701.8046875,63789.28125,27232426674,USD,CCC,2026-08-11T07:30:36+09:00
2026-07-16,為替,スイスフラン/円,CHFJPY=X,yahoo,201.36846923828125,201.4530029296875,200.79867553710938,201.3942413330078,0,JPY,CCY,2026-08-11T07:30:36+09:00
2026-07-16,為替,中国元/円,CNYJPY=X,yahoo,23.94481086730957,24.001758575439453,23.931293487548828,23.941116333007812,0,JPY,CCY,2026-08-10T22:49:08+09:00
2026-07-16,暗号資産,イーサリアム,ETH-USD,yahoo,1916.9781494140625,1927.0859375,1856.775634765625,1863.193359375,11412820341,USD,CCC,2026-08-11T07:30:36+09:00
2026-07-16,為替,ユーロ/円,EURJPY=X,yahoo,185.90899658203125,186.0070037841797,185.74000549316406,185.88099670410156,0,JPY,CCY,2026-08-10T22:49:08+09:00
2026-07-16,海外指数,イタリア40,FTSEMIB.MI,yahoo,52458.0,52481.0,51886.0,52374.0,226526000,EUR,MIL,2026-08-10T22:49:08+09:00
2026-07-16,為替,英ポンド/円,GBPJPY=X,yahoo,219.42300415039062,219.51600646972656,218.8470001220703,219.38699340820312,0,JPY,CCY,2026-08-10T22:49:08+09:00
2026-07-16,商品,金,GC=F,yahoo,4030.5,4030.5,3972.60009765625,3985.60009765625,812,USD,CMX,2026-08-10T22:49:08+09:00
2026-07-16,個別株,アルファベット,GOOGL,yahoo,373.05999755859375,375.2699890136719,352.29998779296875,354.4599914550781,41158500,USD,NMS,2026-08-10T22:49:08+09:00
2026-07-16,個別株,ゴールドマン・サックス,GS,yahoo,1147.6500244140625,1152.449951171875,1089.010009765625,1095.4599609375,2529400,USD,NYQ,2026-08-10T22:49:08+09:00
2026-07-16,為替,香港ドル/円,HKDJPY=X,yahoo,20.676740646362305,20.724079132080078,20.663549423217773,20.674999237060547,0,JPY,CCY,2026-08-11T07:30:36+09:00
2026-07-16,個別株,HSBC,HSBA.L,yahoo,1487.0,1493.800048828125,1471.5999755859375,1493.800048828125,23066547,GBp,LSE,2026-08-10T22:49:08+09:00
2026-07-16,為替,インドルピー/円,INRJPY=X,yahoo,1.6837300062179565,1.6863679885864258,1.6829860210418701,1.6835579872131348,0,JPY,CCY,2026-08-11T07:30:36+09:00
2026-07-16,個別株,インテル,INTC,yahoo,101.13999938964844,101.87999725341797,95.4800033569336,96.9800033569336,107742900,USD,NMS,2026-08-10T22:49:08+09:00
2026-07-16,個別株,JPモルガン,JPM,yahoo,349.2799987792969,349.3399963378906,341.1099853515625,343.1499938964844,12432400,USD,NYQ,2026-08-10T22:49:08+09:00
2026-07-16,為替,韓国ウォン/円,KRWJPY=X,yahoo,0.10871800035238266,0.10987100005149841,0.10865899920463562,0.1087070032954216,0,JPY,CCY,2026-08-11T07:30:36+09:00
2026-07-16,個別株,LVMH,MC.PA,yahoo,491.0,503.1000061035156,491.0,503.1000061035156,404055,EUR,PAR,2026-08-10T22:49:08+09:00
2026-07-16,個別株,マクドナルド,MCD,yahoo,266.75,273.5899963378906,265.989990234375,273.4599914550781,4812000,USD,NYQ,2026-08-10T22:49:08+09:00
2026-07-16,個別株,メタ,META,yahoo,677.280029296875,681.9000244140625,660.1599731445312,664.5399780273438,15816000,USD,NMS,2026-08-10T22:49:08+09:00
2026-07-16,個別株,マイクロソフト,MSFT,yahoo,398.30999755859375,405.989990234375,392.04998779296875,401.1000061035156,37047400,USD,NMS,2026-08-10T22:49:08+09:00
2026-07-16,個別株,マイクロン,MU,yahoo,866.77001953125,887.7100219726562,840.510009765625,853.2000122070312,46718000,USD,NMS,2026-08-10T22:49:08+09:00
2026-07-16,為替,メキシコペソ/円,MXNJPY=X,yahoo,9.316217422485352,9.325827598571777,9.293871879577637,9.314655303955078,0,JPY,CCY,2026-08-11T07:30:36+09:00
2026-07-16,個別株,エヌビディア,NVDA,yahoo,210.1699981689453,211.0800018310547,205.85000610351562,207.39999389648438,122986100,USD,NMS,2026-08-10T22:49:08+09:00
2026-07-16,個別株,オラクル,ORCL,yahoo,131.47999572753906,131.77999877929688,123.66000366210938,124.20999908447266,54780900,USD,NYQ,2026-08-10T22:49:08+09:00
2026-07-16,個別株,パランティア,PLTR,yahoo,133.0800018310547,136.2100067138672,128.67999267578125,134.44000244140625,28951300,USD,NMS,2026-08-10T22:49:08+09:00
2026-07-16,個別株,クアルコム,QCOM,yahoo,173.0800018310547,173.9600067138672,168.99000549316406,170.61000061035156,15951600,USD,NMS,2026-08-10T22:49:08+09:00
2026-07-16,個別株,SAP,SAP.DE,yahoo,137.1999969482422,138.24000549316406,135.13999938964844,137.63999938964844,1823630,EUR,GER,2026-08-10T22:49:08+09:00
2026-07-16,個別株,サンディスク,SNDK,yahoo,1527.489990234375,1551.6290283203125,1390.0400390625,1411.0799560546875,17449900,USD,NMS,2026-08-10T22:49:08+09:00
2026-07-16,為替,トルコリラ/円,TRYJPY=X,yahoo,3.4363629817962646,3.4519150257110596,3.4350879192352295,3.4361279010772705,0,JPY,CCY,2026-08-11T07:30:36+09:00
2026-07-16,個別株,テスラ,TSLA,yahoo,392.3500061035156,395.30999755859375,385.32000732421875,391.05999755859375,29269100,USD,NMS,2026-08-10T22:49:08+09:00
2026-07-16,為替,台湾ドル/円,TWDJPY=X,yahoo,5.028507232666016,5.046288013458252,5.028507232666016,5.028570175170898,0,JPY,CCY,2026-08-11T07:30:36+09:00
2026-07-16,為替,米ドル/円,USDJPY=X,yahoo,162.08399963378906,162.468994140625,161.97999572753906,162.07200622558594,0,JPY,CCY,2026-08-10T22:49:08+09:00
2026-07-16,個別株,フォルクスワーゲン,VOW3.DE,yahoo,74.08000183105469,74.62000274658203,73.18000030517578,73.45999908447266,660968,EUR,GER,2026-08-10T22:49:08+09:00
2026-07-16,個別株,ウォルマート,WMT,yahoo,113.76000213623047,115.58999633789062,113.55999755859375,114.94999694824219,20777600,USD,NMS,2026-08-10T22:49:08+09:00
2026-07-16,暗号資産,リップル,XRP-USD,yahoo,1.1127729415893555,1.1165779829025269,1.0856070518493652,1.0862890481948853,1083522974,USD,CCC,2026-08-11T07:30:36+09:00
2026-07-16,海外指数,イスタンブール100,XU100.IS,yahoo,14029.2001953125,14254.599609375,14029.2001953125,14251.2998046875,7269800000,TRY,IST,2026-08-10T22:49:08+09:00
2026-07-16,為替,南アフリカランド/円,ZARJPY=X,yahoo,9.930399894714355,9.932600021362305,9.870599746704102,9.92609977722168,0,JPY,CCY,2026-08-11T07:30:36+09:00
2026-07-16,海外指数,インドSENSEX30,^BSESN,yahoo,77388.421875,77579.6875,77086.421875,77186.8671875,25600,INR,BSE,2026-08-10T22:49:08+09:00
2026-07-16,海外指数,仏CAC40,^FCHI,yahoo,8380.83984375,8380.83984375,8281.26953125,8377.8603515625,52093300,EUR,PAR,2026-08-10T22:49:08+09:00
2026-07-16,海外指数,英国FTSE100,^FTSE,yahoo,10515.0,10572.2001953125,10447.599609375,10572.2001953125,778679400,GBP,FGI,2026-08-10T22:49:08+09:00
2026-07-16,海外指数,ドイツDAX,^GDAXI,yahoo,25018.94921875,25021.509765625,24696.169921875,24915.490234375,44374100,EUR,GER,2026-08-10T22:49:08+09:00
2026-07-16,海外指数,S&P500,^GSPC,yahoo,7558.7998046875,7570.740234375,7504.02001953125,7533.77001953125,5365300000,USD,SNP,2026-08-10T22:49:08+09:00
2026-07-16,海外指数,香港ハンセン,^HSI,yahoo,24825.01953125,25221.439453125,24825.01953125,25008.599609375,3436100000,HKD,HKG,2026-08-10T22:49:08+09:00
2026-07-16,海外指数,韓国総合株価指数,^KS11,yahoo,6960.5,6995.93017578125,6730.8701171875,6820.60009765625,424300,KRW,KSC,2026-08-10T22:49:08+09:00
2026-07-16,海外指数,ラッセル2000,^RUT,yahoo,2970.27001953125,2996.280029296875,2963.510009765625,2974.570068359375,5365300000,USD,WCB,2026-08-10T22:49:08+09:00
2026-07-16,海外指数,タイSET,^SET.BK,yahoo,1631.260009765625,1639.6500244140625,1629.3399658203125,1635.2900390625,5280500,THB,SET,2026-08-10T22:49:08+09:00
2026-07-16,海外指数,SOX,^SOX,yahoo,12114.9697265625,12191.41015625,11768.9599609375,11867.5,0,USD,NIM,2026-08-10T22:49:08+09:00
2026-07-16,セクター,S&P500 不動産,^SP500-60,yahoo,284.239990234375,289.4100036621094,284.1000061035156,289.239990234375,88813500,USD,SNP,2026-08-10T22:49:08+09:00
2026-07-16,海外指数,ユーロ・ストックス50,^STOXX50E,yahoo,6273.10009765625,6283.60986328125,6208.259765625,6283.60986328125,17932200,EUR,ZRH,2026-08-10T22:49:08+09:00
2026-07-16,海外指数,台湾加権,^TWII,yahoo,45511.98046875,45855.01953125,44970.640625,45624.98046875,5267400,TWD,TAI,2026-08-10T22:49:08+09:00
2026-07-17,個別株,NAURA,002371.SZ,yahoo,693.2999877929688,707.780029296875,660.010009765625,677.0,16618562,CNY,SHZ,2026-08-10T22:49:08+09:00
2026-07-17,個別株,テンセント,0700.HK,yahoo,488.79998779296875,488.79998779296875,458.0,461.6000061035156,36237657,HKD,HKG,2026-08-10T22:49:08+09:00
2026-07-17,個別株,SMIC,0981.HK,yahoo,74.0,75.19999694824219,66.25,67.69999694824219,246991170,HKD,HKG,2026-08-10T22:49:08+09:00
2026-07-17,個別株,BYD,1211.HK,yahoo,91.0999984741211,91.44999694824219,87.25,88.69999694824219,26427225,HKD,HKG,2026-08-10T22:49:08+09:00
2026-07-17,個別株,シャオミ,1810.HK,yahoo,28.079999923706055,28.219999313354492,26.360000610351562,26.8799991607666,279882322,HKD,HKG,2026-08-10T22:49:08+09:00
2026-07-17,個別株,TSMC,2330.TW,yahoo,2375.0,2395.0,2290.0,2290.0,75253147,TWD,TAI,2026-08-10T22:49:08+09:00
2026-07-17,海外指数,深セン成分指数,399001.SZ,yahoo,14348.2099609375,14350.4697265625,13586.490234375,13706.8798828125,2963700,CNY,SHZ,2026-08-10T22:49:08+09:00
2026-07-17,個別株,アリババ,9988.HK,yahoo,116.30000305175781,118.0,110.69999694824219,112.5999984741211,125635830,HKD,HKG,2026-08-10T22:49:08+09:00
2026-07-17,個別株,アップル,AAPL,yahoo,331.9800109863281,334.989990234375,329.0,333.739990234375,63407100,USD,NMS,2026-08-10T22:49:08+09:00
2026-07-17,個別株,AMD,AMD,yahoo,476.8800048828125,505.8800048828125,460.2099914550781,495.760009765625,32115900,USD,NMS,2026-08-10T22:49:08+09:00
2026-07-17,個別株,アマゾン,AMZN,yahoo,244.4600067138672,250.24000549316406,243.58999633789062,247.22999572753906,43572400,USD,NMS,2026-08-10T22:49:08+09:00
2026-07-17,ETF,アークETF,ARKK,yahoo,74.66000366210938,76.29000091552734,73.83999633789062,75.19999694824219,5798100,USD,BTS,2026-08-10T22:49:08+09:00
2026-07-17,個別株,アーム,ARM,yahoo,249.86500549316406,272.8800048828125,243.1199951171875,267.19000244140625,8239000,USD,NMS,2026-08-10T22:49:08+09:00
2026-07-17,個別株,ASML,ASML.AS,yahoo,1536.0,1559.0,1491.0,1537.0,920647,EUR,AMS,2026-08-10T22:49:08+09:00
2026-07-17,為替,豪ドル/円,AUDJPY=X,yahoo,113.64199829101562,113.7020034790039,113.0999984741211,113.61900329589844,0,JPY,CCY,2026-08-10T22:49:08+09:00
2026-07-17,個別株,ブロードコム,AVGO,yahoo,366.04998779296875,377.3500061035156,357.79998779296875,370.8299865722656,23272200,USD,NMS,2026-08-10T22:49:08+09:00
2026-07-17,個別株,BASF,BAS.DE,yahoo,48.625,48.92499923706055,48.09000015258789,48.54499816894531,2365252,EUR,GER,2026-08-10T22:49:08+09:00
2026-07-17,個別株,BNPパリバ,BNP.PA,yahoo,101.68000030517578,102.16000366210938,100.44000244140625,101.94000244140625,1604730,EUR,PAR,2026-08-10T22:49:08+09:00
2026-07-17,個別株,バークシャー・ハサウェイ,BRK-B,yahoo,495.510009765625,502.989990234375,490.4800109863281,490.9100036621094,5591300,USD,NYQ,2026-08-10T22:49:08+09:00
2026-07-17,為替,ブラジルレアル/円,BRLJPY=X,yahoo,31.73699951171875,31.863000869750977,31.416372299194336,31.738000869750977,0,JPY,CCY,2026-08-11T07:30:36+09:00
2026-07-17,暗号資産,ビットコイン,BTC-USD,yahoo,63789.91015625,64332.01953125,62489.453125,63899.4609375,27280236800,USD,CCC,2026-08-11T07:30:36+09:00
2026-07-17,為替,スイスフラン/円,CHFJPY=X,yahoo,200.83692932128906,201.39768981933594,200.66506958007812,200.75799560546875,0,JPY,CCY,2026-08-11T07:30:36+09:00
2026-07-17,為替,中国元/円,CNYJPY=X,yahoo,23.971435546875,23.984573364257812,23.940359115600586,23.97128677368164,0,JPY,CCY,2026-08-10T22:49:08+09:00
2026-07-17,暗号資産,イーサリアム,ETH-USD,yahoo,1863.21630859375,1869.067138671875,1803.053955078125,1840.9881591796875,10651207679,USD,CCC,2026-08-11T07:30:36+09:00
2026-07-17,為替,ユーロ/円,EURJPY=X,yahoo,185.8350067138672,185.94500732421875,185.47999572753906,185.83200073242188,0,JPY,CCY,2026-08-10T22:49:08+09:00
2026-07-17,海外指数,イタリア40,FTSEMIB.MI,yahoo,51947.0,52136.0,51554.0,51882.0,289800200,EUR,MIL,2026-08-10T22:49:08+09:00
2026-07-17,為替,英ポンド/円,GBPJPY=X,yahoo,218.84800720214844,218.9340057373047,217.99400329589844,218.82000732421875,0,JPY,CCY,2026-08-10T22:49:08+09:00
2026-07-17,商品,金,GC=F,yahoo,3975.5,4017.199951171875,3964.199951171875,4012.699951171875,141,USD,CMX,2026-08-10T22:49:08+09:00
2026-07-17,個別株,アルファベット,GOOGL,yahoo,346.0,348.5199890136719,341.3599853515625,346.7699890136719,29959300,USD,NMS,2026-08-10T22:49:08+09:00
2026-07-17,個別株,ゴールドマン・サックス,GS,yahoo,1071.6400146484375,1085.9300537109375,1047.1500244140625,1065.219970703125,2162700,USD,NYQ,2026-08-10T22:49:08+09:00
2026-07-17,為替,香港ドル/円,HKDJPY=X,yahoo,20.71095085144043,20.72039031982422,20.681140899658203,20.71047019958496,0,JPY,CCY,2026-08-11T07:30:36+09:00
2026-07-17,個別株,HSBC,HSBA.L,yahoo,1474.0,1492.199951171875,1350.0,1492.199951171875,17706385,GBp,LSE,2026-08-10T22:49:08+09:00
2026-07-17,為替,インドルピー/円,INRJPY=X,yahoo,1.685271978378296,1.687263011932373,1.682847023010254,1.685346007347107,0,JPY,CCY,2026-08-11T07:30:36+09:00
2026-07-17,個別株,インテル,INTC,yahoo,92.13999938964844,98.05000305175781,89.58999633789062,95.04000091552734,126779300,USD,NMS,2026-08-10T22:49:08+09:00
2026-07-17,個別株,JPモルガン,JPM,yahoo,339.0299987792969,346.1300048828125,335.04998779296875,341.1000061035156,9250900,USD,NYQ,2026-08-10T22:49:08+09:00
2026-07-17,為替,韓国ウォン/円,KRWJPY=X,yahoo,0.10968799889087677,0.11000700294971466,0.10891799628734589,0.10969500243663788,0,JPY,CCY,2026-08-11T07:30:36+09:00
2026-07-17,個別株,LVMH,MC.PA,yahoo,499.54998779296875,502.29998779296875,491.17498779296875,495.1000061035156,403029,EUR,PAR,2026-08-10T22:49:08+09:00
2026-07-17,個別株,マクドナルド,MCD,yahoo,275.0,276.3599853515625,267.19000244140625,267.7099914550781,3782000,USD,NYQ,2026-08-10T22:49:08+09:00
2026-07-17,個別株,メタ,META,yahoo,647.7000122070312,652.2000122070312,626.0,646.010009765625,22267900,USD,NMS,2026-08-10T22:49:08+09:00
2026-07-17,個別株,マイクロソフト,MSFT,yahoo,394.8599853515625,398.3900146484375,389.3900146484375,393.82000732421875,33049800,USD,NMS,2026-08-10T22:49:08+09:00
2026-07-17,個別株,マイクロン,MU,yahoo,822.530029296875,903.9600219726562,804.0,848.9500122070312,63346300,USD,NMS,2026-08-10T22:49:08+09:00
2026-07-17,為替,メキシコペソ/円,MXNJPY=X,yahoo,9.313592910766602,9.323282241821289,9.2474946975708,9.319299697875977,0,JPY,CCY,2026-08-11T07:30:36+09:00
2026-07-17,個別株,エヌビディア,NVDA,yahoo,202.63999938964844,206.64999389648438,197.97000122070312,202.80999755859375,144281900,USD,NMS,2026-08-10T22:49:08+09:00
2026-07-17,個別株,オラクル,ORCL,yahoo,121.69999694824219,128.44000244140625,121.5,126.41000366210938,39917100,USD,NYQ,2026-08-10T22:49:08+09:00
2026-07-17,個別株,パランティア,PLTR,yahoo,131.78500366210938,134.77000427246094,129.0500030517578,132.3800048828125,31875100,USD,NMS,2026-08-10T22:49:08+09:00
2026-07-17,個別株,クアルコム,QCOM,yahoo,166.63999938964844,172.38999938964844,164.77000427246094,171.77999877929688,16291100,USD,NMS,2026-08-10T22:49:08+09:00
2026-07-17,個別株,SAP,SAP.DE,yahoo,140.60000610351562,141.5399932861328,137.32000732421875,137.9199981689453,2631191,EUR,GER,2026-08-10T22:49:08+09:00
2026-07-17,個別株,サンディスク,SNDK,yahoo,1365.2049560546875,1501.199951171875,1325.030029296875,1354.8199462890625,19810900,USD,NMS,2026-08-10T22:49:08+09:00
2026-07-17,為替,トルコリラ/円,TRYJPY=X,yahoo,3.4374771118164062,3.4461240768432617,3.4355900287628174,3.437678098678589,0,JPY,CCY,2026-08-11T07:30:36+09:00
2026-07-17,個別株,テスラ,TSLA,yahoo,381.7799987792969,385.69000244140625,377.2200012207031,380.8399963378906,31394600,USD,NMS,2026-08-10T22:49:08+09:00
2026-07-17,為替,台湾ドル/円,TWDJPY=X,yahoo,5.03047513961792,5.036277770996094,5.008118152618408,5.030614852905273,0,JPY,CCY,2026-08-11T07:30:36+09:00
2026-07-17,為替,米ドル/円,USDJPY=X,yahoo,162.38099670410156,162.4669952392578,162.14700317382812,162.37600708007812,0,JPY,CCY,2026-08-10T22:49:08+09:00
2026-07-17,個別株,フォルクスワーゲン,VOW3.DE,yahoo,73.27999877929688,73.81999969482422,72.9800033569336,73.12000274658203,661277,EUR,GER,2026-08-10T22:49:08+09:00
2026-07-17,個別株,ウォルマート,WMT,yahoo,116.95999908447266,118.08999633789062,113.5999984741211,114.23999786376953,28289800,USD,NMS,2026-08-10T22:49:08+09:00
2026-07-17,暗号資産,リップル,XRP-USD,yahoo,1.0862959623336792,1.0941519737243652,1.069638967514038,1.0886249542236328,1037893587,USD,CCC,2026-08-11T07:30:36+09:00
2026-07-17,海外指数,イスタンブール100,XU100.IS,yahoo,14145.7998046875,14153.7001953125,13962.599609375,13981.099609375,6522600000,TRY,IST,2026-08-10T22:49:08+09:00
2026-07-17,為替,南アフリカランド/円,ZARJPY=X,yahoo,9.90060043334961,9.902899742126465,9.798500061035156,9.895999908447266,0,JPY,CCY,2026-08-11T07:30:36+09:00
2026-07-17,海外指数,インドSENSEX30,^BSESN,yahoo,77370.7734375,78282.546875,77308.0,78151.453125,14600,INR,BSE,2026-08-10T22:49:08+09:00
2026-07-17,海外指数,仏CAC40,^FCHI,yahoo,8326.740234375,8350.1904296875,8282.169921875,8338.8095703125,60575700,EUR,PAR,2026-08-10T22:49:08+09:00
2026-07-17,海外指数,英国FTSE100,^FTSE,yahoo,10572.400390625,10623.7001953125,10527.7001953125,10600.400390625,776616200,GBP,FGI,2026-08-10T22:49:08+09:00
2026-07-17,海外指数,ドイツDAX,^GDAXI,yahoo,24755.08984375,24850.75,24651.33984375,24830.98046875,61314800,EUR,GER,2026-08-10T22:49:08+09:00
2026-07-17,海外指数,S&P500,^GSPC,yahoo,7447.52001953125,7498.47021484375,7431.259765625,7457.68994140625,5303290000,USD,SNP,2026-08-10T22:49:08+09:00
2026-07-17,海外指数,香港ハンセン,^HSI,yahoo,25022.5390625,25166.560546875,24332.509765625,24562.240234375,3747400000,HKD,HKG,2026-08-10T22:49:08+09:00
2026-07-17,海外指数,ラッセル2000,^RUT,yahoo,2948.580078125,2979.320068359375,2934.1201171875,2962.219970703125,5303290000,USD,WCB,2026-08-10T22:49:08+09:00
2026-07-17,海外指数,タイSET,^SET.BK,yahoo,1628.5999755859375,1639.8699951171875,1628.5999755859375,1639.0400390625,5745700,THB,SET,2026-08-10T22:49:08+09:00
2026-07-17,海外指数,SOX,^SOX,yahoo,11485.8896484375,11939.4404296875,11194.599609375,11673.8896484375,0,USD,NIM,2026-08-10T22:49:08+09:00
2026-07-17,セクター,S&P500 不動産,^SP500-60,yahoo,290.3699951171875,292.3500061035156,287.8699951171875,289.2099914550781,90822700,USD,SNP,2026-08-10T22:49:08+09:00
2026-07-17,海外指数,ユーロ・ストックス50,^STOXX50E,yahoo,6270.93994140625,6270.93994140625,6194.39013671875,6230.8701171875,23512700,EUR,ZRH,2026-08-10T22:49:08+09:00
2026-07-17,海外指数,台湾加権,^TWII,yahoo,45234.078125,45234.078125,42671.26953125,42671.26953125,6385100,TWD,TAI,2026-08-10T22:49:08+09:00
2026-07-18,暗号資産,ビットコイン,BTC-USD,yahoo,63899.1796875,64816.50390625,63845.015625,64796.6015625,14162542470,USD,CCC,2026-08-11T07:30:36+09:00
2026-07-18,暗号資産,イーサリアム,ETH-USD,yahoo,1841.1021728515625,1864.1319580078125,1836.6085205078125,1861.39208984375,4754880124,USD,CCC,2026-08-11T07:30:36+09:00
2026-07-18,暗号資産,リップル,XRP-USD,yahoo,1.088610053062439,1.0964449644088745,1.083817958831787,1.092157006263733,581824132,USD,CCC,2026-08-11T07:30:36+09:00
2026-07-19,暗号資産,ビットコイン,BTC-USD,yahoo,64799.27734375,64909.88671875,64250.9140625,64690.8046875,15000653941,USD,CCC,2026-08-11T07:30:36+09:00
2026-07-19,暗号資産,イーサリアム,ETH-USD,yahoo,1861.419921875,1877.0318603515625,1852.7275390625,1871.508544921875,7004738486,USD,CCC,2026-08-11T07:30:36+09:00
2026-07-19,暗号資産,リップル,XRP-USD,yahoo,1.0921599864959717,1.1000839471817017,1.0899410247802734,1.0959210395812988,632804582,USD,CCC,2026-08-11T07:30:36+09:00
2026-07-20,個別株,SKハイニクス,000660.KS,yahoo,1745000.0,1892000.0,1735000.0,1764000.0,5876444,KRW,KSC,2026-08-10T22:49:08+09:00
2026-07-20,個別株,NAURA,002371.SZ,yahoo,704.0,716.6599731445312,659.0999755859375,676.9099731445312,17483200,CNY,SHZ,2026-08-10T22:49:08+09:00
2026-07-20,個別株,サムスン電子,005930.KS,yahoo,241000.0,257500.0,240000.0,244000.0,26804038,KRW,KSC,2026-08-10T22:49:08+09:00
2026-07-20,個別株,テンセント,0700.HK,yahoo,465.6000061035156,481.79998779296875,465.6000061035156,477.79998779296875,30822839,HKD,HKG,2026-08-10T22:49:08+09:00
2026-07-20,個別株,SMIC,0981.HK,yahoo,69.6500015258789,72.0,68.5,69.75,102646432,HKD,HKG,2026-08-10T22:49:08+09:00
2026-07-20,個別株,BYD,1211.HK,yahoo,90.80000305175781,91.5,89.4000015258789,90.1500015258789,18345094,HKD,HKG,2026-08-10T22:49:08+09:00
2026-07-20,個別株,シャオミ,1810.HK,yahoo,27.5,27.860000610351562,27.040000915527344,27.739999771118164,167547303,HKD,HKG,2026-08-10T22:49:08+09:00
2026-07-20,個別株,TSMC,2330.TW,yahoo,2300.0,2345.0,2300.0,2320.0,45272691,TWD,TAI,2026-08-10T22:49:08+09:00
2026-07-20,海外指数,深セン成分指数,399001.SZ,yahoo,13869.0595703125,13972.990234375,13342.9296875,13610.23046875,2995300,CNY,SHZ,2026-08-10T22:49:08+09:00
2026-07-20,個別株,アリババ,9988.HK,yahoo,116.0,118.9000015258789,115.30000305175781,116.80000305175781,125351835,HKD,HKG,2026-08-10T22:49:08+09:00
2026-07-20,個別株,アップル,AAPL,yahoo,333.510009765625,333.7099914550781,323.67999267578125,326.5899963378906,53468000,USD,NMS,2026-08-10T22:49:08+09:00
2026-07-20,個別株,AMD,AMD,yahoo,517.0,522.4400024414062,502.3599853515625,503.57000732421875,23440700,USD,NMS,2026-08-10T22:49:08+09:00
2026-07-20,個別株,アマゾン,AMZN,yahoo,248.75999450683594,252.88999938964844,248.0,249.99000549316406,32406500,USD,NMS,2026-08-10T22:49:08+09:00
2026-07-20,ETF,アークETF,ARKK,yahoo,75.70999908447266,76.16999816894531,74.6449966430664,74.94999694824219,3017000,USD,BTS,2026-08-10T22:49:08+09:00
2026-07-20,個別株,アーム,ARM,yahoo,272.0,277.3999938964844,268.05999755859375,269.6099853515625,3374000,USD,NMS,2026-08-10T22:49:08+09:00
2026-07-20,個別株,ASML,ASML.AS,yahoo,1539.0,1574.800048828125,1518.800048828125,1520.800048828125,758336,EUR,AMS,2026-08-10T22:49:08+09:00
2026-07-20,為替,豪ドル/円,AUDJPY=X,yahoo,113.39700317382812,114.0009994506836,113.36699676513672,113.41000366210938,0,JPY,CCY,2026-08-10T22:49:08+09:00
2026-07-20,個別株,ブロードコム,AVGO,yahoo,378.760009765625,383.5899963378906,375.9599914550781,378.1600036621094,14420500,USD,NMS,2026-08-10T22:49:08+09:00
2026-07-20,個別株,BASF,BAS.DE,yahoo,48.3849983215332,48.599998474121094,47.560001373291016,48.06999969482422,1658269,EUR,GER,2026-08-10T22:49:08+09:00
2026-07-20,個別株,BNPパリバ,BNP.PA,yahoo,101.5,103.5199966430664,101.23999786376953,103.30000305175781,1499606,EUR,PAR,2026-08-10T22:49:08+09:00
2026-07-20,個別株,バークシャー・ハサウェイ,BRK-B,yahoo,490.489990234375,492.25,488.9100036621094,491.25,3426600,USD,NYQ,2026-08-10T22:49:08+09:00
2026-07-20,為替,ブラジルレアル/円,BRLJPY=X,yahoo,31.682422637939453,31.933000564575195,31.61627960205078,31.68199920654297,0,JPY,CCY,2026-08-11T07:30:36+09:00
2026-07-20,暗号資産,ビットコイン,BTC-USD,yahoo,64684.41796875,65735.71875,63720.390625,65230.02734375,30988932408,USD,CCC,2026-08-11T07:30:36+09:00
2026-07-20,為替,スイスフラン/円,CHFJPY=X,yahoo,201.00595092773438,201.3350067138672,200.52560424804688,201.00437927246094,0,JPY,CCY,2026-08-11T07:30:36+09:00
2026-07-20,為替,中国元/円,CNYJPY=X,yahoo,23.993799209594727,24.00199317932129,23.95549201965332,23.992027282714844,0,JPY,CCY,2026-08-10T22:49:08+09:00
2026-07-20,暗号資産,イーサリアム,ETH-USD,yahoo,1871.2757568359375,1916.24169921875,1842.815673828125,1903.7589111328125,12042633315,USD,CCC,2026-08-11T07:30:36+09:00
2026-07-20,為替,ユーロ/円,EURJPY=X,yahoo,185.71800231933594,185.86500549316406,185.3800048828125,185.70799255371094,0,JPY,CCY,2026-08-10T22:49:08+09:00
2026-07-20,海外指数,イタリア40,FTSEMIB.MI,yahoo,51789.0,52157.0,51672.0,51863.0,207412700,EUR,MIL,2026-08-10T22:49:08+09:00
2026-07-20,為替,英ポンド/円,GBPJPY=X,yahoo,218.4969940185547,218.8249969482422,218.06500244140625,218.4929962158203,0,JPY,CCY,2026-08-10T22:49:08+09:00
2026-07-20,商品,金,GC=F,yahoo,4003.39990234375,4018.89990234375,4002.699951171875,4010.300048828125,231,USD,CMX,2026-08-10T22:49:08+09:00
2026-07-20,個別株,アルファベット,GOOGL,yahoo,350.8800048828125,359.67999267578125,350.5199890136719,351.989990234375,24736600,USD,NMS,2026-08-10T22:49:08+09:00
2026-07-20,個別株,ゴールドマン・サックス,GS,yahoo,1074.6500244140625,1087.9000244140625,1053.6600341796875,1055.030029296875,1718300,USD,NYQ,2026-08-10T22:49:08+09:00
2026-07-20,為替,香港ドル/円,HKDJPY=X,yahoo,20.730670928955078,20.735279083251953,20.69499969482422,20.729169845581055,0,JPY,CCY,2026-08-11T07:30:36+09:00
2026-07-20,個別株,HSBC,HSBA.L,yahoo,1483.4000244140625,1496.800048828125,1474.5999755859375,1480.800048828125,18705672,GBp,LSE,2026-08-10T22:49:08+09:00
2026-07-20,為替,インドルピー/円,INRJPY=X,yahoo,1.687654972076416,1.6898410320281982,1.6819169521331787,1.6876009702682495,0,JPY,CCY,2026-08-11T07:30:36+09:00
2026-07-20,個別株,インテル,INTC,yahoo,97.58000183105469,100.9800033569336,96.91999816894531,97.05999755859375,89741400,USD,NMS,2026-08-10T22:49:08+09:00
2026-07-20,個別株,JPモルガン,JPM,yahoo,341.79998779296875,344.260009765625,337.3699951171875,338.8699951171875,7723300,USD,NYQ,2026-08-10T22:49:08+09:00
2026-07-20,為替,韓国ウォン/円,KRWJPY=X,yahoo,0.10943599790334702,0.10997500270605087,0.10935600101947784,0.10943199694156647,0,JPY,CCY,2026-08-11T07:30:36+09:00
2026-07-20,個別株,LVMH,MC.PA,yahoo,491.95001220703125,494.54998779296875,484.25,486.8500061035156,288346,EUR,PAR,2026-08-10T22:49:08+09:00
2026-07-20,個別株,マクドナルド,MCD,yahoo,269.75,270.0,266.260009765625,267.6400146484375,3693400,USD,NYQ,2026-08-10T22:49:08+09:00
2026-07-20,個別株,メタ,META,yahoo,646.7000122070312,653.2999877929688,636.010009765625,645.8499755859375,10225200,USD,NMS,2026-08-10T22:49:08+09:00
2026-07-20,個別株,マイクロソフト,MSFT,yahoo,391.4100036621094,403.17999267578125,389.6499938964844,402.2900085449219,27915800,USD,NMS,2026-08-10T22:49:08+09:00
2026-07-20,個別株,マイクロン,MU,yahoo,885.5700073242188,901.0,858.9000244140625,865.4600219726562,37705200,USD,NMS,2026-08-10T22:49:08+09:00
2026-07-20,為替,メキシコペソ/円,MXNJPY=X,yahoo,9.260866165161133,9.319334030151367,9.254222869873047,9.26140308380127,0,JPY,CCY,2026-08-11T07:30:36+09:00
2026-07-20,個別株,エヌビディア,NVDA,yahoo,205.8699951171875,207.74000549316406,202.27999877929688,203.27999877929688,88701500,USD,NMS,2026-08-10T22:49:08+09:00
2026-07-20,個別株,オラクル,ORCL,yahoo,124.2699966430664,125.48999786376953,120.02999877929688,121.37999725341797,36793200,USD,NYQ,2026-08-10T22:49:08+09:00
2026-07-20,個別株,パランティア,PLTR,yahoo,131.8800048828125,136.6199951171875,131.82000732421875,134.85000610351562,30571300,USD,NMS,2026-08-10T22:49:08+09:00
2026-07-20,個別株,クアルコム,QCOM,yahoo,175.5500030517578,176.25,169.89999389648438,170.32000732421875,9649600,USD,NMS,2026-08-10T22:49:08+09:00
2026-07-20,個別株,SAP,SAP.DE,yahoo,138.0,140.0399932861328,134.97999572753906,138.25999450683594,1995160,EUR,GER,2026-08-10T22:49:08+09:00
2026-07-20,個別株,サンディスク,SNDK,yahoo,1408.780029296875,1454.989990234375,1375.6099853515625,1390.949951171875,12572000,USD,NMS,2026-08-10T22:49:08+09:00
2026-07-20,為替,トルコリラ/円,TRYJPY=X,yahoo,3.4412689208984375,3.445460081100464,3.4365200996398926,3.440809965133667,0,JPY,CCY,2026-08-11T07:30:36+09:00
2026-07-20,個別株,テスラ,TSLA,yahoo,386.04998779296875,386.6099853515625,369.42999267578125,369.57000732421875,33901500,USD,NMS,2026-08-10T22:49:08+09:00
2026-07-20,為替,台湾ドル/円,TWDJPY=X,yahoo,5.0274338722229,5.034833908081055,5.005782127380371,5.027918815612793,0,JPY,CCY,2026-08-11T07:30:36+09:00
2026-07-20,為替,米ドル/円,USDJPY=X,yahoo,162.52499389648438,162.58299255371094,162.27099609375,162.51199340820312,0,JPY,CCY,2026-08-10T22:49:08+09:00
2026-07-20,個別株,フォルクスワーゲン,VOW3.DE,yahoo,72.58000183105469,73.87999725341797,72.30000305175781,72.54000091552734,552995,EUR,GER,2026-08-10T22:49:08+09:00
2026-07-20,個別株,ウォルマート,WMT,yahoo,113.95999908447266,114.4000015258789,112.13999938964844,112.19999694824219,17738900,USD,NMS,2026-08-10T22:49:08+09:00
2026-07-20,暗号資産,リップル,XRP-USD,yahoo,1.0959190130233765,1.1189179420471191,1.0831550359725952,1.1121129989624023,1265516612,USD,CCC,2026-08-11T07:30:36+09:00
2026-07-20,海外指数,イスタンブール100,XU100.IS,yahoo,13936.2001953125,14194.0,13910.5,14071.0,9012300000,TRY,IST,2026-08-10T22:49:08+09:00
2026-07-20,為替,南アフリカランド/円,ZARJPY=X,yahoo,9.810396194458008,9.870200157165527,9.803199768066406,9.8125,0,JPY,CCY,2026-08-11T07:30:36+09:00
2026-07-20,海外指数,インドSENSEX30,^BSESN,yahoo,78151.453125,78151.453125,77368.2890625,77708.5234375,15000,INR,BSE,2026-08-10T22:49:08+09:00
2026-07-20,海外指数,仏CAC40,^FCHI,yahoo,8316.3798828125,8391.0400390625,8316.3798828125,8340.1103515625,46504700,EUR,PAR,2026-08-10T22:49:08+09:00
2026-07-20,海外指数,英国FTSE100,^FTSE,yahoo,10600.2998046875,10600.2998046875,10512.7998046875,10524.7998046875,868888600,GBP,FGI,2026-08-10T22:49:08+09:00
2026-07-20,海外指数,ドイツDAX,^GDAXI,yahoo,24769.150390625,24974.529296875,24751.130859375,24846.689453125,43984100,EUR,GER,2026-08-10T22:49:08+09:00
2026-07-20,海外指数,S&P500,^GSPC,yahoo,7489.18017578125,7513.22998046875,7440.52978515625,7443.27978515625,5152910000,USD,SNP,2026-08-10T22:49:08+09:00
2026-07-20,海外指数,香港ハンセン,^HSI,yahoo,24835.029296875,25155.55078125,24756.359375,25143.05078125,3338100000,HKD,HKG,2026-08-10T22:49:08+09:00
2026-07-20,海外指数,韓国総合株価指数,^KS11,yahoo,6643.580078125,6814.85986328125,6472.7998046875,6516.27001953125,345800,KRW,KSC,2026-08-10T22:49:08+09:00
2026-07-20,海外指数,ラッセル2000,^RUT,yahoo,2968.1201171875,2978.090087890625,2942.330078125,2942.429931640625,5152910000,USD,WCB,2026-08-10T22:49:08+09:00
2026-07-20,海外指数,SOX,^SOX,yahoo,11952.7001953125,12071.830078125,11718.2099609375,11743.849609375,0,USD,NIM,2026-08-10T22:49:08+09:00
2026-07-20,セクター,S&P500 不動産,^SP500-60,yahoo,288.7300109863281,289.7200012207031,286.82000732421875,287.8999938964844,80612200,USD,SNP,2026-08-10T22:49:08+09:00
2026-07-20,海外指数,ユーロ・ストックス50,^STOXX50E,yahoo,6224.080078125,6264.43994140625,6215.3798828125,6227.39990234375,16975600,EUR,ZRH,2026-08-10T22:49:08+09:00
2026-07-20,海外指数,台湾加権,^TWII,yahoo,42793.1484375,43084.51171875,41967.75,42449.69921875,5678000,TWD,TAI,2026-08-10T22:49:08+09:00
2026-07-21,個別株,SKハイニクス,000660.KS,yahoo,1775000.0,1889000.0,1732000.0,1836000.0,4639208,KRW,KSC,2026-08-10T22:49:08+09:00
2026-07-21,個別株,NAURA,002371.SZ,yahoo,699.0,744.5999755859375,678.4299926757812,744.5999755859375,14837581,CNY,SHZ,2026-08-10T22:49:08+09:00
2026-07-21,個別株,サムスン電子,005930.KS,yahoo,247000.0,263500.0,243000.0,259000.0,20386896,KRW,KSC,2026-08-10T22:49:08+09:00
2026-07-21,個別株,テンセント,0700.HK,yahoo,478.20001220703125,482.6000061035156,472.79998779296875,474.0,21362780,HKD,HKG,2026-08-10T22:49:08+09:00
2026-07-21,個別株,SMIC,0981.HK,yahoo,71.8499984741211,77.0,69.5,75.5,180893898,HKD,HKG,2026-08-10T22:49:08+09:00
2026-07-21,個別株,BYD,1211.HK,yahoo,89.0999984741211,91.69999694824219,89.0,89.80000305175781,15908902,HKD,HKG,2026-08-10T22:49:08+09:00
2026-07-21,個別株,シャオミ,1810.HK,yahoo,27.34000015258789,28.15999984741211,27.239999771118164,27.420000076293945,158569307,HKD,HKG,2026-08-10T22:49:08+09:00
2026-07-21,個別株,TSMC,2330.TW,yahoo,2350.0,2410.0,2345.0,2410.0,29931277,TWD,TAI,2026-08-10T22:49:08+09:00
2026-07-21,海外指数,深セン成分指数,399001.SZ,yahoo,13656.080078125,14264.7998046875,13364.41015625,14264.2900390625,3296100,CNY,SHZ,2026-08-10T22:49:08+09:00
2026-07-21,個別株,アリババ,9988.HK,yahoo,119.9000015258789,121.0,115.5,117.0,98262426,HKD,HKG,2026-08-10T22:49:08+09:00
2026-07-21,個別株,アップル,AAPL,yahoo,323.1300048828125,329.6000061035156,322.2200012207031,327.739990234375,41338900,USD,NMS,2026-08-10T22:49:08+09:00
2026-07-21,個別株,AMD,AMD,yahoo,526.0,548.1400146484375,522.5999755859375,544.4299926757812,29045100,USD,NMS,2026-08-10T22:49:08+09:00
2026-07-21,個別株,アマゾン,AMZN,yahoo,249.11000061035156,249.33999633789062,246.4199981689453,247.5500030517578,27732100,USD,NMS,2026-08-10T22:49:08+09:00
2026-07-21,ETF,アークETF,ARKK,yahoo,75.68000030517578,77.93499755859375,75.55999755859375,77.69499969482422,3744400,USD,BTS,2026-08-10T22:49:08+09:00
2026-07-21,個別株,アーム,ARM,yahoo,285.4700012207031,294.0,274.5,289.7300109863281,5135800,USD,NMS,2026-08-10T22:49:08+09:00
2026-07-21,個別株,ASML,ASML.AS,yahoo,1549.0,1596.4000244140625,1548.199951171875,1593.4000244140625,761405,EUR,AMS,2026-08-10T22:49:08+09:00
2026-07-21,為替,豪ドル/円,AUDJPY=X,yahoo,113.73999786376953,114.28600311279297,113.68000030517578,113.7300033569336,0,JPY,CCY,2026-08-10T22:49:08+09:00
2026-07-21,個別株,ブロードコム,AVGO,yahoo,390.2099914550781,390.5799865722656,379.2200012207031,386.5,17291100,USD,NMS,2026-08-10T22:49:08+09:00
2026-07-21,個別株,BASF,BAS.DE,yahoo,48.0,48.290000915527344,47.67499923706055,48.244998931884766,2060154,EUR,GER,2026-08-10T22:49:08+09:00
2026-07-21,個別株,BNPパリバ,BNP.PA,yahoo,103.5999984741211,105.16000366210938,103.18000030517578,105.16000366210938,2140512,EUR,PAR,2026-08-10T22:49:08+09:00
2026-07-21,個別株,バークシャー・ハサウェイ,BRK-B,yahoo,489.0,491.20001220703125,487.3800048828125,489.6499938964844,4473100,USD,NYQ,2026-08-10T22:49:08+09:00
2026-07-21,為替,ブラジルレアル/円,BRLJPY=X,yahoo,31.809772491455078,32.07835006713867,31.77015495300293,31.81599998474121,0,JPY,CCY,2026-08-11T07:30:36+09:00
2026-07-21,暗号資産,ビットコイン,BTC-USD,yahoo,65228.87109375,66910.0625,65113.65625,66505.125,29554470321,USD,CCC,2026-08-11T07:30:36+09:00
2026-07-21,為替,スイスフラン/円,CHFJPY=X,yahoo,200.57400512695312,201.0055389404297,200.39999389648438,200.56716918945312,0,JPY,CCY,2026-08-11T07:30:36+09:00
2026-07-21,為替,中国元/円,CNYJPY=X,yahoo,23.987009048461914,24.067537307739258,23.98287582397461,23.98723030090332,0,JPY,CCY,2026-08-10T22:49:08+09:00
2026-07-21,暗号資産,イーサリアム,ETH-USD,yahoo,1903.689697265625,1949.5477294921875,1900.066162109375,1928.3837890625,12526770542,USD,CCC,2026-08-11T07:30:36+09:00
2026-07-21,為替,ユーロ/円,EURJPY=X,yahoo,185.48500061035156,186.01100158691406,185.38999938964844,185.47300720214844,0,JPY,CCY,2026-08-10T22:49:08+09:00
2026-07-21,海外指数,イタリア40,FTSEMIB.MI,yahoo,52053.0,52296.0,51963.0,52285.0,208126500,EUR,MIL,2026-08-10T22:49:08+09:00
2026-07-21,為替,英ポンド/円,GBPJPY=X,yahoo,218.2270050048828,218.7169952392578,217.51600646972656,218.2270050048828,0,JPY,CCY,2026-08-10T22:49:08+09:00
2026-07-21,商品,金,GC=F,yahoo,4002.10009765625,4071.10009765625,3999.699951171875,4071.10009765625,87,USD,CMX,2026-08-10T22:49:08+09:00
2026-07-21,個別株,アルファベット,GOOGL,yahoo,351.32000732421875,351.32000732421875,347.0,347.1499938964844,23369800,USD,NMS,2026-08-10T22:49:08+09:00
2026-07-21,個別株,ゴールドマン・サックス,GS,yahoo,1070.0699462890625,1088.47998046875,1063.0,1085.56005859375,1718600,USD,NYQ,2026-08-10T22:49:08+09:00
2026-07-21,為替,香港ドル/円,HKDJPY=X,yahoo,20.722360610961914,20.789840698242188,20.715999603271484,20.722450256347656,0,JPY,CCY,2026-08-11T07:30:36+09:00
2026-07-21,個別株,HSBC,HSBA.L,yahoo,1481.5999755859375,1509.4000244140625,1477.0,1509.4000244140625,14403876,GBp,LSE,2026-08-10T22:49:08+09:00
2026-07-21,為替,インドルピー/円,INRJPY=X,yahoo,1.68470299243927,1.6940209865570068,1.6842859983444214,1.68470299243927,0,JPY,CCY,2026-08-11T07:30:36+09:00
2026-07-21,個別株,インテル,INTC,yahoo,103.19000244140625,106.33999633789062,101.22000122070312,105.44999694824219,105429400,USD,NMS,2026-08-10T22:49:08+09:00
2026-07-21,個別株,JPモルガン,JPM,yahoo,340.1199951171875,345.739990234375,337.29998779296875,345.2300109863281,6015300,USD,NYQ,2026-08-10T22:49:08+09:00
2026-07-21,為替,韓国ウォン/円,KRWJPY=X,yahoo,0.1100820004940033,0.11044300347566605,0.10978399962186813,0.11008299887180328,0,JPY,CCY,2026-08-11T07:30:36+09:00
2026-07-21,個別株,LVMH,MC.PA,yahoo,483.6000061035156,486.95001220703125,477.04998779296875,478.54998779296875,524344,EUR,PAR,2026-08-10T22:49:08+09:00
2026-07-21,個別株,マクドナルド,MCD,yahoo,266.5199890136719,266.8699951171875,263.6499938964844,263.9100036621094,3539500,USD,NYQ,2026-08-10T22:49:08+09:00
2026-07-21,個別株,メタ,META,yahoo,654.1799926757812,655.8800048828125,643.2000122070312,643.8099975585938,9140500,USD,NMS,2026-08-10T22:49:08+09:00
2026-07-21,個別株,マイクロソフト,MSFT,yahoo,398.80999755859375,401.4700012207031,396.32000732421875,397.75,24126600,USD,NMS,2026-08-10T22:49:08+09:00
2026-07-21,個別株,マイクロン,MU,yahoo,925.3499755859375,982.8800048828125,916.5700073242188,970.8200073242188,49369000,USD,NMS,2026-08-10T22:49:08+09:00
2026-07-21,為替,メキシコペソ/円,MXNJPY=X,yahoo,9.327722549438477,9.372151374816895,9.319138526916504,9.327277183532715,0,JPY,CCY,2026-08-11T07:30:36+09:00
2026-07-21,個別株,エヌビディア,NVDA,yahoo,207.5399932861328,208.64999389648438,204.00999450683594,207.2899932861328,108685600,USD,NMS,2026-08-10T22:49:08+09:00
2026-07-21,個別株,オラクル,ORCL,yahoo,122.80999755859375,127.41999816894531,122.20999908447266,127.05000305175781,27748100,USD,NYQ,2026-08-10T22:49:08+09:00
2026-07-21,個別株,パランティア,PLTR,yahoo,133.8300018310547,134.67999267578125,131.22500610351562,132.66000366210938,23161800,USD,NMS,2026-08-10T22:49:08+09:00
2026-07-21,個別株,クアルコム,QCOM,yahoo,175.49000549316406,175.49000549316406,170.13999938964844,173.5,13243200,USD,NMS,2026-08-10T22:49:08+09:00
2026-07-21,個別株,SAP,SAP.DE,yahoo,137.74000549316406,137.83999633789062,135.33999633789062,136.4199981689453,2100094,EUR,GER,2026-08-10T22:49:08+09:00
2026-07-21,個別株,サンディスク,SNDK,yahoo,1511.6700439453125,1595.6390380859375,1489.64501953125,1589.4000244140625,14295900,USD,NMS,2026-08-10T22:49:08+09:00
2026-07-21,為替,トルコリラ/円,TRYJPY=X,yahoo,3.4388229846954346,3.453577995300293,3.437211036682129,3.438875913619995,0,JPY,CCY,2026-08-11T07:30:36+09:00
2026-07-21,個別株,テスラ,TSLA,yahoo,371.1700134277344,384.07000732421875,369.9800109863281,378.92999267578125,32735300,USD,NMS,2026-08-10T22:49:08+09:00
2026-07-21,為替,台湾ドル/円,TWDJPY=X,yahoo,5.0326008796691895,5.039265155792236,5.028341770172119,5.032629013061523,0,JPY,CCY,2026-08-11T07:30:36+09:00
2026-07-21,為替,米ドル/円,USDJPY=X,yahoo,162.47999572753906,163.031005859375,162.44000244140625,162.48699951171875,0,JPY,CCY,2026-08-10T22:49:08+09:00
2026-07-21,個別株,フォルクスワーゲン,VOW3.DE,yahoo,72.54000091552734,73.33999633789062,72.08000183105469,72.55999755859375,598995,EUR,GER,2026-08-10T22:49:08+09:00
2026-07-21,個別株,ウォルマート,WMT,yahoo,111.51000213623047,111.80000305175781,109.88999938964844,110.38999938964844,22717000,USD,NMS,2026-08-10T22:49:08+09:00
2026-07-21,暗号資産,リップル,XRP-USD,yahoo,1.1121150255203247,1.1627819538116455,1.1111119985580444,1.1424729824066162,1540417491,USD,CCC,2026-08-11T07:30:36+09:00
2026-07-21,海外指数,イスタンブール100,XU100.IS,yahoo,14038.2001953125,14127.7998046875,13916.099609375,13974.099609375,7354500000,TRY,IST,2026-08-10T22:49:08+09:00
2026-07-21,為替,南アフリカランド/円,ZARJPY=X,yahoo,9.84119987487793,9.907500267028809,9.831700325012207,9.841500282287598,0,JPY,CCY,2026-08-11T07:30:36+09:00
2026-07-21,海外指数,インドSENSEX30,^BSESN,yahoo,77649.6328125,77753.1796875,77337.328125,77470.109375,16500,INR,BSE,2026-08-10T22:49:08+09:00
2026-07-21,海外指数,仏CAC40,^FCHI,yahoo,8348.75,8375.3095703125,8299.8701171875,8363.1396484375,49546200,EUR,PAR,2026-08-10T22:49:08+09:00
2026-07-21,海外指数,英国FTSE100,^FTSE,yahoo,10524.2998046875,10585.900390625,10483.099609375,10585.900390625,722295200,GBP,FGI,2026-08-10T22:49:08+09:00
2026-07-21,海外指数,ドイツDAX,^GDAXI,yahoo,24922.099609375,25011.349609375,24817.33984375,25011.349609375,45461100,EUR,GER,2026-08-10T22:49:08+09:00
2026-07-21,海外指数,S&P500,^GSPC,yahoo,7489.9501953125,7515.31005859375,7467.85986328125,7509.2001953125,5149030000,USD,SNP,2026-08-10T22:49:08+09:00
2026-07-21,海外指数,香港ハンセン,^HSI,yahoo,25150.5390625,25253.650390625,24991.390625,25132.2890625,2894600000,HKD,HKG,2026-08-10T22:49:08+09:00
2026-07-21,海外指数,韓国総合株価指数,^KS11,yahoo,6553.8798828125,6836.85986328125,6429.02978515625,6747.9501953125,391100,KRW,KSC,2026-08-10T22:49:08+09:00
2026-07-21,海外指数,ラッセル2000,^RUT,yahoo,2949.449951171875,2988.429931640625,2949.449951171875,2987.39990234375,5149030000,USD,WCB,2026-08-10T22:49:08+09:00
2026-07-21,海外指数,SOX,^SOX,yahoo,12311.2802734375,12404.1103515625,12085.990234375,12356.16015625,0,USD,NIM,2026-08-10T22:49:08+09:00
2026-07-21,セクター,S&P500 不動産,^SP500-60,yahoo,287.8299865722656,288.9700012207031,286.9200134277344,287.9700012207031,71467800,USD,SNP,2026-08-10T22:49:08+09:00
2026-07-21,海外指数,ユーロ・ストックス50,^STOXX50E,yahoo,6230.080078125,6285.6298828125,6230.080078125,6285.6298828125,16680300,EUR,ZRH,2026-08-10T22:49:08+09:00
2026-07-21,海外指数,台湾加権,^TWII,yahoo,42566.9296875,44232.87109375,42566.9296875,44232.87109375,4764300,TWD,TAI,2026-08-10T22:49:08+09:00
2026-07-22,個別株,SKハイニクス,000660.KS,yahoo,1977000.0,2006000.0,1830000.0,1830000.0,4802637,KRW,KSC,2026-08-10T22:49:08+09:00
2026-07-22,個別株,NAURA,002371.SZ,yahoo,788.0,809.0,751.0,764.0,22327096,CNY,SHZ,2026-08-10T22:49:08+09:00
2026-07-22,個別株,サムスン電子,005930.KS,yahoo,276000.0,276000.0,260000.0,260500.0,22292003,KRW,KSC,2026-08-10T22:49:08+09:00
2026-07-22,個別株,テンセント,0700.HK,yahoo,468.0,468.0,440.6000061035156,440.6000061035156,66379871,HKD,HKG,2026-08-10T22:49:08+09:00
2026-07-22,個別株,SMIC,0981.HK,yahoo,76.80000305175781,77.80000305175781,72.30000305175781,72.9000015258789,128747322,HKD,HKG,2026-08-10T22:49:08+09:00
2026-07-22,個別株,BYD,1211.HK,yahoo,88.94999694824219,89.1500015258789,87.30000305175781,87.8499984741211,16177789,HKD,HKG,2026-08-10T22:49:08+09:00
2026-07-22,個別株,シャオミ,1810.HK,yahoo,27.34000015258789,27.34000015258789,26.299999237060547,26.68000030517578,147613446,HKD,HKG,2026-08-10T22:49:08+09:00
2026-07-22,個別株,TSMC,2330.TW,yahoo,2440.0,2445.0,2385.0,2400.0,28887275,TWD,TAI,2026-08-10T22:49:08+09:00
2026-07-22,海外指数,深セン成分指数,399001.SZ,yahoo,14169.9697265625,14360.3701171875,13988.509765625,14061.4404296875,2808900,CNY,SHZ,2026-08-10T22:49:08+09:00
2026-07-22,個別株,アリババ,9988.HK,yahoo,115.9000015258789,116.30000305175781,112.69999694824219,113.5999984741211,120611396,HKD,HKG,2026-08-10T22:49:08+09:00
2026-07-22,個別株,アップル,AAPL,yahoo,327.8699951171875,329.0,323.3399963378906,325.8900146484375,38755900,USD,NMS,2026-08-10T22:49:08+09:00
2026-07-22,個別株,AMD,AMD,yahoo,526.8800048828125,561.469970703125,526.5999755859375,552.3300170898438,24776700,USD,NMS,2026-08-10T22:49:08+09:00
2026-07-22,個別株,アマゾン,AMZN,yahoo,248.27000427246094,248.4499969482422,242.4499969482422,244.85000610351562,34112700,USD,NMS,2026-08-10T22:49:08+09:00
2026-07-22,ETF,アークETF,ARKK,yahoo,76.83999633789062,77.6500015258789,75.91000366210938,76.02999877929688,4064200,USD,BTS,2026-08-10T22:49:08+09:00
2026-07-22,個別株,アーム,ARM,yahoo,280.4800109863281,288.44000244140625,279.5010070800781,283.3999938964844,2601700,USD,NMS,2026-08-10T22:49:08+09:00
2026-07-22,個別株,ASML,ASML.AS,yahoo,1558.0,1589.5999755859375,1537.5999755859375,1589.5999755859375,722150,EUR,AMS,2026-08-10T22:49:08+09:00
2026-07-22,為替,豪ドル/円,AUDJPY=X,yahoo,114.19599914550781,114.38899993896484,113.88500213623047,114.23100280761719,0,JPY,CCY,2026-08-10T22:49:08+09:00
2026-07-22,個別株,ブロードコム,AVGO,yahoo,380.20001220703125,398.5899963378906,380.0,396.80999755859375,16966200,USD,NMS,2026-08-10T22:49:08+09:00
2026-07-22,個別株,BASF,BAS.DE,yahoo,48.04999923706055,49.33000183105469,48.0,48.970001220703125,1813554,EUR,GER,2026-08-10T22:49:08+09:00
2026-07-22,個別株,BNPパリバ,BNP.PA,yahoo,104.5,107.18000030517578,104.41999816894531,106.77999877929688,2852331,EUR,PAR,2026-08-10T22:49:08+09:00
2026-07-22,個別株,バークシャー・ハサウェイ,BRK-B,yahoo,490.5,492.32000732421875,487.80999755859375,489.3900146484375,3179300,USD,NYQ,2026-08-10T22:49:08+09:00
2026-07-22,為替,ブラジルレアル/円,BRLJPY=X,yahoo,32.055999755859375,32.181358337402344,31.985979080200195,32.0573616027832,0,JPY,CCY,2026-08-11T07:30:36+09:00
2026-07-22,暗号資産,ビットコイン,BTC-USD,yahoo,66506.7890625,66694.6484375,65514.17578125,66100.796875,28142272410,USD,CCC,2026-08-11T07:30:36+09:00
2026-07-22,為替,スイスフラン/円,CHFJPY=X,yahoo,200.7412872314453,200.90481567382812,200.4335174560547,200.7989959716797,0,JPY,CCY,2026-08-11T07:30:36+09:00
2026-07-22,為替,中国元/円,CNYJPY=X,yahoo,24.11719512939453,24.11800765991211,24.066577911376953,24.117046356201172,0,JPY,CCY,2026-08-10T22:49:08+09:00
2026-07-22,暗号資産,イーサリアム,ETH-USD,yahoo,1928.1976318359375,1955.1474609375,1909.610107421875,1933.4901123046875,10800957306,USD,CCC,2026-08-11T07:30:36+09:00
2026-07-22,為替,ユーロ/円,EURJPY=X,yahoo,186.0290069580078,186.18499755859375,185.80999755859375,186.06700134277344,0,JPY,CCY,2026-08-10T22:49:08+09:00
2026-07-22,海外指数,イタリア40,FTSEMIB.MI,yahoo,52102.0,52888.0,52102.0,52792.0,259297500,EUR,MIL,2026-08-10T22:49:08+09:00
2026-07-22,為替,英ポンド/円,GBPJPY=X,yahoo,218.2760009765625,218.4040069580078,217.83299255371094,218.31300354003906,0,JPY,CCY,2026-08-10T22:49:08+09:00
2026-07-22,商品,金,GC=F,yahoo,4096.2001953125,4152.10009765625,4096.2001953125,4146.89990234375,133,USD,CMX,2026-08-10T22:49:08+09:00
2026-07-22,個別株,アルファベット,GOOGL,yahoo,348.1600036621094,349.94000244140625,341.7300109863281,342.0899963378906,39334100,USD,NMS,2026-08-10T22:49:08+09:00
2026-07-22,個別株,ゴールドマン・サックス,GS,yahoo,1078.52001953125,1106.6600341796875,1078.0,1098.199951171875,1538700,USD,NYQ,2026-08-10T22:49:08+09:00
2026-07-22,為替,香港ドル/円,HKDJPY=X,yahoo,20.808059692382812,20.816280364990234,20.771060943603516,20.80997085571289,0,JPY,CCY,2026-08-11T07:30:36+09:00
2026-07-22,個別株,HSBC,HSBA.L,yahoo,1505.0,1543.199951171875,1504.4000244140625,1541.0,18546736,GBp,LSE,2026-08-10T22:49:08+09:00
2026-07-22,為替,インドルピー/円,INRJPY=X,yahoo,1.6953680515289307,1.7089829444885254,1.6876089572906494,1.6956770420074463,0,JPY,CCY,2026-08-11T07:30:36+09:00
2026-07-22,個別株,インテル,INTC,yahoo,101.55000305175781,106.8499984741211,101.4800033569336,102.62000274658203,78431000,USD,NMS,2026-08-10T22:49:08+09:00
2026-07-22,個別株,JPモルガン,JPM,yahoo,345.07000732421875,349.07000732421875,344.25,348.2099914550781,8040200,USD,NYQ,2026-08-10T22:49:08+09:00
2026-07-22,為替,韓国ウォン/円,KRWJPY=X,yahoo,0.11016000062227249,0.11052100360393524,0.10993900150060654,0.11018200218677521,0,JPY,CCY,2026-08-11T07:30:36+09:00
2026-07-22,個別株,LVMH,MC.PA,yahoo,475.0,479.54998779296875,470.8500061035156,474.0,570614,EUR,PAR,2026-08-10T22:49:08+09:00
2026-07-22,個別株,マクドナルド,MCD,yahoo,265.70001220703125,265.9700012207031,261.8500061035156,263.57000732421875,4524400,USD,NYQ,2026-08-10T22:49:08+09:00
2026-07-22,個別株,メタ,META,yahoo,647.7000122070312,649.0,624.0,627.1699829101562,11019600,USD,NMS,2026-08-10T22:49:08+09:00
2026-07-22,個別株,マイクロソフト,MSFT,yahoo,399.5799865722656,401.0,386.9599914550781,390.3399963378906,28142500,USD,NMS,2026-08-10T22:49:08+09:00
2026-07-22,個別株,マイクロン,MU,yahoo,938.25,982.6199951171875,936.0599975585938,959.47998046875,31588600,USD,NMS,2026-08-10T22:49:08+09:00
2026-07-22,為替,メキシコペソ/円,MXNJPY=X,yahoo,9.371585845947266,9.379722595214844,9.343772888183594,9.373370170593262,0,JPY,CCY,2026-08-11T07:30:36+09:00
2026-07-22,個別株,エヌビディア,NVDA,yahoo,205.80999755859375,214.38999938964844,204.9499969482422,212.05999755859375,137645600,USD,NMS,2026-08-10T22:49:08+09:00
2026-07-22,個別株,オラクル,ORCL,yahoo,126.18000030517578,128.83999633789062,124.69999694824219,125.83999633789062,21096700,USD,NYQ,2026-08-10T22:49:08+09:00
2026-07-22,個別株,パランティア,PLTR,yahoo,132.22000122070312,132.34500122070312,123.44999694824219,124.56999969482422,38588300,USD,NMS,2026-08-10T22:49:08+09:00
2026-07-22,個別株,クアルコム,QCOM,yahoo,170.7100067138672,178.64999389648438,170.60000610351562,175.6300048828125,7777600,USD,NMS,2026-08-10T22:49:08+09:00
2026-07-22,個別株,SAP,SAP.DE,yahoo,136.02000427246094,136.39999389648438,132.0399932861328,132.0399932861328,3063860,EUR,GER,2026-08-10T22:49:08+09:00
2026-07-22,個別株,サンディスク,SNDK,yahoo,1526.0,1628.4000244140625,1516.010009765625,1599.27001953125,10539100,USD,NMS,2026-08-10T22:49:08+09:00
2026-07-22,為替,トルコリラ/円,TRYJPY=X,yahoo,3.4528560638427734,3.456695079803467,3.446363925933838,3.452173948287964,0,JPY,CCY,2026-08-11T07:30:36+09:00
2026-07-22,個別株,テスラ,TSLA,yahoo,375.5299987792969,380.1700134277344,372.8999938964844,374.010009765625,30646100,USD,NMS,2026-08-10T22:49:08+09:00
2026-07-22,為替,台湾ドル/円,TWDJPY=X,yahoo,5.045162200927734,5.05076789855957,5.016354084014893,5.045821189880371,0,JPY,CCY,2026-08-11T07:30:36+09:00
2026-07-22,為替,米ドル/円,USDJPY=X,yahoo,163.16799926757812,163.197998046875,162.85000610351562,163.18600463867188,0,JPY,CCY,2026-08-10T22:49:08+09:00
2026-07-22,個別株,フォルクスワーゲン,VOW3.DE,yahoo,72.12000274658203,73.63999938964844,71.68000030517578,72.95999908447266,712487,EUR,GER,2026-08-10T22:49:08+09:00
2026-07-22,個別株,ウォルマート,WMT,yahoo,109.52999877929688,110.0,108.72000122070312,109.33000183105469,23494800,USD,NMS,2026-08-10T22:49:08+09:00
2026-07-22,暗号資産,リップル,XRP-USD,yahoo,1.1424579620361328,1.1557849645614624,1.1290299892425537,1.1416139602661133,1064388710,USD,CCC,2026-08-11T07:30:36+09:00
2026-07-22,海外指数,イスタンブール100,XU100.IS,yahoo,14010.400390625,14143.7001953125,13929.900390625,14138.900390625,11605900000,TRY,IST,2026-08-10T22:49:08+09:00
2026-07-22,為替,南アフリカランド/円,ZARJPY=X,yahoo,9.906900405883789,9.94890022277832,9.867400169372559,9.909099578857422,0,JPY,CCY,2026-08-11T07:30:36+09:00
2026-07-22,海外指数,インドSENSEX30,^BSESN,yahoo,77384.953125,77384.953125,76641.1875,76755.046875,13200,INR,BSE,2026-08-10T22:49:08+09:00
2026-07-22,海外指数,仏CAC40,^FCHI,yahoo,8355.1298828125,8468.0,8350.83984375,8437.8896484375,54646900,EUR,PAR,2026-08-10T22:49:08+09:00
2026-07-22,海外指数,英国FTSE100,^FTSE,yahoo,10585.900390625,10763.400390625,10568.7001953125,10717.0,727194500,GBP,FGI,2026-08-10T22:49:08+09:00
2026-07-22,海外指数,ドイツDAX,^GDAXI,yahoo,25001.310546875,25271.33984375,24984.26953125,25155.41015625,52334100,EUR,GER,2026-08-10T22:49:08+09:00
2026-07-22,海外指数,S&P500,^GSPC,yahoo,7497.47021484375,7525.93994140625,7485.85009765625,7498.9599609375,4890390000,USD,SNP,2026-08-10T22:49:08+09:00
2026-07-22,海外指数,香港ハンセン,^HSI,yahoo,24978.900390625,25040.26953125,24802.060546875,24892.66015625,3032900000,HKD,HKG,2026-08-10T22:49:08+09:00
2026-07-22,海外指数,韓国総合株価指数,^KS11,yahoo,7052.08984375,7166.0,6791.06005859375,6797.7001953125,373800,KRW,KSC,2026-08-10T22:49:08+09:00
2026-07-22,海外指数,ラッセル2000,^RUT,yahoo,2982.56005859375,2983.429931640625,2955.60009765625,2959.93994140625,4890390000,USD,WCB,2026-08-10T22:49:08+09:00
2026-07-22,海外指数,SOX,^SOX,yahoo,12123.3203125,12525.7099609375,12113.9501953125,12410.669921875,0,USD,NIM,2026-08-10T22:49:08+09:00
2026-07-22,セクター,S&P500 不動産,^SP500-60,yahoo,288.6600036621094,288.6600036621094,286.0799865722656,286.54998779296875,76478000,USD,SNP,2026-08-10T22:49:08+09:00
2026-07-22,海外指数,ユーロ・ストックス50,^STOXX50E,yahoo,6271.06005859375,6326.990234375,6252.7099609375,6316.990234375,19935600,EUR,ZRH,2026-08-10T22:49:08+09:00
2026-07-22,海外指数,台湾加権,^TWII,yahoo,44513.75,45323.75,44513.75,44825.78125,5389000,TWD,TAI,2026-08-10T22:49:08+09:00
2026-07-23,個別株,SKハイニクス,000660.KS,yahoo,1910000.0,1948000.0,1845000.0,1919000.0,4119477,KRW,KSC,2026-08-10T22:49:08+09:00
2026-07-23,個別株,NAURA,002371.SZ,yahoo,764.77001953125,769.0,723.0,740.0,13640544,CNY,SHZ,2026-08-10T22:49:08+09:00
2026-07-23,個別株,サムスン電子,005930.KS,yahoo,269000.0,273000.0,263000.0,270000.0,16011816,KRW,KSC,2026-08-10T22:49:08+09:00
2026-07-23,個別株,テンセント,0700.HK,yahoo,440.0,450.79998779296875,439.0,445.20001220703125,22888528,HKD,HKG,2026-08-10T22:49:08+09:00
2026-07-23,個別株,SMIC,0981.HK,yahoo,74.0,74.30000305175781,69.8499984741211,70.75,92847666,HKD,HKG,2026-08-10T22:49:08+09:00
2026-07-23,個別株,BYD,1211.HK,yahoo,87.19999694824219,89.0999984741211,86.5999984741211,88.6500015258789,16430198,HKD,HKG,2026-08-10T22:49:08+09:00
2026-07-23,個別株,シャオミ,1810.HK,yahoo,26.399999618530273,27.200000762939453,26.040000915527344,27.139999389648438,87139468,HKD,HKG,2026-08-10T22:49:08+09:00
2026-07-23,個別株,TSMC,2330.TW,yahoo,2385.0,2405.0,2370.0,2405.0,23190117,TWD,TAI,2026-08-10T22:49:08+09:00
2026-07-23,海外指数,深セン成分指数,399001.SZ,yahoo,14116.01953125,14203.6298828125,13991.830078125,14123.3095703125,2393900,CNY,SHZ,2026-08-10T22:49:08+09:00
2026-07-23,個別株,アリババ,9988.HK,yahoo,114.0999984741211,115.0999984741211,110.5,114.9000015258789,52344763,HKD,HKG,2026-08-10T22:49:08+09:00
2026-07-23,個別株,アップル,AAPL,yahoo,321.7300109863281,323.29998779296875,319.3500061035156,321.6600036621094,40840800,USD,NMS,2026-08-10T22:49:08+09:00
2026-07-23,個別株,AMD,AMD,yahoo,544.739990234375,556.489990234375,525.0,539.6900024414062,27155100,USD,NMS,2026-08-10T22:49:08+09:00
2026-07-23,個別株,アマゾン,AMZN,yahoo,236.25999450683594,238.35000610351562,232.0500030517578,233.66000366210938,47465300,USD,NMS,2026-08-10T22:49:08+09:00
2026-07-23,ETF,アークETF,ARKK,yahoo,74.25,75.27999877929688,73.12999725341797,73.83000183105469,5818200,USD,BTS,2026-08-10T22:49:08+09:00
2026-07-23,個別株,アーム,ARM,yahoo,275.4700012207031,284.0,274.7699890136719,283.0400085449219,3603200,USD,NMS,2026-08-10T22:49:08+09:00
2026-07-23,個別株,ASML,ASML.AS,yahoo,1590.800048828125,1603.800048828125,1554.4000244140625,1579.199951171875,601906,EUR,AMS,2026-08-10T22:49:08+09:00
2026-07-23,為替,豪ドル/円,AUDJPY=X,yahoo,113.98500061035156,114.46700286865234,113.9800033569336,113.98100280761719,0,JPY,CCY,2026-08-10T22:49:08+09:00
2026-07-23,個別株,ブロードコム,AVGO,yahoo,392.19000244140625,397.6099853515625,386.82000732421875,392.4700012207031,16348700,USD,NMS,2026-08-10T22:49:08+09:00
2026-07-23,個別株,BASF,BAS.DE,yahoo,49.14500045776367,49.95000076293945,48.70500183105469,48.869998931884766,2121477,EUR,GER,2026-08-10T22:49:08+09:00
2026-07-23,個別株,BNPパリバ,BNP.PA,yahoo,105.4800033569336,106.37999725341797,103.45999908447266,103.76000213623047,2738053,EUR,PAR,2026-08-10T22:49:08+09:00
2026-07-23,個別株,バークシャー・ハサウェイ,BRK-B,yahoo,488.3999938964844,491.0,486.05999755859375,490.8500061035156,2883000,USD,NYQ,2026-08-10T22:49:08+09:00
2026-07-23,為替,ブラジルレアル/円,BRLJPY=X,yahoo,32.15599822998047,32.34000015258789,31.90999984741211,32.165000915527344,0,JPY,CCY,2026-08-11T07:30:36+09:00
2026-07-23,暗号資産,ビットコイン,BTC-USD,yahoo,66100.1328125,66282.3828125,64610.609375,65044.8125,24364433538,USD,CCC,2026-08-11T07:30:36+09:00
2026-07-23,為替,スイスフラン/円,CHFJPY=X,yahoo,200.2760009765625,200.80299377441406,200.209716796875,200.26800537109375,0,JPY,CCY,2026-08-11T07:30:36+09:00
2026-07-23,為替,中国元/円,CNYJPY=X,yahoo,24.079252243041992,24.208385467529297,24.064664840698242,24.0794734954834,0,JPY,CCY,2026-08-10T22:49:08+09:00
2026-07-23,暗号資産,イーサリアム,ETH-USD,yahoo,1933.470947265625,1940.2828369140625,1868.5203857421875,1877.1002197265625,9768559906,USD,CCC,2026-08-11T07:30:36+09:00
2026-07-23,為替,ユーロ/円,EURJPY=X,yahoo,186.10499572753906,186.6529998779297,186.10499572753906,186.0989990234375,0,JPY,CCY,2026-08-10T22:49:08+09:00
2026-07-23,海外指数,イタリア40,FTSEMIB.MI,yahoo,52682.0,52685.0,51244.0,51316.0,296526400,EUR,MIL,2026-08-10T22:49:08+09:00
2026-07-23,為替,英ポンド/円,GBPJPY=X,yahoo,218.11599731445312,218.58399963378906,217.9759979248047,218.1179962158203,0,JPY,CCY,2026-08-10T22:49:08+09:00
2026-07-23,商品,金,GC=F,yahoo,4129.89990234375,4130.89990234375,4046.60009765625,4046.60009765625,59,USD,CMX,2026-08-10T22:49:08+09:00
2026-07-23,個別株,アルファベット,GOOGL,yahoo,321.1300048828125,324.489990234375,314.8999938964844,317.69000244140625,69419700,USD,NMS,2026-08-10T22:49:08+09:00
2026-07-23,個別株,ゴールドマン・サックス,GS,yahoo,1072.52001953125,1084.72998046875,1062.47998046875,1074.719970703125,1852700,USD,NYQ,2026-08-10T22:49:08+09:00
2026-07-23,為替,香港ドル/円,HKDJPY=X,yahoo,20.7993106842041,20.911569595336914,20.787519454956055,20.801000595092773,0,JPY,CCY,2026-08-11T07:30:36+09:00
2026-07-23,個別株,HSBC,HSBA.L,yahoo,1543.4000244140625,1545.800048828125,1520.199951171875,1527.0,16283238,GBp,LSE,2026-08-10T22:49:08+09:00
2026-07-23,為替,インドルピー/円,INRJPY=X,yahoo,1.6886399984359741,1.6979559659957886,1.6877429485321045,1.6888689994812012,0,JPY,CCY,2026-08-11T07:30:36+09:00
2026-07-23,個別株,インテル,INTC,yahoo,101.13999938964844,104.18000030517578,99.23999786376953,100.2300033569336,140806900,USD,NMS,2026-08-10T22:49:08+09:00
2026-07-23,個別株,JPモルガン,JPM,yahoo,346.5799865722656,349.9200134277344,345.4200134277344,349.8999938964844,10913000,USD,NYQ,2026-08-10T22:49:08+09:00
2026-07-23,為替,韓国ウォン/円,KRWJPY=X,yahoo,0.1104390025138855,0.11127699911594391,0.11036299914121628,0.11044400185346603,0,JPY,CCY,2026-08-11T07:30:36+09:00
2026-07-23,個別株,LVMH,MC.PA,yahoo,470.0,470.0,453.20001220703125,453.54998779296875,858456,EUR,PAR,2026-08-10T22:49:08+09:00
2026-07-23,個別株,マクドナルド,MCD,yahoo,261.5799865722656,264.0199890136719,260.9599914550781,262.79998779296875,5105700,USD,NYQ,2026-08-10T22:49:08+09:00
2026-07-23,個別株,メタ,META,yahoo,608.4099731445312,614.6500244140625,597.219970703125,606.0999755859375,15494800,USD,NMS,2026-08-10T22:49:08+09:00
2026-07-23,個別株,マイクロソフト,MSFT,yahoo,389.9700012207031,391.7799987792969,377.3900146484375,381.5799865722656,30351800,USD,NMS,2026-08-10T22:49:08+09:00
2026-07-23,個別株,マイクロン,MU,yahoo,975.1300048828125,1011.77001953125,964.4000244140625,990.2100219726562,40196300,USD,NMS,2026-08-10T22:49:08+09:00
2026-07-23,為替,メキシコペソ/円,MXNJPY=X,yahoo,9.367288589477539,9.382059097290039,9.344325065612793,9.36902904510498,0,JPY,CCY,2026-08-11T07:30:36+09:00
2026-07-23,個別株,エヌビディア,NVDA,yahoo,209.4600067138672,210.8699951171875,205.9600067138672,208.75999450683594,110505300,USD,NMS,2026-08-10T22:49:08+09:00
2026-07-23,個別株,オラクル,ORCL,yahoo,123.95999908447266,124.69999694824219,119.44000244140625,120.04000091552734,30900600,USD,NYQ,2026-08-10T22:49:08+09:00
2026-07-23,個別株,パランティア,PLTR,yahoo,125.93499755859375,126.4000015258789,120.7300033569336,123.37000274658203,29757900,USD,NMS,2026-08-10T22:49:08+09:00
2026-07-23,個別株,クアルコム,QCOM,yahoo,171.17999267578125,173.9499969482422,168.30999755859375,171.11000061035156,10827500,USD,NMS,2026-08-10T22:49:08+09:00
2026-07-23,個別株,SAP,SAP.DE,yahoo,131.0,132.4199981689453,127.5,128.32000732421875,3338860,EUR,GER,2026-08-10T22:49:08+09:00
2026-07-23,個別株,サンディスク,SNDK,yahoo,1567.5999755859375,1696.3699951171875,1558.6099853515625,1610.3299560546875,12756900,USD,NMS,2026-08-10T22:49:08+09:00
2026-07-23,為替,トルコリラ/円,TRYJPY=X,yahoo,3.442842960357666,3.471497058868408,3.4427549839019775,3.4433529376983643,0,JPY,CCY,2026-08-11T07:30:36+09:00
2026-07-23,個別株,テスラ,TSLA,yahoo,341.0,342.1099853515625,315.739990234375,319.69000244140625,115606400,USD,NMS,2026-08-10T22:49:08+09:00
2026-07-23,為替,台湾ドル/円,TWDJPY=X,yahoo,5.033658027648926,5.069157123565674,5.033658027648926,5.033927917480469,0,JPY,CCY,2026-08-11T07:30:36+09:00
2026-07-23,為替,米ドル/円,USDJPY=X,yahoo,163.0679931640625,163.97900390625,162.99400329589844,163.08099365234375,0,JPY,CCY,2026-08-10T22:49:08+09:00
2026-07-23,個別株,フォルクスワーゲン,VOW3.DE,yahoo,72.5,73.5199966430664,72.16000366210938,72.94000244140625,904069,EUR,GER,2026-08-10T22:49:08+09:00
2026-07-23,個別株,ウォルマート,WMT,yahoo,107.51000213623047,108.55999755859375,106.79000091552734,108.4000015258789,21516800,USD,NMS,2026-08-10T22:49:08+09:00
2026-07-23,暗号資産,リップル,XRP-USD,yahoo,1.141592025756836,1.1434530019760132,1.1022939682006836,1.1068830490112305,1047477287,USD,CCC,2026-08-11T07:30:36+09:00
2026-07-23,海外指数,イスタンブール100,XU100.IS,yahoo,14150.5,14228.0,14031.900390625,14077.7001953125,10757400000,TRY,IST,2026-08-10T22:49:08+09:00
2026-07-23,為替,南アフリカランド/円,ZARJPY=X,yahoo,9.945199966430664,9.97029972076416,9.748900413513184,9.94320011138916,0,JPY,CCY,2026-08-11T07:30:36+09:00
2026-07-23,海外指数,インドSENSEX30,^BSESN,yahoo,76515.1015625,76726.65625,76151.9765625,76391.390625,22500,INR,BSE,2026-08-10T22:49:08+09:00
2026-07-23,海外指数,仏CAC40,^FCHI,yahoo,8370.330078125,8376.5400390625,8279.580078125,8299.08984375,64057200,EUR,PAR,2026-08-10T22:49:08+09:00
2026-07-23,海外指数,英国FTSE100,^FTSE,yahoo,10717.0,10720.2998046875,10610.400390625,10639.2001953125,853019700,GBP,FGI,2026-08-10T22:49:08+09:00
2026-07-23,海外指数,ドイツDAX,^GDAXI,yahoo,24994.05078125,25074.279296875,24696.58984375,24763.119140625,62750700,EUR,GER,2026-08-10T22:49:08+09:00
2026-07-23,海外指数,S&P500,^GSPC,yahoo,7418.2900390625,7450.1201171875,7376.0,7408.2998046875,5515210000,USD,SNP,2026-08-10T22:49:08+09:00
2026-07-23,海外指数,香港ハンセン,^HSI,yahoo,24966.529296875,25267.390625,24876.830078125,25210.810546875,2700200000,HKD,HKG,2026-08-10T22:49:08+09:00
2026-07-23,海外指数,韓国総合株価指数,^KS11,yahoo,6963.35009765625,7108.43994140625,6892.64013671875,7096.89013671875,397300,KRW,KSC,2026-08-10T22:49:08+09:00
2026-07-23,海外指数,ラッセル2000,^RUT,yahoo,2943.31005859375,2952.5400390625,2924.330078125,2940.159912109375,5515210000,USD,WCB,2026-08-10T22:49:08+09:00
2026-07-23,海外指数,SOX,^SOX,yahoo,12235.7998046875,12480.8798828125,12188.0498046875,12343.83984375,0,USD,NIM,2026-08-10T22:49:08+09:00
2026-07-23,セクター,S&P500 不動産,^SP500-60,yahoo,285.6499938964844,288.3299865722656,285.5,286.3500061035156,97736600,USD,SNP,2026-08-10T22:49:08+09:00
2026-07-23,海外指数,ユーロ・ストックス50,^STOXX50E,yahoo,6308.759765625,6308.759765625,6197.1201171875,6210.169921875,22947900,EUR,ZRH,2026-08-10T22:49:08+09:00
2026-07-23,海外指数,台湾加権,^TWII,yahoo,44899.0390625,45089.8203125,44340.76171875,44850.80859375,5159100,TWD,TAI,2026-08-10T22:49:08+09:00
2026-07-24,個別株,SKハイニクス,000660.KS,yahoo,1894000.0,1894000.0,1752000.0,1759000.0,4935624,KRW,KSC,2026-08-10T22:49:08+09:00
2026-07-24,個別株,NAURA,002371.SZ,yahoo,720.010009765625,778.7999877929688,716.0,757.0,15862082,CNY,SHZ,2026-08-10T22:49:08+09:00
2026-07-24,個別株,サムスン電子,005930.KS,yahoo,266000.0,266500.0,247000.0,249500.0,26175580,KRW,KSC,2026-08-10T22:49:08+09:00
2026-07-24,個別株,テンセント,0700.HK,yahoo,438.20001220703125,438.79998779296875,432.0,434.6000061035156,22959603,HKD,HKG,2026-08-10T22:49:08+09:00
2026-07-24,個別株,SMIC,0981.HK,yahoo,69.80000305175781,73.5,69.30000305175781,71.3499984741211,82123139,HKD,HKG,2026-08-10T22:49:08+09:00
2026-07-24,個別株,BYD,1211.HK,yahoo,87.3499984741211,89.75,86.6500015258789,88.6500015258789,13598408,HKD,HKG,2026-08-10T22:49:08+09:00
2026-07-24,個別株,シャオミ,1810.HK,yahoo,26.540000915527344,27.459999084472656,26.440000534057617,26.719999313354492,100009828,HKD,HKG,2026-08-10T22:49:08+09:00
2026-07-24,個別株,TSMC,2330.TW,yahoo,2355.0,2365.0,2345.0,2350.0,21646770,TWD,TAI,2026-08-10T22:49:08+09:00
2026-07-24,海外指数,深セン成分指数,399001.SZ,yahoo,13915.0400390625,14061.0302734375,13774.6796875,13774.6796875,2134000,CNY,SHZ,2026-08-10T22:49:08+09:00
2026-07-24,個別株,アリババ,9988.HK,yahoo,111.5,112.19999694824219,108.19999694824219,110.0,107488512,HKD,HKG,2026-08-10T22:49:08+09:00
2026-07-24,個別株,アップル,AAPL,yahoo,321.7900085449219,334.3699951171875,321.6199951171875,333.0199890136719,47489400,USD,NMS,2026-08-10T22:49:08+09:00
2026-07-24,個別株,AMD,AMD,yahoo,546.9199829101562,549.0,518.0,521.9500122070312,27200700,USD,NMS,2026-08-10T22:49:08+09:00
2026-07-24,個別株,アマゾン,AMZN,yahoo,234.3800048828125,234.9499969482422,231.33999633789062,232.11000061035156,35017400,USD,NMS,2026-08-10T22:49:08+09:00
2026-07-24,ETF,アークETF,ARKK,yahoo,73.77999877929688,73.90499877929688,71.36000061035156,71.88999938964844,5929200,USD,BTS,2026-08-10T22:49:08+09:00
2026-07-24,個別株,アーム,ARM,yahoo,282.7699890136719,288.989990234375,258.42999267578125,260.010009765625,4884800,USD,NMS,2026-08-10T22:49:08+09:00
2026-07-24,個別株,ASML,ASML.AS,yahoo,1560.0,1594.4000244140625,1542.199951171875,1563.0,540900,EUR,AMS,2026-08-10T22:49:08+09:00
2026-07-24,為替,豪ドル/円,AUDJPY=X,yahoo,114.18099975585938,114.55899810791016,114.16799926757812,114.1435546875,0,JPY,CCY,2026-08-10T22:49:08+09:00
2026-07-24,個別株,ブロードコム,AVGO,yahoo,387.67999267578125,389.2699890136719,378.75,381.9200134277344,15149400,USD,NMS,2026-08-10T22:49:08+09:00
2026-07-24,個別株,BASF,BAS.DE,yahoo,48.70000076293945,48.77000045776367,48.14500045776367,48.56999969482422,1830102,EUR,GER,2026-08-10T22:49:08+09:00
2026-07-24,個別株,BNPパリバ,BNP.PA,yahoo,104.0,105.91999816894531,103.55999755859375,105.91999816894531,1571440,EUR,PAR,2026-08-10T22:49:08+09:00
2026-07-24,個別株,バークシャー・ハサウェイ,BRK-B,yahoo,491.42999267578125,497.2900085449219,490.25,494.92999267578125,3933000,USD,NYQ,2026-08-10T22:49:08+09:00
2026-07-24,為替,ブラジルレアル/円,BRLJPY=X,yahoo,32.13999938964844,32.35753631591797,32.065528869628906,32.130001068115234,0,JPY,CCY,2026-08-11T07:30:36+09:00
2026-07-24,暗号資産,ビットコイン,BTC-USD,yahoo,65044.95703125,65760.484375,63686.03515625,64098.49609375,25917559237,USD,CCC,2026-08-11T07:30:36+09:00
2026-07-24,為替,スイスフラン/円,CHFJPY=X,yahoo,200.56533813476562,200.74449157714844,200.19700622558594,200.5399932861328,0,JPY,CCY,2026-08-11T07:30:36+09:00
2026-07-24,為替,中国元/円,CNYJPY=X,yahoo,24.189119338989258,24.204256057739258,24.171615600585938,24.189783096313477,0,JPY,CCY,2026-08-10T22:49:08+09:00
2026-07-24,暗号資産,イーサリアム,ETH-USD,yahoo,1877.09765625,1907.5435791015625,1846.822265625,1860.1767578125,9056489653,USD,CCC,2026-08-11T07:30:36+09:00
2026-07-24,為替,ユーロ/円,EURJPY=X,yahoo,186.41900634765625,186.5970001220703,186.24000549316406,186.38900756835938,0,JPY,CCY,2026-08-10T22:49:08+09:00
2026-07-24,海外指数,イタリア40,FTSEMIB.MI,yahoo,51277.0,51802.0,51277.0,51802.0,215405000,EUR,MIL,2026-08-10T22:49:08+09:00
2026-07-24,為替,英ポンド/円,GBPJPY=X,yahoo,218.15499877929688,218.45799255371094,217.9669952392578,218.10597229003906,0,JPY,CCY,2026-08-10T22:49:08+09:00
2026-07-24,商品,金,GC=F,yahoo,4067.60009765625,4068.0,4067.60009765625,4067.60009765625,2,USD,CMX,2026-08-10T22:49:08+09:00
2026-07-24,個別株,アルファベット,GOOGL,yahoo,318.4200134277344,324.17999267578125,317.32000732421875,319.739990234375,31806600,USD,NMS,2026-08-10T22:49:08+09:00
2026-07-24,個別株,ゴールドマン・サックス,GS,yahoo,1075.0,1077.3800048828125,1051.8199462890625,1061.22998046875,1381400,USD,NYQ,2026-08-10T22:49:08+09:00
2026-07-24,為替,香港ドル/円,HKDJPY=X,yahoo,20.899999618530273,20.906980514526367,20.864999771118164,20.894100189208984,0,JPY,CCY,2026-08-11T07:30:36+09:00
2026-07-24,個別株,HSBC,HSBA.L,yahoo,1525.0,1552.800048828125,1524.0,1552.800048828125,20736753,GBp,LSE,2026-08-10T22:49:08+09:00
2026-07-24,為替,インドルピー/円,INRJPY=X,yahoo,1.6967209577560425,1.6986720561981201,1.6946460008621216,1.6964349746704102,0,JPY,CCY,2026-08-11T07:30:36+09:00
2026-07-24,個別株,インテル,INTC,yahoo,100.36000061035156,101.73999786376953,91.58000183105469,92.31999969482422,181132900,USD,NMS,2026-08-10T22:49:08+09:00
2026-07-24,個別株,JPモルガン,JPM,yahoo,350.6400146484375,353.3699951171875,347.5,353.2099914550781,7520800,USD,NYQ,2026-08-10T22:49:08+09:00
2026-07-24,為替,韓国ウォン/円,KRWJPY=X,yahoo,0.1110370010137558,0.11214099824428558,0.1110370010137558,0.11106400191783905,0,JPY,CCY,2026-08-11T07:30:36+09:00
2026-07-24,個別株,LVMH,MC.PA,yahoo,451.79998779296875,461.70001220703125,449.5,461.70001220703125,602580,EUR,PAR,2026-08-10T22:49:08+09:00
2026-07-24,個別株,マクドナルド,MCD,yahoo,263.7900085449219,266.4599914550781,262.8999938964844,264.760009765625,3703500,USD,NYQ,2026-08-10T22:49:08+09:00
2026-07-24,個別株,メタ,META,yahoo,605.2999877929688,609.97998046875,594.4500122070312,595.1900024414062,11503500,USD,NMS,2026-08-10T22:49:08+09:00
2026-07-24,個別株,マイクロソフト,MSFT,yahoo,387.04998779296875,389.0299987792969,380.6499938964844,381.70001220703125,27659400,USD,NMS,2026-08-10T22:49:08+09:00
2026-07-24,個別株,マイクロン,MU,yahoo,959.030029296875,967.1400146484375,904.0,920.9500122070312,40803100,USD,NMS,2026-08-10T22:49:08+09:00
2026-07-24,為替,メキシコペソ/円,MXNJPY=X,yahoo,9.354949951171875,9.38297176361084,9.341767311096191,9.352399826049805,0,JPY,CCY,2026-08-11T07:30:36+09:00
2026-07-24,個別株,エヌビディア,NVDA,yahoo,207.4499969482422,211.91000366210938,204.80999755859375,206.83999633789062,114836800,USD,NMS,2026-08-10T22:49:08+09:00
2026-07-24,個別株,オラクル,ORCL,yahoo,122.47000122070312,123.08000183105469,114.75,114.98999786376953,46405700,USD,NYQ,2026-08-10T22:49:08+09:00
2026-07-24,個別株,パランティア,PLTR,yahoo,125.16500091552734,125.30999755859375,122.0199966430664,122.91999816894531,21177000,USD,NMS,2026-08-10T22:49:08+09:00
2026-07-24,個別株,クアルコム,QCOM,yahoo,169.69000244140625,171.10000610351562,165.77000427246094,166.97000122070312,9998000,USD,NMS,2026-08-10T22:49:08+09:00
2026-07-24,個別株,SAP,SAP.DE,yahoo,130.8800048828125,141.32000732421875,130.86000061035156,140.1999969482422,4092805,EUR,GER,2026-08-10T22:49:08+09:00
2026-07-24,個別株,サンディスク,SNDK,yahoo,1551.1650390625,1573.0899658203125,1411.5,1436.56005859375,14081100,USD,NMS,2026-08-10T22:49:08+09:00
2026-07-24,為替,トルコリラ/円,TRYJPY=X,yahoo,3.450529098510742,3.4615259170532227,3.450529098510742,3.449057102203369,0,JPY,CCY,2026-08-11T07:30:36+09:00
2026-07-24,個別株,テスラ,TSLA,yahoo,320.7200012207031,322.9599914550781,306.510009765625,313.0299987792969,62760000,USD,NMS,2026-08-10T22:49:08+09:00
2026-07-24,為替,台湾ドル/円,TWDJPY=X,yahoo,5.071109771728516,5.072892189025879,5.056503772735596,5.070065021514893,0,JPY,CCY,2026-08-11T07:30:36+09:00
2026-07-24,為替,米ドル/円,USDJPY=X,yahoo,163.87600708007812,163.93099975585938,163.64500427246094,163.83200073242188,0,JPY,CCY,2026-08-10T22:49:08+09:00
2026-07-24,個別株,フォルクスワーゲン,VOW3.DE,yahoo,71.19999694824219,72.5199966430664,70.44000244140625,71.45999908447266,1279902,EUR,GER,2026-08-10T22:49:08+09:00
2026-07-24,個別株,ウォルマート,WMT,yahoo,108.12000274658203,109.5999984741211,108.01000213623047,109.47000122070312,18405900,USD,NMS,2026-08-10T22:49:08+09:00
2026-07-24,暗号資産,リップル,XRP-USD,yahoo,1.1068830490112305,1.1198970079421997,1.084797978401184,1.0909299850463867,1027010233,USD,CCC,2026-08-11T07:30:36+09:00
2026-07-24,海外指数,イスタンブール100,XU100.IS,yahoo,14053.099609375,14188.599609375,13875.599609375,13943.900390625,9392500000,TRY,IST,2026-08-10T22:49:08+09:00
2026-07-24,為替,南アフリカランド/円,ZARJPY=X,yahoo,9.7431001663208,9.769800186157227,9.643699645996094,9.741250991821289,0,JPY,CCY,2026-08-11T07:30:36+09:00
2026-07-24,海外指数,インドSENSEX30,^BSESN,yahoo,75708.1875,76210.953125,75474.4296875,76059.7734375,21400,INR,BSE,2026-08-10T22:49:08+09:00
2026-07-24,海外指数,仏CAC40,^FCHI,yahoo,8284.6796875,8372.41015625,8278.6396484375,8372.2802734375,57957700,EUR,PAR,2026-08-10T22:49:08+09:00
2026-07-24,海外指数,英国FTSE100,^FTSE,yahoo,10638.900390625,10738.7998046875,10599.099609375,10736.2001953125,717428900,GBP,FGI,2026-08-10T22:49:08+09:00
2026-07-24,海外指数,ドイツDAX,^GDAXI,yahoo,24830.41015625,25099.6796875,24821.669921875,25099.0,44806700,EUR,GER,2026-08-10T22:49:08+09:00
2026-07-24,海外指数,S&P500,^GSPC,yahoo,7406.2998046875,7460.97998046875,7396.52978515625,7411.97998046875,4860620000,USD,SNP,2026-08-10T22:49:08+09:00
2026-07-24,海外指数,香港ハンセン,^HSI,yahoo,24932.5,25031.33984375,24812.5,24963.23046875,2473400000,HKD,HKG,2026-08-10T22:49:08+09:00
2026-07-24,海外指数,韓国総合株価指数,^KS11,yahoo,7000.77978515625,7000.77978515625,6650.41015625,6690.6201171875,397700,KRW,KSC,2026-08-10T22:49:08+09:00
2026-07-24,海外指数,ラッセル2000,^RUT,yahoo,2949.669921875,2956.8798828125,2927.489990234375,2930.0,4860620000,USD,WCB,2026-08-10T22:49:08+09:00
2026-07-24,海外指数,SOX,^SOX,yahoo,12131.2900390625,12261.51953125,11711.3896484375,11818.8798828125,0,USD,NIM,2026-08-10T22:49:08+09:00
2026-07-24,セクター,S&P500 不動産,^SP500-60,yahoo,289.30999755859375,294.30999755859375,288.989990234375,293.1000061035156,96576900,USD,SNP,2026-08-10T22:49:08+09:00
2026-07-24,海外指数,ユーロ・ストックス50,^STOXX50E,yahoo,6208.990234375,6280.93994140625,6205.85009765625,6280.93994140625,15946900,EUR,ZRH,2026-08-10T22:49:08+09:00
2026-07-24,海外指数,台湾加権,^TWII,yahoo,44769.390625,44769.390625,43607.3984375,43654.83984375,4337700,TWD,TAI,2026-08-10T22:49:08+09:00
2026-07-25,暗号資産,ビットコイン,BTC-USD,yahoo,64098.4921875,64386.0625,63753.02734375,64311.8125,13817493398,USD,CCC,2026-08-11T07:30:36+09:00
2026-07-25,暗号資産,イーサリアム,ETH-USD,yahoo,1860.1756591796875,1875.144775390625,1849.828857421875,1873.222412109375,4367514252,USD,CCC,2026-08-11T07:30:36+09:00
2026-07-25,暗号資産,リップル,XRP-USD,yahoo,1.0909310579299927,1.1061530113220215,1.0857449769973755,1.0973279476165771,590116721,USD,CCC,2026-08-11T07:30:36+09:00
2026-07-26,暗号資産,ビットコイン,BTC-USD,yahoo,64311.78515625,65503.76953125,64233.453125,65340.30078125,14301494281,USD,CCC,2026-08-11T07:30:36+09:00
2026-07-26,暗号資産,イーサリアム,ETH-USD,yahoo,1873.235595703125,1963.2459716796875,1872.3848876953125,1953.4112548828125,6638236222,USD,CCC,2026-08-11T07:30:36+09:00
2026-07-26,暗号資産,リップル,XRP-USD,yahoo,1.0973279476165771,1.1139750480651855,1.0952880382537842,1.1116650104522705,617283513,USD,CCC,2026-08-11T07:30:36+09:00
2026-07-27,個別株,SKハイニクス,000660.KS,yahoo,1814000.0,1821000.0,1707000.0,1816000.0,4030933,KRW,KSC,2026-08-10T22:49:08+09:00
2026-07-27,個別株,NAURA,002371.SZ,yahoo,740.2999877929688,778.0,723.1400146484375,770.0,14235615,CNY,SHZ,2026-08-10T22:49:08+09:00
2026-07-27,個別株,サムスン電子,005930.KS,yahoo,257000.0,258500.0,246000.0,254000.0,23296044,KRW,KSC,2026-08-10T22:49:08+09:00
2026-07-27,個別株,テンセント,0700.HK,yahoo,438.79998779296875,446.3999938964844,435.3999938964844,443.0,14454552,HKD,HKG,2026-08-10T22:49:08+09:00
2026-07-27,個別株,SMIC,0981.HK,yahoo,71.0,72.0999984741211,68.05000305175781,70.6500015258789,76674251,HKD,HKG,2026-08-10T22:49:08+09:00
2026-07-27,個別株,BYD,1211.HK,yahoo,89.6500015258789,89.6500015258789,88.25,88.55000305175781,12447561,HKD,HKG,2026-08-10T22:49:08+09:00
2026-07-27,個別株,シャオミ,1810.HK,yahoo,26.899999618530273,29.079999923706055,26.84000015258789,28.68000030517578,274937407,HKD,HKG,2026-08-10T22:49:08+09:00
2026-07-27,個別株,TSMC,2330.TW,yahoo,2330.0,2365.0,2330.0,2350.0,24040916,TWD,TAI,2026-08-10T22:49:08+09:00
2026-07-27,海外指数,深セン成分指数,399001.SZ,yahoo,13768.599609375,14148.73046875,13689.009765625,14148.73046875,2056700,CNY,SHZ,2026-08-10T22:49:08+09:00
2026-07-27,個別株,アリババ,9988.HK,yahoo,111.4000015258789,111.5999984741211,108.80000305175781,111.0,58415973,HKD,HKG,2026-08-10T22:49:08+09:00
2026-07-27,個別株,アップル,AAPL,yahoo,334.5400085449219,339.57000732421875,334.0199890136719,336.9100036621094,49604300,USD,NMS,2026-08-10T22:49:08+09:00
2026-07-27,個別株,AMD,AMD,yahoo,527.510009765625,528.0,476.92999267578125,494.95001220703125,31800300,USD,NMS,2026-08-10T22:49:08+09:00
2026-07-27,個別株,アマゾン,AMZN,yahoo,235.6699981689453,235.88999938964844,230.99000549316406,231.38999938964844,34999500,USD,NMS,2026-08-10T22:49:08+09:00
2026-07-27,ETF,アークETF,ARKK,yahoo,73.05000305175781,73.69999694824219,71.22000122070312,72.52999877929688,3979000,USD,BTS,2026-08-10T22:49:08+09:00
2026-07-27,個別株,アーム,ARM,yahoo,263.4800109863281,268.20001220703125,251.61000061035156,266.3299865722656,5047200,USD,NMS,2026-08-10T22:49:08+09:00
2026-07-27,個別株,ASML,ASML.AS,yahoo,1558.199951171875,1592.0,1419.5999755859375,1429.800048828125,1054840,EUR,AMS,2026-08-10T22:49:08+09:00
2026-07-27,為替,豪ドル/円,AUDJPY=X,yahoo,114.46399688720703,114.64800262451172,114.38999938964844,114.43000030517578,0,JPY,CCY,2026-08-10T22:49:08+09:00
2026-07-27,個別株,ブロードコム,AVGO,yahoo,389.82000732421875,389.8999938964844,373.5,383.2200012207031,18502100,USD,NMS,2026-08-10T22:49:08+09:00
2026-07-27,個別株,BASF,BAS.DE,yahoo,48.89500045776367,48.89500045776367,48.0099983215332,48.209999084472656,1953944,EUR,GER,2026-08-10T22:49:08+09:00
2026-07-27,個別株,BNPパリバ,BNP.PA,yahoo,107.69999694824219,108.86000061035156,106.86000061035156,107.58000183105469,2027234,EUR,PAR,2026-08-10T22:49:08+09:00
2026-07-27,個別株,バークシャー・ハサウェイ,BRK-B,yahoo,497.25,498.7699890136719,493.9700012207031,497.17999267578125,3482400,USD,NYQ,2026-08-10T22:49:08+09:00
2026-07-27,為替,ブラジルレアル/円,BRLJPY=X,yahoo,32.17300033569336,32.22281265258789,31.85533332824707,32.173336029052734,0,JPY,CCY,2026-08-11T07:30:36+09:00
2026-07-27,暗号資産,ビットコイン,BTC-USD,yahoo,65340.58984375,65658.3359375,63562.484375,63724.8984375,26183821002,USD,CCC,2026-08-11T07:30:36+09:00
2026-07-27,為替,スイスフラン/円,CHFJPY=X,yahoo,200.46282958984375,200.9199981689453,199.89263916015625,200.41299438476562,0,JPY,CCY,2026-08-11T07:30:36+09:00
2026-07-27,為替,中国元/円,CNYJPY=X,yahoo,24.15790557861328,24.181087493896484,24.117816925048828,24.160120010375977,0,JPY,CCY,2026-08-10T22:49:08+09:00
2026-07-27,暗号資産,イーサリアム,ETH-USD,yahoo,1953.4053955078125,1976.460205078125,1882.4197998046875,1890.613525390625,13679804759,USD,CCC,2026-08-11T07:30:36+09:00
2026-07-27,為替,ユーロ/円,EURJPY=X,yahoo,186.4499969482422,186.70899963378906,186.1230010986328,186.43299865722656,0,JPY,CCY,2026-08-10T22:49:08+09:00
2026-07-27,海外指数,イタリア40,FTSEMIB.MI,yahoo,52147.0,52254.0,51862.0,52055.0,245754400,EUR,MIL,2026-08-10T22:49:08+09:00
2026-07-27,為替,英ポンド/円,GBPJPY=X,yahoo,218.43800354003906,218.50399780273438,217.67999267578125,218.43499755859375,0,JPY,CCY,2026-08-10T22:49:08+09:00
2026-07-27,商品,金,GC=F,yahoo,4090.10009765625,4107.89990234375,4072.699951171875,4074.5,36,USD,CMX,2026-08-10T22:49:08+09:00
2026-07-27,個別株,アルファベット,GOOGL,yahoo,325.0400085449219,330.4200134277344,324.45001220703125,326.55999755859375,28471600,USD,NMS,2026-08-10T22:49:08+09:00
2026-07-27,個別株,ゴールドマン・サックス,GS,yahoo,1080.1800537109375,1088.5,1029.0,1048.22998046875,2538900,USD,NYQ,2026-08-10T22:49:08+09:00
2026-07-27,為替,香港ドル/円,HKDJPY=X,yahoo,20.860469818115234,20.8814697265625,20.827899932861328,20.863750457763672,0,JPY,CCY,2026-08-11T07:30:36+09:00
2026-07-27,個別株,HSBC,HSBA.L,yahoo,1561.800048828125,1568.0,1548.5999755859375,1551.199951171875,31877522,GBp,LSE,2026-08-10T22:49:08+09:00
2026-07-27,為替,インドルピー/円,INRJPY=X,yahoo,1.6970319747924805,1.7073739767074585,1.6967040300369263,1.697003960609436,0,JPY,CCY,2026-08-11T07:30:36+09:00
2026-07-27,個別株,インテル,INTC,yahoo,92.45999908447266,94.9800033569336,86.94000244140625,91.66999816894531,133247300,USD,NMS,2026-08-10T22:49:08+09:00
2026-07-27,個別株,JPモルガン,JPM,yahoo,357.8900146484375,359.04998779296875,352.5799865722656,356.20001220703125,7884900,USD,NYQ,2026-08-10T22:49:08+09:00
2026-07-27,為替,韓国ウォン/円,KRWJPY=X,yahoo,0.11219999939203262,0.1123030036687851,0.11108899861574173,0.11219800263643265,0,JPY,CCY,2026-08-11T07:30:36+09:00
2026-07-27,個別株,LVMH,MC.PA,yahoo,465.79998779296875,469.04998779296875,462.6000061035156,466.79998779296875,613625,EUR,PAR,2026-08-10T22:49:08+09:00
2026-07-27,個別株,マクドナルド,MCD,yahoo,267.5,271.1700134277344,266.79998779296875,270.6700134277344,4874400,USD,NYQ,2026-08-10T22:49:08+09:00
2026-07-27,個別株,メタ,META,yahoo,607.219970703125,611.260009765625,593.1300048828125,593.8699951171875,11195300,USD,NMS,2026-08-10T22:49:08+09:00
2026-07-27,個別株,マイクロソフト,MSFT,yahoo,390.0799865722656,394.20001220703125,387.989990234375,389.1000061035156,27856200,USD,NMS,2026-08-10T22:49:08+09:00
2026-07-27,個別株,マイクロン,MU,yahoo,932.4500122070312,935.0,854.7899780273438,900.2000122070312,47591200,USD,NMS,2026-08-10T22:49:08+09:00
2026-07-27,為替,メキシコペソ/円,MXNJPY=X,yahoo,9.3814115524292,9.389309883117676,9.357123374938965,9.378910064697266,0,JPY,CCY,2026-08-11T07:30:36+09:00
2026-07-27,個別株,エヌビディア,NVDA,yahoo,208.1999969482422,208.75,195.44000244140625,196.50999450683594,154353700,USD,NMS,2026-08-10T22:49:08+09:00
2026-07-27,個別株,オラクル,ORCL,yahoo,118.0,121.98999786376953,116.80000305175781,119.9000015258789,36916600,USD,NYQ,2026-08-10T22:49:08+09:00
2026-07-27,個別株,パランティア,PLTR,yahoo,126.15499877929688,132.41000366210938,125.30999755859375,131.52999877929688,36708200,USD,NMS,2026-08-10T22:49:08+09:00
2026-07-27,個別株,クアルコム,QCOM,yahoo,169.77000427246094,171.19000244140625,165.2899932861328,170.0399932861328,12487100,USD,NMS,2026-08-10T22:49:08+09:00
2026-07-27,海外指数,ロシアRTS,RTSI,moex,872.72,897.96,869.7,895.16,,USD,MOEX,2026-08-10T22:49:08+09:00
2026-07-27,個別株,SAP,SAP.DE,yahoo,142.3800048828125,151.55999755859375,142.0,151.27999877929688,4522787,EUR,GER,2026-08-10T22:49:08+09:00
2026-07-27,個別株,サンディスク,SNDK,yahoo,1462.989990234375,1462.989990234375,1222.010009765625,1278.22998046875,21275600,USD,NMS,2026-08-10T22:49:08+09:00
2026-07-27,為替,トルコリラ/円,TRYJPY=X,yahoo,3.449198007583618,3.4580910205841064,3.4460580348968506,3.4512779712677,0,JPY,CCY,2026-08-11T07:30:36+09:00
2026-07-27,個別株,テスラ,TSLA,yahoo,313.239990234375,317.0,304.2799987792969,309.2200012207031,44919400,USD,NMS,2026-08-10T22:49:08+09:00
2026-07-27,為替,台湾ドル/円,TWDJPY=X,yahoo,5.06223201751709,5.069425106048584,5.046751976013184,5.062150955200195,0,JPY,CCY,2026-08-11T07:30:36+09:00
2026-07-27,為替,米ドル/円,USDJPY=X,yahoo,163.58799743652344,163.76100158691406,163.3260040283203,163.61099243164062,0,JPY,CCY,2026-08-10T22:49:08+09:00
2026-07-27,個別株,フォルクスワーゲン,VOW3.DE,yahoo,73.0199966430664,73.72000122070312,70.73999786376953,70.73999786376953,1521281,EUR,GER,2026-08-10T22:49:08+09:00
2026-07-27,個別株,ウォルマート,WMT,yahoo,109.91999816894531,112.51000213623047,109.88999938964844,111.73999786376953,19008700,USD,NMS,2026-08-10T22:49:08+09:00
2026-07-27,暗号資産,リップル,XRP-USD,yahoo,1.1116600036621094,1.112028956413269,1.0633150339126587,1.0652650594711304,1228521856,USD,CCC,2026-08-11T07:30:36+09:00
2026-07-27,海外指数,イスタンブール100,XU100.IS,yahoo,14028.400390625,14085.400390625,13774.0,13774.7998046875,7484400000,TRY,IST,2026-08-10T22:49:08+09:00
2026-07-27,為替,南アフリカランド/円,ZARJPY=X,yahoo,9.790300369262695,9.817999839782715,9.759099960327148,9.787799835205078,0,JPY,CCY,2026-08-11T07:30:36+09:00
2026-07-27,海外指数,インドSENSEX30,^BSESN,yahoo,76608.9765625,76901.5078125,76517.8515625,76835.78125,14500,INR,BSE,2026-08-10T22:49:08+09:00
2026-07-27,海外指数,仏CAC40,^FCHI,yahoo,8442.75,8463.7099609375,8402.8095703125,8406.0595703125,61936100,EUR,PAR,2026-08-10T22:49:08+09:00
2026-07-27,海外指数,英国FTSE100,^FTSE,yahoo,10736.099609375,10820.900390625,10736.099609375,10781.7998046875,1189032700,GBP,FGI,2026-08-10T22:49:08+09:00
2026-07-27,海外指数,ドイツDAX,^GDAXI,yahoo,25459.3203125,25560.400390625,25361.029296875,25361.029296875,52434200,EUR,GER,2026-08-10T22:49:08+09:00
2026-07-27,海外指数,S&P500,^GSPC,yahoo,7464.2001953125,7480.56982421875,7382.740234375,7413.18017578125,5038290000,USD,SNP,2026-08-10T22:49:08+09:00
2026-07-27,海外指数,香港ハンセン,^HSI,yahoo,24993.76953125,25276.9609375,24938.33984375,25207.1796875,2630100000,HKD,HKG,2026-08-10T22:49:08+09:00
2026-07-27,海外指数,韓国総合株価指数,^KS11,yahoo,6806.27001953125,6806.27001953125,6557.39013671875,6755.75,275700,KRW,KSC,2026-08-10T22:49:08+09:00
2026-07-27,海外指数,ラッセル2000,^RUT,yahoo,2944.610107421875,2972.4599609375,2931.43994140625,2948.0400390625,5038290000,USD,WCB,2026-08-10T22:49:08+09:00
2026-07-27,海外指数,SOX,^SOX,yahoo,11888.900390625,11949.4599609375,11217.349609375,11554.8798828125,0,USD,NIM,2026-08-10T22:49:08+09:00
2026-07-27,セクター,S&P500 不動産,^SP500-60,yahoo,293.1099853515625,293.42999267578125,290.8999938964844,291.6499938964844,90061300,USD,SNP,2026-08-10T22:49:08+09:00
2026-07-27,海外指数,ユーロ・ストックス50,^STOXX50E,yahoo,6287.7998046875,6369.52001953125,6282.2099609375,6282.2099609375,20763200,EUR,ZRH,2026-08-10T22:49:08+09:00
2026-07-27,海外指数,台湾加権,^TWII,yahoo,43585.921875,43686.1484375,42969.48046875,43634.19140625,4260000,TWD,TAI,2026-08-10T22:49:08+09:00
2026-07-28,個別株,SKハイニクス,000660.KS,yahoo,1662000.0,1674000.0,1550000.0,1550000.0,8120587,KRW,KSC,2026-08-10T22:49:08+09:00
2026-07-28,個別株,NAURA,002371.SZ,yahoo,745.2000122070312,771.989990234375,710.010009765625,715.0,13086042,CNY,SHZ,2026-08-10T22:49:08+09:00
2026-07-28,個別株,サムスン電子,005930.KS,yahoo,238500.0,240000.0,218500.0,220000.0,41639623,KRW,KSC,2026-08-10T22:49:08+09:00
2026-07-28,個別株,テンセント,0700.HK,yahoo,447.79998779296875,452.0,441.6000061035156,447.20001220703125,18143997,HKD,HKG,2026-08-10T22:49:08+09:00
2026-07-28,個別株,SMIC,0981.HK,yahoo,70.0999984741211,73.5999984741211,68.0,69.0999984741211,116060992,HKD,HKG,2026-08-10T22:49:08+09:00
2026-07-28,個別株,BYD,1211.HK,yahoo,88.69999694824219,91.0,88.55000305175781,89.80000305175781,15924123,HKD,HKG,2026-08-10T22:49:08+09:00
2026-07-28,個別株,シャオミ,1810.HK,yahoo,29.200000762939453,29.65999984741211,28.579999923706055,29.260000228881836,227304562,HKD,HKG,2026-08-10T22:49:08+09:00
2026-07-28,個別株,TSMC,2330.TW,yahoo,2270.0,2305.0,2270.0,2280.0,36576835,TWD,TAI,2026-08-10T22:49:08+09:00
2026-07-28,海外指数,深セン成分指数,399001.SZ,yahoo,13830.349609375,13940.990234375,13470.1103515625,13509.6796875,2016200,CNY,SHZ,2026-08-10T22:49:08+09:00
2026-07-28,個別株,アリババ,9988.HK,yahoo,113.0,114.19999694824219,111.0,112.0,75913853,HKD,HKG,2026-08-10T22:49:08+09:00
2026-07-28,個別株,アップル,AAPL,yahoo,340.0299987792969,342.8900146484375,335.6000061035156,340.0799865722656,51859000,USD,NMS,2026-08-10T22:49:08+09:00
2026-07-28,個別株,AMD,AMD,yahoo,467.0,472.75,442.2699890136719,454.6199951171875,36315500,USD,NMS,2026-08-10T22:49:08+09:00
2026-07-28,個別株,アマゾン,AMZN,yahoo,232.85000610351562,233.11000061035156,228.10000610351562,230.86000061035156,44521600,USD,NMS,2026-08-10T22:49:08+09:00
2026-07-28,ETF,アークETF,ARKK,yahoo,71.33499908447266,72.73999786376953,70.15499877929688,72.44999694824219,4738000,USD,BTS,2026-08-10T22:49:08+09:00
2026-07-28,個別株,アーム,ARM,yahoo,252.99000549316406,253.61000061035156,240.3800048828125,244.74000549316406,5852000,USD,NMS,2026-08-10T22:49:08+09:00
2026-07-28,個別株,ASML,ASML.AS,yahoo,1387.0,1426.0,1366.4000244140625,1388.4000244140625,1111714,EUR,AMS,2026-08-10T22:49:08+09:00
2026-07-28,為替,豪ドル/円,AUDJPY=X,yahoo,114.41200256347656,114.5530014038086,114.0199966430664,114.4229965209961,0,JPY,CCY,2026-08-10T22:49:08+09:00
2026-07-28,個別株,ブロードコム,AVGO,yahoo,374.3599853515625,385.79998779296875,371.5199890136719,380.9100036621094,20328400,USD,NMS,2026-08-10T22:49:08+09:00
2026-07-28,個別株,BASF,BAS.DE,yahoo,48.72999954223633,48.97999954223633,48.349998474121094,48.96500015258789,2025489,EUR,GER,2026-08-10T22:49:08+09:00
2026-07-28,個別株,BNPパリバ,BNP.PA,yahoo,108.63999938964844,108.80000305175781,107.19999694824219,108.19999694824219,1604768,EUR,PAR,2026-08-10T22:49:08+09:00
2026-07-28,個別株,バークシャー・ハサウェイ,BRK-B,yahoo,500.3299865722656,513.4400024414062,499.5,512.3699951171875,6362100,USD,NYQ,2026-08-10T22:49:08+09:00
2026-07-28,為替,ブラジルレアル/円,BRLJPY=X,yahoo,31.92099952697754,32.06700134277344,31.690736770629883,31.89708709716797,0,JPY,CCY,2026-08-11T07:30:36+09:00
2026-07-28,暗号資産,ビットコイン,BTC-USD,yahoo,63723.48828125,64026.921875,62714.8046875,63871.36328125,24128738898,USD,CCC,2026-08-11T07:30:36+09:00
2026-07-28,為替,スイスフラン/円,CHFJPY=X,yahoo,199.8406219482422,200.36289978027344,199.73548889160156,199.84500122070312,0,JPY,CCY,2026-08-11T07:30:36+09:00
2026-07-28,為替,中国元/円,CNYJPY=X,yahoo,24.204980850219727,24.22899627685547,24.186063766479492,24.20461082458496,0,JPY,CCY,2026-08-10T22:49:08+09:00
2026-07-28,暗号資産,イーサリアム,ETH-USD,yahoo,1890.634521484375,1926.5040283203125,1856.341552734375,1919.948486328125,11476069704,USD,CCC,2026-08-11T07:30:36+09:00
2026-07-28,為替,ユーロ/円,EURJPY=X,yahoo,186.19200134277344,186.60299682617188,186.0500030517578,186.19000244140625,0,JPY,CCY,2026-08-10T22:49:08+09:00
2026-07-28,海外指数,イタリア40,FTSEMIB.MI,yahoo,52213.0,52261.0,51503.0,51698.0,328608600,EUR,MIL,2026-08-10T22:49:08+09:00
2026-07-28,為替,英ポンド/円,GBPJPY=X,yahoo,217.63699340820312,217.97300720214844,217.50999450683594,217.64199829101562,0,JPY,CCY,2026-08-10T22:49:08+09:00
2026-07-28,商品,金,GC=F,yahoo,4025.699951171875,4036.300048828125,4025.699951171875,4036.300048828125,248,USD,CMX,2026-08-10T22:49:08+09:00
2026-07-28,個別株,アルファベット,GOOGL,yahoo,327.8999938964844,335.8800048828125,324.44000244140625,333.7099914550781,29511900,USD,NMS,2026-08-10T22:49:08+09:00
2026-07-28,個別株,ゴールドマン・サックス,GS,yahoo,1041.9300537109375,1047.7099609375,1011.8699951171875,1033.3399658203125,2173100,USD,NYQ,2026-08-10T22:49:08+09:00
2026-07-28,為替,香港ドル/円,HKDJPY=X,yahoo,20.88633918762207,20.906429290771484,20.8700008392334,20.884719848632812,0,JPY,CCY,2026-08-11T07:30:36+09:00
2026-07-28,個別株,HSBC,HSBA.L,yahoo,1558.0,1565.4000244140625,1533.800048828125,1548.4000244140625,18409063,GBp,LSE,2026-08-10T22:49:08+09:00
2026-07-28,為替,インドルピー/円,INRJPY=X,yahoo,1.707589030265808,1.712231993675232,1.706616997718811,1.7075560092926025,0,JPY,CCY,2026-08-11T07:30:36+09:00
2026-07-28,個別株,インテル,INTC,yahoo,86.62000274658203,88.27999877929688,83.0999984741211,86.30000305175781,154346700,USD,NMS,2026-08-10T22:49:08+09:00
2026-07-28,個別株,JPモルガン,JPM,yahoo,357.29998779296875,359.29998779296875,354.1499938964844,357.30999755859375,6533800,USD,NYQ,2026-08-10T22:49:08+09:00
2026-07-28,為替,韓国ウォン/円,KRWJPY=X,yahoo,0.1115569993853569,0.11262699961662292,0.11129699647426605,0.11176999658346176,0,JPY,CCY,2026-08-11T07:30:36+09:00
2026-07-28,個別株,LVMH,MC.PA,yahoo,469.3999938964844,481.1499938964844,451.79998779296875,470.29998779296875,876705,EUR,PAR,2026-08-10T22:49:08+09:00
2026-07-28,個別株,マクドナルド,MCD,yahoo,276.2099914550781,278.70001220703125,271.6300048828125,273.0199890136719,5261500,USD,NYQ,2026-08-10T22:49:08+09:00
2026-07-28,個別株,メタ,META,yahoo,596.8200073242188,601.0,587.0,593.4099731445312,12009300,USD,NMS,2026-08-10T22:49:08+09:00
2026-07-28,個別株,マイクロソフト,MSFT,yahoo,393.1600036621094,400.32000732421875,391.29998779296875,393.3500061035156,32367500,USD,NMS,2026-08-10T22:49:08+09:00
2026-07-28,個別株,マイクロン,MU,yahoo,839.6099853515625,848.3599853515625,789.0900268554688,820.530029296875,61039300,USD,NMS,2026-08-10T22:49:08+09:00
2026-07-28,為替,メキシコペソ/円,MXNJPY=X,yahoo,9.379799842834473,9.398290634155273,9.359740257263184,9.373963356018066,0,JPY,CCY,2026-08-11T07:30:36+09:00
2026-07-28,個別株,エヌビディア,NVDA,yahoo,195.0,198.6999969482422,192.74000549316406,197.00999450683594,134111500,USD,NMS,2026-08-10T22:49:08+09:00
2026-07-28,個別株,オラクル,ORCL,yahoo,118.18000030517578,122.33000183105469,114.5,119.95999908447266,32665400,USD,NYQ,2026-08-10T22:49:08+09:00
2026-07-28,個別株,パランティア,PLTR,yahoo,125.83999633789062,127.19000244140625,117.88999938964844,123.52999877929688,43597300,USD,NMS,2026-08-10T22:49:08+09:00
2026-07-28,個別株,クアルコム,QCOM,yahoo,164.89999389648438,167.9199981689453,162.16000366210938,162.8800048828125,16147500,USD,NMS,2026-08-10T22:49:08+09:00
2026-07-28,海外指数,ロシアRTS,RTSI,moex,896.28,896.95,875.9,877.11,,USD,MOEX,2026-08-10T22:49:08+09:00
2026-07-28,個別株,SAP,SAP.DE,yahoo,152.1999969482422,159.75999450683594,151.0,159.24000549316406,3621245,EUR,GER,2026-08-10T22:49:08+09:00
2026-07-28,個別株,サンディスク,SNDK,yahoo,1173.5999755859375,1188.0,1050.719970703125,1096.0999755859375,26627200,USD,NMS,2026-08-10T22:49:08+09:00
2026-07-28,為替,トルコリラ/円,TRYJPY=X,yahoo,3.4545860290527344,3.460155963897705,3.45120906829834,3.4527950286865234,0,JPY,CCY,2026-08-11T07:30:36+09:00
2026-07-28,個別株,テスラ,TSLA,yahoo,305.92999267578125,311.1600036621094,300.69000244140625,307.44000244140625,39802400,USD,NMS,2026-08-10T22:49:08+09:00
2026-07-28,為替,台湾ドル/円,TWDJPY=X,yahoo,5.067038059234619,5.069201946258545,5.047173023223877,5.067309856414795,0,JPY,CCY,2026-08-11T07:30:36+09:00
2026-07-28,為替,米ドル/円,USDJPY=X,yahoo,163.79200744628906,163.94200134277344,163.6439971923828,163.77099609375,0,JPY,CCY,2026-08-10T22:49:08+09:00
2026-07-28,個別株,フォルクスワーゲン,VOW3.DE,yahoo,71.76000213623047,73.91999816894531,71.5199966430664,73.91999816894531,1416795,EUR,GER,2026-08-10T22:49:08+09:00
2026-07-28,個別株,ウォルマート,WMT,yahoo,113.95999908447266,116.02999877929688,112.83999633789062,113.0999984741211,24867900,USD,NMS,2026-08-10T22:49:08+09:00
2026-07-28,暗号資産,リップル,XRP-USD,yahoo,1.0652689933776855,1.0687979459762573,1.0458910465240479,1.067958950996399,1231906994,USD,CCC,2026-08-11T07:30:36+09:00
2026-07-28,海外指数,イスタンブール100,XU100.IS,yahoo,13786.5,13872.900390625,13635.400390625,13687.900390625,7604600000,TRY,IST,2026-08-10T22:49:08+09:00
2026-07-28,為替,南アフリカランド/円,ZARJPY=X,yahoo,9.756999969482422,9.828399658203125,9.731599807739258,9.75790023803711,0,JPY,CCY,2026-08-11T07:30:36+09:00
2026-07-28,海外指数,インドSENSEX30,^BSESN,yahoo,76831.75,76988.4765625,76672.7734375,76765.921875,18700,INR,BSE,2026-08-10T22:49:08+09:00
2026-07-28,海外指数,仏CAC40,^FCHI,yahoo,8447.08984375,8472.8095703125,8400.330078125,8458.7802734375,64429900,EUR,PAR,2026-08-10T22:49:08+09:00
2026-07-28,海外指数,英国FTSE100,^FTSE,yahoo,10781.900390625,10884.2998046875,10770.2998046875,10871.0,848931800,GBP,FGI,2026-08-10T22:49:08+09:00
2026-07-28,海外指数,ドイツDAX,^GDAXI,yahoo,25496.130859375,25553.470703125,25307.169921875,25464.009765625,57351100,EUR,GER,2026-08-10T22:49:08+09:00
2026-07-28,海外指数,S&P500,^GSPC,yahoo,7395.5498046875,7452.08984375,7382.9501953125,7428.77978515625,5590890000,USD,SNP,2026-08-10T22:49:08+09:00
2026-07-28,海外指数,香港ハンセン,^HSI,yahoo,25271.94921875,25440.6796875,25069.849609375,25310.849609375,3084100000,HKD,HKG,2026-08-10T22:49:08+09:00
2026-07-28,海外指数,韓国総合株価指数,^KS11,yahoo,6400.27001953125,6413.56982421875,5992.91015625,6023.66015625,331300,KRW,KSC,2026-08-10T22:49:08+09:00
2026-07-28,海外指数,ラッセル2000,^RUT,yahoo,2946.669921875,2955.39990234375,2923.27001953125,2953.800048828125,5590890000,USD,WCB,2026-08-10T22:49:08+09:00
2026-07-28,海外指数,SOX,^SOX,yahoo,11150.0400390625,11187.4404296875,10799.83984375,11035.6796875,0,USD,NIM,2026-08-10T22:49:08+09:00
2026-07-28,セクター,S&P500 不動産,^SP500-60,yahoo,293.82000732421875,295.8299865722656,292.7099914550781,292.7099914550781,122259900,USD,SNP,2026-08-10T22:49:08+09:00
2026-07-28,海外指数,ユーロ・ストックス50,^STOXX50E,yahoo,6297.2001953125,6316.27978515625,6255.6201171875,6289.509765625,18886900,EUR,ZRH,2026-08-10T22:49:08+09:00
2026-07-28,海外指数,台湾加権,^TWII,yahoo,43221.9296875,43221.9296875,41565.0,41603.359375,4492500,TWD,TAI,2026-08-10T22:49:08+09:00
2026-07-29,個別株,SKハイニクス,000660.KS,yahoo,1567000.0,1619000.0,1246000.0,1401000.0,12428883,KRW,KSC,2026-08-10T22:49:08+09:00
2026-07-29,個別株,NAURA,002371.SZ,yahoo,715.5800170898438,727.3599853515625,664.02001953125,706.3900146484375,15794280,CNY,SHZ,2026-08-10T22:49:08+09:00
2026-07-29,個別株,サムスン電子,005930.KS,yahoo,226500.0,234000.0,189200.0,208500.0,65555523,KRW,KSC,2026-08-10T22:49:08+09:00
2026-07-29,個別株,テンセント,0700.HK,yahoo,453.0,469.3999938964844,450.0,466.3999938964844,36203193,HKD,HKG,2026-08-10T22:49:08+09:00
2026-07-29,個別株,SMIC,0981.HK,yahoo,69.44999694824219,70.44999694824219,63.54999923706055,67.19999694824219,153916014,HKD,HKG,2026-08-10T22:49:08+09:00
2026-07-29,個別株,BYD,1211.HK,yahoo,90.8499984741211,94.75,90.5999984741211,93.5999984741211,35589177,HKD,HKG,2026-08-10T22:49:08+09:00
2026-07-29,個別株,シャオミ,1810.HK,yahoo,29.700000762939453,32.0,29.479999542236328,31.8799991607666,482247702,HKD,HKG,2026-08-10T22:49:08+09:00
2026-07-29,個別株,TSMC,2330.TW,yahoo,2260.0,2280.0,2180.0,2200.0,55449661,TWD,TAI,2026-08-10T22:49:08+09:00
2026-07-29,海外指数,深セン成分指数,399001.SZ,yahoo,13498.75,13756.7099609375,13267.6396484375,13658.4404296875,2525200,CNY,SHZ,2026-08-10T22:49:08+09:00
2026-07-29,個別株,アリババ,9988.HK,yahoo,113.9000015258789,115.5,111.69999694824219,113.5999984741211,93154775,HKD,HKG,2026-08-10T22:49:08+09:00
2026-07-29,個別株,アップル,AAPL,yahoo,339.7300109863281,344.57000732421875,337.3500061035156,338.19000244140625,56090800,USD,NMS,2026-08-10T22:49:08+09:00
2026-07-29,個別株,AMD,AMD,yahoo,452.67999267578125,457.2200012207031,424.0299987792969,429.55999755859375,32304900,USD,NMS,2026-08-10T22:49:08+09:00
2026-07-29,個別株,アマゾン,AMZN,yahoo,229.32000732421875,232.82000732421875,226.16000366210938,226.64999389648438,44957500,USD,NMS,2026-08-10T22:49:08+09:00
2026-07-29,ETF,アークETF,ARKK,yahoo,72.02999877929688,72.9800033569336,70.33999633789062,70.58000183105469,6382200,USD,BTS,2026-08-10T22:49:08+09:00
2026-07-29,個別株,アーム,ARM,yahoo,241.5,243.2449951171875,222.55999755859375,224.88999938964844,9419100,USD,NMS,2026-08-10T22:49:08+09:00
2026-07-29,個別株,ASML,ASML.AS,yahoo,1360.199951171875,1420.199951171875,1333.800048828125,1362.199951171875,741639,EUR,AMS,2026-08-10T22:49:08+09:00
2026-07-29,為替,豪ドル/円,AUDJPY=X,yahoo,114.23799896240234,114.29499816894531,113.4489974975586,114.28500366210938,0,JPY,CCY,2026-08-10T22:49:08+09:00
2026-07-29,個別株,ブロードコム,AVGO,yahoo,380.6400146484375,386.1199951171875,369.510009765625,370.32000732421875,21374400,USD,NMS,2026-08-10T22:49:08+09:00
2026-07-29,個別株,BASF,BAS.DE,yahoo,49.0,51.2599983215332,48.97999954223633,50.86000061035156,3220937,EUR,GER,2026-08-10T22:49:08+09:00
2026-07-29,個別株,BNPパリバ,BNP.PA,yahoo,108.44000244140625,108.91999816894531,106.37999725341797,106.91999816894531,1482458,EUR,PAR,2026-08-10T22:49:08+09:00
2026-07-29,個別株,バークシャー・ハサウェイ,BRK-B,yahoo,511.44000244140625,513.3599853515625,507.20001220703125,509.1600036621094,5057500,USD,NYQ,2026-08-10T22:49:08+09:00
2026-07-29,為替,ブラジルレアル/円,BRLJPY=X,yahoo,31.863508224487305,32.059104919433594,31.648462295532227,31.881999969482422,0,JPY,CCY,2026-08-11T07:30:36+09:00
2026-07-29,暗号資産,ビットコイン,BTC-USD,yahoo,63871.39453125,64638.6953125,63206.2109375,63908.16796875,28611167472,USD,CCC,2026-08-11T07:30:36+09:00
2026-07-29,為替,スイスフラン/円,CHFJPY=X,yahoo,199.8719940185547,200.1199951171875,199.5,199.93699645996094,0,JPY,CCY,2026-08-11T07:30:36+09:00
2026-07-29,為替,中国元/円,CNYJPY=X,yahoo,24.20121192932129,24.201948165893555,24.116443634033203,24.19980812072754,0,JPY,CCY,2026-08-10T22:49:08+09:00
2026-07-29,暗号資産,イーサリアム,ETH-USD,yahoo,1919.9915771484375,1929.90087890625,1873.6192626953125,1908.51904296875,12003429702,USD,CCC,2026-08-11T07:30:36+09:00
2026-07-29,為替,ユーロ/円,EURJPY=X,yahoo,186.53799438476562,186.64999389648438,186.2100067138672,186.57000732421875,0,JPY,CCY,2026-08-10T22:49:08+09:00
2026-07-29,海外指数,イタリア40,FTSEMIB.MI,yahoo,51979.0,52146.0,51388.0,51443.0,364576200,EUR,MIL,2026-08-10T22:49:08+09:00
2026-07-29,為替,英ポンド/円,GBPJPY=X,yahoo,217.66000366210938,217.89500427246094,217.1840057373047,217.70899963378906,0,JPY,CCY,2026-08-10T22:49:08+09:00
2026-07-29,商品,金,GC=F,yahoo,4018.10009765625,4034.699951171875,4017.89990234375,4034.699951171875,89664,USD,CMX,2026-08-10T22:49:08+09:00
2026-07-29,個別株,アルファベット,GOOGL,yahoo,334.6700134277344,342.5,331.6199951171875,336.7099914550781,27501600,USD,NMS,2026-08-10T22:49:08+09:00
2026-07-29,個別株,ゴールドマン・サックス,GS,yahoo,1025.0,1028.1199951171875,977.7000122070312,980.75,3198400,USD,NYQ,2026-08-10T22:49:08+09:00
2026-07-29,為替,香港ドル/円,HKDJPY=X,yahoo,20.89760971069336,20.89982032775879,20.819440841674805,20.898319244384766,0,JPY,CCY,2026-08-11T07:30:36+09:00
2026-07-29,個別株,HSBC,HSBA.L,yahoo,1562.800048828125,1581.800048828125,1542.4000244140625,1547.800048828125,32209405,GBp,LSE,2026-08-10T22:49:08+09:00
2026-07-29,為替,インドルピー/円,INRJPY=X,yahoo,1.709509015083313,1.7132539749145508,1.705623984336853,1.7094060182571411,0,JPY,CCY,2026-08-11T07:30:36+09:00
2026-07-29,個別株,インテル,INTC,yahoo,86.56999969482422,88.47000122070312,81.79000091552734,81.87999725341797,152394600,USD,NMS,2026-08-10T22:49:08+09:00
2026-07-29,個別株,JPモルガン,JPM,yahoo,356.5,357.3699951171875,343.7799987792969,344.7099914550781,8265300,USD,NYQ,2026-08-10T22:49:08+09:00
2026-07-29,為替,韓国ウォン/円,KRWJPY=X,yahoo,0.11259300261735916,0.11328999698162079,0.11242800205945969,0.1126829981803894,0,JPY,CCY,2026-08-11T07:30:36+09:00
2026-07-29,個別株,LVMH,MC.PA,yahoo,477.0,486.3999938964844,465.25,467.95001220703125,684597,EUR,PAR,2026-08-10T22:49:08+09:00
2026-07-29,個別株,マクドナルド,MCD,yahoo,272.6300048828125,273.0299987792969,270.25,271.5199890136719,3650700,USD,NYQ,2026-08-10T22:49:08+09:00
2026-07-29,個別株,メタ,META,yahoo,593.25,599.969970703125,582.219970703125,585.6099853515625,22371100,USD,NMS,2026-08-10T22:49:08+09:00
2026-07-29,個別株,マイクロソフト,MSFT,yahoo,393.3999938964844,401.25,388.739990234375,390.5400085449219,47209000,USD,NMS,2026-08-10T22:49:08+09:00
2026-07-29,個別株,マイクロン,MU,yahoo,833.0,841.7999877929688,737.8800048828125,739.0,69846000,USD,NMS,2026-08-10T22:49:08+09:00
2026-07-29,為替,メキシコペソ/円,MXNJPY=X,yahoo,9.393242835998535,9.398093223571777,9.344698905944824,9.395099639892578,0,JPY,CCY,2026-08-11T07:30:36+09:00
2026-07-29,個別株,エヌビディア,NVDA,yahoo,195.85000610351562,197.07000732421875,190.00999450683594,190.00999450683594,147680800,USD,NMS,2026-08-10T22:49:08+09:00
2026-07-29,個別株,オラクル,ORCL,yahoo,119.41999816894531,121.91999816894531,116.19999694824219,117.73999786376953,28081800,USD,NYQ,2026-08-10T22:49:08+09:00
2026-07-29,個別株,パランティア,PLTR,yahoo,124.0,127.27999877929688,122.44999694824219,123.0,27207900,USD,NMS,2026-08-10T22:49:08+09:00
2026-07-29,個別株,クアルコム,QCOM,yahoo,162.5800018310547,164.55999755859375,155.0,155.67999267578125,19240700,USD,NMS,2026-08-10T22:49:08+09:00
2026-07-29,海外指数,ロシアRTS,RTSI,moex,879.28,893.7,879.28,888.08,,USD,MOEX,2026-08-10T22:49:08+09:00
2026-07-29,個別株,SAP,SAP.DE,yahoo,159.83999633789062,163.3000030517578,156.47999572753906,162.0399932861328,4475041,EUR,GER,2026-08-10T22:49:08+09:00
2026-07-29,個別株,サンディスク,SNDK,yahoo,1119.3280029296875,1124.800048828125,998.1900024414062,1015.8900146484375,24491100,USD,NMS,2026-08-10T22:49:08+09:00
2026-07-29,為替,トルコリラ/円,TRYJPY=X,yahoo,3.452176094055176,3.4572670459747314,3.4427199363708496,3.4522440433502197,0,JPY,CCY,2026-08-11T07:30:36+09:00
2026-07-29,個別株,テスラ,TSLA,yahoo,307.1400146484375,309.05999755859375,297.3800048828125,298.32000732421875,39478000,USD,NMS,2026-08-10T22:49:08+09:00
2026-07-29,為替,台湾ドル/円,TWDJPY=X,yahoo,5.061120986938477,5.061154842376709,5.033687114715576,5.060842990875244,0,JPY,CCY,2026-08-11T07:30:36+09:00
2026-07-29,為替,米ドル/円,USDJPY=X,yahoo,163.85800170898438,163.88299560546875,163.29299926757812,163.86399841308594,0,JPY,CCY,2026-08-10T22:49:08+09:00
2026-07-29,個別株,フォルクスワーゲン,VOW3.DE,yahoo,74.5999984741211,76.36000061035156,74.05999755859375,75.37999725341797,1534605,EUR,GER,2026-08-10T22:49:08+09:00
2026-07-29,個別株,ウォルマート,WMT,yahoo,113.2300033569336,114.69000244140625,112.44999694824219,114.22000122070312,23480000,USD,NMS,2026-08-10T22:49:08+09:00
2026-07-29,暗号資産,リップル,XRP-USD,yahoo,1.06796395778656,1.0912519693374634,1.0636719465255737,1.0728590488433838,1572779699,USD,CCC,2026-08-11T07:30:36+09:00
2026-07-29,海外指数,イスタンブール100,XU100.IS,yahoo,13692.2998046875,13721.900390625,13449.0,13501.599609375,6969800000,TRY,IST,2026-08-10T22:49:08+09:00
2026-07-29,為替,南アフリカランド/円,ZARJPY=X,yahoo,9.805700302124023,9.809300422668457,9.753499984741211,9.806300163269043,0,JPY,CCY,2026-08-11T07:30:36+09:00
2026-07-29,海外指数,インドSENSEX30,^BSESN,yahoo,77423.7734375,77765.4921875,77333.2421875,77654.6015625,22100,INR,BSE,2026-08-10T22:49:08+09:00
2026-07-29,海外指数,仏CAC40,^FCHI,yahoo,8492.9697265625,8502.48046875,8379.7802734375,8408.26953125,66023100,EUR,PAR,2026-08-10T22:49:08+09:00
2026-07-29,海外指数,英国FTSE100,^FTSE,yahoo,10871.2001953125,10951.099609375,10864.099609375,10908.400390625,771519600,GBP,FGI,2026-08-10T22:49:08+09:00
2026-07-29,海外指数,ドイツDAX,^GDAXI,yahoo,25551.970703125,25571.44921875,25336.390625,25460.48046875,62068900,EUR,GER,2026-08-10T22:49:08+09:00
2026-07-29,海外指数,S&P500,^GSPC,yahoo,7418.16015625,7450.83984375,7313.919921875,7316.14990234375,5836350000,USD,SNP,2026-08-10T22:49:08+09:00
2026-07-29,海外指数,香港ハンセン,^HSI,yahoo,25487.16015625,25808.9296875,25487.16015625,25807.919921875,3870400000,HKD,HKG,2026-08-10T22:49:08+09:00
2026-07-29,海外指数,韓国総合株価指数,^KS11,yahoo,6089.10986328125,6228.52001953125,5262.77001953125,5663.240234375,457400,KRW,KSC,2026-08-10T22:49:08+09:00
2026-07-29,海外指数,ラッセル2000,^RUT,yahoo,2950.6201171875,2953.760009765625,2903.669921875,2906.31005859375,5836350000,USD,WCB,2026-08-10T22:49:08+09:00
2026-07-29,海外指数,SOX,^SOX,yahoo,11011.8701171875,11125.0498046875,10445.4404296875,10447.490234375,0,USD,NIM,2026-08-10T22:49:08+09:00
2026-07-29,セクター,S&P500 不動産,^SP500-60,yahoo,292.44000244140625,293.8599853515625,290.3500061035156,292.1499938964844,116996000,USD,SNP,2026-08-10T22:49:08+09:00
2026-07-29,海外指数,ユーロ・ストックス50,^STOXX50E,yahoo,6282.77978515625,6305.8798828125,6235.77978515625,6248.83984375,22630200,EUR,ZRH,2026-08-10T22:49:08+09:00
2026-07-29,海外指数,台湾加権,^TWII,yahoo,41491.48046875,41698.390625,39384.8515625,40039.1796875,6323100,TWD,TAI,2026-08-10T22:49:08+09:00
2026-07-30,個別株,SKハイニクス,000660.KS,yahoo,1361000.0,1459000.0,1287000.0,1322000.0,9543189,KRW,KSC,2026-08-10T22:49:08+09:00
2026-07-30,個別株,NAURA,002371.SZ,yahoo,688.0800170898438,711.72998046875,643.5,668.0700073242188,16329609,CNY,SHZ,2026-08-10T22:49:08+09:00
2026-07-30,個別株,サムスン電子,005930.KS,yahoo,214000.0,226000.0,202000.0,207000.0,46694193,KRW,KSC,2026-08-10T22:49:08+09:00
2026-07-30,個別株,テンセント,0700.HK,yahoo,466.3999938964844,475.0,462.79998779296875,471.79998779296875,31791979,HKD,HKG,2026-08-10T22:49:08+09:00
2026-07-30,個別株,SMIC,0981.HK,yahoo,66.0999984741211,67.44999694824219,61.79999923706055,62.0,154530837,HKD,HKG,2026-08-10T22:49:08+09:00
2026-07-30,個別株,BYD,1211.HK,yahoo,94.0,96.1500015258789,93.94999694824219,94.80000305175781,26511289,HKD,HKG,2026-08-10T22:49:08+09:00
2026-07-30,個別株,シャオミ,1810.HK,yahoo,32.400001525878906,32.400001525878906,30.799999237060547,31.040000915527344,242298426,HKD,HKG,2026-08-10T22:49:08+09:00
2026-07-30,個別株,TSMC,2330.TW,yahoo,2205.0,2260.0,2190.0,2205.0,44446679,TWD,TAI,2026-08-10T22:49:08+09:00
2026-07-30,海外指数,深セン成分指数,399001.SZ,yahoo,13531.0703125,13619.0302734375,13068.5595703125,13285.7998046875,2647700,CNY,SHZ,2026-08-10T22:49:08+09:00
2026-07-30,個別株,アリババ,9988.HK,yahoo,114.0,114.80000305175781,110.30000305175781,111.80000305175781,74326961,HKD,HKG,2026-08-10T22:49:08+09:00
2026-07-30,個別株,アップル,AAPL,yahoo,333.1000061035156,334.75,329.5899963378906,333.42999267578125,74817800,USD,NMS,2026-08-10T22:49:08+09:00
2026-07-30,個別株,AMD,AMD,yahoo,460.0,498.20001220703125,457.67999267578125,485.3900146484375,36936600,USD,NMS,2026-08-10T22:49:08+09:00
2026-07-30,個別株,アマゾン,AMZN,yahoo,233.35000610351562,239.82000732421875,231.05999755859375,235.5,101839800,USD,NMS,2026-08-10T22:49:08+09:00
2026-07-30,ETF,アークETF,ARKK,yahoo,71.36499786376953,73.0199966430664,71.12999725341797,72.9000015258789,4888500,USD,BTS,2026-08-10T22:49:08+09:00
2026-07-30,個別株,アーム,ARM,yahoo,258.0,268.4800109863281,232.6699981689453,241.5399932861328,12805900,USD,NMS,2026-08-10T22:49:08+09:00
2026-07-30,個別株,ASML,ASML.AS,yahoo,1366.0,1456.199951171875,1363.0,1440.0,762188,EUR,AMS,2026-08-10T22:49:08+09:00
2026-07-30,為替,豪ドル/円,AUDJPY=X,yahoo,113.62100219726562,113.9469985961914,110.93900299072266,113.63099670410156,0,JPY,CCY,2026-08-10T22:49:08+09:00
2026-07-30,個別株,ブロードコム,AVGO,yahoo,380.3500061035156,388.67999267578125,377.5400085449219,387.8399963378906,23639800,USD,NMS,2026-08-10T22:49:08+09:00
2026-07-30,個別株,BASF,BAS.DE,yahoo,51.13999938964844,51.7400016784668,50.88999938964844,51.2400016784668,2000086,EUR,GER,2026-08-10T22:49:08+09:00
2026-07-30,個別株,BNPパリバ,BNP.PA,yahoo,106.19999694824219,109.33999633789062,105.12000274658203,108.83999633789062,1819924,EUR,PAR,2026-08-10T22:49:08+09:00
2026-07-30,個別株,バークシャー・ハサウェイ,BRK-B,yahoo,505.9800109863281,509.9100036621094,501.2699890136719,509.67999267578125,4055100,USD,NYQ,2026-08-10T22:49:08+09:00
2026-07-30,為替,ブラジルレアル/円,BRLJPY=X,yahoo,31.826000213623047,32.0,31.054000854492188,31.836000442504883,0,JPY,CCY,2026-08-11T07:30:36+09:00
2026-07-30,暗号資産,ビットコイン,BTC-USD,yahoo,63908.625,65071.4453125,63533.90625,64725.30859375,26250039650,USD,CCC,2026-08-11T07:30:36+09:00
2026-07-30,為替,スイスフラン/円,CHFJPY=X,yahoo,200.69837951660156,200.69837951660156,196.166015625,200.7310028076172,0,JPY,CCY,2026-08-11T07:30:36+09:00
2026-07-30,為替,中国元/円,CNYJPY=X,yahoo,24.1280574798584,24.19840431213379,23.35032844543457,24.135963439941406,0,JPY,CCY,2026-08-10T22:49:08+09:00
2026-07-30,暗号資産,イーサリアム,ETH-USD,yahoo,1908.5860595703125,1934.5772705078125,1892.196533203125,1917.3729248046875,8075086285,USD,CCC,2026-08-11T07:30:36+09:00
2026-07-30,為替,ユーロ/円,EURJPY=X,yahoo,187.21800231933594,187.41099548339844,182.16900634765625,187.25399780273438,0,JPY,CCY,2026-08-10T22:49:08+09:00
2026-07-30,海外指数,イタリア40,FTSEMIB.MI,yahoo,51218.0,52105.0,51182.0,52104.0,369120900,EUR,MIL,2026-08-10T22:49:08+09:00
2026-07-30,為替,英ポンド/円,GBPJPY=X,yahoo,218.24099731445312,218.6699981689453,212.4320068359375,218.2790069580078,0,JPY,CCY,2026-08-10T22:49:08+09:00
2026-07-30,商品,金,GC=F,yahoo,4060.699951171875,4118.5,4028.5,4100.10009765625,16985,USD,CMX,2026-08-10T22:49:08+09:00
2026-07-30,個別株,アルファベット,GOOGL,yahoo,334.20001220703125,336.510009765625,330.3399963378906,333.6600036621094,30168000,USD,NMS,2026-08-10T22:49:08+09:00
2026-07-30,個別株,ゴールドマン・サックス,GS,yahoo,1007.3599853515625,1029.7900390625,998.510009765625,1024.8599853515625,2330800,USD,NYQ,2026-08-10T22:49:08+09:00
2026-07-30,為替,香港ドル/円,HKDJPY=X,yahoo,20.81744956970215,20.87285041809082,20.14756965637207,20.822860717773438,0,JPY,CCY,2026-08-11T07:30:36+09:00
2026-07-30,個別株,HSBC,HSBA.L,yahoo,1550.0,1595.5999755859375,1548.0,1587.0,19512980,GBp,LSE,2026-08-10T22:49:08+09:00
2026-07-30,為替,インドルピー/円,INRJPY=X,yahoo,1.7068790197372437,1.7110710144042969,1.6514819860458374,1.7072620391845703,0,JPY,CCY,2026-08-11T07:30:36+09:00
2026-07-30,個別株,インテル,INTC,yahoo,86.51000213623047,94.0999984741211,85.97000122070312,91.12999725341797,140322600,USD,NMS,2026-08-10T22:49:08+09:00
2026-07-30,個別株,JPモルガン,JPM,yahoo,347.5400085449219,352.2799987792969,345.3699951171875,350.8500061035156,7606500,USD,NYQ,2026-08-10T22:49:08+09:00
2026-07-30,為替,韓国ウォン/円,KRWJPY=X,yahoo,0.1131720021367073,0.11402100324630737,0.1109360009431839,0.11312200129032135,0,JPY,CCY,2026-08-11T07:30:36+09:00
2026-07-30,個別株,LVMH,MC.PA,yahoo,467.29998779296875,478.3999938964844,462.54998779296875,473.29998779296875,538828,EUR,PAR,2026-08-10T22:49:08+09:00
2026-07-30,個別株,マクドナルド,MCD,yahoo,270.489990234375,271.79998779296875,266.30999755859375,268.44000244140625,4040200,USD,NYQ,2026-08-10T22:49:08+09:00
2026-07-30,個別株,メタ,META,yahoo,526.0,539.8800048828125,524.489990234375,539.030029296875,42271500,USD,NMS,2026-08-10T22:49:08+09:00
2026-07-30,個別株,マイクロソフト,MSFT,yahoo,437.8999938964844,458.69000244140625,432.44000244140625,451.1000061035156,110160700,USD,NMS,2026-08-10T22:49:08+09:00
2026-07-30,個別株,マイクロン,MU,yahoo,793.1400146484375,882.5,789.0,874.6599731445312,63075300,USD,NMS,2026-08-10T22:49:08+09:00
2026-07-30,為替,メキシコペソ/円,MXNJPY=X,yahoo,9.359342575073242,9.390332221984863,9.10326862335205,9.360344886779785,0,JPY,CCY,2026-08-11T07:30:36+09:00
2026-07-30,個別株,エヌビディア,NVDA,yahoo,193.4499969482422,197.25,191.52000427246094,195.0399932861328,129010200,USD,NMS,2026-08-10T22:49:08+09:00
2026-07-30,個別株,オラクル,ORCL,yahoo,122.87000274658203,128.33999633789062,121.58000183105469,127.55999755859375,41338400,USD,NYQ,2026-08-10T22:49:08+09:00
2026-07-30,個別株,パランティア,PLTR,yahoo,121.13999938964844,123.66999816894531,120.2699966430664,122.26000213623047,27801600,USD,NMS,2026-08-10T22:49:08+09:00
2026-07-30,個別株,クアルコム,QCOM,yahoo,146.5500030517578,154.16000366210938,146.0,151.60000610351562,24336800,USD,NMS,2026-08-10T22:49:08+09:00
2026-07-30,海外指数,ロシアRTS,RTSI,moex,890.73,905.56,870.73,871.74,,USD,MOEX,2026-08-10T22:49:08+09:00
2026-07-30,個別株,SAP,SAP.DE,yahoo,162.5,163.16000366210938,155.1999969482422,155.9199981689453,4334799,EUR,GER,2026-08-10T22:49:08+09:00
2026-07-30,個別株,サンディスク,SNDK,yahoo,1135.010009765625,1285.47998046875,1124.0,1279.9599609375,24398700,USD,NMS,2026-08-10T22:49:08+09:00
2026-07-30,為替,トルコリラ/円,TRYJPY=X,yahoo,3.4325180053710938,3.452523946762085,3.3252639770507812,3.4333739280700684,0,JPY,CCY,2026-08-11T07:30:36+09:00
2026-07-30,個別株,テスラ,TSLA,yahoo,302.70001220703125,310.8699951171875,301.3299865722656,308.8500061035156,38005400,USD,NMS,2026-08-10T22:49:08+09:00
2026-07-30,為替,台湾ドル/円,TWDJPY=X,yahoo,5.0447587966918945,5.051042079925537,4.878204822540283,5.045890808105469,0,JPY,CCY,2026-08-11T07:30:36+09:00
2026-07-30,為替,米ドル/円,USDJPY=X,yahoo,163.2530059814453,163.73300170898438,157.99400329589844,163.3000030517578,0,JPY,CCY,2026-08-10T22:49:08+09:00
2026-07-30,個別株,フォルクスワーゲン,VOW3.DE,yahoo,74.80000305175781,76.30000305175781,74.4000015258789,76.13999938964844,890384,EUR,GER,2026-08-10T22:49:08+09:00
2026-07-30,個別株,ウォルマート,WMT,yahoo,111.61000061035156,113.02999877929688,110.44000244140625,111.0999984741211,28747000,USD,NMS,2026-08-10T22:49:08+09:00
2026-07-30,暗号資産,リップル,XRP-USD,yahoo,1.0728620290756226,1.0924299955368042,1.0678060054779053,1.0838249921798706,1026515295,USD,CCC,2026-08-11T07:30:36+09:00
2026-07-30,海外指数,イスタンブール100,XU100.IS,yahoo,13484.5,13489.099609375,13223.7001953125,13292.900390625,7911200000,TRY,IST,2026-08-10T22:49:08+09:00
2026-07-30,為替,南アフリカランド/円,ZARJPY=X,yahoo,9.800800323486328,9.858699798583984,9.57229995727539,9.79699993133545,0,JPY,CCY,2026-08-11T07:30:36+09:00
2026-07-30,海外指数,インドSENSEX30,^BSESN,yahoo,77638.859375,78007.09375,77440.90625,77928.1484375,24100,INR,BSE,2026-08-10T22:49:08+09:00
2026-07-30,海外指数,仏CAC40,^FCHI,yahoo,8410.330078125,8515.3603515625,8409.8896484375,8485.6396484375,76989600,EUR,PAR,2026-08-10T22:49:08+09:00
2026-07-30,海外指数,英国FTSE100,^FTSE,yahoo,10907.400390625,10979.599609375,10865.400390625,10897.2998046875,964211500,GBP,FGI,2026-08-10T22:49:08+09:00
2026-07-30,海外指数,ドイツDAX,^GDAXI,yahoo,25487.44921875,25651.16015625,25303.109375,25612.029296875,61023700,EUR,GER,2026-08-10T22:49:08+09:00
2026-07-30,海外指数,S&P500,^GSPC,yahoo,7390.4501953125,7448.75,7370.97998046875,7437.6298828125,5594430000,USD,SNP,2026-08-10T22:49:08+09:00
2026-07-30,海外指数,香港ハンセン,^HSI,yahoo,25875.830078125,25971.630859375,25657.330078125,25858.880859375,3743800000,HKD,HKG,2026-08-10T22:49:08+09:00
2026-07-30,海外指数,韓国総合株価指数,^KS11,yahoo,5681.77001953125,5976.81982421875,5547.41015625,5593.56005859375,378900,KRW,KSC,2026-08-10T22:49:08+09:00
2026-07-30,海外指数,ラッセル2000,^RUT,yahoo,2918.860107421875,2948.409912109375,2912.18994140625,2946.10009765625,5594430000,USD,WCB,2026-08-10T22:49:08+09:00
2026-07-30,海外指数,SOX,^SOX,yahoo,11085.9599609375,11406.8203125,10963.8896484375,11302.990234375,0,USD,NIM,2026-08-10T22:49:08+09:00
2026-07-30,セクター,S&P500 不動産,^SP500-60,yahoo,293.3399963378906,293.3699951171875,286.3399963378906,288.55999755859375,118169800,USD,SNP,2026-08-10T22:49:08+09:00
2026-07-30,海外指数,ユーロ・ストックス50,^STOXX50E,yahoo,6245.2998046875,6356.31005859375,6245.2998046875,6344.39990234375,20682300,EUR,ZRH,2026-08-10T22:49:08+09:00
2026-07-30,海外指数,台湾加権,^TWII,yahoo,40048.94140625,41155.421875,39404.6484375,39933.30078125,5907800,TWD,TAI,2026-08-10T22:49:08+09:00
2026-07-31,個別株,SKハイニクス,000660.KS,yahoo,1697000.0,1718000.0,1586000.0,1718000.0,10499619,KRW,KSC,2026-08-10T22:49:08+09:00
2026-07-31,個別株,NAURA,002371.SZ,yahoo,728.0,728.0,686.3499755859375,687.0,13874349,CNY,SHZ,2026-08-10T22:49:08+09:00
2026-07-31,個別株,サムスン電子,005930.KS,yahoo,257000.0,267000.0,243000.0,262500.0,58478873,KRW,KSC,2026-08-10T22:49:08+09:00
2026-07-31,個別株,テンセント,0700.HK,yahoo,470.0,479.79998779296875,462.0,475.20001220703125,31100240,HKD,HKG,2026-08-10T22:49:08+09:00
2026-07-31,個別株,SMIC,0981.HK,yahoo,67.0,67.5,62.75,63.25,147608901,HKD,HKG,2026-08-10T22:49:08+09:00
2026-07-31,個別株,BYD,1211.HK,yahoo,92.4000015258789,94.55000305175781,90.80000305175781,94.1500015258789,27656478,HKD,HKG,2026-08-10T22:49:08+09:00
2026-07-31,個別株,シャオミ,1810.HK,yahoo,29.299999237060547,29.5,27.760000228881836,28.780000686645508,414222166,HKD,HKG,2026-08-10T22:49:08+09:00
2026-07-31,個別株,TSMC,2330.TW,yahoo,2350.0,2425.0,2345.0,2425.0,57145894,TWD,TAI,2026-08-10T22:49:08+09:00
2026-07-31,海外指数,深セン成分指数,399001.SZ,yahoo,13690.0,13841.9599609375,13578.9296875,13578.9296875,2835300,CNY,SHZ,2026-08-10T22:49:08+09:00
2026-07-31,個別株,アリババ,9988.HK,yahoo,114.0999984741211,119.30000305175781,113.30000305175781,117.0,144668807,HKD,HKG,2026-08-10T22:49:08+09:00
2026-07-31,個別株,アップル,AAPL,yahoo,304.80999755859375,310.69000244140625,300.0,308.9100036621094,132489100,USD,NMS,2026-08-10T22:49:08+09:00
2026-07-31,個別株,AMD,AMD,yahoo,510.2799987792969,515.6199951171875,475.760009765625,476.1499938964844,26615700,USD,NMS,2026-08-10T22:49:08+09:00
2026-07-31,個別株,アマゾン,AMZN,yahoo,265.0,273.2300109863281,262.010009765625,271.5799865722656,129054800,USD,NMS,2026-08-10T22:49:08+09:00
2026-07-31,ETF,アークETF,ARKK,yahoo,72.97000122070312,72.97000122070312,69.88999938964844,71.23999786376953,6193100,USD,BTS,2026-08-10T22:49:08+09:00
2026-07-31,個別株,アーム,ARM,yahoo,258.95001220703125,261.9049987792969,239.25999450683594,239.69000244140625,7229200,USD,NMS,2026-08-10T22:49:08+09:00
2026-07-31,個別株,ASML,ASML.AS,yahoo,1474.0,1495.800048828125,1417.199951171875,1434.199951171875,848806,EUR,AMS,2026-08-10T22:49:08+09:00
2026-07-31,為替,豪ドル/円,AUDJPY=X,yahoo,112.52899932861328,112.97899627685547,111.16200256347656,112.50900268554688,0,JPY,CCY,2026-08-10T22:49:08+09:00
2026-07-31,個別株,ブロードコム,AVGO,yahoo,394.8299865722656,399.9200134277344,379.7099914550781,389.2799987792969,20391000,USD,NMS,2026-08-10T22:49:08+09:00
2026-07-31,個別株,BASF,BAS.DE,yahoo,50.84000015258789,51.5,50.15999984741211,50.400001525878906,2199108,EUR,GER,2026-08-10T22:49:08+09:00
2026-07-31,個別株,BNPパリバ,BNP.PA,yahoo,109.16000366210938,110.23999786376953,108.16000366210938,109.66000366210938,2084710,EUR,PAR,2026-08-10T22:49:08+09:00
2026-07-31,個別株,バークシャー・ハサウェイ,BRK-B,yahoo,508.989990234375,513.030029296875,506.70001220703125,511.5400085449219,3939800,USD,NYQ,2026-08-10T22:49:08+09:00
2026-07-31,為替,ブラジルレアル/円,BRLJPY=X,yahoo,31.532745361328125,31.707000732421875,31.111068725585938,31.525949478149414,0,JPY,CCY,2026-08-11T07:30:36+09:00
2026-07-31,暗号資産,ビットコイン,BTC-USD,yahoo,64723.96875,65328.18359375,62410.8671875,62813.74609375,30439749629,USD,CCC,2026-08-11T07:30:36+09:00
2026-07-31,為替,スイスフラン/円,CHFJPY=X,yahoo,198.7530059814453,199.28250122070312,195.747802734375,198.7519989013672,0,JPY,CCY,2026-08-11T07:30:36+09:00
2026-07-31,為替,中国元/円,CNYJPY=X,yahoo,23.712678909301758,23.811487197875977,23.4771671295166,23.7142333984375,0,JPY,CCY,2026-08-10T22:49:08+09:00
2026-07-31,暗号資産,イーサリアム,ETH-USD,yahoo,1917.1417236328125,1933.77783203125,1847.46875,1860.345947265625,10253082786,USD,CCC,2026-08-11T07:30:36+09:00
2026-07-31,為替,ユーロ/円,EURJPY=X,yahoo,184.58299255371094,185.12100219726562,182.3260040283203,184.5800018310547,0,JPY,CCY,2026-08-10T22:49:08+09:00
2026-07-31,海外指数,イタリア40,FTSEMIB.MI,yahoo,52347.0,52656.0,51941.0,52173.0,354196500,EUR,MIL,2026-08-10T22:49:08+09:00
2026-07-31,為替,英ポンド/円,GBPJPY=X,yahoo,215.61099243164062,216.27499389648438,213.2550048828125,215.60800170898438,0,JPY,CCY,2026-08-10T22:49:08+09:00
2026-07-31,商品,金,GC=F,yahoo,4102.39990234375,4102.39990234375,4022.39990234375,4049.10009765625,1166,USD,CMX,2026-08-10T22:49:08+09:00
2026-07-31,個別株,アルファベット,GOOGL,yahoo,340.8299865722656,358.5799865722656,340.0,356.1300048828125,46498000,USD,NMS,2026-08-10T22:49:08+09:00
2026-07-31,個別株,ゴールドマン・サックス,GS,yahoo,1034.719970703125,1042.97998046875,1008.5999755859375,1018.3800048828125,1553700,USD,NYQ,2026-08-10T22:49:08+09:00
2026-07-31,為替,香港ドル/円,HKDJPY=X,yahoo,20.42371940612793,20.505720138549805,20.234619140625,20.42329978942871,0,JPY,CCY,2026-08-11T07:30:36+09:00
2026-07-31,個別株,HSBC,HSBA.L,yahoo,1592.5999755859375,1604.5999755859375,1566.4000244140625,1576.0,20240565,GBp,LSE,2026-08-10T22:49:08+09:00
2026-07-31,為替,インドルピー/円,INRJPY=X,yahoo,1.6745229959487915,1.6862980127334595,1.6630569696426392,1.6740789413452148,0,JPY,CCY,2026-08-11T07:30:36+09:00
2026-07-31,個別株,インテル,INTC,yahoo,96.72000122070312,97.9000015258789,90.12999725341797,90.19999694824219,109039500,USD,NMS,2026-08-10T22:49:08+09:00
2026-07-31,個別株,JPモルガン,JPM,yahoo,353.29998779296875,354.4700012207031,349.70001220703125,351.7900085449219,6603400,USD,NYQ,2026-08-10T22:49:08+09:00
2026-07-31,為替,韓国ウォン/円,KRWJPY=X,yahoo,0.11239299923181534,0.11251799762248993,0.1105090007185936,0.11267600208520889,0,JPY,CCY,2026-08-11T07:30:36+09:00
2026-07-31,個別株,LVMH,MC.PA,yahoo,468.95001220703125,478.8999938964844,467.5,475.1499938964844,429187,EUR,PAR,2026-08-10T22:49:08+09:00
2026-07-31,個別株,マクドナルド,MCD,yahoo,267.1199951171875,271.07000732421875,265.5199890136719,270.6400146484375,4965200,USD,NYQ,2026-08-10T22:49:08+09:00
2026-07-31,個別株,メタ,META,yahoo,543.5999755859375,558.3300170898438,540.219970703125,556.7100219726562,24261500,USD,NMS,2026-08-10T22:49:08+09:00
2026-07-31,個別株,マイクロソフト,MSFT,yahoo,450.0,466.8399963378906,449.3299865722656,464.7200012207031,60846000,USD,NMS,2026-08-10T22:49:08+09:00
2026-07-31,個別株,マイクロン,MU,yahoo,919.6500244140625,930.8800048828125,818.0,823.030029296875,54538600,USD,NMS,2026-08-10T22:49:08+09:00
2026-07-31,為替,メキシコペソ/円,MXNJPY=X,yahoo,9.233781814575195,9.272299766540527,9.15149974822998,9.233085632324219,0,JPY,CCY,2026-08-11T07:30:36+09:00
2026-07-31,個別株,エヌビディア,NVDA,yahoo,198.44000244140625,202.0,194.9499969482422,200.75,139961200,USD,NMS,2026-08-10T22:49:08+09:00
2026-07-31,個別株,オラクル,ORCL,yahoo,130.07000732421875,132.39999389648438,125.69999694824219,129.8699951171875,34438700,USD,NYQ,2026-08-10T22:49:08+09:00
2026-07-31,個別株,パランティア,PLTR,yahoo,122.29000091552734,123.38999938964844,119.62000274658203,123.05999755859375,29085100,USD,NMS,2026-08-10T22:49:08+09:00
2026-07-31,個別株,クアルコム,QCOM,yahoo,152.9600067138672,153.72999572753906,146.14999389648438,147.61000061035156,13811200,USD,NMS,2026-08-10T22:49:08+09:00
2026-07-31,海外指数,ロシアRTS,RTSI,moex,869.56,884.97,863.64,882.61,,USD,MOEX,2026-08-10T22:49:08+09:00
2026-07-31,個別株,SAP,SAP.DE,yahoo,154.89999389648438,158.25999450683594,153.60000610351562,157.67999267578125,3541483,EUR,GER,2026-08-10T22:49:08+09:00
2026-07-31,個別株,サンディスク,SNDK,yahoo,1383.68505859375,1404.989990234375,1187.260009765625,1214.8299560546875,21176600,USD,NMS,2026-08-10T22:49:08+09:00
2026-07-31,為替,トルコリラ/円,TRYJPY=X,yahoo,3.3597710132598877,3.384161949157715,3.3361780643463135,3.362942934036255,0,JPY,CCY,2026-08-11T07:30:36+09:00
2026-07-31,個別株,テスラ,TSLA,yahoo,309.69000244140625,315.5,301.9700012207031,311.2099914550781,36630600,USD,NMS,2026-08-10T22:49:08+09:00
2026-07-31,為替,台湾ドル/円,TWDJPY=X,yahoo,4.943771839141846,4.970591068267822,4.919960975646973,4.942192077636719,0,JPY,CCY,2026-08-11T07:30:36+09:00
2026-07-31,為替,米ドル/円,USDJPY=X,yahoo,160.1790008544922,160.83599853515625,158.66799926757812,160.18299865722656,0,JPY,CCY,2026-08-10T22:49:08+09:00
2026-07-31,個別株,フォルクスワーゲン,VOW3.DE,yahoo,75.4000015258789,75.86000061035156,74.19999694824219,74.66000366210938,730161,EUR,GER,2026-08-10T22:49:08+09:00
2026-07-31,個別株,ウォルマート,WMT,yahoo,110.5199966430664,111.91000366210938,109.88999938964844,111.19999694824219,22799100,USD,NMS,2026-08-10T22:49:08+09:00
2026-07-31,暗号資産,リップル,XRP-USD,yahoo,1.083827018737793,1.0874559879302979,1.0584290027618408,1.060534954071045,1130852291,USD,CCC,2026-08-11T07:30:36+09:00
2026-07-31,海外指数,イスタンブール100,XU100.IS,yahoo,13310.2998046875,13458.099609375,13216.2001953125,13458.099609375,6451200000,TRY,IST,2026-08-10T22:49:08+09:00
2026-07-31,為替,南アフリカランド/円,ZARJPY=X,yahoo,9.704500198364258,9.743200302124023,9.57409954071045,9.703900337219238,0,JPY,CCY,2026-08-11T07:30:36+09:00
2026-07-31,海外指数,インドSENSEX30,^BSESN,yahoo,77998.65625,78272.25,77809.9296875,78094.640625,15900,INR,BSE,2026-08-10T22:49:08+09:00
2026-07-31,海外指数,仏CAC40,^FCHI,yahoo,8489.4404296875,8576.5498046875,8483.2099609375,8509.6396484375,88739700,EUR,PAR,2026-08-10T22:49:08+09:00
2026-07-31,海外指数,英国FTSE100,^FTSE,yahoo,10897.099609375,10989.5,10829.2998046875,10868.099609375,770876200,GBP,FGI,2026-08-10T22:49:08+09:00
2026-07-31,海外指数,ドイツDAX,^GDAXI,yahoo,25709.369140625,25891.509765625,25549.529296875,25629.240234375,62199500,EUR,GER,2026-08-10T22:49:08+09:00
2026-07-31,海外指数,S&P500,^GSPC,yahoo,7462.1298828125,7512.0400390625,7399.830078125,7489.72021484375,5391020000,USD,SNP,2026-08-10T22:49:08+09:00
2026-07-31,海外指数,香港ハンセン,^HSI,yahoo,25837.720703125,25917.19921875,25622.919921875,25884.4296875,3585400000,HKD,HKG,2026-08-10T22:49:08+09:00
2026-07-31,海外指数,韓国総合株価指数,^KS11,yahoo,5657.7900390625,6630.77001953125,5629.759765625,6595.4501953125,434400,KRW,KSC,2026-08-10T22:49:08+09:00
2026-07-31,海外指数,ラッセル2000,^RUT,yahoo,2952.860107421875,2955.830078125,2902.469970703125,2931.340087890625,5391020000,USD,WCB,2026-08-10T22:49:08+09:00
2026-07-31,海外指数,SOX,^SOX,yahoo,11715.4599609375,11885.740234375,11231.7900390625,11311.080078125,0,USD,NIM,2026-08-10T22:49:08+09:00
2026-07-31,セクター,S&P500 不動産,^SP500-60,yahoo,288.1700134277344,288.1700134277344,285.17999267578125,286.5899963378906,123449700,USD,SNP,2026-08-10T22:49:08+09:00
2026-07-31,海外指数,ユーロ・ストックス50,^STOXX50E,yahoo,6354.7900390625,6421.740234375,6332.580078125,6358.009765625,23105100,EUR,ZRH,2026-08-10T22:49:08+09:00
2026-07-31,海外指数,台湾加権,^TWII,yahoo,41610.41015625,43214.359375,41610.41015625,43119.75,4859500,TWD,TAI,2026-08-10T22:49:08+09:00
2026-08-01,暗号資産,ビットコイン,BTC-USD,yahoo,62813.6640625,63091.59765625,62233.01171875,62763.3203125,13553286543,USD,CCC,2026-08-11T07:30:36+09:00
2026-08-01,暗号資産,イーサリアム,ETH-USD,yahoo,1860.37109375,1873.1712646484375,1821.485107421875,1843.417724609375,4889749337,USD,CCC,2026-08-11T07:30:36+09:00
2026-08-01,暗号資産,リップル,XRP-USD,yahoo,1.060526967048645,1.0658520460128784,1.0501060485839844,1.059743046760559,586692436,USD,CCC,2026-08-11T07:30:36+09:00
2026-08-02,暗号資産,ビットコイン,BTC-USD,yahoo,62763.4453125,63714.61328125,62745.25390625,63482.0,15901776708,USD,CCC,2026-08-11T07:30:36+09:00
2026-08-02,暗号資産,イーサリアム,ETH-USD,yahoo,1843.41748046875,1895.7662353515625,1842.1544189453125,1882.52197265625,5798420478,USD,CCC,2026-08-11T07:30:36+09:00
2026-08-02,暗号資産,リップル,XRP-USD,yahoo,1.059743046760559,1.0899749994277954,1.0597280263900757,1.0846099853515625,839647017,USD,CCC,2026-08-11T07:30:36+09:00
2026-08-03,個別株,SKハイニクス,000660.KS,yahoo,1642000.0,1645000.0,1562000.0,1567000.0,5432833,KRW,KSC,2026-08-10T22:49:08+09:00
2026-08-03,個別株,NAURA,002371.SZ,yahoo,685.0,689.5499877929688,636.4500122070312,641.2999877929688,13141166,CNY,SHZ,2026-08-10T22:49:08+09:00
2026-08-03,個別株,サムスン電子,005930.KS,yahoo,248000.0,249500.0,238000.0,239500.0,27825493,KRW,KSC,2026-08-10T22:49:08+09:00
2026-08-03,個別株,テンセント,0700.HK,yahoo,482.0,491.0,480.6000061035156,490.3999938964844,38649910,HKD,HKG,2026-08-10T22:49:08+09:00
2026-08-03,個別株,SMIC,0981.HK,yahoo,63.099998474121094,63.79999923706055,61.29999923706055,62.20000076293945,82857600,HKD,HKG,2026-08-10T22:49:08+09:00
2026-08-03,個別株,BYD,1211.HK,yahoo,95.05000305175781,96.6500015258789,94.19999694824219,94.9000015258789,17725391,HKD,HKG,2026-08-10T22:49:08+09:00
2026-08-03,個別株,シャオミ,1810.HK,yahoo,28.739999771118164,28.760000228881836,27.200000762939453,27.959999084472656,291271451,HKD,HKG,2026-08-10T22:49:08+09:00
2026-08-03,個別株,TSMC,2330.TW,yahoo,2390.0,2395.0,2365.0,2370.0,30005447,TWD,TAI,2026-08-10T22:49:08+09:00
2026-08-03,海外指数,深セン成分指数,399001.SZ,yahoo,13497.099609375,13570.509765625,13407.990234375,13448.2900390625,2374000,CNY,SHZ,2026-08-10T22:49:08+09:00
2026-08-03,個別株,アリババ,9988.HK,yahoo,121.0,126.0,120.0999984741211,125.19999694824219,192268809,HKD,HKG,2026-08-10T22:49:08+09:00
2026-08-03,個別株,アップル,AAPL,yahoo,309.5799865722656,311.79998779296875,302.55999755859375,303.4200134277344,75052000,USD,NMS,2026-08-10T22:49:08+09:00
2026-08-03,個別株,AMD,AMD,yahoo,461.7900085449219,490.95001220703125,455.29998779296875,484.6400146484375,24422300,USD,NMS,2026-08-10T22:49:08+09:00
2026-08-03,個別株,アマゾン,AMZN,yahoo,278.2900085449219,287.20001220703125,278.0,284.0199890136719,90830200,USD,NMS,2026-08-10T22:49:08+09:00
2026-08-03,ETF,アークETF,ARKK,yahoo,70.80000305175781,73.69499969482422,70.19000244140625,73.54000091552734,5083900,USD,BTS,2026-08-10T22:49:08+09:00
2026-08-03,個別株,アーム,ARM,yahoo,230.00999450683594,241.89999389648438,219.38999938964844,239.05999755859375,6049200,USD,NMS,2026-08-10T22:49:08+09:00
2026-08-03,個別株,ASML,ASML.AS,yahoo,1440.0,1443.800048828125,1372.4000244140625,1419.5999755859375,590984,EUR,AMS,2026-08-10T22:49:08+09:00
2026-08-03,為替,豪ドル/円,AUDJPY=X,yahoo,111.08300018310547,111.16300201416016,109.23699951171875,111.01799774169922,0,JPY,CCY,2026-08-10T22:49:08+09:00
2026-08-03,個別株,ブロードコム,AVGO,yahoo,384.4100036621094,392.6099853515625,374.6099853515625,392.2300109863281,17315100,USD,NMS,2026-08-10T22:49:08+09:00
2026-08-03,個別株,BASF,BAS.DE,yahoo,50.20000076293945,51.52000045776367,49.84000015258789,51.060001373291016,2004089,EUR,GER,2026-08-10T22:49:08+09:00
2026-08-03,個別株,BNPパリバ,BNP.PA,yahoo,110.68000030517578,111.77999877929688,110.55999755859375,111.77999877929688,1726832,EUR,PAR,2026-08-10T22:49:08+09:00
2026-08-03,個別株,バークシャー・ハサウェイ,BRK-B,yahoo,514.9299926757812,520.6699829101562,510.8299865722656,513.1400146484375,4249000,USD,NYQ,2026-08-10T22:49:08+09:00
2026-08-03,為替,ブラジルレアル/円,BRLJPY=X,yahoo,31.062414169311523,31.086999893188477,30.545562744140625,31.048999786376953,0,JPY,CCY,2026-08-11T07:30:36+09:00
2026-08-03,暗号資産,ビットコイン,BTC-USD,yahoo,63485.44140625,64020.32421875,62226.578125,63460.8984375,26038889824,USD,CCC,2026-08-11T07:30:36+09:00
2026-08-03,為替,スイスフラン/円,CHFJPY=X,yahoo,195.322998046875,195.56430053710938,192.64328002929688,195.25265502929688,0,JPY,CCY,2026-08-11T07:30:36+09:00
2026-08-03,為替,中国元/円,CNYJPY=X,yahoo,23.345380783081055,23.379074096679688,23.0063533782959,23.345380783081055,0,JPY,CCY,2026-08-10T22:49:08+09:00
2026-08-03,暗号資産,イーサリアム,ETH-USD,yahoo,1882.7835693359375,1883.439208984375,1827.697509765625,1858.2564697265625,7822619495,USD,CCC,2026-08-11T07:30:36+09:00
2026-08-03,為替,ユーロ/円,EURJPY=X,yahoo,181.99000549316406,182.14300537109375,179.36900329589844,181.8990020751953,0,JPY,CCY,2026-08-10T22:49:08+09:00
2026-08-03,海外指数,イタリア40,FTSEMIB.MI,yahoo,52512.0,52889.0,52418.0,52872.0,310226500,EUR,MIL,2026-08-10T22:49:08+09:00
2026-08-03,為替,英ポンド/円,GBPJPY=X,yahoo,212.7209930419922,212.88299560546875,209.5959930419922,212.58200073242188,0,JPY,CCY,2026-08-10T22:49:08+09:00
2026-08-03,商品,金,GC=F,yahoo,4083.39990234375,4083.5,4026.5,4033.699951171875,698,USD,CMX,2026-08-10T22:49:08+09:00
2026-08-03,個別株,アルファベット,GOOGL,yahoo,365.45001220703125,376.69000244140625,363.3500061035156,373.510009765625,38669700,USD,NMS,2026-08-10T22:49:08+09:00
2026-08-03,個別株,ゴールドマン・サックス,GS,yahoo,1025.0,1027.9599609375,1005.1599731445312,1027.06005859375,1706500,USD,NYQ,2026-08-10T22:49:08+09:00
2026-08-03,為替,香港ドル/円,HKDJPY=X,yahoo,20.11029052734375,20.132259368896484,19.798999786376953,20.094480514526367,0,JPY,CCY,2026-08-11T07:30:36+09:00
2026-08-03,個別株,HSBC,HSBA.L,yahoo,1586.5999755859375,1598.4000244140625,1582.800048828125,1597.4000244140625,31298160,GBp,LSE,2026-08-10T22:49:08+09:00
2026-08-03,為替,インドルピー/円,INRJPY=X,yahoo,1.6596720218658447,1.6609580516815186,1.6362149715423584,1.6588959693908691,0,JPY,CCY,2026-08-11T07:30:36+09:00
2026-08-03,個別株,インテル,INTC,yahoo,88.4000015258789,91.68000030517578,85.62000274658203,91.0,96633600,USD,NMS,2026-08-10T22:49:08+09:00
2026-08-03,個別株,JPモルガン,JPM,yahoo,353.75,355.6199951171875,350.8399963378906,352.6400146484375,6436600,USD,NYQ,2026-08-10T22:49:08+09:00
2026-08-03,為替,韓国ウォン/円,KRWJPY=X,yahoo,0.10976800322532654,0.10995800048112869,0.1077599972486496,0.10971699655056,0,JPY,CCY,2026-08-11T07:30:36+09:00
2026-08-03,個別株,LVMH,MC.PA,yahoo,474.79998779296875,496.3500061035156,474.7749938964844,486.8999938964844,546862,EUR,PAR,2026-08-10T22:49:08+09:00
2026-08-03,個別株,マクドナルド,MCD,yahoo,275.7099914550781,276.3299865722656,265.2300109863281,265.2300109863281,7440500,USD,NYQ,2026-08-10T22:49:08+09:00
2026-08-03,個別株,メタ,META,yahoo,562.239990234375,597.52001953125,559.3599853515625,590.239990234375,25938100,USD,NMS,2026-08-10T22:49:08+09:00
2026-08-03,個別株,マイクロソフト,MSFT,yahoo,476.1300048828125,491.6499938964844,475.0,487.6499938964844,66762100,USD,NMS,2026-08-10T22:49:08+09:00
2026-08-03,個別株,マイクロン,MU,yahoo,786.3599853515625,836.6199951171875,770.0999755859375,829.5,42607100,USD,NMS,2026-08-10T22:49:08+09:00
2026-08-03,為替,メキシコペソ/円,MXNJPY=X,yahoo,9.110318183898926,9.120668411254883,8.963399887084961,9.104900360107422,0,JPY,CCY,2026-08-11T07:30:36+09:00
2026-08-03,個別株,エヌビディア,NVDA,yahoo,197.69000244140625,208.74000549316406,196.85000610351562,206.63999938964844,128406900,USD,NMS,2026-08-10T22:49:08+09:00
2026-08-03,個別株,オラクル,ORCL,yahoo,131.9199981689453,143.07000732421875,130.2100067138672,141.85000610351562,49696900,USD,NYQ,2026-08-10T22:49:08+09:00
2026-08-03,個別株,パランティア,PLTR,yahoo,126.69999694824219,126.96499633789062,123.65699768066406,125.6500015258789,77282900,USD,NMS,2026-08-10T22:49:08+09:00
2026-08-03,個別株,クアルコム,QCOM,yahoo,146.1999969482422,151.67999267578125,142.88999938964844,151.57000732421875,13700700,USD,NMS,2026-08-10T22:49:08+09:00
2026-08-03,海外指数,ロシアRTS,RTSI,moex,885.33,897.34,885.33,890.25,,USD,MOEX,2026-08-10T22:49:08+09:00
2026-08-03,個別株,SAP,SAP.DE,yahoo,160.0,168.6999969482422,159.60000610351562,164.63999938964844,3968193,EUR,GER,2026-08-10T22:49:08+09:00
2026-08-03,個別株,サンディスク,SNDK,yahoo,1159.8399658203125,1316.449951171875,1121.2650146484375,1288.030029296875,14759300,USD,NMS,2026-08-10T22:49:08+09:00
2026-08-03,為替,トルコリラ/円,TRYJPY=X,yahoo,3.3110311031341553,3.3152620792388916,3.2595930099487305,3.3098859786987305,0,JPY,CCY,2026-08-11T07:30:36+09:00
2026-08-03,個別株,テスラ,TSLA,yahoo,310.9599914550781,324.6499938964844,310.42999267578125,322.0799865722656,38281400,USD,NMS,2026-08-10T22:49:08+09:00
2026-08-03,為替,台湾ドル/円,TWDJPY=X,yahoo,4.87907600402832,4.890377998352051,4.81184720993042,4.876797199249268,0,JPY,CCY,2026-08-11T07:30:36+09:00
2026-08-03,為替,米ドル/円,USDJPY=X,yahoo,157.697998046875,157.86900329589844,155.25599670410156,157.58200073242188,0,JPY,CCY,2026-08-10T22:49:08+09:00
2026-08-03,個別株,フォルクスワーゲン,VOW3.DE,yahoo,75.44000244140625,77.12000274658203,75.44000244140625,76.30000305175781,894426,EUR,GER,2026-08-10T22:49:08+09:00
2026-08-03,個別株,ウォルマート,WMT,yahoo,113.0999984741211,113.29000091552734,110.16000366210938,110.70999908447266,23942500,USD,NMS,2026-08-10T22:49:08+09:00
2026-08-03,暗号資産,リップル,XRP-USD,yahoo,1.08461594581604,1.0854159593582153,1.0624569654464722,1.0746320486068726,1071229854,USD,CCC,2026-08-11T07:30:36+09:00
2026-08-03,海外指数,イスタンブール100,XU100.IS,yahoo,13544.2998046875,13588.5,13376.0,13410.5,8016200000,TRY,IST,2026-08-10T22:49:08+09:00
2026-08-03,為替,南アフリカランド/円,ZARJPY=X,yahoo,9.573399543762207,9.585100173950195,9.42549991607666,9.569299697875977,0,JPY,CCY,2026-08-11T07:30:36+09:00
2026-08-03,海外指数,インドSENSEX30,^BSESN,yahoo,78883.34375,78895.1015625,78497.34375,78639.03125,21000,INR,BSE,2026-08-10T22:49:08+09:00
2026-08-03,海外指数,仏CAC40,^FCHI,yahoo,8566.740234375,8642.3203125,8559.580078125,8613.8203125,64433300,EUR,PAR,2026-08-10T22:49:08+09:00
2026-08-03,海外指数,英国FTSE100,^FTSE,yahoo,10868.099609375,10917.400390625,10832.5,10857.7001953125,1298395800,GBP,FGI,2026-08-10T22:49:08+09:00
2026-08-03,海外指数,ドイツDAX,^GDAXI,yahoo,25855.119140625,26096.9296875,25855.119140625,26001.310546875,64941600,EUR,GER,2026-08-10T22:49:08+09:00
2026-08-03,海外指数,S&P500,^GSPC,yahoo,7504.77978515625,7610.0400390625,7504.77978515625,7600.5,5201470000,USD,SNP,2026-08-10T22:49:08+09:00
2026-08-03,海外指数,香港ハンセン,^HSI,yahoo,25987.310546875,26133.880859375,25811.740234375,26009.400390625,2923000000,HKD,HKG,2026-08-10T22:49:08+09:00
2026-08-03,海外指数,韓国総合株価指数,^KS11,yahoo,6358.27001953125,6393.0,6223.2900390625,6257.4501953125,273000,KRW,KSC,2026-08-10T22:49:08+09:00
2026-08-03,海外指数,ラッセル2000,^RUT,yahoo,2935.260009765625,2985.679931640625,2935.260009765625,2981.909912109375,5201470000,USD,WCB,2026-08-10T22:49:08+09:00
2026-08-03,海外指数,SOX,^SOX,yahoo,11046.08984375,11495.2802734375,10922.3095703125,11430.349609375,0,USD,NIM,2026-08-10T22:49:08+09:00
2026-08-03,セクター,S&P500 不動産,^SP500-60,yahoo,286.9200134277344,288.6300048828125,285.3699951171875,287.3299865722656,110377200,USD,SNP,2026-08-10T22:49:08+09:00
2026-08-03,海外指数,ユーロ・ストックス50,^STOXX50E,yahoo,6361.2099609375,6437.72998046875,6361.2099609375,6426.5,21899400,EUR,ZRH,2026-08-10T22:49:08+09:00
2026-08-03,海外指数,台湾加権,^TWII,yahoo,42780.421875,43784.19140625,42780.421875,43386.41015625,4688600,TWD,TAI,2026-08-10T22:49:08+09:00
2026-08-04,個別株,SKハイニクス,000660.KS,yahoo,1620000.0,1630000.0,1483000.0,1577000.0,5391210,KRW,KSC,2026-08-10T22:49:08+09:00
2026-08-04,個別株,NAURA,002371.SZ,yahoo,640.0,698.0,632.010009765625,687.0,14500593,CNY,SHZ,2026-08-10T22:49:08+09:00
2026-08-04,個別株,サムスン電子,005930.KS,yahoo,244500.0,244500.0,228000.0,240000.0,29433821,KRW,KSC,2026-08-10T22:49:08+09:00
2026-08-04,個別株,テンセント,0700.HK,yahoo,491.0,494.79998779296875,480.79998779296875,487.6000061035156,24860019,HKD,HKG,2026-08-10T22:49:08+09:00
2026-08-04,個別株,SMIC,0981.HK,yahoo,62.79999923706055,65.9000015258789,62.45000076293945,65.30000305175781,100800218,HKD,HKG,2026-08-10T22:49:08+09:00
2026-08-04,個別株,BYD,1211.HK,yahoo,94.9000015258789,95.44999694824219,93.05000305175781,93.44999694824219,13394026,HKD,HKG,2026-08-10T22:49:08+09:00
2026-08-04,個別株,シャオミ,1810.HK,yahoo,27.860000610351562,28.34000015258789,27.18000030517578,27.959999084472656,154554311,HKD,HKG,2026-08-10T22:49:08+09:00
2026-08-04,個別株,TSMC,2330.TW,yahoo,2335.0,2360.0,2310.0,2320.0,35945450,TWD,TAI,2026-08-10T22:49:08+09:00
2026-08-04,海外指数,深セン成分指数,399001.SZ,yahoo,13572.9501953125,13936.51953125,13537.759765625,13885.7099609375,2528100,CNY,SHZ,2026-08-10T22:49:08+09:00
2026-08-04,個別株,アリババ,9988.HK,yahoo,126.80000305175781,129.1999969482422,124.69999694824219,125.80000305175781,125358922,HKD,HKG,2026-08-10T22:49:08+09:00
2026-08-04,個別株,アップル,AAPL,yahoo,302.7300109863281,310.4200134277344,301.32000732421875,309.3800048828125,68001000,USD,NMS,2026-08-10T22:49:08+09:00
2026-08-04,個別株,AMD,AMD,yahoo,504.0,530.1300048828125,502.20001220703125,518.5800170898438,48463600,USD,NMS,2026-08-10T22:49:08+09:00
2026-08-04,個別株,アマゾン,AMZN,yahoo,276.05999755859375,281.07000732421875,275.82000732421875,277.4200134277344,69748100,USD,NMS,2026-08-10T22:49:08+09:00
2026-08-04,ETF,アークETF,ARKK,yahoo,74.55999755859375,77.11000061035156,74.52999877929688,76.76000213623047,6618300,USD,BTS,2026-08-10T22:49:08+09:00
2026-08-04,個別株,アーム,ARM,yahoo,253.39999389648438,283.2690124511719,251.10000610351562,280.55999755859375,9892200,USD,NMS,2026-08-10T22:49:08+09:00
2026-08-04,個別株,ASML,ASML.AS,yahoo,1453.199951171875,1485.800048828125,1442.199951171875,1472.5999755859375,575851,EUR,AMS,2026-08-10T22:49:08+09:00
2026-08-04,為替,豪ドル/円,AUDJPY=X,yahoo,110.22899627685547,111.01799774169922,110.0999984741211,110.22799682617188,0,JPY,CCY,2026-08-10T22:49:08+09:00
2026-08-04,個別株,ブロードコム,AVGO,yahoo,402.9700012207031,422.07000732421875,400.67999267578125,418.1600036621094,29564200,USD,NMS,2026-08-10T22:49:08+09:00
2026-08-04,個別株,BASF,BAS.DE,yahoo,51.22999954223633,51.54999923706055,50.25,50.439998626708984,1495642,EUR,GER,2026-08-10T22:49:08+09:00
2026-08-04,個別株,BNPパリバ,BNP.PA,yahoo,112.0,112.37999725341797,110.9800033569336,111.87999725341797,1364483,EUR,PAR,2026-08-10T22:49:08+09:00
2026-08-04,個別株,バークシャー・ハサウェイ,BRK-B,yahoo,512.0700073242188,517.77001953125,508.80999755859375,517.219970703125,4771300,USD,NYQ,2026-08-10T22:49:08+09:00
2026-08-04,為替,ブラジルレアル/円,BRLJPY=X,yahoo,30.85300064086914,31.025999069213867,30.56399917602539,30.85489273071289,0,JPY,CCY,2026-08-11T07:30:36+09:00
2026-08-04,暗号資産,ビットコイン,BTC-USD,yahoo,63458.41015625,64466.9375,63277.68359375,64055.953125,23662357784,USD,CCC,2026-08-11T07:30:36+09:00
2026-08-04,為替,スイスフラン/円,CHFJPY=X,yahoo,194.40733337402344,194.97662353515625,194.14100646972656,194.36300659179688,0,JPY,CCY,2026-08-11T07:30:36+09:00
2026-08-04,為替,中国元/円,CNYJPY=X,yahoo,23.327089309692383,23.39061737060547,23.28399658203125,23.33012580871582,0,JPY,CCY,2026-08-10T22:49:08+09:00
2026-08-04,暗号資産,イーサリアム,ETH-USD,yahoo,1858.22021484375,1879.5380859375,1847.1749267578125,1868.3858642578125,7950029763,USD,CCC,2026-08-11T07:30:36+09:00
2026-08-04,為替,ユーロ/円,EURJPY=X,yahoo,181.29400634765625,181.78599548339844,181.00999450683594,181.2790069580078,0,JPY,CCY,2026-08-10T22:49:08+09:00
2026-08-04,海外指数,イタリア40,FTSEMIB.MI,yahoo,53095.0,53613.0,53095.0,53541.0,314130100,EUR,MIL,2026-08-10T22:49:08+09:00
2026-08-04,為替,英ポンド/円,GBPJPY=X,yahoo,211.51499938964844,212.3159942626953,211.16299438476562,211.51699829101562,0,JPY,CCY,2026-08-10T22:49:08+09:00
2026-08-04,商品,金,GC=F,yahoo,4050.5,4095.39990234375,4048.800048828125,4095.39990234375,426,USD,CMX,2026-08-10T22:49:08+09:00
2026-08-04,個別株,アルファベット,GOOGL,yahoo,368.2200012207031,380.5199890136719,367.5,377.6499938964844,35705700,USD,NMS,2026-08-10T22:49:08+09:00
2026-08-04,個別株,ゴールドマン・サックス,GS,yahoo,1050.0,1066.1600341796875,1043.27001953125,1052.97998046875,2653600,USD,NYQ,2026-08-10T22:49:08+09:00
2026-08-04,為替,香港ドル/円,HKDJPY=X,yahoo,20.088619232177734,20.1400203704834,20.04599952697754,20.089059829711914,0,JPY,CCY,2026-08-11T07:30:36+09:00
2026-08-04,個別株,HSBC,HSBA.L,yahoo,1580.0,1610.0,1562.800048828125,1584.5999755859375,41510155,GBp,LSE,2026-08-10T22:49:08+09:00
2026-08-04,為替,インドルピー/円,INRJPY=X,yahoo,1.6521929502487183,1.6559629440307617,1.6484019756317139,1.6522799730300903,0,JPY,CCY,2026-08-11T07:30:36+09:00
2026-08-04,個別株,インテル,INTC,yahoo,95.23999786376953,101.38999938964844,94.31999969482422,100.86000061035156,124355100,USD,NMS,2026-08-10T22:49:08+09:00
2026-08-04,個別株,JPモルガン,JPM,yahoo,355.0,363.0,353.8699951171875,357.5199890136719,8477200,USD,NYQ,2026-08-10T22:49:08+09:00
2026-08-04,為替,韓国ウォン/円,KRWJPY=X,yahoo,0.10993000119924545,0.11093100160360336,0.1098100021481514,0.11019700020551682,0,JPY,CCY,2026-08-11T07:30:36+09:00
2026-08-04,個別株,LVMH,MC.PA,yahoo,484.70001220703125,485.20001220703125,475.1000061035156,485.0,407738,EUR,PAR,2026-08-10T22:49:08+09:00
2026-08-04,個別株,マクドナルド,MCD,yahoo,270.3299865722656,271.5299987792969,264.30999755859375,268.3399963378906,7486000,USD,NYQ,2026-08-10T22:49:08+09:00
2026-08-04,個別株,メタ,META,yahoo,581.5,592.7899780273438,578.25,587.9400024414062,17959200,USD,NMS,2026-08-10T22:49:08+09:00
2026-08-04,個別株,マイクロソフト,MSFT,yahoo,480.8999938964844,499.44000244140625,479.1700134277344,492.80999755859375,50455500,USD,NMS,2026-08-10T22:49:08+09:00
2026-08-04,個別株,マイクロン,MU,yahoo,866.8200073242188,902.4299926757812,858.5,892.6699829101562,37478600,USD,NMS,2026-08-10T22:49:08+09:00
2026-08-04,為替,メキシコペソ/円,MXNJPY=X,yahoo,9.091262817382812,9.133157730102539,9.074304580688477,9.089999198913574,0,JPY,CCY,2026-08-11T07:30:36+09:00
2026-08-04,個別株,エヌビディア,NVDA,yahoo,211.3000030517578,213.05999755859375,209.0500030517578,211.94000244140625,134922000,USD,NMS,2026-08-10T22:49:08+09:00
2026-08-04,個別株,オラクル,ORCL,yahoo,141.00999450683594,148.6999969482422,141.00999450683594,145.74000549316406,43723500,USD,NYQ,2026-08-10T22:49:08+09:00
2026-08-04,個別株,パランティア,PLTR,yahoo,145.14500427246094,164.52000427246094,143.27999877929688,162.66000366210938,175034700,USD,NMS,2026-08-10T22:49:08+09:00
2026-08-04,個別株,クアルコム,QCOM,yahoo,156.97999572753906,163.47999572753906,155.30999755859375,162.6699981689453,16351500,USD,NMS,2026-08-10T22:49:08+09:00
2026-08-04,海外指数,ロシアRTS,RTSI,moex,889.89,892.54,876.43,881.14,,USD,MOEX,2026-08-10T22:49:08+09:00
2026-08-04,個別株,SAP,SAP.DE,yahoo,162.86000061035156,168.55999755859375,162.39999389648438,167.3800048828125,2997262,EUR,GER,2026-08-10T22:49:08+09:00
2026-08-04,個別株,サンディスク,SNDK,yahoo,1358.2099609375,1446.623046875,1340.0,1427.6199951171875,14685300,USD,NMS,2026-08-10T22:49:08+09:00
2026-08-04,為替,トルコリラ/円,TRYJPY=X,yahoo,3.310115098953247,3.319077968597412,3.3035519123077393,3.309093952178955,0,JPY,CCY,2026-08-11T07:30:36+09:00
2026-08-04,個別株,テスラ,TSLA,yahoo,324.0,329.57000732421875,320.7900085449219,327.3500061035156,33318300,USD,NMS,2026-08-10T22:49:08+09:00
2026-08-04,為替,台湾ドル/円,TWDJPY=X,yahoo,4.8595170974731445,4.87194299697876,4.851171970367432,4.859463214874268,0,JPY,CCY,2026-08-11T07:30:36+09:00
2026-08-04,為替,米ドル/円,USDJPY=X,yahoo,157.53900146484375,157.95199584960938,157.2310028076172,157.5290069580078,0,JPY,CCY,2026-08-10T22:49:08+09:00
2026-08-04,個別株,フォルクスワーゲン,VOW3.DE,yahoo,75.94000244140625,76.9000015258789,75.37999725341797,76.9000015258789,613619,EUR,GER,2026-08-10T22:49:08+09:00
2026-08-04,個別株,ウォルマート,WMT,yahoo,109.01000213623047,111.68000030517578,108.55999755859375,111.55000305175781,29620000,USD,NMS,2026-08-10T22:49:08+09:00
2026-08-04,暗号資産,リップル,XRP-USD,yahoo,1.074633002281189,1.0801750421524048,1.0694940090179443,1.0732090473175049,971582717,USD,CCC,2026-08-11T07:30:36+09:00
2026-08-04,海外指数,イスタンブール100,XU100.IS,yahoo,13399.400390625,13687.900390625,13395.900390625,13687.900390625,7674700000,TRY,IST,2026-08-10T22:49:08+09:00
2026-08-04,為替,南アフリカランド/円,ZARJPY=X,yahoo,9.53320026397705,9.615699768066406,9.519599914550781,9.530799865722656,0,JPY,CCY,2026-08-11T07:30:36+09:00
2026-08-04,海外指数,インドSENSEX30,^BSESN,yahoo,79132.96875,79143.1484375,78211.8671875,78428.953125,11400,INR,BSE,2026-08-10T22:49:08+09:00
2026-08-04,海外指数,仏CAC40,^FCHI,yahoo,8642.33984375,8669.6904296875,8601.919921875,8666.6298828125,57151100,EUR,PAR,2026-08-10T22:49:08+09:00
2026-08-04,海外指数,英国FTSE100,^FTSE,yahoo,10857.599609375,10932.5,10855.2001953125,10879.400390625,1054581500,GBP,FGI,2026-08-10T22:49:08+09:00
2026-08-04,海外指数,ドイツDAX,^GDAXI,yahoo,26189.619140625,26266.5,26082.4296875,26202.349609375,64214500,EUR,GER,2026-08-10T22:49:08+09:00
2026-08-04,海外指数,S&P500,^GSPC,yahoo,7630.6201171875,7758.2099609375,7629.10009765625,7736.52001953125,5906940000,USD,SNP,2026-08-10T22:49:08+09:00
2026-08-04,海外指数,香港ハンセン,^HSI,yahoo,26090.98046875,26187.5703125,25768.0390625,25852.919921875,2918600000,HKD,HKG,2026-08-10T22:49:08+09:00
2026-08-04,海外指数,韓国総合株価指数,^KS11,yahoo,6351.3798828125,6389.39990234375,6080.25,6358.9501953125,313000,KRW,KSC,2026-08-10T22:49:08+09:00
2026-08-04,海外指数,ラッセル2000,^RUT,yahoo,2990.14990234375,3043.110107421875,2990.14990234375,3036.97998046875,5906940000,USD,WCB,2026-08-10T22:49:08+09:00
2026-08-04,海外指数,SOX,^SOX,yahoo,11834.76953125,12258.080078125,11834.76953125,12179.259765625,0,USD,NIM,2026-08-10T22:49:08+09:00
2026-08-04,セクター,S&P500 不動産,^SP500-60,yahoo,284.3599853515625,287.489990234375,282.6400146484375,286.9700012207031,125774300,USD,SNP,2026-08-10T22:49:08+09:00
2026-08-04,海外指数,ユーロ・ストックス50,^STOXX50E,yahoo,6445.7900390625,6490.33984375,6445.7900390625,6486.7001953125,20432600,EUR,ZRH,2026-08-10T22:49:08+09:00
2026-08-04,海外指数,台湾加権,^TWII,yahoo,43092.48828125,43912.76953125,42895.80859375,43360.66015625,5057500,TWD,TAI,2026-08-10T22:49:08+09:00
2026-08-05,個別株,SKハイニクス,000660.KS,yahoo,1693000.0,1701000.0,1647000.0,1668000.0,3945674,KRW,KSC,2026-08-10T22:49:08+09:00
2026-08-05,個別株,NAURA,002371.SZ,yahoo,695.0,745.0999755859375,679.0,734.2000122070312,13771887,CNY,SHZ,2026-08-10T22:49:08+09:00
2026-08-05,個別株,サムスン電子,005930.KS,yahoo,254000.0,254500.0,244000.0,246000.0,22577128,KRW,KSC,2026-08-10T22:49:08+09:00
2026-08-05,個別株,テンセント,0700.HK,yahoo,493.3999938964844,497.79998779296875,482.20001220703125,492.20001220703125,25662478,HKD,HKG,2026-08-10T22:49:08+09:00
2026-08-05,個別株,SMIC,0981.HK,yahoo,66.0,69.05000305175781,65.5,68.0,97601659,HKD,HKG,2026-08-10T22:49:08+09:00
2026-08-05,個別株,BYD,1211.HK,yahoo,93.3499984741211,94.6500015258789,92.0999984741211,93.80000305175781,15746998,HKD,HKG,2026-08-10T22:49:08+09:00
2026-08-05,個別株,シャオミ,1810.HK,yahoo,28.0,28.399999618530273,27.459999084472656,27.639999389648438,140378692,HKD,HKG,2026-08-10T22:49:08+09:00
2026-08-05,個別株,TSMC,2330.TW,yahoo,2385.0,2415.0,2370.0,2405.0,31905196,TWD,TAI,2026-08-10T22:49:08+09:00
2026-08-05,海外指数,深セン成分指数,399001.SZ,yahoo,13644.830078125,14246.3798828125,13644.830078125,14144.2001953125,2904400,CNY,SHZ,2026-08-10T22:49:08+09:00
2026-08-05,個別株,アリババ,9988.HK,yahoo,128.39999389648438,129.0,125.5999984741211,128.10000610351562,93382622,HKD,HKG,2026-08-10T22:49:08+09:00
2026-08-05,個別株,アップル,AAPL,yahoo,309.3599853515625,311.7099914550781,305.6700134277344,311.0,49438800,USD,NMS,2026-08-10T22:49:08+09:00
2026-08-05,個別株,AMD,AMD,yahoo,484.5,502.0,478.20001220703125,482.04998779296875,49615800,USD,NMS,2026-08-10T22:49:08+09:00
2026-08-05,個別株,アマゾン,AMZN,yahoo,281.5899963378906,282.7900085449219,270.7300109863281,272.6499938964844,45119800,USD,NMS,2026-08-10T22:49:08+09:00
2026-08-05,ETF,アークETF,ARKK,yahoo,76.7699966430664,77.48999786376953,76.13999938964844,76.18000030517578,5131500,USD,BTS,2026-08-10T22:49:08+09:00
2026-08-05,個別株,アーム,ARM,yahoo,274.55999755859375,281.5899963378906,268.6199951171875,274.5799865722656,4439300,USD,NMS,2026-08-10T22:49:08+09:00
2026-08-05,個別株,ASML,ASML.AS,yahoo,1497.800048828125,1500.4000244140625,1454.5999755859375,1465.800048828125,452084,EUR,AMS,2026-08-10T22:49:08+09:00
2026-08-05,為替,豪ドル/円,AUDJPY=X,yahoo,111.1510009765625,111.23799896240234,110.86000061035156,111.12100219726562,0,JPY,CCY,2026-08-10T22:49:08+09:00
2026-08-05,個別株,ブロードコム,AVGO,yahoo,421.70001220703125,427.0,416.8900146484375,418.2799987792969,16880400,USD,NMS,2026-08-10T22:49:08+09:00
2026-08-05,個別株,BASF,BAS.DE,yahoo,50.70000076293945,51.2599983215332,50.38999938964844,50.70000076293945,1510561,EUR,GER,2026-08-10T22:49:08+09:00
2026-08-05,個別株,BNPパリバ,BNP.PA,yahoo,112.0,112.26000213623047,110.95999908447266,112.12000274658203,1306312,EUR,PAR,2026-08-10T22:49:08+09:00
2026-08-05,個別株,バークシャー・ハサウェイ,BRK-B,yahoo,519.0,519.77001953125,512.2000122070312,518.8499755859375,3749400,USD,NYQ,2026-08-10T22:49:08+09:00
2026-08-05,為替,ブラジルレアル/円,BRLJPY=X,yahoo,30.650999069213867,30.845413208007812,30.539148330688477,30.642000198364258,0,JPY,CCY,2026-08-11T07:30:36+09:00
2026-08-05,暗号資産,ビットコイン,BTC-USD,yahoo,64054.87890625,64954.34765625,63829.71875,64597.5,23568584891,USD,CCC,2026-08-11T07:30:36+09:00
2026-08-05,為替,スイスフラン/円,CHFJPY=X,yahoo,194.90899658203125,195.23658752441406,194.6529998779297,194.89059448242188,0,JPY,CCY,2026-08-11T07:30:36+09:00
2026-08-05,為替,中国元/円,CNYJPY=X,yahoo,23.35613441467285,23.3742733001709,23.29520606994629,23.352432250976562,0,JPY,CCY,2026-08-10T22:49:08+09:00
2026-08-05,暗号資産,イーサリアム,ETH-USD,yahoo,1868.4923095703125,1922.641357421875,1854.34033203125,1906.5260009765625,9791973976,USD,CCC,2026-08-11T07:30:36+09:00
2026-08-05,為替,ユーロ/円,EURJPY=X,yahoo,181.89700317382812,182.16099548339844,181.53799438476562,181.85800170898438,0,JPY,CCY,2026-08-10T22:49:08+09:00
2026-08-05,海外指数,イタリア40,FTSEMIB.MI,yahoo,53820.0,53870.0,53351.0,53447.0,253136500,EUR,MIL,2026-08-10T22:49:08+09:00
2026-08-05,為替,英ポンド/円,GBPJPY=X,yahoo,212.14500427246094,212.52499389648438,211.69700622558594,212.1060028076172,0,JPY,CCY,2026-08-10T22:49:08+09:00
2026-08-05,商品,金,GC=F,yahoo,4130.0,4262.2001953125,4129.5,4245.7998046875,1349,USD,CMX,2026-08-10T22:49:08+09:00
2026-08-05,個別株,アルファベット,GOOGL,yahoo,383.3399963378906,384.4800109863281,356.7699890136719,362.42999267578125,46926300,USD,NMS,2026-08-10T22:49:08+09:00
2026-08-05,個別株,ゴールドマン・サックス,GS,yahoo,1063.7099609375,1077.2099609375,1060.02001953125,1060.3800048828125,1648000,USD,NYQ,2026-08-10T22:49:08+09:00
2026-08-05,為替,香港ドル/円,HKDJPY=X,yahoo,20.1135196685791,20.125,20.056549072265625,20.10839080810547,0,JPY,CCY,2026-08-11T07:30:36+09:00
2026-08-05,個別株,HSBC,HSBA.L,yahoo,1565.5999755859375,1565.5999755859375,1474.800048828125,1510.5999755859375,36529759,GBp,LSE,2026-08-10T22:49:08+09:00
2026-08-05,為替,インドルピー/円,INRJPY=X,yahoo,1.6534570455551147,1.6589360237121582,1.649327039718628,1.6533750295639038,0,JPY,CCY,2026-08-11T07:30:36+09:00
2026-08-05,個別株,インテル,INTC,yahoo,99.30000305175781,102.83000183105469,97.9000015258789,101.05999755859375,85388400,USD,NMS,2026-08-10T22:49:08+09:00
2026-08-05,個別株,JPモルガン,JPM,yahoo,358.9700012207031,362.1700134277344,358.20001220703125,359.239990234375,5269500,USD,NYQ,2026-08-10T22:49:08+09:00
2026-08-05,為替,韓国ウォン/円,KRWJPY=X,yahoo,0.11016499996185303,0.11082299798727036,0.11016499996185303,0.1103459969162941,0,JPY,CCY,2026-08-11T07:30:36+09:00
2026-08-05,個別株,LVMH,MC.PA,yahoo,483.1000061035156,483.6000061035156,471.0,479.70001220703125,455763,EUR,PAR,2026-08-10T22:49:08+09:00
2026-08-05,個別株,マクドナルド,MCD,yahoo,271.6400146484375,275.29998779296875,269.010009765625,274.0,4775300,USD,NYQ,2026-08-10T22:49:08+09:00
2026-08-05,個別株,メタ,META,yahoo,600.4600219726562,601.0,580.1199951171875,588.77001953125,14897200,USD,NMS,2026-08-10T22:49:08+09:00
2026-08-05,個別株,マイクロソフト,MSFT,yahoo,496.3599853515625,498.239990234375,485.67999267578125,487.4599914550781,33388900,USD,NMS,2026-08-10T22:49:08+09:00
2026-08-05,個別株,マイクロン,MU,yahoo,885.2999877929688,928.97998046875,881.2000122070312,893.1900024414062,34720300,USD,NMS,2026-08-10T22:49:08+09:00
2026-08-05,為替,メキシコペソ/円,MXNJPY=X,yahoo,9.132061958312988,9.15860366821289,9.114500045776367,9.13644027709961,0,JPY,CCY,2026-08-11T07:30:36+09:00
2026-08-05,個別株,エヌビディア,NVDA,yahoo,216.86000061035156,222.22000122070312,216.39999389648438,219.22000122070312,158187400,USD,NMS,2026-08-10T22:49:08+09:00
2026-08-05,個別株,オラクル,ORCL,yahoo,145.0,146.38999938964844,142.5,144.38999938964844,23524100,USD,NYQ,2026-08-10T22:49:08+09:00
2026-08-05,個別株,パランティア,PLTR,yahoo,162.0,166.0800018310547,158.25,158.42999267578125,63515900,USD,NMS,2026-08-10T22:49:08+09:00
2026-08-05,個別株,クアルコム,QCOM,yahoo,161.3000030517578,162.8000030517578,157.10000610351562,157.52999877929688,9725700,USD,NMS,2026-08-10T22:49:08+09:00
2026-08-05,海外指数,ロシアRTS,RTSI,moex,882.69,895.93,882.69,895.93,,USD,MOEX,2026-08-10T22:49:08+09:00
2026-08-05,個別株,SAP,SAP.DE,yahoo,167.9199981689453,172.60000610351562,167.3000030517578,169.25999450683594,3232827,EUR,GER,2026-08-10T22:49:08+09:00
2026-08-05,個別株,サンディスク,SNDK,yahoo,1398.77001953125,1441.758056640625,1345.0,1350.5,16369800,USD,NMS,2026-08-10T22:49:08+09:00
2026-08-05,為替,トルコリラ/円,TRYJPY=X,yahoo,3.311284065246582,3.3177850246429443,3.303375005722046,3.3099288940429688,0,JPY,CCY,2026-08-11T07:30:36+09:00
2026-08-05,個別株,テスラ,TSLA,yahoo,323.4200134277344,327.1400146484375,320.2799987792969,321.54998779296875,27820800,USD,NMS,2026-08-10T22:49:08+09:00
2026-08-05,為替,台湾ドル/円,TWDJPY=X,yahoo,4.866365909576416,4.897345066070557,4.860791206359863,4.866125106811523,0,JPY,CCY,2026-08-11T07:30:36+09:00
2026-08-05,為替,米ドル/円,USDJPY=X,yahoo,157.73500061035156,157.86300659179688,157.302001953125,157.69200134277344,0,JPY,CCY,2026-08-10T22:49:08+09:00
2026-08-05,個別株,フォルクスワーゲン,VOW3.DE,yahoo,76.9000015258789,77.19999694824219,75.86000061035156,76.08000183105469,524525,EUR,GER,2026-08-10T22:49:08+09:00
2026-08-05,個別株,ウォルマート,WMT,yahoo,112.44999694824219,113.16000366210938,111.36000061035156,112.33999633789062,21446300,USD,NMS,2026-08-10T22:49:08+09:00
2026-08-05,暗号資産,リップル,XRP-USD,yahoo,1.0732109546661377,1.0751620531082153,1.0549240112304688,1.0610140562057495,1074309612,USD,CCC,2026-08-11T07:30:36+09:00
2026-08-05,海外指数,イスタンブール100,XU100.IS,yahoo,13707.7001953125,13779.7001953125,13564.7998046875,13703.099609375,8222200000,TRY,IST,2026-08-10T22:49:08+09:00
2026-08-05,為替,南アフリカランド/円,ZARJPY=X,yahoo,9.623700141906738,9.66349983215332,9.610699653625488,9.621899604797363,0,JPY,CCY,2026-08-11T07:30:36+09:00
2026-08-05,海外指数,インドSENSEX30,^BSESN,yahoo,79055.3828125,79055.3828125,78285.7421875,78581.0,14300,INR,BSE,2026-08-10T22:49:08+09:00
2026-08-05,海外指数,仏CAC40,^FCHI,yahoo,8684.26953125,8693.8896484375,8656.73046875,8669.2998046875,50807400,EUR,PAR,2026-08-10T22:49:08+09:00
2026-08-05,海外指数,英国FTSE100,^FTSE,yahoo,10879.0,10952.2998046875,10836.900390625,10888.2998046875,1043852700,GBP,FGI,2026-08-10T22:49:08+09:00
2026-08-05,海外指数,ドイツDAX,^GDAXI,yahoo,26393.4296875,26403.810546875,26123.1796875,26126.30078125,62436000,EUR,GER,2026-08-10T22:49:08+09:00
2026-08-05,海外指数,S&P500,^GSPC,yahoo,7771.6201171875,7793.68017578125,7720.169921875,7723.5498046875,5615640000,USD,SNP,2026-08-10T22:49:08+09:00
2026-08-05,海外指数,香港ハンセン,^HSI,yahoo,25890.990234375,25973.939453125,25729.859375,25915.8203125,2917300000,HKD,HKG,2026-08-10T22:49:08+09:00
2026-08-05,海外指数,韓国総合株価指数,^KS11,yahoo,6603.47998046875,6674.66015625,6540.27001953125,6598.259765625,338500,KRW,KSC,2026-08-10T22:49:08+09:00
2026-08-05,海外指数,ラッセル2000,^RUT,yahoo,3038.419921875,3048.85009765625,3018.419921875,3019.18994140625,5615640000,USD,WCB,2026-08-10T22:49:08+09:00
2026-08-05,海外指数,SOX,^SOX,yahoo,12141.6904296875,12361.25,11979.9404296875,12008.8798828125,0,USD,NIM,2026-08-10T22:49:08+09:00
2026-08-05,セクター,S&P500 不動産,^SP500-60,yahoo,287.3599853515625,287.6700134277344,284.1199951171875,287.3900146484375,117538800,USD,SNP,2026-08-10T22:49:08+09:00
2026-08-05,海外指数,ユーロ・ストックス50,^STOXX50E,yahoo,6493.77001953125,6518.990234375,6475.669921875,6476.97998046875,18125500,EUR,ZRH,2026-08-10T22:49:08+09:00
2026-08-05,海外指数,台湾加権,^TWII,yahoo,43809.828125,44980.30859375,43809.828125,44611.6015625,5687100,TWD,TAI,2026-08-10T22:49:08+09:00
2026-08-06,個別株,SKハイニクス,000660.KS,yahoo,1600000.0,1606000.0,1481000.0,1495000.0,5498295,KRW,KSC,2026-08-10T22:49:08+09:00
2026-08-06,個別株,NAURA,002371.SZ,yahoo,717.5,764.6799926757812,709.0,742.5,10759015,CNY,SHZ,2026-08-10T22:49:08+09:00
2026-08-06,個別株,サムスン電子,005930.KS,yahoo,241500.0,246000.0,228000.0,230500.0,26101823,KRW,KSC,2026-08-10T22:49:08+09:00
2026-08-06,個別株,テンセント,0700.HK,yahoo,491.0,491.0,479.0,479.20001220703125,21801977,HKD,HKG,2026-08-10T22:49:08+09:00
2026-08-06,個別株,SMIC,0981.HK,yahoo,66.1500015258789,67.0999984741211,64.19999694824219,65.3499984741211,90801605,HKD,HKG,2026-08-10T22:49:08+09:00
2026-08-06,個別株,BYD,1211.HK,yahoo,93.4000015258789,94.44999694824219,89.55000305175781,89.8499984741211,23763501,HKD,HKG,2026-08-10T22:49:08+09:00
2026-08-06,個別株,シャオミ,1810.HK,yahoo,27.639999389648438,28.040000915527344,26.639999389648438,26.860000610351562,199623572,HKD,HKG,2026-08-10T22:49:08+09:00
2026-08-06,個別株,TSMC,2330.TW,yahoo,2395.0,2395.0,2360.0,2365.0,22943128,TWD,TAI,2026-08-10T22:49:08+09:00
2026-08-06,海外指数,深セン成分指数,399001.SZ,yahoo,13981.4404296875,14252.1396484375,13922.41015625,14110.1201171875,2708200,CNY,SHZ,2026-08-10T22:49:08+09:00
2026-08-06,個別株,アリババ,9988.HK,yahoo,126.5,126.5,123.69999694824219,124.4000015258789,67212277,HKD,HKG,2026-08-10T22:49:08+09:00
2026-08-06,個別株,アップル,AAPL,yahoo,314.3399963378906,316.2900085449219,309.2300109863281,312.4100036621094,46139900,USD,NMS,2026-08-10T22:49:08+09:00
2026-08-06,個別株,AMD,AMD,yahoo,471.75,496.7200012207031,469.5,489.2799987792969,24675300,USD,NMS,2026-08-10T22:49:08+09:00
2026-08-06,個別株,アマゾン,AMZN,yahoo,272.7699890136719,275.4800109863281,271.05999755859375,272.260009765625,30672900,USD,NMS,2026-08-10T22:49:08+09:00
2026-08-06,ETF,アークETF,ARKK,yahoo,75.11000061035156,76.61000061035156,74.93199920654297,75.7300033569336,3630500,USD,BTS,2026-08-10T22:49:08+09:00
2026-08-06,個別株,アーム,ARM,yahoo,267.0299987792969,295.57000732421875,266.8800048828125,286.67999267578125,4375100,USD,NMS,2026-08-10T22:49:08+09:00
2026-08-06,個別株,ASML,ASML.AS,yahoo,1451.0,1503.800048828125,1449.5999755859375,1494.0,544751,EUR,AMS,2026-08-10T22:49:08+09:00
2026-08-06,為替,豪ドル/円,AUDJPY=X,yahoo,111.23899841308594,111.48400115966797,111.05999755859375,111.22000122070312,0,JPY,CCY,2026-08-10T22:49:08+09:00
2026-08-06,個別株,ブロードコム,AVGO,yahoo,420.54998779296875,428.0299987792969,410.760009765625,420.57000732421875,13907500,USD,NMS,2026-08-10T22:49:08+09:00
2026-08-06,個別株,BASF,BAS.DE,yahoo,50.9900016784668,51.65999984741211,50.849998474121094,51.31999969482422,1543729,EUR,GER,2026-08-10T22:49:08+09:00
2026-08-06,個別株,BNPパリバ,BNP.PA,yahoo,112.81999969482422,113.62000274658203,112.44000244140625,112.5999984741211,1577731,EUR,PAR,2026-08-10T22:49:08+09:00
2026-08-06,個別株,バークシャー・ハサウェイ,BRK-B,yahoo,524.1099853515625,525.4400024414062,517.2100219726562,524.6099853515625,4352800,USD,NYQ,2026-08-10T22:49:08+09:00
2026-08-06,為替,ブラジルレアル/円,BRLJPY=X,yahoo,30.670000076293945,30.996435165405273,30.62034034729004,30.6560001373291,0,JPY,CCY,2026-08-11T07:30:36+09:00
2026-08-06,暗号資産,ビットコイン,BTC-USD,yahoo,64595.44921875,64934.4921875,64098.4765625,64262.11328125,18529402711,USD,CCC,2026-08-11T07:30:36+09:00
2026-08-06,為替,スイスフラン/円,CHFJPY=X,yahoo,195.396484375,195.5887451171875,194.75999450683594,195.3629913330078,0,JPY,CCY,2026-08-11T07:30:36+09:00
2026-08-06,為替,中国元/円,CNYJPY=X,yahoo,23.356962203979492,23.475326538085938,23.346296310424805,23.348072052001953,0,JPY,CCY,2026-08-10T22:49:08+09:00
2026-08-06,暗号資産,イーサリアム,ETH-USD,yahoo,1906.442626953125,1917.7008056640625,1890.963623046875,1902.0574951171875,7974662808,USD,CCC,2026-08-11T07:30:36+09:00
2026-08-06,為替,ユーロ/円,EURJPY=X,yahoo,182.18600463867188,182.6199951171875,182.08599853515625,182.14100646972656,0,JPY,CCY,2026-08-10T22:49:08+09:00
2026-08-06,海外指数,イタリア40,FTSEMIB.MI,yahoo,53676.0,54024.0,53603.0,53683.0,269891500,EUR,MIL,2026-08-10T22:49:08+09:00
2026-08-06,為替,英ポンド/円,GBPJPY=X,yahoo,212.32000732421875,213.2169952392578,212.25,212.2779998779297,0,JPY,CCY,2026-08-10T22:49:08+09:00
2026-08-06,商品,金,GC=F,yahoo,4297.0,4297.0,4228.0,4242.0,3101,USD,CMX,2026-08-10T22:49:08+09:00
2026-08-06,個別株,アルファベット,GOOGL,yahoo,360.7699890136719,364.1300048828125,356.8800048828125,357.75,25235900,USD,NMS,2026-08-10T22:49:08+09:00
2026-08-06,個別株,ゴールドマン・サックス,GS,yahoo,1062.0400390625,1068.0400390625,1030.780029296875,1032.5799560546875,1726500,USD,NYQ,2026-08-10T22:49:08+09:00
2026-08-06,為替,香港ドル/円,HKDJPY=X,yahoo,20.100610733032227,20.202939987182617,20.093379974365234,20.093259811401367,0,JPY,CCY,2026-08-11T07:30:36+09:00
2026-08-06,個別株,HSBC,HSBA.L,yahoo,1519.5999755859375,1534.5999755859375,1508.5999755859375,1521.199951171875,18505553,GBp,LSE,2026-08-10T22:49:08+09:00
2026-08-06,為替,インドルピー/円,INRJPY=X,yahoo,1.6571929454803467,1.6648000478744507,1.6566120386123657,1.6570240259170532,0,JPY,CCY,2026-08-11T07:30:36+09:00
2026-08-06,個別株,インテル,INTC,yahoo,98.22000122070312,103.37999725341797,95.5999984741211,99.80999755859375,78088100,USD,NMS,2026-08-10T22:49:08+09:00
2026-08-06,個別株,JPモルガン,JPM,yahoo,362.80999755859375,362.80999755859375,354.95001220703125,356.29998779296875,5820100,USD,NYQ,2026-08-10T22:49:08+09:00
2026-08-06,為替,韓国ウォン/円,KRWJPY=X,yahoo,0.11083699762821198,0.1114249974489212,0.11044999957084656,0.11083000153303146,0,JPY,CCY,2026-08-11T07:30:36+09:00
2026-08-06,個別株,LVMH,MC.PA,yahoo,481.5,488.1000061035156,481.45001220703125,481.45001220703125,500848,EUR,PAR,2026-08-10T22:49:08+09:00
2026-08-06,個別株,マクドナルド,MCD,yahoo,276.0,276.8299865722656,271.760009765625,276.260009765625,4214900,USD,NYQ,2026-08-10T22:49:08+09:00
2026-08-06,個別株,メタ,META,yahoo,586.9500122070312,595.3099975585938,586.0,589.9000244140625,11811500,USD,NMS,2026-08-10T22:49:08+09:00
2026-08-06,個別株,マイクロソフト,MSFT,yahoo,488.54998779296875,501.55999755859375,488.5199890136719,499.8599853515625,36441500,USD,NMS,2026-08-10T22:49:08+09:00
2026-08-06,個別株,マイクロン,MU,yahoo,843.1099853515625,913.3300170898438,827.0,881.469970703125,35784100,USD,NMS,2026-08-10T22:49:08+09:00
2026-08-06,為替,メキシコペソ/円,MXNJPY=X,yahoo,9.146499633789062,9.207074165344238,9.133404731750488,9.143790245056152,0,JPY,CCY,2026-08-11T07:30:36+09:00
2026-08-06,個別株,エヌビディア,NVDA,yahoo,221.52999877929688,223.6300048828125,217.0,218.99000549316406,113940600,USD,NMS,2026-08-10T22:49:08+09:00
2026-08-06,個別株,オラクル,ORCL,yahoo,139.25,146.5800018310547,138.72000122070312,143.47000122070312,23073300,USD,NYQ,2026-08-10T22:49:08+09:00
2026-08-06,個別株,パランティア,PLTR,yahoo,155.8699951171875,158.0,152.6999969482422,155.9199981689453,41751400,USD,NMS,2026-08-10T22:49:08+09:00
2026-08-06,個別株,クアルコム,QCOM,yahoo,155.4199981689453,162.60000610351562,155.22000122070312,160.38999938964844,7232800,USD,NMS,2026-08-10T22:49:08+09:00
2026-08-06,海外指数,ロシアRTS,RTSI,moex,895.33,901.85,882.1,884.56,,USD,MOEX,2026-08-10T22:49:08+09:00
2026-08-06,個別株,SAP,SAP.DE,yahoo,171.44000244140625,173.10000610351562,168.0800018310547,170.97999572753906,3547480,EUR,GER,2026-08-10T22:49:08+09:00
2026-08-06,個別株,サンディスク,SNDK,yahoo,1173.260009765625,1324.0,1163.0899658203125,1258.5799560546875,19161700,USD,NMS,2026-08-10T22:49:08+09:00
2026-08-06,為替,トルコリラ/円,TRYJPY=X,yahoo,3.3038809299468994,3.327763080596924,3.302165985107422,3.300877094268799,0,JPY,CCY,2026-08-11T07:30:36+09:00
2026-08-06,個別株,テスラ,TSLA,yahoo,317.04998779296875,323.0,315.5199890136719,319.5299987792969,26033800,USD,NMS,2026-08-10T22:49:08+09:00
2026-08-06,為替,台湾ドル/円,TWDJPY=X,yahoo,4.8829240798950195,4.91077995300293,4.88244104385376,4.882602214813232,0,JPY,CCY,2026-08-11T07:30:36+09:00
2026-08-06,為替,米ドル/円,USDJPY=X,yahoo,157.66400146484375,158.47999572753906,157.5989990234375,157.60000610351562,0,JPY,CCY,2026-08-10T22:49:08+09:00
2026-08-06,個別株,フォルクスワーゲン,VOW3.DE,yahoo,76.86000061035156,76.86000061035156,75.23999786376953,75.55999755859375,587175,EUR,GER,2026-08-10T22:49:08+09:00
2026-08-06,個別株,ウォルマート,WMT,yahoo,114.06999969482422,114.55999755859375,111.04000091552734,112.06999969482422,23203100,USD,NMS,2026-08-10T22:49:08+09:00
2026-08-06,暗号資産,リップル,XRP-USD,yahoo,1.0610159635543823,1.0622459650039673,1.0302050113677979,1.0336660146713257,1495128903,USD,CCC,2026-08-11T07:30:36+09:00
2026-08-06,海外指数,イスタンブール100,XU100.IS,yahoo,13728.7001953125,13805.400390625,13667.7998046875,13798.7998046875,6905700000,TRY,IST,2026-08-10T22:49:08+09:00
2026-08-06,為替,南アフリカランド/円,ZARJPY=X,yahoo,9.661199569702148,9.699700355529785,9.647899627685547,9.659899711608887,0,JPY,CCY,2026-08-11T07:30:36+09:00
2026-08-06,海外指数,インドSENSEX30,^BSESN,yahoo,78782.4296875,78954.7578125,78633.7265625,78954.7578125,23000,INR,BSE,2026-08-10T22:49:08+09:00
2026-08-06,海外指数,仏CAC40,^FCHI,yahoo,8721.1396484375,8742.5302734375,8699.7099609375,8699.7099609375,49477400,EUR,PAR,2026-08-10T22:49:08+09:00
2026-08-06,海外指数,英国FTSE100,^FTSE,yahoo,10888.5,10944.7998046875,10865.2998046875,10867.900390625,664069100,GBP,FGI,2026-08-10T22:49:08+09:00
2026-08-06,海外指数,ドイツDAX,^GDAXI,yahoo,26116.26953125,26229.330078125,26081.689453125,26140.130859375,63074000,EUR,GER,2026-08-10T22:49:08+09:00
2026-08-06,海外指数,S&P500,^GSPC,yahoo,7713.7900390625,7742.85009765625,7698.14990234375,7709.9599609375,5330830000,USD,SNP,2026-08-10T22:49:08+09:00
2026-08-06,海外指数,香港ハンセン,^HSI,yahoo,25667.140625,25667.140625,25389.419921875,25530.279296875,2855000000,HKD,HKG,2026-08-10T22:49:08+09:00
2026-08-06,海外指数,韓国総合株価指数,^KS11,yahoo,6478.75,6550.93994140625,6238.31982421875,6296.3798828125,284500,KRW,KSC,2026-08-10T22:49:08+09:00
2026-08-06,海外指数,ラッセル2000,^RUT,yahoo,3016.300048828125,3032.219970703125,2999.510009765625,3001.550048828125,5330830000,USD,WCB,2026-08-10T22:49:08+09:00
2026-08-06,海外指数,SOX,^SOX,yahoo,11825.8603515625,12288.5595703125,11707.7802734375,12048.6904296875,0,USD,NIM,2026-08-10T22:49:08+09:00
2026-08-06,セクター,S&P500 不動産,^SP500-60,yahoo,288.9599914550781,288.9599914550781,284.1600036621094,285.0,110354000,USD,SNP,2026-08-10T22:49:08+09:00
2026-08-06,海外指数,ユーロ・ストックス50,^STOXX50E,yahoo,6489.330078125,6528.4599609375,6489.330078125,6502.56005859375,18990200,EUR,ZRH,2026-08-10T22:49:08+09:00
2026-08-06,海外指数,台湾加権,^TWII,yahoo,44487.94140625,44601.23828125,44024.3203125,44396.69921875,4904700,TWD,TAI,2026-08-10T22:49:08+09:00
2026-08-07,個別株,SKハイニクス,000660.KS,yahoo,1521000.0,1542000.0,1409000.0,1422000.0,5002539,KRW,KSC,2026-08-10T22:49:08+09:00
2026-08-07,個別株,NAURA,002371.SZ,yahoo,740.5,762.4299926757812,736.9199829101562,751.989990234375,8535999,CNY,SHZ,2026-08-10T22:49:08+09:00
2026-08-07,個別株,サムスン電子,005930.KS,yahoo,235000.0,239500.0,229000.0,231000.0,20546010,KRW,KSC,2026-08-10T22:49:08+09:00
2026-08-07,個別株,テンセント,0700.HK,yahoo,479.0,483.20001220703125,475.3999938964844,478.79998779296875,16319939,HKD,HKG,2026-08-10T22:49:08+09:00
2026-08-07,個別株,SMIC,0981.HK,yahoo,65.80000305175781,67.4000015258789,64.75,66.9000015258789,79420452,HKD,HKG,2026-08-10T22:49:08+09:00
2026-08-07,個別株,BYD,1211.HK,yahoo,90.05000305175781,90.4000015258789,88.5999984741211,90.1500015258789,14668177,HKD,HKG,2026-08-10T22:49:08+09:00
2026-08-07,個別株,シャオミ,1810.HK,yahoo,26.65999984741211,27.15999984741211,26.059999465942383,27.059999465942383,148233931,HKD,HKG,2026-08-10T22:49:08+09:00
2026-08-07,個別株,TSMC,2330.TW,yahoo,2390.0,2395.0,2355.0,2370.0,21959343,TWD,TAI,2026-08-10T22:49:08+09:00
2026-08-07,海外指数,深セン成分指数,399001.SZ,yahoo,14152.7802734375,14396.080078125,14049.33984375,14311.009765625,2699700,CNY,SHZ,2026-08-10T22:49:08+09:00
2026-08-07,個別株,アリババ,9988.HK,yahoo,125.30000305175781,125.80000305175781,121.5999984741211,123.80000305175781,58259425,HKD,HKG,2026-08-10T22:49:08+09:00
2026-08-07,個別株,アップル,AAPL,yahoo,311.45001220703125,314.80999755859375,310.739990234375,313.3299865722656,34407100,USD,NMS,2026-08-10T22:49:08+09:00
2026-08-07,個別株,AMD,AMD,yahoo,497.94000244140625,498.989990234375,476.05999755859375,483.3599853515625,26560000,USD,NMS,2026-08-10T22:49:08+09:00
2026-08-07,個別株,アマゾン,AMZN,yahoo,272.8699951171875,278.30999755859375,272.75,274.4800109863281,33833300,USD,NMS,2026-08-10T22:49:08+09:00
2026-08-07,ETF,アークETF,ARKK,yahoo,76.95999908447266,79.51000213623047,76.95999908447266,79.43000030517578,7040300,USD,BTS,2026-08-10T22:49:08+09:00
2026-08-07,個別株,アーム,ARM,yahoo,298.9649963378906,299.2850036621094,275.0,282.57000732421875,3824400,USD,NMS,2026-08-10T22:49:08+09:00
2026-08-07,個別株,ASML,ASML.AS,yahoo,1483.0,1529.0,1482.0,1499.0,500140,EUR,AMS,2026-08-10T22:49:08+09:00
2026-08-07,為替,豪ドル/円,AUDJPY=X,yahoo,111.41799926757812,111.51399993896484,110.8740005493164,111.41200256347656,0,JPY,CCY,2026-08-10T22:49:08+09:00
2026-08-07,個別株,ブロードコム,AVGO,yahoo,428.3999938964844,430.8399963378906,421.6099853515625,427.760009765625,14680000,USD,NMS,2026-08-10T22:49:08+09:00
2026-08-07,個別株,BASF,BAS.DE,yahoo,51.599998474121094,51.97999954223633,51.22999954223633,51.5,1327819,EUR,GER,2026-08-10T22:49:08+09:00
2026-08-07,個別株,BNPパリバ,BNP.PA,yahoo,112.5,113.04000091552734,111.58999633789062,112.44000244140625,1324287,EUR,PAR,2026-08-10T22:49:08+09:00
2026-08-07,個別株,バークシャー・ハサウェイ,BRK-B,yahoo,520.260009765625,521.989990234375,517.4299926757812,521.7999877929688,3635700,USD,NYQ,2026-08-10T22:49:08+09:00
2026-08-07,為替,ブラジルレアル/円,BRLJPY=X,yahoo,30.92099952697754,31.062999725341797,30.77168846130371,30.913999557495117,0,JPY,CCY,2026-08-11T07:30:36+09:00
2026-08-07,暗号資産,ビットコイン,BTC-USD,yahoo,64257.48828125,65330.609375,64113.2734375,64880.19140625,22165720102,USD,CCC,2026-08-11T07:30:36+09:00
2026-08-07,為替,スイスフラン/円,CHFJPY=X,yahoo,194.97805786132812,195.4810028076172,194.3769989013672,194.9739990234375,0,JPY,CCY,2026-08-11T07:30:36+09:00
2026-08-07,為替,中国元/円,CNYJPY=X,yahoo,23.477767944335938,23.494510650634766,23.269153594970703,23.47258186340332,0,JPY,CCY,2026-08-10T22:49:08+09:00
2026-08-07,暗号資産,イーサリアム,ETH-USD,yahoo,1902.1405029296875,1937.1666259765625,1893.0816650390625,1913.2794189453125,9081145963,USD,CCC,2026-08-11T07:30:36+09:00
2026-08-07,為替,ユーロ/円,EURJPY=X,yahoo,182.58599853515625,182.6699981689453,181.49000549316406,182.5399932861328,0,JPY,CCY,2026-08-10T22:49:08+09:00
2026-08-07,海外指数,イタリア40,FTSEMIB.MI,yahoo,53806.0,54042.0,53551.0,53717.0,251221300,EUR,MIL,2026-08-10T22:49:08+09:00
2026-08-07,為替,英ポンド/円,GBPJPY=X,yahoo,213.17100524902344,213.2429962158203,211.656005859375,213.13900756835938,0,JPY,CCY,2026-08-10T22:49:08+09:00
2026-08-07,商品,金,GC=F,yahoo,4277.0,4371.5,4274.0,4340.7001953125,3101,USD,CMX,2026-08-10T22:49:08+09:00
2026-08-07,個別株,アルファベット,GOOGL,yahoo,356.7200012207031,358.8999938964844,353.7799987792969,354.29998779296875,19805200,USD,NMS,2026-08-10T22:49:08+09:00
2026-08-07,個別株,ゴールドマン・サックス,GS,yahoo,1038.3399658203125,1047.0,1032.030029296875,1039.6099853515625,1429400,USD,NYQ,2026-08-10T22:49:08+09:00
2026-08-07,為替,香港ドル/円,HKDJPY=X,yahoo,20.19972038269043,20.211759567260742,19.9926700592041,20.195079803466797,0,JPY,CCY,2026-08-11T07:30:36+09:00
2026-08-07,個別株,HSBC,HSBA.L,yahoo,1521.0,1547.0,1519.5999755859375,1529.199951171875,100547660,GBp,LSE,2026-08-10T22:49:08+09:00
2026-08-07,為替,インドルピー/円,INRJPY=X,yahoo,1.6650949716567993,1.6664140224456787,1.6496119499206543,1.6647670269012451,0,JPY,CCY,2026-08-11T07:30:36+09:00
2026-08-07,個別株,インテル,INTC,yahoo,102.33000183105469,103.66000366210938,98.02999877929688,101.6500015258789,76609900,USD,NMS,2026-08-10T22:49:08+09:00
2026-08-07,個別株,JPモルガン,JPM,yahoo,355.760009765625,358.8500061035156,353.3299865722656,357.5199890136719,4565200,USD,NYQ,2026-08-10T22:49:08+09:00
2026-08-07,為替,韓国ウォン/円,KRWJPY=X,yahoo,0.11131700128316879,0.11203400045633316,0.11114300042390823,0.11129499971866608,0,JPY,CCY,2026-08-11T07:30:36+09:00
2026-08-07,個別株,LVMH,MC.PA,yahoo,480.75,483.70001220703125,478.1499938964844,480.0,404209,EUR,PAR,2026-08-10T22:49:08+09:00
2026-08-07,個別株,マクドナルド,MCD,yahoo,274.510009765625,276.8699951171875,273.2900085449219,274.4800109863281,4906500,USD,NYQ,2026-08-10T22:49:08+09:00
2026-08-07,個別株,メタ,META,yahoo,585.6400146484375,598.739990234375,585.6199951171875,592.0999755859375,11226700,USD,NMS,2026-08-10T22:49:08+09:00
2026-08-07,個別株,マイクロソフト,MSFT,yahoo,499.2099914550781,505.17999267578125,498.7300109863281,499.989990234375,28818000,USD,NMS,2026-08-10T22:49:08+09:00
2026-08-07,個別株,マイクロン,MU,yahoo,903.5999755859375,904.7999877929688,847.02001953125,877.5700073242188,34442200,USD,NMS,2026-08-10T22:49:08+09:00
2026-08-07,為替,メキシコペソ/円,MXNJPY=X,yahoo,9.207724571228027,9.231162071228027,9.164441108703613,9.204700469970703,0,JPY,CCY,2026-08-11T07:30:36+09:00
2026-08-07,個別株,エヌビディア,NVDA,yahoo,221.5399932861328,224.75999450683594,220.66000366210938,223.9600067138672,105473700,USD,NMS,2026-08-10T22:49:08+09:00
2026-08-07,個別株,オラクル,ORCL,yahoo,145.32000732421875,147.16000366210938,142.33999633789062,147.02000427246094,22808500,USD,NYQ,2026-08-10T22:49:08+09:00
2026-08-07,個別株,パランティア,PLTR,yahoo,160.07000732421875,172.41000366210938,159.9600067138672,172.00999450683594,77382900,USD,NMS,2026-08-10T22:49:08+09:00
2026-08-07,個別株,クアルコム,QCOM,yahoo,163.07000732421875,167.99000549316406,162.3000030517578,167.86000061035156,9717700,USD,NMS,2026-08-10T22:49:08+09:00
2026-08-07,海外指数,ロシアRTS,RTSI,moex,884.56,894.05,871.69,874.64,,USD,MOEX,2026-08-10T22:49:08+09:00
2026-08-07,個別株,SAP,SAP.DE,yahoo,173.82000732421875,179.55999755859375,173.82000732421875,177.9600067138672,3606631,EUR,GER,2026-08-10T22:49:08+09:00
2026-08-07,個別株,サンディスク,SNDK,yahoo,1309.300048828125,1309.530029296875,1184.3699951171875,1212.2099609375,13883000,USD,NMS,2026-08-10T22:49:08+09:00
2026-08-07,為替,トルコリラ/円,TRYJPY=X,yahoo,3.31146502494812,3.3233799934387207,3.2818551063537598,3.311577081680298,0,JPY,CCY,2026-08-11T07:30:36+09:00
2026-08-07,個別株,テスラ,TSLA,yahoo,322.3399963378906,333.7300109863281,321.25,328.5799865722656,39370100,USD,NMS,2026-08-10T22:49:08+09:00
2026-08-07,為替,台湾ドル/円,TWDJPY=X,yahoo,4.918082237243652,4.921474933624268,4.878611087799072,4.9172539710998535,0,JPY,CCY,2026-08-11T07:30:36+09:00
2026-08-07,為替,米ドル/円,USDJPY=X,yahoo,158.447998046875,158.56100463867188,156.83099365234375,158.40899658203125,0,JPY,CCY,2026-08-10T22:49:08+09:00
2026-08-07,個別株,フォルクスワーゲン,VOW3.DE,yahoo,75.73999786376953,76.76000213623047,74.72000122070312,76.31999969482422,679685,EUR,GER,2026-08-10T22:49:08+09:00
2026-08-07,個別株,ウォルマート,WMT,yahoo,110.61000061035156,112.29000091552734,110.5,111.8499984741211,18808600,USD,NMS,2026-08-10T22:49:08+09:00
2026-08-07,暗号資産,リップル,XRP-USD,yahoo,1.0336740016937256,1.0396360158920288,1.0139600038528442,1.0212370157241821,1636834143,USD,CCC,2026-08-11T07:30:36+09:00
2026-08-07,海外指数,イスタンブール100,XU100.IS,yahoo,13827.099609375,13956.2001953125,13698.7998046875,13779.400390625,7361000000,TRY,IST,2026-08-10T22:49:08+09:00
2026-08-07,為替,南アフリカランド/円,ZARJPY=X,yahoo,9.689000129699707,9.765399932861328,9.670599937438965,9.68850040435791,0,JPY,CCY,2026-08-11T07:30:36+09:00
2026-08-07,海外指数,インドSENSEX30,^BSESN,yahoo,78516.078125,78757.3984375,78377.0703125,78499.171875,13900,INR,BSE,2026-08-10T22:49:08+09:00
2026-08-07,海外指数,仏CAC40,^FCHI,yahoo,8712.2900390625,8755.0302734375,8697.1904296875,8714.9296875,52744400,EUR,PAR,2026-08-10T22:49:08+09:00
2026-08-07,海外指数,英国FTSE100,^FTSE,yahoo,10867.900390625,10959.900390625,10855.2001953125,10901.099609375,1068510800,GBP,FGI,2026-08-10T22:49:08+09:00
2026-08-07,海外指数,ドイツDAX,^GDAXI,yahoo,26235.80078125,26445.1796875,26223.640625,26319.44921875,50440500,EUR,GER,2026-08-10T22:49:08+09:00
2026-08-07,海外指数,S&P500,^GSPC,yahoo,7735.18017578125,7763.080078125,7719.18994140625,7757.64013671875,5019970000,USD,SNP,2026-08-10T22:49:08+09:00
2026-08-07,海外指数,香港ハンセン,^HSI,yahoo,25526.650390625,25669.51953125,25393.130859375,25668.029296875,2757400000,HKD,HKG,2026-08-10T22:49:08+09:00
2026-08-07,海外指数,韓国総合株価指数,^KS11,yahoo,6365.06982421875,6415.60009765625,6158.72998046875,6258.77001953125,299400,KRW,KSC,2026-08-10T22:49:08+09:00
2026-08-07,海外指数,ラッセル2000,^RUT,yahoo,3009.5400390625,3037.340087890625,3009.5400390625,3034.489990234375,5019970000,USD,WCB,2026-08-10T22:49:08+09:00
2026-08-07,海外指数,SOX,^SOX,yahoo,12299.98046875,12425.740234375,12082.6298828125,12356.7900390625,0,USD,NIM,2026-08-10T22:49:08+09:00
2026-08-07,セクター,S&P500 不動産,^SP500-60,yahoo,285.3900146484375,287.8900146484375,284.6199951171875,286.260009765625,80862000,USD,SNP,2026-08-10T22:49:08+09:00
2026-08-07,海外指数,ユーロ・ストックス50,^STOXX50E,yahoo,6508.1298828125,6559.990234375,6508.1298828125,6523.85986328125,16973000,EUR,ZRH,2026-08-10T22:49:08+09:00
2026-08-07,海外指数,台湾加権,^TWII,yahoo,44450.19140625,44827.12890625,43941.55859375,44225.91015625,4388800,TWD,TAI,2026-08-10T22:49:08+09:00
2026-08-08,暗号資産,ビットコイン,BTC-USD,yahoo,64882.546875,65140.48046875,64797.11328125,64904.6875,12350094271,USD,CCC,2026-08-11T07:30:36+09:00
2026-08-08,暗号資産,イーサリアム,ETH-USD,yahoo,1913.324951171875,1924.6156005859375,1911.4849853515625,1915.532958984375,3746718589,USD,CCC,2026-08-11T07:30:36+09:00
2026-08-08,暗号資産,リップル,XRP-USD,yahoo,1.0212379693984985,1.0472840070724487,1.0202889442443848,1.03861403465271,744201731,USD,CCC,2026-08-11T07:30:36+09:00
2026-08-09,暗号資産,ビットコイン,BTC-USD,yahoo,64906.55078125,65401.69140625,64677.6015625,64844.88671875,13234538380,USD,CCC,2026-08-11T07:30:36+09:00
2026-08-09,暗号資産,イーサリアム,ETH-USD,yahoo,1915.46484375,1935.5299072265625,1907.025634765625,1908.6827392578125,4645577105,USD,CCC,2026-08-11T07:30:36+09:00
2026-08-09,暗号資産,リップル,XRP-USD,yahoo,1.03861403465271,1.0448050498962402,1.0288729667663574,1.0289150476455688,689508648,USD,CCC,2026-08-11T07:30:36+09:00
2026-08-10,個別株,SKハイニクス,000660.KS,yahoo,1443000.0,1487000.0,1397000.0,1420000.0,3295283,KRW,KSC,2026-08-10T22:49:08+09:00
2026-08-10,個別株,NAURA,002371.SZ,yahoo,740.5,778.0,744.6599731445312,760.0,8728585,CNY,SHZ,2026-08-10T22:49:08+09:00
2026-08-10,個別株,サムスン電子,005930.KS,yahoo,236000.0,238500.0,228500.0,230000.0,16327805,KRW,KSC,2026-08-10T22:49:08+09:00
2026-08-10,個別株,テンセント,0700.HK,yahoo,479.0,483.6000061035156,476.3999938964844,481.3999938964844,15509424,HKD,HKG,2026-08-10T22:49:08+09:00
2026-08-10,個別株,SMIC,0981.HK,yahoo,67.80000305175781,67.8499984741211,65.0999984741211,66.19999694824219,50125570,HKD,HKG,2026-08-10T22:49:08+09:00
2026-08-10,個別株,BYD,1211.HK,yahoo,91.80000305175781,92.6500015258789,90.5,92.30000305175781,11304355,HKD,HKG,2026-08-10T22:49:08+09:00
2026-08-10,個別株,シャオミ,1810.HK,yahoo,27.100000381469727,27.81999969482422,26.81999969482422,27.6200008392334,149703382,HKD,HKG,2026-08-10T22:49:08+09:00
2026-08-10,個別株,TSMC,2330.TW,yahoo,2390.0,2410.0,2380.0,2380.0,19997608,TWD,TAI,2026-08-10T22:49:08+09:00
2026-08-10,海外指数,深セン成分指数,399001.SZ,yahoo,14348.9501953125,14373.7724609375,14102.65625,14316.9609375,2912581419,CNY,SHZ,2026-08-10T22:49:08+09:00
2026-08-10,個別株,アリババ,9988.HK,yahoo,125.4000015258789,127.5,124.19999694824219,126.69999694824219,53636255,HKD,HKG,2026-08-10T22:49:08+09:00
2026-08-10,海外指数,インドSENSEX30,^BSESN,yahoo,78501.59375,78676.9765625,78298.921875,78542.4375,0,INR,BSE,2026-08-10T22:49:08+09:00
2026-08-10,海外指数,香港ハンセン,^HSI,yahoo,25805.1796875,25957.75,25720.4609375,25937.490234375,0,HKD,HKG,2026-08-10T22:49:08+09:00
2026-08-10,海外指数,韓国総合株価指数,^KS11,yahoo,6306.330078125,6394.06005859375,6232.4501953125,6299.66015625,293734,KRW,KSC,2026-08-10T22:49:08+09:00
2026-08-10,海外指数,タイSET,^SET.BK,yahoo,1621.5899658203125,1630.72998046875,1621.1800537109375,1624.3599853515625,0,THB,SET,2026-08-10T22:49:08+09:00
2026-08-10,海外指数,台湾加権,^TWII,yahoo,44540.7109375,45219.3984375,44540.7109375,44928.76171875,0,TWD,TAI,2026-08-10T22:49:08+09:00
