trade_date,name,close,numerator,denominator,calculated_at
2004-04-01,NT倍率,9.94,11683.42,1175.01,2026-08-15T01:29:45+09:00
2004-04-02,NT倍率,9.98,11815.95,1184.2,2026-08-15T01:29:45+09:00
2004-04-05,NT倍率,9.97,11958.32,1199.24,2026-08-15T01:29:45+09:00
2004-04-06,NT倍率,9.99,12079.7,1209.44,2026-08-15T01:29:45+09:00
2004-04-07,NT倍率,9.98,12019.62,1204.81,2026-08-15T01:29:45+09:00
2004-04-08,NT倍率,9.99,12092.59,1209.89,2026-08-15T01:29:45+09:00
2004-04-09,NT倍率,9.99,11897.51,1190.86,2026-08-15T01:29:45+09:00
2004-04-12,NT倍率,9.98,12042.7,1206.57,2026-08-15T01:29:45+09:00
2004-04-13,NT倍率,9.97,12127.82,1216.6,2026-08-15T01:29:45+09:00
2004-04-14,NT倍率,9.93,12098.18,1217.87,2026-08-15T01:29:45+09:00
2004-04-15,NT倍率,9.88,11800.4,1194.67,2026-08-15T01:29:45+09:00
2004-04-16,NT倍率,9.89,11824.56,1196.18,2026-08-15T01:29:45+09:00
2004-04-19,NT倍率,9.94,11764.21,1182.97,2026-08-15T01:29:45+09:00
2004-04-20,NT倍率,9.92,11952.26,1204.37,2026-08-15T01:29:45+09:00
2004-04-21,NT倍率,9.92,11944.3,1203.59,2026-08-15T01:29:45+09:00
2004-04-22,NT倍率,9.94,11980.1,1205.8,2026-08-15T01:29:45+09:00
2004-04-23,NT倍率,10.02,12120.66,1209.62,2026-08-15T01:29:45+09:00
2004-04-26,NT倍率,10.04,12163.89,1210.96,2026-08-15T01:29:45+09:00
2004-04-27,NT倍率,10.0,12044.88,1204.94,2026-08-15T01:29:45+09:00
2004-04-28,NT倍率,9.95,12004.29,1206.92,2026-08-15T01:29:45+09:00
2004-04-30,NT倍率,9.91,11761.79,1186.31,2026-08-15T01:29:45+09:00
2004-05-06,NT倍率,9.93,11571.34,1165.24,2026-08-15T01:29:45+09:00
2004-05-07,NT倍率,9.94,11438.82,1150.89,2026-08-15T01:29:45+09:00
2004-05-10,NT倍率,10.03,10884.7,1085.54,2026-08-15T01:29:45+09:00
2004-05-11,NT倍率,10.02,10907.18,1088.89,2026-08-15T01:29:45+09:00
2004-05-12,NT倍率,9.94,11153.58,1122.31,2026-08-15T01:29:45+09:00
2004-05-13,NT倍率,9.88,10825.1,1095.93,2026-08-15T01:29:45+09:00
2004-05-14,NT倍率,9.94,10849.63,1091.51,2026-08-15T01:29:45+09:00
2004-05-17,NT倍率,9.97,10505.05,1053.77,2026-08-15T01:29:45+09:00
2004-05-18,NT倍率,9.95,10711.09,1076.21,2026-08-15T01:29:45+09:00
2004-05-19,NT倍率,9.92,10967.74,1106.16,2026-08-15T01:29:45+09:00
2004-05-20,NT倍率,9.83,10862.04,1104.89,2026-08-15T01:29:45+09:00
2004-05-21,NT倍率,9.84,11070.25,1125.21,2026-08-15T01:29:45+09:00
2004-05-24,NT倍率,9.82,11101.64,1130.89,2026-08-15T01:29:45+09:00
2004-05-25,NT倍率,9.83,10962.93,1115.66,2026-08-15T01:29:45+09:00
2004-05-26,NT倍率,9.89,11152.09,1127.24,2026-08-15T01:29:45+09:00
2004-05-27,NT倍率,9.91,11166.03,1126.64,2026-08-15T01:29:45+09:00
2004-05-28,NT倍率,9.9,11309.57,1142.38,2026-08-15T01:29:45+09:00
2004-05-31,NT倍率,9.86,11236.37,1139.94,2026-08-15T01:29:45+09:00
2004-06-01,NT倍率,9.87,11296.76,1144.27,2026-08-15T01:29:45+09:00
2004-06-02,NT倍率,9.89,11242.34,1136.87,2026-08-15T01:29:45+09:00
2004-06-03,NT倍率,9.85,11027.05,1119.56,2026-08-15T01:29:45+09:00
2004-06-04,NT倍率,9.89,11128.05,1124.97,2026-08-15T01:29:45+09:00
2004-06-07,NT倍率,9.93,11439.92,1151.67,2026-08-15T01:29:45+09:00
2004-06-08,NT倍率,9.95,11521.93,1157.92,2026-08-15T01:29:45+09:00
2004-06-09,NT倍率,9.93,11449.74,1152.77,2026-08-15T01:29:45+09:00
2004-06-10,NT倍率,9.96,11575.97,1162.06,2026-08-15T01:29:45+09:00
2004-06-11,NT倍率,9.93,11526.82,1160.3,2026-08-15T01:29:45+09:00
2004-06-14,NT倍率,9.92,11491.66,1158.54,2026-08-15T01:29:45+09:00
2004-06-15,NT倍率,9.89,11387.7,1151.3,2026-08-15T01:29:45+09:00
2004-06-16,NT倍率,9.97,11641.72,1167.09,2026-08-15T01:29:45+09:00
2004-06-17,NT倍率,9.95,11607.9,1166.78,2026-08-15T01:29:45+09:00
2004-06-18,NT倍率,9.9,11382.08,1149.88,2026-08-15T01:29:45+09:00
2004-06-21,NT倍率,9.96,11600.16,1165.25,2026-08-15T01:29:45+09:00
2004-06-22,NT倍率,9.96,11581.27,1162.31,2026-08-15T01:29:45+09:00
2004-06-23,NT倍率,10.02,11580.56,1156.16,2026-08-15T01:29:45+09:00
2004-06-24,NT倍率,10.05,11744.15,1168.96,2026-08-15T01:29:45+09:00
2004-06-25,NT倍率,10.05,11780.4,1172.44,2026-08-15T01:29:45+09:00
2004-06-28,NT倍率,10.02,11884.06,1186.6,2026-08-15T01:29:45+09:00
2004-06-29,NT倍率,9.99,11860.81,1187.01,2026-08-15T01:29:45+09:00
2004-06-30,NT倍率,9.97,11858.87,1189.6,2026-08-15T01:29:45+09:00
2004-07-01,NT倍率,10.01,11896.01,1188.42,2026-08-15T01:29:45+09:00
2004-07-02,NT倍率,9.99,11721.49,1173.55,2026-08-15T01:29:45+09:00
2004-07-05,NT倍率,9.98,11541.71,1156.53,2026-08-15T01:29:45+09:00
2004-07-06,NT倍率,9.99,11475.27,1148.99,2026-08-15T01:29:45+09:00
2004-07-07,NT倍率,9.99,11384.86,1139.88,2026-08-15T01:29:45+09:00
2004-07-08,NT倍率,9.98,11322.23,1135.0,2026-08-15T01:29:45+09:00
2004-07-09,NT倍率,9.96,11423.53,1146.92,2026-08-15T01:29:45+09:00
2004-07-12,NT倍率,9.97,11582.28,1161.68,2026-08-15T01:29:45+09:00
2004-07-13,NT倍率,9.95,11608.62,1166.47,2026-08-15T01:29:45+09:00
2004-07-14,NT倍率,9.86,11356.65,1151.49,2026-08-15T01:29:45+09:00
2004-07-15,NT倍率,9.91,11409.14,1151.12,2026-08-15T01:29:45+09:00
2004-07-16,NT倍率,9.93,11436.0,1151.16,2026-08-15T01:29:45+09:00
2004-07-20,NT倍率,9.88,11258.37,1139.53,2026-08-15T01:29:45+09:00
2004-07-21,NT倍率,9.91,11433.86,1153.76,2026-08-15T01:29:45+09:00
2004-07-22,NT倍率,9.86,11285.04,1144.31,2026-08-15T01:29:45+09:00
2004-07-23,NT倍率,9.85,11187.33,1135.29,2026-08-15T01:29:45+09:00
2004-07-26,NT倍率,9.9,11159.55,1126.93,2026-08-15T01:29:45+09:00
2004-07-27,NT倍率,9.9,11031.54,1114.39,2026-08-15T01:29:45+09:00
2004-07-28,NT倍率,9.92,11204.37,1129.64,2026-08-15T01:29:45+09:00
2004-07-29,NT倍率,9.91,11116.84,1121.98,2026-08-15T01:29:45+09:00
2004-07-30,NT倍率,9.94,11325.78,1139.3,2026-08-15T01:29:45+09:00
2004-08-02,NT倍率,9.88,11222.24,1135.64,2026-08-15T01:29:45+09:00
2004-08-03,NT倍率,9.88,11140.57,1127.03,2026-08-15T01:29:45+09:00
2004-08-04,NT倍率,9.88,11010.02,1114.76,2026-08-15T01:29:45+09:00
2004-08-05,NT倍率,9.9,11060.89,1116.85,2026-08-15T01:29:45+09:00
2004-08-06,NT倍率,9.91,10972.57,1107.12,2026-08-15T01:29:45+09:00
2004-08-09,NT倍率,9.9,10908.7,1101.57,2026-08-15T01:29:45+09:00
2004-08-10,NT倍率,9.91,10953.55,1105.02,2026-08-15T01:29:45+09:00
2004-08-11,NT倍率,9.86,11049.46,1121.11,2026-08-15T01:29:45+09:00
2004-08-12,NT倍率,9.87,11028.07,1117.22,2026-08-15T01:29:45+09:00
2004-08-13,NT倍率,9.81,10757.2,1096.81,2026-08-15T01:29:45+09:00
2004-08-16,NT倍率,9.85,10687.81,1084.64,2026-08-15T01:29:45+09:00
2004-08-17,NT倍率,9.84,10725.97,1089.93,2026-08-15T01:29:45+09:00
2004-08-18,NT倍率,9.84,10774.26,1094.88,2026-08-15T01:29:45+09:00
2004-08-19,NT倍率,9.85,10903.53,1107.48,2026-08-15T01:29:45+09:00
2004-08-20,NT倍率,9.81,10889.14,1109.84,2026-08-15T01:29:45+09:00
2004-08-23,NT倍率,9.84,10960.97,1114.24,2026-08-15T01:29:45+09:00
2004-08-24,NT倍率,9.84,10985.33,1116.6,2026-08-15T01:29:45+09:00
2004-08-25,NT倍率,9.86,11130.02,1128.92,2026-08-15T01:29:45+09:00
2004-08-26,NT倍率,9.85,11129.33,1130.06,2026-08-15T01:29:45+09:00
2004-08-27,NT倍率,9.85,11209.59,1137.78,2026-08-15T01:29:45+09:00
2004-08-30,NT倍率,9.83,11184.53,1138.02,2026-08-15T01:29:45+09:00
2004-08-31,NT倍率,9.81,11081.79,1129.55,2026-08-15T01:29:45+09:00
2004-09-01,NT倍率,9.8,11127.35,1135.62,2026-08-15T01:29:45+09:00
2004-09-02,NT倍率,9.8,11152.75,1137.59,2026-08-15T01:29:45+09:00
2004-09-03,NT倍率,9.8,11022.49,1124.65,2026-08-15T01:29:45+09:00
2004-09-06,NT倍率,9.84,11244.37,1143.04,2026-08-15T01:29:45+09:00
2004-09-07,NT倍率,9.87,11298.94,1144.7,2026-08-15T01:29:45+09:00
2004-09-08,NT倍率,9.86,11279.19,1144.13,2026-08-15T01:29:45+09:00
2004-09-09,NT倍率,9.86,11170.96,1133.12,2026-08-15T01:29:45+09:00
2004-09-10,NT倍率,9.84,11083.23,1126.36,2026-08-15T01:29:45+09:00
2004-09-13,NT倍率,9.88,11253.11,1138.84,2026-08-15T01:29:45+09:00
2004-09-14,NT倍率,9.89,11295.58,1141.7,2026-08-15T01:29:45+09:00
2004-09-15,NT倍率,9.89,11158.58,1128.43,2026-08-15T01:29:45+09:00
2004-09-16,NT倍率,9.93,11139.36,1122.01,2026-08-15T01:29:45+09:00
2004-09-17,NT倍率,9.91,11082.49,1118.55,2026-08-15T01:29:45+09:00
2004-09-21,NT倍率,9.93,11080.87,1116.02,2026-08-15T01:29:45+09:00
2004-09-22,NT倍率,9.89,11019.41,1114.08,2026-08-15T01:29:45+09:00
2004-09-24,NT倍率,9.88,10895.16,1102.37,2026-08-15T01:29:45+09:00
2004-09-27,NT倍率,9.92,10859.32,1095.24,2026-08-15T01:29:45+09:00
2004-09-28,NT倍率,9.92,10815.57,1090.37,2026-08-15T01:29:45+09:00
2004-09-29,NT倍率,9.9,10786.1,1089.02,2026-08-15T01:29:45+09:00
2004-09-30,NT倍率,9.82,10823.57,1102.11,2026-08-15T01:29:45+09:00
2004-10-01,NT倍率,9.83,10985.17,1117.29,2026-08-15T01:29:45+09:00
2004-10-04,NT倍率,9.9,11279.63,1139.45,2026-08-15T01:29:45+09:00
2004-10-05,NT倍率,9.9,11281.83,1140.12,2026-08-15T01:29:45+09:00
2004-10-06,NT倍率,9.92,11385.38,1147.69,2026-08-15T01:29:45+09:00
2004-10-07,NT倍率,9.94,11354.59,1141.84,2026-08-15T01:29:45+09:00
2004-10-08,NT倍率,9.96,11349.35,1140.06,2026-08-15T01:29:45+09:00
2004-10-12,NT倍率,9.94,11201.81,1126.8,2026-08-15T01:29:45+09:00
2004-10-13,NT倍率,9.97,11195.99,1123.46,2026-08-15T01:29:45+09:00
2004-10-14,NT倍率,9.94,11034.29,1109.64,2026-08-15T01:29:45+09:00
2004-10-15,NT倍率,9.94,10982.95,1105.39,2026-08-15T01:29:45+09:00
2004-10-18,NT倍率,9.96,10965.62,1101.11,2026-08-15T01:29:45+09:00
2004-10-19,NT倍率,9.98,11064.86,1108.65,2026-08-15T01:29:45+09:00
2004-10-20,NT倍率,9.95,10882.18,1093.94,2026-08-15T01:29:45+09:00
2004-10-21,NT倍率,9.94,10789.23,1085.11,2026-08-15T01:29:45+09:00
2004-10-22,NT倍率,9.95,10857.13,1090.84,2026-08-15T01:29:45+09:00
2004-10-25,NT倍率,9.91,10659.15,1075.12,2026-08-15T01:29:45+09:00
2004-10-26,NT倍率,9.94,10672.46,1073.2,2026-08-15T01:29:45+09:00
2004-10-27,NT倍率,9.95,10691.95,1074.29,2026-08-15T01:29:45+09:00
2004-10-28,NT倍率,9.95,10853.12,1090.25,2026-08-15T01:29:45+09:00
2004-10-29,NT倍率,9.92,10771.42,1085.43,2026-08-15T01:29:45+09:00
2004-11-01,NT倍率,9.93,10734.71,1080.5,2026-08-15T01:29:45+09:00
2004-11-02,NT倍率,9.94,10887.81,1094.88,2026-08-15T01:29:45+09:00
2004-11-04,NT倍率,9.93,10946.27,1101.89,2026-08-15T01:29:45+09:00
2004-11-05,NT倍率,9.95,11061.77,1112.13,2026-08-15T01:29:45+09:00
2004-11-08,NT倍率,9.96,10983.83,1102.71,2026-08-15T01:29:45+09:00
2004-11-09,NT倍率,9.97,10964.87,1100.33,2026-08-15T01:29:45+09:00
2004-11-10,NT倍率,9.99,10994.96,1100.74,2026-08-15T01:29:45+09:00
2004-11-11,NT倍率,9.94,10846.92,1091.13,2026-08-15T01:29:45+09:00
2004-11-12,NT倍率,9.98,11019.98,1104.02,2026-08-15T01:29:45+09:00
2004-11-15,NT倍率,9.99,11227.57,1123.47,2026-08-15T01:29:45+09:00
2004-11-16,NT倍率,9.96,11161.75,1120.37,2026-08-15T01:29:45+09:00
2004-11-17,NT倍率,9.99,11131.29,1114.61,2026-08-15T01:29:45+09:00
2004-11-18,NT倍率,9.98,11082.42,1110.25,2026-08-15T01:29:45+09:00
2004-11-19,NT倍率,9.99,11082.84,1109.77,2026-08-15T01:29:45+09:00
2004-11-22,NT倍率,9.96,10849.39,1089.77,2026-08-15T01:29:45+09:00
2004-11-24,NT倍率,9.97,10872.33,1090.93,2026-08-15T01:29:45+09:00
2004-11-25,NT倍率,9.96,10900.34,1094.45,2026-08-15T01:29:45+09:00
2004-11-26,NT倍率,9.93,10833.75,1091.21,2026-08-15T01:29:45+09:00
2004-11-29,NT倍率,9.95,10977.89,1103.6,2026-08-15T01:29:45+09:00
2004-11-30,NT倍率,9.92,10899.25,1098.79,2026-08-15T01:29:45+09:00
2004-12-01,NT倍率,9.92,10784.25,1087.36,2026-08-15T01:29:45+09:00
2004-12-02,NT倍率,9.93,10973.07,1105.38,2026-08-15T01:29:45+09:00
2004-12-03,NT倍率,9.97,11074.89,1110.53,2026-08-15T01:29:45+09:00
2004-12-06,NT倍率,9.95,10981.96,1103.7,2026-08-15T01:29:45+09:00
2004-12-07,NT倍率,9.94,10873.63,1093.68,2026-08-15T01:29:45+09:00
2004-12-08,NT倍率,9.95,10941.37,1099.69,2026-08-15T01:29:45+09:00
2004-12-09,NT倍率,9.91,10776.63,1087.56,2026-08-15T01:29:45+09:00
2004-12-10,NT倍率,9.93,10756.8,1083.79,2026-08-15T01:29:45+09:00
2004-12-13,NT倍率,9.94,10789.25,1085.84,2026-08-15T01:29:45+09:00
2004-12-14,NT倍率,9.93,10915.58,1099.55,2026-08-15T01:29:45+09:00
2004-12-15,NT倍率,9.94,10956.46,1101.72,2026-08-15T01:29:45+09:00
2004-12-16,NT倍率,9.92,10924.37,1101.07,2026-08-15T01:29:45+09:00
2004-12-17,NT倍率,9.97,11078.32,1111.35,2026-08-15T01:29:45+09:00
2004-12-20,NT倍率,10.01,11103.42,1109.76,2026-08-15T01:29:45+09:00
2004-12-21,NT倍率,9.97,11125.92,1116.34,2026-08-15T01:29:45+09:00
2004-12-22,NT倍率,9.99,11209.44,1122.47,2026-08-15T01:29:45+09:00
2004-12-24,NT倍率,10.02,11365.48,1134.59,2026-08-15T01:29:45+09:00
2004-12-27,NT倍率,10.01,11362.35,1134.61,2026-08-15T01:29:45+09:00
2004-12-28,NT倍率,10.02,11424.13,1140.19,2026-08-15T01:29:45+09:00
2004-12-29,NT倍率,9.99,11381.56,1139.41,2026-08-15T01:29:45+09:00
2004-12-30,NT倍率,9.99,11488.76,1149.63,2026-08-15T01:29:45+09:00
2005-01-04,NT倍率,9.99,11517.75,1153.38,2026-08-15T01:29:45+09:00
2005-01-05,NT倍率,10.0,11437.52,1143.36,2026-08-15T01:29:45+09:00
2005-01-06,NT倍率,10.01,11492.26,1147.97,2026-08-15T01:29:45+09:00
2005-01-07,NT倍率,9.98,11433.24,1145.76,2026-08-15T01:29:45+09:00
2005-01-11,NT倍率,9.97,11539.99,1157.3,2026-08-15T01:29:45+09:00
2005-01-12,NT倍率,9.98,11453.39,1147.89,2026-08-15T01:29:45+09:00
2005-01-13,NT倍率,9.96,11358.22,1140.04,2026-08-15T01:29:45+09:00
2005-01-14,NT倍率,9.98,11438.39,1145.69,2026-08-15T01:29:45+09:00
2005-01-17,NT倍率,9.99,11487.1,1150.3,2026-08-15T01:29:45+09:00
2005-01-18,NT倍率,9.97,11423.26,1145.21,2026-08-15T01:29:45+09:00
2005-01-19,NT倍率,9.97,11405.34,1144.3,2026-08-15T01:29:45+09:00
2005-01-20,NT倍率,9.96,11284.77,1133.37,2026-08-15T01:29:45+09:00
2005-01-21,NT倍率,9.93,11238.37,1132.18,2026-08-15T01:29:45+09:00
2005-01-24,NT倍率,9.91,11289.49,1139.18,2026-08-15T01:29:45+09:00
2005-01-25,NT倍率,9.91,11276.91,1138.03,2026-08-15T01:29:45+09:00
2005-01-26,NT倍率,9.94,11376.57,1144.89,2026-08-15T01:29:45+09:00
2005-01-27,NT倍率,9.93,11341.31,1141.94,2026-08-15T01:29:45+09:00
2005-01-28,NT倍率,9.92,11320.58,1140.7,2026-08-15T01:29:45+09:00
2005-01-31,NT倍率,9.94,11387.59,1146.14,2026-08-15T01:29:45+09:00
2005-02-01,NT倍率,9.93,11384.4,1146.49,2026-08-15T01:29:45+09:00
2005-02-02,NT倍率,9.9,11407.14,1151.97,2026-08-15T01:29:45+09:00
2005-02-03,NT倍率,9.91,11389.35,1149.51,2026-08-15T01:29:45+09:00
2005-02-04,NT倍率,9.92,11360.4,1145.51,2026-08-15T01:29:45+09:00
2005-02-07,NT倍率,9.96,11499.86,1154.42,2026-08-15T01:29:45+09:00
2005-02-08,NT倍率,9.94,11490.43,1155.42,2026-08-15T01:29:45+09:00
2005-02-09,NT倍率,9.93,11473.35,1155.8,2026-08-15T01:29:45+09:00
2005-02-10,NT倍率,9.95,11553.56,1160.7,2026-08-15T01:29:45+09:00
2005-02-14,NT倍率,9.95,11632.2,1168.61,2026-08-15T01:29:45+09:00
2005-02-15,NT倍率,9.97,11646.49,1168.19,2026-08-15T01:29:45+09:00
2005-02-16,NT倍率,9.96,11601.68,1164.94,2026-08-15T01:29:45+09:00
2005-02-17,NT倍率,9.97,11582.72,1161.93,2026-08-15T01:29:45+09:00
2005-02-18,NT倍率,10.0,11660.12,1166.57,2026-08-15T01:29:45+09:00
2005-02-21,NT倍率,9.99,11651.02,1166.74,2026-08-15T01:29:45+09:00
2005-02-22,NT倍率,9.98,11597.71,1162.49,2026-08-15T01:29:45+09:00
2005-02-23,NT倍率,9.97,11500.18,1152.95,2026-08-15T01:29:45+09:00
2005-02-24,NT倍率,9.96,11531.15,1157.54,2026-08-15T01:29:45+09:00
2005-02-25,NT倍率,9.99,11658.25,1167.33,2026-08-15T01:29:45+09:00
2005-02-28,NT倍率,9.97,11740.6,1177.41,2026-08-15T01:29:45+09:00
2005-03-01,NT倍率,9.98,11780.53,1179.9,2026-08-15T01:29:45+09:00
2005-03-02,NT倍率,9.96,11813.71,1185.71,2026-08-15T01:29:45+09:00
2005-03-03,NT倍率,9.97,11856.46,1189.52,2026-08-15T01:29:45+09:00
2005-03-04,NT倍率,9.96,11873.05,1192.11,2026-08-15T01:29:45+09:00
2005-03-07,NT倍率,9.94,11925.36,1199.83,2026-08-15T01:29:45+09:00
2005-03-08,NT倍率,9.94,11886.91,1195.39,2026-08-15T01:29:45+09:00
2005-03-09,NT倍率,9.97,11966.69,1200.63,2026-08-15T01:29:45+09:00
2005-03-10,NT倍率,9.93,11864.91,1195.43,2026-08-15T01:29:45+09:00
2005-03-11,NT倍率,9.94,11923.89,1200.0,2026-08-15T01:29:45+09:00
2005-03-14,NT倍率,9.91,11850.25,1195.45,2026-08-15T01:29:45+09:00
2005-03-15,NT倍率,9.91,11821.09,1192.8,2026-08-15T01:29:45+09:00
2005-03-16,NT倍率,9.91,11873.18,1198.25,2026-08-15T01:29:45+09:00
2005-03-17,NT倍率,9.88,11775.5,1192.28,2026-08-15T01:29:45+09:00
2005-03-18,NT倍率,9.87,11879.81,1203.26,2026-08-15T01:29:45+09:00
2005-03-22,NT倍率,9.85,11841.97,1202.52,2026-08-15T01:29:45+09:00
2005-03-23,NT倍率,9.83,11739.12,1193.85,2026-08-15T01:29:45+09:00
2005-03-24,NT倍率,9.88,11745.97,1188.44,2026-08-15T01:29:45+09:00
2005-03-25,NT倍率,9.85,11761.1,1193.77,2026-08-15T01:29:45+09:00
2005-03-28,NT倍率,9.88,11792.3,1194.04,2026-08-15T01:29:45+09:00
2005-03-29,NT倍率,9.87,11599.82,1175.62,2026-08-15T01:29:45+09:00
2005-03-30,NT倍率,9.89,11565.88,1169.11,2026-08-15T01:29:45+09:00
2005-03-31,NT倍率,9.87,11668.95,1182.18,2026-08-15T01:29:45+09:00
2005-04-01,NT倍率,9.88,11723.63,1186.5,2026-08-15T01:29:45+09:00
2005-04-04,NT倍率,9.86,11667.54,1183.15,2026-08-15T01:29:45+09:00
2005-04-05,NT倍率,9.9,11774.31,1189.79,2026-08-15T01:29:45+09:00
2005-04-06,NT倍率,9.89,11827.16,1196.23,2026-08-15T01:29:45+09:00
2005-04-07,NT倍率,9.87,11810.99,1196.83,2026-08-15T01:29:45+09:00
2005-04-08,NT倍率,9.88,11874.75,1201.3,2026-08-15T01:29:45+09:00
2005-04-11,NT倍率,9.87,11745.64,1190.12,2026-08-15T01:29:45+09:00
2005-04-12,NT倍率,9.9,11670.3,1179.28,2026-08-15T01:29:45+09:00
2005-04-13,NT倍率,9.89,11637.52,1176.39,2026-08-15T01:29:45+09:00
2005-04-14,NT倍率,9.9,11563.17,1168.42,2026-08-15T01:29:45+09:00
2005-04-15,NT倍率,9.88,11370.69,1150.67,2026-08-15T01:29:45+09:00
2005-04-18,NT倍率,9.86,10938.44,1109.49,2026-08-15T01:29:45+09:00
2005-04-19,NT倍率,9.82,11065.86,1126.71,2026-08-15T01:29:45+09:00
2005-04-20,NT倍率,9.8,11088.58,1131.53,2026-08-15T01:29:45+09:00
2005-04-21,NT倍率,9.78,10984.39,1123.32,2026-08-15T01:29:45+09:00
2005-04-22,NT倍率,9.77,11045.95,1130.89,2026-08-15T01:29:45+09:00
2005-04-25,NT倍率,9.78,11073.77,1132.17,2026-08-15T01:29:45+09:00
2005-04-26,NT倍率,9.75,11035.83,1131.31,2026-08-15T01:29:45+09:00
2005-04-27,NT倍率,9.74,11005.42,1130.3,2026-08-15T01:29:45+09:00
2005-04-28,NT倍率,9.74,11008.9,1129.93,2026-08-15T01:29:45+09:00
2005-05-02,NT倍率,9.72,11002.11,1131.8,2026-08-15T01:29:45+09:00
2005-05-06,NT倍率,9.73,11192.17,1150.76,2026-08-15T01:29:45+09:00
2005-05-09,NT倍率,9.69,11171.32,1152.48,2026-08-15T01:29:45+09:00
2005-05-10,NT倍率,9.71,11159.46,1149.58,2026-08-15T01:29:45+09:00
2005-05-11,NT倍率,9.71,11120.7,1145.3,2026-08-15T01:29:45+09:00
2005-05-12,NT倍率,9.71,11077.94,1140.49,2026-08-15T01:29:45+09:00
2005-05-13,NT倍率,9.74,11049.11,1134.82,2026-08-15T01:29:45+09:00
2005-05-16,NT倍率,9.74,10947.22,1123.37,2026-08-15T01:29:45+09:00
2005-05-17,NT倍率,9.74,10825.39,1111.81,2026-08-15T01:29:45+09:00
2005-05-18,NT倍率,9.77,10835.41,1109.19,2026-08-15T01:29:45+09:00
2005-05-19,NT倍率,9.79,11077.16,1131.42,2026-08-15T01:29:45+09:00
2005-05-20,NT倍率,9.77,11037.29,1129.81,2026-08-15T01:29:45+09:00
2005-05-23,NT倍率,9.81,11158.65,1137.69,2026-08-15T01:29:45+09:00
2005-05-24,NT倍率,9.8,11133.65,1136.32,2026-08-15T01:29:45+09:00
2005-05-25,NT倍率,9.79,11014.43,1124.7,2026-08-15T01:29:45+09:00
2005-05-26,NT倍率,9.82,11027.94,1123.5,2026-08-15T01:29:45+09:00
2005-05-27,NT倍率,9.88,11192.33,1132.34,2026-08-15T01:29:45+09:00
2005-05-30,NT倍率,9.87,11266.33,1141.76,2026-08-15T01:29:45+09:00
2005-05-31,NT倍率,9.85,11276.59,1144.33,2026-08-15T01:29:45+09:00
2005-06-01,NT倍率,9.86,11329.67,1149.49,2026-08-15T01:29:45+09:00
2005-06-02,NT倍率,9.82,11280.05,1148.85,2026-08-15T01:29:45+09:00
2005-06-03,NT倍率,9.85,11300.05,1147.72,2026-08-15T01:29:45+09:00
2005-06-06,NT倍率,9.84,11270.62,1145.37,2026-08-15T01:29:45+09:00
2005-06-07,NT倍率,9.83,11217.45,1141.26,2026-08-15T01:29:45+09:00
2005-06-08,NT倍率,9.82,11281.03,1148.54,2026-08-15T01:29:45+09:00
2005-06-09,NT倍率,9.8,11160.88,1138.75,2026-08-15T01:29:45+09:00
2005-06-10,NT倍率,9.84,11304.23,1148.97,2026-08-15T01:29:45+09:00
2005-06-13,NT倍率,9.84,11311.51,1149.66,2026-08-15T01:29:45+09:00
2005-06-14,NT倍率,9.85,11335.92,1150.33,2026-08-15T01:29:45+09:00
2005-06-15,NT倍率,9.86,11415.88,1158.23,2026-08-15T01:29:45+09:00
2005-06-16,NT倍率,9.84,11416.38,1160.54,2026-08-15T01:29:45+09:00
2005-06-17,NT倍率,9.82,11514.03,1172.33,2026-08-15T01:29:45+09:00
2005-06-20,NT倍率,9.81,11483.35,1170.65,2026-08-15T01:29:45+09:00
2005-06-21,NT倍率,9.83,11488.74,1169.15,2026-08-15T01:29:45+09:00
2005-06-22,NT倍率,9.84,11547.28,1173.25,2026-08-15T01:29:45+09:00
2005-06-23,NT倍率,9.86,11576.75,1174.02,2026-08-15T01:29:45+09:00
2005-06-24,NT倍率,9.83,11537.03,1173.46,2026-08-15T01:29:45+09:00
2005-06-27,NT倍率,9.83,11414.28,1161.44,2026-08-15T01:29:45+09:00
2005-06-28,NT倍率,9.84,11513.83,1170.1,2026-08-15T01:29:45+09:00
2005-06-29,NT倍率,9.84,11577.44,1176.48,2026-08-15T01:29:45+09:00
2005-06-30,NT倍率,9.84,11584.01,1177.2,2026-08-15T01:29:45+09:00
2005-07-01,NT倍率,9.84,11630.13,1181.8,2026-08-15T01:29:45+09:00
2005-07-04,NT倍率,9.82,11651.55,1186.09,2026-08-15T01:29:45+09:00
2005-07-05,NT倍率,9.82,11616.7,1183.41,2026-08-15T01:29:45+09:00
2005-07-06,NT倍率,9.8,11603.53,1183.63,2026-08-15T01:29:45+09:00
2005-07-07,NT倍率,9.82,11590.14,1180.22,2026-08-15T01:29:45+09:00
2005-07-08,NT倍率,9.82,11565.99,1177.61,2026-08-15T01:29:45+09:00
2005-07-11,NT倍率,9.85,11674.79,1185.02,2026-08-15T01:29:45+09:00
2005-07-12,NT倍率,9.86,11692.14,1186.01,2026-08-15T01:29:45+09:00
2005-07-13,NT倍率,9.83,11659.84,1185.7,2026-08-15T01:29:45+09:00
2005-07-14,NT倍率,9.88,11764.26,1191.17,2026-08-15T01:29:45+09:00
2005-07-15,NT倍率,9.85,11758.68,1193.3,2026-08-15T01:29:45+09:00
2005-07-19,NT倍率,9.87,11764.84,1191.53,2026-08-15T01:29:45+09:00
2005-07-20,NT倍率,9.85,11789.35,1196.33,2026-08-15T01:29:45+09:00
2005-07-21,NT倍率,9.87,11786.73,1194.76,2026-08-15T01:29:45+09:00
2005-07-22,NT倍率,9.85,11695.05,1186.76,2026-08-15T01:29:45+09:00
2005-07-25,NT倍率,9.88,11762.65,1190.27,2026-08-15T01:29:45+09:00
2005-07-26,NT倍率,9.87,11737.96,1189.01,2026-08-15T01:29:45+09:00
2005-07-27,NT倍率,9.87,11835.08,1198.97,2026-08-15T01:29:45+09:00
2005-07-28,NT倍率,9.87,11858.31,1201.72,2026-08-15T01:29:45+09:00
2005-07-29,NT倍率,9.88,11899.6,1204.98,2026-08-15T01:29:45+09:00
2005-08-01,NT倍率,9.86,11946.92,1211.61,2026-08-15T01:29:45+09:00
2005-08-02,NT倍率,9.87,11940.2,1209.19,2026-08-15T01:29:45+09:00
2005-08-03,NT倍率,9.89,11981.8,1212.02,2026-08-15T01:29:45+09:00
2005-08-04,NT倍率,9.87,11883.31,1204.17,2026-08-15T01:29:45+09:00
2005-08-05,NT倍率,9.89,11766.48,1189.19,2026-08-15T01:29:45+09:00
2005-08-08,NT倍率,9.88,11778.98,1191.9,2026-08-15T01:29:45+09:00
2005-08-09,NT倍率,9.87,11900.32,1206.27,2026-08-15T01:29:45+09:00
2005-08-10,NT倍率,9.85,12098.08,1227.85,2026-08-15T01:29:45+09:00
2005-08-11,NT倍率,9.86,12263.32,1243.74,2026-08-15T01:29:45+09:00
2005-08-12,NT倍率,9.85,12261.68,1245.13,2026-08-15T01:29:45+09:00
2005-08-15,NT倍率,9.81,12256.55,1248.77,2026-08-15T01:29:45+09:00
2005-08-16,NT倍率,9.84,12315.67,1252.12,2026-08-15T01:29:45+09:00
2005-08-17,NT倍率,9.82,12273.12,1250.1,2026-08-15T01:29:45+09:00
2005-08-18,NT倍率,9.82,12307.37,1252.94,2026-08-15T01:29:45+09:00
2005-08-19,NT倍率,9.83,12291.73,1250.5,2026-08-15T01:29:45+09:00
2005-08-22,NT倍率,9.81,12452.51,1269.82,2026-08-15T01:29:45+09:00
2005-08-23,NT倍率,9.81,12472.93,1272.0,2026-08-15T01:29:45+09:00
2005-08-24,NT倍率,9.8,12502.26,1275.61,2026-08-15T01:29:45+09:00
2005-08-25,NT倍率,9.78,12405.16,1268.06,2026-08-15T01:29:45+09:00
2005-08-26,NT倍率,9.78,12439.48,1272.46,2026-08-15T01:29:45+09:00
2005-08-29,NT倍率,9.78,12309.83,1258.64,2026-08-15T01:29:45+09:00
2005-08-30,NT倍率,9.78,12453.14,1273.6,2026-08-15T01:29:45+09:00
2005-08-31,NT倍率,9.76,12413.6,1271.29,2026-08-15T01:29:45+09:00
2005-09-01,NT倍率,9.79,12506.97,1277.33,2026-08-15T01:29:45+09:00
2005-09-02,NT倍率,9.82,12600.0,1282.79,2026-08-15T01:29:45+09:00
2005-09-05,NT倍率,9.79,12634.88,1290.56,2026-08-15T01:29:45+09:00
2005-09-06,NT倍率,9.8,12599.43,1286.29,2026-08-15T01:29:45+09:00
2005-09-07,NT倍率,9.81,12607.59,1285.52,2026-08-15T01:29:45+09:00
2005-09-08,NT倍率,9.8,12533.89,1278.9,2026-08-15T01:29:45+09:00
2005-09-09,NT倍率,9.81,12692.04,1293.35,2026-08-15T01:29:45+09:00
2005-09-12,NT倍率,9.85,12896.43,1309.8,2026-08-15T01:29:45+09:00
2005-09-13,NT倍率,9.81,12901.95,1315.76,2026-08-15T01:29:45+09:00
2005-09-14,NT倍率,9.78,12834.25,1312.35,2026-08-15T01:29:45+09:00
2005-09-15,NT倍率,9.78,12986.78,1327.29,2026-08-15T01:29:45+09:00
2005-09-16,NT倍率,9.75,12958.68,1328.84,2026-08-15T01:29:45+09:00
2005-09-20,NT倍率,9.72,13148.57,1352.53,2026-08-15T01:29:45+09:00
2005-09-21,NT倍率,9.72,13196.57,1357.71,2026-08-15T01:29:45+09:00
2005-09-22,NT倍率,9.7,13159.36,1356.22,2026-08-15T01:29:45+09:00
2005-09-26,NT倍率,9.66,13392.63,1386.49,2026-08-15T01:29:45+09:00
2005-09-27,NT倍率,9.67,13310.04,1376.7,2026-08-15T01:29:45+09:00
2005-09-28,NT倍率,9.59,13435.91,1401.47,2026-08-15T01:29:45+09:00
2005-09-29,NT倍率,9.54,13617.24,1428.13,2026-08-15T01:29:45+09:00
2005-09-30,NT倍率,9.61,13574.3,1412.28,2026-08-15T01:29:45+09:00
2005-10-03,NT倍率,9.58,13525.28,1411.28,2026-08-15T01:29:45+09:00
2005-10-04,NT倍率,9.66,13738.84,1421.83,2026-08-15T01:29:45+09:00
2005-10-05,NT倍率,9.71,13689.89,1409.67,2026-08-15T01:29:45+09:00
2005-10-06,NT倍率,9.74,13359.51,1371.37,2026-08-15T01:29:45+09:00
2005-10-07,NT倍率,9.64,13227.74,1372.52,2026-08-15T01:29:45+09:00
2005-10-11,NT倍率,9.64,13556.71,1405.99,2026-08-15T01:29:45+09:00
2005-10-12,NT倍率,9.57,13463.74,1406.89,2026-08-15T01:29:45+09:00
2005-10-13,NT倍率,9.55,13449.24,1407.79,2026-08-15T01:29:45+09:00
2005-10-14,NT倍率,9.6,13420.54,1397.93,2026-08-15T01:29:45+09:00
2005-10-17,NT倍率,9.62,13400.29,1393.42,2026-08-15T01:29:45+09:00
2005-10-18,NT倍率,9.59,13352.24,1392.69,2026-08-15T01:29:45+09:00
2005-10-19,NT倍率,9.52,13129.49,1379.78,2026-08-15T01:29:45+09:00
2005-10-20,NT倍率,9.53,13190.46,1383.95,2026-08-15T01:29:45+09:00
2005-10-21,NT倍率,9.53,13199.95,1385.37,2026-08-15T01:29:45+09:00
2005-10-24,NT倍率,9.52,13106.18,1376.5,2026-08-15T01:29:45+09:00
2005-10-25,NT倍率,9.53,13280.62,1393.61,2026-08-15T01:29:45+09:00
2005-10-26,NT倍率,9.52,13395.02,1407.7,2026-08-15T01:29:45+09:00
2005-10-27,NT倍率,9.42,13417.08,1423.84,2026-08-15T01:29:45+09:00
2005-10-28,NT倍率,9.4,13346.54,1419.84,2026-08-15T01:29:45+09:00
2005-10-31,NT倍率,9.42,13606.5,1444.73,2026-08-15T01:29:45+09:00
2005-11-01,NT倍率,9.41,13867.86,1473.02,2026-08-15T01:29:45+09:00
2005-11-02,NT倍率,9.42,13894.78,1474.25,2026-08-15T01:29:45+09:00
2005-11-04,NT倍率,9.42,14075.96,1494.99,2026-08-15T01:29:45+09:00
2005-11-07,NT倍率,9.38,14061.6,1499.12,2026-08-15T01:29:45+09:00
2005-11-08,NT倍率,9.37,14036.73,1497.53,2026-08-15T01:29:45+09:00
2005-11-09,NT倍率,9.46,14072.2,1487.71,2026-08-15T01:29:45+09:00
2005-11-10,NT倍率,9.48,14080.88,1484.68,2026-08-15T01:29:45+09:00
2005-11-11,NT倍率,9.47,14155.06,1494.56,2026-08-15T01:29:45+09:00
2005-11-14,NT倍率,9.54,14116.04,1480.42,2026-08-15T01:29:45+09:00
2005-11-15,NT倍率,9.57,14091.77,1472.47,2026-08-15T01:29:45+09:00
2005-11-16,NT倍率,9.53,14170.87,1486.34,2026-08-15T01:29:45+09:00
2005-11-17,NT倍率,9.54,14411.79,1510.33,2026-08-15T01:29:45+09:00
2005-11-18,NT倍率,9.55,14623.12,1531.65,2026-08-15T01:29:45+09:00
2005-11-21,NT倍率,9.61,14680.43,1527.56,2026-08-15T01:29:45+09:00
2005-11-22,NT倍率,9.64,14708.32,1526.54,2026-08-15T01:29:45+09:00
2005-11-24,NT倍率,9.71,14742.58,1517.64,2026-08-15T01:29:45+09:00
2005-11-25,NT倍率,9.67,14784.29,1529.67,2026-08-15T01:29:45+09:00
2005-11-28,NT倍率,9.71,14986.94,1543.43,2026-08-15T01:29:45+09:00
2005-11-29,NT倍率,9.66,14927.7,1544.57,2026-08-15T01:29:45+09:00
2005-11-30,NT倍率,9.68,14872.15,1536.21,2026-08-15T01:29:45+09:00
2005-12-01,NT倍率,9.7,15130.5,1559.81,2026-08-15T01:29:45+09:00
2005-12-02,NT倍率,9.74,15421.6,1583.72,2026-08-15T01:29:45+09:00
2005-12-05,NT倍率,9.73,15551.31,1597.57,2026-08-15T01:29:45+09:00
2005-12-06,NT倍率,9.69,15423.38,1591.34,2026-08-15T01:29:45+09:00
2005-12-07,NT倍率,9.69,15484.66,1598.59,2026-08-15T01:29:45+09:00
2005-12-08,NT倍率,9.68,15183.36,1568.73,2026-08-15T01:29:45+09:00
2005-12-09,NT倍率,9.68,15404.05,1591.23,2026-08-15T01:29:45+09:00
2005-12-12,NT倍率,9.73,15738.7,1617.52,2026-08-15T01:29:45+09:00
2005-12-13,NT倍率,9.7,15778.86,1626.15,2026-08-15T01:29:45+09:00
2005-12-14,NT倍率,9.65,15464.58,1602.21,2026-08-15T01:29:45+09:00
2005-12-15,NT倍率,9.63,15254.44,1583.66,2026-08-15T01:29:45+09:00
2005-12-16,NT倍率,9.6,15173.07,1580.78,2026-08-15T01:29:45+09:00
2005-12-19,NT倍率,9.68,15391.48,1589.24,2026-08-15T01:29:45+09:00
2005-12-20,NT倍率,9.69,15641.26,1613.99,2026-08-15T01:29:45+09:00
2005-12-21,NT倍率,9.75,15957.57,1636.38,2026-08-15T01:29:45+09:00
2005-12-22,NT倍率,9.73,15941.37,1637.89,2026-08-15T01:29:45+09:00
2005-12-26,NT倍率,9.77,16107.67,1648.94,2026-08-15T01:29:45+09:00
2005-12-27,NT倍率,9.75,15969.4,1637.93,2026-08-15T01:29:45+09:00
2005-12-28,NT倍率,9.79,16194.61,1653.92,2026-08-15T01:29:45+09:00
2005-12-29,NT倍率,9.82,16344.2,1663.75,2026-08-15T01:29:45+09:00
2005-12-30,NT倍率,9.77,16111.43,1649.76,2026-08-15T01:29:45+09:00
2006-01-04,NT倍率,9.78,16361.54,1673.07,2026-08-15T01:29:45+09:00
2006-01-05,NT倍率,9.75,16425.37,1685.15,2026-08-15T01:29:45+09:00
2006-01-06,NT倍率,9.75,16428.21,1684.9,2026-08-15T01:29:45+09:00
2006-01-10,NT倍率,9.72,16124.35,1659.03,2026-08-15T01:29:45+09:00
2006-01-11,NT倍率,9.78,16363.59,1672.44,2026-08-15T01:29:45+09:00
2006-01-12,NT倍率,9.76,16445.19,1684.34,2026-08-15T01:29:45+09:00
2006-01-13,NT倍率,9.78,16454.95,1681.69,2026-08-15T01:29:45+09:00
2006-01-16,NT倍率,9.74,16268.03,1670.15,2026-08-15T01:29:45+09:00
2006-01-17,NT倍率,9.69,15805.95,1631.61,2026-08-15T01:29:45+09:00
2006-01-18,NT倍率,9.74,15341.18,1574.67,2026-08-15T01:29:45+09:00
2006-01-19,NT倍率,9.69,15696.28,1620.29,2026-08-15T01:29:45+09:00
2006-01-20,NT倍率,9.66,15696.69,1624.39,2026-08-15T01:29:45+09:00
2006-01-23,NT倍率,9.67,15360.65,1587.9,2026-08-15T01:29:45+09:00
2006-01-24,NT倍率,9.71,15648.89,1612.43,2026-08-15T01:29:45+09:00
2006-01-25,NT倍率,9.67,15651.0,1618.46,2026-08-15T01:29:45+09:00
2006-01-26,NT倍率,9.67,15891.02,1643.29,2026-08-15T01:29:45+09:00
2006-01-27,NT倍率,9.74,16460.68,1690.32,2026-08-15T01:29:45+09:00
2006-01-30,NT倍率,9.71,16551.23,1704.28,2026-08-15T01:29:45+09:00
2006-01-31,NT倍率,9.73,16649.82,1710.77,2026-08-15T01:29:45+09:00
2006-02-01,NT倍率,9.73,16480.09,1694.24,2026-08-15T01:29:45+09:00
2006-02-02,NT倍率,9.77,16710.55,1711.02,2026-08-15T01:29:45+09:00
2006-02-03,NT倍率,9.75,16659.64,1707.96,2026-08-15T01:29:45+09:00
2006-02-06,NT倍率,9.78,16747.76,1712.3,2026-08-15T01:29:45+09:00
2006-02-07,NT倍率,9.76,16720.99,1713.47,2026-08-15T01:29:45+09:00
2006-02-08,NT倍率,9.74,16272.68,1671.39,2026-08-15T01:29:45+09:00
2006-02-09,NT倍率,9.77,16439.67,1682.26,2026-08-15T01:29:45+09:00
2006-02-10,NT倍率,9.79,16257.83,1660.22,2026-08-15T01:29:45+09:00
2006-02-13,NT倍率,9.81,15877.66,1618.01,2026-08-15T01:29:45+09:00
2006-02-14,NT倍率,9.9,16184.87,1635.24,2026-08-15T01:29:45+09:00
2006-02-15,NT倍率,9.81,15932.83,1624.28,2026-08-15T01:29:45+09:00
2006-02-16,NT倍率,9.83,16043.67,1631.39,2026-08-15T01:29:45+09:00
2006-02-17,NT倍率,9.79,15713.45,1605.33,2026-08-15T01:29:45+09:00
2006-02-20,NT倍率,9.82,15437.93,1572.11,2026-08-15T01:29:45+09:00
2006-02-21,NT倍率,9.86,15894.94,1612.56,2026-08-15T01:29:45+09:00
2006-02-22,NT倍率,9.81,15781.78,1609.46,2026-08-15T01:29:45+09:00
2006-02-23,NT倍率,9.81,16096.1,1640.47,2026-08-15T01:29:45+09:00
2006-02-24,NT倍率,9.77,16101.91,1647.74,2026-08-15T01:29:45+09:00
2006-02-27,NT倍率,9.77,16192.95,1656.82,2026-08-15T01:29:45+09:00
2006-02-28,NT倍率,9.76,16205.43,1660.42,2026-08-15T01:29:45+09:00
2006-03-01,NT倍率,9.76,15964.46,1635.6,2026-08-15T01:29:45+09:00
2006-03-02,NT倍率,9.75,15909.76,1632.24,2026-08-15T01:29:45+09:00
2006-03-03,NT倍率,9.71,15663.34,1612.96,2026-08-15T01:29:45+09:00
2006-03-06,NT倍率,9.78,15901.16,1626.46,2026-08-15T01:29:45+09:00
2006-03-07,NT倍率,9.72,15726.02,1617.87,2026-08-15T01:29:45+09:00
2006-03-08,NT倍率,9.73,15627.49,1605.58,2026-08-15T01:29:45+09:00
2006-03-09,NT倍率,9.77,16036.91,1641.01,2026-08-15T01:29:45+09:00
2006-03-10,NT倍率,9.78,16115.63,1647.27,2026-08-15T01:29:45+09:00
2006-03-13,NT倍率,9.77,16361.51,1674.66,2026-08-15T01:29:45+09:00
2006-03-14,NT倍率,9.75,16238.36,1665.79,2026-08-15T01:29:45+09:00
2006-03-15,NT倍率,9.79,16319.04,1666.78,2026-08-15T01:29:45+09:00
2006-03-16,NT倍率,9.78,16096.21,1645.06,2026-08-15T01:29:45+09:00
2006-03-17,NT倍率,9.82,16339.73,1663.98,2026-08-15T01:29:45+09:00
2006-03-20,NT倍率,9.85,16624.8,1688.22,2026-08-15T01:29:45+09:00
2006-03-22,NT倍率,9.78,16495.48,1686.35,2026-08-15T01:29:45+09:00
2006-03-23,NT倍率,9.81,16489.37,1680.09,2026-08-15T01:29:45+09:00
2006-03-24,NT倍率,9.8,16560.87,1689.34,2026-08-15T01:29:45+09:00
2006-03-27,NT倍率,9.83,16650.1,1693.84,2026-08-15T01:29:45+09:00
2006-03-28,NT倍率,9.86,16690.24,1692.69,2026-08-15T01:29:45+09:00
2006-03-29,NT倍率,9.9,16938.41,1711.54,2026-08-15T01:29:45+09:00
2006-03-30,NT倍率,9.87,17045.34,1726.68,2026-08-15T01:29:45+09:00
2006-03-31,NT倍率,9.87,17059.66,1728.16,2026-08-15T01:29:45+09:00
2006-04-03,NT倍率,9.88,17333.31,1754.64,2026-08-15T01:29:45+09:00
2006-04-04,NT倍率,9.88,17292.91,1749.65,2026-08-15T01:29:45+09:00
2006-04-05,NT倍率,9.88,17243.98,1746.05,2026-08-15T01:29:45+09:00
2006-04-06,NT倍率,9.85,17489.33,1775.67,2026-08-15T01:29:45+09:00
2006-04-07,NT倍率,9.85,17563.37,1783.72,2026-08-15T01:29:45+09:00
2006-04-10,NT倍率,9.82,17456.58,1777.34,2026-08-15T01:29:45+09:00
2006-04-11,NT倍率,9.84,17418.13,1770.18,2026-08-15T01:29:45+09:00
2006-04-12,NT倍率,9.85,17162.55,1742.89,2026-08-15T01:29:45+09:00
2006-04-13,NT倍率,9.86,17199.15,1743.77,2026-08-15T01:29:45+09:00
2006-04-14,NT倍率,9.88,17233.82,1744.07,2026-08-15T01:29:45+09:00
2006-04-17,NT倍率,9.89,17000.36,1719.05,2026-08-15T01:29:45+09:00
2006-04-18,NT倍率,9.89,17232.86,1741.75,2026-08-15T01:29:45+09:00
2006-04-19,NT倍率,9.93,17350.12,1747.32,2026-08-15T01:29:45+09:00
2006-04-20,NT倍率,9.91,17317.53,1747.86,2026-08-15T01:29:45+09:00
2006-04-21,NT倍率,9.91,17403.96,1756.4,2026-08-15T01:29:45+09:00
2006-04-24,NT倍率,9.89,16914.4,1710.76,2026-08-15T01:29:45+09:00
2006-04-25,NT倍率,9.87,16970.29,1719.73,2026-08-15T01:29:45+09:00
2006-04-26,NT倍率,9.9,17055.93,1723.29,2026-08-15T01:29:45+09:00
2006-04-27,NT倍率,9.9,17114.54,1729.37,2026-08-15T01:29:45+09:00
2006-04-28,NT倍率,9.85,16906.23,1716.43,2026-08-15T01:29:45+09:00
2006-05-01,NT倍率,9.86,16925.71,1717.17,2026-08-15T01:29:45+09:00
2006-05-02,NT倍率,9.87,17153.77,1737.18,2026-08-15T01:29:45+09:00
2006-05-08,NT倍率,9.85,17291.67,1755.03,2026-08-15T01:29:45+09:00
2006-05-09,NT倍率,9.84,17190.91,1747.5,2026-08-15T01:29:45+09:00
2006-05-10,NT倍率,9.83,16951.93,1725.06,2026-08-15T01:29:45+09:00
2006-05-11,NT倍率,9.85,16862.14,1711.31,2026-08-15T01:29:45+09:00
2006-05-12,NT倍率,9.83,16601.78,1688.18,2026-08-15T01:29:45+09:00
2006-05-15,NT倍率,9.8,16486.91,1681.81,2026-08-15T01:29:45+09:00
2006-05-16,NT倍率,9.82,16158.42,1644.97,2026-08-15T01:29:45+09:00
2006-05-17,NT倍率,9.84,16307.67,1657.07,2026-08-15T01:29:45+09:00
2006-05-18,NT倍率,9.86,16087.18,1632.08,2026-08-15T01:29:45+09:00
2006-05-19,NT倍率,9.86,16155.45,1638.57,2026-08-15T01:29:45+09:00
2006-05-22,NT倍率,9.81,15857.87,1615.86,2026-08-15T01:29:45+09:00
2006-05-23,NT倍率,9.88,15599.2,1579.26,2026-08-15T01:29:45+09:00
2006-05-24,NT倍率,9.9,15907.2,1606.01,2026-08-15T01:29:45+09:00
2006-05-25,NT倍率,9.9,15693.75,1584.71,2026-08-15T01:29:45+09:00
2006-05-26,NT倍率,9.9,15970.76,1613.78,2026-08-15T01:29:45+09:00
2006-05-29,NT倍率,9.85,15915.68,1616.17,2026-08-15T01:29:45+09:00
2006-05-30,NT倍率,9.83,15859.45,1612.76,2026-08-15T01:29:45+09:00
2006-05-31,NT倍率,9.79,15467.33,1579.94,2026-08-15T01:29:45+09:00
2006-06-01,NT倍率,9.78,15503.74,1584.56,2026-08-15T01:29:45+09:00
2006-06-02,NT倍率,9.83,15789.31,1606.11,2026-08-15T01:29:45+09:00
2006-06-05,NT倍率,9.82,15668.31,1594.92,2026-08-15T01:29:45+09:00
2006-06-06,NT倍率,9.82,15384.86,1567.3,2026-08-15T01:29:45+09:00
2006-06-07,NT倍率,9.84,15096.01,1533.54,2026-08-15T01:29:45+09:00
2006-06-08,NT倍率,9.87,14633.03,1482.22,2026-08-15T01:29:45+09:00
2006-06-09,NT倍率,9.84,14750.84,1498.68,2026-08-15T01:29:45+09:00
2006-06-12,NT倍率,9.82,14833.01,1510.89,2026-08-15T01:29:45+09:00
2006-06-13,NT倍率,9.75,14218.6,1458.3,2026-08-15T01:29:45+09:00
2006-06-14,NT倍率,9.76,14309.56,1466.14,2026-08-15T01:29:45+09:00
2006-06-15,NT倍率,9.74,14470.76,1485.98,2026-08-15T01:29:45+09:00
2006-06-16,NT倍率,9.7,14879.34,1534.71,2026-08-15T01:29:45+09:00
2006-06-19,NT倍率,9.73,14860.35,1527.66,2026-08-15T01:29:45+09:00
2006-06-20,NT倍率,9.7,14648.41,1510.32,2026-08-15T01:29:45+09:00
2006-06-21,NT倍率,9.73,14644.26,1505.51,2026-08-15T01:29:45+09:00
2006-06-22,NT倍率,9.77,15135.69,1549.12,2026-08-15T01:29:45+09:00
2006-06-23,NT倍率,9.79,15124.04,1545.57,2026-08-15T01:29:45+09:00
2006-06-26,NT倍率,9.78,15152.4,1548.97,2026-08-15T01:29:45+09:00
2006-06-27,NT倍率,9.79,15171.81,1549.37,2026-08-15T01:29:45+09:00
2006-06-28,NT倍率,9.75,14886.11,1527.51,2026-08-15T01:29:45+09:00
2006-06-29,NT倍率,9.77,15121.15,1547.75,2026-08-15T01:29:45+09:00
2006-06-30,NT倍率,9.77,15505.18,1586.96,2026-08-15T01:29:45+09:00
2006-07-03,NT倍率,9.77,15571.62,1593.22,2026-08-15T01:29:45+09:00
2006-07-04,NT倍率,9.76,15638.5,1602.43,2026-08-15T01:29:45+09:00
2006-07-05,NT倍率,9.76,15523.94,1589.97,2026-08-15T01:29:45+09:00
2006-07-06,NT倍率,9.74,15321.4,1572.29,2026-08-15T01:29:45+09:00
2006-07-07,NT倍率,9.73,15307.61,1573.15,2026-08-15T01:29:45+09:00
2006-07-10,NT倍率,9.76,15552.81,1594.07,2026-08-15T01:29:45+09:00
2006-07-11,NT倍率,9.76,15473.82,1585.85,2026-08-15T01:29:45+09:00
2006-07-12,NT倍率,9.75,15249.32,1563.69,2026-08-15T01:29:45+09:00
2006-07-13,NT倍率,9.73,15097.95,1551.03,2026-08-15T01:29:45+09:00
2006-07-14,NT倍率,9.76,14845.24,1521.71,2026-08-15T01:29:45+09:00
2006-07-18,NT倍率,9.79,14437.24,1475.28,2026-08-15T01:29:45+09:00
2006-07-19,NT倍率,9.83,14500.26,1475.42,2026-08-15T01:29:45+09:00
2006-07-20,NT倍率,9.78,14946.84,1528.59,2026-08-15T01:29:45+09:00
2006-07-21,NT倍率,9.78,14821.26,1515.53,2026-08-15T01:29:45+09:00
2006-07-24,NT倍率,9.77,14794.5,1514.22,2026-08-15T01:29:45+09:00
2006-07-25,NT倍率,9.78,15005.24,1534.82,2026-08-15T01:29:45+09:00
2006-07-26,NT倍率,9.79,14884.07,1520.44,2026-08-15T01:29:45+09:00
2006-07-27,NT倍率,9.85,15179.78,1541.81,2026-08-15T01:29:45+09:00
2006-07-28,NT倍率,9.84,15342.87,1559.41,2026-08-15T01:29:45+09:00
2006-07-31,NT倍率,9.83,15456.81,1572.01,2026-08-15T01:29:45+09:00
2006-08-01,NT倍率,9.85,15440.91,1567.01,2026-08-15T01:29:45+09:00
2006-08-02,NT倍率,9.85,15464.29,1569.65,2026-08-15T01:29:45+09:00
2006-08-03,NT倍率,9.86,15470.37,1569.53,2026-08-15T01:29:45+09:00
2006-08-04,NT倍率,9.86,15499.18,1571.7,2026-08-15T01:29:45+09:00
2006-08-07,NT倍率,9.84,15154.06,1540.12,2026-08-15T01:29:45+09:00
2006-08-08,NT倍率,9.9,15464.66,1562.73,2026-08-15T01:29:45+09:00
2006-08-09,NT倍率,9.92,15656.59,1578.43,2026-08-15T01:29:45+09:00
2006-08-10,NT倍率,9.87,15630.91,1582.88,2026-08-15T01:29:45+09:00
2006-08-11,NT倍率,9.86,15565.02,1577.92,2026-08-15T01:29:45+09:00
2006-08-14,NT倍率,9.9,15857.11,1601.02,2026-08-15T01:29:45+09:00
2006-08-15,NT倍率,9.85,15816.19,1605.12,2026-08-15T01:29:45+09:00
2006-08-16,NT倍率,9.86,16071.36,1629.73,2026-08-15T01:29:45+09:00
2006-08-17,NT倍率,9.82,16020.84,1631.46,2026-08-15T01:29:45+09:00
2006-08-18,NT倍率,9.81,16105.98,1641.45,2026-08-15T01:29:45+09:00
2006-08-21,NT倍率,9.83,15969.04,1624.21,2026-08-15T01:29:45+09:00
2006-08-22,NT倍率,9.86,16181.17,1641.77,2026-08-15T01:29:45+09:00
2006-08-23,NT倍率,9.85,16163.03,1640.28,2026-08-15T01:29:45+09:00
2006-08-24,NT倍率,9.83,15960.62,1623.03,2026-08-15T01:29:45+09:00
2006-08-25,NT倍率,9.84,15938.66,1619.81,2026-08-15T01:29:45+09:00
2006-08-28,NT倍率,9.85,15762.59,1600.25,2026-08-15T01:29:45+09:00
2006-08-29,NT倍率,9.83,15890.56,1615.99,2026-08-15T01:29:45+09:00
2006-08-30,NT倍率,9.84,15872.02,1612.66,2026-08-15T01:29:45+09:00
2006-08-31,NT倍率,9.88,16140.76,1634.46,2026-08-15T01:29:45+09:00
2006-09-01,NT倍率,9.88,16134.25,1633.35,2026-08-15T01:29:45+09:00
2006-09-04,NT倍率,9.92,16358.07,1649.32,2026-08-15T01:29:45+09:00
2006-09-05,NT倍率,9.92,16385.96,1651.35,2026-08-15T01:29:45+09:00
2006-09-06,NT倍率,9.91,16284.09,1642.82,2026-08-15T01:29:45+09:00
2006-09-07,NT倍率,9.92,16012.41,1613.46,2026-08-15T01:29:45+09:00
2006-09-08,NT倍率,9.93,16080.46,1619.92,2026-08-15T01:29:45+09:00
2006-09-11,NT倍率,9.89,15794.38,1596.5,2026-08-15T01:29:45+09:00
2006-09-12,NT倍率,9.91,15719.34,1585.98,2026-08-15T01:29:45+09:00
2006-09-13,NT倍率,9.95,15750.05,1583.55,2026-08-15T01:29:45+09:00
2006-09-14,NT倍率,9.98,15942.39,1598.13,2026-08-15T01:29:45+09:00
2006-09-15,NT倍率,9.96,15866.93,1593.43,2026-08-15T01:29:45+09:00
2006-09-19,NT倍率,9.97,15874.28,1591.98,2026-08-15T01:29:45+09:00
2006-09-20,NT倍率,10.01,15718.67,1570.18,2026-08-15T01:29:45+09:00
2006-09-21,NT倍率,10.02,15834.23,1580.08,2026-08-15T01:29:45+09:00
2006-09-22,NT倍率,10.0,15634.67,1563.6,2026-08-15T01:29:45+09:00
2006-09-25,NT倍率,10.02,15633.81,1559.78,2026-08-15T01:29:45+09:00
2006-09-26,NT倍率,10.04,15557.45,1549.41,2026-08-15T01:29:45+09:00
2006-09-27,NT倍率,10.02,15947.87,1591.04,2026-08-15T01:29:45+09:00
2006-09-28,NT倍率,10.0,16024.85,1602.57,2026-08-15T01:29:45+09:00
2006-09-29,NT倍率,10.01,16127.58,1610.73,2026-08-15T01:29:45+09:00
2006-10-02,NT倍率,10.0,16254.29,1625.12,2026-08-15T01:29:45+09:00
2006-10-03,NT倍率,10.04,16242.09,1617.84,2026-08-15T01:29:45+09:00
2006-10-04,NT倍率,10.04,16082.55,1601.99,2026-08-15T01:29:45+09:00
2006-10-05,NT倍率,10.07,16449.33,1633.2,2026-08-15T01:29:45+09:00
2006-10-06,NT倍率,10.06,16436.06,1634.21,2026-08-15T01:29:45+09:00
2006-10-10,NT倍率,10.08,16477.25,1634.83,2026-08-15T01:29:45+09:00
2006-10-11,NT倍率,10.11,16400.57,1622.07,2026-08-15T01:29:45+09:00
2006-10-12,NT倍率,10.14,16368.81,1613.64,2026-08-15T01:29:45+09:00
2006-10-13,NT倍率,10.16,16536.54,1628.0,2026-08-15T01:29:45+09:00
2006-10-16,NT倍率,10.14,16692.76,1646.05,2026-08-15T01:29:45+09:00
2006-10-17,NT倍率,10.14,16611.59,1637.95,2026-08-15T01:29:45+09:00
2006-10-18,NT倍率,10.16,16653.0,1638.74,2026-08-15T01:29:45+09:00
2006-10-19,NT倍率,10.12,16551.36,1635.77,2026-08-15T01:29:45+09:00
2006-10-20,NT倍率,10.13,16651.63,1644.15,2026-08-15T01:29:45+09:00
2006-10-23,NT倍率,10.12,16788.82,1659.39,2026-08-15T01:29:45+09:00
2006-10-24,NT倍率,10.09,16780.47,1662.53,2026-08-15T01:29:45+09:00
2006-10-25,NT倍率,10.1,16699.3,1653.38,2026-08-15T01:29:45+09:00
2006-10-26,NT倍率,10.1,16811.6,1664.59,2026-08-15T01:29:45+09:00
2006-10-27,NT倍率,10.1,16669.07,1650.73,2026-08-15T01:29:45+09:00
2006-10-30,NT倍率,10.09,16351.85,1620.65,2026-08-15T01:29:45+09:00
2006-10-31,NT倍率,10.14,16399.39,1617.42,2026-08-15T01:29:45+09:00
2006-11-01,NT倍率,10.09,16375.26,1622.51,2026-08-15T01:29:45+09:00
2006-11-02,NT倍率,10.1,16350.02,1619.02,2026-08-15T01:29:45+09:00
2006-11-06,NT倍率,10.12,16364.76,1616.71,2026-08-15T01:29:45+09:00
2006-11-07,NT倍率,10.14,16393.41,1616.68,2026-08-15T01:29:45+09:00
2006-11-08,NT倍率,10.15,16215.74,1597.5,2026-08-15T01:29:45+09:00
2006-11-09,NT倍率,10.19,16198.57,1589.06,2026-08-15T01:29:45+09:00
2006-11-10,NT倍率,10.19,16112.43,1581.37,2026-08-15T01:29:45+09:00
2006-11-13,NT倍率,10.21,16022.49,1568.76,2026-08-15T01:29:45+09:00
2006-11-14,NT倍率,10.2,16289.55,1596.42,2026-08-15T01:29:45+09:00
2006-11-15,NT倍率,10.2,16243.47,1592.0,2026-08-15T01:29:45+09:00
2006-11-16,NT倍率,10.22,16163.87,1582.04,2026-08-15T01:29:45+09:00
2006-11-17,NT倍率,10.23,16091.73,1573.54,2026-08-15T01:29:45+09:00
2006-11-20,NT倍率,10.25,15725.94,1533.94,2026-08-15T01:29:45+09:00
2006-11-21,NT倍率,10.26,15734.14,1532.95,2026-08-15T01:29:45+09:00
2006-11-22,NT倍率,10.25,15914.23,1552.87,2026-08-15T01:29:45+09:00
2006-11-24,NT倍率,10.23,15734.6,1538.04,2026-08-15T01:29:45+09:00
2006-11-27,NT倍率,10.23,15885.38,1553.01,2026-08-15T01:29:45+09:00
2006-11-28,NT倍率,10.2,15855.26,1555.11,2026-08-15T01:29:45+09:00
2006-11-29,NT倍率,10.17,16076.2,1580.1,2026-08-15T01:29:45+09:00
2006-11-30,NT倍率,10.15,16274.33,1603.03,2026-08-15T01:29:45+09:00
2006-12-01,NT倍率,10.17,16321.78,1604.9,2026-08-15T01:29:45+09:00
2006-12-04,NT倍率,10.14,16303.59,1607.74,2026-08-15T01:29:45+09:00
2006-12-05,NT倍率,10.17,16265.76,1598.89,2026-08-15T01:29:45+09:00
2006-12-06,NT倍率,10.14,16371.28,1615.17,2026-08-15T01:29:45+09:00
2006-12-07,NT倍率,10.15,16473.36,1622.77,2026-08-15T01:29:45+09:00
2006-12-08,NT倍率,10.16,16417.82,1616.34,2026-08-15T01:29:45+09:00
2006-12-11,NT倍率,10.15,16527.99,1627.97,2026-08-15T01:29:45+09:00
2006-12-12,NT倍率,10.17,16637.78,1636.72,2026-08-15T01:29:45+09:00
2006-12-13,NT倍率,10.18,16692.93,1639.19,2026-08-15T01:29:45+09:00
2006-12-14,NT倍率,10.19,16829.2,1651.85,2026-08-15T01:29:45+09:00
2006-12-15,NT倍率,10.21,16914.31,1657.4,2026-08-15T01:29:45+09:00
2006-12-18,NT倍率,10.19,16962.11,1665.32,2026-08-15T01:29:45+09:00
2006-12-19,NT倍率,10.2,16776.88,1645.4,2026-08-15T01:29:45+09:00
2006-12-20,NT倍率,10.2,17011.04,1667.01,2026-08-15T01:29:45+09:00
2006-12-21,NT倍率,10.2,17047.83,1671.3,2026-08-15T01:29:45+09:00
2006-12-22,NT倍率,10.23,17104.96,1672.1,2026-08-15T01:29:45+09:00
2006-12-25,NT倍率,10.27,17092.89,1664.87,2026-08-15T01:29:45+09:00
2006-12-26,NT倍率,10.27,17169.19,1672.45,2026-08-15T01:29:45+09:00
2006-12-27,NT倍率,10.27,17223.15,1676.95,2026-08-15T01:29:45+09:00
2006-12-28,NT倍率,10.26,17224.81,1678.91,2026-08-15T01:29:45+09:00
2006-12-29,NT倍率,10.25,17225.83,1681.07,2026-08-15T01:29:45+09:00
2007-01-04,NT倍率,10.21,17353.67,1698.95,2026-08-15T01:29:45+09:00
2007-01-05,NT倍率,10.2,17091.59,1675.33,2026-08-15T01:29:45+09:00
2007-01-09,NT倍率,10.19,17237.77,1692.12,2026-08-15T01:29:45+09:00
2007-01-10,NT倍率,10.19,16942.4,1663.0,2026-08-15T01:29:45+09:00
2007-01-11,NT倍率,10.16,16838.17,1656.72,2026-08-15T01:29:45+09:00
2007-01-12,NT倍率,10.12,17057.01,1685.27,2026-08-15T01:29:45+09:00
2007-01-15,NT倍率,10.1,17209.92,1704.58,2026-08-15T01:29:45+09:00
2007-01-16,NT倍率,10.1,17202.46,1703.54,2026-08-15T01:29:45+09:00
2007-01-17,NT倍率,10.11,17261.35,1706.76,2026-08-15T01:29:45+09:00
2007-01-18,NT倍率,10.13,17370.93,1715.17,2026-08-15T01:29:45+09:00
2007-01-19,NT倍率,10.1,17310.44,1714.21,2026-08-15T01:29:45+09:00
2007-01-22,NT倍率,10.07,17424.18,1730.33,2026-08-15T01:29:45+09:00
2007-01-23,NT倍率,10.06,17408.57,1730.76,2026-08-15T01:29:45+09:00
2007-01-24,NT倍率,10.07,17507.4,1738.61,2026-08-15T01:29:45+09:00
2007-01-25,NT倍率,10.1,17458.3,1729.4,2026-08-15T01:29:45+09:00
2007-01-26,NT倍率,10.08,17421.93,1728.02,2026-08-15T01:29:45+09:00
2007-01-29,NT倍率,10.08,17470.46,1733.59,2026-08-15T01:29:45+09:00
2007-01-30,NT倍率,10.1,17490.19,1731.6,2026-08-15T01:29:45+09:00
2007-01-31,NT倍率,10.1,17383.42,1721.96,2026-08-15T01:29:45+09:00
2007-02-01,NT倍率,10.08,17519.5,1738.58,2026-08-15T01:29:45+09:00
2007-02-02,NT倍率,10.07,17547.11,1742.4,2026-08-15T01:29:45+09:00
2007-02-05,NT倍率,10.11,17344.8,1716.28,2026-08-15T01:29:45+09:00
2007-02-06,NT倍率,10.05,17406.86,1732.42,2026-08-15T01:29:45+09:00
2007-02-07,NT倍率,10.01,17292.32,1728.36,2026-08-15T01:29:45+09:00
2007-02-08,NT倍率,10.05,17292.48,1720.18,2026-08-15T01:29:45+09:00
2007-02-09,NT倍率,10.03,17504.33,1745.09,2026-08-15T01:29:45+09:00
2007-02-13,NT倍率,10.04,17621.45,1755.9,2026-08-15T01:29:45+09:00
2007-02-14,NT倍率,10.06,17752.64,1765.31,2026-08-15T01:29:45+09:00
2007-02-15,NT倍率,10.07,17897.23,1776.71,2026-08-15T01:29:45+09:00
2007-02-16,NT倍率,10.07,17875.65,1774.53,2026-08-15T01:29:45+09:00
2007-02-19,NT倍率,10.08,17940.09,1779.96,2026-08-15T01:29:45+09:00
2007-02-20,NT倍率,10.06,17939.12,1782.73,2026-08-15T01:29:45+09:00
2007-02-21,NT倍率,10.02,17913.21,1787.23,2026-08-15T01:29:45+09:00
2007-02-22,NT倍率,10.04,18108.79,1802.9,2026-08-15T01:29:45+09:00
2007-02-23,NT倍率,10.02,18188.42,1814.96,2026-08-15T01:29:45+09:00
2007-02-26,NT倍率,10.03,18215.35,1816.97,2026-08-15T01:29:45+09:00
2007-02-27,NT倍率,10.0,18119.92,1811.33,2026-08-15T01:29:45+09:00
2007-02-28,NT倍率,10.04,17604.12,1752.74,2026-08-15T01:29:45+09:00
2007-03-01,NT倍率,10.03,17453.51,1740.11,2026-08-15T01:29:45+09:00
2007-03-02,NT倍率,10.0,17217.93,1721.59,2026-08-15T01:29:45+09:00
2007-03-05,NT倍率,10.01,16642.25,1662.71,2026-08-15T01:29:45+09:00
2007-03-06,NT倍率,9.95,16844.5,1692.54,2026-08-15T01:29:45+09:00
2007-03-07,NT倍率,9.92,16764.62,1689.6,2026-08-15T01:29:45+09:00
2007-03-08,NT倍率,9.93,17090.31,1720.96,2026-08-15T01:29:45+09:00
2007-03-09,NT倍率,9.92,17164.04,1730.31,2026-08-15T01:29:45+09:00
2007-03-12,NT倍率,9.93,17292.39,1741.36,2026-08-15T01:29:45+09:00
2007-03-13,NT倍率,9.96,17178.84,1725.43,2026-08-15T01:29:45+09:00
2007-03-14,NT倍率,9.96,16676.89,1674.94,2026-08-15T01:29:45+09:00
2007-03-15,NT倍率,9.95,16860.39,1694.18,2026-08-15T01:29:45+09:00
2007-03-16,NT倍率,9.98,16744.15,1677.06,2026-08-15T01:29:45+09:00
2007-03-19,NT倍率,10.04,17009.55,1694.08,2026-08-15T01:29:45+09:00
2007-03-20,NT倍率,10.05,17163.2,1708.29,2026-08-15T01:29:45+09:00
2007-03-22,NT倍率,10.06,17419.2,1731.8,2026-08-15T01:29:45+09:00
2007-03-23,NT倍率,10.04,17480.61,1741.94,2026-08-15T01:29:45+09:00
2007-03-26,NT倍率,10.06,17521.96,1741.37,2026-08-15T01:29:45+09:00
2007-03-27,NT倍率,10.07,17365.05,1723.86,2026-08-15T01:29:45+09:00
2007-03-28,NT倍率,10.08,17254.73,1711.06,2026-08-15T01:29:45+09:00
2007-03-29,NT倍率,10.09,17263.94,1710.68,2026-08-15T01:29:45+09:00
2007-03-30,NT倍率,10.09,17287.65,1713.61,2026-08-15T01:29:45+09:00
2007-04-02,NT倍率,10.12,17028.41,1682.49,2026-08-15T01:29:45+09:00
2007-04-03,NT倍率,10.12,17244.05,1704.32,2026-08-15T01:29:45+09:00
2007-04-04,NT倍率,10.14,17544.09,1730.52,2026-08-15T01:29:45+09:00
2007-04-05,NT倍率,10.17,17491.42,1720.72,2026-08-15T01:29:45+09:00
2007-04-06,NT倍率,10.18,17484.78,1717.08,2026-08-15T01:29:45+09:00
2007-04-09,NT倍率,10.21,17743.76,1738.1,2026-08-15T01:29:45+09:00
2007-04-10,NT倍率,10.18,17664.69,1735.69,2026-08-15T01:29:45+09:00
2007-04-11,NT倍率,10.16,17670.07,1739.01,2026-08-15T01:29:45+09:00
2007-04-12,NT倍率,10.16,17540.42,1726.18,2026-08-15T01:29:45+09:00
2007-04-13,NT倍率,10.18,17363.95,1705.5,2026-08-15T01:29:45+09:00
2007-04-16,NT倍率,10.22,17628.3,1725.6,2026-08-15T01:29:45+09:00
2007-04-17,NT倍率,10.21,17527.45,1716.11,2026-08-15T01:29:45+09:00
2007-04-18,NT倍率,10.21,17667.33,1730.71,2026-08-15T01:29:45+09:00
2007-04-19,NT倍率,10.18,17371.97,1706.93,2026-08-15T01:29:45+09:00
2007-04-20,NT倍率,10.21,17452.62,1710.07,2026-08-15T01:29:45+09:00
2007-04-23,NT倍率,10.23,17455.37,1705.63,2026-08-15T01:29:45+09:00
2007-04-24,NT倍率,10.23,17451.77,1706.16,2026-08-15T01:29:45+09:00
2007-04-25,NT倍率,10.21,17236.16,1687.34,2026-08-15T01:29:45+09:00
2007-04-26,NT倍率,10.23,17429.17,1703.41,2026-08-15T01:29:45+09:00
2007-04-27,NT倍率,10.23,17400.41,1701.0,2026-08-15T01:29:45+09:00
2007-05-01,NT倍率,10.2,17274.98,1693.25,2026-08-15T01:29:45+09:00
2007-05-02,NT倍率,10.21,17394.92,1704.22,2026-08-15T01:29:45+09:00
2007-05-07,NT倍率,10.2,17669.83,1733.03,2026-08-15T01:29:45+09:00
2007-05-08,NT倍率,10.19,17656.84,1732.63,2026-08-15T01:29:45+09:00
2007-05-09,NT倍率,10.17,17748.12,1745.01,2026-08-15T01:29:45+09:00
2007-05-10,NT倍率,10.21,17736.96,1736.99,2026-08-15T01:29:45+09:00
2007-05-11,NT倍率,10.19,17553.72,1723.09,2026-08-15T01:29:45+09:00
2007-05-14,NT倍率,10.21,17677.94,1730.99,2026-08-15T01:29:45+09:00
2007-05-15,NT倍率,10.23,17512.98,1712.55,2026-08-15T01:29:45+09:00
2007-05-16,NT倍率,10.24,17529.0,1711.89,2026-08-15T01:29:45+09:00
2007-05-17,NT倍率,10.25,17498.6,1707.27,2026-08-15T01:29:45+09:00
2007-05-18,NT倍率,10.26,17399.58,1695.69,2026-08-15T01:29:45+09:00
2007-05-21,NT倍率,10.26,17556.87,1710.67,2026-08-15T01:29:45+09:00
2007-05-22,NT倍率,10.21,17680.05,1731.54,2026-08-15T01:29:45+09:00
2007-05-23,NT倍率,10.17,17705.12,1740.08,2026-08-15T01:29:45+09:00
2007-05-24,NT倍率,10.18,17696.97,1738.11,2026-08-15T01:29:45+09:00
2007-05-25,NT倍率,10.19,17481.21,1715.54,2026-08-15T01:29:45+09:00
2007-05-28,NT倍率,10.2,17587.59,1724.38,2026-08-15T01:29:45+09:00
2007-05-29,NT倍率,10.17,17672.56,1737.9,2026-08-15T01:29:45+09:00
2007-05-30,NT倍率,10.14,17588.26,1733.75,2026-08-15T01:29:45+09:00
2007-05-31,NT倍率,10.18,17875.75,1755.68,2026-08-15T01:29:45+09:00
2007-06-01,NT倍率,10.16,17958.88,1767.88,2026-08-15T01:29:45+09:00
2007-06-04,NT倍率,10.14,17973.42,1772.84,2026-08-15T01:29:45+09:00
2007-06-05,NT倍率,10.16,18053.81,1776.56,2026-08-15T01:29:45+09:00
2007-06-07,NT倍率,10.14,18053.38,1779.72,2026-08-15T01:29:45+09:00
2007-06-08,NT倍率,10.12,17779.09,1756.16,2026-08-15T01:29:45+09:00
2007-06-11,NT倍率,10.13,17834.48,1761.15,2026-08-15T01:29:45+09:00
2007-06-12,NT倍率,10.14,17760.91,1751.62,2026-08-15T01:29:45+09:00
2007-06-13,NT倍率,10.16,17732.77,1745.92,2026-08-15T01:29:45+09:00
2007-06-14,NT倍率,10.16,17842.29,1756.64,2026-08-15T01:29:45+09:00
2007-06-15,NT倍率,10.14,17971.49,1772.94,2026-08-15T01:29:45+09:00
2007-06-18,NT倍率,10.15,18149.52,1788.39,2026-08-15T01:29:45+09:00
2007-06-19,NT倍率,10.2,18163.61,1780.49,2026-08-15T01:29:45+09:00
2007-06-20,NT倍率,10.21,18211.68,1783.72,2026-08-15T01:29:45+09:00
2007-06-21,NT倍率,10.19,18240.3,1789.38,2026-08-15T01:29:45+09:00
2007-06-22,NT倍率,10.23,18188.63,1777.99,2026-08-15T01:29:45+09:00
2007-06-25,NT倍率,10.25,18087.48,1764.87,2026-08-15T01:29:45+09:00
2007-06-26,NT倍率,10.23,18066.11,1765.87,2026-08-15T01:29:45+09:00
2007-06-27,NT倍率,10.25,17849.28,1741.08,2026-08-15T01:29:45+09:00
2007-06-28,NT倍率,10.24,17932.27,1751.12,2026-08-15T01:29:45+09:00
2007-06-29,NT倍率,10.22,18138.36,1774.88,2026-08-15T01:29:45+09:00
2007-07-02,NT倍率,10.19,18146.3,1780.36,2026-08-15T01:29:45+09:00
2007-07-03,NT倍率,10.19,18149.9,1781.86,2026-08-15T01:29:45+09:00
2007-07-04,NT倍率,10.19,18168.72,1782.44,2026-08-15T01:29:45+09:00
2007-07-05,NT倍率,10.19,18221.48,1788.16,2026-08-15T01:29:45+09:00
2007-07-06,NT倍率,10.19,18140.94,1779.67,2026-08-15T01:29:45+09:00
2007-07-09,NT倍率,10.19,18261.98,1792.23,2026-08-15T01:29:45+09:00
2007-07-10,NT倍率,10.2,18252.67,1789.2,2026-08-15T01:29:45+09:00
2007-07-11,NT倍率,10.21,18049.51,1767.72,2026-08-15T01:29:45+09:00
2007-07-12,NT倍率,10.2,17984.14,1763.06,2026-08-15T01:29:45+09:00
2007-07-13,NT倍率,10.23,18238.95,1783.2,2026-08-15T01:29:45+09:00
2007-07-17,NT倍率,10.25,18217.27,1778.11,2026-08-15T01:29:45+09:00
2007-07-18,NT倍率,10.24,18015.58,1758.65,2026-08-15T01:29:45+09:00
2007-07-19,NT倍率,10.25,18116.57,1768.0,2026-08-15T01:29:45+09:00
2007-07-20,NT倍率,10.22,18157.93,1776.17,2026-08-15T01:29:45+09:00
2007-07-23,NT倍率,10.22,17963.64,1757.29,2026-08-15T01:29:45+09:00
2007-07-24,NT倍率,10.19,18002.03,1765.99,2026-08-15T01:29:45+09:00
2007-07-25,NT倍率,10.18,17858.42,1754.03,2026-08-15T01:29:45+09:00
2007-07-26,NT倍率,10.19,17702.09,1737.18,2026-08-15T01:29:45+09:00
2007-07-27,NT倍率,10.17,17283.81,1699.71,2026-08-15T01:29:45+09:00
2007-07-30,NT倍率,10.14,17289.3,1705.71,2026-08-15T01:29:45+09:00
2007-07-31,NT倍率,10.11,17248.89,1706.18,2026-08-15T01:29:45+09:00
2007-08-01,NT倍率,10.11,16870.98,1668.85,2026-08-15T01:29:45+09:00
2007-08-02,NT倍率,10.17,16984.11,1669.33,2026-08-15T01:29:45+09:00
2007-08-03,NT倍率,10.15,16979.86,1672.54,2026-08-15T01:29:45+09:00
2007-08-06,NT倍率,10.14,16914.46,1668.04,2026-08-15T01:29:45+09:00
2007-08-07,NT倍率,10.19,16921.77,1660.16,2026-08-15T01:29:45+09:00
2007-08-08,NT倍率,10.2,17029.28,1669.04,2026-08-15T01:29:45+09:00
2007-08-09,NT倍率,10.2,17170.6,1683.81,2026-08-15T01:29:45+09:00
2007-08-10,NT倍率,10.26,16764.09,1633.93,2026-08-15T01:29:45+09:00
2007-08-13,NT倍率,10.29,16800.05,1632.64,2026-08-15T01:29:45+09:00
2007-08-14,NT倍率,10.29,16844.61,1637.46,2026-08-15T01:29:45+09:00
2007-08-15,NT倍率,10.34,16475.61,1594.15,2026-08-15T01:29:45+09:00
2007-08-16,NT倍率,10.3,16148.49,1567.46,2026-08-15T01:29:45+09:00
2007-08-17,NT倍率,10.32,15273.68,1480.39,2026-08-15T01:29:45+09:00
2007-08-20,NT倍率,10.33,15732.48,1523.57,2026-08-15T01:29:45+09:00
2007-08-21,NT倍率,10.26,15901.34,1549.88,2026-08-15T01:29:45+09:00
2007-08-22,NT倍率,10.29,15900.64,1544.89,2026-08-15T01:29:45+09:00
2007-08-23,NT倍率,10.25,16316.32,1591.81,2026-08-15T01:29:45+09:00
2007-08-24,NT倍率,10.25,16248.97,1585.85,2026-08-15T01:29:45+09:00
2007-08-27,NT倍率,10.27,16301.39,1587.76,2026-08-15T01:29:45+09:00
2007-08-28,NT倍率,10.28,16287.49,1584.6,2026-08-15T01:29:45+09:00
2007-08-29,NT倍率,10.28,16012.83,1557.55,2026-08-15T01:29:45+09:00
2007-08-30,NT倍率,10.3,16153.82,1568.23,2026-08-15T01:29:45+09:00
2007-08-31,NT倍率,10.3,16569.09,1608.25,2026-08-15T01:29:45+09:00
2007-09-03,NT倍率,10.29,16524.93,1605.44,2026-08-15T01:29:45+09:00
2007-09-04,NT倍率,10.28,16420.47,1596.74,2026-08-15T01:29:45+09:00
2007-09-05,NT倍率,10.3,16158.45,1569.47,2026-08-15T01:29:45+09:00
2007-09-06,NT倍率,10.36,16257.0,1568.52,2026-08-15T01:29:45+09:00
2007-09-07,NT倍率,10.35,16122.16,1557.02,2026-08-15T01:29:45+09:00
2007-09-10,NT倍率,10.34,15764.97,1525.22,2026-08-15T01:29:45+09:00
2007-09-11,NT倍率,10.36,15877.67,1532.39,2026-08-15T01:29:45+09:00
2007-09-12,NT倍率,10.34,15797.6,1528.27,2026-08-15T01:29:45+09:00
2007-09-13,NT倍率,10.39,15821.19,1522.87,2026-08-15T01:29:45+09:00
2007-09-14,NT倍率,10.44,16127.42,1544.71,2026-08-15T01:29:45+09:00
2007-09-18,NT倍率,10.46,15801.8,1510.95,2026-08-15T01:29:45+09:00
2007-09-19,NT倍率,10.45,16381.54,1567.58,2026-08-15T01:29:45+09:00
2007-09-20,NT倍率,10.48,16413.79,1566.84,2026-08-15T01:29:45+09:00
2007-09-21,NT倍率,10.51,16312.61,1552.07,2026-08-15T01:29:45+09:00
2007-09-25,NT倍率,10.47,16401.73,1566.83,2026-08-15T01:29:45+09:00
2007-09-26,NT倍率,10.43,16435.74,1576.02,2026-08-15T01:29:45+09:00
2007-09-27,NT倍率,10.42,16832.22,1615.15,2026-08-15T01:29:45+09:00
2007-09-28,NT倍率,10.38,16785.69,1616.62,2026-08-15T01:29:45+09:00
2007-10-01,NT倍率,10.43,16845.96,1615.89,2026-08-15T01:29:45+09:00
2007-10-02,NT倍率,10.4,17046.78,1639.79,2026-08-15T01:29:45+09:00
2007-10-03,NT倍率,10.34,17199.89,1664.01,2026-08-15T01:29:45+09:00
2007-10-04,NT倍率,10.32,17092.49,1655.6,2026-08-15T01:29:45+09:00
2007-10-05,NT倍率,10.3,17065.04,1656.91,2026-08-15T01:29:45+09:00
2007-10-09,NT倍率,10.34,17159.9,1660.06,2026-08-15T01:29:45+09:00
2007-10-10,NT倍率,10.36,17177.89,1658.18,2026-08-15T01:29:45+09:00
2007-10-11,NT倍率,10.41,17458.98,1677.52,2026-08-15T01:29:45+09:00
2007-10-12,NT倍率,10.44,17331.17,1659.48,2026-08-15T01:29:45+09:00
2007-10-15,NT倍率,10.47,17358.15,1657.44,2026-08-15T01:29:45+09:00
2007-10-16,NT倍率,10.54,17137.92,1625.25,2026-08-15T01:29:45+09:00
2007-10-17,NT倍率,10.6,16955.31,1600.29,2026-08-15T01:29:45+09:00
2007-10-18,NT倍率,10.57,17106.09,1617.75,2026-08-15T01:29:45+09:00
2007-10-19,NT倍率,10.57,16814.37,1591.28,2026-08-15T01:29:45+09:00
2007-10-22,NT倍率,10.52,16438.47,1563.07,2026-08-15T01:29:45+09:00
2007-10-23,NT倍率,10.47,16450.58,1570.55,2026-08-15T01:29:45+09:00
2007-10-24,NT倍率,10.46,16358.39,1563.86,2026-08-15T01:29:45+09:00
2007-10-25,NT倍率,10.52,16284.17,1548.07,2026-08-15T01:29:45+09:00
2007-10-26,NT倍率,10.49,16505.63,1573.97,2026-08-15T01:29:45+09:00
2007-10-29,NT倍率,10.39,16698.08,1606.49,2026-08-15T01:29:45+09:00
2007-10-30,NT倍率,10.36,16651.01,1607.21,2026-08-15T01:29:45+09:00
2007-10-31,NT倍率,10.33,16737.63,1620.07,2026-08-15T01:29:45+09:00
2007-11-01,NT倍率,10.31,16870.4,1635.78,2026-08-15T01:29:45+09:00
2007-11-02,NT倍率,10.32,16517.48,1600.17,2026-08-15T01:29:45+09:00
2007-11-05,NT倍率,10.33,16268.92,1575.13,2026-08-15T01:29:45+09:00
2007-11-06,NT倍率,10.32,16249.63,1574.59,2026-08-15T01:29:45+09:00
2007-11-07,NT倍率,10.34,16096.68,1556.69,2026-08-15T01:29:45+09:00
2007-11-08,NT倍率,10.4,15771.57,1516.94,2026-08-15T01:29:45+09:00
2007-11-09,NT倍率,10.43,15583.42,1494.35,2026-08-15T01:29:45+09:00
2007-11-12,NT倍率,10.43,15197.09,1456.4,2026-08-15T01:29:45+09:00
2007-11-13,NT倍率,10.4,15126.63,1454.73,2026-08-15T01:29:45+09:00
2007-11-14,NT倍率,10.35,15499.56,1497.71,2026-08-15T01:29:45+09:00
2007-11-15,NT倍率,10.27,15396.3,1498.86,2026-08-15T01:29:45+09:00
2007-11-16,NT倍率,10.3,15154.61,1471.67,2026-08-15T01:29:45+09:00
2007-11-19,NT倍率,10.33,15042.56,1456.61,2026-08-15T01:29:45+09:00
2007-11-20,NT倍率,10.35,15211.52,1469.27,2026-08-15T01:29:45+09:00
2007-11-21,NT倍率,10.31,14837.66,1438.72,2026-08-15T01:29:45+09:00
2007-11-22,NT倍率,10.36,14888.77,1437.38,2026-08-15T01:29:45+09:00
2007-11-26,NT倍率,10.32,15135.21,1467.03,2026-08-15T01:29:45+09:00
2007-11-27,NT倍率,10.29,15222.85,1478.78,2026-08-15T01:29:45+09:00
2007-11-28,NT倍率,10.27,15153.78,1475.64,2026-08-15T01:29:45+09:00
2007-11-29,NT倍率,10.24,15513.74,1514.47,2026-08-15T01:29:45+09:00
2007-11-30,NT倍率,10.24,15680.67,1531.88,2026-08-15T01:29:45+09:00
2007-12-03,NT倍率,10.2,15628.97,1532.16,2026-08-15T01:29:45+09:00
2007-12-04,NT倍率,10.21,15480.19,1515.5,2026-08-15T01:29:45+09:00
2007-12-05,NT倍率,10.22,15608.88,1526.63,2026-08-15T01:29:45+09:00
2007-12-06,NT倍率,10.23,15874.08,1552.27,2026-08-15T01:29:45+09:00
2007-12-07,NT倍率,10.22,15956.37,1561.76,2026-08-15T01:29:45+09:00
2007-12-10,NT倍率,10.22,15924.39,1558.51,2026-08-15T01:29:45+09:00
2007-12-11,NT倍率,10.24,16044.72,1567.02,2026-08-15T01:29:45+09:00
2007-12-12,NT倍率,10.23,15932.26,1556.93,2026-08-15T01:29:45+09:00
2007-12-13,NT倍率,10.25,15536.52,1516.1,2026-08-15T01:29:45+09:00
2007-12-14,NT倍率,10.33,15514.51,1501.25,2026-08-15T01:29:45+09:00
2007-12-17,NT倍率,10.35,15249.79,1472.7,2026-08-15T01:29:45+09:00
2007-12-18,NT倍率,10.35,15207.86,1469.77,2026-08-15T01:29:45+09:00
2007-12-19,NT倍率,10.32,15030.51,1456.79,2026-08-15T01:29:45+09:00
2007-12-20,NT倍率,10.31,15031.6,1457.56,2026-08-15T01:29:45+09:00
2007-12-21,NT倍率,10.38,15257.0,1469.2,2026-08-15T01:29:45+09:00
2007-12-25,NT倍率,10.4,15552.59,1496.03,2026-08-15T01:29:45+09:00
2007-12-26,NT倍率,10.38,15653.54,1508.47,2026-08-15T01:29:45+09:00
2007-12-27,NT倍率,10.38,15564.69,1499.94,2026-08-15T01:29:45+09:00
2007-12-28,NT倍率,10.37,15307.78,1475.68,2026-08-15T01:29:45+09:00
2008-01-04,NT倍率,10.41,14691.41,1411.91,2026-08-15T01:29:45+09:00
2008-01-07,NT倍率,10.41,14500.55,1392.71,2026-08-15T01:29:45+09:00
2008-01-08,NT倍率,10.35,14528.67,1403.06,2026-08-15T01:29:45+09:00
2008-01-09,NT倍率,10.25,14599.16,1424.29,2026-08-15T01:29:45+09:00
2008-01-10,NT倍率,10.27,14388.11,1401.36,2026-08-15T01:29:45+09:00
2008-01-11,NT倍率,10.24,14110.79,1377.58,2026-08-15T01:29:45+09:00
2008-01-15,NT倍率,10.35,13972.63,1350.2,2026-08-15T01:29:45+09:00
2008-01-16,NT倍率,10.37,13504.51,1302.37,2026-08-15T01:29:45+09:00
2008-01-17,NT倍率,10.36,13783.45,1330.44,2026-08-15T01:29:45+09:00
2008-01-18,NT倍率,10.33,13861.29,1341.5,2026-08-15T01:29:45+09:00
2008-01-21,NT倍率,10.3,13325.94,1293.74,2026-08-15T01:29:45+09:00
2008-01-22,NT倍率,10.31,12573.05,1219.95,2026-08-15T01:29:45+09:00
2008-01-23,NT倍率,10.26,12829.06,1249.93,2026-08-15T01:29:45+09:00
2008-01-24,NT倍率,10.19,13092.78,1284.45,2026-08-15T01:29:45+09:00
2008-01-25,NT倍率,10.13,13629.16,1344.77,2026-08-15T01:29:45+09:00
2008-01-28,NT倍率,10.12,13087.91,1293.03,2026-08-15T01:29:45+09:00
2008-01-29,NT倍率,10.14,13478.86,1328.73,2026-08-15T01:29:45+09:00
2008-01-30,NT倍率,10.11,13345.03,1320.11,2026-08-15T01:29:45+09:00
2008-01-31,NT倍率,10.1,13592.47,1346.31,2026-08-15T01:29:45+09:00
2008-02-01,NT倍率,10.1,13497.16,1336.86,2026-08-15T01:29:45+09:00
2008-02-04,NT倍率,10.16,13859.7,1364.72,2026-08-15T01:29:45+09:00
2008-02-05,NT倍率,10.14,13745.5,1355.48,2026-08-15T01:29:45+09:00
2008-02-06,NT倍率,10.09,13099.24,1298.41,2026-08-15T01:29:45+09:00
2008-02-07,NT倍率,10.12,13207.15,1305.08,2026-08-15T01:29:45+09:00
2008-02-08,NT倍率,10.11,13017.24,1287.14,2026-08-15T01:29:45+09:00
2008-02-12,NT倍率,10.13,13021.96,1286.1,2026-08-15T01:29:45+09:00
2008-02-13,NT倍率,10.17,13068.3,1285.35,2026-08-15T01:29:45+09:00
2008-02-14,NT倍率,10.23,13626.45,1332.44,2026-08-15T01:29:45+09:00
2008-02-15,NT倍率,10.21,13622.56,1334.89,2026-08-15T01:29:45+09:00
2008-02-18,NT倍率,10.23,13635.4,1332.99,2026-08-15T01:29:45+09:00
2008-02-19,NT倍率,10.23,13757.91,1345.29,2026-08-15T01:29:45+09:00
2008-02-20,NT倍率,10.22,13310.37,1302.72,2026-08-15T01:29:45+09:00
2008-02-21,NT倍率,10.26,13688.28,1334.72,2026-08-15T01:29:45+09:00
2008-02-22,NT倍率,10.22,13500.46,1321.37,2026-08-15T01:29:45+09:00
2008-02-25,NT倍率,10.26,13914.57,1355.54,2026-08-15T01:29:45+09:00
2008-02-26,NT倍率,10.26,13824.72,1347.47,2026-08-15T01:29:45+09:00
2008-02-27,NT倍率,10.28,14031.3,1364.52,2026-08-15T01:29:45+09:00
2008-02-28,NT倍率,10.29,13925.51,1353.1,2026-08-15T01:29:45+09:00
2008-02-29,NT倍率,10.27,13603.02,1324.28,2026-08-15T01:29:45+09:00
2008-03-03,NT倍率,10.22,12992.18,1271.15,2026-08-15T01:29:45+09:00
2008-03-04,NT倍率,10.27,12992.28,1265.66,2026-08-15T01:29:45+09:00
2008-03-05,NT倍率,10.26,12972.06,1263.91,2026-08-15T01:29:45+09:00
2008-03-06,NT倍率,10.26,13215.42,1287.55,2026-08-15T01:29:45+09:00
2008-03-07,NT倍率,10.24,12782.8,1247.77,2026-08-15T01:29:45+09:00
2008-03-10,NT倍率,10.24,12532.13,1224.39,2026-08-15T01:29:45+09:00
2008-03-11,NT倍率,10.25,12658.28,1235.15,2026-08-15T01:29:45+09:00
2008-03-12,NT倍率,10.25,12861.13,1255.13,2026-08-15T01:29:45+09:00
2008-03-13,NT倍率,10.23,12433.44,1215.87,2026-08-15T01:29:45+09:00
2008-03-14,NT倍率,10.26,12241.6,1193.23,2026-08-15T01:29:45+09:00
2008-03-17,NT倍率,10.25,11787.51,1149.65,2026-08-15T01:29:45+09:00
2008-03-18,NT倍率,10.28,11964.16,1163.63,2026-08-15T01:29:45+09:00
2008-03-19,NT倍率,10.25,12260.44,1196.3,2026-08-15T01:29:45+09:00
2008-03-21,NT倍率,10.23,12482.57,1220.04,2026-08-15T01:29:45+09:00
2008-03-24,NT倍率,10.19,12480.09,1224.15,2026-08-15T01:29:45+09:00
2008-03-25,NT倍率,10.25,12745.22,1242.98,2026-08-15T01:29:45+09:00
2008-03-26,NT倍率,10.27,12706.63,1237.55,2026-08-15T01:29:45+09:00
2008-03-27,NT倍率,10.28,12604.58,1226.44,2026-08-15T01:29:45+09:00
2008-03-28,NT倍率,10.31,12820.47,1243.81,2026-08-15T01:29:45+09:00
2008-03-31,NT倍率,10.33,12525.54,1212.96,2026-08-15T01:29:45+09:00
2008-04-01,NT倍率,10.29,12656.42,1230.49,2026-08-15T01:29:45+09:00
2008-04-02,NT倍率,10.29,13189.36,1282.07,2026-08-15T01:29:45+09:00
2008-04-03,NT倍率,10.3,13389.9,1299.64,2026-08-15T01:29:45+09:00
2008-04-04,NT倍率,10.31,13293.22,1288.94,2026-08-15T01:29:45+09:00
2008-04-07,NT倍率,10.3,13450.23,1305.63,2026-08-15T01:29:45+09:00
2008-04-08,NT倍率,10.33,13250.43,1282.69,2026-08-15T01:29:45+09:00
2008-04-09,NT倍率,10.38,13111.89,1262.9,2026-08-15T01:29:45+09:00
2008-04-10,NT倍率,10.37,12945.3,1248.07,2026-08-15T01:29:45+09:00
2008-04-11,NT倍率,10.42,13323.73,1278.62,2026-08-15T01:29:45+09:00
2008-04-14,NT倍率,10.37,12917.51,1246.24,2026-08-15T01:29:45+09:00
2008-04-15,NT倍率,10.34,12990.58,1255.97,2026-08-15T01:29:45+09:00
2008-04-16,NT倍率,10.34,13146.13,1271.88,2026-08-15T01:29:45+09:00
2008-04-17,NT倍率,10.36,13398.3,1293.32,2026-08-15T01:29:45+09:00
2008-04-18,NT倍率,10.33,13476.45,1304.06,2026-08-15T01:29:45+09:00
2008-04-21,NT倍率,10.29,13696.55,1331.51,2026-08-15T01:29:45+09:00
2008-04-22,NT倍率,10.33,13547.82,1311.46,2026-08-15T01:29:45+09:00
2008-04-23,NT倍率,10.33,13579.16,1314.39,2026-08-15T01:29:45+09:00
2008-04-24,NT倍率,10.36,13540.87,1307.57,2026-08-15T01:29:45+09:00
2008-04-25,NT倍率,10.35,13863.47,1339.91,2026-08-15T01:29:45+09:00
2008-04-28,NT倍率,10.2,13894.37,1361.75,2026-08-15T01:29:45+09:00
2008-04-30,NT倍率,10.19,13849.99,1358.65,2026-08-15T01:29:45+09:00
2008-05-01,NT倍率,10.23,13766.86,1346.1,2026-08-15T01:29:45+09:00
2008-05-02,NT倍率,10.2,14049.26,1377.39,2026-08-15T01:29:45+09:00
2008-05-07,NT倍率,10.12,14102.48,1393.28,2026-08-15T01:29:45+09:00
2008-05-08,NT倍率,10.16,13943.26,1372.95,2026-08-15T01:29:45+09:00
2008-05-09,NT倍率,10.18,13655.34,1341.76,2026-08-15T01:29:45+09:00
2008-05-12,NT倍率,10.23,13743.36,1342.79,2026-08-15T01:29:45+09:00
2008-05-13,NT倍率,10.26,13953.73,1360.05,2026-08-15T01:29:45+09:00
2008-05-14,NT倍率,10.28,14118.55,1373.04,2026-08-15T01:29:45+09:00
2008-05-15,NT倍率,10.23,14251.74,1392.87,2026-08-15T01:29:45+09:00
2008-05-16,NT倍率,10.19,14219.48,1395.87,2026-08-15T01:29:45+09:00
2008-05-19,NT倍率,10.16,14269.61,1404.25,2026-08-15T01:29:45+09:00
2008-05-20,NT倍率,10.12,14160.09,1399.84,2026-08-15T01:29:45+09:00
2008-05-21,NT倍率,10.16,13926.3,1370.09,2026-08-15T01:29:45+09:00
2008-05-22,NT倍率,10.13,13978.46,1379.67,2026-08-15T01:29:45+09:00
2008-05-23,NT倍率,10.18,14012.2,1376.69,2026-08-15T01:29:45+09:00
2008-05-26,NT倍率,10.18,13690.19,1344.18,2026-08-15T01:29:45+09:00
2008-05-27,NT倍率,10.15,13893.31,1368.25,2026-08-15T01:29:45+09:00
2008-05-28,NT倍率,10.17,13709.44,1348.69,2026-08-15T01:29:45+09:00
2008-05-29,NT倍率,10.23,14124.47,1380.63,2026-08-15T01:29:45+09:00
2008-05-30,NT倍率,10.18,14338.54,1408.14,2026-08-15T01:29:45+09:00
2008-06-02,NT倍率,10.13,14440.14,1425.1,2026-08-15T01:29:45+09:00
2008-06-03,NT倍率,10.1,14209.17,1407.44,2026-08-15T01:29:45+09:00
2008-06-04,NT倍率,10.09,14435.57,1430.47,2026-08-15T01:29:45+09:00
2008-06-05,NT倍率,10.07,14341.12,1424.45,2026-08-15T01:29:45+09:00
2008-06-06,NT倍率,10.15,14489.44,1428.11,2026-08-15T01:29:45+09:00
2008-06-09,NT倍率,10.15,14181.38,1397.54,2026-08-15T01:29:45+09:00
2008-06-10,NT倍率,10.14,14021.17,1383.2,2026-08-15T01:29:45+09:00
2008-06-11,NT倍率,10.2,14183.48,1390.03,2026-08-15T01:29:45+09:00
2008-06-12,NT倍率,10.19,13888.6,1363.14,2026-08-15T01:29:45+09:00
2008-06-13,NT倍率,10.19,13973.73,1371.57,2026-08-15T01:29:45+09:00
2008-06-16,NT倍率,10.24,14354.37,1401.69,2026-08-15T01:29:45+09:00
2008-06-17,NT倍率,10.23,14348.37,1401.98,2026-08-15T01:29:45+09:00
2008-06-18,NT倍率,10.25,14452.82,1409.64,2026-08-15T01:29:45+09:00
2008-06-19,NT倍率,10.27,14130.17,1375.6,2026-08-15T01:29:45+09:00
2008-06-20,NT倍率,10.28,13942.08,1356.74,2026-08-15T01:29:45+09:00
2008-06-23,NT倍率,10.28,13857.47,1347.93,2026-08-15T01:29:45+09:00
2008-06-24,NT倍率,10.27,13849.56,1349.19,2026-08-15T01:29:45+09:00
2008-06-25,NT倍率,10.27,13829.92,1346.08,2026-08-15T01:29:45+09:00
2008-06-26,NT倍率,10.28,13822.32,1344.79,2026-08-15T01:29:45+09:00
2008-06-27,NT倍率,10.26,13544.36,1320.68,2026-08-15T01:29:45+09:00
2008-06-30,NT倍率,10.21,13481.38,1320.1,2026-08-15T01:29:45+09:00
2008-07-01,NT倍率,10.2,13463.2,1320.07,2026-08-15T01:29:45+09:00
2008-07-02,NT倍率,10.21,13286.37,1301.15,2026-08-15T01:29:45+09:00
2008-07-03,NT倍率,10.22,13265.4,1298.02,2026-08-15T01:29:45+09:00
2008-07-04,NT倍率,10.2,13237.89,1297.88,2026-08-15T01:29:45+09:00
2008-07-07,NT倍率,10.18,13360.04,1312.8,2026-08-15T01:29:45+09:00
2008-07-08,NT倍率,10.15,13033.1,1283.51,2026-08-15T01:29:45+09:00
2008-07-09,NT倍率,10.15,13052.13,1285.53,2026-08-15T01:29:45+09:00
2008-07-10,NT倍率,10.12,13067.21,1290.76,2026-08-15T01:29:45+09:00
2008-07-11,NT倍率,10.14,13039.69,1285.91,2026-08-15T01:29:45+09:00
2008-07-14,NT倍率,10.16,13010.16,1280.72,2026-08-15T01:29:45+09:00
2008-07-15,NT倍率,10.18,12754.56,1253.12,2026-08-15T01:29:45+09:00
2008-07-16,NT倍率,10.21,12760.8,1249.28,2026-08-15T01:29:45+09:00
2008-07-17,NT倍率,10.2,12887.95,1263.65,2026-08-15T01:29:45+09:00
2008-07-18,NT倍率,10.22,12803.7,1252.43,2026-08-15T01:29:45+09:00
2008-07-22,NT倍率,10.24,13184.96,1287.74,2026-08-15T01:29:45+09:00
2008-07-23,NT倍率,10.21,13312.93,1303.35,2026-08-15T01:29:45+09:00
2008-07-24,NT倍率,10.21,13603.31,1332.57,2026-08-15T01:29:45+09:00
2008-07-25,NT倍率,10.27,13334.76,1298.28,2026-08-15T01:29:45+09:00
2008-07-28,NT倍率,10.27,13353.78,1300.79,2026-08-15T01:29:45+09:00
2008-07-29,NT倍率,10.27,13159.45,1281.64,2026-08-15T01:29:45+09:00
2008-07-30,NT倍率,10.26,13367.79,1302.99,2026-08-15T01:29:45+09:00
2008-07-31,NT倍率,10.26,13376.81,1303.62,2026-08-15T01:29:45+09:00
2008-08-01,NT倍率,10.29,13094.59,1272.93,2026-08-15T01:29:45+09:00
2008-08-04,NT倍率,10.36,12933.18,1248.25,2026-08-15T01:29:45+09:00
2008-08-05,NT倍率,10.35,12914.66,1247.71,2026-08-15T01:29:45+09:00
2008-08-06,NT倍率,10.38,13254.89,1277.27,2026-08-15T01:29:45+09:00
2008-08-07,NT倍率,10.43,13124.99,1258.81,2026-08-15T01:29:45+09:00
2008-08-08,NT倍率,10.45,13168.41,1259.93,2026-08-15T01:29:45+09:00
2008-08-11,NT倍率,10.49,13430.91,1280.0,2026-08-15T01:29:45+09:00
2008-08-12,NT倍率,10.46,13303.6,1271.42,2026-08-15T01:29:45+09:00
2008-08-13,NT倍率,10.45,13023.05,1246.48,2026-08-15T01:29:45+09:00
2008-08-14,NT倍率,10.46,12956.8,1238.93,2026-08-15T01:29:45+09:00
2008-08-15,NT倍率,10.44,13019.41,1247.31,2026-08-15T01:29:45+09:00
2008-08-18,NT倍率,10.42,13165.45,1263.75,2026-08-15T01:29:45+09:00
2008-08-19,NT倍率,10.41,12865.05,1235.54,2026-08-15T01:29:45+09:00
2008-08-20,NT倍率,10.42,12851.69,1233.37,2026-08-15T01:29:45+09:00
2008-08-21,NT倍率,10.41,12752.21,1224.53,2026-08-15T01:29:45+09:00
2008-08-22,NT倍率,10.41,12666.04,1216.42,2026-08-15T01:29:45+09:00
2008-08-25,NT倍率,10.39,12878.66,1239.25,2026-08-15T01:29:45+09:00
2008-08-26,NT倍率,10.39,12778.71,1229.35,2026-08-15T01:29:45+09:00
2008-08-27,NT倍率,10.42,12752.96,1223.69,2026-08-15T01:29:45+09:00
2008-08-28,NT倍率,10.47,12768.25,1219.53,2026-08-15T01:29:45+09:00
2008-08-29,NT倍率,10.42,13072.87,1254.71,2026-08-15T01:29:45+09:00
2008-09-01,NT倍率,10.43,12834.18,1230.64,2026-08-15T01:29:45+09:00
2008-09-02,NT倍率,10.4,12609.47,1212.37,2026-08-15T01:29:45+09:00
2008-09-03,NT倍率,10.4,12689.59,1220.55,2026-08-15T01:29:45+09:00
2008-09-04,NT倍率,10.45,12557.66,1201.65,2026-08-15T01:29:45+09:00
2008-09-05,NT倍率,10.43,12212.23,1170.84,2026-08-15T01:29:45+09:00
2008-09-08,NT倍率,10.38,12624.46,1216.41,2026-08-15T01:29:45+09:00
2008-09-09,NT倍率,10.41,12400.65,1191.59,2026-08-15T01:29:45+09:00
2008-09-10,NT倍率,10.35,12346.63,1192.38,2026-08-15T01:29:45+09:00
2008-09-11,NT倍率,10.41,12102.5,1162.72,2026-08-15T01:29:45+09:00
2008-09-12,NT倍率,10.38,12214.76,1177.2,2026-08-15T01:29:45+09:00
2008-09-16,NT倍率,10.39,11609.72,1117.57,2026-08-15T01:29:45+09:00
2008-09-17,NT倍率,10.48,11749.79,1121.43,2026-08-15T01:29:45+09:00
2008-09-18,NT倍率,10.47,11489.3,1097.68,2026-08-15T01:29:45+09:00
2008-09-19,NT倍率,10.37,11920.86,1149.12,2026-08-15T01:29:45+09:00
2008-09-22,NT倍率,10.35,12090.59,1168.69,2026-08-15T01:29:45+09:00
2008-09-24,NT倍率,10.37,12115.03,1167.97,2026-08-15T01:29:45+09:00
2008-09-25,NT倍率,10.4,12006.53,1153.95,2026-08-15T01:29:45+09:00
2008-09-26,NT倍率,10.36,11893.16,1147.89,2026-08-15T01:29:45+09:00
2008-09-29,NT倍率,10.41,11743.61,1127.87,2026-08-15T01:29:45+09:00
2008-09-30,NT倍率,10.35,11259.86,1087.41,2026-08-15T01:29:45+09:00
2008-10-01,NT倍率,10.32,11368.26,1101.13,2026-08-15T01:29:45+09:00
2008-10-02,NT倍率,10.36,11154.76,1076.97,2026-08-15T01:29:45+09:00
2008-10-03,NT倍率,10.44,10938.14,1047.97,2026-08-15T01:29:45+09:00
2008-10-06,NT倍率,10.48,10473.09,999.05,2026-08-15T01:29:45+09:00
2008-10-07,NT倍率,10.39,10155.9,977.61,2026-08-15T01:29:45+09:00
2008-10-08,NT倍率,10.24,9203.32,899.01,2026-08-15T01:29:45+09:00
2008-10-09,NT倍率,10.12,9157.49,905.11,2026-08-15T01:29:45+09:00
2008-10-10,NT倍率,9.84,8276.43,840.86,2026-08-15T01:29:45+09:00
2008-10-14,NT倍率,9.88,9447.57,956.3,2026-08-15T01:29:45+09:00
2008-10-15,NT倍率,9.99,9547.47,955.51,2026-08-15T01:29:45+09:00
2008-10-16,NT倍率,9.78,8458.45,864.52,2026-08-15T01:29:45+09:00
2008-10-17,NT倍率,9.72,8693.82,894.29,2026-08-15T01:29:45+09:00
2008-10-20,NT倍率,9.71,9005.59,927.37,2026-08-15T01:29:45+09:00
2008-10-21,NT倍率,9.73,9306.25,956.64,2026-08-15T01:29:45+09:00
2008-10-22,NT倍率,9.76,8674.69,889.23,2026-08-15T01:29:45+09:00
2008-10-23,NT倍率,9.71,8460.98,871.7,2026-08-15T01:29:45+09:00
2008-10-24,NT倍率,9.49,7649.08,806.11,2026-08-15T01:29:45+09:00
2008-10-27,NT倍率,9.6,7162.9,746.46,2026-08-15T01:29:45+09:00
2008-10-28,NT倍率,9.72,7621.92,784.03,2026-08-15T01:29:45+09:00
2008-10-29,NT倍率,9.89,8211.9,830.32,2026-08-15T01:29:45+09:00
2008-10-30,NT倍率,10.04,9029.76,899.37,2026-08-15T01:29:45+09:00
2008-10-31,NT倍率,9.89,8576.98,867.12,2026-08-15T01:29:45+09:00
2008-11-04,NT倍率,10.01,9114.6,910.7,2026-08-15T01:29:45+09:00
2008-11-05,NT倍率,9.85,9521.24,966.91,2026-08-15T01:29:45+09:00
2008-11-06,NT倍率,9.79,8899.14,909.3,2026-08-15T01:29:45+09:00
2008-11-07,NT倍率,9.76,8583.0,879.0,2026-08-15T01:29:45+09:00
2008-11-10,NT倍率,9.91,9081.43,916.65,2026-08-15T01:29:45+09:00
2008-11-11,NT倍率,9.91,8809.3,889.36,2026-08-15T01:29:45+09:00
2008-11-12,NT倍率,9.94,8695.51,875.23,2026-08-15T01:29:45+09:00
2008-11-13,NT倍率,9.84,8238.64,837.53,2026-08-15T01:29:45+09:00
2008-11-14,NT倍率,9.99,8462.39,846.91,2026-08-15T01:29:45+09:00
2008-11-17,NT倍率,10.02,8522.58,850.49,2026-08-15T01:29:45+09:00
2008-11-18,NT倍率,9.97,8328.41,835.44,2026-08-15T01:29:45+09:00
2008-11-19,NT倍率,10.0,8273.22,827.43,2026-08-15T01:29:45+09:00
2008-11-20,NT倍率,9.85,7703.04,782.28,2026-08-15T01:29:45+09:00
2008-11-21,NT倍率,9.86,7910.79,802.69,2026-08-15T01:29:45+09:00
2008-11-25,NT倍率,10.01,8323.93,831.58,2026-08-15T01:29:45+09:00
2008-11-26,NT倍率,10.05,8213.22,817.22,2026-08-15T01:29:45+09:00
2008-11-27,NT倍率,10.1,8373.39,829.03,2026-08-15T01:29:45+09:00
2008-11-28,NT倍率,10.2,8512.27,834.82,2026-08-15T01:29:45+09:00
2008-12-01,NT倍率,10.15,8397.22,827.47,2026-08-15T01:29:45+09:00
2008-12-02,NT倍率,9.99,7863.69,787.12,2026-08-15T01:29:45+09:00
2008-12-03,NT倍率,10.02,8004.1,799.19,2026-08-15T01:29:45+09:00
2008-12-04,NT倍率,10.04,7924.24,788.88,2026-08-15T01:29:45+09:00
2008-12-05,NT倍率,10.07,7917.51,786.02,2026-08-15T01:29:45+09:00
2008-12-08,NT倍率,10.26,8329.05,812.08,2026-08-15T01:29:45+09:00
2008-12-09,NT倍率,10.26,8395.87,817.94,2026-08-15T01:29:45+09:00
2008-12-10,NT倍率,10.38,8660.24,834.55,2026-08-15T01:29:45+09:00
2008-12-11,NT倍率,10.27,8720.55,849.25,2026-08-15T01:29:45+09:00
2008-12-12,NT倍率,10.13,8235.87,813.37,2026-08-15T01:29:45+09:00
2008-12-15,NT倍率,10.23,8664.66,846.93,2026-08-15T01:29:45+09:00
2008-12-16,NT倍率,10.34,8568.02,828.62,2026-08-15T01:29:45+09:00
2008-12-17,NT倍率,10.27,8612.52,838.46,2026-08-15T01:29:45+09:00
2008-12-18,NT倍率,10.33,8667.23,838.69,2026-08-15T01:29:45+09:00
2008-12-19,NT倍率,10.29,8588.52,834.43,2026-08-15T01:29:45+09:00
2008-12-22,NT倍率,10.28,8723.78,848.72,2026-08-15T01:29:45+09:00
2008-12-24,NT倍率,10.3,8517.1,826.99,2026-08-15T01:29:45+09:00
2008-12-25,NT倍率,10.29,8599.5,836.02,2026-08-15T01:29:45+09:00
2008-12-26,NT倍率,10.32,8739.52,846.58,2026-08-15T01:29:45+09:00
2008-12-29,NT倍率,10.23,8747.17,854.77,2026-08-15T01:29:45+09:00
2008-12-30,NT倍率,10.31,8859.56,859.24,2026-08-15T01:29:45+09:00
2009-01-05,NT倍率,10.32,9043.12,875.91,2026-08-15T01:29:45+09:00
2009-01-06,NT倍率,10.36,9080.84,876.2,2026-08-15T01:29:45+09:00
2009-01-07,NT倍率,10.4,9239.24,888.25,2026-08-15T01:29:45+09:00
2009-01-08,NT倍率,10.31,8876.42,860.89,2026-08-15T01:29:45+09:00
2009-01-09,NT倍率,10.34,8836.8,855.02,2026-08-15T01:29:45+09:00
2009-01-13,NT倍率,10.33,8413.91,814.12,2026-08-15T01:29:45+09:00
2009-01-14,NT倍率,10.3,8438.45,819.39,2026-08-15T01:29:45+09:00
2009-01-15,NT倍率,10.08,8023.31,795.99,2026-08-15T01:29:45+09:00
2009-01-16,NT倍率,10.06,8230.15,817.89,2026-08-15T01:29:45+09:00
2009-01-19,NT倍率,10.1,8256.85,817.73,2026-08-15T01:29:45+09:00
2009-01-20,NT倍率,10.02,8065.79,805.03,2026-08-15T01:29:45+09:00
2009-01-21,NT倍率,10.04,7901.64,787.15,2026-08-15T01:29:45+09:00
2009-01-22,NT倍率,10.12,8051.74,795.91,2026-08-15T01:29:45+09:00
2009-01-23,NT倍率,10.01,7745.25,773.55,2026-08-15T01:29:45+09:00
2009-01-26,NT倍率,10.0,7682.14,768.28,2026-08-15T01:29:45+09:00
2009-01-27,NT倍率,10.01,8061.07,805.49,2026-08-15T01:29:45+09:00
2009-01-28,NT倍率,10.08,8106.29,804.33,2026-08-15T01:29:45+09:00
2009-01-29,NT倍率,10.08,8251.24,818.47,2026-08-15T01:29:45+09:00
2009-01-30,NT倍率,10.07,7994.05,794.03,2026-08-15T01:29:45+09:00
2009-02-02,NT倍率,10.12,7873.98,777.85,2026-08-15T01:29:45+09:00
2009-02-03,NT倍率,10.11,7825.51,773.79,2026-08-15T01:29:45+09:00
2009-02-04,NT倍率,10.14,8038.94,792.78,2026-08-15T01:29:45+09:00
2009-02-05,NT倍率,10.11,7949.65,786.41,2026-08-15T01:29:45+09:00
2009-02-06,NT倍率,10.21,8076.62,790.84,2026-08-15T01:29:45+09:00
2009-02-09,NT倍率,10.23,7969.03,778.9,2026-08-15T01:29:45+09:00
2009-02-10,NT倍率,10.21,7945.94,778.1,2026-08-15T01:29:45+09:00
2009-02-12,NT倍率,10.13,7705.36,760.29,2026-08-15T01:29:45+09:00
2009-02-13,NT倍率,10.17,7779.4,764.59,2026-08-15T01:29:45+09:00
2009-02-16,NT倍率,10.06,7750.17,770.1,2026-08-15T01:29:45+09:00
2009-02-17,NT倍率,10.11,7645.51,756.53,2026-08-15T01:29:45+09:00
2009-02-18,NT倍率,10.06,7534.44,749.26,2026-08-15T01:29:45+09:00
2009-02-19,NT倍率,10.06,7557.65,751.59,2026-08-15T01:29:45+09:00
2009-02-20,NT倍率,10.03,7416.38,739.53,2026-08-15T01:29:45+09:00
2009-02-23,NT倍率,10.03,7376.16,735.28,2026-08-15T01:29:45+09:00
2009-02-24,NT倍率,9.95,7268.56,730.28,2026-08-15T01:29:45+09:00
2009-02-25,NT倍率,10.01,7461.22,745.62,2026-08-15T01:29:45+09:00
2009-02-26,NT倍率,10.04,7457.93,742.53,2026-08-15T01:29:45+09:00
2009-02-27,NT倍率,10.0,7568.42,756.71,2026-08-15T01:29:45+09:00
2009-03-02,NT倍率,9.91,7280.15,734.59,2026-08-15T01:29:45+09:00
2009-03-03,NT倍率,9.95,7229.72,726.8,2026-08-15T01:29:45+09:00
2009-03-04,NT倍率,9.96,7290.96,732.04,2026-08-15T01:29:45+09:00
2009-03-05,NT倍率,10.02,7433.49,741.55,2026-08-15T01:29:45+09:00
2009-03-06,NT倍率,9.94,7173.1,721.39,2026-08-15T01:29:45+09:00
2009-03-09,NT倍率,9.97,7086.03,710.53,2026-08-15T01:29:45+09:00
2009-03-10,NT倍率,10.03,7054.98,703.5,2026-08-15T01:29:45+09:00
2009-03-11,NT倍率,10.21,7376.12,722.28,2026-08-15T01:29:45+09:00
2009-03-12,NT倍率,10.27,7198.25,700.93,2026-08-15T01:29:45+09:00
2009-03-13,NT倍率,10.45,7569.28,724.3,2026-08-15T01:29:45+09:00
2009-03-16,NT倍率,10.39,7704.15,741.69,2026-08-15T01:29:45+09:00
2009-03-17,NT倍率,10.45,7949.13,760.64,2026-08-15T01:29:45+09:00
2009-03-18,NT倍率,10.43,7972.17,764.67,2026-08-15T01:29:45+09:00
2009-03-19,NT倍率,10.39,7945.96,764.77,2026-08-15T01:29:45+09:00
2009-03-23,NT倍率,10.38,8215.53,791.56,2026-08-15T01:29:45+09:00
2009-03-24,NT倍率,10.44,8488.3,812.72,2026-08-15T01:29:45+09:00
2009-03-25,NT倍率,10.36,8479.99,818.49,2026-08-15T01:29:45+09:00
2009-03-26,NT倍率,10.45,8636.33,826.81,2026-08-15T01:29:45+09:00
2009-03-27,NT倍率,10.46,8626.97,824.53,2026-08-15T01:29:45+09:00
2009-03-30,NT倍率,10.43,8236.08,789.54,2026-08-15T01:29:45+09:00
2009-03-31,NT倍率,10.48,8109.53,773.66,2026-08-15T01:29:45+09:00
2009-04-01,NT倍率,10.52,8351.91,793.82,2026-08-15T01:29:45+09:00
2009-04-02,NT倍率,10.55,8719.78,826.69,2026-08-15T01:29:45+09:00
2009-04-03,NT倍率,10.52,8749.84,831.36,2026-08-15T01:29:45+09:00
2009-04-06,NT倍率,10.66,8857.93,830.97,2026-08-15T01:29:45+09:00
2009-04-07,NT倍率,10.61,8832.85,832.6,2026-08-15T01:29:45+09:00
2009-04-08,NT倍率,10.54,8595.01,815.26,2026-08-15T01:29:45+09:00
2009-04-09,NT倍率,10.59,8916.06,841.81,2026-08-15T01:29:45+09:00
2009-04-10,NT倍率,10.6,8964.11,845.97,2026-08-15T01:29:45+09:00
2009-04-13,NT倍率,10.51,8924.43,848.97,2026-08-15T01:29:45+09:00
2009-04-14,NT倍率,10.48,8842.68,843.42,2026-08-15T01:29:45+09:00
2009-04-15,NT倍率,10.47,8742.96,835.25,2026-08-15T01:29:45+09:00
2009-04-16,NT倍率,10.52,8755.26,832.04,2026-08-15T01:29:45+09:00
2009-04-17,NT倍率,10.53,8907.58,845.57,2026-08-15T01:29:45+09:00
2009-04-20,NT倍率,10.52,8924.75,848.3,2026-08-15T01:29:45+09:00
2009-04-21,NT倍率,10.49,8711.33,830.72,2026-08-15T01:29:45+09:00
2009-04-22,NT倍率,10.52,8727.3,829.96,2026-08-15T01:29:45+09:00
2009-04-23,NT倍率,10.54,8847.01,839.5,2026-08-15T01:29:45+09:00
2009-04-24,NT倍率,10.49,8707.99,830.05,2026-08-15T01:29:45+09:00
2009-04-27,NT倍率,10.47,8726.34,833.1,2026-08-15T01:29:45+09:00
2009-04-28,NT倍率,10.46,8493.77,811.99,2026-08-15T01:29:45+09:00
2009-04-30,NT倍率,10.54,8828.26,837.79,2026-08-15T01:29:45+09:00
2009-05-01,NT倍率,10.6,8977.37,846.85,2026-08-15T01:29:45+09:00
2009-05-07,NT倍率,10.59,9385.7,885.93,2026-08-15T01:29:45+09:00
2009-05-08,NT倍率,10.54,9432.83,895.35,2026-08-15T01:29:45+09:00
2009-05-11,NT倍率,10.5,9451.98,900.45,2026-08-15T01:29:45+09:00
2009-05-12,NT倍率,10.5,9298.61,885.43,2026-08-15T01:29:45+09:00
2009-05-13,NT倍率,10.51,9340.49,888.75,2026-08-15T01:29:45+09:00
2009-05-14,NT倍率,10.54,9093.73,862.66,2026-08-15T01:29:45+09:00
2009-05-15,NT倍率,10.51,9265.02,881.65,2026-08-15T01:29:45+09:00
2009-05-18,NT倍率,10.51,9038.69,859.71,2026-08-15T01:29:45+09:00
2009-05-19,NT倍率,10.56,9290.29,879.76,2026-08-15T01:29:45+09:00
2009-05-20,NT倍率,10.54,9344.64,886.3,2026-08-15T01:29:45+09:00
2009-05-21,NT倍率,10.51,9264.15,881.44,2026-08-15T01:29:45+09:00
2009-05-22,NT倍率,10.53,9225.81,875.88,2026-08-15T01:29:45+09:00
2009-05-25,NT倍率,10.59,9347.0,883.0,2026-08-15T01:29:45+09:00
2009-05-26,NT倍率,10.54,9310.81,883.77,2026-08-15T01:29:45+09:00
2009-05-27,NT倍率,10.57,9438.77,892.85,2026-08-15T01:29:45+09:00
2009-05-28,NT倍率,10.55,9451.39,895.59,2026-08-15T01:29:45+09:00
2009-05-29,NT倍率,10.61,9522.5,897.91,2026-08-15T01:29:45+09:00
2009-06-01,NT倍率,10.61,9677.75,912.52,2026-08-15T01:29:45+09:00
2009-06-02,NT倍率,10.62,9704.31,913.56,2026-08-15T01:29:45+09:00
2009-06-03,NT倍率,10.65,9741.67,914.5,2026-08-15T01:29:45+09:00
2009-06-04,NT倍率,10.61,9668.96,910.99,2026-08-15T01:29:45+09:00
2009-06-05,NT倍率,10.66,9768.01,916.56,2026-08-15T01:29:45+09:00
2009-06-08,NT倍率,10.64,9865.63,926.89,2026-08-15T01:29:45+09:00
2009-06-09,NT倍率,10.66,9786.82,918.24,2026-08-15T01:29:45+09:00
2009-06-10,NT倍率,10.66,9991.49,937.01,2026-08-15T01:29:45+09:00
2009-06-11,NT倍率,10.61,9981.33,940.65,2026-08-15T01:29:45+09:00
2009-06-12,NT倍率,10.66,10135.82,950.54,2026-08-15T01:29:45+09:00
2009-06-15,NT倍率,10.6,10039.67,946.82,2026-08-15T01:29:45+09:00
2009-06-16,NT倍率,10.66,9752.88,914.76,2026-08-15T01:29:45+09:00
2009-06-17,NT倍率,10.66,9840.85,923.03,2026-08-15T01:29:45+09:00
2009-06-18,NT倍率,10.65,9703.72,911.21,2026-08-15T01:29:45+09:00
2009-06-19,NT倍率,10.65,9786.26,918.97,2026-08-15T01:29:45+09:00
2009-06-22,NT倍率,10.65,9826.27,922.48,2026-08-15T01:29:45+09:00
2009-06-23,NT倍率,10.59,9549.61,901.69,2026-08-15T01:29:45+09:00
2009-06-24,NT倍率,10.63,9590.32,902.46,2026-08-15T01:29:45+09:00
2009-06-25,NT倍率,10.65,9796.08,919.77,2026-08-15T01:29:45+09:00
2009-06-26,NT倍率,10.66,9877.39,926.8,2026-08-15T01:29:45+09:00
2009-06-29,NT倍率,10.69,9783.47,915.32,2026-08-15T01:29:45+09:00
2009-06-30,NT倍率,10.71,9958.44,929.76,2026-08-15T01:29:45+09:00
2009-07-01,NT倍率,10.71,9939.93,928.3,2026-08-15T01:29:45+09:00
2009-07-02,NT倍率,10.69,9876.15,924.02,2026-08-15T01:29:45+09:00
2009-07-03,NT倍率,10.66,9816.07,920.62,2026-08-15T01:29:45+09:00
2009-07-06,NT倍率,10.61,9680.87,912.42,2026-08-15T01:29:45+09:00
2009-07-07,NT倍率,10.61,9647.79,909.13,2026-08-15T01:29:45+09:00
2009-07-08,NT倍率,10.6,9420.75,888.54,2026-08-15T01:29:45+09:00
2009-07-09,NT倍率,10.63,9291.06,873.91,2026-08-15T01:29:45+09:00
2009-07-10,NT倍率,10.64,9287.28,872.5,2026-08-15T01:29:45+09:00
2009-07-13,NT倍率,10.62,9050.33,852.42,2026-08-15T01:29:45+09:00
2009-07-14,NT倍率,10.66,9261.81,868.57,2026-08-15T01:29:45+09:00
2009-07-15,NT倍率,10.7,9269.25,866.37,2026-08-15T01:29:45+09:00
2009-07-16,NT倍率,10.71,9344.16,872.25,2026-08-15T01:29:45+09:00
2009-07-17,NT倍率,10.7,9395.32,878.29,2026-08-15T01:29:45+09:00
2009-07-21,NT倍率,10.71,9652.02,901.55,2026-08-15T01:29:45+09:00
2009-07-22,NT倍率,10.73,9723.16,906.58,2026-08-15T01:29:45+09:00
2009-07-23,NT倍率,10.78,9792.94,908.69,2026-08-15T01:29:45+09:00
2009-07-24,NT倍率,10.8,9944.55,920.48,2026-08-15T01:29:45+09:00
2009-07-27,NT倍率,10.87,10088.66,928.26,2026-08-15T01:29:45+09:00
2009-07-28,NT倍率,10.85,10087.26,930.13,2026-08-15T01:29:45+09:00
2009-07-29,NT倍率,10.87,10113.24,930.36,2026-08-15T01:29:45+09:00
2009-07-30,NT倍率,10.85,10165.21,936.94,2026-08-15T01:29:45+09:00
2009-07-31,NT倍率,10.9,10356.83,950.26,2026-08-15T01:29:45+09:00
2009-08-03,NT倍率,10.81,10352.47,957.56,2026-08-15T01:29:45+09:00
2009-08-04,NT倍率,10.82,10375.01,959.02,2026-08-15T01:29:45+09:00
2009-08-05,NT倍率,10.8,10252.53,949.58,2026-08-15T01:29:45+09:00
2009-08-06,NT倍率,10.85,10388.09,957.51,2026-08-15T01:29:45+09:00
2009-08-07,NT倍率,10.88,10412.09,956.76,2026-08-15T01:29:45+09:00
2009-08-10,NT倍率,10.86,10524.26,969.24,2026-08-15T01:29:45+09:00
2009-08-11,NT倍率,10.87,10585.46,973.51,2026-08-15T01:29:45+09:00
2009-08-12,NT倍率,10.87,10435.0,959.87,2026-08-15T01:29:45+09:00
2009-08-13,NT倍率,10.86,10517.19,968.41,2026-08-15T01:29:45+09:00
2009-08-14,NT倍率,10.89,10597.33,973.57,2026-08-15T01:29:45+09:00
2009-08-17,NT倍率,10.81,10268.61,949.59,2026-08-15T01:29:45+09:00
2009-08-18,NT倍率,10.83,10284.96,949.66,2026-08-15T01:29:45+09:00
2009-08-19,NT倍率,10.82,10204.0,943.25,2026-08-15T01:29:45+09:00
2009-08-20,NT倍率,10.83,10383.41,958.59,2026-08-15T01:29:45+09:00
2009-08-21,NT倍率,10.81,10238.2,947.34,2026-08-15T01:29:45+09:00
2009-08-24,NT倍率,10.91,10581.05,970.27,2026-08-15T01:29:45+09:00
2009-08-25,NT倍率,10.88,10497.36,965.11,2026-08-15T01:29:45+09:00
2009-08-26,NT倍率,10.91,10639.71,975.59,2026-08-15T01:29:45+09:00
2009-08-27,NT倍率,10.86,10473.97,964.23,2026-08-15T01:29:45+09:00
2009-08-28,NT倍率,10.87,10534.14,969.31,2026-08-15T01:29:45+09:00
2009-08-31,NT倍率,10.86,10492.53,965.73,2026-08-15T01:29:45+09:00
2009-09-01,NT倍率,10.87,10530.06,968.77,2026-08-15T01:29:45+09:00
2009-09-02,NT倍率,10.82,10280.46,949.81,2026-08-15T01:29:45+09:00
2009-09-03,NT倍率,10.83,10214.64,942.77,2026-08-15T01:29:45+09:00
2009-09-04,NT倍率,10.89,10187.11,935.74,2026-08-15T01:29:45+09:00
2009-09-07,NT倍率,10.93,10320.94,944.6,2026-08-15T01:29:45+09:00
2009-09-08,NT倍率,10.98,10393.23,946.4,2026-08-15T01:29:45+09:00
2009-09-09,NT倍率,10.97,10312.14,939.84,2026-08-15T01:29:45+09:00
2009-09-10,NT倍率,10.97,10513.67,958.49,2026-08-15T01:29:45+09:00
2009-09-11,NT倍率,10.99,10444.33,950.41,2026-08-15T01:29:45+09:00
2009-09-14,NT倍率,10.92,10202.06,934.05,2026-08-15T01:29:45+09:00
2009-09-15,NT倍率,10.96,10217.62,932.52,2026-08-15T01:29:45+09:00
2009-09-16,NT倍率,11.03,10270.77,931.43,2026-08-15T01:29:45+09:00
2009-09-17,NT倍率,11.12,10443.8,939.52,2026-08-15T01:29:45+09:00
2009-09-18,NT倍率,11.04,10370.54,939.44,2026-08-15T01:29:45+09:00
2009-09-24,NT倍率,11.1,10544.22,950.2,2026-08-15T01:29:45+09:00
2009-09-25,NT倍率,11.13,10265.98,922.67,2026-08-15T01:29:45+09:00
2009-09-28,NT倍率,11.09,10009.52,902.84,2026-08-15T01:29:45+09:00
2009-09-29,NT倍率,11.17,10100.2,904.0,2026-08-15T01:29:45+09:00
2009-09-30,NT倍率,11.14,10133.23,909.84,2026-08-15T01:29:45+09:00
2009-10-01,NT倍率,11.14,9978.64,896.12,2026-08-15T01:29:45+09:00
2009-10-02,NT倍率,11.13,9731.87,874.67,2026-08-15T01:29:45+09:00
2009-10-05,NT倍率,11.15,9674.49,867.28,2026-08-15T01:29:45+09:00
2009-10-06,NT倍率,11.12,9691.8,871.63,2026-08-15T01:29:45+09:00
2009-10-07,NT倍率,11.06,9799.6,885.69,2026-08-15T01:29:45+09:00
2009-10-08,NT倍率,11.08,9832.47,887.59,2026-08-15T01:29:45+09:00
2009-10-09,NT倍率,11.16,10016.39,897.83,2026-08-15T01:29:45+09:00
2009-10-13,NT倍率,11.18,10076.56,901.4,2026-08-15T01:29:45+09:00
2009-10-14,NT倍率,11.25,10060.21,894.34,2026-08-15T01:29:45+09:00
2009-10-15,NT倍率,11.32,10238.65,904.11,2026-08-15T01:29:45+09:00
2009-10-16,NT倍率,11.39,10257.56,900.95,2026-08-15T01:29:45+09:00
2009-10-19,NT倍率,11.3,10236.51,905.8,2026-08-15T01:29:45+09:00
2009-10-20,NT倍率,11.32,10336.84,913.45,2026-08-15T01:29:45+09:00
2009-10-21,NT倍率,11.31,10333.39,913.7,2026-08-15T01:29:45+09:00
2009-10-22,NT倍率,11.3,10267.17,908.6,2026-08-15T01:29:45+09:00
2009-10-23,NT倍率,11.4,10282.99,902.03,2026-08-15T01:29:45+09:00
2009-10-26,NT倍率,11.38,10362.62,910.72,2026-08-15T01:29:45+09:00
2009-10-27,NT倍率,11.4,10212.46,895.48,2026-08-15T01:29:45+09:00
2009-10-28,NT倍率,11.34,10075.05,888.8,2026-08-15T01:29:45+09:00
2009-10-29,NT倍率,11.21,9891.1,882.26,2026-08-15T01:29:45+09:00
2009-10-30,NT倍率,11.22,10034.74,894.67,2026-08-15T01:29:45+09:00
2009-11-02,NT倍率,11.13,9802.95,880.54,2026-08-15T01:29:45+09:00
2009-11-04,NT倍率,11.17,9844.31,881.27,2026-08-15T01:29:45+09:00
2009-11-05,NT倍率,11.11,9717.44,874.96,2026-08-15T01:29:45+09:00
2009-11-06,NT倍率,11.2,9789.35,874.01,2026-08-15T01:29:45+09:00
2009-11-09,NT倍率,11.27,9808.99,870.67,2026-08-15T01:29:45+09:00
2009-11-10,NT倍率,11.31,9870.73,872.44,2026-08-15T01:29:45+09:00
2009-11-11,NT倍率,11.32,9871.68,872.29,2026-08-15T01:29:45+09:00
2009-11-12,NT倍率,11.3,9804.49,867.7,2026-08-15T01:29:45+09:00
2009-11-13,NT倍率,11.27,9770.31,866.8,2026-08-15T01:29:45+09:00
2009-11-16,NT倍率,11.38,9791.18,860.42,2026-08-15T01:29:45+09:00
2009-11-17,NT倍率,11.35,9729.93,857.0,2026-08-15T01:29:45+09:00
2009-11-18,NT倍率,11.38,9676.8,850.06,2026-08-15T01:29:45+09:00
2009-11-19,NT倍率,11.4,9549.47,837.71,2026-08-15T01:29:45+09:00
2009-11-20,NT倍率,11.32,9497.68,838.71,2026-08-15T01:29:45+09:00
2009-11-24,NT倍率,11.34,9401.58,829.22,2026-08-15T01:29:45+09:00
2009-11-25,NT倍率,11.33,9441.64,833.29,2026-08-15T01:29:45+09:00
2009-11-26,NT倍率,11.31,9383.24,829.56,2026-08-15T01:29:45+09:00
2009-11-27,NT倍率,11.2,9081.52,811.01,2026-08-15T01:29:45+09:00
2009-11-30,NT倍率,11.13,9345.55,839.94,2026-08-15T01:29:45+09:00
2009-12-01,NT倍率,11.16,9572.2,857.76,2026-08-15T01:29:45+09:00
2009-12-02,NT倍率,11.19,9608.94,858.74,2026-08-15T01:29:45+09:00
2009-12-03,NT倍率,11.24,9977.67,888.04,2026-08-15T01:29:45+09:00
2009-12-04,NT倍率,11.27,10022.59,889.58,2026-08-15T01:29:45+09:00
2009-12-07,NT倍率,11.31,10167.6,898.93,2026-08-15T01:29:45+09:00
2009-12-08,NT倍率,11.31,10140.47,896.7,2026-08-15T01:29:45+09:00
2009-12-09,NT倍率,11.31,10004.72,884.94,2026-08-15T01:29:45+09:00
2009-12-10,NT倍率,11.29,9862.82,873.9,2026-08-15T01:29:45+09:00
2009-12-11,NT倍率,11.38,10107.87,888.57,2026-08-15T01:29:45+09:00
2009-12-14,NT倍率,11.42,10105.68,885.08,2026-08-15T01:29:45+09:00
2009-12-15,NT倍率,11.4,10083.48,884.63,2026-08-15T01:29:45+09:00
2009-12-16,NT倍率,11.33,10177.41,898.29,2026-08-15T01:29:45+09:00
2009-12-17,NT倍率,11.34,10163.8,896.28,2026-08-15T01:29:45+09:00
2009-12-18,NT倍率,11.35,10142.05,893.59,2026-08-15T01:29:45+09:00
2009-12-21,NT倍率,11.42,10183.47,891.48,2026-08-15T01:29:45+09:00
2009-12-22,NT倍率,11.49,10378.03,903.06,2026-08-15T01:29:45+09:00
2009-12-24,NT倍率,11.53,10536.92,913.72,2026-08-15T01:29:45+09:00
2009-12-25,NT倍率,11.54,10494.71,909.39,2026-08-15T01:29:45+09:00
2009-12-28,NT倍率,11.62,10634.23,914.78,2026-08-15T01:29:45+09:00
2009-12-29,NT倍率,11.62,10638.06,915.87,2026-08-15T01:29:45+09:00
2009-12-30,NT倍率,11.62,10546.44,907.59,2026-08-15T01:29:45+09:00
2010-01-04,NT倍率,11.64,10654.79,915.75,2026-08-15T01:29:45+09:00
2010-01-05,NT倍率,11.62,10681.83,919.57,2026-08-15T01:29:45+09:00
2010-01-06,NT倍率,11.53,10731.45,931.13,2026-08-15T01:29:45+09:00
2010-01-07,NT倍率,11.46,10681.66,931.85,2026-08-15T01:29:45+09:00
2010-01-08,NT倍率,11.47,10798.32,941.29,2026-08-15T01:29:45+09:00
2010-01-12,NT倍率,11.4,10879.14,954.13,2026-08-15T01:29:45+09:00
2010-01-13,NT倍率,11.37,10735.03,944.02,2026-08-15T01:29:45+09:00
2010-01-14,NT倍率,11.37,10907.68,959.01,2026-08-15T01:29:45+09:00
2010-01-15,NT倍率,11.36,10982.1,966.4,2026-08-15T01:29:45+09:00
2010-01-18,NT倍率,11.34,10855.08,957.55,2026-08-15T01:29:45+09:00
2010-01-19,NT倍率,11.33,10764.9,949.76,2026-08-15T01:29:45+09:00
2010-01-20,NT倍率,11.37,10737.52,944.72,2026-08-15T01:29:45+09:00
2010-01-21,NT倍率,11.37,10868.41,956.03,2026-08-15T01:29:45+09:00
2010-01-22,NT倍率,11.26,10590.55,940.94,2026-08-15T01:29:45+09:00
2010-01-25,NT倍率,11.25,10512.69,934.59,2026-08-15T01:29:45+09:00
2010-01-26,NT倍率,11.27,10325.28,916.4,2026-08-15T01:29:45+09:00
2010-01-27,NT倍率,11.29,10252.08,907.67,2026-08-15T01:29:45+09:00
2010-01-28,NT倍率,11.39,10414.29,914.32,2026-08-15T01:29:45+09:00
2010-01-29,NT倍率,11.32,10198.04,901.12,2026-08-15T01:29:45+09:00
2010-02-01,NT倍率,11.36,10205.02,898.61,2026-08-15T01:29:45+09:00
2010-02-02,NT倍率,11.36,10371.09,912.82,2026-08-15T01:29:45+09:00
2010-02-03,NT倍率,11.36,10404.33,915.68,2026-08-15T01:29:45+09:00
2010-02-04,NT倍率,11.37,10355.98,911.09,2026-08-15T01:29:45+09:00
2010-02-05,NT倍率,11.28,10057.09,891.78,2026-08-15T01:29:45+09:00
2010-02-08,NT倍率,11.27,9951.82,883.01,2026-08-15T01:29:45+09:00
2010-02-09,NT倍率,11.27,9932.9,881.57,2026-08-15T01:29:45+09:00
2010-02-10,NT倍率,11.28,9963.99,883.5,2026-08-15T01:29:45+09:00
2010-02-12,NT倍率,11.31,10092.19,892.16,2026-08-15T01:29:45+09:00
2010-02-15,NT倍率,11.33,10013.3,883.47,2026-08-15T01:29:45+09:00
2010-02-16,NT倍率,11.34,10034.25,885.17,2026-08-15T01:29:45+09:00
2010-02-17,NT倍率,11.39,10306.83,904.63,2026-08-15T01:29:45+09:00
2010-02-18,NT倍率,11.42,10335.69,904.73,2026-08-15T01:29:45+09:00
2010-02-19,NT倍率,11.39,10123.58,889.08,2026-08-15T01:29:45+09:00
2010-02-22,NT倍率,11.43,10400.47,909.75,2026-08-15T01:29:45+09:00
2010-02-23,NT倍率,11.41,10352.1,907.37,2026-08-15T01:29:45+09:00
2010-02-24,NT倍率,11.39,10198.83,895.69,2026-08-15T01:29:45+09:00
2010-02-25,NT倍率,11.33,10101.96,891.41,2026-08-15T01:29:45+09:00
2010-02-26,NT倍率,11.33,10126.03,894.1,2026-08-15T01:29:45+09:00
2010-03-01,NT倍率,11.32,10172.06,898.93,2026-08-15T01:29:45+09:00
2010-03-02,NT倍率,11.32,10221.84,902.71,2026-08-15T01:29:45+09:00
2010-03-03,NT倍率,11.32,10253.14,905.65,2026-08-15T01:29:45+09:00
2010-03-04,NT倍率,11.3,10145.72,897.64,2026-08-15T01:29:45+09:00
2010-03-05,NT倍率,11.38,10368.96,910.81,2026-08-15T01:29:45+09:00
2010-03-08,NT倍率,11.42,10585.92,927.31,2026-08-15T01:29:45+09:00
2010-03-09,NT倍率,11.43,10567.65,924.38,2026-08-15T01:29:45+09:00
2010-03-10,NT倍率,11.45,10563.92,922.44,2026-08-15T01:29:45+09:00
2010-03-11,NT倍率,11.46,10664.95,930.38,2026-08-15T01:29:45+09:00
2010-03-12,NT倍率,11.48,10751.26,936.38,2026-08-15T01:29:45+09:00
2010-03-15,NT倍率,11.45,10751.98,938.91,2026-08-15T01:29:45+09:00
2010-03-16,NT倍率,11.43,10721.71,938.1,2026-08-15T01:29:45+09:00
2010-03-17,NT倍率,11.45,10846.98,947.43,2026-08-15T01:29:45+09:00
2010-03-18,NT倍率,11.42,10744.03,940.79,2026-08-15T01:29:45+09:00
2010-03-19,NT倍率,11.41,10824.72,948.93,2026-08-15T01:29:45+09:00
2010-03-23,NT倍率,11.37,10774.15,947.37,2026-08-15T01:29:45+09:00
2010-03-24,NT倍率,11.36,10815.03,951.97,2026-08-15T01:29:45+09:00
2010-03-25,NT倍率,11.37,10828.85,952.13,2026-08-15T01:29:45+09:00
2010-03-26,NT倍率,11.37,10996.37,966.72,2026-08-15T01:29:45+09:00
2010-03-29,NT倍率,11.37,10986.47,966.13,2026-08-15T01:29:45+09:00
2010-03-30,NT倍率,11.33,11097.14,979.58,2026-08-15T01:29:45+09:00
2010-03-31,NT倍率,11.33,11089.94,978.81,2026-08-15T01:29:45+09:00
2010-04-01,NT倍率,11.41,11244.4,985.26,2026-08-15T01:29:45+09:00
2010-04-02,NT倍率,11.41,11286.09,989.39,2026-08-15T01:29:45+09:00
2010-04-05,NT倍率,11.39,11339.3,995.68,2026-08-15T01:29:45+09:00
2010-04-06,NT倍率,11.39,11282.32,990.79,2026-08-15T01:29:45+09:00
2010-04-07,NT倍率,11.34,11292.83,995.54,2026-08-15T01:29:45+09:00
2010-04-08,NT倍率,11.33,11168.2,985.99,2026-08-15T01:29:45+09:00
2010-04-09,NT倍率,11.32,11204.34,989.42,2026-08-15T01:29:45+09:00
2010-04-12,NT倍率,11.31,11251.9,994.78,2026-08-15T01:29:45+09:00
2010-04-13,NT倍率,11.29,11161.23,988.44,2026-08-15T01:29:45+09:00
2010-04-14,NT倍率,11.31,11204.9,991.1,2026-08-15T01:29:45+09:00
2010-04-15,NT倍率,11.29,11273.79,998.9,2026-08-15T01:29:45+09:00
2010-04-16,NT倍率,11.23,11102.18,988.84,2026-08-15T01:29:45+09:00
2010-04-19,NT倍率,11.24,10908.77,970.84,2026-08-15T01:29:45+09:00
2010-04-20,NT倍率,11.21,10900.68,972.11,2026-08-15T01:29:45+09:00
2010-04-21,NT倍率,11.24,11090.05,987.07,2026-08-15T01:29:45+09:00
2010-04-22,NT倍率,11.19,10949.09,978.17,2026-08-15T01:29:45+09:00
2010-04-23,NT倍率,11.16,10914.46,978.2,2026-08-15T01:29:45+09:00
2010-04-26,NT倍率,11.2,11165.79,996.71,2026-08-15T01:29:45+09:00
2010-04-27,NT倍率,11.24,11212.66,997.63,2026-08-15T01:29:45+09:00
2010-04-28,NT倍率,11.17,10924.79,977.64,2026-08-15T01:29:45+09:00
2010-04-30,NT倍率,11.2,11057.4,987.04,2026-08-15T01:29:45+09:00
2010-05-06,NT倍率,11.18,10695.69,956.72,2026-08-15T01:29:45+09:00
2010-05-07,NT倍率,11.12,10364.59,931.74,2026-08-15T01:29:45+09:00
2010-05-10,NT倍率,11.15,10530.7,944.64,2026-08-15T01:29:45+09:00
2010-05-11,NT倍率,11.17,10411.1,932.1,2026-08-15T01:29:45+09:00
2010-05-12,NT倍率,11.14,10394.03,932.83,2026-08-15T01:29:45+09:00
2010-05-13,NT倍率,11.2,10620.55,947.9,2026-08-15T01:29:45+09:00
2010-05-14,NT倍率,11.17,10462.51,936.45,2026-08-15T01:29:45+09:00
2010-05-17,NT倍率,11.12,10235.76,920.43,2026-08-15T01:29:45+09:00
2010-05-18,NT倍率,11.21,10242.64,913.91,2026-08-15T01:29:45+09:00
2010-05-19,NT倍率,11.19,10186.84,910.64,2026-08-15T01:29:45+09:00
2010-05-20,NT倍率,11.17,10030.31,898.15,2026-08-15T01:29:45+09:00
2010-05-21,NT倍率,11.12,9784.54,879.69,2026-08-15T01:29:45+09:00
2010-05-24,NT倍率,11.09,9758.4,880.01,2026-08-15T01:29:45+09:00
2010-05-25,NT倍率,11.0,9459.89,859.82,2026-08-15T01:29:45+09:00
2010-05-26,NT倍率,11.09,9522.66,859.0,2026-08-15T01:29:45+09:00
2010-05-27,NT倍率,11.08,9639.72,869.89,2026-08-15T01:29:45+09:00
2010-05-28,NT倍率,11.11,9762.98,878.52,2026-08-15T01:29:45+09:00
2010-05-31,NT倍率,11.09,9768.7,880.46,2026-08-15T01:29:45+09:00
2010-06-01,NT倍率,11.04,9711.83,880.04,2026-08-15T01:29:45+09:00
2010-06-02,NT倍率,11.04,9603.24,870.05,2026-08-15T01:29:45+09:00
2010-06-03,NT倍率,11.13,9914.19,890.64,2026-08-15T01:29:45+09:00
2010-06-04,NT倍率,11.12,9901.19,890.16,2026-08-15T01:29:45+09:00
2010-06-07,NT倍率,11.08,9520.8,859.21,2026-08-15T01:29:45+09:00
2010-06-08,NT倍率,11.11,9537.94,858.33,2026-08-15T01:29:45+09:00
2010-06-09,NT倍率,11.1,9439.13,850.37,2026-08-15T01:29:45+09:00
2010-06-10,NT倍率,11.14,9542.65,856.79,2026-08-15T01:29:45+09:00
2010-06-11,NT倍率,11.2,9705.25,866.44,2026-08-15T01:29:45+09:00
2010-06-14,NT倍率,11.25,9879.85,878.56,2026-08-15T01:29:45+09:00
2010-06-15,NT倍率,11.25,9887.89,878.83,2026-08-15T01:29:45+09:00
2010-06-16,NT倍率,11.28,10067.15,892.38,2026-08-15T01:29:45+09:00
2010-06-17,NT倍率,11.27,9999.4,887.48,2026-08-15T01:29:45+09:00
2010-06-18,NT倍率,11.3,9995.02,884.64,2026-08-15T01:29:45+09:00
2010-06-21,NT倍率,11.34,10238.01,902.49,2026-08-15T01:29:45+09:00
2010-06-22,NT倍率,11.3,10112.89,894.56,2026-08-15T01:29:45+09:00
2010-06-23,NT倍率,11.27,9923.7,880.84,2026-08-15T01:29:45+09:00
2010-06-24,NT倍率,11.29,9928.34,879.77,2026-08-15T01:29:45+09:00
2010-06-25,NT倍率,11.23,9737.48,867.3,2026-08-15T01:29:45+09:00
2010-06-28,NT倍率,11.26,9693.94,860.8,2026-08-15T01:29:45+09:00
2010-06-29,NT倍率,11.23,9570.67,852.19,2026-08-15T01:29:45+09:00
2010-06-30,NT倍率,11.15,9382.64,841.42,2026-08-15T01:29:45+09:00
2010-07-01,NT倍率,11.1,9191.6,828.39,2026-08-15T01:29:45+09:00
2010-07-02,NT倍率,11.08,9203.71,830.98,2026-08-15T01:29:45+09:00
2010-07-05,NT倍率,11.07,9266.78,836.89,2026-08-15T01:29:45+09:00
2010-07-06,NT倍率,11.02,9338.04,847.24,2026-08-15T01:29:45+09:00
2010-07-07,NT倍率,11.03,9279.65,841.51,2026-08-15T01:29:45+09:00
2010-07-08,NT倍率,11.07,9535.74,861.02,2026-08-15T01:29:45+09:00
2010-07-09,NT倍率,11.13,9585.32,861.21,2026-08-15T01:29:45+09:00
2010-07-12,NT倍率,11.13,9548.11,857.7,2026-08-15T01:29:45+09:00
2010-07-13,NT倍率,11.16,9537.23,854.39,2026-08-15T01:29:45+09:00
2010-07-14,NT倍率,11.25,9795.24,870.73,2026-08-15T01:29:45+09:00
2010-07-15,NT倍率,11.31,9685.53,856.6,2026-08-15T01:29:45+09:00
2010-07-16,NT倍率,11.19,9408.36,840.58,2026-08-15T01:29:45+09:00
2010-07-20,NT倍率,11.17,9300.46,832.26,2026-08-15T01:29:45+09:00
2010-07-21,NT倍率,11.19,9278.83,829.35,2026-08-15T01:29:45+09:00
2010-07-22,NT倍率,11.17,9220.88,825.48,2026-08-15T01:29:45+09:00
2010-07-23,NT倍率,11.21,9430.96,841.29,2026-08-15T01:29:45+09:00
2010-07-26,NT倍率,11.24,9503.66,845.88,2026-08-15T01:29:45+09:00
2010-07-27,NT倍率,11.22,9496.85,846.12,2026-08-15T01:29:45+09:00
2010-07-28,NT倍率,11.27,9753.27,865.51,2026-08-15T01:29:45+09:00
2010-07-29,NT倍率,11.26,9696.02,861.27,2026-08-15T01:29:45+09:00
2010-07-30,NT倍率,11.23,9537.3,849.5,2026-08-15T01:29:45+09:00
2010-08-02,NT倍率,11.25,9570.31,850.69,2026-08-15T01:29:45+09:00
2010-08-03,NT倍率,11.28,9694.01,859.18,2026-08-15T01:29:45+09:00
2010-08-04,NT倍率,11.22,9489.34,845.93,2026-08-15T01:29:45+09:00
2010-08-05,NT倍率,11.26,9653.92,857.09,2026-08-15T01:29:45+09:00
2010-08-06,NT倍率,11.2,9642.12,861.17,2026-08-15T01:29:45+09:00
2010-08-09,NT倍率,11.16,9572.49,857.62,2026-08-15T01:29:45+09:00
2010-08-10,NT倍率,11.18,9551.05,854.68,2026-08-15T01:29:45+09:00
2010-08-11,NT倍率,11.14,9292.85,834.45,2026-08-15T01:29:45+09:00
2010-08-12,NT倍率,11.13,9212.59,827.78,2026-08-15T01:29:45+09:00
2010-08-13,NT倍率,11.13,9253.46,831.24,2026-08-15T01:29:45+09:00
2010-08-16,NT倍率,11.1,9196.67,828.63,2026-08-15T01:29:45+09:00
2010-08-17,NT倍率,11.08,9161.68,826.78,2026-08-15T01:29:45+09:00
2010-08-18,NT倍率,11.06,9240.54,835.23,2026-08-15T01:29:45+09:00
2010-08-19,NT倍率,11.09,9362.68,843.98,2026-08-15T01:29:45+09:00
2010-08-20,NT倍率,11.06,9179.38,829.59,2026-08-15T01:29:45+09:00
2010-08-23,NT倍率,11.05,9116.69,824.79,2026-08-15T01:29:45+09:00
2010-08-24,NT倍率,11.0,8995.14,817.73,2026-08-15T01:29:45+09:00
2010-08-25,NT倍率,10.96,8845.39,807.31,2026-08-15T01:29:45+09:00
2010-08-26,NT倍率,10.97,8906.48,811.79,2026-08-15T01:29:45+09:00
2010-08-27,NT倍率,10.97,8991.06,819.62,2026-08-15T01:29:45+09:00
2010-08-30,NT倍率,11.03,9149.26,829.21,2026-08-15T01:29:45+09:00
2010-08-31,NT倍率,10.97,8824.06,804.67,2026-08-15T01:29:45+09:00
2010-09-01,NT倍率,11.0,8927.02,811.4,2026-08-15T01:29:45+09:00
2010-09-02,NT倍率,11.06,9062.84,819.42,2026-08-15T01:29:45+09:00
2010-09-03,NT倍率,11.06,9114.13,823.7,2026-08-15T01:29:45+09:00
2010-09-06,NT倍率,11.09,9301.32,838.71,2026-08-15T01:29:45+09:00
2010-09-07,NT倍率,11.05,9226.0,834.92,2026-08-15T01:29:45+09:00
2010-09-08,NT倍率,10.99,9024.6,820.99,2026-08-15T01:29:45+09:00
2010-09-09,NT倍率,11.0,9098.39,826.84,2026-08-15T01:29:45+09:00
2010-09-10,NT倍率,11.08,9239.17,833.72,2026-08-15T01:29:45+09:00
2010-09-13,NT倍率,11.13,9321.82,837.65,2026-08-15T01:29:45+09:00
2010-09-14,NT倍率,11.14,9299.31,834.87,2026-08-15T01:29:45+09:00
2010-09-15,NT倍率,11.21,9516.56,848.64,2026-08-15T01:29:45+09:00
2010-09-16,NT倍率,11.26,9509.5,844.71,2026-08-15T01:29:45+09:00
2010-09-17,NT倍率,11.3,9626.09,852.09,2026-08-15T01:29:45+09:00
2010-09-21,NT倍率,11.3,9602.11,849.94,2026-08-15T01:29:45+09:00
2010-09-22,NT倍率,11.3,9566.32,846.52,2026-08-15T01:29:45+09:00
2010-09-24,NT倍率,11.3,9471.67,838.41,2026-08-15T01:29:45+09:00
2010-09-27,NT倍率,11.31,9603.14,849.3,2026-08-15T01:29:45+09:00
2010-09-28,NT倍率,11.27,9495.76,842.65,2026-08-15T01:29:45+09:00
2010-09-29,NT倍率,11.29,9559.38,846.97,2026-08-15T01:29:45+09:00
2010-09-30,NT倍率,11.3,9369.35,829.51,2026-08-15T01:29:45+09:00
2010-10-01,NT倍率,11.33,9404.23,829.97,2026-08-15T01:29:45+09:00
2010-10-04,NT倍率,11.4,9381.06,822.74,2026-08-15T01:29:45+09:00
2010-10-05,NT倍率,11.43,9518.76,832.64,2026-08-15T01:29:45+09:00
2010-10-06,NT倍率,11.48,9691.43,844.5,2026-08-15T01:29:45+09:00
2010-10-07,NT倍率,11.45,9684.81,846.06,2026-08-15T01:29:45+09:00
2010-10-08,NT倍率,11.42,9588.88,839.44,2026-08-15T01:29:45+09:00
2010-10-12,NT倍率,11.39,9388.64,824.6,2026-08-15T01:29:45+09:00
2010-10-13,NT倍率,11.43,9403.51,822.65,2026-08-15T01:29:45+09:00
2010-10-14,NT倍率,11.45,9583.51,836.95,2026-08-15T01:29:45+09:00
2010-10-15,NT倍率,11.5,9500.25,826.38,2026-08-15T01:29:45+09:00
2010-10-18,NT倍率,11.44,9498.49,830.52,2026-08-15T01:29:45+09:00
2010-10-19,NT倍率,11.44,9539.45,833.73,2026-08-15T01:29:45+09:00
2010-10-20,NT倍率,11.39,9381.6,823.69,2026-08-15T01:29:45+09:00
2010-10-21,NT倍率,11.43,9376.48,820.4,2026-08-15T01:29:45+09:00
2010-10-22,NT倍率,11.43,9426.71,824.88,2026-08-15T01:29:45+09:00
2010-10-25,NT倍率,11.45,9401.16,821.23,2026-08-15T01:29:45+09:00
2010-10-26,NT倍率,11.46,9377.38,817.94,2026-08-15T01:29:45+09:00
2010-10-27,NT倍率,11.48,9387.03,817.76,2026-08-15T01:29:45+09:00
2010-10-28,NT倍率,11.5,9366.03,814.33,2026-08-15T01:29:45+09:00
2010-10-29,NT倍率,11.35,9202.45,810.91,2026-08-15T01:29:45+09:00
2010-11-01,NT倍率,11.4,9154.72,803.3,2026-08-15T01:29:45+09:00
2010-11-02,NT倍率,11.41,9159.98,803.12,2026-08-15T01:29:45+09:00
2010-11-04,NT倍率,11.46,9358.78,816.33,2026-08-15T01:29:45+09:00
2010-11-05,NT倍率,11.53,9625.99,834.98,2026-08-15T01:29:45+09:00
2010-11-08,NT倍率,11.56,9732.92,841.74,2026-08-15T01:29:45+09:00
2010-11-09,NT倍率,11.54,9694.49,839.95,2026-08-15T01:29:45+09:00
2010-11-10,NT倍率,11.52,9830.52,852.98,2026-08-15T01:29:45+09:00
2010-11-11,NT倍率,11.52,9861.46,856.37,2026-08-15T01:29:45+09:00
2010-11-12,NT倍率,11.48,9724.81,846.98,2026-08-15T01:29:45+09:00
2010-11-15,NT倍率,11.54,9827.51,851.56,2026-08-15T01:29:45+09:00
2010-11-16,NT倍率,11.56,9797.1,847.77,2026-08-15T01:29:45+09:00
2010-11-17,NT倍率,11.54,9811.66,850.3,2026-08-15T01:29:45+09:00
2010-11-18,NT倍率,11.53,10013.63,868.81,2026-08-15T01:29:45+09:00
2010-11-19,NT倍率,11.53,10022.39,869.52,2026-08-15T01:29:45+09:00
2010-11-22,NT倍率,11.55,10115.19,875.48,2026-08-15T01:29:45+09:00
2010-11-24,NT倍率,11.57,10030.11,866.57,2026-08-15T01:29:45+09:00
2010-11-25,NT倍率,11.59,10079.76,869.81,2026-08-15T01:29:45+09:00
2010-11-26,NT倍率,11.58,10039.56,866.81,2026-08-15T01:29:45+09:00
2010-11-29,NT倍率,11.58,10125.99,874.59,2026-08-15T01:29:45+09:00
2010-11-30,NT倍率,11.54,9937.04,860.94,2026-08-15T01:29:45+09:00
2010-12-01,NT倍率,11.53,9988.05,866.07,2026-08-15T01:29:45+09:00
2010-12-02,NT倍率,11.59,10168.52,877.21,2026-08-15T01:29:45+09:00
2010-12-03,NT倍率,11.58,10178.32,879.22,2026-08-15T01:29:45+09:00
2010-12-06,NT倍率,11.54,10167.23,881.41,2026-08-15T01:29:45+09:00
2010-12-07,NT倍率,11.54,10141.1,879.1,2026-08-15T01:29:45+09:00
2010-12-08,NT倍率,11.53,10232.33,887.39,2026-08-15T01:29:45+09:00
2010-12-09,NT倍率,11.54,10285.88,891.6,2026-08-15T01:29:45+09:00
2010-12-10,NT倍率,11.5,10211.95,888.22,2026-08-15T01:29:45+09:00
2010-12-13,NT倍率,11.47,10293.89,897.4,2026-08-15T01:29:45+09:00
2010-12-14,NT倍率,11.44,10316.77,901.89,2026-08-15T01:29:45+09:00
2010-12-15,NT倍率,11.42,10309.78,902.42,2026-08-15T01:29:45+09:00
2010-12-16,NT倍率,11.41,10311.29,903.84,2026-08-15T01:29:45+09:00
2010-12-17,NT倍率,11.41,10303.83,903.14,2026-08-15T01:29:45+09:00
2010-12-20,NT倍率,11.37,10216.41,898.55,2026-08-15T01:29:45+09:00
2010-12-21,NT倍率,11.44,10370.53,906.21,2026-08-15T01:29:45+09:00
2010-12-22,NT倍率,11.42,10346.48,905.78,2026-08-15T01:29:45+09:00
2010-12-24,NT倍率,11.4,10279.19,901.66,2026-08-15T01:29:45+09:00
2010-12-27,NT倍率,11.45,10355.99,904.68,2026-08-15T01:29:45+09:00
2010-12-28,NT倍率,11.4,10292.63,902.83,2026-08-15T01:29:45+09:00
2010-12-29,NT倍率,11.39,10344.54,908.01,2026-08-15T01:29:45+09:00
2010-12-30,NT倍率,11.38,10228.92,898.8,2026-08-15T01:29:45+09:00
2011-01-04,NT倍率,11.4,10398.1,911.8,2026-08-15T01:29:45+09:00
2011-01-05,NT倍率,11.39,10380.77,911.69,2026-08-15T01:29:45+09:00
2011-01-06,NT倍率,11.39,10529.76,924.51,2026-08-15T01:29:45+09:00
2011-01-07,NT倍率,11.38,10541.04,926.42,2026-08-15T01:29:45+09:00
2011-01-11,NT倍率,11.34,10510.68,926.94,2026-08-15T01:29:45+09:00
2011-01-12,NT倍率,11.31,10512.8,929.64,2026-08-15T01:29:45+09:00
2011-01-13,NT倍率,11.29,10589.76,937.74,2026-08-15T01:29:45+09:00
2011-01-14,NT倍率,11.29,10499.04,930.31,2026-08-15T01:29:45+09:00
2011-01-17,NT倍率,11.31,10502.86,928.73,2026-08-15T01:29:45+09:00
2011-01-18,NT倍率,11.29,10518.98,931.58,2026-08-15T01:29:45+09:00
2011-01-19,NT倍率,11.27,10557.1,936.87,2026-08-15T01:29:45+09:00
2011-01-20,NT倍率,11.26,10437.31,927.19,2026-08-15T01:29:45+09:00
2011-01-21,NT倍率,11.28,10274.52,910.85,2026-08-15T01:29:45+09:00
2011-01-24,NT倍率,11.28,10345.11,917.18,2026-08-15T01:29:45+09:00
2011-01-25,NT倍率,11.26,10464.42,929.28,2026-08-15T01:29:45+09:00
2011-01-26,NT倍率,11.27,10401.9,922.64,2026-08-15T01:29:45+09:00
2011-01-27,NT倍率,11.27,10478.66,929.66,2026-08-15T01:29:45+09:00
2011-01-28,NT倍率,11.27,10360.34,919.69,2026-08-15T01:29:45+09:00
2011-01-31,NT倍率,11.25,10237.92,910.08,2026-08-15T01:29:45+09:00
2011-02-01,NT倍率,11.25,10274.5,913.52,2026-08-15T01:29:45+09:00
2011-02-02,NT倍率,11.25,10457.36,929.64,2026-08-15T01:29:45+09:00
2011-02-03,NT倍率,11.25,10431.36,927.57,2026-08-15T01:29:45+09:00
2011-02-04,NT倍率,11.27,10543.52,935.36,2026-08-15T01:29:45+09:00
2011-02-07,NT倍率,11.26,10592.04,940.43,2026-08-15T01:29:45+09:00
2011-02-08,NT倍率,11.27,10635.98,944.0,2026-08-15T01:29:45+09:00
2011-02-09,NT倍率,11.25,10617.83,944.02,2026-08-15T01:29:45+09:00
2011-02-10,NT倍率,11.2,10605.65,946.63,2026-08-15T01:29:45+09:00
2011-02-14,NT倍率,11.18,10725.54,959.19,2026-08-15T01:29:45+09:00
2011-02-15,NT倍率,11.16,10746.67,962.57,2026-08-15T01:29:45+09:00
2011-02-16,NT倍率,11.17,10808.29,967.3,2026-08-15T01:29:45+09:00
2011-02-17,NT倍率,11.12,10836.64,974.14,2026-08-15T01:29:45+09:00
2011-02-18,NT倍率,11.14,10842.8,973.6,2026-08-15T01:29:45+09:00
2011-02-21,NT倍率,11.14,10857.53,974.63,2026-08-15T01:29:45+09:00
2011-02-22,NT倍率,11.15,10664.7,956.7,2026-08-15T01:29:45+09:00
2011-02-23,NT倍率,11.17,10579.1,946.88,2026-08-15T01:29:45+09:00
2011-02-24,NT倍率,11.19,10452.71,934.22,2026-08-15T01:29:45+09:00
2011-02-25,NT倍率,11.18,10526.76,941.93,2026-08-15T01:29:45+09:00
2011-02-28,NT倍率,11.17,10624.09,951.27,2026-08-15T01:29:45+09:00
2011-03-01,NT倍率,11.16,10754.03,963.7,2026-08-15T01:29:45+09:00
2011-03-02,NT倍率,11.13,10492.38,942.87,2026-08-15T01:29:45+09:00
2011-03-03,NT倍率,11.16,10586.02,948.69,2026-08-15T01:29:45+09:00
2011-03-04,NT倍率,11.19,10693.66,955.59,2026-08-15T01:29:45+09:00
2011-03-07,NT倍率,11.16,10505.02,941.63,2026-08-15T01:29:45+09:00
2011-03-08,NT倍率,11.21,10525.19,939.16,2026-08-15T01:29:45+09:00
2011-03-09,NT倍率,11.21,10589.5,944.29,2026-08-15T01:29:45+09:00
2011-03-10,NT倍率,11.21,10434.38,930.84,2026-08-15T01:29:45+09:00
2011-03-11,NT倍率,11.2,10254.43,915.51,2026-08-15T01:29:45+09:00
2011-03-14,NT倍率,11.36,9620.49,846.96,2026-08-15T01:29:45+09:00
2011-03-15,NT倍率,11.22,8605.15,766.73,2026-08-15T01:29:45+09:00
2011-03-16,NT倍率,11.12,9093.72,817.63,2026-08-15T01:29:45+09:00
2011-03-17,NT倍率,11.05,8962.67,810.8,2026-08-15T01:29:45+09:00
2011-03-18,NT倍率,11.09,9206.75,830.39,2026-08-15T01:29:45+09:00
2011-03-22,NT倍率,11.07,9608.32,868.13,2026-08-15T01:29:45+09:00
2011-03-23,NT倍率,10.97,9449.47,861.1,2026-08-15T01:29:45+09:00
2011-03-24,NT倍率,11.05,9435.01,853.95,2026-08-15T01:29:45+09:00
2011-03-25,NT倍率,11.12,9536.13,857.38,2026-08-15T01:29:45+09:00
2011-03-28,NT倍率,11.05,9478.53,857.85,2026-08-15T01:29:45+09:00
2011-03-29,NT倍率,11.13,9459.08,850.21,2026-08-15T01:29:45+09:00
2011-03-30,NT倍率,11.21,9708.79,866.09,2026-08-15T01:29:45+09:00
2011-03-31,NT倍率,11.22,9755.1,869.38,2026-08-15T01:29:45+09:00
2011-04-01,NT倍率,11.25,9708.39,862.62,2026-08-15T01:29:45+09:00
2011-04-04,NT倍率,11.3,9718.89,859.75,2026-08-15T01:29:45+09:00
2011-04-05,NT倍率,11.35,9615.55,847.16,2026-08-15T01:29:45+09:00
2011-04-06,NT倍率,11.42,9584.37,839.61,2026-08-15T01:29:45+09:00
2011-04-07,NT倍率,11.4,9590.93,841.1,2026-08-15T01:29:45+09:00
2011-04-08,NT倍率,11.45,9768.08,853.13,2026-08-15T01:29:45+09:00
2011-04-11,NT倍率,11.4,9719.7,852.34,2026-08-15T01:29:45+09:00
2011-04-12,NT倍率,11.4,9555.26,838.51,2026-08-15T01:29:45+09:00
2011-04-13,NT倍率,11.42,9641.18,844.59,2026-08-15T01:29:45+09:00
2011-04-14,NT倍率,11.4,9653.92,846.72,2026-08-15T01:29:45+09:00
2011-04-15,NT倍率,11.4,9591.52,841.29,2026-08-15T01:29:45+09:00
2011-04-18,NT倍率,11.43,9556.65,836.34,2026-08-15T01:29:45+09:00
2011-04-19,NT倍率,11.41,9441.03,827.56,2026-08-15T01:29:45+09:00
2011-04-20,NT倍率,11.48,9606.82,837.17,2026-08-15T01:29:45+09:00
2011-04-21,NT倍率,11.51,9685.77,841.72,2026-08-15T01:29:45+09:00
2011-04-22,NT倍率,11.5,9682.21,842.18,2026-08-15T01:29:45+09:00
2011-04-25,NT倍率,11.5,9671.96,840.68,2026-08-15T01:29:45+09:00
2011-04-26,NT倍率,11.47,9558.69,833.64,2026-08-15T01:29:45+09:00
2011-04-27,NT倍率,11.54,9691.84,839.87,2026-08-15T01:29:45+09:00
2011-04-28,NT倍率,11.56,9849.74,851.85,2026-08-15T01:29:45+09:00
2011-05-02,NT倍率,11.56,10004.2,865.55,2026-08-15T01:29:45+09:00
2011-05-06,NT倍率,11.51,9859.2,856.5,2026-08-15T01:29:45+09:00
2011-05-09,NT倍率,11.48,9794.38,853.21,2026-08-15T01:29:45+09:00
2011-05-10,NT倍率,11.46,9818.76,856.46,2026-08-15T01:29:45+09:00
2011-05-11,NT倍率,11.5,9864.26,857.62,2026-08-15T01:29:45+09:00
2011-05-12,NT倍率,11.44,9716.65,849.34,2026-08-15T01:29:45+09:00
2011-05-13,NT倍率,11.49,9648.77,839.94,2026-08-15T01:29:45+09:00
2011-05-16,NT倍率,11.52,9558.3,829.55,2026-08-15T01:29:45+09:00
2011-05-17,NT倍率,11.54,9567.02,828.85,2026-08-15T01:29:45+09:00
2011-05-18,NT倍率,11.53,9662.08,837.96,2026-08-15T01:29:45+09:00
2011-05-19,NT倍率,11.57,9620.82,831.89,2026-08-15T01:29:45+09:00
2011-05-20,NT倍率,11.61,9607.08,827.77,2026-08-15T01:29:45+09:00
2011-05-23,NT倍率,11.57,9460.63,817.68,2026-08-15T01:29:45+09:00
2011-05-24,NT倍率,11.57,9477.17,819.16,2026-08-15T01:29:45+09:00
2011-05-25,NT倍率,11.52,9422.88,817.74,2026-08-15T01:29:45+09:00
2011-05-26,NT倍率,11.56,9562.05,827.08,2026-08-15T01:29:45+09:00
2011-05-27,NT倍率,11.54,9521.94,824.9,2026-08-15T01:29:45+09:00
2011-05-30,NT倍率,11.54,9504.97,823.68,2026-08-15T01:29:45+09:00
2011-05-31,NT倍率,11.56,9693.73,838.48,2026-08-15T01:29:45+09:00
2011-06-01,NT倍率,11.58,9719.61,839.41,2026-08-15T01:29:45+09:00
2011-06-02,NT倍率,11.57,9555.04,825.76,2026-08-15T01:29:45+09:00
2011-06-03,NT倍率,11.62,9492.21,816.57,2026-08-15T01:29:45+09:00
2011-06-06,NT倍率,11.61,9380.35,807.99,2026-08-15T01:29:45+09:00
2011-06-07,NT倍率,11.6,9442.95,813.76,2026-08-15T01:29:45+09:00
2011-06-08,NT倍率,11.6,9449.46,814.45,2026-08-15T01:29:45+09:00
2011-06-09,NT倍率,11.65,9467.15,812.95,2026-08-15T01:29:45+09:00
2011-06-10,NT倍率,11.64,9514.44,817.38,2026-08-15T01:29:45+09:00
2011-06-13,NT倍率,11.63,9448.21,812.26,2026-08-15T01:29:45+09:00
2011-06-14,NT倍率,11.6,9547.79,822.86,2026-08-15T01:29:45+09:00
2011-06-15,NT倍率,11.61,9574.32,824.65,2026-08-15T01:29:45+09:00
2011-06-16,NT倍率,11.58,9411.28,812.41,2026-08-15T01:29:45+09:00
2011-06-17,NT倍率,11.61,9351.4,805.34,2026-08-15T01:29:45+09:00
2011-06-20,NT倍率,11.59,9354.32,806.83,2026-08-15T01:29:45+09:00
2011-06-21,NT倍率,11.6,9459.66,815.73,2026-08-15T01:29:45+09:00
2011-06-22,NT倍率,11.62,9629.43,828.99,2026-08-15T01:29:45+09:00
2011-06-23,NT倍率,11.63,9596.74,825.51,2026-08-15T01:29:45+09:00
2011-06-24,NT倍率,11.62,9678.71,833.2,2026-08-15T01:29:45+09:00
2011-06-27,NT倍率,11.6,9578.31,825.64,2026-08-15T01:29:45+09:00
2011-06-28,NT倍率,11.62,9648.98,830.34,2026-08-15T01:29:45+09:00
2011-06-29,NT倍率,11.61,9797.26,844.11,2026-08-15T01:29:45+09:00
2011-06-30,NT倍率,11.56,9816.09,849.22,2026-08-15T01:29:45+09:00
2011-07-01,NT倍率,11.56,9868.07,853.86,2026-08-15T01:29:45+09:00
2011-07-04,NT倍率,11.53,9965.09,864.11,2026-08-15T01:29:45+09:00
2011-07-05,NT倍率,11.53,9972.46,865.18,2026-08-15T01:29:45+09:00
2011-07-06,NT倍率,11.54,10082.48,873.51,2026-08-15T01:29:45+09:00
2011-07-07,NT倍率,11.57,10071.14,870.48,2026-08-15T01:29:45+09:00
2011-07-08,NT倍率,11.59,10137.73,874.34,2026-08-15T01:29:45+09:00
2011-07-11,NT倍率,11.57,10069.53,870.16,2026-08-15T01:29:45+09:00
2011-07-12,NT倍率,11.58,9925.92,857.19,2026-08-15T01:29:45+09:00
2011-07-13,NT倍率,11.58,9963.14,860.53,2026-08-15T01:29:45+09:00
2011-07-14,NT倍率,11.6,9936.12,856.88,2026-08-15T01:29:45+09:00
2011-07-15,NT倍率,11.61,9974.47,859.36,2026-08-15T01:29:45+09:00
2011-07-19,NT倍率,11.58,9889.72,853.75,2026-08-15T01:29:45+09:00
2011-07-20,NT倍率,11.63,10005.9,860.66,2026-08-15T01:29:45+09:00
2011-07-21,NT倍率,11.64,10010.39,860.11,2026-08-15T01:29:45+09:00
2011-07-22,NT倍率,11.66,10132.11,868.81,2026-08-15T01:29:45+09:00
2011-07-25,NT倍率,11.66,10050.01,861.91,2026-08-15T01:29:45+09:00
2011-07-26,NT倍率,11.66,10097.72,866.2,2026-08-15T01:29:45+09:00
2011-07-27,NT倍率,11.69,10047.19,859.11,2026-08-15T01:29:45+09:00
2011-07-28,NT倍率,11.67,9901.35,848.37,2026-08-15T01:29:45+09:00
2011-07-29,NT倍率,11.69,9833.03,841.37,2026-08-15T01:29:45+09:00
2011-08-01,NT倍率,11.7,9965.01,851.7,2026-08-15T01:29:45+09:00
2011-08-02,NT倍率,11.66,9844.59,843.96,2026-08-15T01:29:45+09:00
2011-08-03,NT倍率,11.66,9637.14,826.75,2026-08-15T01:29:45+09:00
2011-08-04,NT倍率,11.69,9659.18,826.36,2026-08-15T01:29:45+09:00
2011-08-05,NT倍率,11.61,9299.88,800.96,2026-08-15T01:29:45+09:00
2011-08-08,NT倍率,11.62,9097.56,782.86,2026-08-15T01:29:45+09:00
2011-08-09,NT倍率,11.61,8944.48,770.39,2026-08-15T01:29:45+09:00
2011-08-10,NT倍率,11.64,9038.74,776.73,2026-08-15T01:29:45+09:00
2011-08-11,NT倍率,11.65,8981.94,770.88,2026-08-15T01:29:45+09:00
2011-08-12,NT倍率,11.67,8963.72,768.19,2026-08-15T01:29:45+09:00
2011-08-15,NT倍率,11.69,9086.41,777.12,2026-08-15T01:29:45+09:00
2011-08-16,NT倍率,11.69,9107.43,779.06,2026-08-15T01:29:45+09:00
2011-08-17,NT倍率,11.66,9057.26,776.65,2026-08-15T01:29:45+09:00
2011-08-18,NT倍率,11.66,8943.76,767.31,2026-08-15T01:29:45+09:00
2011-08-19,NT倍率,11.6,8719.24,751.69,2026-08-15T01:29:45+09:00
2011-08-22,NT倍率,11.62,8628.13,742.84,2026-08-15T01:29:45+09:00
2011-08-23,NT倍率,11.64,8733.01,750.39,2026-08-15T01:29:45+09:00
2011-08-24,NT倍率,11.64,8639.61,742.24,2026-08-15T01:29:45+09:00
2011-08-25,NT倍率,11.67,8772.36,751.82,2026-08-15T01:29:45+09:00
2011-08-26,NT倍率,11.64,8797.78,756.07,2026-08-15T01:29:45+09:00
2011-08-29,NT倍率,11.66,8851.35,758.83,2026-08-15T01:29:45+09:00
2011-08-30,NT倍率,11.67,8953.9,767.3,2026-08-15T01:29:45+09:00
2011-08-31,NT倍率,11.62,8955.2,770.6,2026-08-15T01:29:45+09:00
2011-09-01,NT倍率,11.64,9060.8,778.28,2026-08-15T01:29:45+09:00
2011-09-02,NT倍率,11.63,8950.74,769.78,2026-08-15T01:29:45+09:00
2011-09-05,NT倍率,11.62,8784.46,755.82,2026-08-15T01:29:45+09:00
2011-09-06,NT倍率,11.59,8590.57,741.2,2026-08-15T01:29:45+09:00
2011-09-07,NT倍率,11.63,8763.41,753.63,2026-08-15T01:29:45+09:00
2011-09-08,NT倍率,11.61,8793.12,757.41,2026-08-15T01:29:45+09:00
2011-09-09,NT倍率,11.56,8737.66,755.7,2026-08-15T01:29:45+09:00
2011-09-12,NT倍率,11.52,8535.67,741.26,2026-08-15T01:29:45+09:00
2011-09-13,NT倍率,11.49,8616.55,749.82,2026-08-15T01:29:45+09:00
2011-09-14,NT倍率,11.49,8518.57,741.69,2026-08-15T01:29:45+09:00
2011-09-15,NT倍率,11.53,8668.86,751.76,2026-08-15T01:29:45+09:00
2011-09-16,NT倍率,11.54,8864.16,768.13,2026-08-15T01:29:45+09:00
2011-09-20,NT倍率,11.55,8721.24,755.04,2026-08-15T01:29:45+09:00
2011-09-21,NT倍率,11.55,8741.16,757.13,2026-08-15T01:29:45+09:00
2011-09-22,NT倍率,11.5,8560.26,744.54,2026-08-15T01:29:45+09:00
2011-09-26,NT倍率,11.49,8374.13,728.85,2026-08-15T01:29:45+09:00
2011-09-27,NT倍率,11.5,8609.95,748.55,2026-08-15T01:29:45+09:00
2011-09-28,NT倍率,11.43,8615.65,754.07,2026-08-15T01:29:45+09:00
2011-09-29,NT倍率,11.41,8701.23,762.3,2026-08-15T01:29:45+09:00
2011-09-30,NT倍率,11.43,8700.29,761.17,2026-08-15T01:29:45+09:00
2011-10-03,NT倍率,11.44,8545.48,747.11,2026-08-15T01:29:45+09:00
2011-10-04,NT倍率,11.49,8456.12,736.18,2026-08-15T01:29:45+09:00
2011-10-05,NT倍率,11.54,8382.98,726.25,2026-08-15T01:29:45+09:00
2011-10-06,NT倍率,11.57,8522.02,736.86,2026-08-15T01:29:45+09:00
2011-10-07,NT倍率,11.6,8605.62,741.55,2026-08-15T01:29:45+09:00
2011-10-11,NT倍率,11.62,8773.68,755.0,2026-08-15T01:29:45+09:00
2011-10-12,NT倍率,11.6,8738.9,753.44,2026-08-15T01:29:45+09:00
2011-10-13,NT倍率,11.63,8823.25,758.83,2026-08-15T01:29:45+09:00
2011-10-14,NT倍率,11.68,8747.96,748.81,2026-08-15T01:29:45+09:00
2011-10-17,NT倍率,11.65,8879.6,761.88,2026-08-15T01:29:45+09:00
2011-10-18,NT倍率,11.64,8741.91,751.24,2026-08-15T01:29:45+09:00
2011-10-19,NT倍率,11.67,8772.54,751.49,2026-08-15T01:29:45+09:00
2011-10-20,NT倍率,11.64,8682.15,746.02,2026-08-15T01:29:45+09:00
2011-10-21,NT倍率,11.66,8678.89,744.21,2026-08-15T01:29:45+09:00
2011-10-24,NT倍率,11.71,8843.98,755.44,2026-08-15T01:29:45+09:00
2011-10-25,NT倍率,11.72,8762.31,747.7,2026-08-15T01:29:45+09:00
2011-10-26,NT倍率,11.72,8748.47,746.48,2026-08-15T01:29:45+09:00
2011-10-27,NT倍率,11.7,8926.54,762.79,2026-08-15T01:29:45+09:00
2011-10-28,NT倍率,11.73,9050.47,771.43,2026-08-15T01:29:45+09:00
2011-10-31,NT倍率,11.76,8988.39,764.06,2026-08-15T01:29:45+09:00
2011-11-01,NT倍率,11.71,8835.52,754.5,2026-08-15T01:29:45+09:00
2011-11-02,NT倍率,11.7,8640.42,738.58,2026-08-15T01:29:45+09:00
2011-11-04,NT倍率,11.7,8801.4,752.02,2026-08-15T01:29:45+09:00
2011-11-07,NT倍率,11.68,8767.09,750.45,2026-08-15T01:29:45+09:00
2011-11-08,NT倍率,11.73,8655.51,738.03,2026-08-15T01:29:45+09:00
2011-11-09,NT倍率,11.68,8755.44,749.4,2026-08-15T01:29:45+09:00
2011-11-10,NT倍率,11.64,8500.8,730.3,2026-08-15T01:29:45+09:00
2011-11-11,NT倍率,11.68,8514.47,729.13,2026-08-15T01:29:45+09:00
2011-11-14,NT倍率,11.69,8603.7,735.85,2026-08-15T01:29:45+09:00
2011-11-15,NT倍率,11.69,8541.93,730.91,2026-08-15T01:29:45+09:00
2011-11-16,NT倍率,11.69,8463.16,724.11,2026-08-15T01:29:45+09:00
2011-11-17,NT倍率,11.65,8479.63,727.71,2026-08-15T01:29:45+09:00
2011-11-18,NT倍率,11.63,8374.91,719.98,2026-08-15T01:29:45+09:00
2011-11-21,NT倍率,11.64,8348.27,717.08,2026-08-15T01:29:45+09:00
2011-11-22,NT倍率,11.58,8314.74,717.79,2026-08-15T01:29:45+09:00
2011-11-24,NT倍率,11.56,8165.18,706.08,2026-08-15T01:29:45+09:00
2011-11-25,NT倍率,11.55,8160.01,706.6,2026-08-15T01:29:45+09:00
2011-11-28,NT倍率,11.58,8287.49,715.7,2026-08-15T01:29:45+09:00
2011-11-29,NT倍率,11.62,8477.82,729.68,2026-08-15T01:29:45+09:00
2011-11-30,NT倍率,11.58,8434.61,728.46,2026-08-15T01:29:45+09:00
2011-12-01,NT倍率,11.62,8597.38,740.01,2026-08-15T01:29:45+09:00
2011-12-02,NT倍率,11.62,8643.75,744.14,2026-08-15T01:29:45+09:00
2011-12-05,NT倍率,11.62,8695.98,748.61,2026-08-15T01:29:45+09:00
2011-12-06,NT倍率,11.62,8575.16,738.01,2026-08-15T01:29:45+09:00
2011-12-07,NT倍率,11.64,8722.17,749.63,2026-08-15T01:29:45+09:00
2011-12-08,NT倍率,11.63,8664.58,745.11,2026-08-15T01:29:45+09:00
2011-12-09,NT倍率,11.57,8536.46,738.12,2026-08-15T01:29:45+09:00
2011-12-12,NT倍率,11.59,8653.82,746.69,2026-08-15T01:29:45+09:00
2011-12-13,NT倍率,11.55,8552.81,740.71,2026-08-15T01:29:45+09:00
2011-12-14,NT倍率,11.56,8519.13,736.98,2026-08-15T01:29:45+09:00
2011-12-15,NT倍率,11.55,8377.37,725.02,2026-08-15T01:29:45+09:00
2011-12-16,NT倍率,11.61,8401.72,723.56,2026-08-15T01:29:45+09:00
2011-12-19,NT倍率,11.58,8296.12,716.38,2026-08-15T01:29:45+09:00
2011-12-20,NT倍率,11.6,8336.48,718.49,2026-08-15T01:29:45+09:00
2011-12-21,NT倍率,11.66,8459.98,725.68,2026-08-15T01:29:45+09:00
2011-12-22,NT倍率,11.61,8395.16,723.12,2026-08-15T01:29:45+09:00
2011-12-26,NT倍率,11.67,8479.34,726.44,2026-08-15T01:29:45+09:00
2011-12-27,NT倍率,11.65,8440.56,724.25,2026-08-15T01:29:45+09:00
2011-12-28,NT倍率,11.68,8423.62,721.45,2026-08-15T01:29:45+09:00
2011-12-29,NT倍率,11.63,8398.89,722.12,2026-08-15T01:29:45+09:00
2011-12-30,NT倍率,11.6,8455.35,728.61,2026-08-15T01:29:45+09:00
2012-01-04,NT倍率,11.52,8560.11,742.99,2026-08-15T01:29:45+09:00
2012-01-05,NT倍率,11.53,8488.71,736.28,2026-08-15T01:29:45+09:00
2012-01-06,NT倍率,11.5,8390.35,729.6,2026-08-15T01:29:45+09:00
2012-01-10,NT倍率,11.51,8422.26,731.93,2026-08-15T01:29:45+09:00
2012-01-11,NT倍率,11.52,8447.88,733.47,2026-08-15T01:29:45+09:00
2012-01-12,NT倍率,11.53,8385.59,727.15,2026-08-15T01:29:45+09:00
2012-01-13,NT倍率,11.57,8500.02,734.6,2026-08-15T01:29:45+09:00
2012-01-16,NT倍率,11.55,8378.36,725.24,2026-08-15T01:29:45+09:00
2012-01-17,NT倍率,11.57,8466.4,731.53,2026-08-15T01:29:45+09:00
2012-01-18,NT倍率,11.63,8550.58,734.98,2026-08-15T01:29:45+09:00
2012-01-19,NT倍率,11.66,8639.68,740.68,2026-08-15T01:29:45+09:00
2012-01-20,NT倍率,11.6,8766.36,755.47,2026-08-15T01:29:45+09:00
2012-01-23,NT倍率,11.58,8765.9,756.79,2026-08-15T01:29:45+09:00
2012-01-24,NT倍率,11.6,8785.33,757.4,2026-08-15T01:29:45+09:00
2012-01-25,NT倍率,11.58,8883.69,767.4,2026-08-15T01:29:45+09:00
2012-01-26,NT倍率,11.57,8849.47,764.61,2026-08-15T01:29:45+09:00
2012-01-27,NT倍率,11.62,8841.22,761.13,2026-08-15T01:29:45+09:00
2012-01-30,NT倍率,11.62,8793.05,757.01,2026-08-15T01:29:45+09:00
2012-01-31,NT倍率,11.65,8802.51,755.27,2026-08-15T01:29:45+09:00
2012-02-01,NT倍率,11.62,8809.79,757.96,2026-08-15T01:29:45+09:00
2012-02-02,NT倍率,11.64,8876.82,762.45,2026-08-15T01:29:45+09:00
2012-02-03,NT倍率,11.61,8831.93,760.69,2026-08-15T01:29:45+09:00
2012-02-06,NT倍率,11.6,8929.2,769.85,2026-08-15T01:29:45+09:00
2012-02-07,NT倍率,11.54,8917.52,772.77,2026-08-15T01:29:45+09:00
2012-02-08,NT倍率,11.52,9015.59,782.34,2026-08-15T01:29:45+09:00
2012-02-09,NT倍率,11.48,9002.24,784.49,2026-08-15T01:29:45+09:00
2012-02-10,NT倍率,11.48,8947.17,779.07,2026-08-15T01:29:45+09:00
2012-02-13,NT倍率,11.51,8999.18,781.68,2026-08-15T01:29:45+09:00
2012-02-14,NT倍率,11.5,9052.07,786.8,2026-08-15T01:29:45+09:00
2012-02-15,NT倍率,11.53,9260.34,802.96,2026-08-15T01:29:45+09:00
2012-02-16,NT倍率,11.54,9238.1,800.25,2026-08-15T01:29:45+09:00
2012-02-17,NT倍率,11.58,9384.17,810.45,2026-08-15T01:29:45+09:00
2012-02-20,NT倍率,11.58,9485.09,819.03,2026-08-15T01:29:45+09:00
2012-02-21,NT倍率,11.59,9463.02,816.29,2026-08-15T01:29:45+09:00
2012-02-22,NT倍率,11.57,9554.0,825.4,2026-08-15T01:29:45+09:00
2012-02-23,NT倍率,11.57,9595.57,829.35,2026-08-15T01:29:45+09:00
2012-02-24,NT倍率,11.56,9647.38,834.29,2026-08-15T01:29:45+09:00
2012-02-27,NT倍率,11.53,9633.93,835.25,2026-08-15T01:29:45+09:00
2012-02-28,NT倍率,11.6,9722.52,838.48,2026-08-15T01:29:45+09:00
2012-02-29,NT倍率,11.63,9723.24,835.96,2026-08-15T01:29:45+09:00
2012-03-01,NT倍率,11.67,9707.37,831.54,2026-08-15T01:29:45+09:00
2012-03-02,NT倍率,11.67,9777.03,837.82,2026-08-15T01:29:45+09:00
2012-03-05,NT倍率,11.64,9698.59,832.86,2026-08-15T01:29:45+09:00
2012-03-06,NT倍率,11.65,9637.63,827.35,2026-08-15T01:29:45+09:00
2012-03-07,NT倍率,11.64,9576.06,822.71,2026-08-15T01:29:45+09:00
2012-03-08,NT倍率,11.68,9768.96,836.16,2026-08-15T01:29:45+09:00
2012-03-09,NT倍率,11.7,9929.74,848.71,2026-08-15T01:29:45+09:00
2012-03-12,NT倍率,11.7,9889.86,845.28,2026-08-15T01:29:45+09:00
2012-03-13,NT倍率,11.71,9899.08,845.33,2026-08-15T01:29:45+09:00
2012-03-14,NT倍率,11.73,10050.52,857.11,2026-08-15T01:29:45+09:00
2012-03-15,NT倍率,11.72,10123.28,863.61,2026-08-15T01:29:45+09:00
2012-03-16,NT倍率,11.69,10129.83,866.73,2026-08-15T01:29:45+09:00
2012-03-19,NT倍率,11.68,10141.99,868.35,2026-08-15T01:29:45+09:00
2012-03-21,NT倍率,11.75,10086.49,858.78,2026-08-15T01:29:45+09:00
2012-03-22,NT倍率,11.75,10127.08,862.07,2026-08-15T01:29:45+09:00
2012-03-23,NT倍率,11.74,10011.47,852.53,2026-08-15T01:29:45+09:00
2012-03-26,NT倍率,11.76,10018.24,851.82,2026-08-15T01:29:45+09:00
2012-03-27,NT倍率,11.75,10255.15,872.42,2026-08-15T01:29:45+09:00
2012-03-28,NT倍率,11.78,10182.57,864.43,2026-08-15T01:29:45+09:00
2012-03-29,NT倍率,11.79,10114.79,857.74,2026-08-15T01:29:45+09:00
2012-03-30,NT倍率,11.8,10083.56,854.35,2026-08-15T01:29:45+09:00
2012-04-02,NT倍率,11.81,10109.87,856.05,2026-08-15T01:29:45+09:00
2012-04-03,NT倍率,11.81,10050.39,851.02,2026-08-15T01:29:45+09:00
2012-04-04,NT倍率,11.76,9819.99,835.36,2026-08-15T01:29:45+09:00
2012-04-05,NT倍率,11.73,9767.61,832.57,2026-08-15T01:29:45+09:00
2012-04-06,NT倍率,11.73,9688.45,825.71,2026-08-15T01:29:45+09:00
2012-04-09,NT倍率,11.73,9546.26,813.69,2026-08-15T01:29:45+09:00
2012-04-10,NT倍率,11.73,9538.02,813.43,2026-08-15T01:29:45+09:00
2012-04-11,NT倍率,11.74,9458.74,805.84,2026-08-15T01:29:45+09:00
2012-04-12,NT倍率,11.76,9524.79,809.88,2026-08-15T01:29:45+09:00
2012-04-13,NT倍率,11.82,9637.99,815.48,2026-08-15T01:29:45+09:00
2012-04-16,NT倍率,11.78,9470.64,803.83,2026-08-15T01:29:45+09:00
2012-04-17,NT倍率,11.79,9464.71,803.09,2026-08-15T01:29:45+09:00
2012-04-18,NT倍率,11.8,9667.26,819.27,2026-08-15T01:29:45+09:00
2012-04-19,NT倍率,11.78,9588.38,814.13,2026-08-15T01:29:45+09:00
2012-04-20,NT倍率,11.78,9561.36,811.94,2026-08-15T01:29:45+09:00
2012-04-23,NT倍率,11.79,9542.17,809.54,2026-08-15T01:29:45+09:00
2012-04-24,NT倍率,11.78,9468.04,803.94,2026-08-15T01:29:45+09:00
2012-04-25,NT倍率,11.81,9561.01,809.49,2026-08-15T01:29:45+09:00
2012-04-26,NT倍率,11.8,9561.83,810.1,2026-08-15T01:29:45+09:00
2012-04-27,NT倍率,11.84,9520.89,804.27,2026-08-15T01:29:45+09:00
2012-05-01,NT倍率,11.84,9350.95,789.49,2026-08-15T01:29:45+09:00
2012-05-02,NT倍率,11.83,9380.25,792.87,2026-08-15T01:29:45+09:00
2012-05-07,NT倍率,11.81,9119.14,772.06,2026-08-15T01:29:45+09:00
2012-05-08,NT倍率,11.82,9181.65,776.57,2026-08-15T01:29:45+09:00
2012-05-09,NT倍率,11.81,9045.06,765.83,2026-08-15T01:29:45+09:00
2012-05-10,NT倍率,11.77,9009.65,765.42,2026-08-15T01:29:45+09:00
2012-05-11,NT倍率,11.81,8953.31,758.38,2026-08-15T01:29:45+09:00
2012-05-14,NT倍率,11.86,8973.84,756.68,2026-08-15T01:29:45+09:00
2012-05-15,NT倍率,11.91,8900.74,747.4,2026-08-15T01:29:45+09:00
2012-05-16,NT倍率,11.91,8801.17,738.88,2026-08-15T01:29:45+09:00
2012-05-17,NT倍率,11.88,8876.59,747.16,2026-08-15T01:29:45+09:00
2012-05-18,NT倍率,11.87,8611.31,725.54,2026-08-15T01:29:45+09:00
2012-05-21,NT倍率,11.91,8633.89,725.15,2026-08-15T01:29:45+09:00
2012-05-22,NT倍率,11.9,8729.29,733.33,2026-08-15T01:29:45+09:00
2012-05-23,NT倍率,11.86,8556.6,721.57,2026-08-15T01:29:45+09:00
2012-05-24,NT倍率,11.86,8563.38,722.25,2026-08-15T01:29:45+09:00
2012-05-25,NT倍率,11.88,8580.39,722.11,2026-08-15T01:29:45+09:00
2012-05-28,NT倍率,11.92,8593.15,721.11,2026-08-15T01:29:45+09:00
2012-05-29,NT倍率,11.91,8657.08,727.03,2026-08-15T01:29:45+09:00
2012-05-30,NT倍率,11.93,8633.19,723.62,2026-08-15T01:29:45+09:00
2012-05-31,NT倍率,11.87,8542.73,719.49,2026-08-15T01:29:45+09:00
2012-06-01,NT倍率,11.91,8440.25,708.93,2026-08-15T01:29:45+09:00
2012-06-04,NT倍率,11.93,8295.63,695.51,2026-08-15T01:29:45+09:00
2012-06-05,NT倍率,11.83,8382.0,708.24,2026-08-15T01:29:45+09:00
2012-06-06,NT倍率,11.88,8533.53,718.56,2026-08-15T01:29:45+09:00
2012-06-07,NT倍率,11.82,8639.72,730.75,2026-08-15T01:29:45+09:00
2012-06-08,NT倍率,11.79,8459.26,717.74,2026-08-15T01:29:45+09:00
2012-06-11,NT倍率,11.81,8624.9,730.07,2026-08-15T01:29:45+09:00
2012-06-12,NT倍率,11.79,8536.72,724.37,2026-08-15T01:29:45+09:00
2012-06-13,NT倍率,11.82,8587.84,726.44,2026-08-15T01:29:45+09:00
2012-06-14,NT倍率,11.81,8568.89,725.66,2026-08-15T01:29:45+09:00
2012-06-15,NT倍率,11.79,8569.32,726.57,2026-08-15T01:29:45+09:00
2012-06-18,NT倍率,11.8,8721.02,738.81,2026-08-15T01:29:45+09:00
2012-06-19,NT倍率,11.78,8655.87,734.69,2026-08-15T01:29:45+09:00
2012-06-20,NT倍率,11.71,8752.31,747.34,2026-08-15T01:29:45+09:00
2012-06-21,NT倍率,11.7,8824.07,753.96,2026-08-15T01:29:45+09:00
2012-06-22,NT倍率,11.72,8798.35,750.92,2026-08-15T01:29:45+09:00
2012-06-25,NT倍率,11.72,8734.62,745.22,2026-08-15T01:29:45+09:00
2012-06-26,NT倍率,11.73,8663.99,738.89,2026-08-15T01:29:45+09:00
2012-06-27,NT倍率,11.71,8730.49,745.48,2026-08-15T01:29:45+09:00
2012-06-28,NT倍率,11.69,8874.11,758.81,2026-08-15T01:29:45+09:00
2012-06-29,NT倍率,11.7,9006.78,770.08,2026-08-15T01:29:45+09:00
2012-07-02,NT倍率,11.7,9003.48,769.34,2026-08-15T01:29:45+09:00
2012-07-03,NT倍率,11.67,9066.59,777.11,2026-08-15T01:29:45+09:00
2012-07-04,NT倍率,11.69,9104.17,778.7,2026-08-15T01:29:45+09:00
2012-07-05,NT倍率,11.7,9079.8,776.37,2026-08-15T01:29:45+09:00
2012-07-06,NT倍率,11.69,9020.75,771.83,2026-08-15T01:29:45+09:00
2012-07-09,NT倍率,11.65,8896.88,763.93,2026-08-15T01:29:45+09:00
2012-07-10,NT倍率,11.68,8857.73,758.6,2026-08-15T01:29:45+09:00
2012-07-11,NT倍率,11.69,8851.0,757.29,2026-08-15T01:29:45+09:00
2012-07-12,NT倍率,11.67,8720.01,747.49,2026-08-15T01:29:45+09:00
2012-07-13,NT倍率,11.69,8724.12,746.34,2026-08-15T01:29:45+09:00
2012-07-17,NT倍率,11.78,8755.0,743.38,2026-08-15T01:29:45+09:00
2012-07-18,NT倍率,11.79,8726.74,740.46,2026-08-15T01:29:45+09:00
2012-07-19,NT倍率,11.77,8795.55,747.13,2026-08-15T01:29:45+09:00
2012-07-20,NT倍率,11.81,8669.87,733.82,2026-08-15T01:29:45+09:00
2012-07-23,NT倍率,11.81,8508.32,720.62,2026-08-15T01:29:45+09:00
2012-07-24,NT倍率,11.83,8488.09,717.67,2026-08-15T01:29:45+09:00
2012-07-25,NT倍率,11.84,8365.9,706.46,2026-08-15T01:29:45+09:00
2012-07-26,NT倍率,11.81,8443.1,714.91,2026-08-15T01:29:45+09:00
2012-07-27,NT倍率,11.79,8566.64,726.44,2026-08-15T01:29:45+09:00
2012-07-30,NT倍率,11.8,8635.44,731.74,2026-08-15T01:29:45+09:00
2012-07-31,NT倍率,11.81,8695.06,736.31,2026-08-15T01:29:45+09:00
2012-08-01,NT倍率,11.84,8641.85,729.78,2026-08-15T01:29:45+09:00
2012-08-02,NT倍率,11.81,8653.18,732.98,2026-08-15T01:29:45+09:00
2012-08-03,NT倍率,11.82,8555.11,723.94,2026-08-15T01:29:45+09:00
2012-08-06,NT倍率,11.86,8726.29,735.73,2026-08-15T01:29:45+09:00
2012-08-07,NT倍率,11.84,8803.31,743.7,2026-08-15T01:29:45+09:00
2012-08-08,NT倍率,11.91,8881.16,745.64,2026-08-15T01:29:45+09:00
2012-08-09,NT倍率,11.94,8978.6,751.84,2026-08-15T01:29:45+09:00
2012-08-10,NT倍率,11.91,8891.44,746.79,2026-08-15T01:29:45+09:00
2012-08-13,NT倍率,11.9,8885.15,746.95,2026-08-15T01:29:45+09:00
2012-08-14,NT倍率,11.91,8929.88,749.53,2026-08-15T01:29:45+09:00
2012-08-15,NT倍率,11.94,8925.04,747.32,2026-08-15T01:29:45+09:00
2012-08-16,NT倍率,11.98,9092.76,759.12,2026-08-15T01:29:45+09:00
2012-08-17,NT倍率,11.96,9162.5,765.81,2026-08-15T01:29:45+09:00
2012-08-20,NT倍率,11.99,9171.16,764.66,2026-08-15T01:29:45+09:00
2012-08-21,NT倍率,11.97,9156.92,765.26,2026-08-15T01:29:45+09:00
2012-08-22,NT倍率,11.97,9131.74,762.73,2026-08-15T01:29:45+09:00
2012-08-23,NT倍率,12.0,9178.12,764.59,2026-08-15T01:29:45+09:00
2012-08-24,NT倍率,11.98,9070.76,757.23,2026-08-15T01:29:45+09:00
2012-08-27,NT倍率,12.03,9085.39,755.37,2026-08-15T01:29:45+09:00
2012-08-28,NT倍率,12.1,9033.29,746.3,2026-08-15T01:29:45+09:00
2012-08-29,NT倍率,12.09,9069.81,750.03,2026-08-15T01:29:45+09:00
2012-08-30,NT倍率,12.08,8983.78,743.79,2026-08-15T01:29:45+09:00
2012-08-31,NT倍率,12.08,8839.91,731.64,2026-08-15T01:29:45+09:00
2012-09-03,NT倍率,12.06,8783.89,728.63,2026-08-15T01:29:45+09:00
2012-09-04,NT倍率,12.08,8775.51,726.69,2026-08-15T01:29:45+09:00
2012-09-05,NT倍率,12.09,8679.82,718.09,2026-08-15T01:29:45+09:00
2012-09-06,NT倍率,12.07,8680.57,719.0,2026-08-15T01:29:45+09:00
2012-09-07,NT倍率,12.07,8871.65,735.17,2026-08-15T01:29:45+09:00
2012-09-10,NT倍率,12.03,8869.37,737.34,2026-08-15T01:29:45+09:00
2012-09-11,NT倍率,12.03,8807.38,732.26,2026-08-15T01:29:45+09:00
2012-09-12,NT倍率,12.08,8959.96,741.82,2026-08-15T01:29:45+09:00
2012-09-13,NT倍率,12.09,8995.15,744.23,2026-08-15T01:29:45+09:00
2012-09-14,NT倍率,12.1,9159.39,756.88,2026-08-15T01:29:45+09:00
2012-09-18,NT倍率,12.03,9123.77,758.36,2026-08-15T01:29:45+09:00
2012-09-19,NT倍率,12.07,9232.21,764.8,2026-08-15T01:29:45+09:00
2012-09-20,NT倍率,12.05,9086.98,753.81,2026-08-15T01:29:45+09:00
2012-09-21,NT倍率,12.04,9110.0,756.38,2026-08-15T01:29:45+09:00
2012-09-24,NT倍率,12.03,9069.29,753.68,2026-08-15T01:29:45+09:00
2012-09-25,NT倍率,12.0,9091.54,757.66,2026-08-15T01:29:45+09:00
2012-09-26,NT倍率,11.99,8906.7,742.54,2026-08-15T01:29:45+09:00
2012-09-27,NT倍率,12.0,8949.87,745.59,2026-08-15T01:29:45+09:00
2012-09-28,NT倍率,12.03,8870.16,737.42,2026-08-15T01:29:45+09:00
2012-10-01,NT倍率,12.01,8796.51,732.35,2026-08-15T01:29:45+09:00
2012-10-02,NT倍率,12.02,8786.05,731.19,2026-08-15T01:29:45+09:00
2012-10-03,NT倍率,12.03,8746.87,727.39,2026-08-15T01:29:45+09:00
2012-10-04,NT倍率,12.0,8824.59,735.38,2026-08-15T01:29:45+09:00
2012-10-05,NT倍率,12.02,8863.3,737.13,2026-08-15T01:29:45+09:00
2012-10-09,NT倍率,12.05,8769.59,727.68,2026-08-15T01:29:45+09:00
2012-10-10,NT倍率,11.99,8596.23,716.84,2026-08-15T01:29:45+09:00
2012-10-11,NT倍率,11.97,8546.78,713.95,2026-08-15T01:29:45+09:00
2012-10-12,NT倍率,11.88,8534.12,718.32,2026-08-15T01:29:45+09:00
2012-10-15,NT倍率,11.86,8577.93,722.99,2026-08-15T01:29:45+09:00
2012-10-16,NT倍率,11.88,8701.31,732.4,2026-08-15T01:29:45+09:00
2012-10-17,NT倍率,11.9,8806.55,739.79,2026-08-15T01:29:45+09:00
2012-10-18,NT倍率,11.94,8982.86,752.3,2026-08-15T01:29:45+09:00
2012-10-19,NT倍率,11.93,9002.68,754.39,2026-08-15T01:29:45+09:00
2012-10-22,NT倍率,11.95,9010.71,753.72,2026-08-15T01:29:45+09:00
2012-10-23,NT倍率,12.03,9014.25,749.37,2026-08-15T01:29:45+09:00
2012-10-24,NT倍率,12.05,8954.3,743.27,2026-08-15T01:29:45+09:00
2012-10-25,NT倍率,12.05,9055.2,751.42,2026-08-15T01:29:45+09:00
2012-10-26,NT倍率,12.05,8933.06,741.23,2026-08-15T01:29:45+09:00
2012-10-29,NT倍率,12.06,8929.34,740.3,2026-08-15T01:29:45+09:00
2012-10-30,NT倍率,12.06,8841.98,733.46,2026-08-15T01:29:45+09:00
2012-10-31,NT倍率,12.03,8928.29,742.33,2026-08-15T01:29:45+09:00
2012-11-01,NT倍率,12.04,8946.87,743.32,2026-08-15T01:29:45+09:00
2012-11-02,NT倍率,12.03,9051.22,752.09,2026-08-15T01:29:45+09:00
2012-11-05,NT倍率,12.04,9007.44,747.95,2026-08-15T01:29:45+09:00
2012-11-06,NT倍率,12.05,8975.15,744.88,2026-08-15T01:29:45+09:00
2012-11-07,NT倍率,12.03,8972.89,745.71,2026-08-15T01:29:45+09:00
2012-11-08,NT倍率,12.02,8837.15,735.35,2026-08-15T01:29:45+09:00
2012-11-09,NT倍率,11.98,8757.6,730.74,2026-08-15T01:29:45+09:00
2012-11-12,NT倍率,12.01,8676.44,722.58,2026-08-15T01:29:45+09:00
2012-11-13,NT倍率,11.99,8661.05,722.56,2026-08-15T01:29:45+09:00
2012-11-14,NT倍率,11.99,8664.73,722.41,2026-08-15T01:29:45+09:00
2012-11-15,NT倍率,11.97,8829.72,737.51,2026-08-15T01:29:45+09:00
2012-11-16,NT倍率,12.01,9024.16,751.34,2026-08-15T01:29:45+09:00
2012-11-19,NT倍率,12.01,9153.2,762.16,2026-08-15T01:29:45+09:00
2012-11-20,NT倍率,12.0,9142.64,762.04,2026-08-15T01:29:45+09:00
2012-11-21,NT倍率,12.02,9222.52,767.01,2026-08-15T01:29:45+09:00
2012-11-22,NT倍率,12.06,9366.8,776.43,2026-08-15T01:29:45+09:00
2012-11-26,NT倍率,12.04,9388.94,779.5,2026-08-15T01:29:45+09:00
2012-11-27,NT倍率,12.06,9423.3,781.6,2026-08-15T01:29:45+09:00
2012-11-28,NT倍率,12.07,9308.35,771.39,2026-08-15T01:29:45+09:00
2012-11-29,NT倍率,12.06,9400.88,779.44,2026-08-15T01:29:45+09:00
2012-11-30,NT倍率,12.09,9446.01,781.46,2026-08-15T01:29:45+09:00
2012-12-03,NT倍率,12.1,9458.18,781.73,2026-08-15T01:29:45+09:00
2012-12-04,NT倍率,12.06,9432.46,781.97,2026-08-15T01:29:45+09:00
2012-12-05,NT倍率,12.11,9468.84,781.86,2026-08-15T01:29:45+09:00
2012-12-06,NT倍率,12.1,9545.16,788.74,2026-08-15T01:29:45+09:00
2012-12-07,NT倍率,12.06,9527.39,790.24,2026-08-15T01:29:45+09:00
2012-12-10,NT倍率,12.09,9533.75,788.48,2026-08-15T01:29:45+09:00
2012-12-11,NT倍率,12.12,9525.32,786.07,2026-08-15T01:29:45+09:00
2012-12-12,NT倍率,12.11,9581.46,791.29,2026-08-15T01:29:45+09:00
2012-12-13,NT倍率,12.19,9742.73,799.21,2026-08-15T01:29:45+09:00
2012-12-14,NT倍率,12.16,9737.56,801.04,2026-08-15T01:29:45+09:00
2012-12-17,NT倍率,12.17,9828.88,807.84,2026-08-15T01:29:45+09:00
2012-12-18,NT倍率,12.15,9923.01,816.85,2026-08-15T01:29:45+09:00
2012-12-19,NT倍率,12.11,10160.4,839.34,2026-08-15T01:29:45+09:00
2012-12-20,NT倍率,11.97,10039.33,838.61,2026-08-15T01:29:45+09:00
2012-12-21,NT倍率,11.94,9940.06,832.72,2026-08-15T01:29:45+09:00
2012-12-25,NT倍率,12.03,10080.12,838.01,2026-08-15T01:29:45+09:00
2012-12-26,NT倍率,12.07,10230.36,847.71,2026-08-15T01:29:45+09:00
2012-12-27,NT倍率,12.09,10322.98,854.09,2026-08-15T01:29:45+09:00
2012-12-28,NT倍率,12.09,10395.18,859.8,2026-08-15T01:29:45+09:00
2013-01-04,NT倍率,12.03,10688.11,888.51,2026-08-15T01:29:45+09:00
2013-01-07,NT倍率,12.03,10599.01,881.06,2026-08-15T01:29:45+09:00
2013-01-08,NT倍率,12.05,10508.06,871.88,2026-08-15T01:29:45+09:00
2013-01-09,NT倍率,12.03,10578.57,879.05,2026-08-15T01:29:45+09:00
2013-01-10,NT倍率,11.98,10652.64,889.02,2026-08-15T01:29:45+09:00
2013-01-11,NT倍率,12.02,10801.57,898.69,2026-08-15T01:29:45+09:00
2013-01-15,NT倍率,12.0,10879.08,906.22,2026-08-15T01:29:45+09:00
2013-01-16,NT倍率,11.94,10600.44,888.11,2026-08-15T01:29:45+09:00
2013-01-17,NT倍率,11.91,10609.64,890.46,2026-08-15T01:29:45+09:00
2013-01-18,NT倍率,11.97,10913.3,911.44,2026-08-15T01:29:45+09:00
2013-01-21,NT倍率,11.87,10747.74,905.16,2026-08-15T01:29:45+09:00
2013-01-22,NT倍率,11.88,10709.93,901.15,2026-08-15T01:29:45+09:00
2013-01-23,NT倍率,11.81,10486.99,887.79,2026-08-15T01:29:45+09:00
2013-01-24,NT倍率,11.83,10620.87,897.62,2026-08-15T01:29:45+09:00
2013-01-25,NT倍率,11.91,10926.65,917.09,2026-08-15T01:29:45+09:00
2013-01-28,NT倍率,11.85,10824.31,913.78,2026-08-15T01:29:45+09:00
2013-01-29,NT倍率,11.8,10866.72,920.76,2026-08-15T01:29:45+09:00
2013-01-30,NT倍率,11.89,11113.95,934.67,2026-08-15T01:29:45+09:00
2013-01-31,NT倍率,11.85,11138.66,940.25,2026-08-15T01:29:45+09:00
2013-02-01,NT倍率,11.87,11191.34,942.65,2026-08-15T01:29:45+09:00
2013-02-04,NT倍率,11.78,11260.35,955.75,2026-08-15T01:29:45+09:00
2013-02-05,NT倍率,11.76,11046.92,939.7,2026-08-15T01:29:45+09:00
2013-02-06,NT倍率,11.83,11463.75,968.82,2026-08-15T01:29:45+09:00
2013-02-07,NT倍率,11.72,11357.07,969.18,2026-08-15T01:29:45+09:00
2013-02-08,NT倍率,11.65,11153.16,957.35,2026-08-15T01:29:45+09:00
2013-02-12,NT倍率,11.74,11369.12,968.5,2026-08-15T01:29:45+09:00
2013-02-13,NT倍率,11.76,11251.41,957.02,2026-08-15T01:29:45+09:00
2013-02-14,NT倍率,11.84,11307.28,954.88,2026-08-15T01:29:45+09:00
2013-02-15,NT倍率,11.86,11173.83,942.41,2026-08-15T01:29:45+09:00
2013-02-18,NT倍率,11.85,11407.87,962.69,2026-08-15T01:29:45+09:00
2013-02-19,NT倍率,11.8,11372.34,963.61,2026-08-15T01:29:45+09:00
2013-02-20,NT倍率,11.78,11468.28,973.7,2026-08-15T01:29:45+09:00
2013-02-21,NT倍率,11.75,11309.13,962.86,2026-08-15T01:29:45+09:00
2013-02-22,NT倍率,11.82,11385.94,963.48,2026-08-15T01:29:45+09:00
2013-02-25,NT倍率,11.89,11662.52,980.7,2026-08-15T01:29:45+09:00
2013-02-26,NT倍率,11.79,11398.81,966.77,2026-08-15T01:29:45+09:00
2013-02-27,NT倍率,11.8,11253.97,953.72,2026-08-15T01:29:45+09:00
2013-02-28,NT倍率,11.85,11559.36,975.66,2026-08-15T01:29:45+09:00
2013-03-01,NT倍率,11.79,11606.38,984.33,2026-08-15T01:29:45+09:00
2013-03-04,NT倍率,11.74,11652.29,992.25,2026-08-15T01:29:45+09:00
2013-03-05,NT倍率,11.82,11683.45,988.62,2026-08-15T01:29:45+09:00
2013-03-06,NT倍率,11.89,11932.27,1003.22,2026-08-15T01:29:45+09:00
2013-03-07,NT倍率,11.92,11968.08,1004.35,2026-08-15T01:29:45+09:00
2013-03-08,NT倍率,12.04,12283.62,1020.5,2026-08-15T01:29:45+09:00
2013-03-11,NT倍率,11.87,12349.05,1039.98,2026-08-15T01:29:45+09:00
2013-03-12,NT倍率,11.89,12314.81,1035.9,2026-08-15T01:29:45+09:00
2013-03-13,NT倍率,11.87,12239.66,1031.42,2026-08-15T01:29:45+09:00
2013-03-14,NT倍率,11.93,12381.19,1038.17,2026-08-15T01:29:45+09:00
2013-03-15,NT倍率,11.94,12560.95,1051.65,2026-08-15T01:29:45+09:00
2013-03-18,NT倍率,11.88,12220.63,1028.34,2026-08-15T01:29:45+09:00
2013-03-19,NT倍率,11.92,12468.23,1045.89,2026-08-15T01:29:45+09:00
2013-03-21,NT倍率,11.94,12635.69,1058.1,2026-08-15T01:29:45+09:00
2013-03-22,NT倍率,11.88,12338.53,1038.57,2026-08-15T01:29:45+09:00
2013-03-25,NT倍率,11.98,12546.46,1047.29,2026-08-15T01:29:45+09:00
2013-03-26,NT倍率,11.94,12471.62,1044.42,2026-08-15T01:29:45+09:00
2013-03-27,NT倍率,11.94,12493.79,1046.47,2026-08-15T01:29:45+09:00
2013-03-28,NT倍率,11.9,12335.96,1036.78,2026-08-15T01:29:45+09:00
2013-03-29,NT倍率,11.98,12397.91,1034.71,2026-08-15T01:29:45+09:00
2013-04-01,NT倍率,12.13,12135.02,1000.57,2026-08-15T01:29:45+09:00
2013-04-02,NT倍率,12.11,12003.43,991.34,2026-08-15T01:29:45+09:00
2013-04-03,NT倍率,12.23,12362.2,1010.43,2026-08-15T01:29:45+09:00
2013-04-04,NT倍率,12.17,12634.54,1037.76,2026-08-15T01:29:45+09:00
2013-04-05,NT倍率,12.04,12833.64,1066.24,2026-08-15T01:29:45+09:00
2013-04-08,NT倍率,11.97,13192.59,1101.74,2026-08-15T01:29:45+09:00
2013-04-09,NT倍率,11.97,13192.35,1102.04,2026-08-15T01:29:45+09:00
2013-04-10,NT倍率,11.85,13288.13,1121.04,2026-08-15T01:29:45+09:00
2013-04-11,NT倍率,11.81,13549.16,1147.29,2026-08-15T01:29:45+09:00
2013-04-12,NT倍率,11.74,13485.14,1148.57,2026-08-15T01:29:45+09:00
2013-04-15,NT倍率,11.71,13275.66,1133.99,2026-08-15T01:29:45+09:00
2013-04-16,NT倍率,11.81,13221.44,1119.2,2026-08-15T01:29:45+09:00
2013-04-17,NT倍率,11.78,13382.89,1136.01,2026-08-15T01:29:45+09:00
2013-04-18,NT倍率,11.77,13220.07,1122.97,2026-08-15T01:29:45+09:00
2013-04-19,NT倍率,11.82,13316.48,1126.67,2026-08-15T01:29:45+09:00
2013-04-22,NT倍率,11.84,13568.37,1145.6,2026-08-15T01:29:45+09:00
2013-04-23,NT倍率,11.83,13529.65,1143.78,2026-08-15T01:29:45+09:00
2013-04-24,NT倍率,11.89,13843.46,1164.35,2026-08-15T01:29:45+09:00
2013-04-25,NT倍率,11.87,13926.08,1172.78,2026-08-15T01:29:45+09:00
2013-04-26,NT倍率,11.96,13884.13,1161.19,2026-08-15T01:29:45+09:00
2013-04-30,NT倍率,11.9,13860.86,1165.13,2026-08-15T01:29:45+09:00
2013-05-01,NT倍率,11.91,13799.35,1158.37,2026-08-15T01:29:45+09:00
2013-05-02,NT倍率,11.87,13694.04,1153.28,2026-08-15T01:29:45+09:00
2013-05-07,NT倍率,11.93,14180.24,1188.57,2026-08-15T01:29:45+09:00
2013-05-08,NT倍率,11.96,14285.69,1194.34,2026-08-15T01:29:45+09:00
2013-05-09,NT倍率,12.01,14191.48,1181.83,2026-08-15T01:29:45+09:00
2013-05-10,NT倍率,12.07,14607.54,1210.6,2026-08-15T01:29:45+09:00
2013-05-13,NT倍率,12.0,14782.21,1232.2,2026-08-15T01:29:45+09:00
2013-05-14,NT倍率,11.99,14758.42,1230.8,2026-08-15T01:29:45+09:00
2013-05-15,NT倍率,12.05,15096.03,1252.85,2026-08-15T01:29:45+09:00
2013-05-16,NT倍率,12.08,15037.24,1245.23,2026-08-15T01:29:45+09:00
2013-05-17,NT倍率,12.08,15138.12,1253.24,2026-08-15T01:29:45+09:00
2013-05-20,NT倍率,12.1,15360.81,1269.51,2026-08-15T01:29:45+09:00
2013-05-21,NT倍率,12.11,15381.02,1270.39,2026-08-15T01:29:45+09:00
2013-05-22,NT倍率,12.25,15627.26,1276.03,2026-08-15T01:29:45+09:00
2013-05-23,NT倍率,12.19,14483.98,1188.34,2026-08-15T01:29:45+09:00
2013-05-24,NT倍率,12.24,14612.45,1194.08,2026-08-15T01:29:45+09:00
2013-05-27,NT倍率,12.25,14142.65,1154.07,2026-08-15T01:29:45+09:00
2013-05-28,NT倍率,12.25,14311.98,1168.27,2026-08-15T01:29:45+09:00
2013-05-29,NT倍率,12.15,14326.46,1178.87,2026-08-15T01:29:45+09:00
2013-05-30,NT倍率,11.98,13589.03,1134.42,2026-08-15T01:29:45+09:00
2013-05-31,NT倍率,12.13,13774.54,1135.78,2026-08-15T01:29:45+09:00
2013-06-03,NT倍率,12.09,13261.82,1096.95,2026-08-15T01:29:45+09:00
2013-06-04,NT倍率,12.02,13533.76,1125.47,2026-08-15T01:29:45+09:00
2013-06-05,NT倍率,11.94,13014.87,1090.03,2026-08-15T01:29:45+09:00
2013-06-06,NT倍率,12.05,12904.02,1070.77,2026-08-15T01:29:45+09:00
2013-06-07,NT倍率,12.18,12877.53,1056.95,2026-08-15T01:29:45+09:00
2013-06-10,NT倍率,12.15,13514.2,1111.97,2026-08-15T01:29:45+09:00
2013-06-11,NT倍率,12.09,13317.62,1101.15,2026-08-15T01:29:45+09:00
2013-06-12,NT倍率,12.12,13289.32,1096.54,2026-08-15T01:29:45+09:00
2013-06-13,NT倍率,11.92,12445.38,1044.17,2026-08-15T01:29:45+09:00
2013-06-14,NT倍率,12.01,12686.52,1056.45,2026-08-15T01:29:45+09:00
2013-06-17,NT倍率,12.02,13033.12,1084.72,2026-08-15T01:29:45+09:00
2013-06-18,NT倍率,11.97,13007.28,1086.4,2026-08-15T01:29:45+09:00
2013-06-19,NT倍率,11.97,13245.22,1106.57,2026-08-15T01:29:45+09:00
2013-06-20,NT倍率,11.92,13014.58,1091.81,2026-08-15T01:29:45+09:00
2013-06-21,NT倍率,12.03,13230.13,1099.4,2026-08-15T01:29:45+09:00
2013-06-24,NT倍率,11.99,13062.78,1089.64,2026-08-15T01:29:45+09:00
2013-06-25,NT倍率,12.02,12969.34,1078.66,2026-08-15T01:29:45+09:00
2013-06-26,NT倍率,12.0,12834.01,1069.28,2026-08-15T01:29:45+09:00
2013-06-27,NT倍率,12.03,13213.55,1098.83,2026-08-15T01:29:45+09:00
2013-06-28,NT倍率,12.06,13677.32,1133.84,2026-08-15T01:29:45+09:00
2013-07-01,NT倍率,12.04,13852.5,1150.7,2026-08-15T01:29:45+09:00
2013-07-02,NT倍率,12.03,14098.74,1171.84,2026-08-15T01:29:45+09:00
2013-07-03,NT倍率,11.97,14055.56,1173.81,2026-08-15T01:29:45+09:00
2013-07-04,NT倍率,11.97,14018.93,1170.71,2026-08-15T01:29:45+09:00
2013-07-05,NT倍率,12.04,14309.97,1188.58,2026-08-15T01:29:45+09:00
2013-07-08,NT倍率,12.03,14109.34,1172.58,2026-08-15T01:29:45+09:00
2013-07-09,NT倍率,12.09,14472.9,1196.89,2026-08-15T01:29:45+09:00
2013-07-10,NT倍率,12.06,14416.6,1195.2,2026-08-15T01:29:45+09:00
2013-07-11,NT倍率,12.11,14472.58,1194.77,2026-08-15T01:29:45+09:00
2013-07-12,NT倍率,12.07,14506.25,1201.99,2026-08-15T01:29:45+09:00
2013-07-16,NT倍率,12.06,14599.12,1210.54,2026-08-15T01:29:45+09:00
2013-07-17,NT倍率,12.05,14615.04,1213.24,2026-08-15T01:29:45+09:00
2013-07-18,NT倍率,12.12,14808.5,1222.01,2026-08-15T01:29:45+09:00
2013-07-19,NT倍率,12.04,14589.91,1211.98,2026-08-15T01:29:45+09:00
2013-07-22,NT倍率,12.05,14658.04,1216.53,2026-08-15T01:29:45+09:00
2013-07-23,NT倍率,12.09,14778.51,1222.72,2026-08-15T01:29:45+09:00
2013-07-24,NT倍率,12.08,14731.28,1219.92,2026-08-15T01:29:45+09:00
2013-07-25,NT倍率,12.11,14562.93,1202.32,2026-08-15T01:29:45+09:00
2013-07-26,NT倍率,12.11,14129.98,1167.06,2026-08-15T01:29:45+09:00
2013-07-29,NT倍率,12.11,13661.13,1128.45,2026-08-15T01:29:45+09:00
2013-07-30,NT倍率,12.08,13869.82,1148.53,2026-08-15T01:29:45+09:00
2013-07-31,NT倍率,12.08,13668.32,1131.7,2026-08-15T01:29:45+09:00
2013-08-01,NT倍率,12.04,14005.77,1163.39,2026-08-15T01:29:45+09:00
2013-08-02,NT倍率,12.09,14466.16,1196.17,2026-08-15T01:29:45+09:00
2013-08-05,NT倍率,12.03,14258.04,1184.74,2026-08-15T01:29:45+09:00
2013-08-06,NT倍率,12.06,14401.06,1193.66,2026-08-15T01:29:45+09:00
2013-08-07,NT倍率,11.97,13824.94,1155.26,2026-08-15T01:29:45+09:00
2013-08-08,NT倍率,11.94,13605.56,1139.59,2026-08-15T01:29:45+09:00
2013-08-09,NT倍率,11.93,13615.19,1140.91,2026-08-15T01:29:45+09:00
2013-08-12,NT倍率,11.92,13519.43,1134.62,2026-08-15T01:29:45+09:00
2013-08-13,NT倍率,11.98,13867.0,1157.15,2026-08-15T01:29:45+09:00
2013-08-14,NT倍率,11.99,14050.16,1171.34,2026-08-15T01:29:45+09:00
2013-08-15,NT倍率,11.94,13752.94,1151.82,2026-08-15T01:29:45+09:00
2013-08-16,NT倍率,11.95,13650.11,1142.65,2026-08-15T01:29:45+09:00
2013-08-19,NT倍率,11.97,13758.13,1149.13,2026-08-15T01:29:45+09:00
2013-08-20,NT倍率,11.91,13396.38,1125.27,2026-08-15T01:29:45+09:00
2013-08-21,NT倍率,11.97,13424.33,1121.74,2026-08-15T01:29:45+09:00
2013-08-22,NT倍率,11.94,13365.17,1119.56,2026-08-15T01:29:45+09:00
2013-08-23,NT倍率,11.97,13660.55,1141.63,2026-08-15T01:29:45+09:00
2013-08-26,NT倍率,11.96,13636.28,1140.0,2026-08-15T01:29:45+09:00
2013-08-27,NT倍率,11.94,13542.37,1134.02,2026-08-15T01:29:45+09:00
2013-08-28,NT倍率,11.97,13338.46,1114.03,2026-08-15T01:29:45+09:00
2013-08-29,NT倍率,12.06,13459.71,1116.51,2026-08-15T01:29:45+09:00
2013-08-30,NT倍率,12.11,13388.86,1106.05,2026-08-15T01:29:45+09:00
2013-09-02,NT倍率,12.14,13572.92,1117.78,2026-08-15T01:29:45+09:00
2013-09-03,NT倍率,12.16,13978.44,1149.18,2026-08-15T01:29:45+09:00
2013-09-04,NT倍率,12.15,14053.87,1156.3,2026-08-15T01:29:45+09:00
2013-09-05,NT倍率,12.15,14064.82,1157.84,2026-08-15T01:29:45+09:00
2013-09-06,NT倍率,12.08,13860.81,1147.82,2026-08-15T01:29:45+09:00
2013-09-09,NT倍率,12.11,14205.23,1173.0,2026-08-15T01:29:45+09:00
2013-09-10,NT倍率,12.12,14423.36,1190.22,2026-08-15T01:29:45+09:00
2013-09-11,NT倍率,12.13,14425.07,1189.25,2026-08-15T01:29:45+09:00
2013-09-12,NT倍率,12.15,14387.27,1184.36,2026-08-15T01:29:45+09:00
2013-09-13,NT倍率,12.15,14404.67,1185.28,2026-08-15T01:29:45+09:00
2013-09-17,NT倍率,12.11,14311.67,1181.64,2026-08-15T01:29:45+09:00
2013-09-18,NT倍率,12.16,14505.36,1193.07,2026-08-15T01:29:45+09:00
2013-09-19,NT倍率,12.15,14766.18,1215.48,2026-08-15T01:29:45+09:00
2013-09-20,NT倍率,12.09,14742.42,1218.98,2026-08-15T01:29:45+09:00
2013-09-24,NT倍率,12.13,14732.61,1214.87,2026-08-15T01:29:45+09:00
2013-09-25,NT倍率,12.07,14620.53,1211.15,2026-08-15T01:29:45+09:00
2013-09-26,NT倍率,12.13,14799.12,1220.49,2026-08-15T01:29:45+09:00
2013-09-27,NT倍率,12.12,14760.07,1217.52,2026-08-15T01:29:45+09:00
2013-09-30,NT倍率,12.11,14455.8,1194.1,2026-08-15T01:29:45+09:00
2013-10-01,NT倍率,12.14,14484.72,1193.44,2026-08-15T01:29:45+09:00
2013-10-02,NT倍率,12.06,14170.49,1175.16,2026-08-15T01:29:45+09:00
2013-10-03,NT倍率,12.06,14157.25,1173.99,2026-08-15T01:29:45+09:00
2013-10-04,NT倍率,12.05,14024.31,1163.82,2026-08-15T01:29:45+09:00
2013-10-07,NT倍率,12.07,13853.32,1147.58,2026-08-15T01:29:45+09:00
2013-10-08,NT倍率,12.08,13894.61,1150.13,2026-08-15T01:29:45+09:00
2013-10-09,NT倍率,12.03,14037.84,1166.9,2026-08-15T01:29:45+09:00
2013-10-10,NT倍率,12.05,14194.71,1177.95,2026-08-15T01:29:45+09:00
2013-10-11,NT倍率,12.03,14404.74,1197.17,2026-08-15T01:29:45+09:00
2013-10-15,NT倍率,12.06,14441.54,1197.47,2026-08-15T01:29:45+09:00
2013-10-16,NT倍率,12.09,14467.14,1196.78,2026-08-15T01:29:45+09:00
2013-10-17,NT倍率,12.09,14586.51,1206.25,2026-08-15T01:29:45+09:00
2013-10-18,NT倍率,12.08,14561.54,1205.52,2026-08-15T01:29:45+09:00
2013-10-21,NT倍率,12.12,14693.57,1212.36,2026-08-15T01:29:45+09:00
2013-10-22,NT倍率,12.12,14713.25,1214.44,2026-08-15T01:29:45+09:00
2013-10-23,NT倍率,12.06,14426.05,1195.98,2026-08-15T01:29:45+09:00
2013-10-24,NT倍率,12.04,14486.41,1203.35,2026-08-15T01:29:45+09:00
2013-10-25,NT倍率,11.96,14088.19,1178.28,2026-08-15T01:29:45+09:00
2013-10-28,NT倍率,12.01,14396.04,1198.36,2026-08-15T01:29:45+09:00
2013-10-29,NT倍率,12.0,14325.98,1193.5,2026-08-15T01:29:45+09:00
2013-10-30,NT倍率,12.04,14502.35,1204.5,2026-08-15T01:29:45+09:00
2013-10-31,NT倍率,12.0,14327.94,1194.26,2026-08-15T01:29:45+09:00
2013-11-01,NT倍率,12.0,14201.57,1183.03,2026-08-15T01:29:45+09:00
2013-11-05,NT倍率,12.03,14225.37,1182.58,2026-08-15T01:29:45+09:00
2013-11-06,NT倍率,12.03,14337.31,1192.16,2026-08-15T01:29:45+09:00
2013-11-07,NT倍率,12.01,14228.44,1184.73,2026-08-15T01:29:45+09:00
2013-11-08,NT倍率,11.97,14086.8,1176.42,2026-08-15T01:29:45+09:00
2013-11-11,NT倍率,12.04,14269.84,1185.65,2026-08-15T01:29:45+09:00
2013-11-12,NT倍率,12.1,14588.68,1205.41,2026-08-15T01:29:45+09:00
2013-11-13,NT倍率,12.1,14567.16,1204.19,2026-08-15T01:29:45+09:00
2013-11-14,NT倍率,12.21,14876.41,1218.55,2026-08-15T01:29:45+09:00
2013-11-15,NT倍率,12.24,15165.92,1239.04,2026-08-15T01:29:45+09:00
2013-11-18,NT倍率,12.21,15164.3,1241.67,2026-08-15T01:29:45+09:00
2013-11-19,NT倍率,12.23,15126.56,1236.86,2026-08-15T01:29:45+09:00
2013-11-20,NT倍率,12.22,15076.08,1233.43,2026-08-15T01:29:45+09:00
2013-11-21,NT倍率,12.33,15365.6,1246.31,2026-08-15T01:29:45+09:00
2013-11-22,NT倍率,12.32,15381.72,1248.57,2026-08-15T01:29:45+09:00
2013-11-25,NT倍率,12.4,15619.13,1259.61,2026-08-15T01:29:45+09:00
2013-11-26,NT倍率,12.38,15515.24,1253.02,2026-08-15T01:29:45+09:00
2013-11-27,NT倍率,12.39,15449.63,1247.08,2026-08-15T01:29:45+09:00
2013-11-28,NT倍率,12.47,15727.12,1261.04,2026-08-15T01:29:45+09:00
2013-11-29,NT倍率,12.44,15661.87,1258.66,2026-08-15T01:29:45+09:00
2013-12-02,NT倍率,12.44,15655.07,1258.94,2026-08-15T01:29:45+09:00
2013-12-03,NT倍率,12.47,15749.66,1262.54,2026-08-15T01:29:45+09:00
2013-12-04,NT倍率,12.42,15407.94,1240.99,2026-08-15T01:29:45+09:00
2013-12-05,NT倍率,12.34,15177.49,1229.65,2026-08-15T01:29:45+09:00
2013-12-06,NT倍率,12.38,15299.86,1235.83,2026-08-15T01:29:45+09:00
2013-12-09,NT倍率,12.47,15650.21,1255.32,2026-08-15T01:29:45+09:00
2013-12-10,NT倍率,12.43,15611.31,1256.33,2026-08-15T01:29:45+09:00
2013-12-11,NT倍率,12.41,15515.06,1250.45,2026-08-15T01:29:45+09:00
2013-12-12,NT倍率,12.35,15341.82,1242.23,2026-08-15T01:29:45+09:00
2013-12-13,NT倍率,12.43,15403.11,1238.88,2026-08-15T01:29:45+09:00
2013-12-16,NT倍率,12.39,15152.91,1222.95,2026-08-15T01:29:45+09:00
2013-12-17,NT倍率,12.4,15278.63,1232.31,2026-08-15T01:29:45+09:00
2013-12-18,NT倍率,12.47,15587.8,1250.49,2026-08-15T01:29:45+09:00
2013-12-19,NT倍率,12.56,15859.22,1263.07,2026-08-15T01:29:45+09:00
2013-12-20,NT倍率,12.58,15870.42,1261.64,2026-08-15T01:29:45+09:00
2013-12-24,NT倍率,12.64,15889.33,1257.55,2026-08-15T01:29:45+09:00
2013-12-25,NT倍率,12.72,16009.99,1258.18,2026-08-15T01:29:45+09:00
2013-12-26,NT倍率,12.64,16174.44,1279.34,2026-08-15T01:29:45+09:00
2013-12-27,NT倍率,12.54,16178.94,1290.07,2026-08-15T01:29:45+09:00
2013-12-30,NT倍率,12.51,16291.31,1302.29,2026-08-15T01:29:45+09:00
2014-01-06,NT倍率,12.31,15908.88,1292.15,2026-08-15T01:29:45+09:00
2014-01-07,NT倍率,12.32,15814.37,1283.25,2026-08-15T01:29:45+09:00
2014-01-08,NT倍率,12.34,16121.45,1306.23,2026-08-15T01:29:45+09:00
2014-01-09,NT倍率,12.25,15880.33,1296.75,2026-08-15T01:29:45+09:00
2014-01-10,NT倍率,12.25,15912.06,1298.48,2026-08-15T01:29:45+09:00
2014-01-14,NT倍率,12.15,15422.4,1269.08,2026-08-15T01:29:45+09:00
2014-01-15,NT倍率,12.21,15808.73,1294.52,2026-08-15T01:29:45+09:00
2014-01-16,NT倍率,12.17,15747.2,1294.39,2026-08-15T01:29:45+09:00
2014-01-17,NT倍率,12.13,15734.46,1297.39,2026-08-15T01:29:45+09:00
2014-01-20,NT倍率,12.09,15641.68,1293.86,2026-08-15T01:29:45+09:00
2014-01-21,NT倍率,12.19,15795.96,1295.95,2026-08-15T01:29:45+09:00
2014-01-22,NT倍率,12.17,15820.96,1299.63,2026-08-15T01:29:45+09:00
2014-01-23,NT倍率,12.19,15695.89,1287.52,2026-08-15T01:29:45+09:00
2014-01-24,NT倍率,12.17,15391.56,1264.6,2026-08-15T01:29:45+09:00
2014-01-27,NT倍率,12.21,15005.73,1229.23,2026-08-15T01:29:45+09:00
2014-01-28,NT倍率,12.24,14980.16,1224.31,2026-08-15T01:29:45+09:00
2014-01-29,NT倍率,12.25,15383.91,1256.18,2026-08-15T01:29:45+09:00
2014-01-30,NT倍率,12.26,15007.06,1224.09,2026-08-15T01:29:45+09:00
2014-01-31,NT倍率,12.22,14914.53,1220.64,2026-08-15T01:29:45+09:00
2014-02-03,NT倍率,12.22,14619.13,1196.32,2026-08-15T01:29:45+09:00
2014-02-04,NT倍率,12.3,14008.47,1139.27,2026-08-15T01:29:45+09:00
2014-02-05,NT倍率,12.2,14180.38,1162.64,2026-08-15T01:29:45+09:00
2014-02-06,NT倍率,12.18,14155.12,1162.37,2026-08-15T01:29:45+09:00
2014-02-07,NT倍率,12.16,14462.41,1189.14,2026-08-15T01:29:45+09:00
2014-02-10,NT倍率,12.22,14718.34,1204.28,2026-08-15T01:29:45+09:00
2014-02-12,NT倍率,12.14,14800.06,1219.6,2026-08-15T01:29:45+09:00
2014-02-13,NT倍率,12.11,14534.74,1199.74,2026-08-15T01:29:45+09:00
2014-02-14,NT倍率,12.09,14313.03,1183.82,2026-08-15T01:29:45+09:00
2014-02-17,NT倍率,12.07,14393.11,1192.05,2026-08-15T01:29:45+09:00
2014-02-18,NT倍率,12.13,14843.24,1224.0,2026-08-15T01:29:45+09:00
2014-02-19,NT倍率,12.12,14766.53,1218.52,2026-08-15T01:29:45+09:00
2014-02-20,NT倍率,12.1,14449.18,1194.56,2026-08-15T01:29:45+09:00
2014-02-21,NT倍率,12.16,14865.67,1222.31,2026-08-15T01:29:45+09:00
2014-02-24,NT倍率,12.17,14837.68,1219.07,2026-08-15T01:29:45+09:00
2014-02-25,NT倍率,12.2,15051.6,1233.66,2026-08-15T01:29:45+09:00
2014-02-26,NT倍率,12.22,14970.97,1225.35,2026-08-15T01:29:45+09:00
2014-02-27,NT倍率,12.26,14923.11,1217.35,2026-08-15T01:29:45+09:00
2014-02-28,NT倍率,12.25,14841.07,1211.66,2026-08-15T01:29:45+09:00
2014-03-03,NT倍率,12.24,14652.23,1196.76,2026-08-15T01:29:45+09:00
2014-03-04,NT倍率,12.23,14721.48,1204.11,2026-08-15T01:29:45+09:00
2014-03-05,NT倍率,12.28,14897.63,1212.9,2026-08-15T01:29:45+09:00
2014-03-06,NT倍率,12.32,15134.75,1228.36,2026-08-15T01:29:45+09:00
2014-03-07,NT倍率,12.35,15274.07,1236.97,2026-08-15T01:29:45+09:00
2014-03-10,NT倍率,12.32,15120.14,1227.61,2026-08-15T01:29:45+09:00
2014-03-11,NT倍率,12.35,15224.11,1233.21,2026-08-15T01:29:45+09:00
2014-03-12,NT倍率,12.29,14830.39,1206.94,2026-08-15T01:29:45+09:00
2014-03-13,NT倍率,12.31,14815.98,1203.46,2026-08-15T01:29:45+09:00
2014-03-14,NT倍率,12.3,14327.66,1164.7,2026-08-15T01:29:45+09:00
2014-03-17,NT倍率,12.36,14277.67,1154.93,2026-08-15T01:29:45+09:00
2014-03-18,NT倍率,12.36,14411.27,1165.94,2026-08-15T01:29:45+09:00
2014-03-19,NT倍率,12.42,14462.52,1164.33,2026-08-15T01:29:45+09:00
2014-03-20,NT倍率,12.41,14224.23,1145.97,2026-08-15T01:29:45+09:00
2014-03-24,NT倍率,12.45,14475.3,1163.04,2026-08-15T01:29:45+09:00
2014-03-25,NT倍率,12.39,14423.19,1163.7,2026-08-15T01:29:45+09:00
2014-03-26,NT倍率,12.35,14477.16,1172.07,2026-08-15T01:29:45+09:00
2014-03-27,NT倍率,12.42,14622.89,1176.9,2026-08-15T01:29:45+09:00
2014-03-28,NT倍率,12.39,14696.03,1186.52,2026-08-15T01:29:45+09:00
2014-03-31,NT倍率,12.33,14827.83,1202.89,2026-08-15T01:29:45+09:00
2014-04-01,NT倍率,12.28,14791.99,1204.25,2026-08-15T01:29:45+09:00
2014-04-02,NT倍率,12.34,14946.32,1211.36,2026-08-15T01:29:45+09:00
2014-04-03,NT倍率,12.39,15071.88,1216.77,2026-08-15T01:29:45+09:00
2014-04-04,NT倍率,12.39,15063.77,1215.89,2026-08-15T01:29:45+09:00
2014-04-07,NT倍率,12.37,14808.85,1196.84,2026-08-15T01:29:45+09:00
2014-04-08,NT倍率,12.44,14606.88,1174.56,2026-08-15T01:29:45+09:00
2014-04-09,NT倍率,12.43,14299.69,1150.44,2026-08-15T01:29:45+09:00
2014-04-10,NT倍率,12.44,14300.12,1149.49,2026-08-15T01:29:45+09:00
2014-04-11,NT倍率,12.31,13960.05,1134.09,2026-08-15T01:29:45+09:00
2014-04-14,NT倍率,12.28,13910.16,1132.76,2026-08-15T01:29:45+09:00
2014-04-15,NT倍率,12.32,13996.81,1136.09,2026-08-15T01:29:45+09:00
2014-04-16,NT倍率,12.36,14417.68,1166.55,2026-08-15T01:29:45+09:00
2014-04-17,NT倍率,12.36,14417.53,1166.59,2026-08-15T01:29:45+09:00
2014-04-18,NT倍率,12.37,14516.27,1173.37,2026-08-15T01:29:45+09:00
2014-04-21,NT倍率,12.39,14512.38,1171.4,2026-08-15T01:29:45+09:00
2014-04-22,NT倍率,12.38,14388.77,1162.5,2026-08-15T01:29:45+09:00
2014-04-23,NT倍率,12.39,14546.27,1173.81,2026-08-15T01:29:45+09:00
2014-04-24,NT倍率,12.37,14404.99,1164.9,2026-08-15T01:29:45+09:00
2014-04-25,NT倍率,12.33,14429.26,1169.99,2026-08-15T01:29:45+09:00
2014-04-28,NT倍率,12.31,14288.23,1160.74,2026-08-15T01:29:45+09:00
2014-04-30,NT倍率,12.31,14304.11,1162.44,2026-08-15T01:29:45+09:00
2014-05-01,NT倍率,12.25,14485.13,1182.2,2026-08-15T01:29:45+09:00
2014-05-02,NT倍率,12.23,14457.51,1182.48,2026-08-15T01:29:45+09:00
2014-05-07,NT倍率,12.18,14033.45,1152.01,2026-08-15T01:29:45+09:00
2014-05-08,NT倍率,12.21,14163.78,1160.01,2026-08-15T01:29:45+09:00
2014-05-09,NT倍率,12.18,14199.59,1165.51,2026-08-15T01:29:45+09:00
2014-05-12,NT倍率,12.22,14149.52,1157.91,2026-08-15T01:29:45+09:00
2014-05-13,NT倍率,12.24,14425.44,1178.35,2026-08-15T01:29:45+09:00
2014-05-14,NT倍率,12.18,14405.76,1183.15,2026-08-15T01:29:45+09:00
2014-05-15,NT倍率,12.13,14298.21,1178.29,2026-08-15T01:29:45+09:00
2014-05-16,NT倍率,12.16,14096.59,1159.07,2026-08-15T01:29:45+09:00
2014-05-19,NT倍率,12.18,14006.44,1150.07,2026-08-15T01:29:45+09:00
2014-05-20,NT倍率,12.2,14075.25,1153.38,2026-08-15T01:29:45+09:00
2014-05-21,NT倍率,12.21,14042.17,1150.05,2026-08-15T01:29:45+09:00
2014-05-22,NT倍率,12.26,14337.79,1169.34,2026-08-15T01:29:45+09:00
2014-05-23,NT倍率,12.25,14462.17,1180.44,2026-08-15T01:29:45+09:00
2014-05-26,NT倍率,12.22,14602.52,1194.69,2026-08-15T01:29:45+09:00
2014-05-27,NT倍率,12.25,14636.52,1195.11,2026-08-15T01:29:45+09:00
2014-05-28,NT倍率,12.24,14670.95,1198.17,2026-08-15T01:29:45+09:00
2014-05-29,NT倍率,12.23,14681.72,1200.68,2026-08-15T01:29:45+09:00
2014-05-30,NT倍率,12.18,14632.38,1201.41,2026-08-15T01:29:45+09:00
2014-06-02,NT倍率,12.24,14935.92,1220.47,2026-08-15T01:29:45+09:00
2014-06-03,NT倍率,12.24,15034.25,1228.59,2026-08-15T01:29:45+09:00
2014-06-04,NT倍率,12.21,15067.96,1233.95,2026-08-15T01:29:45+09:00
2014-06-05,NT倍率,12.23,15079.37,1232.75,2026-08-15T01:29:45+09:00
2014-06-06,NT倍率,12.21,15077.24,1234.57,2026-08-15T01:29:45+09:00
2014-06-09,NT倍率,12.25,15124.0,1234.78,2026-08-15T01:29:45+09:00
2014-06-10,NT倍率,12.2,14994.8,1228.73,2026-08-15T01:29:45+09:00
2014-06-11,NT倍率,12.16,15069.48,1239.07,2026-08-15T01:29:45+09:00
2014-06-12,NT倍率,12.1,14973.53,1237.75,2026-08-15T01:29:45+09:00
2014-06-13,NT倍率,12.14,15097.84,1243.97,2026-08-15T01:29:45+09:00
2014-06-16,NT倍率,12.09,14933.29,1234.68,2026-08-15T01:29:45+09:00
2014-06-17,NT倍率,12.09,14975.97,1238.2,2026-08-15T01:29:45+09:00
2014-06-18,NT倍率,12.1,15115.8,1249.15,2026-08-15T01:29:45+09:00
2014-06-19,NT倍率,12.1,15361.16,1269.04,2026-08-15T01:29:45+09:00
2014-06-20,NT倍率,12.1,15349.42,1268.92,2026-08-15T01:29:45+09:00
2014-06-23,NT倍率,12.13,15369.28,1267.48,2026-08-15T01:29:45+09:00
2014-06-24,NT倍率,12.12,15376.24,1268.5,2026-08-15T01:29:45+09:00
2014-06-25,NT倍率,12.11,15266.61,1260.83,2026-08-15T01:29:45+09:00
2014-06-26,NT倍率,12.12,15308.49,1263.43,2026-08-15T01:29:45+09:00
2014-06-27,NT倍率,12.05,15095.0,1253.15,2026-08-15T01:29:45+09:00
2014-06-30,NT倍率,12.01,15162.1,1262.56,2026-08-15T01:29:45+09:00
2014-07-01,NT倍率,12.01,15326.2,1276.08,2026-08-15T01:29:45+09:00
2014-07-02,NT倍率,12.0,15369.97,1280.78,2026-08-15T01:29:45+09:00
2014-07-03,NT倍率,12.0,15348.29,1278.59,2026-08-15T01:29:45+09:00
2014-07-04,NT倍率,12.01,15437.13,1285.24,2026-08-15T01:29:45+09:00
2014-07-07,NT倍率,12.02,15379.44,1279.87,2026-08-15T01:29:45+09:00
2014-07-08,NT倍率,12.0,15314.41,1275.7,2026-08-15T01:29:45+09:00
2014-07-09,NT倍率,12.04,15302.65,1270.82,2026-08-15T01:29:45+09:00
2014-07-10,NT倍率,12.08,15216.47,1259.25,2026-08-15T01:29:45+09:00
2014-07-11,NT倍率,12.08,15164.04,1255.19,2026-08-15T01:29:45+09:00
2014-07-14,NT倍率,12.09,15296.82,1265.46,2026-08-15T01:29:45+09:00
2014-07-15,NT倍率,12.09,15395.16,1273.68,2026-08-15T01:29:45+09:00
2014-07-16,NT倍率,12.08,15379.3,1273.59,2026-08-15T01:29:45+09:00
2014-07-17,NT倍率,12.07,15370.26,1273.38,2026-08-15T01:29:45+09:00
2014-07-18,NT倍率,12.04,15215.71,1263.29,2026-08-15T01:29:45+09:00
2014-07-22,NT倍率,12.05,15343.28,1273.27,2026-08-15T01:29:45+09:00
2014-07-23,NT倍率,12.05,15328.56,1272.39,2026-08-15T01:29:45+09:00
2014-07-24,NT倍率,12.04,15284.42,1269.86,2026-08-15T01:29:45+09:00
2014-07-25,NT倍率,12.06,15457.87,1281.35,2026-08-15T01:29:45+09:00
2014-07-28,NT倍率,12.08,15529.4,1286.07,2026-08-15T01:29:45+09:00
2014-07-29,NT倍率,12.1,15618.07,1290.41,2026-08-15T01:29:45+09:00
2014-07-30,NT倍率,12.11,15646.23,1292.24,2026-08-15T01:29:45+09:00
2014-07-31,NT倍率,12.11,15620.77,1289.42,2026-08-15T01:29:45+09:00
2014-08-01,NT倍率,12.12,15523.11,1281.3,2026-08-15T01:29:45+09:00
2014-08-04,NT倍率,12.13,15474.5,1276.19,2026-08-15T01:29:45+09:00
2014-08-05,NT倍率,12.13,15320.31,1263.53,2026-08-15T01:29:45+09:00
2014-08-06,NT倍率,12.12,15159.79,1251.29,2026-08-15T01:29:45+09:00
2014-08-07,NT倍率,12.11,15232.37,1258.12,2026-08-15T01:29:45+09:00
2014-08-08,NT倍率,12.03,14778.37,1228.26,2026-08-15T01:29:45+09:00
2014-08-11,NT倍率,12.08,15130.52,1252.51,2026-08-15T01:29:45+09:00
2014-08-12,NT倍率,12.05,15161.31,1257.69,2026-08-15T01:29:45+09:00
2014-08-13,NT倍率,12.05,15213.63,1262.13,2026-08-15T01:29:45+09:00
2014-08-14,NT倍率,12.05,15314.57,1270.5,2026-08-15T01:29:45+09:00
2014-08-15,NT倍率,12.06,15318.34,1270.68,2026-08-15T01:29:45+09:00
2014-08-18,NT倍率,12.05,15322.6,1271.26,2026-08-15T01:29:45+09:00
2014-08-19,NT倍率,12.07,15449.79,1280.29,2026-08-15T01:29:45+09:00
2014-08-20,NT倍率,12.08,15454.45,1279.64,2026-08-15T01:29:45+09:00
2014-08-21,NT倍率,12.07,15586.2,1291.19,2026-08-15T01:29:45+09:00
2014-08-22,NT倍率,12.08,15539.19,1286.07,2026-08-15T01:29:45+09:00
2014-08-25,NT倍率,12.09,15613.25,1291.31,2026-08-15T01:29:45+09:00
2014-08-26,NT倍率,12.08,15521.22,1285.01,2026-08-15T01:29:45+09:00
2014-08-27,NT倍率,12.08,15534.82,1285.92,2026-08-15T01:29:45+09:00
2014-08-28,NT倍率,12.07,15459.86,1280.74,2026-08-15T01:29:45+09:00
2014-08-29,NT倍率,12.07,15424.59,1277.97,2026-08-15T01:29:45+09:00
2014-09-01,NT倍率,12.06,15476.6,1283.06,2026-08-15T01:29:45+09:00
2014-09-02,NT倍率,12.08,15668.6,1297.0,2026-08-15T01:29:45+09:00
2014-09-03,NT倍率,12.08,15728.35,1301.52,2026-08-15T01:29:45+09:00
2014-09-04,NT倍率,12.09,15676.18,1296.39,2026-08-15T01:29:45+09:00
2014-09-05,NT倍率,12.12,15668.68,1293.21,2026-08-15T01:29:45+09:00
2014-09-08,NT倍率,12.09,15705.11,1298.64,2026-08-15T01:29:45+09:00
2014-09-09,NT倍率,12.12,15749.15,1299.62,2026-08-15T01:29:45+09:00
2014-09-10,NT倍率,12.08,15788.78,1306.79,2026-08-15T01:29:45+09:00
2014-09-11,NT倍率,12.13,15909.2,1311.24,2026-08-15T01:29:45+09:00
2014-09-12,NT倍率,12.14,15948.29,1313.72,2026-08-15T01:29:45+09:00
2014-09-16,NT倍率,12.14,15911.53,1310.86,2026-08-15T01:29:45+09:00
2014-09-17,NT倍率,12.18,15888.67,1304.96,2026-08-15T01:29:45+09:00
2014-09-18,NT倍率,12.19,16067.57,1317.91,2026-08-15T01:29:45+09:00
2014-09-19,NT倍率,12.25,16321.17,1331.91,2026-08-15T01:29:45+09:00
2014-09-22,NT倍率,12.18,16205.9,1330.88,2026-08-15T01:29:45+09:00
2014-09-24,NT倍率,12.19,16167.45,1326.18,2026-08-15T01:29:45+09:00
2014-09-25,NT倍率,12.16,16374.14,1346.43,2026-08-15T01:29:45+09:00
2014-09-26,NT倍率,12.19,16229.86,1331.95,2026-08-15T01:29:45+09:00
2014-09-29,NT倍率,12.2,16310.64,1337.3,2026-08-15T01:29:45+09:00
2014-09-30,NT倍率,12.19,16173.52,1326.29,2026-08-15T01:29:45+09:00
2014-10-01,NT倍率,12.2,16082.25,1318.21,2026-08-15T01:29:45+09:00
2014-10-02,NT倍率,12.23,15661.99,1280.15,2026-08-15T01:29:45+09:00
2014-10-03,NT倍率,12.25,15708.65,1282.54,2026-08-15T01:29:45+09:00
2014-10-06,NT倍率,12.26,15890.95,1296.4,2026-08-15T01:29:45+09:00
2014-10-07,NT倍率,12.23,15783.83,1290.89,2026-08-15T01:29:45+09:00
2014-10-08,NT倍率,12.23,15595.98,1274.85,2026-08-15T01:29:45+09:00
2014-10-09,NT倍率,12.28,15478.93,1260.78,2026-08-15T01:29:45+09:00
2014-10-10,NT倍率,12.31,15300.55,1243.09,2026-08-15T01:29:45+09:00
2014-10-14,NT倍率,12.3,14936.51,1214.27,2026-08-15T01:29:45+09:00
2014-10-15,NT倍率,12.32,15073.52,1223.67,2026-08-15T01:29:45+09:00
2014-10-16,NT倍率,12.33,14738.38,1195.5,2026-08-15T01:29:45+09:00
2014-10-17,NT倍率,12.34,14532.51,1177.22,2026-08-15T01:29:45+09:00
2014-10-20,NT倍率,12.34,15111.23,1224.34,2026-08-15T01:29:45+09:00
2014-10-21,NT倍率,12.28,14804.28,1205.36,2026-08-15T01:29:45+09:00
2014-10-22,NT倍率,12.29,15195.77,1236.41,2026-08-15T01:29:45+09:00
2014-10-23,NT倍率,12.28,15138.96,1232.34,2026-08-15T01:29:45+09:00
2014-10-24,NT倍率,12.31,15291.64,1242.32,2026-08-15T01:29:45+09:00
2014-10-27,NT倍率,12.27,15388.72,1254.28,2026-08-15T01:29:45+09:00
2014-10-28,NT倍率,12.24,15329.91,1252.0,2026-08-15T01:29:45+09:00
2014-10-29,NT倍率,12.24,15553.91,1270.64,2026-08-15T01:29:45+09:00
2014-10-30,NT倍率,12.24,15658.2,1278.9,2026-08-15T01:29:45+09:00
2014-10-31,NT倍率,12.31,16413.76,1333.64,2026-08-15T01:29:45+09:00
2014-11-04,NT倍率,12.32,16862.47,1368.65,2026-08-15T01:29:45+09:00
2014-11-05,NT倍率,12.35,16937.32,1371.76,2026-08-15T01:29:45+09:00
2014-11-06,NT倍率,12.38,16792.48,1356.35,2026-08-15T01:29:45+09:00
2014-11-07,NT倍率,12.38,16880.38,1363.67,2026-08-15T01:29:45+09:00
2014-11-10,NT倍率,12.34,16780.53,1360.11,2026-08-15T01:29:45+09:00
2014-11-11,NT倍率,12.45,17124.11,1375.21,2026-08-15T01:29:45+09:00
2014-11-12,NT倍率,12.49,17197.05,1377.05,2026-08-15T01:29:45+09:00
2014-11-13,NT倍率,12.52,17392.79,1389.51,2026-08-15T01:29:45+09:00
2014-11-14,NT倍率,12.49,17490.83,1400.41,2026-08-15T01:29:45+09:00
2014-11-17,NT倍率,12.42,16973.8,1366.13,2026-08-15T01:29:45+09:00
2014-11-18,NT倍率,12.43,17344.06,1394.88,2026-08-15T01:29:45+09:00
2014-11-19,NT倍率,12.38,17288.75,1396.54,2026-08-15T01:29:45+09:00
2014-11-20,NT倍率,12.38,17300.86,1397.64,2026-08-15T01:29:45+09:00
2014-11-21,NT倍率,12.4,17357.51,1400.18,2026-08-15T01:29:45+09:00
2014-11-25,NT倍率,12.35,17407.62,1409.15,2026-08-15T01:29:45+09:00
2014-11-26,NT倍率,12.36,17383.58,1406.4,2026-08-15T01:29:45+09:00
2014-11-27,NT倍率,12.39,17248.5,1391.9,2026-08-15T01:29:45+09:00
2014-11-28,NT倍率,12.38,17459.85,1410.34,2026-08-15T01:29:45+09:00
2014-12-01,NT倍率,12.37,17590.1,1421.65,2026-08-15T01:29:45+09:00
2014-12-02,NT倍率,12.37,17663.22,1427.85,2026-08-15T01:29:45+09:00
2014-12-03,NT倍率,12.39,17720.43,1429.75,2026-08-15T01:29:45+09:00
2014-12-04,NT倍率,12.42,17887.21,1440.6,2026-08-15T01:29:45+09:00
2014-12-05,NT倍率,12.4,17920.45,1445.67,2026-08-15T01:29:45+09:00
2014-12-08,NT倍率,12.39,17935.64,1447.58,2026-08-15T01:29:45+09:00
2014-12-09,NT倍率,12.4,17813.38,1436.09,2026-08-15T01:29:45+09:00
2014-12-10,NT倍率,12.38,17412.58,1406.83,2026-08-15T01:29:45+09:00
2014-12-11,NT倍率,12.35,17257.4,1397.04,2026-08-15T01:29:45+09:00
2014-12-12,NT倍率,12.41,17371.58,1399.65,2026-08-15T01:29:45+09:00
2014-12-15,NT倍率,12.4,17099.4,1379.29,2026-08-15T01:29:45+09:00
2014-12-16,NT倍率,12.38,16755.32,1353.37,2026-08-15T01:29:45+09:00
2014-12-17,NT倍率,12.44,16819.73,1352.01,2026-08-15T01:29:45+09:00
2014-12-18,NT倍率,12.5,17210.05,1376.32,2026-08-15T01:29:45+09:00
2014-12-19,NT倍率,12.5,17621.4,1409.61,2026-08-15T01:29:45+09:00
2014-12-22,NT倍率,12.48,17635.14,1413.05,2026-08-15T01:29:45+09:00
2014-12-24,NT倍率,12.52,17854.23,1426.02,2026-08-15T01:29:45+09:00
2014-12-25,NT倍率,12.53,17808.75,1421.26,2026-08-15T01:29:45+09:00
2014-12-26,NT倍率,12.48,17818.96,1427.5,2026-08-15T01:29:45+09:00
2014-12-29,NT倍率,12.44,17729.84,1424.67,2026-08-15T01:29:45+09:00
2014-12-30,NT倍率,12.4,17450.77,1407.51,2026-08-15T01:29:45+09:00
2015-01-05,NT倍率,12.43,17408.71,1401.09,2026-08-15T01:29:45+09:00
2015-01-06,NT倍率,12.4,16883.19,1361.14,2026-08-15T01:29:45+09:00
2015-01-07,NT倍率,12.42,16885.33,1359.8,2026-08-15T01:29:45+09:00
2015-01-08,NT倍率,12.46,17167.1,1377.67,2026-08-15T01:29:45+09:00
2015-01-09,NT倍率,12.46,17197.73,1380.58,2026-08-15T01:29:45+09:00
2015-01-13,NT倍率,12.43,17087.71,1374.69,2026-08-15T01:29:45+09:00
2015-01-14,NT倍率,12.37,16795.96,1357.98,2026-08-15T01:29:45+09:00
2015-01-15,NT倍率,12.43,17108.7,1376.6,2026-08-15T01:29:45+09:00
2015-01-16,NT倍率,12.37,16864.16,1363.73,2026-08-15T01:29:45+09:00
2015-01-19,NT倍率,12.4,17014.29,1372.41,2026-08-15T01:29:45+09:00
2015-01-20,NT倍率,12.43,17366.3,1397.63,2026-08-15T01:29:45+09:00
2015-01-21,NT倍率,12.43,17280.48,1390.61,2026-08-15T01:29:45+09:00
2015-01-22,NT倍率,12.47,17329.02,1389.43,2026-08-15T01:29:45+09:00
2015-01-23,NT倍率,12.48,17511.75,1403.22,2026-08-15T01:29:45+09:00
2015-01-26,NT倍率,12.46,17468.52,1402.08,2026-08-15T01:29:45+09:00
2015-01-27,NT倍率,12.46,17768.3,1426.38,2026-08-15T01:29:45+09:00
2015-01-28,NT倍率,12.45,17795.73,1429.92,2026-08-15T01:29:45+09:00
2015-01-29,NT倍率,12.46,17606.22,1413.58,2026-08-15T01:29:45+09:00
2015-01-30,NT倍率,12.49,17674.39,1415.07,2026-08-15T01:29:45+09:00
2015-02-02,NT倍率,12.46,17558.04,1408.75,2026-08-15T01:29:45+09:00
2015-02-03,NT倍率,12.45,17335.85,1392.39,2026-08-15T01:29:45+09:00
2015-02-04,NT倍率,12.48,17678.74,1417.0,2026-08-15T01:29:45+09:00
2015-02-05,NT倍率,12.41,17504.62,1410.11,2026-08-15T01:29:45+09:00
2015-02-06,NT倍率,12.45,17648.5,1417.19,2026-08-15T01:29:45+09:00
2015-02-09,NT倍率,12.43,17711.93,1424.92,2026-08-15T01:29:45+09:00
2015-02-10,NT倍率,12.36,17652.68,1427.72,2026-08-15T01:29:45+09:00
2015-02-12,NT倍率,12.41,17979.72,1449.39,2026-08-15T01:29:45+09:00
2015-02-13,NT倍率,12.36,17913.36,1449.38,2026-08-15T01:29:45+09:00
2015-02-16,NT倍率,12.34,18004.77,1459.43,2026-08-15T01:29:45+09:00
2015-02-17,NT倍率,12.3,17987.09,1462.07,2026-08-15T01:29:45+09:00
2015-02-18,NT倍率,12.27,18199.17,1482.67,2026-08-15T01:29:45+09:00
2015-02-19,NT倍率,12.22,18264.79,1494.93,2026-08-15T01:29:45+09:00
2015-02-20,NT倍率,12.22,18332.3,1500.33,2026-08-15T01:29:45+09:00
2015-02-23,NT倍率,12.29,18466.92,1502.83,2026-08-15T01:29:45+09:00
2015-02-24,NT倍率,12.33,18603.48,1508.28,2026-08-15T01:29:45+09:00
2015-02-25,NT倍率,12.33,18585.2,1507.62,2026-08-15T01:29:45+09:00
2015-02-26,NT倍率,12.35,18785.79,1521.68,2026-08-15T01:29:45+09:00
2015-02-27,NT倍率,12.34,18797.94,1523.85,2026-08-15T01:29:45+09:00
2015-03-02,NT倍率,12.35,18826.88,1524.97,2026-08-15T01:29:45+09:00
2015-03-03,NT倍率,12.32,18815.16,1526.83,2026-08-15T01:29:45+09:00
2015-03-04,NT倍率,12.33,18703.6,1517.01,2026-08-15T01:29:45+09:00
2015-03-05,NT倍率,12.31,18751.84,1523.72,2026-08-15T01:29:45+09:00
2015-03-06,NT倍率,12.31,18971.0,1540.84,2026-08-15T01:29:45+09:00
2015-03-09,NT倍率,12.27,18790.55,1531.76,2026-08-15T01:29:45+09:00
2015-03-10,NT倍率,12.24,18665.11,1524.75,2026-08-15T01:29:45+09:00
2015-03-11,NT倍率,12.27,18723.52,1525.67,2026-08-15T01:29:45+09:00
2015-03-12,NT倍率,12.28,18991.11,1546.63,2026-08-15T01:29:45+09:00
2015-03-13,NT倍率,12.34,19254.25,1560.33,2026-08-15T01:29:45+09:00
2015-03-16,NT倍率,12.35,19246.06,1558.21,2026-08-15T01:29:45+09:00
2015-03-17,NT倍率,12.38,19437.0,1570.5,2026-08-15T01:29:45+09:00
2015-03-18,NT倍率,12.35,19544.48,1582.46,2026-08-15T01:29:45+09:00
2015-03-19,NT倍率,12.36,19476.56,1575.81,2026-08-15T01:29:45+09:00
2015-03-20,NT倍率,12.38,19560.22,1580.51,2026-08-15T01:29:45+09:00
2015-03-23,NT倍率,12.41,19754.36,1592.25,2026-08-15T01:29:45+09:00
2015-03-24,NT倍率,12.42,19713.45,1587.59,2026-08-15T01:29:45+09:00
2015-03-25,NT倍率,12.4,19746.2,1592.01,2026-08-15T01:29:45+09:00
2015-03-26,NT倍率,12.41,19471.12,1568.82,2026-08-15T01:29:45+09:00
2015-03-27,NT倍率,12.42,19285.63,1552.78,2026-08-15T01:29:45+09:00
2015-03-30,NT倍率,12.46,19411.4,1557.77,2026-08-15T01:29:45+09:00
2015-03-31,NT倍率,12.45,19206.99,1543.11,2026-08-15T01:29:45+09:00
2015-04-01,NT倍率,12.45,19034.84,1528.99,2026-08-15T01:29:45+09:00
2015-04-02,NT倍率,12.43,19312.79,1554.17,2026-08-15T01:29:45+09:00
2015-04-03,NT倍率,12.43,19435.08,1564.16,2026-08-15T01:29:45+09:00
2015-04-06,NT倍率,12.43,19397.98,1560.71,2026-08-15T01:29:45+09:00
2015-04-07,NT倍率,12.44,19640.54,1578.55,2026-08-15T01:29:45+09:00
2015-04-08,NT倍率,12.46,19789.81,1588.47,2026-08-15T01:29:45+09:00
2015-04-09,NT倍率,12.51,19937.72,1594.19,2026-08-15T01:29:45+09:00
2015-04-10,NT倍率,12.52,19907.63,1589.54,2026-08-15T01:29:45+09:00
2015-04-13,NT倍率,12.55,19905.46,1586.26,2026-08-15T01:29:45+09:00
2015-04-14,NT倍率,12.51,19908.68,1590.82,2026-08-15T01:29:45+09:00
2015-04-15,NT倍率,12.51,19869.76,1588.81,2026-08-15T01:29:45+09:00
2015-04-16,NT倍率,12.43,19885.77,1599.42,2026-08-15T01:29:45+09:00
2015-04-17,NT倍率,12.37,19652.88,1588.69,2026-08-15T01:29:45+09:00
2015-04-20,NT倍率,12.41,19634.49,1582.68,2026-08-15T01:29:45+09:00
2015-04-21,NT倍率,12.37,19909.09,1608.88,2026-08-15T01:29:45+09:00
2015-04-22,NT倍率,12.41,20133.9,1621.79,2026-08-15T01:29:45+09:00
2015-04-23,NT倍率,12.42,20187.65,1624.87,2026-08-15T01:29:45+09:00
2015-04-24,NT倍率,12.37,20020.04,1618.84,2026-08-15T01:29:45+09:00
2015-04-27,NT倍率,12.34,19983.32,1619.07,2026-08-15T01:29:45+09:00
2015-04-28,NT倍率,12.33,20058.95,1627.43,2026-08-15T01:29:45+09:00
2015-04-30,NT倍率,12.26,19520.01,1592.79,2026-08-15T01:29:45+09:00
2015-05-01,NT倍率,12.32,19531.63,1585.61,2026-08-15T01:29:45+09:00
2015-05-07,NT倍率,12.25,19291.99,1574.64,2026-08-15T01:29:45+09:00
2015-05-08,NT倍率,12.21,19379.19,1587.76,2026-08-15T01:29:45+09:00
2015-05-11,NT倍率,12.28,19620.91,1598.33,2026-08-15T01:29:45+09:00
2015-05-12,NT倍率,12.25,19624.84,1602.27,2026-08-15T01:29:45+09:00
2015-05-13,NT倍率,12.32,19764.72,1604.21,2026-08-15T01:29:45+09:00
2015-05-14,NT倍率,12.3,19570.24,1591.49,2026-08-15T01:29:45+09:00
2015-05-15,NT倍率,12.28,19732.92,1607.11,2026-08-15T01:29:45+09:00
2015-05-18,NT倍率,12.23,19890.27,1626.66,2026-08-15T01:29:45+09:00
2015-05-19,NT倍率,12.26,20026.38,1633.33,2026-08-15T01:29:45+09:00
2015-05-20,NT倍率,12.29,20196.56,1643.4,2026-08-15T01:29:45+09:00
2015-05-21,NT倍率,12.27,20202.87,1646.8,2026-08-15T01:29:45+09:00
2015-05-22,NT倍率,12.3,20264.41,1647.85,2026-08-15T01:29:45+09:00
2015-05-25,NT倍率,12.3,20413.77,1659.15,2026-08-15T01:29:45+09:00
2015-05-26,NT倍率,12.31,20437.48,1659.57,2026-08-15T01:29:45+09:00
2015-05-27,NT倍率,12.32,20472.58,1661.33,2026-08-15T01:29:45+09:00
2015-05-28,NT倍率,12.29,20551.46,1672.76,2026-08-15T01:29:45+09:00
2015-05-29,NT倍率,12.29,20563.15,1673.65,2026-08-15T01:29:45+09:00
2015-06-01,NT倍率,12.25,20569.87,1678.56,2026-08-15T01:29:45+09:00
2015-06-02,NT倍率,12.27,20543.19,1674.21,2026-08-15T01:29:45+09:00
2015-06-03,NT倍率,12.26,20473.51,1669.99,2026-08-15T01:29:45+09:00
2015-06-04,NT倍率,12.24,20488.19,1673.89,2026-08-15T01:29:45+09:00
2015-06-05,NT倍率,12.27,20460.9,1667.06,2026-08-15T01:29:45+09:00
2015-06-08,NT倍率,12.31,20457.19,1661.99,2026-08-15T01:29:45+09:00
2015-06-09,NT倍率,12.3,20096.3,1634.37,2026-08-15T01:29:45+09:00
2015-06-10,NT倍率,12.31,20046.36,1628.23,2026-08-15T01:29:45+09:00
2015-06-11,NT倍率,12.36,20382.97,1648.88,2026-08-15T01:29:45+09:00
2015-06-12,NT倍率,12.36,20407.08,1651.48,2026-08-15T01:29:45+09:00
2015-06-15,NT倍率,12.34,20387.79,1651.92,2026-08-15T01:29:45+09:00
2015-06-16,NT倍率,12.35,20257.94,1639.86,2026-08-15T01:29:45+09:00
2015-06-17,NT倍率,12.38,20219.27,1633.7,2026-08-15T01:29:45+09:00
2015-06-18,NT倍率,12.37,19990.82,1616.66,2026-08-15T01:29:45+09:00
2015-06-19,NT倍率,12.37,20174.24,1631.01,2026-08-15T01:29:45+09:00
2015-06-22,NT倍率,12.39,20428.19,1648.61,2026-08-15T01:29:45+09:00
2015-06-23,NT倍率,12.41,20809.42,1676.4,2026-08-15T01:29:45+09:00
2015-06-24,NT倍率,12.42,20868.03,1679.89,2026-08-15T01:29:45+09:00
2015-06-25,NT倍率,12.43,20771.4,1670.91,2026-08-15T01:29:45+09:00
2015-06-26,NT倍率,12.42,20706.15,1667.03,2026-08-15T01:29:45+09:00
2015-06-29,NT倍率,12.38,20109.95,1624.82,2026-08-15T01:29:45+09:00
2015-06-30,NT倍率,12.41,20235.73,1630.4,2026-08-15T01:29:45+09:00
2015-07-01,NT倍率,12.42,20329.32,1636.41,2026-08-15T01:29:45+09:00
2015-07-02,NT倍率,12.45,20522.5,1648.24,2026-08-15T01:29:45+09:00
2015-07-03,NT倍率,12.43,20539.79,1652.09,2026-08-15T01:29:45+09:00
2015-07-06,NT倍率,12.41,20112.12,1620.36,2026-08-15T01:29:45+09:00
2015-07-07,NT倍率,12.45,20376.59,1637.23,2026-08-15T01:29:45+09:00
2015-07-08,NT倍率,12.47,19737.64,1582.48,2026-08-15T01:29:45+09:00
2015-07-09,NT倍率,12.57,19855.5,1579.89,2026-08-15T01:29:45+09:00
2015-07-10,NT倍率,12.49,19779.83,1583.55,2026-08-15T01:29:45+09:00
2015-07-13,NT倍率,12.45,20089.77,1613.51,2026-08-15T01:29:45+09:00
2015-07-14,NT倍率,12.44,20385.33,1638.71,2026-08-15T01:29:45+09:00
2015-07-15,NT倍率,12.43,20463.33,1646.41,2026-08-15T01:29:45+09:00
2015-07-16,NT倍率,12.4,20600.12,1660.83,2026-08-15T01:29:45+09:00
2015-07-17,NT倍率,12.42,20650.92,1662.94,2026-08-15T01:29:45+09:00
2015-07-21,NT倍率,12.45,20841.97,1673.88,2026-08-15T01:29:45+09:00
2015-07-22,NT倍率,12.44,20593.67,1655.37,2026-08-15T01:29:45+09:00
2015-07-23,NT倍率,12.42,20683.95,1664.88,2026-08-15T01:29:45+09:00
2015-07-24,NT倍率,12.41,20544.53,1655.86,2026-08-15T01:29:45+09:00
2015-07-27,NT倍率,12.42,20350.1,1637.9,2026-08-15T01:29:45+09:00
2015-07-28,NT倍率,12.48,20328.89,1629.46,2026-08-15T01:29:45+09:00
2015-07-29,NT倍率,12.43,20302.91,1633.94,2026-08-15T01:29:45+09:00
2015-07-30,NT倍率,12.46,20522.83,1647.21,2026-08-15T01:29:45+09:00
2015-07-31,NT倍率,12.4,20585.24,1659.52,2026-08-15T01:29:45+09:00
2015-08-03,NT倍率,12.38,20548.11,1659.6,2026-08-15T01:29:45+09:00
2015-08-04,NT倍率,12.36,20520.36,1659.83,2026-08-15T01:29:45+09:00
2015-08-05,NT倍率,12.37,20614.06,1665.85,2026-08-15T01:29:45+09:00
2015-08-06,NT倍率,12.35,20664.44,1673.58,2026-08-15T01:29:45+09:00
2015-08-07,NT倍率,12.34,20724.56,1679.19,2026-08-15T01:29:45+09:00
2015-08-10,NT倍率,12.3,20808.69,1691.29,2026-08-15T01:29:45+09:00
2015-08-11,NT倍率,12.28,20720.75,1687.6,2026-08-15T01:29:45+09:00
2015-08-12,NT倍率,12.24,20392.77,1665.75,2026-08-15T01:29:45+09:00
2015-08-13,NT倍率,12.35,20595.55,1667.95,2026-08-15T01:29:45+09:00
2015-08-14,NT倍率,12.33,20519.45,1664.46,2026-08-15T01:29:45+09:00
2015-08-17,NT倍率,12.33,20620.26,1672.87,2026-08-15T01:29:45+09:00
2015-08-18,NT倍率,12.29,20554.47,1672.22,2026-08-15T01:29:45+09:00
2015-08-19,NT倍率,12.27,20222.63,1648.48,2026-08-15T01:29:45+09:00
2015-08-20,NT倍率,12.34,20033.52,1623.88,2026-08-15T01:29:45+09:00
2015-08-21,NT倍率,12.36,19435.83,1573.01,2026-08-15T01:29:45+09:00
2015-08-24,NT倍率,12.52,18540.68,1480.87,2026-08-15T01:29:45+09:00
2015-08-25,NT倍率,12.43,17806.7,1432.65,2026-08-15T01:29:45+09:00
2015-08-26,NT倍率,12.43,18376.83,1478.97,2026-08-15T01:29:45+09:00
2015-08-27,NT倍率,12.38,18574.44,1500.41,2026-08-15T01:29:45+09:00
2015-08-28,NT倍率,12.35,19136.32,1549.8,2026-08-15T01:29:45+09:00
2015-08-31,NT倍率,12.29,18890.48,1537.05,2026-08-15T01:29:45+09:00
2015-09-01,NT倍率,12.29,18165.69,1478.11,2026-08-15T01:29:45+09:00
2015-09-02,NT倍率,12.34,18095.4,1465.99,2026-08-15T01:29:45+09:00
2015-09-03,NT倍率,12.33,18182.39,1474.98,2026-08-15T01:29:45+09:00
2015-09-04,NT倍率,12.32,17792.16,1444.53,2026-08-15T01:29:45+09:00
2015-09-07,NT倍率,12.35,17860.47,1445.65,2026-08-15T01:29:45+09:00
2015-09-08,NT倍率,12.3,17427.08,1416.71,2026-08-15T01:29:45+09:00
2015-09-09,NT倍率,12.45,18770.51,1507.37,2026-08-15T01:29:45+09:00
2015-09-10,NT倍率,12.37,18299.62,1479.52,2026-08-15T01:29:45+09:00
2015-09-11,NT倍率,12.34,18264.22,1480.23,2026-08-15T01:29:45+09:00
2015-09-14,NT倍率,12.28,17965.7,1462.41,2026-08-15T01:29:45+09:00
2015-09-15,NT倍率,12.33,18026.48,1462.24,2026-08-15T01:29:45+09:00
2015-09-16,NT倍率,12.34,18171.6,1472.6,2026-08-15T01:29:45+09:00
2015-09-17,NT倍率,12.35,18432.27,1491.91,2026-08-15T01:29:45+09:00
2015-09-18,NT倍率,12.36,18070.21,1462.38,2026-08-15T01:29:45+09:00
2015-09-24,NT倍率,12.31,17571.83,1426.97,2026-08-15T01:29:45+09:00
2015-09-25,NT倍率,12.3,17880.51,1453.81,2026-08-15T01:29:45+09:00
2015-09-28,NT倍率,12.26,17645.11,1438.67,2026-08-15T01:29:45+09:00
2015-09-29,NT倍率,12.31,16930.84,1375.52,2026-08-15T01:29:45+09:00
2015-09-30,NT倍率,12.32,17388.15,1411.16,2026-08-15T01:29:45+09:00
2015-10-01,NT倍率,12.28,17722.42,1442.74,2026-08-15T01:29:45+09:00
2015-10-02,NT倍率,12.27,17725.13,1444.92,2026-08-15T01:29:45+09:00
2015-10-05,NT倍率,12.3,18005.49,1463.92,2026-08-15T01:29:45+09:00
2015-10-06,NT倍率,12.32,18186.1,1475.84,2026-08-15T01:29:45+09:00
2015-10-07,NT倍率,12.27,18322.98,1493.17,2026-08-15T01:29:45+09:00
2015-10-08,NT倍率,12.25,18141.17,1481.4,2026-08-15T01:29:45+09:00
2015-10-09,NT倍率,12.17,18438.67,1515.13,2026-08-15T01:29:45+09:00
2015-10-13,NT倍率,12.13,18234.74,1503.13,2026-08-15T01:29:45+09:00
2015-10-14,NT倍率,12.16,17891.0,1470.83,2026-08-15T01:29:45+09:00
2015-10-15,NT倍率,12.14,18096.9,1490.72,2026-08-15T01:29:45+09:00
2015-10-16,NT倍率,12.15,18291.8,1505.84,2026-08-15T01:29:45+09:00
2015-10-19,NT倍率,12.13,18131.23,1494.75,2026-08-15T01:29:45+09:00
2015-10-20,NT倍率,12.14,18207.15,1499.28,2026-08-15T01:29:45+09:00
2015-10-21,NT倍率,12.15,18554.28,1526.81,2026-08-15T01:29:45+09:00
2015-10-22,NT倍率,12.14,18435.87,1518.22,2026-08-15T01:29:45+09:00
2015-10-23,NT倍率,12.16,18825.3,1547.84,2026-08-15T01:29:45+09:00
2015-10-26,NT倍率,12.15,18947.12,1558.99,2026-08-15T01:29:45+09:00
2015-10-27,NT倍率,12.17,18777.04,1543.11,2026-08-15T01:29:45+09:00
2015-10-28,NT倍率,12.22,18903.02,1547.19,2026-08-15T01:29:45+09:00
2015-10-29,NT倍率,12.24,18935.71,1547.11,2026-08-15T01:29:45+09:00
2015-10-30,NT倍率,12.25,19083.1,1558.2,2026-08-15T01:29:45+09:00
2015-11-02,NT倍率,12.24,18683.24,1526.97,2026-08-15T01:29:45+09:00
2015-11-04,NT倍率,12.29,18926.91,1540.43,2026-08-15T01:29:45+09:00
2015-11-05,NT倍率,12.29,19116.41,1555.1,2026-08-15T01:29:45+09:00
2015-11-06,NT倍率,12.32,19265.6,1563.59,2026-08-15T01:29:45+09:00
2015-11-09,NT倍率,12.35,19642.74,1590.97,2026-08-15T01:29:45+09:00
2015-11-10,NT倍率,12.38,19671.26,1589.48,2026-08-15T01:29:45+09:00
2015-11-11,NT倍率,12.34,19691.39,1595.32,2026-08-15T01:29:45+09:00
2015-11-12,NT倍率,12.36,19697.77,1593.57,2026-08-15T01:29:45+09:00
2015-11-13,NT倍率,12.36,19596.91,1585.83,2026-08-15T01:29:45+09:00
2015-11-16,NT倍率,12.34,19393.69,1571.53,2026-08-15T01:29:45+09:00
2015-11-17,NT倍率,12.38,19630.63,1586.11,2026-08-15T01:29:45+09:00
2015-11-18,NT倍率,12.39,19649.18,1586.53,2026-08-15T01:29:45+09:00
2015-11-19,NT倍率,12.41,19859.81,1600.38,2026-08-15T01:29:45+09:00
2015-11-20,NT倍率,12.4,19879.81,1603.18,2026-08-15T01:29:45+09:00
2015-11-24,NT倍率,12.41,19924.89,1605.94,2026-08-15T01:29:45+09:00
2015-11-25,NT倍率,12.45,19847.58,1594.67,2026-08-15T01:29:45+09:00
2015-11-26,NT倍率,12.45,19944.41,1602.32,2026-08-15T01:29:45+09:00
2015-11-27,NT倍率,12.47,19883.94,1594.45,2026-08-15T01:29:45+09:00
2015-11-30,NT倍率,12.5,19747.47,1580.25,2026-08-15T01:29:45+09:00
2015-12-01,NT倍率,12.49,20012.4,1601.95,2026-08-15T01:29:45+09:00
2015-12-02,NT倍率,12.44,19938.13,1602.26,2026-08-15T01:29:45+09:00
2015-12-03,NT倍率,12.44,19939.9,1602.94,2026-08-15T01:29:45+09:00
2015-12-04,NT倍率,12.39,19504.48,1574.02,2026-08-15T01:29:45+09:00
2015-12-07,NT倍率,12.43,19698.15,1585.21,2026-08-15T01:29:45+09:00
2015-12-08,NT倍率,12.43,19492.6,1568.73,2026-08-15T01:29:45+09:00
2015-12-09,NT倍率,12.41,19301.07,1555.58,2026-08-15T01:29:45+09:00
2015-12-10,NT倍率,12.37,19046.55,1540.35,2026-08-15T01:29:45+09:00
2015-12-11,NT倍率,12.41,19230.48,1549.51,2026-08-15T01:29:45+09:00
2015-12-14,NT倍率,12.36,18883.42,1527.88,2026-08-15T01:29:45+09:00
2015-12-15,NT倍率,12.36,18565.9,1502.55,2026-08-15T01:29:45+09:00
2015-12-16,NT倍率,12.36,19049.91,1540.72,2026-08-15T01:29:45+09:00
2015-12-17,NT倍率,12.37,19353.56,1564.71,2026-08-15T01:29:45+09:00
2015-12-18,NT倍率,12.35,18986.8,1537.1,2026-08-15T01:29:45+09:00
2015-12-21,NT倍率,12.35,18916.02,1531.28,2026-08-15T01:29:45+09:00
2015-12-22,NT倍率,12.32,18886.7,1533.6,2026-08-15T01:29:45+09:00
2015-12-24,NT倍率,12.33,18789.69,1523.62,2026-08-15T01:29:45+09:00
2015-12-25,NT倍率,12.38,18769.06,1516.19,2026-08-15T01:29:45+09:00
2015-12-28,NT倍率,12.34,18873.35,1529.22,2026-08-15T01:29:45+09:00
2015-12-29,NT倍率,12.3,18982.23,1543.39,2026-08-15T01:29:45+09:00
2015-12-30,NT倍率,12.3,19033.71,1547.3,2026-08-15T01:29:45+09:00
2016-01-04,NT倍率,12.22,18450.98,1509.67,2026-08-15T01:29:45+09:00
2016-01-05,NT倍率,12.21,18374.0,1504.71,2026-08-15T01:29:45+09:00
2016-01-06,NT倍率,12.22,18191.32,1488.84,2026-08-15T01:29:45+09:00
2016-01-07,NT倍率,12.19,17767.34,1457.94,2026-08-15T01:29:45+09:00
2016-01-08,NT倍率,12.23,17697.96,1447.32,2026-08-15T01:29:45+09:00
2016-01-12,NT倍率,12.28,17218.96,1401.95,2026-08-15T01:29:45+09:00
2016-01-13,NT倍率,12.28,17715.63,1442.09,2026-08-15T01:29:45+09:00
2016-01-14,NT倍率,12.26,17240.95,1406.55,2026-08-15T01:29:45+09:00
2016-01-15,NT倍率,12.23,17147.11,1402.45,2026-08-15T01:29:45+09:00
2016-01-18,NT倍率,12.22,16955.57,1387.93,2026-08-15T01:29:45+09:00
2016-01-19,NT倍率,12.26,17048.37,1390.41,2026-08-15T01:29:45+09:00
2016-01-20,NT倍率,12.26,16416.19,1338.97,2026-08-15T01:29:45+09:00
2016-01-21,NT倍率,12.31,16017.26,1301.49,2026-08-15T01:29:45+09:00
2016-01-22,NT倍率,12.34,16958.53,1374.19,2026-08-15T01:29:45+09:00
2016-01-25,NT倍率,12.29,17110.91,1392.63,2026-08-15T01:29:45+09:00
2016-01-26,NT倍率,12.28,16708.9,1360.23,2026-08-15T01:29:45+09:00
2016-01-27,NT倍率,12.25,17163.92,1400.7,2026-08-15T01:29:45+09:00
2016-01-28,NT倍率,12.24,17041.45,1392.1,2026-08-15T01:29:45+09:00
2016-01-29,NT倍率,12.23,17518.3,1432.07,2026-08-15T01:29:45+09:00
2016-02-01,NT倍率,12.21,17865.23,1462.67,2026-08-15T01:29:45+09:00
2016-02-02,NT倍率,12.22,17750.68,1452.04,2026-08-15T01:29:45+09:00
2016-02-03,NT倍率,12.22,17191.25,1406.27,2026-08-15T01:29:45+09:00
2016-02-04,NT倍率,12.27,17044.99,1388.81,2026-08-15T01:29:45+09:00
2016-02-05,NT倍率,12.29,16819.59,1368.97,2026-08-15T01:29:45+09:00
2016-02-08,NT倍率,12.32,17004.3,1380.41,2026-08-15T01:29:45+09:00
2016-02-09,NT倍率,12.33,16085.44,1304.33,2026-08-15T01:29:45+09:00
2016-02-10,NT倍率,12.42,15713.39,1264.96,2026-08-15T01:29:45+09:00
2016-02-12,NT倍率,12.5,14952.61,1196.28,2026-08-15T01:29:45+09:00
2016-02-15,NT倍率,12.4,16022.58,1292.23,2026-08-15T01:29:45+09:00
2016-02-16,NT倍率,12.38,16054.43,1297.01,2026-08-15T01:29:45+09:00
2016-02-17,NT倍率,12.35,15836.36,1282.4,2026-08-15T01:29:45+09:00
2016-02-18,NT倍率,12.35,16196.8,1311.2,2026-08-15T01:29:45+09:00
2016-02-19,NT倍率,12.36,15967.17,1291.82,2026-08-15T01:29:45+09:00
2016-02-22,NT倍率,12.39,16111.05,1300.0,2026-08-15T01:29:45+09:00
2016-02-23,NT倍率,12.43,16052.05,1291.17,2026-08-15T01:29:45+09:00
2016-02-24,NT倍率,12.39,15915.79,1284.53,2026-08-15T01:29:45+09:00
2016-02-25,NT倍率,12.34,16140.34,1307.54,2026-08-15T01:29:45+09:00
2016-02-26,NT倍率,12.35,16188.41,1311.27,2026-08-15T01:29:45+09:00
2016-02-29,NT倍率,12.35,16026.76,1297.85,2026-08-15T01:29:45+09:00
2016-03-01,NT倍率,12.37,16085.51,1300.83,2026-08-15T01:29:45+09:00
2016-03-02,NT倍率,12.41,16746.55,1349.61,2026-08-15T01:29:45+09:00
2016-03-03,NT倍率,12.39,16960.16,1369.05,2026-08-15T01:29:45+09:00
2016-03-04,NT倍率,12.37,17014.78,1375.35,2026-08-15T01:29:45+09:00
2016-03-07,NT倍率,12.42,16911.32,1361.9,2026-08-15T01:29:45+09:00
2016-03-08,NT倍率,12.45,16783.15,1347.72,2026-08-15T01:29:45+09:00
2016-03-09,NT倍率,12.49,16642.2,1332.33,2026-08-15T01:29:45+09:00
2016-03-10,NT倍率,12.46,16852.35,1352.17,2026-08-15T01:29:45+09:00
2016-03-11,NT倍率,12.46,16938.87,1359.32,2026-08-15T01:29:45+09:00
2016-03-14,NT倍率,12.49,17233.75,1379.95,2026-08-15T01:29:45+09:00
2016-03-15,NT倍率,12.48,17117.07,1372.08,2026-08-15T01:29:45+09:00
2016-03-16,NT倍率,12.48,16974.45,1360.5,2026-08-15T01:29:45+09:00
2016-03-17,NT倍率,12.46,16936.38,1358.97,2026-08-15T01:29:45+09:00
2016-03-18,NT倍率,12.43,16724.81,1345.05,2026-08-15T01:29:45+09:00
2016-03-22,NT倍率,12.44,17048.55,1369.93,2026-08-15T01:29:45+09:00
2016-03-23,NT倍率,12.46,17000.98,1364.2,2026-08-15T01:29:45+09:00
2016-03-24,NT倍率,12.47,16892.33,1354.61,2026-08-15T01:29:45+09:00
2016-03-25,NT倍率,12.45,17002.75,1366.05,2026-08-15T01:29:45+09:00
2016-03-28,NT倍率,12.4,17134.37,1381.85,2026-08-15T01:29:45+09:00
2016-03-29,NT倍率,12.42,17103.53,1377.6,2026-08-15T01:29:45+09:00
2016-03-30,NT倍率,12.44,16878.96,1356.29,2026-08-15T01:29:45+09:00
2016-03-31,NT倍率,12.44,16758.67,1347.2,2026-08-15T01:29:45+09:00
2016-04-01,NT倍率,12.42,16164.16,1301.4,2026-08-15T01:29:45+09:00
2016-04-04,NT倍率,12.38,16123.27,1302.71,2026-08-15T01:29:45+09:00
2016-04-05,NT倍率,12.4,15732.82,1268.37,2026-08-15T01:29:45+09:00
2016-04-06,NT倍率,12.4,15715.36,1267.75,2026-08-15T01:29:45+09:00
2016-04-07,NT倍率,12.38,15749.84,1272.64,2026-08-15T01:29:45+09:00
2016-04-08,NT倍率,12.29,15821.52,1287.69,2026-08-15T01:29:45+09:00
2016-04-11,NT倍率,12.31,15751.13,1279.79,2026-08-15T01:29:45+09:00
2016-04-12,NT倍率,12.26,15928.79,1299.35,2026-08-15T01:29:45+09:00
2016-04-13,NT倍率,12.29,16381.22,1332.44,2026-08-15T01:29:45+09:00
2016-04-14,NT倍率,12.33,16911.05,1371.35,2026-08-15T01:29:45+09:00
2016-04-15,NT倍率,12.38,16848.03,1361.4,2026-08-15T01:29:45+09:00
2016-04-18,NT倍率,12.33,16275.95,1320.15,2026-08-15T01:29:45+09:00
2016-04-19,NT倍率,12.38,16874.44,1363.03,2026-08-15T01:29:45+09:00
2016-04-20,NT倍率,12.38,16906.54,1365.78,2026-08-15T01:29:45+09:00
2016-04-21,NT倍率,12.46,17363.62,1393.68,2026-08-15T01:29:45+09:00
2016-04-22,NT倍率,12.48,17572.49,1407.5,2026-08-15T01:29:45+09:00
2016-04-25,NT倍率,12.44,17439.3,1401.83,2026-08-15T01:29:45+09:00
2016-04-26,NT倍率,12.47,17353.28,1391.69,2026-08-15T01:29:45+09:00
2016-04-27,NT倍率,12.49,17290.49,1384.3,2026-08-15T01:29:45+09:00
2016-04-28,NT倍率,12.43,16666.05,1340.55,2026-08-15T01:29:45+09:00
2016-05-02,NT倍率,12.42,16147.38,1299.96,2026-08-15T01:29:45+09:00
2016-05-06,NT倍率,12.41,16106.72,1298.32,2026-08-15T01:29:45+09:00
2016-05-09,NT倍率,12.41,16216.03,1306.66,2026-08-15T01:29:45+09:00
2016-05-10,NT倍率,12.41,16565.19,1334.9,2026-08-15T01:29:45+09:00
2016-05-11,NT倍率,12.43,16579.01,1334.3,2026-08-15T01:29:45+09:00
2016-05-12,NT倍率,12.45,16646.34,1337.27,2026-08-15T01:29:45+09:00
2016-05-13,NT倍率,12.43,16412.21,1320.19,2026-08-15T01:29:45+09:00
2016-05-16,NT倍率,12.46,16466.4,1321.65,2026-08-15T01:29:45+09:00
2016-05-17,NT倍率,12.47,16652.8,1335.85,2026-08-15T01:29:45+09:00
2016-05-18,NT倍率,12.44,16644.69,1338.38,2026-08-15T01:29:45+09:00
2016-05-19,NT倍率,12.45,16646.66,1336.56,2026-08-15T01:29:45+09:00
2016-05-20,NT倍率,12.46,16736.35,1343.4,2026-08-15T01:29:45+09:00
2016-05-23,NT倍率,12.44,16654.6,1338.68,2026-08-15T01:29:45+09:00
2016-05-24,NT倍率,12.44,16498.76,1326.5,2026-08-15T01:29:45+09:00
2016-05-25,NT倍率,12.48,16757.35,1342.88,2026-08-15T01:29:45+09:00
2016-05-26,NT倍率,12.49,16772.46,1342.87,2026-08-15T01:29:45+09:00
2016-05-27,NT倍率,12.47,16834.84,1349.93,2026-08-15T01:29:45+09:00
2016-05-30,NT倍率,12.49,17068.02,1366.01,2026-08-15T01:29:45+09:00
2016-05-31,NT倍率,12.49,17234.98,1379.8,2026-08-15T01:29:45+09:00
2016-06-01,NT倍率,12.45,16955.73,1362.07,2026-08-15T01:29:45+09:00
2016-06-02,NT倍率,12.44,16562.55,1331.81,2026-08-15T01:29:45+09:00
2016-06-03,NT倍率,12.45,16642.23,1337.23,2026-08-15T01:29:45+09:00
2016-06-06,NT倍率,12.44,16580.03,1332.43,2026-08-15T01:29:45+09:00
2016-06-07,NT倍率,12.44,16675.45,1340.77,2026-08-15T01:29:45+09:00
2016-06-08,NT倍率,12.46,16830.92,1350.97,2026-08-15T01:29:45+09:00
2016-06-09,NT倍率,12.46,16668.41,1337.41,2026-08-15T01:29:45+09:00
2016-06-10,NT倍率,12.48,16601.36,1330.72,2026-08-15T01:29:45+09:00
2016-06-13,NT倍率,12.47,16019.18,1284.54,2026-08-15T01:29:45+09:00
2016-06-14,NT倍率,12.47,15859.0,1271.93,2026-08-15T01:29:45+09:00
2016-06-15,NT倍率,12.47,15919.58,1277.11,2026-08-15T01:29:45+09:00
2016-06-16,NT倍率,12.43,15434.14,1241.56,2026-08-15T01:29:45+09:00
2016-06-17,NT倍率,12.47,15599.66,1250.83,2026-08-15T01:29:45+09:00
2016-06-20,NT倍率,12.48,15965.3,1279.19,2026-08-15T01:29:45+09:00
2016-06-21,NT倍率,12.5,16169.11,1293.9,2026-08-15T01:29:45+09:00
2016-06-22,NT倍率,12.51,16065.72,1284.61,2026-08-15T01:29:45+09:00
2016-06-23,NT倍率,12.5,16238.35,1298.71,2026-08-15T01:29:45+09:00
2016-06-24,NT倍率,12.41,14952.02,1204.48,2026-08-15T01:29:45+09:00
2016-06-27,NT倍率,12.49,15309.21,1225.76,2026-08-15T01:29:45+09:00
2016-06-28,NT倍率,12.51,15323.14,1224.62,2026-08-15T01:29:45+09:00
2016-06-29,NT倍率,12.48,15566.83,1247.69,2026-08-15T01:29:45+09:00
2016-06-30,NT倍率,12.5,15575.92,1245.82,2026-08-15T01:29:45+09:00
2016-07-01,NT倍率,12.5,15682.48,1254.44,2026-08-15T01:29:45+09:00
2016-07-04,NT倍率,12.5,15775.8,1261.97,2026-08-15T01:29:45+09:00
2016-07-05,NT倍率,12.47,15669.33,1256.64,2026-08-15T01:29:45+09:00
2016-07-06,NT倍率,12.46,15378.99,1234.2,2026-08-15T01:29:45+09:00
2016-07-07,NT倍率,12.46,15276.24,1226.09,2026-08-15T01:29:45+09:00
2016-07-08,NT倍率,12.49,15106.98,1209.88,2026-08-15T01:29:45+09:00
2016-07-11,NT倍率,12.51,15708.82,1255.79,2026-08-15T01:29:45+09:00
2016-07-12,NT倍率,12.52,16095.65,1285.73,2026-08-15T01:29:45+09:00
2016-07-13,NT倍率,12.48,16231.43,1300.26,2026-08-15T01:29:45+09:00
2016-07-14,NT倍率,12.5,16385.89,1311.16,2026-08-15T01:29:45+09:00
2016-07-15,NT倍率,12.53,16497.85,1317.1,2026-08-15T01:29:45+09:00
2016-07-19,NT倍率,12.56,16723.31,1331.39,2026-08-15T01:29:45+09:00
2016-07-20,NT倍率,12.54,16681.89,1330.75,2026-08-15T01:29:45+09:00
2016-07-21,NT倍率,12.55,16810.22,1339.39,2026-08-15T01:29:45+09:00
2016-07-22,NT倍率,12.53,16627.25,1327.51,2026-08-15T01:29:45+09:00
2016-07-25,NT倍率,12.54,16620.29,1325.36,2026-08-15T01:29:45+09:00
2016-07-26,NT倍率,12.54,16383.04,1306.94,2026-08-15T01:29:45+09:00
2016-07-27,NT倍率,12.61,16664.82,1321.67,2026-08-15T01:29:45+09:00
2016-07-28,NT倍率,12.61,16476.84,1307.0,2026-08-15T01:29:45+09:00
2016-07-29,NT倍率,12.53,16569.27,1322.74,2026-08-15T01:29:45+09:00
2016-08-01,NT倍率,12.59,16635.77,1321.83,2026-08-15T01:29:45+09:00
2016-08-02,NT倍率,12.61,16391.45,1300.2,2026-08-15T01:29:45+09:00
2016-08-03,NT倍率,12.64,16083.11,1271.98,2026-08-15T01:29:45+09:00
2016-08-04,NT倍率,12.67,16254.89,1282.99,2026-08-15T01:29:45+09:00
2016-08-05,NT倍率,12.7,16254.45,1279.9,2026-08-15T01:29:45+09:00
2016-08-08,NT倍率,12.75,16650.57,1305.53,2026-08-15T01:29:45+09:00
2016-08-09,NT倍率,12.72,16764.97,1317.49,2026-08-15T01:29:45+09:00
2016-08-10,NT倍率,12.73,16735.12,1314.83,2026-08-15T01:29:45+09:00
2016-08-12,NT倍率,12.79,16919.92,1323.22,2026-08-15T01:29:45+09:00
2016-08-15,NT倍率,12.81,16869.56,1316.63,2026-08-15T01:29:45+09:00
2016-08-16,NT倍率,12.78,16596.51,1298.47,2026-08-15T01:29:45+09:00
2016-08-17,NT倍率,12.77,16745.64,1311.13,2026-08-15T01:29:45+09:00
2016-08-18,NT倍率,12.77,16486.01,1290.79,2026-08-15T01:29:45+09:00
2016-08-19,NT倍率,12.77,16545.82,1295.67,2026-08-15T01:29:45+09:00
2016-08-22,NT倍率,12.73,16598.19,1303.68,2026-08-15T01:29:45+09:00
2016-08-23,NT倍率,12.71,16497.36,1297.56,2026-08-15T01:29:45+09:00
2016-08-24,NT倍率,12.7,16597.3,1306.71,2026-08-15T01:29:45+09:00
2016-08-25,NT倍率,12.69,16555.95,1304.27,2026-08-15T01:29:45+09:00
2016-08-26,NT倍率,12.7,16360.71,1287.9,2026-08-15T01:29:45+09:00
2016-08-29,NT倍率,12.75,16737.49,1313.24,2026-08-15T01:29:45+09:00
2016-08-30,NT倍率,12.74,16725.36,1312.81,2026-08-15T01:29:45+09:00
2016-08-31,NT倍率,12.7,16887.4,1329.54,2026-08-15T01:29:45+09:00
2016-09-01,NT倍率,12.66,16926.84,1337.38,2026-08-15T01:29:45+09:00
2016-09-02,NT倍率,12.62,16925.68,1340.76,2026-08-15T01:29:45+09:00
2016-09-05,NT倍率,12.68,17037.63,1343.85,2026-08-15T01:29:45+09:00
2016-09-06,NT倍率,12.63,17081.98,1352.58,2026-08-15T01:29:45+09:00
2016-09-07,NT倍率,12.61,17012.44,1349.53,2026-08-15T01:29:45+09:00
2016-09-08,NT倍率,12.6,16958.77,1345.95,2026-08-15T01:29:45+09:00
2016-09-09,NT倍率,12.62,16965.76,1343.86,2026-08-15T01:29:45+09:00
2016-09-12,NT倍率,12.6,16672.92,1323.1,2026-08-15T01:29:45+09:00
2016-09-13,NT倍率,12.64,16729.04,1322.99,2026-08-15T01:29:45+09:00
2016-09-14,NT倍率,12.64,16614.24,1314.74,2026-08-15T01:29:45+09:00
2016-09-15,NT倍率,12.61,16405.01,1301.11,2026-08-15T01:29:45+09:00
2016-09-16,NT倍率,12.6,16519.29,1311.5,2026-08-15T01:29:45+09:00
2016-09-20,NT倍率,12.52,16492.15,1316.97,2026-08-15T01:29:45+09:00
2016-09-21,NT倍率,12.43,16807.62,1352.67,2026-08-15T01:29:45+09:00
2016-09-23,NT倍率,12.41,16754.02,1349.56,2026-08-15T01:29:45+09:00
2016-09-26,NT倍率,12.39,16544.56,1335.84,2026-08-15T01:29:45+09:00
2016-09-27,NT倍率,12.37,16683.93,1349.22,2026-08-15T01:29:45+09:00
2016-09-28,NT倍率,12.37,16465.4,1330.77,2026-08-15T01:29:45+09:00
2016-09-29,NT倍率,12.43,16693.71,1343.25,2026-08-15T01:29:45+09:00
2016-09-30,NT倍率,12.44,16449.84,1322.78,2026-08-15T01:29:45+09:00
2016-10-03,NT倍率,12.47,16598.67,1330.72,2026-08-15T01:29:45+09:00
2016-10-04,NT倍率,12.49,16735.65,1340.21,2026-08-15T01:29:45+09:00
2016-10-05,NT倍率,12.48,16819.24,1347.81,2026-08-15T01:29:45+09:00
2016-10-06,NT倍率,12.48,16899.1,1353.93,2026-08-15T01:29:45+09:00
2016-10-07,NT倍率,12.48,16860.09,1350.61,2026-08-15T01:29:45+09:00
2016-10-11,NT倍率,12.55,17024.76,1356.35,2026-08-15T01:29:45+09:00
2016-10-12,NT倍率,12.55,16840.0,1342.35,2026-08-15T01:29:45+09:00
2016-10-13,NT倍率,12.5,16774.24,1342.31,2026-08-15T01:29:45+09:00
2016-10-14,NT倍率,12.51,16856.37,1347.19,2026-08-15T01:29:45+09:00
2016-10-17,NT倍率,12.49,16900.12,1352.56,2026-08-15T01:29:45+09:00
2016-10-18,NT倍率,12.5,16963.61,1356.57,2026-08-15T01:29:45+09:00
2016-10-19,NT倍率,12.52,16998.91,1357.2,2026-08-15T01:29:45+09:00
2016-10-20,NT倍率,12.57,17235.5,1370.8,2026-08-15T01:29:45+09:00
2016-10-21,NT倍率,12.59,17184.59,1365.29,2026-08-15T01:29:45+09:00
2016-10-24,NT倍率,12.6,17234.42,1367.61,2026-08-15T01:29:45+09:00
2016-10-25,NT倍率,12.61,17365.25,1377.32,2026-08-15T01:29:45+09:00
2016-10-26,NT倍率,12.58,17391.84,1382.7,2026-08-15T01:29:45+09:00
2016-10-27,NT倍率,12.54,17336.42,1382.01,2026-08-15T01:29:45+09:00
2016-10-28,NT倍率,12.53,17446.41,1392.41,2026-08-15T01:29:45+09:00
2016-10-31,NT倍率,12.51,17425.02,1393.02,2026-08-15T01:29:45+09:00
2016-11-01,NT倍率,12.52,17442.4,1393.19,2026-08-15T01:29:45+09:00
2016-11-02,NT倍率,12.52,17134.68,1368.44,2026-08-15T01:29:45+09:00
2016-11-04,NT倍率,12.55,16905.36,1347.04,2026-08-15T01:29:45+09:00
2016-11-07,NT倍率,12.6,17177.21,1362.8,2026-08-15T01:29:45+09:00
2016-11-08,NT倍率,12.59,17171.38,1363.49,2026-08-15T01:29:45+09:00
2016-11-09,NT倍率,12.49,16251.54,1301.16,2026-08-15T01:29:45+09:00
2016-11-10,NT倍率,12.6,17344.42,1376.35,2026-08-15T01:29:45+09:00
2016-11-11,NT倍率,12.61,17374.79,1378.28,2026-08-15T01:29:45+09:00
2016-11-14,NT倍率,12.62,17672.62,1400.0,2026-08-15T01:29:45+09:00
2016-11-15,NT倍率,12.59,17668.15,1402.98,2026-08-15T01:29:45+09:00
2016-11-16,NT倍率,12.56,17862.21,1421.65,2026-08-15T01:29:45+09:00
2016-11-17,NT倍率,12.55,17862.63,1423.08,2026-08-15T01:29:45+09:00
2016-11-18,NT倍率,12.58,17967.41,1428.46,2026-08-15T01:29:45+09:00
2016-11-21,NT倍率,12.55,18106.02,1442.93,2026-08-15T01:29:45+09:00
2016-11-22,NT倍率,12.55,18162.94,1447.5,2026-08-15T01:29:45+09:00
2016-11-24,NT倍率,12.56,18333.41,1459.96,2026-08-15T01:29:45+09:00
2016-11-25,NT倍率,12.55,18381.22,1464.53,2026-08-15T01:29:45+09:00
2016-11-28,NT倍率,12.49,18356.89,1469.58,2026-08-15T01:29:45+09:00
2016-11-29,NT倍率,12.47,18307.04,1468.57,2026-08-15T01:29:45+09:00
2016-11-30,NT倍率,12.46,18308.48,1469.43,2026-08-15T01:29:45+09:00
2016-12-01,NT倍率,12.48,18513.12,1483.27,2026-08-15T01:29:45+09:00
2016-12-02,NT倍率,12.47,18426.08,1477.98,2026-08-15T01:29:45+09:00
2016-12-05,NT倍率,12.46,18274.99,1466.96,2026-08-15T01:29:45+09:00
2016-12-06,NT倍率,12.43,18360.54,1477.2,2026-08-15T01:29:45+09:00
2016-12-07,NT倍率,12.41,18496.69,1490.62,2026-08-15T01:29:45+09:00
2016-12-08,NT倍率,12.41,18765.47,1512.69,2026-08-15T01:29:45+09:00
2016-12-09,NT倍率,12.45,18996.37,1525.36,2026-08-15T01:29:45+09:00
2016-12-12,NT倍率,12.51,19155.03,1531.43,2026-08-15T01:29:45+09:00
2016-12-13,NT倍率,12.5,19250.52,1540.25,2026-08-15T01:29:45+09:00
2016-12-14,NT倍率,12.51,19253.61,1538.69,2026-08-15T01:29:45+09:00
2016-12-15,NT倍率,12.49,19273.79,1542.72,2026-08-15T01:29:45+09:00
2016-12-16,NT倍率,12.51,19401.15,1550.67,2026-08-15T01:29:45+09:00
2016-12-19,NT倍率,12.52,19391.6,1549.06,2026-08-15T01:29:45+09:00
2016-12-20,NT倍率,12.56,19494.53,1552.36,2026-08-15T01:29:45+09:00
2016-12-21,NT倍率,12.59,19444.49,1544.94,2026-08-15T01:29:45+09:00
2016-12-22,NT倍率,12.58,19427.67,1543.82,2026-08-15T01:29:45+09:00
2016-12-26,NT倍率,12.61,19396.64,1538.14,2026-08-15T01:29:45+09:00
2016-12-27,NT倍率,12.63,19403.06,1536.22,2026-08-15T01:29:45+09:00
2016-12-28,NT倍率,12.62,19401.72,1536.8,2026-08-15T01:29:45+09:00
2016-12-29,NT倍率,12.61,19145.14,1518.39,2026-08-15T01:29:45+09:00
2016-12-30,NT倍率,12.59,19114.37,1518.61,2026-08-15T01:29:45+09:00
2017-01-04,NT倍率,12.6,19594.16,1554.48,2026-08-15T01:29:45+09:00
2017-01-05,NT倍率,12.55,19520.69,1555.68,2026-08-15T01:29:45+09:00
2017-01-06,NT倍率,12.52,19454.33,1553.32,2026-08-15T01:29:45+09:00
2017-01-10,NT倍率,12.51,19301.44,1542.31,2026-08-15T01:29:45+09:00
2017-01-11,NT倍率,12.49,19364.67,1550.4,2026-08-15T01:29:45+09:00
2017-01-12,NT倍率,12.46,19134.7,1535.41,2026-08-15T01:29:45+09:00
2017-01-13,NT倍率,12.48,19287.28,1544.89,2026-08-15T01:29:45+09:00
2017-01-16,NT倍率,12.48,19095.24,1530.64,2026-08-15T01:29:45+09:00
2017-01-17,NT倍率,12.47,18813.53,1509.1,2026-08-15T01:29:45+09:00
2017-01-18,NT倍率,12.48,18894.37,1513.86,2026-08-15T01:29:45+09:00
2017-01-19,NT倍率,12.48,19072.25,1528.15,2026-08-15T01:29:45+09:00
2017-01-20,NT倍率,12.48,19137.91,1533.46,2026-08-15T01:29:45+09:00
2017-01-23,NT倍率,12.47,18891.03,1514.63,2026-08-15T01:29:45+09:00
2017-01-24,NT倍率,12.47,18787.99,1506.33,2026-08-15T01:29:45+09:00
2017-01-25,NT倍率,12.52,19057.5,1521.58,2026-08-15T01:29:45+09:00
2017-01-26,NT倍率,12.56,19402.39,1545.01,2026-08-15T01:29:45+09:00
2017-01-27,NT倍率,12.57,19467.4,1549.25,2026-08-15T01:29:45+09:00
2017-01-30,NT倍率,12.55,19368.85,1543.77,2026-08-15T01:29:45+09:00
2017-01-31,NT倍率,12.51,19041.34,1521.67,2026-08-15T01:29:45+09:00
2017-02-01,NT倍率,12.53,19148.08,1527.77,2026-08-15T01:29:45+09:00
2017-02-02,NT倍率,12.52,18914.58,1510.41,2026-08-15T01:29:45+09:00
2017-02-03,NT倍率,12.49,18918.2,1514.99,2026-08-15T01:29:45+09:00
2017-02-06,NT倍率,12.48,18976.71,1520.42,2026-08-15T01:29:45+09:00
2017-02-07,NT倍率,12.47,18910.78,1516.15,2026-08-15T01:29:45+09:00
2017-02-08,NT倍率,12.47,19007.6,1524.15,2026-08-15T01:29:45+09:00
2017-02-09,NT倍率,12.49,18907.67,1513.55,2026-08-15T01:29:45+09:00
2017-02-10,NT倍率,12.53,19378.93,1546.56,2026-08-15T01:29:45+09:00
2017-02-13,NT倍率,12.52,19459.15,1554.2,2026-08-15T01:29:45+09:00
2017-02-14,NT倍率,12.5,19238.98,1539.12,2026-08-15T01:29:45+09:00
2017-02-15,NT倍率,12.51,19437.98,1553.69,2026-08-15T01:29:45+09:00
2017-02-16,NT倍率,12.47,19347.53,1551.07,2026-08-15T01:29:45+09:00
2017-02-17,NT倍率,12.45,19234.62,1544.54,2026-08-15T01:29:45+09:00
2017-02-20,NT倍率,12.44,19251.08,1547.01,2026-08-15T01:29:45+09:00
2017-02-21,NT倍率,12.46,19381.44,1555.6,2026-08-15T01:29:45+09:00
2017-02-22,NT倍率,12.45,19379.87,1557.09,2026-08-15T01:29:45+09:00
2017-02-23,NT倍率,12.45,19371.46,1556.25,2026-08-15T01:29:45+09:00
2017-02-24,NT倍率,12.44,19283.54,1550.14,2026-08-15T01:29:45+09:00
2017-02-27,NT倍率,12.46,19107.47,1534.0,2026-08-15T01:29:45+09:00
2017-02-28,NT倍率,12.45,19118.99,1535.32,2026-08-15T01:29:45+09:00
2017-03-01,NT倍率,12.49,19393.54,1553.09,2026-08-15T01:29:45+09:00
2017-03-02,NT倍率,12.5,19564.8,1564.69,2026-08-15T01:29:45+09:00
2017-03-03,NT倍率,12.5,19469.17,1558.05,2026-08-15T01:29:45+09:00
2017-03-06,NT倍率,12.46,19379.14,1554.9,2026-08-15T01:29:45+09:00
2017-03-07,NT倍率,12.44,19344.15,1555.04,2026-08-15T01:29:45+09:00
2017-03-08,NT倍率,12.42,19254.03,1550.25,2026-08-15T01:29:45+09:00
2017-03-09,NT倍率,12.43,19318.58,1554.68,2026-08-15T01:29:45+09:00
2017-03-10,NT倍率,12.46,19604.61,1574.01,2026-08-15T01:29:45+09:00
2017-03-13,NT倍率,12.45,19633.75,1577.4,2026-08-15T01:29:45+09:00
2017-03-14,NT倍率,12.45,19609.5,1574.9,2026-08-15T01:29:45+09:00
2017-03-15,NT倍率,12.46,19577.38,1571.31,2026-08-15T01:29:45+09:00
2017-03-16,NT倍率,12.46,19590.14,1572.69,2026-08-15T01:29:45+09:00
2017-03-17,NT倍率,12.47,19521.59,1565.85,2026-08-15T01:29:45+09:00
2017-03-21,NT倍率,12.44,19455.88,1563.42,2026-08-15T01:29:45+09:00
2017-03-22,NT倍率,12.44,19041.38,1530.2,2026-08-15T01:29:45+09:00
2017-03-23,NT倍率,12.47,19085.31,1530.41,2026-08-15T01:29:45+09:00
2017-03-24,NT倍率,12.48,19262.53,1543.92,2026-08-15T01:29:45+09:00
2017-03-27,NT倍率,12.45,18985.59,1524.39,2026-08-15T01:29:45+09:00
2017-03-28,NT倍率,12.43,19202.87,1544.83,2026-08-15T01:29:45+09:00
2017-03-29,NT倍率,12.46,19217.48,1542.07,2026-08-15T01:29:45+09:00
2017-03-30,NT倍率,12.48,19063.22,1527.59,2026-08-15T01:29:45+09:00
2017-03-31,NT倍率,12.5,18909.26,1512.6,2026-08-15T01:29:45+09:00
2017-04-03,NT倍率,12.51,18983.23,1517.03,2026-08-15T01:29:45+09:00
2017-04-04,NT倍率,12.5,18810.25,1504.54,2026-08-15T01:29:45+09:00
2017-04-05,NT倍率,12.54,18861.27,1504.66,2026-08-15T01:29:45+09:00
2017-04-06,NT倍率,12.56,18597.06,1480.18,2026-08-15T01:29:45+09:00
2017-04-07,NT倍率,12.53,18664.63,1489.77,2026-08-15T01:29:45+09:00
2017-04-10,NT倍率,12.53,18797.88,1499.65,2026-08-15T01:29:45+09:00
2017-04-11,NT倍率,12.54,18747.87,1495.1,2026-08-15T01:29:45+09:00
2017-04-12,NT倍率,12.54,18552.61,1479.54,2026-08-15T01:29:45+09:00
2017-04-13,NT倍率,12.55,18426.84,1468.31,2026-08-15T01:29:45+09:00
2017-04-14,NT倍率,12.57,18335.63,1459.07,2026-08-15T01:29:45+09:00
2017-04-17,NT倍率,12.52,18355.26,1465.69,2026-08-15T01:29:45+09:00
2017-04-18,NT倍率,12.52,18418.59,1471.53,2026-08-15T01:29:45+09:00
2017-04-19,NT倍率,12.53,18432.2,1471.42,2026-08-15T01:29:45+09:00
2017-04-20,NT倍率,12.51,18430.49,1472.81,2026-08-15T01:29:45+09:00
2017-04-21,NT倍率,12.51,18620.75,1488.58,2026-08-15T01:29:45+09:00
2017-04-24,NT倍率,12.56,18875.88,1503.19,2026-08-15T01:29:45+09:00
2017-04-25,NT倍率,12.56,19079.33,1519.21,2026-08-15T01:29:45+09:00
2017-04-26,NT倍率,12.55,19289.43,1537.41,2026-08-15T01:29:45+09:00
2017-04-27,NT倍率,12.53,19251.87,1536.67,2026-08-15T01:29:45+09:00
2017-04-28,NT倍率,12.53,19196.74,1531.8,2026-08-15T01:29:45+09:00
2017-05-01,NT倍率,12.54,19310.52,1539.77,2026-08-15T01:29:45+09:00
2017-05-02,NT倍率,12.54,19445.7,1550.3,2026-08-15T01:29:45+09:00
2017-05-08,NT倍率,12.55,19895.7,1585.86,2026-08-15T01:29:45+09:00
2017-05-09,NT倍率,12.54,19843.0,1581.77,2026-08-15T01:29:45+09:00
2017-05-10,NT倍率,12.55,19900.09,1585.19,2026-08-15T01:29:45+09:00
2017-05-11,NT倍率,12.58,19961.55,1586.86,2026-08-15T01:29:45+09:00
2017-05-12,NT倍率,12.58,19883.9,1580.71,2026-08-15T01:29:45+09:00
2017-05-15,NT倍率,12.58,19869.85,1580.0,2026-08-15T01:29:45+09:00
2017-05-16,NT倍率,12.57,19919.82,1584.23,2026-08-15T01:29:45+09:00
2017-05-17,NT倍率,12.57,19814.88,1575.82,2026-08-15T01:29:45+09:00
2017-05-18,NT倍率,12.57,19553.86,1555.01,2026-08-15T01:29:45+09:00
2017-05-19,NT倍率,12.56,19590.76,1559.73,2026-08-15T01:29:45+09:00
2017-05-22,NT倍率,12.55,19678.28,1567.65,2026-08-15T01:29:45+09:00
2017-05-23,NT倍率,12.53,19613.28,1565.22,2026-08-15T01:29:45+09:00
2017-05-24,NT倍率,12.53,19742.98,1575.11,2026-08-15T01:29:45+09:00
2017-05-25,NT倍率,12.55,19813.13,1578.42,2026-08-15T01:29:45+09:00
2017-05-26,NT倍率,12.54,19686.84,1569.42,2026-08-15T01:29:45+09:00
2017-05-29,NT倍率,12.53,19682.57,1570.21,2026-08-15T01:29:45+09:00
2017-05-30,NT倍率,12.51,19677.85,1572.67,2026-08-15T01:29:45+09:00
2017-05-31,NT倍率,12.53,19650.57,1568.37,2026-08-15T01:29:45+09:00
2017-06-01,NT倍率,12.52,19860.03,1586.14,2026-08-15T01:29:45+09:00
2017-06-02,NT倍率,12.52,20177.28,1612.2,2026-08-15T01:29:45+09:00
2017-06-05,NT倍率,12.53,20170.82,1609.97,2026-08-15T01:29:45+09:00
2017-06-06,NT倍率,12.52,19979.9,1596.44,2026-08-15T01:29:45+09:00
2017-06-07,NT倍率,12.51,19984.62,1597.09,2026-08-15T01:29:45+09:00
2017-06-08,NT倍率,12.52,19909.26,1590.41,2026-08-15T01:29:45+09:00
2017-06-09,NT倍率,12.57,20013.26,1591.66,2026-08-15T01:29:45+09:00
2017-06-12,NT倍率,12.51,19908.58,1591.55,2026-08-15T01:29:45+09:00
2017-06-13,NT倍率,12.49,19898.75,1593.51,2026-08-15T01:29:45+09:00
2017-06-14,NT倍率,12.49,19883.52,1591.77,2026-08-15T01:29:45+09:00
2017-06-15,NT倍率,12.49,19831.82,1588.09,2026-08-15T01:29:45+09:00
2017-06-16,NT倍率,12.5,19943.26,1596.04,2026-08-15T01:29:45+09:00
2017-06-19,NT倍率,12.49,20067.75,1606.07,2026-08-15T01:29:45+09:00
2017-06-20,NT倍率,12.51,20230.41,1617.25,2026-08-15T01:29:45+09:00
2017-06-21,NT倍率,12.5,20138.79,1611.56,2026-08-15T01:29:45+09:00
2017-06-22,NT倍率,12.49,20110.51,1610.38,2026-08-15T01:29:45+09:00
2017-06-23,NT倍率,12.49,20132.67,1611.34,2026-08-15T01:29:45+09:00
2017-06-26,NT倍率,12.5,20153.35,1612.21,2026-08-15T01:29:45+09:00
2017-06-27,NT倍率,12.49,20225.09,1619.02,2026-08-15T01:29:45+09:00
2017-06-28,NT倍率,12.47,20130.41,1614.37,2026-08-15T01:29:45+09:00
2017-06-29,NT倍率,12.45,20220.3,1624.07,2026-08-15T01:29:45+09:00
2017-06-30,NT倍率,12.43,20033.43,1611.9,2026-08-15T01:29:45+09:00
2017-07-03,NT倍率,12.42,20055.8,1614.41,2026-08-15T01:29:45+09:00
2017-07-04,NT倍率,12.44,20032.35,1609.7,2026-08-15T01:29:45+09:00
2017-07-05,NT倍率,12.41,20081.63,1618.63,2026-08-15T01:29:45+09:00
2017-07-06,NT倍率,12.38,19994.06,1615.53,2026-08-15T01:29:45+09:00
2017-07-07,NT倍率,12.4,19929.09,1607.06,2026-08-15T01:29:45+09:00
2017-07-10,NT倍率,12.43,20080.98,1615.48,2026-08-15T01:29:45+09:00
2017-07-11,NT倍率,12.41,20195.48,1627.14,2026-08-15T01:29:45+09:00
2017-07-12,NT倍率,12.41,20098.38,1619.34,2026-08-15T01:29:45+09:00
2017-07-13,NT倍率,12.41,20099.81,1619.11,2026-08-15T01:29:45+09:00
2017-07-14,NT倍率,12.38,20118.86,1625.48,2026-08-15T01:29:45+09:00
2017-07-18,NT倍率,12.34,19999.91,1620.48,2026-08-15T01:29:45+09:00
2017-07-19,NT倍率,12.34,20020.86,1621.87,2026-08-15T01:29:45+09:00
2017-07-20,NT倍率,12.34,20144.59,1633.01,2026-08-15T01:29:45+09:00
2017-07-21,NT倍率,12.33,20099.75,1629.99,2026-08-15T01:29:45+09:00
2017-07-24,NT倍率,12.32,19975.67,1621.57,2026-08-15T01:29:45+09:00
2017-07-25,NT倍率,12.34,19955.2,1617.07,2026-08-15T01:29:45+09:00
2017-07-26,NT倍率,12.37,20050.16,1620.88,2026-08-15T01:29:45+09:00
2017-07-27,NT倍率,12.34,20079.64,1626.84,2026-08-15T01:29:45+09:00
2017-07-28,NT倍率,12.31,19959.84,1621.22,2026-08-15T01:29:45+09:00
2017-07-31,NT倍率,12.31,19925.18,1618.61,2026-08-15T01:29:45+09:00
2017-08-01,NT倍率,12.27,19985.79,1628.5,2026-08-15T01:29:45+09:00
2017-08-02,NT倍率,12.29,20080.04,1634.38,2026-08-15T01:29:45+09:00
2017-08-03,NT倍率,12.26,20029.26,1633.82,2026-08-15T01:29:45+09:00
2017-08-04,NT倍率,12.23,19952.33,1631.45,2026-08-15T01:29:45+09:00
2017-08-07,NT倍率,12.23,20055.89,1639.27,2026-08-15T01:29:45+09:00
2017-08-08,NT倍率,12.23,19996.01,1635.32,2026-08-15T01:29:45+09:00
2017-08-09,NT倍率,12.2,19738.71,1617.9,2026-08-15T01:29:45+09:00
2017-08-10,NT倍率,12.2,19729.74,1617.25,2026-08-15T01:29:45+09:00
2017-08-14,NT倍率,12.22,19537.1,1599.06,2026-08-15T01:29:45+09:00
2017-08-15,NT倍率,12.22,19753.31,1616.21,2026-08-15T01:29:45+09:00
2017-08-16,NT倍率,12.21,19729.28,1616.0,2026-08-15T01:29:45+09:00
2017-08-17,NT倍率,12.2,19702.63,1614.82,2026-08-15T01:29:45+09:00
2017-08-18,NT倍率,12.19,19470.41,1597.36,2026-08-15T01:29:45+09:00
2017-08-21,NT倍率,12.16,19393.13,1595.19,2026-08-15T01:29:45+09:00
2017-08-22,NT倍率,12.14,19383.84,1596.12,2026-08-15T01:29:45+09:00
2017-08-23,NT倍率,12.15,19434.64,1600.05,2026-08-15T01:29:45+09:00
2017-08-24,NT倍率,12.16,19353.77,1592.2,2026-08-15T01:29:45+09:00
2017-08-25,NT倍率,12.18,19452.61,1596.99,2026-08-15T01:29:45+09:00
2017-08-28,NT倍率,12.16,19449.9,1600.12,2026-08-15T01:29:45+09:00
2017-08-29,NT倍率,12.12,19362.55,1597.76,2026-08-15T01:29:45+09:00
2017-08-30,NT倍率,12.13,19506.54,1607.65,2026-08-15T01:29:45+09:00
2017-08-31,NT倍率,12.15,19646.24,1617.41,2026-08-15T01:29:45+09:00
2017-09-01,NT倍率,12.16,19691.470703125,1619.59,2026-08-15T01:29:45+09:00
2017-09-04,NT倍率,12.17,19508.25,1603.55,2026-08-15T01:29:45+09:00
2017-09-05,NT倍率,12.19,19385.810546875,1590.71,2026-08-15T01:29:45+09:00
2017-09-06,NT倍率,12.16,19357.970703125,1592.0,2026-08-15T01:29:45+09:00
2017-09-07,NT倍率,12.14,19396.51953125,1598.24,2026-08-15T01:29:45+09:00
2017-09-08,NT倍率,12.1,19274.8203125,1593.54,2026-08-15T01:29:45+09:00
2017-09-11,NT倍率,12.12,19545.76953125,1612.26,2026-08-15T01:29:45+09:00
2017-09-12,NT倍率,12.15,19776.619140625,1627.45,2026-08-15T01:29:45+09:00
2017-09-13,NT倍率,12.13,19865.8203125,1637.33,2026-08-15T01:29:45+09:00
2017-09-14,NT倍率,12.14,19807.439453125,1632.13,2026-08-15T01:29:45+09:00
2017-09-15,NT倍率,12.15,19909.5,1638.94,2026-08-15T01:29:45+09:00
2017-09-19,NT倍率,12.17,20299.380859375,1667.88,2026-08-15T01:29:45+09:00
2017-09-20,NT倍率,12.18,20310.4609375,1667.92,2026-08-15T01:29:45+09:00
2017-09-21,NT倍率,12.19,20347.48046875,1668.74,2026-08-15T01:29:45+09:00
2017-09-22,NT倍率,12.19,20296.44921875,1664.61,2026-08-15T01:29:45+09:00
2017-09-25,NT倍率,12.19,20397.580078125,1672.82,2026-08-15T01:29:45+09:00
2017-09-26,NT倍率,12.15,20330.189453125,1672.74,2026-08-15T01:29:45+09:00
2017-09-27,NT倍率,12.18,20267.05078125,1664.43,2026-08-15T01:29:45+09:00
2017-09-28,NT倍率,12.15,20363.109375,1676.17,2026-08-15T01:29:45+09:00
2017-09-29,NT倍率,12.15,20356.279296875,1674.75,2026-08-15T01:29:45+09:00
2017-10-02,NT倍率,12.19,20400.78,1673.62,2026-08-15T01:29:45+09:00
2017-10-03,NT倍率,12.24,20614.07,1684.46,2026-08-15T01:29:45+09:00
2017-10-04,NT倍率,12.24,20626.66,1684.56,2026-08-15T01:29:45+09:00
2017-10-05,NT倍率,12.26,20628.56,1682.49,2026-08-15T01:29:45+09:00
2017-10-06,NT倍率,12.26,20690.71,1687.16,2026-08-15T01:29:45+09:00
2017-10-10,NT倍率,12.28,20823.51,1695.14,2026-08-15T01:29:45+09:00
2017-10-11,NT倍率,12.31,20881.27,1696.81,2026-08-15T01:29:45+09:00
2017-10-12,NT倍率,12.33,20954.72,1700.13,2026-08-15T01:29:45+09:00
2017-10-13,NT倍率,12.38,21155.18,1708.62,2026-08-15T01:29:45+09:00
2017-10-16,NT倍率,12.36,21255.56,1719.18,2026-08-15T01:29:45+09:00
2017-10-17,NT倍率,12.38,21336.12,1723.37,2026-08-15T01:29:45+09:00
2017-10-18,NT倍率,12.39,21363.05,1724.64,2026-08-15T01:29:45+09:00
2017-10-19,NT倍率,12.4,21448.52,1730.04,2026-08-15T01:29:45+09:00
2017-10-20,NT倍率,12.4,21457.64,1730.64,2026-08-15T01:29:45+09:00
2017-10-23,NT倍率,12.43,21696.65,1745.25,2026-08-15T01:29:45+09:00
2017-10-24,NT倍率,12.41,21805.17,1756.92,2026-08-15T01:29:45+09:00
2017-10-25,NT倍率,12.39,21707.62,1751.43,2026-08-15T01:29:45+09:00
2017-10-26,NT倍率,12.4,21739.78,1753.9,2026-08-15T01:29:45+09:00
2017-10-27,NT倍率,12.43,22008.45,1771.05,2026-08-15T01:29:45+09:00
2017-10-30,NT倍率,12.43,22011.67,1770.84,2026-08-15T01:29:45+09:00
2017-10-31,NT倍率,12.46,22011.61,1765.96,2026-08-15T01:29:45+09:00
2017-11-01,NT倍率,12.55,22420.08,1786.71,2026-08-15T01:29:45+09:00
2017-11-02,NT倍率,12.56,22539.12,1794.08,2026-08-15T01:29:45+09:00
2017-11-06,NT倍率,12.58,22548.35,1792.66,2026-08-15T01:29:45+09:00
2017-11-07,NT倍率,12.65,22937.6,1813.29,2026-08-15T01:29:45+09:00
2017-11-08,NT倍率,12.61,22913.82,1817.6,2026-08-15T01:29:45+09:00
2017-11-09,NT倍率,12.61,22868.71,1813.11,2026-08-15T01:29:45+09:00
2017-11-10,NT倍率,12.6,22681.42,1800.44,2026-08-15T01:29:45+09:00
2017-11-13,NT倍率,12.55,22380.99,1783.49,2026-08-15T01:29:45+09:00
2017-11-14,NT倍率,12.58,22380.01,1778.87,2026-08-15T01:29:45+09:00
2017-11-15,NT倍率,12.63,22028.32,1744.01,2026-08-15T01:29:45+09:00
2017-11-16,NT倍率,12.69,22351.12,1761.71,2026-08-15T01:29:45+09:00
2017-11-17,NT倍率,12.7,22396.8,1763.76,2026-08-15T01:29:45+09:00
2017-11-20,NT倍率,12.65,22261.76,1759.65,2026-08-15T01:29:45+09:00
2017-11-21,NT倍率,12.66,22416.48,1771.13,2026-08-15T01:29:45+09:00
2017-11-22,NT倍率,12.67,22523.15,1777.08,2026-08-15T01:29:45+09:00
2017-11-24,NT倍率,12.67,22550.85,1780.56,2026-08-15T01:29:45+09:00
2017-11-27,NT倍率,12.66,22495.99,1776.73,2026-08-15T01:29:45+09:00
2017-11-28,NT倍率,12.69,22486.24,1772.07,2026-08-15T01:29:45+09:00
2017-11-29,NT倍率,12.65,22597.2,1786.15,2026-08-15T01:29:45+09:00
2017-11-30,NT倍率,12.68,22724.96,1792.08,2026-08-15T01:29:45+09:00
2017-12-01,NT倍率,12.7,22819.03,1796.53,2026-08-15T01:29:45+09:00
2017-12-04,NT倍率,12.71,22707.16,1786.87,2026-08-15T01:29:45+09:00
2017-12-05,NT倍率,12.63,22622.38,1790.97,2026-08-15T01:29:45+09:00
2017-12-06,NT倍率,12.56,22177.04,1765.42,2026-08-15T01:29:45+09:00
2017-12-07,NT倍率,12.6,22498.03,1786.25,2026-08-15T01:29:45+09:00
2017-12-08,NT倍率,12.65,22811.08,1803.73,2026-08-15T01:29:45+09:00
2017-12-11,NT倍率,12.65,22938.73,1813.34,2026-08-15T01:29:45+09:00
2017-12-12,NT倍率,12.6,22866.17,1815.08,2026-08-15T01:29:45+09:00
2017-12-13,NT倍率,12.57,22758.07,1810.84,2026-08-15T01:29:45+09:00
2017-12-14,NT倍率,12.55,22694.45,1808.14,2026-08-15T01:29:45+09:00
2017-12-15,NT倍率,12.58,22553.22,1793.47,2026-08-15T01:29:45+09:00
2017-12-18,NT倍率,12.6,22901.77,1817.9,2026-08-15T01:29:45+09:00
2017-12-19,NT倍率,12.6,22868.0,1815.18,2026-08-15T01:29:45+09:00
2017-12-20,NT倍率,12.57,22891.72,1821.16,2026-08-15T01:29:45+09:00
2017-12-21,NT倍率,12.55,22866.1,1822.61,2026-08-15T01:29:45+09:00
2017-12-22,NT倍率,12.52,22902.76,1829.08,2026-08-15T01:29:45+09:00
2017-12-25,NT倍率,12.52,22939.18,1831.93,2026-08-15T01:29:45+09:00
2017-12-26,NT倍率,12.53,22892.69,1827.01,2026-08-15T01:29:45+09:00
2017-12-27,NT倍率,12.52,22911.21,1829.79,2026-08-15T01:29:45+09:00
2017-12-28,NT倍率,12.53,22783.98,1819.03,2026-08-15T01:29:45+09:00
2017-12-29,NT倍率,12.53,22764.94,1817.56,2026-08-15T01:29:45+09:00
2018-01-04,NT倍率,12.61,23506.33,1863.82,2026-08-15T01:29:45+09:00
2018-01-05,NT倍率,12.61,23714.53,1880.34,2026-08-15T01:29:45+09:00
2018-01-09,NT倍率,12.62,23849.99,1889.29,2026-08-15T01:29:45+09:00
2018-01-10,NT倍率,12.57,23788.2,1892.11,2026-08-15T01:29:45+09:00
2018-01-11,NT倍率,12.56,23710.43,1888.09,2026-08-15T01:29:45+09:00
2018-01-12,NT倍率,12.61,23653.82,1876.24,2026-08-15T01:29:45+09:00
2018-01-15,NT倍率,12.59,23714.88,1883.9,2026-08-15T01:29:45+09:00
2018-01-16,NT倍率,12.64,23951.81,1894.25,2026-08-15T01:29:45+09:00
2018-01-17,NT倍率,12.62,23868.34,1890.82,2026-08-15T01:29:45+09:00
2018-01-18,NT倍率,12.66,23763.37,1876.86,2026-08-15T01:29:45+09:00
2018-01-19,NT倍率,12.6,23808.06,1889.74,2026-08-15T01:29:45+09:00
2018-01-22,NT倍率,12.59,23816.33,1891.92,2026-08-15T01:29:45+09:00
2018-01-23,NT倍率,12.62,24124.15,1911.07,2026-08-15T01:29:45+09:00
2018-01-24,NT倍率,12.59,23940.78,1901.23,2026-08-15T01:29:45+09:00
2018-01-25,NT倍率,12.56,23669.49,1884.56,2026-08-15T01:29:45+09:00
2018-01-26,NT倍率,12.57,23631.88,1879.39,2026-08-15T01:29:45+09:00
2018-01-29,NT倍率,12.57,23629.34,1880.45,2026-08-15T01:29:45+09:00
2018-01-30,NT倍率,12.54,23291.97,1858.13,2026-08-15T01:29:45+09:00
2018-01-31,NT倍率,12.58,23098.29,1836.71,2026-08-15T01:29:45+09:00
2018-02-01,NT倍率,12.56,23486.11,1870.44,2026-08-15T01:29:45+09:00
2018-02-02,NT倍率,12.48,23274.53,1864.2,2026-08-15T01:29:45+09:00
2018-02-05,NT倍率,12.44,22682.08,1823.74,2026-08-15T01:29:45+09:00
2018-02-06,NT倍率,12.4,21610.24,1743.41,2026-08-15T01:29:45+09:00
2018-02-07,NT倍率,12.37,21645.37,1749.91,2026-08-15T01:29:45+09:00
2018-02-08,NT倍率,12.4,21890.86,1765.69,2026-08-15T01:29:45+09:00
2018-02-09,NT倍率,12.35,21382.62,1731.97,2026-08-15T01:29:45+09:00
2018-02-13,NT倍率,12.37,21244.68,1716.78,2026-08-15T01:29:45+09:00
2018-02-14,NT倍率,12.42,21154.17,1702.72,2026-08-15T01:29:45+09:00
2018-02-15,NT倍率,12.48,21464.98,1719.27,2026-08-15T01:29:45+09:00
2018-02-16,NT倍率,12.5,21720.25,1737.37,2026-08-15T01:29:45+09:00
2018-02-19,NT倍率,12.48,22149.21,1775.15,2026-08-15T01:29:45+09:00
2018-02-20,NT倍率,12.44,21925.1,1762.45,2026-08-15T01:29:45+09:00
2018-02-21,NT倍率,12.47,21970.81,1761.61,2026-08-15T01:29:45+09:00
2018-02-22,NT倍率,12.45,21736.44,1746.17,2026-08-15T01:29:45+09:00
2018-02-23,NT倍率,12.44,21892.78,1760.53,2026-08-15T01:29:45+09:00
2018-02-26,NT倍率,12.48,22153.63,1774.81,2026-08-15T01:29:45+09:00
2018-02-27,NT倍率,12.51,22389.86,1790.34,2026-08-15T01:29:45+09:00
2018-02-28,NT倍率,12.48,22068.24,1768.24,2026-08-15T01:29:45+09:00
2018-03-01,NT倍率,12.48,21724.47,1740.2,2026-08-15T01:29:45+09:00
2018-03-02,NT倍率,12.4,21181.64,1708.34,2026-08-15T01:29:45+09:00
2018-03-05,NT倍率,12.42,21042.09,1694.79,2026-08-15T01:29:45+09:00
2018-03-06,NT倍率,12.48,21417.76,1716.3,2026-08-15T01:29:45+09:00
2018-03-07,NT倍率,12.47,21252.72,1703.96,2026-08-15T01:29:45+09:00
2018-03-08,NT倍率,12.5,21368.07,1709.95,2026-08-15T01:29:45+09:00
2018-03-09,NT倍率,12.51,21469.2,1715.48,2026-08-15T01:29:45+09:00
2018-03-12,NT倍率,12.53,21824.03,1741.3,2026-08-15T01:29:45+09:00
2018-03-13,NT倍率,12.55,21968.1,1751.03,2026-08-15T01:29:45+09:00
2018-03-14,NT倍率,12.49,21777.29,1743.21,2026-08-15T01:29:45+09:00
2018-03-15,NT倍率,12.51,21803.95,1743.6,2026-08-15T01:29:45+09:00
2018-03-16,NT倍率,12.48,21676.51,1736.63,2026-08-15T01:29:45+09:00
2018-03-19,NT倍率,12.49,21480.9,1719.97,2026-08-15T01:29:45+09:00
2018-03-20,NT倍率,12.46,21380.97,1716.29,2026-08-15T01:29:45+09:00
2018-03-22,NT倍率,12.5,21591.99,1727.39,2026-08-15T01:29:45+09:00
2018-03-23,NT倍率,12.38,20617.86,1664.94,2026-08-15T01:29:45+09:00
2018-03-26,NT倍率,12.42,20766.1,1671.32,2026-08-15T01:29:45+09:00
2018-03-27,NT倍率,12.41,21317.32,1717.13,2026-08-15T01:29:45+09:00
2018-03-28,NT倍率,12.37,21031.31,1699.56,2026-08-15T01:29:45+09:00
2018-03-29,NT倍率,12.42,21159.08,1704.0,2026-08-15T01:29:45+09:00
2018-03-30,NT倍率,12.5,21454.3,1716.3,2026-08-15T01:29:45+09:00
2018-04-02,NT倍率,12.52,21388.58,1708.78,2026-08-15T01:29:45+09:00
2018-04-03,NT倍率,12.5,21292.29,1703.8,2026-08-15T01:29:45+09:00
2018-04-04,NT倍率,12.5,21319.55,1706.13,2026-08-15T01:29:45+09:00
2018-04-05,NT倍率,12.55,21645.42,1724.61,2026-08-15T01:29:45+09:00
2018-04-06,NT倍率,12.54,21567.52,1719.3,2026-08-15T01:29:45+09:00
2018-04-09,NT倍率,12.56,21678.26,1725.88,2026-08-15T01:29:45+09:00
2018-04-10,NT倍率,12.58,21794.32,1731.94,2026-08-15T01:29:45+09:00
2018-04-11,NT倍率,12.57,21687.1,1725.3,2026-08-15T01:29:45+09:00
2018-04-12,NT倍率,12.6,21660.28,1718.52,2026-08-15T01:29:45+09:00
2018-04-13,NT倍率,12.59,21778.74,1729.36,2026-08-15T01:29:45+09:00
2018-04-16,NT倍率,12.58,21835.53,1736.22,2026-08-15T01:29:45+09:00
2018-04-17,NT倍率,12.63,21847.59,1729.98,2026-08-15T01:29:45+09:00
2018-04-18,NT倍率,12.66,22158.2,1749.67,2026-08-15T01:29:45+09:00
2018-04-19,NT倍率,12.68,22191.18,1750.18,2026-08-15T01:29:45+09:00
2018-04-20,NT倍率,12.66,22162.24,1751.13,2026-08-15T01:29:45+09:00
2018-04-23,NT倍率,12.62,22088.04,1750.79,2026-08-15T01:29:45+09:00
2018-04-24,NT倍率,12.59,22278.12,1769.75,2026-08-15T01:29:45+09:00
2018-04-25,NT倍率,12.57,22215.32,1767.73,2026-08-15T01:29:45+09:00
2018-04-26,NT倍率,12.59,22319.61,1772.13,2026-08-15T01:29:45+09:00
2018-04-27,NT倍率,12.64,22467.87,1777.23,2026-08-15T01:29:45+09:00
2018-05-01,NT倍率,12.69,22508.03,1774.18,2026-08-15T01:29:45+09:00
2018-05-02,NT倍率,12.69,22472.78,1771.52,2026-08-15T01:29:45+09:00
2018-05-07,NT倍率,12.67,22467.16,1773.18,2026-08-15T01:29:45+09:00
2018-05-08,NT倍率,12.65,22508.69,1779.82,2026-08-15T01:29:45+09:00
2018-05-09,NT倍率,12.64,22408.88,1772.91,2026-08-15T01:29:45+09:00
2018-05-10,NT倍率,12.66,22497.18,1777.62,2026-08-15T01:29:45+09:00
2018-05-11,NT倍率,12.68,22758.48,1794.96,2026-08-15T01:29:45+09:00
2018-05-14,NT倍率,12.66,22865.86,1805.92,2026-08-15T01:29:45+09:00
2018-05-15,NT倍率,12.64,22818.02,1805.15,2026-08-15T01:29:45+09:00
2018-05-16,NT倍率,12.62,22717.23,1800.35,2026-08-15T01:29:45+09:00
2018-05-17,NT倍率,12.63,22838.37,1808.37,2026-08-15T01:29:45+09:00
2018-05-18,NT倍率,12.63,22930.36,1815.25,2026-08-15T01:29:45+09:00
2018-05-21,NT倍率,12.68,23002.37,1813.75,2026-08-15T01:29:45+09:00
2018-05-22,NT倍率,12.69,22960.34,1809.57,2026-08-15T01:29:45+09:00
2018-05-23,NT倍率,12.62,22689.74,1797.31,2026-08-15T01:29:45+09:00
2018-05-24,NT倍率,12.64,22437.01,1775.65,2026-08-15T01:29:45+09:00
2018-05-25,NT倍率,12.67,22450.79,1771.7,2026-08-15T01:29:45+09:00
2018-05-28,NT倍率,12.7,22481.09,1770.42,2026-08-15T01:29:45+09:00
2018-05-29,NT倍率,12.69,22358.43,1761.85,2026-08-15T01:29:45+09:00
2018-05-30,NT倍率,12.68,22018.52,1736.13,2026-08-15T01:29:45+09:00
2018-05-31,NT倍率,12.71,22201.82,1747.45,2026-08-15T01:29:45+09:00
2018-06-01,NT倍率,12.68,22171.35,1749.17,2026-08-15T01:29:45+09:00
2018-06-04,NT倍率,12.66,22475.94,1774.69,2026-08-15T01:29:45+09:00
2018-06-05,NT倍率,12.7,22539.54,1774.96,2026-08-15T01:29:45+09:00
2018-06-06,NT倍率,12.73,22625.73,1777.59,2026-08-15T01:29:45+09:00
2018-06-07,NT倍率,12.76,22823.26,1789.01,2026-08-15T01:29:45+09:00
2018-06-08,NT倍率,12.74,22694.5,1781.44,2026-08-15T01:29:45+09:00
2018-06-11,NT倍率,12.76,22804.04,1786.84,2026-08-15T01:29:45+09:00
2018-06-12,NT倍率,12.76,22878.35,1792.82,2026-08-15T01:29:45+09:00
2018-06-13,NT倍率,12.76,22966.38,1800.37,2026-08-15T01:29:45+09:00
2018-06-14,NT倍率,12.75,22738.61,1783.89,2026-08-15T01:29:45+09:00
2018-06-15,NT倍率,12.77,22851.75,1789.04,2026-08-15T01:29:45+09:00
2018-06-18,NT倍率,12.8,22680.33,1771.43,2026-08-15T01:29:45+09:00
2018-06-19,NT倍率,12.77,22278.48,1743.92,2026-08-15T01:29:45+09:00
2018-06-20,NT倍率,12.87,22555.43,1752.75,2026-08-15T01:29:45+09:00
2018-06-21,NT倍率,12.96,22693.04,1750.63,2026-08-15T01:29:45+09:00
2018-06-22,NT倍率,12.9,22516.83,1744.83,2026-08-15T01:29:45+09:00
2018-06-25,NT倍率,12.93,22338.15,1728.27,2026-08-15T01:29:45+09:00
2018-06-26,NT倍率,12.91,22342.0,1731.07,2026-08-15T01:29:45+09:00
2018-06-27,NT倍率,12.86,22271.77,1731.45,2026-08-15T01:29:45+09:00
2018-06-28,NT倍率,12.9,22270.39,1727.0,2026-08-15T01:29:45+09:00
2018-06-29,NT倍率,12.89,22304.51,1730.89,2026-08-15T01:29:45+09:00
2018-07-02,NT倍率,12.87,21811.93,1695.29,2026-08-15T01:29:45+09:00
2018-07-03,NT倍率,12.87,21785.54,1692.8,2026-08-15T01:29:45+09:00
2018-07-04,NT倍率,12.83,21717.04,1693.25,2026-08-15T01:29:45+09:00
2018-07-05,NT倍率,12.85,21546.99,1676.2,2026-08-15T01:29:45+09:00
2018-07-06,NT倍率,12.88,21788.14,1691.54,2026-08-15T01:29:45+09:00
2018-07-09,NT倍率,12.88,22052.18,1711.79,2026-08-15T01:29:45+09:00
2018-07-10,NT倍率,12.93,22196.89,1716.13,2026-08-15T01:29:45+09:00
2018-07-11,NT倍率,12.89,21932.21,1701.88,2026-08-15T01:29:45+09:00
2018-07-12,NT倍率,12.98,22187.96,1709.68,2026-08-15T01:29:45+09:00
2018-07-13,NT倍率,13.06,22597.35,1730.07,2026-08-15T01:29:45+09:00
2018-07-17,NT倍率,13.01,22697.36,1745.05,2026-08-15T01:29:45+09:00
2018-07-18,NT倍率,13.02,22794.19,1751.21,2026-08-15T01:29:45+09:00
2018-07-19,NT倍率,13.01,22764.68,1749.59,2026-08-15T01:29:45+09:00
2018-07-20,NT倍率,13.01,22697.88,1744.98,2026-08-15T01:29:45+09:00
2018-07-23,NT倍率,12.88,22396.99,1738.7,2026-08-15T01:29:45+09:00
2018-07-24,NT倍率,12.89,22510.48,1746.86,2026-08-15T01:29:45+09:00
2018-07-25,NT倍率,12.9,22614.25,1753.48,2026-08-15T01:29:45+09:00
2018-07-26,NT倍率,12.79,22586.87,1765.78,2026-08-15T01:29:45+09:00
2018-07-27,NT倍率,12.79,22712.75,1775.76,2026-08-15T01:29:45+09:00
2018-07-30,NT倍率,12.75,22544.84,1768.15,2026-08-15T01:29:45+09:00
2018-07-31,NT倍率,12.86,22553.72,1753.29,2026-08-15T01:29:45+09:00
2018-08-01,NT倍率,12.85,22746.7,1769.76,2026-08-15T01:29:45+09:00
2018-08-02,NT倍率,12.85,22512.53,1752.09,2026-08-15T01:29:45+09:00
2018-08-03,NT倍率,12.93,22525.18,1742.58,2026-08-15T01:29:45+09:00
2018-08-06,NT倍率,12.99,22507.32,1732.9,2026-08-15T01:29:45+09:00
2018-08-07,NT倍率,12.98,22662.74,1746.05,2026-08-15T01:29:45+09:00
2018-08-08,NT倍率,12.98,22644.31,1744.71,2026-08-15T01:29:45+09:00
2018-08-09,NT倍率,12.99,22598.39,1740.16,2026-08-15T01:29:45+09:00
2018-08-10,NT倍率,12.96,22298.08,1720.16,2026-08-15T01:29:45+09:00
2018-08-13,NT倍率,12.98,21857.43,1683.5,2026-08-15T01:29:45+09:00
2018-08-14,NT倍率,13.07,22356.08,1710.95,2026-08-15T01:29:45+09:00
2018-08-15,NT倍率,13.08,22204.22,1698.03,2026-08-15T01:29:45+09:00
2018-08-16,NT倍率,13.15,22192.04,1687.15,2026-08-15T01:29:45+09:00
2018-08-17,NT倍率,13.12,22270.38,1697.53,2026-08-15T01:29:45+09:00
2018-08-20,NT倍率,13.12,22199.0,1692.15,2026-08-15T01:29:45+09:00
2018-08-21,NT倍率,13.18,22219.73,1685.42,2026-08-15T01:29:45+09:00
2018-08-22,NT倍率,13.17,22362.55,1698.37,2026-08-15T01:29:45+09:00
2018-08-23,NT倍率,13.2,22410.82,1698.22,2026-08-15T01:29:45+09:00
2018-08-24,NT倍率,13.22,22601.77,1709.2,2026-08-15T01:29:45+09:00
2018-08-27,NT倍率,13.19,22799.64,1728.95,2026-08-15T01:29:45+09:00
2018-08-28,NT倍率,13.17,22813.47,1731.63,2026-08-15T01:29:45+09:00
2018-08-29,NT倍率,13.13,22848.22,1739.6,2026-08-15T01:29:45+09:00
2018-08-30,NT倍率,13.15,22869.5,1739.14,2026-08-15T01:29:45+09:00
2018-08-31,NT倍率,13.18,22865.15,1735.35,2026-08-15T01:29:45+09:00
2018-09-03,NT倍率,13.2,22707.38,1720.31,2026-08-15T01:29:45+09:00
2018-09-04,NT倍率,13.21,22696.9,1718.24,2026-08-15T01:29:45+09:00
2018-09-05,NT倍率,13.24,22580.83,1704.96,2026-08-15T01:29:45+09:00
2018-09-06,NT倍率,13.29,22487.94,1692.41,2026-08-15T01:29:45+09:00
2018-09-07,NT倍率,13.24,22307.06,1684.31,2026-08-15T01:29:45+09:00
2018-09-10,NT倍率,13.26,22373.09,1687.61,2026-08-15T01:29:45+09:00
2018-09-11,NT倍率,13.34,22664.69,1698.91,2026-08-15T01:29:45+09:00
2018-09-12,NT倍率,13.37,22604.61,1691.32,2026-08-15T01:29:45+09:00
2018-09-13,NT倍率,13.35,22821.32,1710.02,2026-08-15T01:29:45+09:00
2018-09-14,NT倍率,13.36,23094.67,1728.61,2026-08-15T01:29:45+09:00
2018-09-18,NT倍率,13.31,23420.54,1759.88,2026-08-15T01:29:45+09:00
2018-09-19,NT倍率,13.26,23672.52,1785.66,2026-08-15T01:29:45+09:00
2018-09-20,NT倍率,13.24,23674.93,1787.6,2026-08-15T01:29:45+09:00
2018-09-21,NT倍率,13.23,23869.93,1804.02,2026-08-15T01:29:45+09:00
2018-09-25,NT倍率,13.14,23940.26,1822.44,2026-08-15T01:29:45+09:00
2018-09-26,NT倍率,13.19,24033.79,1821.67,2026-08-15T01:29:45+09:00
2018-09-27,NT倍率,13.22,23796.74,1800.11,2026-08-15T01:29:45+09:00
2018-09-28,NT倍率,13.27,24120.04,1817.25,2026-08-15T01:29:45+09:00
2018-10-01,NT倍率,13.34,24245.76,1817.96,2026-08-15T01:29:45+09:00
2018-10-02,NT倍率,13.31,24270.62,1824.03,2026-08-15T01:29:45+09:00
2018-10-03,NT倍率,13.37,24110.96,1802.73,2026-08-15T01:29:45+09:00
2018-10-04,NT倍率,13.31,23975.62,1801.19,2026-08-15T01:29:45+09:00
2018-10-05,NT倍率,13.27,23783.72,1792.65,2026-08-15T01:29:45+09:00
2018-10-09,NT倍率,13.33,23469.39,1761.12,2026-08-15T01:29:45+09:00
2018-10-10,NT倍率,13.33,23506.04,1763.86,2026-08-15T01:29:45+09:00
2018-10-11,NT倍率,13.27,22590.86,1701.86,2026-08-15T01:29:45+09:00
2018-10-12,NT倍率,13.33,22694.66,1702.45,2026-08-15T01:29:45+09:00
2018-10-15,NT倍率,13.29,22271.3,1675.44,2026-08-15T01:29:45+09:00
2018-10-16,NT倍率,13.36,22549.24,1687.91,2026-08-15T01:29:45+09:00
2018-10-17,NT倍率,13.33,22841.12,1713.87,2026-08-15T01:29:45+09:00
2018-10-18,NT倍率,13.29,22658.16,1704.64,2026-08-15T01:29:45+09:00
2018-10-19,NT倍率,13.31,22532.08,1692.85,2026-08-15T01:29:45+09:00
2018-10-22,NT倍率,13.34,22614.82,1695.31,2026-08-15T01:29:45+09:00
2018-10-23,NT倍率,13.33,22010.78,1650.72,2026-08-15T01:29:45+09:00
2018-10-24,NT倍率,13.37,22091.18,1652.07,2026-08-15T01:29:45+09:00
2018-10-25,NT倍率,13.29,21268.73,1600.92,2026-08-15T01:29:45+09:00
2018-10-26,NT倍率,13.27,21184.6,1596.01,2026-08-15T01:29:45+09:00
2018-10-29,NT倍率,13.31,21149.8,1589.56,2026-08-15T01:29:45+09:00
2018-10-30,NT倍率,13.32,21457.29,1611.46,2026-08-15T01:29:45+09:00
2018-10-31,NT倍率,13.32,21920.46,1646.12,2026-08-15T01:29:45+09:00
2018-11-01,NT倍率,13.29,21687.65,1632.05,2026-08-15T01:29:45+09:00
2018-11-02,NT倍率,13.41,22243.66,1658.76,2026-08-15T01:29:45+09:00
2018-11-05,NT倍率,13.35,21898.99,1640.39,2026-08-15T01:29:45+09:00
2018-11-06,NT倍率,13.35,22147.75,1659.35,2026-08-15T01:29:45+09:00
2018-11-07,NT倍率,13.37,22085.8,1652.43,2026-08-15T01:29:45+09:00
2018-11-08,NT倍率,13.38,22486.92,1681.25,2026-08-15T01:29:45+09:00
2018-11-09,NT倍率,13.3,22250.25,1672.98,2026-08-15T01:29:45+09:00
2018-11-12,NT倍率,13.32,22269.88,1671.95,2026-08-15T01:29:45+09:00
2018-11-13,NT倍率,13.31,21810.52,1638.45,2026-08-15T01:29:45+09:00
2018-11-14,NT倍率,13.31,21846.48,1641.26,2026-08-15T01:29:45+09:00
2018-11-15,NT倍率,13.3,21803.62,1638.97,2026-08-15T01:29:45+09:00
2018-11-16,NT倍率,13.31,21680.34,1629.3,2026-08-15T01:29:45+09:00
2018-11-19,NT倍率,13.33,21821.16,1637.61,2026-08-15T01:29:45+09:00
2018-11-20,NT倍率,13.28,21583.12,1625.67,2026-08-15T01:29:45+09:00
2018-11-21,NT倍率,13.31,21507.54,1615.89,2026-08-15T01:29:45+09:00
2018-11-22,NT倍率,13.29,21646.55,1628.96,2026-08-15T01:29:45+09:00
2018-11-26,NT倍率,13.36,21812.0,1632.2,2026-08-15T01:29:45+09:00
2018-11-27,NT倍率,13.35,21952.4,1644.16,2026-08-15T01:29:45+09:00
2018-11-28,NT倍率,13.41,22177.02,1653.66,2026-08-15T01:29:45+09:00
2018-11-29,NT倍率,13.42,22262.6,1659.47,2026-08-15T01:29:45+09:00
2018-11-30,NT倍率,13.4,22351.06,1667.45,2026-08-15T01:29:45+09:00
2018-12-03,NT倍率,13.37,22574.76,1689.05,2026-08-15T01:29:45+09:00
2018-12-04,NT倍率,13.36,22036.05,1649.2,2026-08-15T01:29:45+09:00
2018-12-05,NT倍率,13.36,21919.33,1640.49,2026-08-15T01:29:45+09:00
2018-12-06,NT倍率,13.35,21501.62,1610.6,2026-08-15T01:29:45+09:00
2018-12-07,NT倍率,13.38,21678.68,1620.45,2026-08-15T01:29:45+09:00
2018-12-10,NT倍率,13.35,21219.5,1589.81,2026-08-15T01:29:45+09:00
2018-12-11,NT倍率,13.42,21148.02,1575.31,2026-08-15T01:29:45+09:00
2018-12-12,NT倍率,13.45,21602.75,1606.61,2026-08-15T01:29:45+09:00
2018-12-13,NT倍率,13.49,21816.19,1616.65,2026-08-15T01:29:45+09:00
2018-12-14,NT倍率,13.43,21374.83,1592.16,2026-08-15T01:29:45+09:00
2018-12-17,NT倍率,13.49,21506.88,1594.2,2026-08-15T01:29:45+09:00
2018-12-18,NT倍率,13.51,21115.45,1562.51,2026-08-15T01:29:45+09:00
2018-12-19,NT倍率,13.49,20987.92,1556.15,2026-08-15T01:29:45+09:00
2018-12-20,NT倍率,13.44,20392.58,1517.16,2026-08-15T01:29:45+09:00
2018-12-21,NT倍率,13.55,20166.19,1488.19,2026-08-15T01:29:45+09:00
2018-12-25,NT倍率,13.53,19155.74,1415.55,2026-08-15T01:29:45+09:00
2018-12-26,NT倍率,13.5,19327.06,1431.47,2026-08-15T01:29:45+09:00
2018-12-27,NT倍率,13.37,20077.62,1501.63,2026-08-15T01:29:45+09:00
2018-12-28,NT倍率,13.4,20014.77,1494.09,2026-08-15T01:29:45+09:00
2019-01-04,NT倍率,13.3,19561.96,1471.16,2026-08-15T01:29:45+09:00
2019-01-07,NT倍率,13.25,20038.97,1512.53,2026-08-15T01:29:45+09:00
2019-01-08,NT倍率,13.31,20204.04,1518.43,2026-08-15T01:29:45+09:00
2019-01-09,NT倍率,13.31,20427.06,1535.11,2026-08-15T01:29:45+09:00
2019-01-10,NT倍率,13.25,20163.8,1522.01,2026-08-15T01:29:45+09:00
2019-01-11,NT倍率,13.31,20359.7,1529.73,2026-08-15T01:29:45+09:00
2019-01-15,NT倍率,13.32,20555.29,1542.72,2026-08-15T01:29:45+09:00
2019-01-16,NT倍率,13.29,20442.75,1537.77,2026-08-15T01:29:45+09:00
2019-01-17,NT倍率,13.22,20402.27,1543.2,2026-08-15T01:29:45+09:00
2019-01-18,NT倍率,13.27,20666.07,1557.59,2026-08-15T01:29:45+09:00
2019-01-21,NT倍率,13.23,20719.33,1566.37,2026-08-15T01:29:45+09:00
2019-01-22,NT倍率,13.25,20622.91,1556.43,2026-08-15T01:29:45+09:00
2019-01-23,NT倍率,13.31,20593.72,1547.03,2026-08-15T01:29:45+09:00
2019-01-24,NT倍率,13.25,20574.63,1552.6,2026-08-15T01:29:45+09:00
2019-01-25,NT倍率,13.26,20773.56,1566.1,2026-08-15T01:29:45+09:00
2019-01-28,NT倍率,13.27,20649.0,1555.51,2026-08-15T01:29:45+09:00
2019-01-29,NT倍率,13.27,20664.64,1557.09,2026-08-15T01:29:45+09:00
2019-01-30,NT倍率,13.26,20556.54,1550.76,2026-08-15T01:29:45+09:00
2019-01-31,NT倍率,13.25,20773.49,1567.49,2026-08-15T01:29:45+09:00
2019-02-01,NT倍率,13.29,20788.39,1564.63,2026-08-15T01:29:45+09:00
2019-02-04,NT倍率,13.21,20883.77,1581.33,2026-08-15T01:29:45+09:00
2019-02-05,NT倍率,13.17,20844.45,1582.88,2026-08-15T01:29:45+09:00
2019-02-06,NT倍率,13.19,20874.06,1582.13,2026-08-15T01:29:45+09:00
2019-02-07,NT倍率,13.23,20751.28,1569.03,2026-08-15T01:29:45+09:00
2019-02-08,NT倍率,13.21,20333.17,1539.4,2026-08-15T01:29:45+09:00
2019-02-12,NT倍率,13.27,20864.21,1572.6,2026-08-15T01:29:45+09:00
2019-02-13,NT倍率,13.3,21144.48,1589.33,2026-08-15T01:29:45+09:00
2019-02-14,NT倍率,13.3,21139.71,1589.81,2026-08-15T01:29:45+09:00
2019-02-15,NT倍率,13.25,20900.63,1577.29,2026-08-15T01:29:45+09:00
2019-02-18,NT倍率,13.28,21281.85,1601.96,2026-08-15T01:29:45+09:00
2019-02-19,NT倍率,13.26,21302.65,1606.52,2026-08-15T01:29:45+09:00
2019-02-20,NT倍率,13.28,21431.49,1613.47,2026-08-15T01:29:45+09:00
2019-02-21,NT倍率,13.3,21464.23,1613.5,2026-08-15T01:29:45+09:00
2019-02-22,NT倍率,13.31,21425.51,1609.52,2026-08-15T01:29:45+09:00
2019-02-25,NT倍率,13.28,21528.23,1620.87,2026-08-15T01:29:45+09:00
2019-02-26,NT倍率,13.26,21449.39,1617.2,2026-08-15T01:29:45+09:00
2019-02-27,NT倍率,13.3,21556.51,1620.42,2026-08-15T01:29:45+09:00
2019-02-28,NT倍率,13.3,21385.16,1607.66,2026-08-15T01:29:45+09:00
2019-03-01,NT倍率,13.37,21602.69,1615.72,2026-08-15T01:29:45+09:00
2019-03-04,NT倍率,13.41,21822.04,1627.59,2026-08-15T01:29:45+09:00
2019-03-05,NT倍率,13.42,21726.28,1619.23,2026-08-15T01:29:45+09:00
2019-03-06,NT倍率,13.37,21596.81,1615.25,2026-08-15T01:29:45+09:00
2019-03-07,NT倍率,13.4,21456.01,1601.66,2026-08-15T01:29:45+09:00
2019-03-08,NT倍率,13.37,21025.56,1572.44,2026-08-15T01:29:45+09:00
2019-03-11,NT倍率,13.36,21125.09,1581.44,2026-08-15T01:29:45+09:00
2019-03-12,NT倍率,13.39,21503.69,1605.48,2026-08-15T01:29:45+09:00
2019-03-13,NT倍率,13.37,21290.24,1592.07,2026-08-15T01:29:45+09:00
2019-03-14,NT倍率,13.4,21287.02,1588.29,2026-08-15T01:29:45+09:00
2019-03-15,NT倍率,13.38,21450.85,1602.63,2026-08-15T01:29:45+09:00
2019-03-18,NT倍率,13.38,21584.5,1613.68,2026-08-15T01:29:45+09:00
2019-03-19,NT倍率,13.39,21566.85,1610.23,2026-08-15T01:29:45+09:00
2019-03-20,NT倍率,13.39,21608.92,1614.39,2026-08-15T01:29:45+09:00
2019-03-22,NT倍率,13.37,21627.34,1617.11,2026-08-15T01:29:45+09:00
2019-03-25,NT倍率,13.3,20977.11,1577.41,2026-08-15T01:29:45+09:00
2019-03-26,NT倍率,13.24,21428.39,1617.94,2026-08-15T01:29:45+09:00
2019-03-27,NT倍率,13.28,21378.73,1609.49,2026-08-15T01:29:45+09:00
2019-03-28,NT倍率,13.29,21033.76,1582.85,2026-08-15T01:29:45+09:00
2019-03-29,NT倍率,13.32,21205.81,1591.64,2026-08-15T01:29:45+09:00
2019-04-01,NT倍率,13.31,21509.03,1615.81,2026-08-15T01:29:45+09:00
2019-04-02,NT倍率,13.34,21505.31,1611.69,2026-08-15T01:29:45+09:00
2019-04-03,NT倍率,13.39,21713.21,1621.77,2026-08-15T01:29:45+09:00
2019-04-04,NT倍率,13.41,21724.95,1620.05,2026-08-15T01:29:45+09:00
2019-04-05,NT倍率,13.41,21807.5,1625.75,2026-08-15T01:29:45+09:00
2019-04-08,NT倍率,13.43,21761.65,1620.14,2026-08-15T01:29:45+09:00
2019-04-09,NT倍率,13.47,21802.59,1618.76,2026-08-15T01:29:45+09:00
2019-04-10,NT倍率,13.49,21687.57,1607.66,2026-08-15T01:29:45+09:00
2019-04-11,NT倍率,13.51,21711.38,1606.52,2026-08-15T01:29:45+09:00
2019-04-12,NT倍率,13.62,21870.56,1605.4,2026-08-15T01:29:45+09:00
2019-04-15,NT倍率,13.62,22169.11,1627.93,2026-08-15T01:29:45+09:00
2019-04-16,NT倍率,13.66,22221.66,1626.46,2026-08-15T01:29:45+09:00
2019-04-17,NT倍率,13.66,22277.97,1630.68,2026-08-15T01:29:45+09:00
2019-04-18,NT倍率,13.68,22090.12,1614.97,2026-08-15T01:29:45+09:00
2019-04-19,NT倍率,13.73,22200.56,1616.93,2026-08-15T01:29:45+09:00
2019-04-22,NT倍率,13.73,22217.9,1618.62,2026-08-15T01:29:45+09:00
2019-04-23,NT倍率,13.72,22259.74,1622.97,2026-08-15T01:29:45+09:00
2019-04-24,NT倍率,13.77,22200.0,1612.05,2026-08-15T01:29:45+09:00
2019-04-25,NT倍率,13.77,22307.58,1620.28,2026-08-15T01:29:45+09:00
2019-04-26,NT倍率,13.76,22258.73,1617.93,2026-08-15T01:29:45+09:00
2019-05-07,NT倍率,13.7,21923.72,1599.84,2026-08-15T01:29:45+09:00
2019-05-08,NT倍率,13.74,21602.59,1572.33,2026-08-15T01:29:45+09:00
2019-05-09,NT倍率,13.8,21402.13,1550.71,2026-08-15T01:29:45+09:00
2019-05-10,NT倍率,13.78,21344.92,1549.42,2026-08-15T01:29:45+09:00
2019-05-13,NT倍率,13.75,21191.28,1541.14,2026-08-15T01:29:45+09:00
2019-05-14,NT倍率,13.72,21067.23,1534.98,2026-08-15T01:29:45+09:00
2019-05-15,NT倍率,13.72,21188.56,1544.15,2026-08-15T01:29:45+09:00
2019-05-16,NT倍率,13.7,21062.98,1537.55,2026-08-15T01:29:45+09:00
2019-05-17,NT倍率,13.67,21250.09,1554.25,2026-08-15T01:29:45+09:00
2019-05-20,NT倍率,13.7,21301.73,1554.92,2026-08-15T01:29:45+09:00
2019-05-21,NT倍率,13.72,21272.45,1550.3,2026-08-15T01:29:45+09:00
2019-05-22,NT倍率,13.76,21283.37,1546.21,2026-08-15T01:29:45+09:00
2019-05-23,NT倍率,13.73,21151.14,1540.58,2026-08-15T01:29:45+09:00
2019-05-24,NT倍率,13.7,21117.22,1541.21,2026-08-15T01:29:45+09:00
2019-05-27,NT倍率,13.69,21182.58,1547.0,2026-08-15T01:29:45+09:00
2019-05-28,NT倍率,13.71,21260.14,1550.99,2026-08-15T01:29:45+09:00
2019-05-29,NT倍率,13.67,21003.37,1536.41,2026-08-15T01:29:45+09:00
2019-05-30,NT倍率,13.67,20942.53,1531.98,2026-08-15T01:29:45+09:00
2019-05-31,NT倍率,13.62,20601.19,1512.28,2026-08-15T01:29:45+09:00
2019-06-03,NT倍率,13.62,20410.88,1498.96,2026-08-15T01:29:45+09:00
2019-06-04,NT倍率,13.61,20408.54,1499.09,2026-08-15T01:29:45+09:00
2019-06-05,NT倍率,13.58,20776.1,1530.08,2026-08-15T01:29:45+09:00
2019-06-06,NT倍率,13.62,20774.04,1524.91,2026-08-15T01:29:45+09:00
2019-06-07,NT倍率,13.63,20884.71,1532.39,2026-08-15T01:29:45+09:00
2019-06-10,NT倍率,13.61,21134.42,1552.94,2026-08-15T01:29:45+09:00
2019-06-11,NT倍率,13.58,21204.28,1561.32,2026-08-15T01:29:45+09:00
2019-06-12,NT倍率,13.6,21129.72,1554.22,2026-08-15T01:29:45+09:00
2019-06-13,NT倍率,13.64,21032.0,1541.5,2026-08-15T01:29:45+09:00
2019-06-14,NT倍率,13.65,21116.89,1546.71,2026-08-15T01:29:45+09:00
2019-06-17,NT倍率,13.72,21124.0,1539.74,2026-08-15T01:29:45+09:00
2019-06-18,NT倍率,13.72,20972.71,1528.67,2026-08-15T01:29:45+09:00
2019-06-19,NT倍率,13.72,21333.87,1555.27,2026-08-15T01:29:45+09:00
2019-06-20,NT倍率,13.76,21462.86,1559.9,2026-08-15T01:29:45+09:00
2019-06-21,NT倍率,13.75,21258.64,1545.9,2026-08-15T01:29:45+09:00
2019-06-24,NT倍率,13.75,21285.99,1547.74,2026-08-15T01:29:45+09:00
2019-06-25,NT倍率,13.73,21193.81,1543.49,2026-08-15T01:29:45+09:00
2019-06-26,NT倍率,13.74,21086.59,1534.34,2026-08-15T01:29:45+09:00
2019-06-27,NT倍率,13.74,21338.17,1553.27,2026-08-15T01:29:45+09:00
2019-06-28,NT倍率,13.72,21275.92,1551.14,2026-08-15T01:29:45+09:00
2019-07-01,NT倍率,13.71,21729.97,1584.85,2026-08-15T01:29:45+09:00
2019-07-02,NT倍率,13.68,21754.27,1589.84,2026-08-15T01:29:45+09:00
2019-07-03,NT倍率,13.7,21638.16,1579.54,2026-08-15T01:29:45+09:00
2019-07-04,NT倍率,13.65,21702.45,1589.78,2026-08-15T01:29:45+09:00
2019-07-05,NT倍率,13.65,21746.38,1592.58,2026-08-15T01:29:45+09:00
2019-07-08,NT倍率,13.64,21534.35,1578.4,2026-08-15T01:29:45+09:00
2019-07-09,NT倍率,13.69,21565.15,1574.89,2026-08-15T01:29:45+09:00
2019-07-10,NT倍率,13.7,21533.48,1571.32,2026-08-15T01:29:45+09:00
2019-07-11,NT倍率,13.71,21643.53,1578.63,2026-08-15T01:29:45+09:00
2019-07-12,NT倍率,13.76,21685.9,1576.31,2026-08-15T01:29:45+09:00
2019-07-16,NT倍率,13.73,21535.25,1568.74,2026-08-15T01:29:45+09:00
2019-07-17,NT倍率,13.7,21469.18,1567.41,2026-08-15T01:29:45+09:00
2019-07-18,NT倍率,13.72,21046.24,1534.27,2026-08-15T01:29:45+09:00
2019-07-19,NT倍率,13.73,21466.99,1563.96,2026-08-15T01:29:45+09:00
2019-07-22,NT倍率,13.76,21416.79,1556.37,2026-08-15T01:29:45+09:00
2019-07-23,NT倍率,13.78,21620.88,1568.82,2026-08-15T01:29:45+09:00
2019-07-24,NT倍率,13.78,21709.57,1575.09,2026-08-15T01:29:45+09:00
2019-07-25,NT倍率,13.79,21756.55,1577.85,2026-08-15T01:29:45+09:00
2019-07-26,NT倍率,13.78,21658.15,1571.52,2026-08-15T01:29:45+09:00
2019-07-29,NT倍率,13.78,21616.8,1568.57,2026-08-15T01:29:45+09:00
2019-07-30,NT倍率,13.78,21709.31,1575.58,2026-08-15T01:29:45+09:00
2019-07-31,NT倍率,13.75,21521.53,1565.14,2026-08-15T01:29:45+09:00
2019-08-01,NT倍率,13.74,21540.99,1567.35,2026-08-15T01:29:45+09:00
2019-08-02,NT倍率,13.75,21087.16,1533.46,2026-08-15T01:29:45+09:00
2019-08-05,NT倍率,13.76,20720.29,1505.88,2026-08-15T01:29:45+09:00
2019-08-06,NT倍率,13.73,20585.31,1499.23,2026-08-15T01:29:45+09:00
2019-08-07,NT倍率,13.68,20516.56,1499.93,2026-08-15T01:29:45+09:00
2019-08-08,NT倍率,13.74,20593.35,1498.66,2026-08-15T01:29:45+09:00
2019-08-09,NT倍率,13.75,20684.82,1503.84,2026-08-15T01:29:45+09:00
2019-08-13,NT倍率,13.76,20455.44,1486.57,2026-08-15T01:29:45+09:00
2019-08-14,NT倍率,13.77,20655.13,1499.5,2026-08-15T01:29:45+09:00
2019-08-15,NT倍率,13.75,20405.65,1483.85,2026-08-15T01:29:45+09:00
2019-08-16,NT倍率,13.75,20418.81,1485.29,2026-08-15T01:29:45+09:00
2019-08-19,NT倍率,13.76,20563.16,1494.33,2026-08-15T01:29:45+09:00
2019-08-20,NT倍率,13.72,20677.22,1506.77,2026-08-15T01:29:45+09:00
2019-08-21,NT倍率,13.77,20618.57,1497.51,2026-08-15T01:29:45+09:00
2019-08-22,NT倍率,13.77,20628.01,1498.06,2026-08-15T01:29:45+09:00
2019-08-23,NT倍率,13.79,20710.91,1502.25,2026-08-15T01:29:45+09:00
2019-08-26,NT倍率,13.71,20261.04,1478.03,2026-08-15T01:29:45+09:00
2019-08-27,NT倍率,13.73,20456.08,1489.69,2026-08-15T01:29:45+09:00
2019-08-28,NT倍率,13.74,20479.42,1490.35,2026-08-15T01:29:45+09:00
2019-08-29,NT倍率,13.73,20460.93,1490.17,2026-08-15T01:29:45+09:00
2019-08-30,NT倍率,13.69,20704.37,1511.86,2026-08-15T01:29:45+09:00
2019-09-02,NT倍率,13.7,20620.19,1505.21,2026-08-15T01:29:45+09:00
2019-09-03,NT倍率,13.65,20625.16,1510.79,2026-08-15T01:29:45+09:00
2019-09-04,NT倍率,13.7,20649.14,1506.81,2026-08-15T01:29:45+09:00
2019-09-05,NT倍率,13.74,21085.94,1534.46,2026-08-15T01:29:45+09:00
2019-09-06,NT倍率,13.79,21199.57,1537.1,2026-08-15T01:29:45+09:00
2019-09-09,NT倍率,13.74,21318.42,1551.11,2026-08-15T01:29:45+09:00
2019-09-10,NT倍率,13.73,21392.1,1557.99,2026-08-15T01:29:45+09:00
2019-09-11,NT倍率,13.64,21597.76,1583.66,2026-08-15T01:29:45+09:00
2019-09-12,NT倍率,13.64,21759.61,1595.1,2026-08-15T01:29:45+09:00
2019-09-13,NT倍率,13.66,21988.29,1609.87,2026-08-15T01:29:45+09:00
2019-09-17,NT倍率,13.63,22001.32,1614.58,2026-08-15T01:29:45+09:00
2019-09-18,NT倍率,13.67,21960.71,1606.62,2026-08-15T01:29:45+09:00
2019-09-19,NT倍率,13.64,22044.45,1615.66,2026-08-15T01:29:45+09:00
2019-09-20,NT倍率,13.66,22079.09,1616.23,2026-08-15T01:29:45+09:00
2019-09-24,NT倍率,13.62,22098.84,1622.94,2026-08-15T01:29:45+09:00
2019-09-25,NT倍率,13.59,22020.15,1620.08,2026-08-15T01:29:45+09:00
2019-09-26,NT倍率,13.58,22048.24,1623.27,2026-08-15T01:29:45+09:00
2019-09-27,NT倍率,13.64,21878.9,1604.25,2026-08-15T01:29:45+09:00
2019-09-30,NT倍率,13.7,21755.84,1587.8,2026-08-15T01:29:45+09:00
2019-10-01,NT倍率,13.65,21885.24,1603.0,2026-08-15T01:29:45+09:00
2019-10-02,NT倍率,13.64,21778.61,1596.29,2026-08-15T01:29:45+09:00
2019-10-03,NT倍率,13.6,21341.74,1568.87,2026-08-15T01:29:45+09:00
2019-10-04,NT倍率,13.61,21410.2,1572.9,2026-08-15T01:29:45+09:00
2019-10-07,NT倍率,13.59,21375.25,1572.75,2026-08-15T01:29:45+09:00
2019-10-08,NT倍率,13.61,21587.78,1586.5,2026-08-15T01:29:45+09:00
2019-10-09,NT倍率,13.57,21456.38,1581.7,2026-08-15T01:29:45+09:00
2019-10-10,NT倍率,13.63,21551.98,1581.42,2026-08-15T01:29:45+09:00
2019-10-11,NT倍率,13.66,21798.87,1595.27,2026-08-15T01:29:45+09:00
2019-10-15,NT倍率,13.71,22207.21,1620.2,2026-08-15T01:29:45+09:00
2019-10-16,NT倍率,13.77,22472.92,1631.51,2026-08-15T01:29:45+09:00
2019-10-17,NT倍率,13.82,22451.86,1624.16,2026-08-15T01:29:45+09:00
2019-10-18,NT倍率,13.87,22492.68,1621.99,2026-08-15T01:29:45+09:00
2019-10-21,NT倍率,13.85,22548.9,1628.6,2026-08-15T01:29:45+09:00
2019-10-23,NT倍率,13.81,22625.38,1638.14,2026-08-15T01:29:45+09:00
2019-10-24,NT倍率,13.84,22750.6,1643.74,2026-08-15T01:29:45+09:00
2019-10-25,NT倍率,13.83,22799.81,1648.44,2026-08-15T01:29:45+09:00
2019-10-28,NT倍率,13.87,22867.27,1648.43,2026-08-15T01:29:45+09:00
2019-10-29,NT倍率,13.82,22974.13,1662.68,2026-08-15T01:29:45+09:00
2019-10-30,NT倍率,13.71,22843.12,1665.9,2026-08-15T01:29:45+09:00
2019-10-31,NT倍率,13.75,22927.04,1667.01,2026-08-15T01:29:45+09:00
2019-11-01,NT倍率,13.71,22850.77,1666.5,2026-08-15T01:29:45+09:00
2019-11-05,NT倍率,13.72,23251.99,1694.16,2026-08-15T01:29:45+09:00
2019-11-06,NT倍率,13.75,23303.82,1694.45,2026-08-15T01:29:45+09:00
2019-11-07,NT倍率,13.74,23330.32,1698.13,2026-08-15T01:29:45+09:00
2019-11-08,NT倍率,13.74,23391.87,1702.77,2026-08-15T01:29:45+09:00
2019-11-11,NT倍率,13.69,23331.84,1704.03,2026-08-15T01:29:45+09:00
2019-11-12,NT倍率,13.76,23520.01,1709.67,2026-08-15T01:29:45+09:00
2019-11-13,NT倍率,13.71,23319.87,1700.33,2026-08-15T01:29:45+09:00
2019-11-14,NT倍率,13.74,23141.55,1684.4,2026-08-15T01:29:45+09:00
2019-11-15,NT倍率,13.73,23303.32,1696.67,2026-08-15T01:29:45+09:00
2019-11-18,NT倍率,13.77,23416.76,1700.72,2026-08-15T01:29:45+09:00
2019-11-19,NT倍率,13.73,23292.65,1696.73,2026-08-15T01:29:45+09:00
2019-11-20,NT倍率,13.69,23148.57,1691.11,2026-08-15T01:29:45+09:00
2019-11-21,NT倍率,13.64,23038.58,1689.38,2026-08-15T01:29:45+09:00
2019-11-22,NT倍率,13.67,23112.88,1691.34,2026-08-15T01:29:45+09:00
2019-11-25,NT倍率,13.68,23292.81,1702.96,2026-08-15T01:29:45+09:00
2019-11-26,NT倍率,13.7,23373.32,1705.71,2026-08-15T01:29:45+09:00
2019-11-27,NT倍率,13.7,23437.77,1710.98,2026-08-15T01:29:45+09:00
2019-11-28,NT倍率,13.71,23409.14,1708.06,2026-08-15T01:29:45+09:00
2019-11-29,NT倍率,13.71,23293.91,1699.36,2026-08-15T01:29:45+09:00
2019-12-02,NT倍率,13.72,23529.5,1714.49,2026-08-15T01:29:45+09:00
2019-12-03,NT倍率,13.7,23379.81,1706.73,2026-08-15T01:29:45+09:00
2019-12-04,NT倍率,13.58,23135.23,1703.27,2026-08-15T01:29:45+09:00
2019-12-05,NT倍率,13.61,23300.09,1711.41,2026-08-15T01:29:45+09:00
2019-12-06,NT倍率,13.63,23354.4,1713.36,2026-08-15T01:29:45+09:00
2019-12-09,NT倍率,13.61,23430.7,1722.07,2026-08-15T01:29:45+09:00
2019-12-10,NT倍率,13.6,23410.19,1720.77,2026-08-15T01:29:45+09:00
2019-12-11,NT倍率,13.64,23391.86,1714.95,2026-08-15T01:29:45+09:00
2019-12-12,NT倍率,13.68,23424.81,1712.83,2026-08-15T01:29:45+09:00
2019-12-13,NT倍率,13.81,24023.1,1739.98,2026-08-15T01:29:45+09:00
2019-12-16,NT倍率,13.79,23952.35,1736.87,2026-08-15T01:29:45+09:00
2019-12-17,NT倍率,13.77,24066.12,1747.2,2026-08-15T01:29:45+09:00
2019-12-18,NT倍率,13.77,23934.43,1738.4,2026-08-15T01:29:45+09:00
2019-12-19,NT倍率,13.75,23864.85,1736.11,2026-08-15T01:29:45+09:00
2019-12-20,NT倍率,13.74,23816.63,1733.07,2026-08-15T01:29:45+09:00
2019-12-23,NT倍率,13.77,23821.11,1729.42,2026-08-15T01:29:45+09:00
2019-12-24,NT倍率,13.79,23830.58,1728.22,2026-08-15T01:29:45+09:00
2019-12-25,NT倍率,13.82,23782.87,1721.42,2026-08-15T01:29:45+09:00
2019-12-26,NT倍率,13.82,23924.92,1731.2,2026-08-15T01:29:45+09:00
2019-12-27,NT倍率,13.75,23837.72,1733.18,2026-08-15T01:29:45+09:00
2019-12-30,NT倍率,13.74,23656.62,1721.36,2026-08-15T01:29:45+09:00
2020-01-06,NT倍率,13.67,23204.86,1697.49,2026-08-15T01:29:45+09:00
2020-01-07,NT倍率,13.67,23575.72,1725.05,2026-08-15T01:29:45+09:00
2020-01-08,NT倍率,13.64,23204.76,1701.4,2026-08-15T01:29:45+09:00
2020-01-09,NT倍率,13.73,23739.87,1729.05,2026-08-15T01:29:45+09:00
2020-01-10,NT倍率,13.75,23850.57,1735.16,2026-08-15T01:29:45+09:00
2020-01-14,NT倍率,13.8,24025.17,1740.53,2026-08-15T01:29:45+09:00
2020-01-15,NT倍率,13.82,23916.58,1731.06,2026-08-15T01:29:45+09:00
2020-01-16,NT倍率,13.84,23933.13,1728.72,2026-08-15T01:29:45+09:00
2020-01-17,NT倍率,13.85,24041.26,1735.44,2026-08-15T01:29:45+09:00
2020-01-20,NT倍率,13.81,24083.51,1744.16,2026-08-15T01:29:45+09:00
2020-01-21,NT倍率,13.76,23864.56,1734.97,2026-08-15T01:29:45+09:00
2020-01-22,NT倍率,13.78,24031.35,1744.13,2026-08-15T01:29:45+09:00
2020-01-23,NT倍率,13.75,23795.44,1730.5,2026-08-15T01:29:45+09:00
2020-01-24,NT倍率,13.77,23827.18,1730.44,2026-08-15T01:29:45+09:00
2020-01-27,NT倍率,13.71,23343.51,1702.57,2026-08-15T01:29:45+09:00
2020-01-28,NT倍率,13.72,23215.71,1692.28,2026-08-15T01:29:45+09:00
2020-01-29,NT倍率,13.75,23379.4,1699.95,2026-08-15T01:29:45+09:00
2020-01-30,NT倍率,13.72,22977.75,1674.77,2026-08-15T01:29:45+09:00
2020-01-31,NT倍率,13.78,23205.18,1684.44,2026-08-15T01:29:45+09:00
2020-02-03,NT倍率,13.73,22971.94,1672.66,2026-08-15T01:29:45+09:00
2020-02-04,NT倍率,13.71,23084.59,1684.24,2026-08-15T01:29:45+09:00
2020-02-05,NT倍率,13.7,23319.56,1701.83,2026-08-15T01:29:45+09:00
2020-02-06,NT倍率,13.74,23873.59,1736.98,2026-08-15T01:29:45+09:00
2020-02-07,NT倍率,13.76,23827.98,1732.14,2026-08-15T01:29:45+09:00
2020-02-10,NT倍率,13.77,23685.98,1719.64,2026-08-15T01:29:45+09:00
2020-02-12,NT倍率,13.88,23861.21,1718.92,2026-08-15T01:29:45+09:00
2020-02-13,NT倍率,13.91,23827.73,1713.08,2026-08-15T01:29:45+09:00
2020-02-14,NT倍率,13.91,23687.59,1702.87,2026-08-15T01:29:45+09:00
2020-02-17,NT倍率,13.94,23523.24,1687.77,2026-08-15T01:29:45+09:00
2020-02-18,NT倍率,13.92,23193.8,1665.71,2026-08-15T01:29:45+09:00
2020-02-19,NT倍率,14.0,23400.7,1671.86,2026-08-15T01:29:45+09:00
2020-02-20,NT倍率,14.02,23479.15,1674.48,2026-08-15T01:29:45+09:00
2020-02-21,NT倍率,13.97,23386.74,1674.0,2026-08-15T01:29:45+09:00
2020-02-25,NT倍率,13.97,22605.41,1618.26,2026-08-15T01:29:45+09:00
2020-02-26,NT倍率,13.96,22426.19,1606.17,2026-08-15T01:29:45+09:00
2020-02-27,NT倍率,14.0,21948.23,1568.06,2026-08-15T01:29:45+09:00
2020-02-28,NT倍率,13.99,21142.96,1510.87,2026-08-15T01:29:45+09:00
2020-03-02,NT倍率,13.99,21344.08,1525.87,2026-08-15T01:29:45+09:00
2020-03-03,NT倍率,14.01,21082.73,1505.12,2026-08-15T01:29:45+09:00
2020-03-04,NT倍率,14.04,21100.06,1502.5,2026-08-15T01:29:45+09:00
2020-03-05,NT倍率,14.07,21329.12,1515.71,2026-08-15T01:29:45+09:00
2020-03-06,NT倍率,14.1,20749.75,1471.46,2026-08-15T01:29:45+09:00
2020-03-09,NT倍率,14.18,19698.76,1388.97,2026-08-15T01:29:45+09:00
2020-03-10,NT倍率,14.12,19867.12,1406.68,2026-08-15T01:29:45+09:00
2020-03-11,NT倍率,14.02,19416.06,1385.12,2026-08-15T01:29:45+09:00
2020-03-12,NT倍率,13.98,18559.63,1327.88,2026-08-15T01:29:45+09:00
2020-03-13,NT倍率,13.82,17431.05,1261.7,2026-08-15T01:29:45+09:00
2020-03-16,NT倍率,13.75,17002.04,1236.34,2026-08-15T01:29:45+09:00
2020-03-17,NT倍率,13.41,17011.53,1268.46,2026-08-15T01:29:45+09:00
2020-03-18,NT倍率,13.16,16726.55,1270.84,2026-08-15T01:29:45+09:00
2020-03-19,NT倍率,12.9,16552.83,1283.22,2026-08-15T01:29:45+09:00
2020-03-23,NT倍率,13.07,16887.78,1292.01,2026-08-15T01:29:45+09:00
2020-03-24,NT倍率,13.57,18092.35,1333.1,2026-08-15T01:29:45+09:00
2020-03-25,NT倍率,13.72,19546.63,1424.62,2026-08-15T01:29:45+09:00
2020-03-26,NT倍率,13.34,18664.6,1399.32,2026-08-15T01:29:45+09:00
2020-03-27,NT倍率,13.29,19389.43,1459.49,2026-08-15T01:29:45+09:00
2020-03-30,NT倍率,13.29,19084.97,1435.54,2026-08-15T01:29:45+09:00
2020-03-31,NT倍率,13.48,18917.01,1403.04,2026-08-15T01:29:45+09:00
2020-04-01,NT倍率,13.37,18065.41,1351.08,2026-08-15T01:29:45+09:00
2020-04-02,NT倍率,13.4,17818.72,1329.87,2026-08-15T01:29:45+09:00
2020-04-03,NT倍率,13.45,17820.19,1325.13,2026-08-15T01:29:45+09:00
2020-04-06,NT倍率,13.5,18576.3,1376.3,2026-08-15T01:29:45+09:00
2020-04-07,NT倍率,13.5,18950.18,1403.21,2026-08-15T01:29:45+09:00
2020-04-08,NT倍率,13.58,19353.24,1425.47,2026-08-15T01:29:45+09:00
2020-04-09,NT倍率,13.65,19345.77,1416.98,2026-08-15T01:29:45+09:00
2020-04-10,NT倍率,13.63,19498.5,1430.04,2026-08-15T01:29:45+09:00
2020-04-13,NT倍率,13.55,19043.4,1405.91,2026-08-15T01:29:45+09:00
2020-04-14,NT倍率,13.7,19638.81,1433.51,2026-08-15T01:29:45+09:00
2020-04-15,NT倍率,13.63,19550.09,1434.07,2026-08-15T01:29:45+09:00
2020-04-16,NT倍率,13.56,19290.2,1422.24,2026-08-15T01:29:45+09:00
2020-04-17,NT倍率,13.79,19897.26,1442.54,2026-08-15T01:29:45+09:00
2020-04-20,NT倍率,13.73,19669.12,1432.41,2026-08-15T01:29:45+09:00
2020-04-21,NT倍率,13.62,19280.78,1415.89,2026-08-15T01:29:45+09:00
2020-04-22,NT倍率,13.6,19137.95,1406.9,2026-08-15T01:29:45+09:00
2020-04-23,NT倍率,13.63,19429.44,1425.98,2026-08-15T01:29:45+09:00
2020-04-24,NT倍率,13.55,19262.0,1421.29,2026-08-15T01:29:45+09:00
2020-04-27,NT倍率,13.67,19783.22,1447.25,2026-08-15T01:29:45+09:00
2020-04-28,NT倍率,13.64,19771.19,1449.15,2026-08-15T01:29:45+09:00
2020-04-30,NT倍率,13.79,20193.69,1464.03,2026-08-15T01:29:45+09:00
2020-05-01,NT倍率,13.71,19619.35,1431.26,2026-08-15T01:29:45+09:00
2020-05-07,NT倍率,13.79,19674.77,1426.73,2026-08-15T01:29:45+09:00
2020-05-08,NT倍率,13.84,20179.09,1458.28,2026-08-15T01:29:45+09:00
2020-05-11,NT倍率,13.77,20390.66,1480.62,2026-08-15T01:29:45+09:00
2020-05-12,NT倍率,13.79,20366.48,1476.72,2026-08-15T01:29:45+09:00
2020-05-13,NT倍率,13.74,20267.05,1474.69,2026-08-15T01:29:45+09:00
2020-05-14,NT倍率,13.77,19914.78,1446.55,2026-08-15T01:29:45+09:00
2020-05-15,NT倍率,13.78,20037.47,1453.77,2026-08-15T01:29:45+09:00
2020-05-18,NT倍率,13.8,20133.73,1459.29,2026-08-15T01:29:45+09:00
2020-05-19,NT倍率,13.75,20433.45,1486.05,2026-08-15T01:29:45+09:00
2020-05-20,NT倍率,13.78,20595.15,1494.69,2026-08-15T01:29:45+09:00
2020-05-21,NT倍率,13.78,20552.31,1491.21,2026-08-15T01:29:45+09:00
2020-05-22,NT倍率,13.8,20388.16,1477.8,2026-08-15T01:29:45+09:00
2020-05-25,NT倍率,13.81,20741.65,1502.2,2026-08-15T01:29:45+09:00
2020-05-26,NT倍率,13.86,21271.17,1534.73,2026-08-15T01:29:45+09:00
2020-05-27,NT倍率,13.82,21419.23,1549.47,2026-08-15T01:29:45+09:00
2020-05-28,NT倍率,13.89,21916.31,1577.34,2026-08-15T01:29:45+09:00
2020-05-29,NT倍率,13.99,21877.89,1563.67,2026-08-15T01:29:45+09:00
2020-06-01,NT倍率,14.06,22062.39,1568.75,2026-08-15T01:29:45+09:00
2020-06-02,NT倍率,14.06,22325.61,1587.68,2026-08-15T01:29:45+09:00
2020-06-03,NT倍率,14.14,22613.76,1599.08,2026-08-15T01:29:45+09:00
2020-06-04,NT倍率,14.15,22695.74,1603.82,2026-08-15T01:29:45+09:00
2020-06-05,NT倍率,14.18,22863.73,1612.48,2026-08-15T01:29:45+09:00
2020-06-08,NT倍率,14.21,23178.1,1630.72,2026-08-15T01:29:45+09:00
2020-06-09,NT倍率,14.18,23091.03,1628.43,2026-08-15T01:29:45+09:00
2020-06-10,NT倍率,14.23,23124.95,1624.71,2026-08-15T01:29:45+09:00
2020-06-11,NT倍率,14.14,22472.91,1588.92,2026-08-15T01:29:45+09:00
2020-06-12,NT倍率,14.2,22305.48,1570.68,2026-08-15T01:29:45+09:00
2020-06-15,NT倍率,14.07,21530.95,1530.78,2026-08-15T01:29:45+09:00
2020-06-16,NT倍率,14.17,22582.21,1593.45,2026-08-15T01:29:45+09:00
2020-06-17,NT倍率,14.15,22455.76,1587.09,2026-08-15T01:29:45+09:00
2020-06-18,NT倍率,14.12,22355.46,1583.09,2026-08-15T01:29:45+09:00
2020-06-19,NT倍率,14.2,22478.79,1582.8,2026-08-15T01:29:45+09:00
2020-06-22,NT倍率,14.21,22437.27,1579.09,2026-08-15T01:29:45+09:00
2020-06-23,NT倍率,14.21,22549.05,1587.14,2026-08-15T01:29:45+09:00
2020-06-24,NT倍率,14.26,22534.32,1580.5,2026-08-15T01:29:45+09:00
2020-06-25,NT倍率,14.25,22259.79,1561.85,2026-08-15T01:29:45+09:00
2020-06-26,NT倍率,14.27,22512.08,1577.37,2026-08-15T01:29:45+09:00
2020-06-29,NT倍率,14.2,21995.04,1549.22,2026-08-15T01:29:45+09:00
2020-06-30,NT倍率,14.3,22288.14,1558.77,2026-08-15T01:29:45+09:00
2020-07-01,NT倍率,14.38,22121.73,1538.61,2026-08-15T01:29:45+09:00
2020-07-02,NT倍率,14.35,22145.96,1542.76,2026-08-15T01:29:45+09:00
2020-07-03,NT倍率,14.37,22306.48,1552.33,2026-08-15T01:29:45+09:00
2020-07-06,NT倍率,14.4,22714.44,1577.15,2026-08-15T01:29:45+09:00
2020-07-07,NT倍率,14.39,22614.69,1571.71,2026-08-15T01:29:45+09:00
2020-07-08,NT倍率,14.41,22438.65,1557.23,2026-08-15T01:29:45+09:00
2020-07-09,NT倍率,14.47,22529.29,1557.24,2026-08-15T01:29:45+09:00
2020-07-10,NT倍率,14.52,22290.81,1535.2,2026-08-15T01:29:45+09:00
2020-07-13,NT倍率,14.48,22784.74,1573.02,2026-08-15T01:29:45+09:00
2020-07-14,NT倍率,14.43,22587.01,1565.15,2026-08-15T01:29:45+09:00
2020-07-15,NT倍率,14.44,22945.5,1589.51,2026-08-15T01:29:45+09:00
2020-07-16,NT倍率,14.42,22770.36,1579.06,2026-08-15T01:29:45+09:00
2020-07-17,NT倍率,14.42,22696.42,1573.85,2026-08-15T01:29:45+09:00
2020-07-20,NT倍率,14.41,22717.48,1577.03,2026-08-15T01:29:45+09:00
2020-07-21,NT倍率,14.46,22884.22,1582.74,2026-08-15T01:29:45+09:00
2020-07-22,NT倍率,14.46,22751.61,1572.96,2026-08-15T01:29:45+09:00
2020-07-27,NT倍率,14.41,22715.85,1576.69,2026-08-15T01:29:45+09:00
2020-07-28,NT倍率,14.44,22657.38,1569.12,2026-08-15T01:29:45+09:00
2020-07-29,NT倍率,14.46,22397.11,1549.04,2026-08-15T01:29:45+09:00
2020-07-30,NT倍率,14.51,22339.23,1539.47,2026-08-15T01:29:45+09:00
2020-07-31,NT倍率,14.51,21710.0,1496.06,2026-08-15T01:29:45+09:00
2020-08-03,NT倍率,14.58,22195.38,1522.64,2026-08-15T01:29:45+09:00
2020-08-04,NT倍率,14.51,22573.66,1555.26,2026-08-15T01:29:45+09:00
2020-08-05,NT倍率,14.48,22514.85,1554.71,2026-08-15T01:29:45+09:00
2020-08-06,NT倍率,14.46,22418.15,1549.88,2026-08-15T01:29:45+09:00
2020-08-07,NT倍率,14.44,22329.94,1546.74,2026-08-15T01:29:45+09:00
2020-08-11,NT倍率,14.34,22750.24,1585.96,2026-08-15T01:29:45+09:00
2020-08-12,NT倍率,14.23,22843.96,1605.53,2026-08-15T01:29:45+09:00
2020-08-13,NT倍率,14.31,23249.61,1624.15,2026-08-15T01:29:45+09:00
2020-08-14,NT倍率,14.35,23289.36,1623.38,2026-08-15T01:29:45+09:00
2020-08-17,NT倍率,14.35,23096.75,1609.82,2026-08-15T01:29:45+09:00
2020-08-18,NT倍率,14.31,23051.08,1610.85,2026-08-15T01:29:45+09:00
2020-08-19,NT倍率,14.32,23110.61,1613.73,2026-08-15T01:29:45+09:00
2020-08-20,NT倍率,14.31,22880.62,1599.2,2026-08-15T01:29:45+09:00
2020-08-21,NT倍率,14.29,22920.3,1604.06,2026-08-15T01:29:45+09:00
2020-08-24,NT倍率,14.3,22985.51,1607.13,2026-08-15T01:29:45+09:00
2020-08-25,NT倍率,14.33,23296.77,1625.23,2026-08-15T01:29:45+09:00
2020-08-26,NT倍率,14.34,23290.86,1624.48,2026-08-15T01:29:45+09:00
2020-08-27,NT倍率,14.36,23208.86,1615.89,2026-08-15T01:29:45+09:00
2020-08-28,NT倍率,14.26,22882.65,1604.87,2026-08-15T01:29:45+09:00
2020-08-31,NT倍率,14.3,23139.76,1618.18,2026-08-15T01:29:45+09:00
2020-09-01,NT倍率,14.32,23138.07,1615.81,2026-08-15T01:29:45+09:00
2020-09-02,NT倍率,14.32,23247.15,1623.4,2026-08-15T01:29:45+09:00
2020-09-03,NT倍率,14.39,23465.53,1631.24,2026-08-15T01:29:45+09:00
2020-09-04,NT倍率,14.35,23205.43,1616.6,2026-08-15T01:29:45+09:00
2020-09-07,NT倍率,14.34,23089.95,1609.74,2026-08-15T01:29:45+09:00
2020-09-08,NT倍率,14.36,23274.13,1620.89,2026-08-15T01:29:45+09:00
2020-09-09,NT倍率,14.35,23032.54,1605.4,2026-08-15T01:29:45+09:00
2020-09-10,NT倍率,14.3,23235.47,1624.86,2026-08-15T01:29:45+09:00
2020-09-11,NT倍率,14.3,23406.49,1636.64,2026-08-15T01:29:45+09:00
2020-09-14,NT倍率,14.27,23559.3,1651.1,2026-08-15T01:29:45+09:00
2020-09-15,NT倍率,14.29,23454.89,1640.84,2026-08-15T01:29:45+09:00
2020-09-16,NT倍率,14.28,23475.53,1644.35,2026-08-15T01:29:45+09:00
2020-09-17,NT倍率,14.23,23319.37,1638.4,2026-08-15T01:29:45+09:00
2020-09-18,NT倍率,14.19,23360.3,1646.42,2026-08-15T01:29:45+09:00
2020-09-23,NT倍率,14.2,23346.49,1644.25,2026-08-15T01:29:45+09:00
2020-09-24,NT倍率,14.2,23087.82,1626.44,2026-08-15T01:29:45+09:00
2020-09-25,NT倍率,14.2,23204.62,1634.23,2026-08-15T01:29:45+09:00
2020-09-28,NT倍率,14.15,23511.62,1661.93,2026-08-15T01:29:45+09:00
2020-09-29,NT倍率,14.2,23539.1,1658.1,2026-08-15T01:29:45+09:00
2020-09-30,NT倍率,14.26,23185.12,1625.49,2026-08-15T01:29:45+09:00
2020-10-01,NT倍率,14.26,23185.12,1625.49,2026-08-15T01:29:45+09:00
2020-10-02,NT倍率,14.31,23029.9,1609.22,2026-08-15T01:29:45+09:00
2020-10-05,NT倍率,14.24,23312.14,1637.25,2026-08-15T01:29:45+09:00
2020-10-06,NT倍率,14.24,23433.73,1645.75,2026-08-15T01:29:45+09:00
2020-10-07,NT倍率,14.23,23422.82,1646.47,2026-08-15T01:29:45+09:00
2020-10-08,NT倍率,14.28,23647.07,1655.47,2026-08-15T01:29:45+09:00
2020-10-09,NT倍率,14.34,23619.69,1647.38,2026-08-15T01:29:45+09:00
2020-10-12,NT倍率,14.34,23558.69,1643.35,2026-08-15T01:29:45+09:00
2020-10-13,NT倍率,14.31,23601.78,1649.1,2026-08-15T01:29:45+09:00
2020-10-14,NT倍率,14.37,23626.73,1643.9,2026-08-15T01:29:45+09:00
2020-10-15,NT倍率,14.41,23507.23,1631.79,2026-08-15T01:29:45+09:00
2020-10-16,NT倍率,14.47,23410.63,1617.69,2026-08-15T01:29:45+09:00
2020-10-19,NT倍率,14.45,23671.13,1637.98,2026-08-15T01:29:45+09:00
2020-10-20,NT倍率,14.5,23567.04,1625.74,2026-08-15T01:29:45+09:00
2020-10-21,NT倍率,14.44,23639.46,1637.6,2026-08-15T01:29:45+09:00
2020-10-22,NT倍率,14.49,23474.27,1619.79,2026-08-15T01:29:45+09:00
2020-10-23,NT倍率,14.47,23516.59,1625.32,2026-08-15T01:29:45+09:00
2020-10-26,NT倍率,14.51,23494.34,1618.98,2026-08-15T01:29:45+09:00
2020-10-27,NT倍率,14.52,23485.8,1617.53,2026-08-15T01:29:45+09:00
2020-10-28,NT倍率,14.52,23418.51,1612.55,2026-08-15T01:29:45+09:00
2020-10-29,NT倍率,14.48,23331.94,1610.93,2026-08-15T01:29:45+09:00
2020-10-30,NT倍率,14.55,22977.13,1579.33,2026-08-15T01:29:45+09:00
2020-11-02,NT倍率,14.49,23295.48046875,1607.95,2026-08-15T01:29:45+09:00
2020-11-04,NT倍率,14.56,23695.23046875,1627.25,2026-08-15T01:29:45+09:00
2020-11-05,NT倍率,14.61,24105.279296875,1649.94,2026-08-15T01:29:45+09:00
2020-11-06,NT倍率,14.67,24325.23046875,1658.49,2026-08-15T01:29:45+09:00
2020-11-09,NT倍率,14.77,24839.83984375,1681.9,2026-08-15T01:29:45+09:00
2020-11-10,NT倍率,14.64,24905.58984375,1700.8,2026-08-15T01:29:45+09:00
2020-11-11,NT倍率,14.66,25349.599609375,1729.07,2026-08-15T01:29:45+09:00
2020-11-12,NT倍率,14.78,25520.880859375,1726.23,2026-08-15T01:29:45+09:00
2020-11-13,NT倍率,14.9,25385.869140625,1703.22,2026-08-15T01:29:45+09:00
2020-11-16,NT倍率,14.96,25906.9296875,1731.81,2026-08-15T01:29:45+09:00
2020-11-17,NT倍率,15.0,26014.619140625,1734.66,2026-08-15T01:29:45+09:00
2020-11-18,NT倍率,14.95,25728.140625,1720.65,2026-08-15T01:29:45+09:00
2020-11-19,NT倍率,14.85,25634.33984375,1726.41,2026-08-15T01:29:45+09:00
2020-11-20,NT倍率,14.78,25527.369140625,1727.39,2026-08-15T01:29:45+09:00
2020-11-24,NT倍率,14.85,26165.58984375,1762.4,2026-08-15T01:29:45+09:00
2020-11-25,NT倍率,14.88,26296.859375,1767.67,2026-08-15T01:29:45+09:00
2020-11-26,NT倍率,14.92,26537.310546875,1778.25,2026-08-15T01:29:45+09:00
2020-11-27,NT倍率,14.91,26644.7109375,1786.52,2026-08-15T01:29:45+09:00
2020-11-30,NT倍率,15.06,26433.619140625,1754.92,2026-08-15T01:29:45+09:00
2020-12-01,NT倍率,15.15,26787.54,1768.38,2026-08-15T01:29:45+09:00
2020-12-02,NT倍率,15.11,26800.98,1773.97,2026-08-15T01:29:45+09:00
2020-12-03,NT倍率,15.1,26809.37,1775.25,2026-08-15T01:29:45+09:00
2020-12-04,NT倍率,15.06,26751.24,1775.94,2026-08-15T01:29:45+09:00
2020-12-07,NT倍率,15.08,26547.44,1760.75,2026-08-15T01:29:45+09:00
2020-12-08,NT倍率,15.05,26467.08,1758.81,2026-08-15T01:29:45+09:00
2020-12-09,NT倍率,15.07,26817.94,1779.42,2026-08-15T01:29:45+09:00
2020-12-10,NT倍率,15.06,26756.24,1776.21,2026-08-15T01:29:45+09:00
2020-12-11,NT倍率,14.96,26652.52,1782.01,2026-08-15T01:29:45+09:00
2020-12-14,NT倍率,14.93,26732.44,1790.52,2026-08-15T01:29:45+09:00
2020-12-15,NT倍率,14.98,26687.84,1782.05,2026-08-15T01:29:45+09:00
2020-12-16,NT倍率,14.97,26757.4,1786.83,2026-08-15T01:29:45+09:00
2020-12-17,NT倍率,14.95,26806.67,1792.58,2026-08-15T01:29:45+09:00
2020-12-18,NT倍率,14.92,26763.39,1793.24,2026-08-15T01:29:45+09:00
2020-12-21,NT倍率,14.93,26714.42,1789.05,2026-08-15T01:29:45+09:00
2020-12-22,NT倍率,15.01,26436.39,1761.12,2026-08-15T01:29:45+09:00
2020-12-23,NT倍率,15.03,26524.79,1765.21,2026-08-15T01:29:45+09:00
2020-12-24,NT倍率,15.03,26668.35,1774.27,2026-08-15T01:29:45+09:00
2020-12-25,NT倍率,14.99,26656.61,1778.41,2026-08-15T01:29:45+09:00
2020-12-28,NT倍率,15.02,26854.03,1788.04,2026-08-15T01:29:45+09:00
2020-12-29,NT倍率,15.15,27568.15,1819.18,2026-08-15T01:29:45+09:00
2020-12-30,NT倍率,15.21,27444.17,1804.68,2026-08-15T01:29:45+09:00
2021-01-04,NT倍率,15.19,27258.38,1794.59,2026-08-15T01:29:45+09:00
2021-01-05,NT倍率,15.16,27158.63,1791.22,2026-08-15T01:29:45+09:00
2021-01-06,NT倍率,15.06,27055.94,1796.18,2026-08-15T01:29:45+09:00
2021-01-07,NT倍率,15.05,27490.13,1826.3,2026-08-15T01:29:45+09:00
2021-01-08,NT倍率,15.17,28139.03,1854.94,2026-08-15T01:29:45+09:00
2021-01-12,NT倍率,15.16,28164.34,1857.94,2026-08-15T01:29:45+09:00
2021-01-13,NT倍率,15.26,28456.59,1864.4,2026-08-15T01:29:45+09:00
2021-01-14,NT倍率,15.32,28698.26,1873.28,2026-08-15T01:29:45+09:00
2021-01-15,NT倍率,15.36,28519.18,1856.61,2026-08-15T01:29:45+09:00
2021-01-18,NT倍率,15.3,28242.21,1845.49,2026-08-15T01:29:45+09:00
2021-01-19,NT倍率,15.43,28633.46,1855.84,2026-08-15T01:29:45+09:00
2021-01-20,NT倍率,15.42,28523.26,1849.58,2026-08-15T01:29:45+09:00
2021-01-21,NT倍率,15.46,28756.86,1860.64,2026-08-15T01:29:45+09:00
2021-01-22,NT倍率,15.42,28631.45,1856.64,2026-08-15T01:29:45+09:00
2021-01-25,NT倍率,15.48,28822.29,1862.0,2026-08-15T01:29:45+09:00
2021-01-26,NT倍率,15.45,28546.18,1848.0,2026-08-15T01:29:45+09:00
2021-01-27,NT倍率,15.39,28635.21,1860.07,2026-08-15T01:29:45+09:00
2021-01-28,NT倍率,15.33,28197.42,1838.85,2026-08-15T01:29:45+09:00
2021-01-29,NT倍率,15.29,27663.39,1808.78,2026-08-15T01:29:45+09:00
2021-02-01,NT倍率,15.35,28091.05,1829.84,2026-08-15T01:29:45+09:00
2021-02-02,NT倍率,15.36,28362.17,1847.02,2026-08-15T01:29:45+09:00
2021-02-03,NT倍率,15.31,28646.5,1871.09,2026-08-15T01:29:45+09:00
2021-02-04,NT倍率,15.2,28341.95,1865.12,2026-08-15T01:29:45+09:00
2021-02-05,NT倍率,15.22,28779.19,1890.95,2026-08-15T01:29:45+09:00
2021-02-08,NT倍率,15.28,29388.5,1923.95,2026-08-15T01:29:45+09:00
2021-02-09,NT倍率,15.32,29505.93,1925.54,2026-08-15T01:29:45+09:00
2021-02-10,NT倍率,15.31,29562.93,1930.82,2026-08-15T01:29:45+09:00
2021-02-12,NT倍率,15.26,29520.07,1933.88,2026-08-15T01:29:45+09:00
2021-02-15,NT倍率,15.4,30084.15,1953.94,2026-08-15T01:29:45+09:00
2021-02-16,NT倍率,15.5,30467.75,1965.08,2026-08-15T01:29:45+09:00
2021-02-17,NT倍率,15.44,30292.19,1961.49,2026-08-15T01:29:45+09:00
2021-02-18,NT倍率,15.57,30236.09,1941.91,2026-08-15T01:29:45+09:00
2021-02-19,NT倍率,15.56,30017.92,1928.95,2026-08-15T01:29:45+09:00
2021-02-22,NT倍率,15.56,30156.03,1938.35,2026-08-15T01:29:45+09:00
2021-02-24,NT倍率,15.59,29671.7,1903.07,2026-08-15T01:29:45+09:00
2021-02-25,NT倍率,15.66,30168.27,1926.23,2026-08-15T01:29:45+09:00
2021-02-26,NT倍率,15.54,28966.01,1864.49,2026-08-15T01:29:45+09:00
2021-03-01,NT倍率,15.59,29663.5,1902.48,2026-08-15T01:29:45+09:00
2021-03-02,NT倍率,15.52,29408.17,1894.85,2026-08-15T01:29:45+09:00
2021-03-03,NT倍率,15.52,29559.1,1904.54,2026-08-15T01:29:45+09:00
2021-03-04,NT倍率,15.35,28930.11,1884.74,2026-08-15T01:29:45+09:00
2021-03-05,NT倍率,15.22,28864.32,1896.18,2026-08-15T01:29:45+09:00
2021-03-08,NT倍率,15.18,28743.25,1893.58,2026-08-15T01:29:45+09:00
2021-03-09,NT倍率,15.14,29027.94,1917.68,2026-08-15T01:29:45+09:00
2021-03-10,NT倍率,15.13,29036.56,1919.74,2026-08-15T01:29:45+09:00
2021-03-11,NT倍率,15.18,29211.64,1924.92,2026-08-15T01:29:45+09:00
2021-03-12,NT倍率,15.23,29717.83,1951.06,2026-08-15T01:29:45+09:00
2021-03-15,NT倍率,15.12,29766.97,1968.73,2026-08-15T01:29:45+09:00
2021-03-16,NT倍率,15.1,29921.09,1981.5,2026-08-15T01:29:45+09:00
2021-03-17,NT倍率,15.08,29914.33,1984.03,2026-08-15T01:29:45+09:00
2021-03-18,NT倍率,15.04,30216.75,2008.51,2026-08-15T01:29:45+09:00
2021-03-19,NT倍率,14.81,29792.05,2012.21,2026-08-15T01:29:45+09:00
2021-03-22,NT倍率,14.66,29174.15,1990.18,2026-08-15T01:29:45+09:00
2021-03-23,NT倍率,14.71,28995.92,1971.48,2026-08-15T01:29:45+09:00
2021-03-24,NT倍率,14.73,28405.52,1928.58,2026-08-15T01:29:45+09:00
2021-03-25,NT倍率,14.69,28729.88,1955.55,2026-08-15T01:29:45+09:00
2021-03-26,NT倍率,14.7,29176.7,1984.16,2026-08-15T01:29:45+09:00
2021-03-29,NT倍率,14.74,29384.52,1993.34,2026-08-15T01:29:45+09:00
2021-03-30,NT倍率,14.88,29432.7,1977.86,2026-08-15T01:29:45+09:00
2021-03-31,NT倍率,14.93,29178.8,1954.0,2026-08-15T01:29:45+09:00
2021-04-01,NT倍率,15.01,29388.87,1957.64,2026-08-15T01:29:45+09:00
2021-04-02,NT倍率,15.14,29854.0,1971.62,2026-08-15T01:29:45+09:00
2021-04-05,NT倍率,15.17,30089.25,1983.54,2026-08-15T01:29:45+09:00
2021-04-06,NT倍率,15.2,29696.63,1954.34,2026-08-15T01:29:45+09:00
2021-04-07,NT倍率,15.11,29730.79,1967.43,2026-08-15T01:29:45+09:00
2021-04-08,NT倍率,15.22,29708.98,1951.86,2026-08-15T01:29:45+09:00
2021-04-09,NT倍率,15.19,29768.06,1959.47,2026-08-15T01:29:45+09:00
2021-04-12,NT倍率,15.11,29538.73,1954.59,2026-08-15T01:29:45+09:00
2021-04-13,NT倍率,15.19,29751.61,1958.55,2026-08-15T01:29:45+09:00
2021-04-14,NT倍率,15.17,29620.99,1952.18,2026-08-15T01:29:45+09:00
2021-04-15,NT倍率,15.13,29642.69,1959.13,2026-08-15T01:29:45+09:00
2021-04-16,NT倍率,15.14,29683.37,1960.87,2026-08-15T01:29:45+09:00
2021-04-19,NT倍率,15.17,29685.37,1956.56,2026-08-15T01:29:45+09:00
2021-04-20,NT倍率,15.11,29100.38,1926.25,2026-08-15T01:29:45+09:00
2021-04-21,NT倍率,15.1,28508.55,1888.18,2026-08-15T01:29:45+09:00
2021-04-22,NT倍率,15.18,29188.17,1922.5,2026-08-15T01:29:45+09:00
2021-04-23,NT倍率,15.15,29020.63,1914.98,2026-08-15T01:29:45+09:00
2021-04-26,NT倍率,15.18,29126.23,1918.15,2026-08-15T01:29:45+09:00
2021-04-27,NT倍率,15.23,28991.89,1903.55,2026-08-15T01:29:45+09:00
2021-04-28,NT倍率,15.22,29053.97,1909.06,2026-08-15T01:29:45+09:00
2021-04-30,NT倍率,15.18,28812.63,1898.24,2026-08-15T01:29:45+09:00
2021-05-06,NT倍率,15.22,29331.37,1927.4,2026-08-15T01:29:45+09:00
2021-05-07,NT倍率,15.19,29357.82,1933.05,2026-08-15T01:29:45+09:00
2021-05-10,NT倍率,15.12,29518.34,1952.27,2026-08-15T01:29:45+09:00
2021-05-11,NT倍率,15.01,28608.59,1905.92,2026-08-15T01:29:45+09:00
2021-05-12,NT倍率,14.99,28147.51,1877.95,2026-08-15T01:29:45+09:00
2021-05-13,NT倍率,14.84,27448.01,1849.04,2026-08-15T01:29:45+09:00
2021-05-14,NT倍率,14.91,28084.47,1883.42,2026-08-15T01:29:45+09:00
2021-05-17,NT倍率,14.81,27824.83,1878.86,2026-08-15T01:29:45+09:00
2021-05-18,NT倍率,14.89,28406.84,1907.74,2026-08-15T01:29:45+09:00
2021-05-19,NT倍率,14.8,28044.45,1895.24,2026-08-15T01:29:45+09:00
2021-05-20,NT倍率,14.82,28098.25,1895.92,2026-08-15T01:29:45+09:00
2021-05-21,NT倍率,14.87,28317.83,1904.69,2026-08-15T01:29:45+09:00
2021-05-24,NT倍率,14.83,28364.61,1913.04,2026-08-15T01:29:45+09:00
2021-05-25,NT倍率,14.88,28553.98,1919.52,2026-08-15T01:29:45+09:00
2021-05-26,NT倍率,14.91,28642.19,1920.67,2026-08-15T01:29:45+09:00
2021-05-27,NT倍率,14.94,28549.01,1911.02,2026-08-15T01:29:45+09:00
2021-05-28,NT倍率,14.97,29149.41,1947.44,2026-08-15T01:29:45+09:00
2021-05-31,NT倍率,15.01,28860.08,1922.98,2026-08-15T01:29:45+09:00
2021-06-01,NT倍率,14.96,28814.34,1926.18,2026-08-15T01:29:45+09:00
2021-06-02,NT倍率,14.9,28946.14,1942.33,2026-08-15T01:29:45+09:00
2021-06-03,NT倍率,14.84,29058.11,1958.7,2026-08-15T01:29:45+09:00
2021-06-04,NT倍率,14.77,28941.52,1959.19,2026-08-15T01:29:45+09:00
2021-06-07,NT倍率,14.8,29019.24,1960.85,2026-08-15T01:29:45+09:00
2021-06-08,NT倍率,14.76,28963.56,1962.65,2026-08-15T01:29:45+09:00
2021-06-09,NT倍率,14.75,28860.8,1957.14,2026-08-15T01:29:45+09:00
2021-06-10,NT倍率,14.8,28958.56,1956.73,2026-08-15T01:29:45+09:00
2021-06-11,NT倍率,14.81,28948.73,1954.02,2026-08-15T01:29:45+09:00
2021-06-14,NT倍率,14.88,29161.8,1959.75,2026-08-15T01:29:45+09:00
2021-06-15,NT倍率,14.9,29441.3,1975.48,2026-08-15T01:29:45+09:00
2021-06-16,NT倍率,14.82,29291.01,1975.86,2026-08-15T01:29:45+09:00
2021-06-17,NT倍率,14.78,29018.33,1963.57,2026-08-15T01:29:45+09:00
2021-06-18,NT倍率,14.88,28964.08,1946.56,2026-08-15T01:29:45+09:00
2021-06-21,NT倍率,14.75,28010.93,1899.45,2026-08-15T01:29:45+09:00
2021-06-22,NT倍率,14.74,28884.13,1959.53,2026-08-15T01:29:45+09:00
2021-06-23,NT倍率,14.81,28874.89,1949.14,2026-08-15T01:29:45+09:00
2021-06-24,NT倍率,14.83,28875.23,1947.1,2026-08-15T01:29:45+09:00
2021-06-25,NT倍率,14.81,29066.18,1962.65,2026-08-15T01:29:45+09:00
2021-06-28,NT倍率,14.78,29048.02,1965.67,2026-08-15T01:29:45+09:00
2021-06-29,NT倍率,14.78,28812.61,1949.48,2026-08-15T01:29:45+09:00
2021-06-30,NT倍率,14.81,28791.53,1943.57,2026-08-15T01:29:45+09:00
2021-07-01,NT倍率,14.8,28707.04,1939.21,2026-08-15T01:29:45+09:00
2021-07-02,NT倍率,14.71,28783.28,1956.31,2026-08-15T01:29:45+09:00
2021-07-05,NT倍率,14.67,28598.19,1948.99,2026-08-15T01:29:45+09:00
2021-07-06,NT倍率,14.66,28643.21,1954.5,2026-08-15T01:29:45+09:00
2021-07-07,NT倍率,14.64,28366.95,1937.68,2026-08-15T01:29:45+09:00
2021-07-08,NT倍率,14.64,28118.03,1920.32,2026-08-15T01:29:45+09:00
2021-07-09,NT倍率,14.61,27940.42,1912.38,2026-08-15T01:29:45+09:00
2021-07-12,NT倍率,14.63,28569.02,1953.33,2026-08-15T01:29:45+09:00
2021-07-13,NT倍率,14.6,28718.24,1967.64,2026-08-15T01:29:45+09:00
2021-07-14,NT倍率,14.57,28608.49,1963.16,2026-08-15T01:29:45+09:00
2021-07-15,NT倍率,14.58,28279.09,1939.61,2026-08-15T01:29:45+09:00
2021-07-16,NT倍率,14.49,28003.08,1932.19,2026-08-15T01:29:45+09:00
2021-07-19,NT倍率,14.5,27652.74,1907.13,2026-08-15T01:29:45+09:00
2021-07-20,NT倍率,14.5,27388.16,1888.89,2026-08-15T01:29:45+09:00
2021-07-21,NT倍率,14.47,27548.0,1904.41,2026-08-15T01:29:45+09:00
2021-07-26,NT倍率,14.45,27833.29,1925.62,2026-08-15T01:29:45+09:00
2021-07-27,NT倍率,14.43,27970.22,1938.04,2026-08-15T01:29:45+09:00
2021-07-28,NT倍率,14.37,27581.66,1919.65,2026-08-15T01:29:45+09:00
2021-07-29,NT倍率,14.41,27782.42,1927.43,2026-08-15T01:29:45+09:00
2021-07-30,NT倍率,14.35,27283.59,1901.08,2026-08-15T01:29:45+09:00
2021-08-02,NT倍率,14.32,27781.02,1940.05,2026-08-15T01:29:45+09:00
2021-08-03,NT倍率,14.31,27641.83,1931.14,2026-08-15T01:29:45+09:00
2021-08-04,NT倍率,14.36,27584.08,1921.43,2026-08-15T01:29:45+09:00
2021-08-05,NT倍率,14.37,27728.12,1928.98,2026-08-15T01:29:45+09:00
2021-08-06,NT倍率,14.42,27820.04,1929.34,2026-08-15T01:29:45+09:00
2021-08-10,NT倍率,14.4,27888.15,1936.28,2026-08-15T01:29:45+09:00
2021-08-11,NT倍率,14.37,28070.51,1954.08,2026-08-15T01:29:45+09:00
2021-08-12,NT倍率,14.34,28015.02,1953.55,2026-08-15T01:29:45+09:00
2021-08-13,NT倍率,14.3,27977.15,1956.39,2026-08-15T01:29:45+09:00
2021-08-16,NT倍率,14.3,27523.19,1924.98,2026-08-15T01:29:45+09:00
2021-08-17,NT倍率,14.32,27424.47,1915.63,2026-08-15T01:29:45+09:00
2021-08-18,NT倍率,14.34,27585.91,1923.97,2026-08-15T01:29:45+09:00
2021-08-19,NT倍率,14.38,27281.17,1897.19,2026-08-15T01:29:45+09:00
2021-08-20,NT倍率,14.36,27013.25,1880.68,2026-08-15T01:29:45+09:00
2021-08-23,NT倍率,14.36,27494.24,1915.14,2026-08-15T01:29:45+09:00
2021-08-24,NT倍率,14.34,27732.1,1934.2,2026-08-15T01:29:45+09:00
2021-08-25,NT倍率,14.32,27724.8,1935.66,2026-08-15T01:29:45+09:00
2021-08-26,NT倍率,14.33,27742.29,1935.35,2026-08-15T01:29:45+09:00
2021-08-27,NT倍率,14.33,27641.14,1928.77,2026-08-15T01:29:45+09:00
2021-08-30,NT倍率,14.25,27789.29,1950.14,2026-08-15T01:29:45+09:00
2021-08-31,NT倍率,14.33,28089.54,1960.7,2026-08-15T01:29:45+09:00
2021-09-01,NT倍率,14.36,28451.02,1980.79,2026-08-15T01:29:45+09:00
2021-09-02,NT倍率,14.39,28543.51,1983.57,2026-08-15T01:29:45+09:00
2021-09-03,NT倍率,14.45,29128.11,2015.45,2026-08-15T01:29:45+09:00
2021-09-06,NT倍率,14.53,29659.89,2041.22,2026-08-15T01:29:45+09:00
2021-09-07,NT倍率,14.5,29916.14,2063.38,2026-08-15T01:29:45+09:00
2021-09-08,NT倍率,14.51,30181.21,2079.61,2026-08-15T01:29:45+09:00
2021-09-09,NT倍率,14.53,30008.19,2064.93,2026-08-15T01:29:45+09:00
2021-09-10,NT倍率,14.53,30381.84,2091.65,2026-08-15T01:29:45+09:00
2021-09-13,NT倍率,14.51,30447.37,2097.71,2026-08-15T01:29:45+09:00
2021-09-14,NT倍率,14.47,30670.1,2118.87,2026-08-15T01:29:45+09:00
2021-09-15,NT倍率,14.55,30511.71,2096.39,2026-08-15T01:29:45+09:00
2021-09-16,NT倍率,14.51,30323.34,2090.16,2026-08-15T01:29:45+09:00
2021-09-17,NT倍率,14.52,30500.05,2100.17,2026-08-15T01:29:45+09:00
2021-09-21,NT倍率,14.45,29839.71,2064.55,2026-08-15T01:29:45+09:00
2021-09-22,NT倍率,14.5,29639.4,2043.55,2026-08-15T01:29:45+09:00
2021-09-24,NT倍率,14.47,30248.81,2090.75,2026-08-15T01:29:45+09:00
2021-09-27,NT倍率,14.48,30240.06,2087.74,2026-08-15T01:29:45+09:00
2021-09-28,NT倍率,14.5,30183.96,2081.77,2026-08-15T01:29:45+09:00
2021-09-29,NT倍率,14.49,29544.29,2038.29,2026-08-15T01:29:45+09:00
2021-09-30,NT倍率,14.51,29452.66,2030.16,2026-08-15T01:29:45+09:00
2021-10-01,NT倍率,14.48,28771.07,1986.31,2026-08-15T01:29:45+09:00
2021-10-04,NT倍率,14.41,28444.89,1973.92,2026-08-15T01:29:45+09:00
2021-10-05,NT倍率,14.28,27822.12,1947.75,2026-08-15T01:29:45+09:00
2021-10-06,NT倍率,14.18,27528.87,1941.91,2026-08-15T01:29:45+09:00
2021-10-07,NT倍率,14.27,27678.21,1939.62,2026-08-15T01:29:45+09:00
2021-10-08,NT倍率,14.3,28048.94,1961.85,2026-08-15T01:29:45+09:00
2021-10-11,NT倍率,14.27,28498.2,1996.58,2026-08-15T01:29:45+09:00
2021-10-12,NT倍率,14.24,28230.61,1982.68,2026-08-15T01:29:45+09:00
2021-10-13,NT倍率,14.26,28140.28,1973.83,2026-08-15T01:29:45+09:00
2021-10-14,NT倍率,14.37,28550.93,1986.97,2026-08-15T01:29:45+09:00
2021-10-15,NT倍率,14.36,29068.63,2023.93,2026-08-15T01:29:45+09:00
2021-10-18,NT倍率,14.37,29025.46,2019.23,2026-08-15T01:29:45+09:00
2021-10-19,NT倍率,14.42,29215.52,2026.57,2026-08-15T01:29:45+09:00
2021-10-20,NT倍率,14.43,29255.55,2027.67,2026-08-15T01:29:45+09:00
2021-10-21,NT倍率,14.35,28708.58,2000.81,2026-08-15T01:29:45+09:00
2021-10-22,NT倍率,14.39,28804.85,2002.23,2026-08-15T01:29:45+09:00
2021-10-25,NT倍率,14.33,28600.41,1995.42,2026-08-15T01:29:45+09:00
2021-10-26,NT倍率,14.42,29106.01,2018.4,2026-08-15T01:29:45+09:00
2021-10-27,NT倍率,14.45,29098.24,2013.81,2026-08-15T01:29:45+09:00
2021-10-28,NT倍率,14.41,28820.09,1999.66,2026-08-15T01:29:45+09:00
2021-10-29,NT倍率,14.44,28892.69,2001.18,2026-08-15T01:29:45+09:00
2021-11-01,NT倍率,14.5,29647.08,2044.72,2026-08-15T01:29:45+09:00
2021-11-02,NT倍率,14.53,29520.9,2031.67,2026-08-15T01:29:45+09:00
2021-11-04,NT倍率,14.49,29794.37,2055.56,2026-08-15T01:29:45+09:00
2021-11-05,NT倍率,14.51,29611.57,2041.42,2026-08-15T01:29:45+09:00
2021-11-08,NT倍率,14.5,29507.05,2035.22,2026-08-15T01:29:45+09:00
2021-11-09,NT倍率,14.51,29285.46,2018.77,2026-08-15T01:29:45+09:00
2021-11-10,NT倍率,14.5,29106.78,2007.96,2026-08-15T01:29:45+09:00
2021-11-11,NT倍率,14.54,29277.86,2014.3,2026-08-15T01:29:45+09:00
2021-11-12,NT倍率,14.51,29609.97,2040.6,2026-08-15T01:29:45+09:00
2021-11-15,NT倍率,14.54,29776.8,2048.52,2026-08-15T01:29:45+09:00
2021-11-16,NT倍率,14.53,29808.12,2050.83,2026-08-15T01:29:45+09:00
2021-11-17,NT倍率,14.56,29688.33,2038.34,2026-08-15T01:29:45+09:00
2021-11-18,NT倍率,14.54,29598.66,2035.52,2026-08-15T01:29:45+09:00
2021-11-19,NT倍率,14.55,29745.87,2044.53,2026-08-15T01:29:45+09:00
2021-11-22,NT倍率,14.58,29774.11,2042.82,2026-08-15T01:29:45+09:00
2021-11-24,NT倍率,14.51,29302.66,2019.12,2026-08-15T01:29:45+09:00
2021-11-25,NT倍率,14.56,29499.28,2025.69,2026-08-15T01:29:45+09:00
2021-11-26,NT倍率,14.48,28751.62,1984.98,2026-08-15T01:29:45+09:00
2021-11-29,NT倍率,14.52,28283.92,1948.48,2026-08-15T01:29:45+09:00
2021-11-30,NT倍率,14.43,27821.76,1928.35,2026-08-15T01:29:45+09:00
2021-12-01,NT倍率,14.42,27935.62,1936.74,2026-08-15T01:29:45+09:00
2021-12-02,NT倍率,14.41,27753.37,1926.37,2026-08-15T01:29:45+09:00
2021-12-03,NT倍率,14.32,28029.57,1957.86,2026-08-15T01:29:45+09:00
2021-12-06,NT倍率,14.34,27927.37,1947.54,2026-08-15T01:29:45+09:00
2021-12-07,NT倍率,14.3,28455.6,1989.85,2026-08-15T01:29:45+09:00
2021-12-08,NT倍率,14.41,28860.62,2002.24,2026-08-15T01:29:45+09:00
2021-12-09,NT倍率,14.43,28725.47,1990.79,2026-08-15T01:29:45+09:00
2021-12-10,NT倍率,14.4,28437.77,1975.48,2026-08-15T01:29:45+09:00
2021-12-13,NT倍率,14.48,28640.49,1978.13,2026-08-15T01:29:45+09:00
2021-12-14,NT倍率,14.4,28432.64,1973.81,2026-08-15T01:29:45+09:00
2021-12-15,NT倍率,14.34,28459.72,1984.1,2026-08-15T01:29:45+09:00
2021-12-16,NT倍率,14.44,29066.32,2013.08,2026-08-15T01:29:45+09:00
2021-12-17,NT倍率,14.38,28545.68,1984.47,2026-08-15T01:29:45+09:00
2021-12-20,NT倍率,14.39,27937.81,1941.33,2026-08-15T01:29:45+09:00
2021-12-21,NT倍率,14.48,28517.59,1969.79,2026-08-15T01:29:45+09:00
2021-12-22,NT倍率,14.49,28562.21,1971.51,2026-08-15T01:29:45+09:00
2021-12-23,NT倍率,14.48,28798.37,1989.43,2026-08-15T01:29:45+09:00
2021-12-24,NT倍率,14.49,28782.59,1986.78,2026-08-15T01:29:45+09:00
2021-12-27,NT倍率,14.5,28676.46,1977.9,2026-08-15T01:29:45+09:00
2021-12-28,NT倍率,14.5,29069.16,2005.02,2026-08-15T01:29:45+09:00
2021-12-29,NT倍率,14.46,28906.88,1998.99,2026-08-15T01:29:45+09:00
2021-12-30,NT倍率,14.45,28791.71,1992.33,2026-08-15T01:29:45+09:00
2022-01-04,NT倍率,14.43,29301.79,2030.22,2026-08-15T01:29:45+09:00
2022-01-05,NT倍率,14.38,29332.16,2039.27,2026-08-15T01:29:45+09:00
2022-01-06,NT倍率,14.27,28487.87,1997.01,2026-08-15T01:29:45+09:00
2022-01-07,NT倍率,14.27,28478.56,1995.68,2026-08-15T01:29:45+09:00
2022-01-11,NT倍率,14.2,28222.48,1986.82,2026-08-15T01:29:45+09:00
2022-01-12,NT倍率,14.24,28765.66,2019.36,2026-08-15T01:29:45+09:00
2022-01-13,NT倍率,14.2,28489.13,2005.58,2026-08-15T01:29:45+09:00
2022-01-14,NT倍率,14.22,28124.28,1977.66,2026-08-15T01:29:45+09:00
2022-01-17,NT倍率,14.26,28333.52,1986.71,2026-08-15T01:29:45+09:00
2022-01-18,NT倍率,14.28,28257.25,1978.38,2026-08-15T01:29:45+09:00
2022-01-19,NT倍率,14.31,27467.23,1919.72,2026-08-15T01:29:45+09:00
2022-01-20,NT倍率,14.33,27772.93,1938.53,2026-08-15T01:29:45+09:00
2022-01-21,NT倍率,14.28,27522.26,1927.18,2026-08-15T01:29:45+09:00
2022-01-24,NT倍率,14.3,27588.37,1929.87,2026-08-15T01:29:45+09:00
2022-01-25,NT倍率,14.31,27131.34,1896.62,2026-08-15T01:29:45+09:00
2022-01-26,NT倍率,14.28,27011.33,1891.85,2026-08-15T01:29:45+09:00
2022-01-27,NT倍率,14.2,26170.3,1842.44,2026-08-15T01:29:45+09:00
2022-01-28,NT倍率,14.23,26717.34,1876.89,2026-08-15T01:29:45+09:00
2022-01-31,NT倍率,14.24,27001.98,1895.93,2026-08-15T01:29:45+09:00
2022-02-01,NT倍率,14.28,27078.48,1896.06,2026-08-15T01:29:45+09:00
2022-02-02,NT倍率,14.22,27533.6,1936.56,2026-08-15T01:29:45+09:00
2022-02-03,NT倍率,14.19,27241.31,1919.92,2026-08-15T01:29:45+09:00
2022-02-04,NT倍率,14.21,27439.99,1930.56,2026-08-15T01:29:45+09:00
2022-02-07,NT倍率,14.15,27248.87,1925.99,2026-08-15T01:29:45+09:00
2022-02-08,NT倍率,14.11,27284.52,1934.06,2026-08-15T01:29:45+09:00
2022-02-09,NT倍率,14.13,27579.87,1952.22,2026-08-15T01:29:45+09:00
2022-02-10,NT倍率,14.11,27696.08,1962.61,2026-08-15T01:29:45+09:00
2022-02-14,NT倍率,14.03,27079.59,1930.65,2026-08-15T01:29:45+09:00
2022-02-15,NT倍率,14.03,26865.19,1914.7,2026-08-15T01:29:45+09:00
2022-02-16,NT倍率,14.11,27460.4,1946.63,2026-08-15T01:29:45+09:00
2022-02-17,NT倍率,14.1,27232.87,1931.24,2026-08-15T01:29:45+09:00
2022-02-18,NT倍率,14.09,27122.07,1924.31,2026-08-15T01:29:45+09:00
2022-02-21,NT倍率,14.08,26910.87,1910.68,2026-08-15T01:29:45+09:00
2022-02-22,NT倍率,14.06,26449.61,1881.08,2026-08-15T01:29:45+09:00
2022-02-24,NT倍率,13.98,25970.82,1857.58,2026-08-15T01:29:45+09:00
2022-02-25,NT倍率,14.11,26476.5,1876.24,2026-08-15T01:29:45+09:00
2022-02-28,NT倍率,14.06,26526.82,1886.93,2026-08-15T01:29:45+09:00
2022-03-01,NT倍率,14.15,26844.72,1897.17,2026-08-15T01:29:45+09:00
2022-03-02,NT倍率,14.19,26393.03,1859.94,2026-08-15T01:29:45+09:00
2022-03-03,NT倍率,14.12,26577.27,1881.8,2026-08-15T01:29:45+09:00
2022-03-04,NT倍率,14.08,25985.47,1844.94,2026-08-15T01:29:45+09:00
2022-03-07,NT倍率,14.06,25221.41,1794.03,2026-08-15T01:29:45+09:00
2022-03-08,NT倍率,14.09,24790.95,1759.86,2026-08-15T01:29:45+09:00
2022-03-09,NT倍率,14.05,24717.53,1758.89,2026-08-15T01:29:45+09:00
2022-03-10,NT倍率,14.04,25690.4,1830.03,2026-08-15T01:29:45+09:00
2022-03-11,NT倍率,13.98,25162.78,1799.54,2026-08-15T01:29:45+09:00
2022-03-14,NT倍率,13.96,25307.85,1812.28,2026-08-15T01:29:45+09:00
2022-03-15,NT倍率,13.88,25346.48,1826.63,2026-08-15T01:29:45+09:00
2022-03-16,NT倍率,13.9,25762.01,1853.25,2026-08-15T01:29:45+09:00
2022-03-17,NT倍率,14.04,26652.89,1899.01,2026-08-15T01:29:45+09:00
2022-03-18,NT倍率,14.05,26827.43,1909.27,2026-08-15T01:29:45+09:00
2022-03-22,NT倍率,14.08,27224.11,1933.74,2026-08-15T01:29:45+09:00
2022-03-23,NT倍率,14.17,28040.16,1978.7,2026-08-15T01:29:45+09:00
2022-03-24,NT倍率,14.19,28110.39,1981.56,2026-08-15T01:29:45+09:00
2022-03-25,NT倍率,14.21,28149.84,1981.47,2026-08-15T01:29:45+09:00
2022-03-28,NT倍率,14.16,27943.89,1973.37,2026-08-15T01:29:45+09:00
2022-03-29,NT倍率,14.19,28252.42,1991.66,2026-08-15T01:29:45+09:00
2022-03-30,NT倍率,14.24,28027.25,1967.6,2026-08-15T01:29:45+09:00
2022-03-31,NT倍率,14.29,27821.43,1946.4,2026-08-15T01:29:45+09:00
2022-04-01,NT倍率,14.23,27665.98,1944.27,2026-08-15T01:29:45+09:00
2022-04-04,NT倍率,14.2,27736.47,1953.63,2026-08-15T01:29:45+09:00
2022-04-05,NT倍率,14.26,27787.98,1949.12,2026-08-15T01:29:45+09:00
2022-04-06,NT倍率,14.22,27350.3,1922.91,2026-08-15T01:29:45+09:00
2022-04-07,NT倍率,14.2,26888.57,1892.9,2026-08-15T01:29:45+09:00
2022-04-08,NT倍率,14.23,26985.8,1896.79,2026-08-15T01:29:45+09:00
2022-04-11,NT倍率,14.19,26821.52,1889.64,2026-08-15T01:29:45+09:00
2022-04-12,NT倍率,14.13,26334.98,1863.63,2026-08-15T01:29:45+09:00
2022-04-13,NT倍率,14.2,26843.49,1890.06,2026-08-15T01:29:45+09:00
2022-04-14,NT倍率,14.24,27172.0,1908.05,2026-08-15T01:29:45+09:00
2022-04-15,NT倍率,14.29,27093.19,1896.31,2026-08-15T01:29:45+09:00
2022-04-18,NT倍率,14.25,26799.71,1880.08,2026-08-15T01:29:45+09:00
2022-04-19,NT倍率,14.23,26985.09,1895.7,2026-08-15T01:29:45+09:00
2022-04-20,NT倍率,14.21,27217.85,1915.15,2026-08-15T01:29:45+09:00
2022-04-21,NT倍率,14.29,27553.06,1928.0,2026-08-15T01:29:45+09:00
2022-04-22,NT倍率,14.23,27105.26,1905.15,2026-08-15T01:29:45+09:00
2022-04-25,NT倍率,14.17,26590.78,1876.52,2026-08-15T01:29:45+09:00
2022-04-26,NT倍率,14.21,26700.11,1878.51,2026-08-15T01:29:45+09:00
2022-04-27,NT倍率,14.18,26386.63,1860.76,2026-08-15T01:29:45+09:00
2022-04-28,NT倍率,14.13,26847.9,1899.62,2026-08-15T01:29:45+09:00
2022-05-02,NT倍率,14.13,26818.53,1898.35,2026-08-15T01:29:45+09:00
2022-05-06,NT倍率,14.09,27003.56,1915.91,2026-08-15T01:29:45+09:00
2022-05-09,NT倍率,14.01,26319.34,1878.39,2026-08-15T01:29:45+09:00
2022-05-10,NT倍率,14.05,26167.1,1862.38,2026-08-15T01:29:45+09:00
2022-05-11,NT倍率,14.16,26213.64,1851.15,2026-08-15T01:29:45+09:00
2022-05-12,NT倍率,14.08,25748.72,1829.18,2026-08-15T01:29:45+09:00
2022-05-13,NT倍率,14.18,26427.65,1864.2,2026-08-15T01:29:45+09:00
2022-05-16,NT倍率,14.25,26547.05,1863.26,2026-08-15T01:29:45+09:00
2022-05-17,NT倍率,14.28,26659.75,1866.71,2026-08-15T01:29:45+09:00
2022-05-18,NT倍率,14.28,26911.2,1884.69,2026-08-15T01:29:45+09:00
2022-05-19,NT倍率,14.19,26402.84,1860.08,2026-08-15T01:29:45+09:00
2022-05-20,NT倍率,14.24,26739.03,1877.37,2026-08-15T01:29:45+09:00
2022-05-23,NT倍率,14.25,27001.52,1894.57,2026-08-15T01:29:45+09:00
2022-05-24,NT倍率,14.24,26748.14,1878.26,2026-08-15T01:29:45+09:00
2022-05-25,NT倍率,14.22,26677.8,1876.58,2026-08-15T01:29:45+09:00
2022-05-26,NT倍率,14.17,26604.84,1877.58,2026-08-15T01:29:45+09:00
2022-05-27,NT倍率,14.19,26781.68,1887.3,2026-08-15T01:29:45+09:00
2022-05-30,NT倍率,14.24,27369.43,1922.44,2026-08-15T01:29:45+09:00
2022-05-31,NT倍率,14.26,27279.8,1912.67,2026-08-15T01:29:45+09:00
2022-06-01,NT倍率,14.16,27457.89,1938.64,2026-08-15T01:29:45+09:00
2022-06-02,NT倍率,14.23,27413.88,1926.39,2026-08-15T01:29:45+09:00
2022-06-03,NT倍率,14.36,27761.57,1933.14,2026-08-15T01:29:45+09:00
2022-06-06,NT倍率,14.4,27915.89,1939.11,2026-08-15T01:29:45+09:00
2022-06-07,NT倍率,14.35,27943.95,1947.03,2026-08-15T01:29:45+09:00
2022-06-08,NT倍率,14.33,28234.29,1969.98,2026-08-15T01:29:45+09:00
2022-06-09,NT倍率,14.35,28246.53,1969.05,2026-08-15T01:29:45+09:00
2022-06-10,NT倍率,14.32,27824.29,1943.09,2026-08-15T01:29:45+09:00
2022-06-13,NT倍率,14.2,26987.44,1901.06,2026-08-15T01:29:45+09:00
2022-06-14,NT倍率,14.18,26629.86,1878.45,2026-08-15T01:29:45+09:00
2022-06-15,NT倍率,14.18,26326.16,1855.93,2026-08-15T01:29:45+09:00
2022-06-16,NT倍率,14.15,26431.2,1867.81,2026-08-15T01:29:45+09:00
2022-06-17,NT倍率,14.14,25963.0,1835.9,2026-08-15T01:29:45+09:00
2022-06-20,NT倍率,14.17,25771.22,1818.94,2026-08-15T01:29:45+09:00
2022-06-21,NT倍率,14.14,26246.31,1856.2,2026-08-15T01:29:45+09:00
2022-06-22,NT倍率,14.11,26149.55,1852.65,2026-08-15T01:29:45+09:00
2022-06-23,NT倍率,14.13,26171.25,1851.74,2026-08-15T01:29:45+09:00
2022-06-24,NT倍率,14.19,26491.97,1866.72,2026-08-15T01:29:45+09:00
2022-06-27,NT倍率,14.24,26871.27,1887.42,2026-08-15T01:29:45+09:00
2022-06-28,NT倍率,14.18,27049.47,1907.38,2026-08-15T01:29:45+09:00
2022-06-29,NT倍率,14.16,26804.6,1893.57,2026-08-15T01:29:45+09:00
2022-06-30,NT倍率,14.11,26393.04,1870.82,2026-08-15T01:29:45+09:00
2022-07-01,NT倍率,14.06,25935.62,1845.04,2026-08-15T01:29:45+09:00
2022-07-04,NT倍率,13.99,26153.81,1869.71,2026-08-15T01:29:45+09:00
2022-07-05,NT倍率,14.06,26423.47,1879.12,2026-08-15T01:29:45+09:00
2022-07-06,NT倍率,14.07,26107.65,1855.97,2026-08-15T01:29:45+09:00
2022-07-07,NT倍率,14.07,26490.53,1882.33,2026-08-15T01:29:45+09:00
2022-07-08,NT倍率,14.05,26517.19,1887.43,2026-08-15T01:29:45+09:00
2022-07-11,NT倍率,14.0,26812.3,1914.66,2026-08-15T01:29:45+09:00
2022-07-12,NT倍率,13.98,26336.66,1883.3,2026-08-15T01:29:45+09:00
2022-07-13,NT倍率,14.02,26478.77,1888.85,2026-08-15T01:29:45+09:00
2022-07-14,NT倍率,14.07,26643.39,1893.13,2026-08-15T01:29:45+09:00
2022-07-15,NT倍率,14.16,26788.47,1892.5,2026-08-15T01:29:45+09:00
2022-07-19,NT倍率,14.17,26961.68,1902.79,2026-08-15T01:29:45+09:00
2022-07-20,NT倍率,14.22,27680.26,1946.44,2026-08-15T01:29:45+09:00
2022-07-21,NT倍率,14.25,27803.0,1950.59,2026-08-15T01:29:45+09:00
2022-07-22,NT倍率,14.27,27914.66,1955.97,2026-08-15T01:29:45+09:00
2022-07-25,NT倍率,14.25,27699.25,1943.21,2026-08-15T01:29:45+09:00
2022-07-26,NT倍率,14.23,27655.21,1943.17,2026-08-15T01:29:45+09:00
2022-07-27,NT倍率,14.24,27715.75,1945.75,2026-08-15T01:29:45+09:00
2022-07-28,NT倍率,14.27,27815.48,1948.85,2026-08-15T01:29:45+09:00
2022-07-29,NT倍率,14.33,27801.64,1940.31,2026-08-15T01:29:45+09:00
2022-08-01,NT倍率,14.28,27993.35,1960.11,2026-08-15T01:29:45+09:00
2022-08-02,NT倍率,14.33,27594.73,1925.49,2026-08-15T01:29:45+09:00
2022-08-03,NT倍率,14.37,27741.9,1930.77,2026-08-15T01:29:45+09:00
2022-08-04,NT倍率,14.47,27932.2,1930.73,2026-08-15T01:29:45+09:00
2022-08-05,NT倍率,14.47,28175.87,1947.17,2026-08-15T01:29:45+09:00
2022-08-08,NT倍率,14.48,28249.24,1951.41,2026-08-15T01:29:45+09:00
2022-08-09,NT倍率,14.46,27999.96,1937.02,2026-08-15T01:29:45+09:00
2022-08-10,NT倍率,14.39,27819.33,1933.65,2026-08-15T01:29:45+09:00
2022-08-12,NT倍率,14.47,28546.98,1973.18,2026-08-15T01:29:45+09:00
2022-08-15,NT倍率,14.55,28871.78,1984.96,2026-08-15T01:29:45+09:00
2022-08-16,NT倍率,14.57,28868.91,1981.96,2026-08-15T01:29:45+09:00
2022-08-17,NT倍率,14.56,29222.77,2006.99,2026-08-15T01:29:45+09:00
2022-08-18,NT倍率,14.54,28942.14,1990.5,2026-08-15T01:29:45+09:00
2022-08-19,NT倍率,14.5,28930.33,1994.52,2026-08-15T01:29:45+09:00
2022-08-22,NT倍率,14.45,28794.5,1992.59,2026-08-15T01:29:45+09:00
2022-08-23,NT倍率,14.43,28452.75,1971.44,2026-08-15T01:29:45+09:00
2022-08-24,NT倍率,14.39,28313.47,1967.18,2026-08-15T01:29:45+09:00
2022-08-25,NT倍率,14.41,28479.01,1976.6,2026-08-15T01:29:45+09:00
2022-08-26,NT倍率,14.47,28641.38,1979.59,2026-08-15T01:29:45+09:00
2022-08-29,NT倍率,14.34,27878.96,1944.1,2026-08-15T01:29:45+09:00
2022-08-30,NT倍率,14.32,28195.58,1968.38,2026-08-15T01:29:45+09:00
2022-08-31,NT倍率,14.31,28091.53,1963.16,2026-08-15T01:29:45+09:00
2022-09-01,NT倍率,14.29,27661.47,1935.49,2026-08-15T01:29:45+09:00
2022-09-02,NT倍率,14.33,27650.84,1930.17,2026-08-15T01:29:45+09:00
2022-09-05,NT倍率,14.32,27619.61,1928.79,2026-08-15T01:29:45+09:00
2022-09-06,NT倍率,14.34,27626.51,1926.58,2026-08-15T01:29:45+09:00
2022-09-07,NT倍率,14.32,27430.3,1915.65,2026-08-15T01:29:45+09:00
2022-09-08,NT倍率,14.34,28065.28,1957.62,2026-08-15T01:29:45+09:00
2022-09-09,NT倍率,14.35,28214.75,1965.53,2026-08-15T01:29:45+09:00
2022-09-12,NT倍率,14.41,28542.11,1980.22,2026-08-15T01:29:45+09:00
2022-09-13,NT倍率,14.4,28614.63,1986.57,2026-08-15T01:29:45+09:00
2022-09-14,NT倍率,14.28,27818.62,1947.46,2026-08-15T01:29:45+09:00
2022-09-15,NT倍率,14.29,27875.91,1950.43,2026-08-15T01:29:45+09:00
2022-09-16,NT倍率,14.22,27567.65,1938.56,2026-08-15T01:29:45+09:00
2022-09-20,NT倍率,14.22,27688.42,1947.27,2026-08-15T01:29:45+09:00
2022-09-21,NT倍率,14.22,27313.13,1920.8,2026-08-15T01:29:45+09:00
2022-09-22,NT倍率,14.17,27153.83,1916.12,2026-08-15T01:29:45+09:00
2022-09-26,NT倍率,14.18,26431.55,1864.28,2026-08-15T01:29:45+09:00
2022-09-27,NT倍率,14.19,26571.87,1873.01,2026-08-15T01:29:45+09:00
2022-09-28,NT倍率,14.11,26173.98,1855.15,2026-08-15T01:29:45+09:00
2022-09-29,NT倍率,14.14,26422.05,1868.8,2026-08-15T01:29:45+09:00
2022-09-30,NT倍率,14.13,25937.21,1835.94,2026-08-15T01:29:45+09:00
2022-10-03,NT倍率,14.19,26215.79,1847.58,2026-08-15T01:29:45+09:00
2022-10-04,NT倍率,14.16,26992.21,1906.89,2026-08-15T01:29:45+09:00
2022-10-05,NT倍率,14.18,27120.53,1912.92,2026-08-15T01:29:45+09:00
2022-10-06,NT倍率,14.21,27311.3,1922.47,2026-08-15T01:29:45+09:00
2022-10-07,NT倍率,14.22,27116.11,1906.8,2026-08-15T01:29:45+09:00
2022-10-11,NT倍率,14.11,26401.25,1871.24,2026-08-15T01:29:45+09:00
2022-10-12,NT倍率,14.12,26396.83,1869.0,2026-08-15T01:29:45+09:00
2022-10-13,NT倍率,14.15,26237.42,1854.61,2026-08-15T01:29:45+09:00
2022-10-14,NT倍率,14.27,27090.76,1898.19,2026-08-15T01:29:45+09:00
2022-10-17,NT倍率,14.25,26775.79,1879.56,2026-08-15T01:29:45+09:00
2022-10-18,NT倍率,14.28,27156.14,1901.44,2026-08-15T01:29:45+09:00
2022-10-19,NT倍率,14.31,27257.38,1905.06,2026-08-15T01:29:45+09:00
2022-10-20,NT倍率,14.25,27006.96,1895.41,2026-08-15T01:29:45+09:00
2022-10-21,NT倍率,14.29,26890.58,1881.98,2026-08-15T01:29:45+09:00
2022-10-24,NT倍率,14.29,26974.9,1887.19,2026-08-15T01:29:45+09:00
2022-10-25,NT倍率,14.29,27250.28,1907.14,2026-08-15T01:29:45+09:00
2022-10-26,NT倍率,14.3,27431.84,1918.21,2026-08-15T01:29:45+09:00
2022-10-27,NT倍率,14.35,27345.24,1905.56,2026-08-15T01:29:45+09:00
2022-10-28,NT倍率,14.27,27105.2,1899.05,2026-08-15T01:29:45+09:00
2022-10-31,NT倍率,14.3,27587.46,1929.43,2026-08-15T01:29:45+09:00
2022-11-01,NT倍率,14.28,27678.92,1938.5,2026-08-15T01:29:45+09:00
2022-11-02,NT倍率,14.26,27663.39,1940.46,2026-08-15T01:29:45+09:00
2022-11-04,NT倍率,14.2,27199.74,1915.4,2026-08-15T01:29:45+09:00
2022-11-07,NT倍率,14.23,27527.64,1934.09,2026-08-15T01:29:45+09:00
2022-11-08,NT倍率,14.24,27872.11,1957.56,2026-08-15T01:29:45+09:00
2022-11-09,NT倍率,14.22,27716.43,1949.49,2026-08-15T01:29:45+09:00
2022-11-10,NT倍率,14.17,27446.1,1936.66,2026-08-15T01:29:45+09:00
2022-11-11,NT倍率,14.29,28263.57,1977.76,2026-08-15T01:29:45+09:00
2022-11-14,NT倍率,14.29,27963.47,1956.9,2026-08-15T01:29:45+09:00
2022-11-15,NT倍率,14.25,27990.17,1964.22,2026-08-15T01:29:45+09:00
2022-11-16,NT倍率,14.28,28028.3,1963.29,2026-08-15T01:29:45+09:00
2022-11-17,NT倍率,14.2,27930.57,1966.28,2026-08-15T01:29:45+09:00
2022-11-18,NT倍率,14.18,27899.77,1967.03,2026-08-15T01:29:45+09:00
2022-11-21,NT倍率,14.17,27944.79,1972.57,2026-08-15T01:29:45+09:00
2022-11-22,NT倍率,14.09,28115.74,1994.75,2026-08-15T01:29:45+09:00
2022-11-24,NT倍率,14.06,28383.09,2018.8,2026-08-15T01:29:45+09:00
2022-11-25,NT倍率,14.02,28283.03,2018.0,2026-08-15T01:29:45+09:00
2022-11-28,NT倍率,14.05,28162.83,2004.31,2026-08-15T01:29:45+09:00
2022-11-29,NT倍率,14.06,28027.84,1992.97,2026-08-15T01:29:45+09:00
2022-11-30,NT倍率,14.09,27968.99,1985.57,2026-08-15T01:29:45+09:00
2022-12-01,NT倍率,14.21,28226.08,1986.46,2026-08-15T01:29:45+09:00
2022-12-02,NT倍率,14.22,27777.9,1953.98,2026-08-15T01:29:45+09:00
2022-12-05,NT倍率,14.28,27820.4,1947.9,2026-08-15T01:29:45+09:00
2022-12-06,NT倍率,14.3,27885.87,1950.22,2026-08-15T01:29:45+09:00
2022-12-07,NT倍率,14.21,27686.4,1948.31,2026-08-15T01:29:45+09:00
2022-12-08,NT倍率,14.2,27574.43,1941.5,2026-08-15T01:29:45+09:00
2022-12-09,NT倍率,14.22,27901.01,1961.56,2026-08-15T01:29:45+09:00
2022-12-12,NT倍率,14.22,27842.33,1957.33,2026-08-15T01:29:45+09:00
2022-12-13,NT倍率,14.22,27954.85,1965.68,2026-08-15T01:29:45+09:00
2022-12-14,NT倍率,14.24,28156.21,1977.42,2026-08-15T01:29:45+09:00
2022-12-15,NT倍率,14.21,28051.7,1973.9,2026-08-15T01:29:45+09:00
2022-12-16,NT倍率,14.11,27527.12,1950.21,2026-08-15T01:29:45+09:00
2022-12-19,NT倍率,14.07,27237.64,1935.41,2026-08-15T01:29:45+09:00
2022-12-20,NT倍率,13.94,26568.03,1905.59,2026-08-15T01:29:45+09:00
2022-12-21,NT倍率,13.94,26387.72,1893.32,2026-08-15T01:29:45+09:00
2022-12-22,NT倍率,13.89,26507.87,1908.17,2026-08-15T01:29:45+09:00
2022-12-23,NT倍率,13.82,26235.25,1897.94,2026-08-15T01:29:45+09:00
2022-12-26,NT倍率,13.88,26405.87,1902.52,2026-08-15T01:29:45+09:00
2022-12-27,NT倍率,13.85,26447.87,1910.15,2026-08-15T01:29:45+09:00
2022-12-28,NT倍率,13.8,26340.5,1909.02,2026-08-15T01:29:45+09:00
2022-12-29,NT倍率,13.77,26093.67,1895.27,2026-08-15T01:29:45+09:00
2022-12-30,NT倍率,13.79,26094.5,1891.71,2026-08-15T01:29:45+09:00
2023-01-04,NT倍率,13.77,25716.86,1868.15,2026-08-15T01:29:45+09:00
2023-01-05,NT倍率,13.82,25820.8,1868.9,2026-08-15T01:29:45+09:00
2023-01-06,NT倍率,13.85,25973.85,1875.76,2026-08-15T01:29:45+09:00
2023-01-10,NT倍率,13.92,26175.56,1880.88,2026-08-15T01:29:45+09:00
2023-01-11,NT倍率,13.91,26446.0,1901.25,2026-08-15T01:29:45+09:00
2023-01-12,NT倍率,13.86,26449.82,1908.18,2026-08-15T01:29:45+09:00
2023-01-13,NT倍率,13.72,26119.52,1903.08,2026-08-15T01:29:45+09:00
2023-01-16,NT倍率,13.69,25822.32,1886.31,2026-08-15T01:29:45+09:00
2023-01-17,NT倍率,13.74,26138.68,1902.89,2026-08-15T01:29:45+09:00
2023-01-18,NT倍率,13.85,26791.12,1934.93,2026-08-15T01:29:45+09:00
2023-01-19,NT倍率,13.78,26405.23,1915.62,2026-08-15T01:29:45+09:00
2023-01-20,NT倍率,13.78,26553.53,1926.87,2026-08-15T01:29:45+09:00
2023-01-23,NT倍率,13.83,26906.04,1945.38,2026-08-15T01:29:45+09:00
2023-01-24,NT倍率,13.84,27299.19,1972.92,2026-08-15T01:29:45+09:00
2023-01-25,NT倍率,13.83,27395.01,1980.69,2026-08-15T01:29:45+09:00
2023-01-26,NT倍率,13.83,27362.75,1978.4,2026-08-15T01:29:45+09:00
2023-01-27,NT倍率,13.81,27382.56,1982.66,2026-08-15T01:29:45+09:00
2023-01-30,NT倍率,13.84,27433.4,1982.4,2026-08-15T01:29:45+09:00
2023-01-31,NT倍率,13.83,27327.11,1975.27,2026-08-15T01:29:45+09:00
2023-02-01,NT倍率,13.87,27346.88,1972.23,2026-08-15T01:29:45+09:00
2023-02-02,NT倍率,13.94,27402.05,1965.17,2026-08-15T01:29:45+09:00
2023-02-03,NT倍率,13.96,27509.46,1970.26,2026-08-15T01:29:45+09:00
2023-02-06,NT倍率,13.99,27693.65,1979.22,2026-08-15T01:29:45+09:00
2023-02-07,NT倍率,13.96,27685.47,1983.4,2026-08-15T01:29:45+09:00
2023-02-08,NT倍率,13.91,27606.46,1983.97,2026-08-15T01:29:45+09:00
2023-02-09,NT倍率,13.9,27584.35,1985.0,2026-08-15T01:29:45+09:00
2023-02-10,NT倍率,13.93,27670.98,1986.96,2026-08-15T01:29:45+09:00
2023-02-13,NT倍率,13.87,27427.32,1977.67,2026-08-15T01:29:45+09:00
2023-02-14,NT倍率,13.85,27602.77,1993.09,2026-08-15T01:29:45+09:00
2023-02-15,NT倍率,13.84,27501.86,1987.74,2026-08-15T01:29:45+09:00
2023-02-16,NT倍率,13.84,27696.44,2001.09,2026-08-15T01:29:45+09:00
2023-02-17,NT倍率,13.81,27513.13,1991.93,2026-08-15T01:29:45+09:00
2023-02-20,NT倍率,13.77,27531.94,1999.71,2026-08-15T01:29:45+09:00
2023-02-21,NT倍率,13.75,27473.1,1997.46,2026-08-15T01:29:45+09:00
2023-02-22,NT倍率,13.72,27104.32,1975.25,2026-08-15T01:29:45+09:00
2023-02-24,NT倍率,13.81,27453.48,1988.4,2026-08-15T01:29:45+09:00
2023-02-27,NT倍率,13.76,27423.96,1992.78,2026-08-15T01:29:45+09:00
2023-02-28,NT倍率,13.77,27445.56,1993.28,2026-08-15T01:29:45+09:00
2023-03-01,NT倍率,13.77,27516.53,1997.81,2026-08-15T01:29:45+09:00
2023-03-02,NT倍率,13.79,27498.87,1994.57,2026-08-15T01:29:45+09:00
2023-03-03,NT倍率,13.83,27927.47,2019.52,2026-08-15T01:29:45+09:00
2023-03-06,NT倍率,13.87,28237.78,2036.49,2026-08-15T01:29:45+09:00
2023-03-07,NT倍率,13.84,28309.16,2044.98,2026-08-15T01:29:45+09:00
2023-03-08,NT倍率,13.87,28444.19,2051.21,2026-08-15T01:29:45+09:00
2023-03-09,NT倍率,13.82,28623.15,2071.09,2026-08-15T01:29:45+09:00
2023-03-10,NT倍率,13.85,28143.97,2031.58,2026-08-15T01:29:45+09:00
2023-03-13,NT倍率,13.91,27832.96,2000.99,2026-08-15T01:29:45+09:00
2023-03-14,NT倍率,13.98,27222.04,1947.54,2026-08-15T01:29:45+09:00
2023-03-15,NT倍率,13.89,27229.48,1960.12,2026-08-15T01:29:45+09:00
2023-03-16,NT倍率,13.94,27010.61,1937.1,2026-08-15T01:29:45+09:00
2023-03-17,NT倍率,13.95,27333.79,1959.42,2026-08-15T01:29:45+09:00
2023-03-20,NT倍率,13.97,26945.67,1929.3,2026-08-15T01:29:45+09:00
2023-03-22,NT倍率,13.99,27466.61,1962.93,2026-08-15T01:29:45+09:00
2023-03-23,NT倍率,14.01,27419.61,1957.32,2026-08-15T01:29:45+09:00
2023-03-24,NT倍率,14.01,27385.25,1955.32,2026-08-15T01:29:45+09:00
2023-03-27,NT倍率,14.01,27476.87,1961.84,2026-08-15T01:29:45+09:00
2023-03-28,NT倍率,13.99,27518.25,1966.67,2026-08-15T01:29:45+09:00
2023-03-29,NT倍率,13.97,27883.78,1995.48,2026-08-15T01:29:45+09:00
2023-03-30,NT倍率,14.01,27782.93,1983.32,2026-08-15T01:29:45+09:00
2023-03-31,NT倍率,14.0,28041.48,2003.5,2026-08-15T01:29:45+09:00
2023-04-03,NT倍率,13.97,28188.15,2017.68,2026-08-15T01:29:45+09:00
2023-04-04,NT倍率,13.98,28287.42,2022.76,2026-08-15T01:29:45+09:00
2023-04-05,NT倍率,14.02,27813.26,1983.84,2026-08-15T01:29:45+09:00
2023-04-06,NT倍率,14.01,27472.63,1961.28,2026-08-15T01:29:45+09:00
2023-04-07,NT倍率,14.0,27518.31,1965.44,2026-08-15T01:29:45+09:00
2023-04-10,NT倍率,13.98,27633.66,1976.53,2026-08-15T01:29:45+09:00
2023-04-11,NT倍率,14.02,27923.37,1991.85,2026-08-15T01:29:45+09:00
2023-04-12,NT倍率,13.99,28082.7,2006.92,2026-08-15T01:29:45+09:00
2023-04-13,NT倍率,14.02,28156.97,2007.93,2026-08-15T01:29:45+09:00
2023-04-14,NT倍率,14.11,28493.47,2018.72,2026-08-15T01:29:45+09:00
2023-04-17,NT倍率,14.07,28514.78,2026.97,2026-08-15T01:29:45+09:00
2023-04-18,NT倍率,14.04,28658.83,2040.89,2026-08-15T01:29:45+09:00
2023-04-19,NT倍率,14.02,28606.76,2040.38,2026-08-15T01:29:45+09:00
2023-04-20,NT倍率,14.05,28657.57,2039.73,2026-08-15T01:29:45+09:00
2023-04-21,NT倍率,14.04,28564.37,2035.06,2026-08-15T01:29:45+09:00
2023-04-24,NT倍率,14.03,28593.52,2037.34,2026-08-15T01:29:45+09:00
2023-04-25,NT倍率,14.01,28620.07,2042.15,2026-08-15T01:29:45+09:00
2023-04-26,NT倍率,14.04,28416.47,2023.9,2026-08-15T01:29:45+09:00
2023-04-27,NT倍率,14.0,28457.68,2032.51,2026-08-15T01:29:45+09:00
2023-04-28,NT倍率,14.03,28856.44,2057.48,2026-08-15T01:29:45+09:00
2023-05-01,NT倍率,14.01,29123.18,2078.06,2026-08-15T01:29:45+09:00
2023-05-02,NT倍率,14.05,29157.95,2075.53,2026-08-15T01:29:45+09:00
2023-05-08,NT倍率,13.98,28949.88,2071.21,2026-08-15T01:29:45+09:00
2023-05-09,NT倍率,13.94,29242.82,2097.55,2026-08-15T01:29:45+09:00
2023-05-10,NT倍率,13.96,29122.18,2085.91,2026-08-15T01:29:45+09:00
2023-05-11,NT倍率,13.98,29126.72,2083.09,2026-08-15T01:29:45+09:00
2023-05-12,NT倍率,14.02,29388.3,2096.39,2026-08-15T01:29:45+09:00
2023-05-15,NT倍率,14.01,29626.34,2114.85,2026-08-15T01:29:45+09:00
2023-05-16,NT倍率,14.03,29842.99,2127.18,2026-08-15T01:29:45+09:00
2023-05-17,NT倍率,14.1,30093.59,2133.61,2026-08-15T01:29:45+09:00
2023-05-18,NT倍率,14.17,30573.93,2157.85,2026-08-15T01:29:45+09:00
2023-05-19,NT倍率,14.25,30808.35,2161.69,2026-08-15T01:29:45+09:00
2023-05-22,NT倍率,14.29,31086.82,2175.9,2026-08-15T01:29:45+09:00
2023-05-23,NT倍率,14.32,30957.77,2161.49,2026-08-15T01:29:45+09:00
2023-05-24,NT倍率,14.26,30682.68,2152.4,2026-08-15T01:29:45+09:00
2023-05-25,NT倍率,14.35,30801.13,2146.15,2026-08-15T01:29:45+09:00
2023-05-26,NT倍率,14.41,30916.31,2145.84,2026-08-15T01:29:45+09:00
2023-05-29,NT倍率,14.46,31233.54,2160.65,2026-08-15T01:29:45+09:00
2023-05-30,NT倍率,14.51,31328.16,2159.22,2026-08-15T01:29:45+09:00
2023-05-31,NT倍率,14.5,30887.88,2130.63,2026-08-15T01:29:45+09:00
2023-06-01,NT倍率,14.49,31148.01,2149.29,2026-08-15T01:29:45+09:00
2023-06-02,NT倍率,14.44,31524.22,2182.7,2026-08-15T01:29:45+09:00
2023-06-05,NT倍率,14.51,32217.43,2219.79,2026-08-15T01:29:45+09:00
2023-06-06,NT倍率,14.54,32506.78,2236.28,2026-08-15T01:29:45+09:00
2023-06-07,NT倍率,14.46,31913.74,2206.3,2026-08-15T01:29:45+09:00
2023-06-08,NT倍率,14.44,31641.27,2191.5,2026-08-15T01:29:45+09:00
2023-06-09,NT倍率,14.51,32265.17,2224.32,2026-08-15T01:29:45+09:00
2023-06-12,NT倍率,14.49,32434.0,2238.77,2026-08-15T01:29:45+09:00
2023-06-13,NT倍率,14.58,33018.65,2264.79,2026-08-15T01:29:45+09:00
2023-06-14,NT倍率,14.6,33502.42,2294.53,2026-08-15T01:29:45+09:00
2023-06-15,NT倍率,14.6,33485.49,2293.97,2026-08-15T01:29:45+09:00
2023-06-16,NT倍率,14.65,33706.08,2300.36,2026-08-15T01:29:45+09:00
2023-06-19,NT倍率,14.57,33370.42,2290.5,2026-08-15T01:29:45+09:00
2023-06-20,NT倍率,14.62,33388.91,2283.85,2026-08-15T01:29:45+09:00
2023-06-21,NT倍率,14.63,33575.14,2295.01,2026-08-15T01:29:45+09:00
2023-06-22,NT倍率,14.49,33264.88,2296.5,2026-08-15T01:29:45+09:00
2023-06-23,NT倍率,14.47,32781.54,2264.73,2026-08-15T01:29:45+09:00
2023-06-26,NT倍率,14.47,32698.81,2260.17,2026-08-15T01:29:45+09:00
2023-06-27,NT倍率,14.44,32538.33,2253.81,2026-08-15T01:29:45+09:00
2023-06-28,NT倍率,14.44,33193.99,2298.6,2026-08-15T01:29:45+09:00
2023-06-29,NT倍率,14.47,33234.14,2296.25,2026-08-15T01:29:45+09:00
2023-06-30,NT倍率,14.5,33189.04,2288.6,2026-08-15T01:29:45+09:00
2023-07-03,NT倍率,14.54,33753.33,2320.81,2026-08-15T01:29:45+09:00
2023-07-04,NT倍率,14.49,33422.52,2306.37,2026-08-15T01:29:45+09:00
2023-07-05,NT倍率,14.46,33338.7,2306.03,2026-08-15T01:29:45+09:00
2023-07-06,NT倍率,14.39,32773.02,2277.08,2026-08-15T01:29:45+09:00
2023-07-07,NT倍率,14.36,32388.42,2254.9,2026-08-15T01:29:45+09:00
2023-07-10,NT倍率,14.35,32189.73,2243.33,2026-08-15T01:29:45+09:00
2023-07-11,NT倍率,14.4,32203.57,2236.4,2026-08-15T01:29:45+09:00
2023-07-12,NT倍率,14.38,31943.93,2221.48,2026-08-15T01:29:45+09:00
2023-07-13,NT倍率,14.45,32419.33,2242.99,2026-08-15T01:29:45+09:00
2023-07-14,NT倍率,14.47,32391.26,2239.1,2026-08-15T01:29:45+09:00
2023-07-18,NT倍率,14.43,32493.89,2252.28,2026-08-15T01:29:45+09:00
2023-07-19,NT倍率,14.43,32896.03,2278.97,2026-08-15T01:29:45+09:00
2023-07-20,NT倍率,14.37,32490.52,2260.9,2026-08-15T01:29:45+09:00
2023-07-21,NT倍率,14.28,32304.25,2262.2,2026-08-15T01:29:45+09:00
2023-07-24,NT倍率,14.34,32700.94,2281.18,2026-08-15T01:29:45+09:00
2023-07-25,NT倍率,14.3,32682.51,2285.38,2026-08-15T01:29:45+09:00
2023-07-26,NT倍率,14.31,32668.34,2283.09,2026-08-15T01:29:45+09:00
2023-07-27,NT倍率,14.33,32891.16,2295.14,2026-08-15T01:29:45+09:00
2023-07-28,NT倍率,14.3,32759.23,2290.61,2026-08-15T01:29:45+09:00
2023-07-31,NT倍率,14.28,33172.22,2322.56,2026-08-15T01:29:45+09:00
2023-08-01,NT倍率,14.32,33476.58,2337.36,2026-08-15T01:29:45+09:00
2023-08-02,NT倍率,14.21,32707.69,2301.76,2026-08-15T01:29:45+09:00
2023-08-03,NT倍率,14.18,32159.28,2268.35,2026-08-15T01:29:45+09:00
2023-08-04,NT倍率,14.15,32192.75,2274.63,2026-08-15T01:29:45+09:00
2023-08-07,NT倍率,14.12,32254.56,2283.93,2026-08-15T01:29:45+09:00
2023-08-08,NT倍率,14.13,32377.29,2291.73,2026-08-15T01:29:45+09:00
2023-08-09,NT倍率,14.11,32204.33,2282.57,2026-08-15T01:29:45+09:00
2023-08-10,NT倍率,14.1,32473.65,2303.51,2026-08-15T01:29:45+09:00
2023-08-14,NT倍率,14.06,32059.91,2280.89,2026-08-15T01:29:45+09:00
2023-08-15,NT倍率,14.08,32238.89,2290.31,2026-08-15T01:29:45+09:00
2023-08-16,NT倍率,14.05,31766.82,2260.84,2026-08-15T01:29:45+09:00
2023-08-17,NT倍率,14.04,31626.0,2253.06,2026-08-15T01:29:45+09:00
2023-08-18,NT倍率,14.06,31450.76,2237.29,2026-08-15T01:29:45+09:00
2023-08-21,NT倍率,14.08,31565.64,2241.49,2026-08-15T01:29:45+09:00
2023-08-22,NT倍率,14.06,31856.71,2265.71,2026-08-15T01:29:45+09:00
2023-08-23,NT倍率,14.06,32010.26,2277.05,2026-08-15T01:29:45+09:00
2023-08-24,NT倍率,14.12,32287.21,2286.59,2026-08-15T01:29:45+09:00
2023-08-25,NT倍率,13.95,31624.28,2266.4,2026-08-15T01:29:45+09:00
2023-08-28,NT倍率,13.99,32169.99,2299.81,2026-08-15T01:29:45+09:00
2023-08-29,NT倍率,13.99,32226.97,2303.41,2026-08-15T01:29:45+09:00
2023-08-30,NT倍率,13.98,32333.46,2313.38,2026-08-15T01:29:45+09:00
2023-08-31,NT倍率,13.99,32619.34,2332.0,2026-08-15T01:29:45+09:00
2023-09-01,NT倍率,13.92,32710.62,2349.75,2026-08-15T01:29:45+09:00
2023-09-04,NT倍率,13.88,32939.18,2373.73,2026-08-15T01:29:45+09:00
2023-09-05,NT倍率,13.89,33036.76,2377.85,2026-08-15T01:29:45+09:00
2023-09-06,NT倍率,13.89,33241.02,2392.53,2026-08-15T01:29:45+09:00
2023-09-07,NT倍率,13.84,32991.08,2383.38,2026-08-15T01:29:45+09:00
2023-09-08,NT倍率,13.82,32606.84,2359.02,2026-08-15T01:29:45+09:00
2023-09-11,NT倍率,13.75,32467.76,2360.48,2026-08-15T01:29:45+09:00
2023-09-12,NT倍率,13.77,32776.37,2379.91,2026-08-15T01:29:45+09:00
2023-09-13,NT倍率,13.75,32706.52,2378.64,2026-08-15T01:29:45+09:00
2023-09-14,NT倍率,13.79,33168.1,2405.57,2026-08-15T01:29:45+09:00
2023-09-15,NT倍率,13.81,33533.09,2428.38,2026-08-15T01:29:45+09:00
2023-09-19,NT倍率,13.68,33242.59,2430.3,2026-08-15T01:29:45+09:00
2023-09-20,NT倍率,13.73,33023.78,2406.0,2026-08-15T01:29:45+09:00
2023-09-21,NT倍率,13.67,32571.03,2383.41,2026-08-15T01:29:45+09:00
2023-09-22,NT倍率,13.64,32402.41,2376.27,2026-08-15T01:29:45+09:00
2023-09-25,NT倍率,13.7,32678.62,2385.5,2026-08-15T01:29:45+09:00
2023-09-26,NT倍率,13.62,32315.05,2371.94,2026-08-15T01:29:45+09:00
2023-09-27,NT倍率,13.6,32371.9,2379.53,2026-08-15T01:29:45+09:00
2023-09-28,NT倍率,13.59,31872.52,2345.51,2026-08-15T01:29:45+09:00
2023-09-29,NT倍率,13.71,31857.62,2323.39,2026-08-15T01:29:45+09:00
2023-10-02,NT倍率,13.72,31759.88,2314.44,2026-08-15T01:29:45+09:00
2023-10-03,NT倍率,13.73,31237.94,2275.47,2026-08-15T01:29:45+09:00
2023-10-04,NT倍率,13.76,30526.88,2218.89,2026-08-15T01:29:45+09:00
2023-10-05,NT倍率,13.73,31075.36,2263.76,2026-08-15T01:29:45+09:00
2023-10-06,NT倍率,13.69,30994.67,2264.08,2026-08-15T01:29:45+09:00
2023-10-10,NT倍率,13.73,31746.53,2312.19,2026-08-15T01:29:45+09:00
2023-10-11,NT倍率,13.84,31936.51,2307.84,2026-08-15T01:29:45+09:00
2023-10-12,NT倍率,13.87,32494.66,2342.49,2026-08-15T01:29:45+09:00
2023-10-13,NT倍率,14.0,32315.99,2308.75,2026-08-15T01:29:45+09:00
2023-10-16,NT倍率,13.92,31659.03,2273.54,2026-08-15T01:29:45+09:00
2023-10-17,NT倍率,13.98,32040.29,2292.08,2026-08-15T01:29:45+09:00
2023-10-18,NT倍率,13.96,32042.25,2295.34,2026-08-15T01:29:45+09:00
2023-10-19,NT倍率,13.88,31430.62,2264.16,2026-08-15T01:29:45+09:00
2023-10-20,NT倍率,13.86,31259.36,2255.65,2026-08-15T01:29:45+09:00
2023-10-23,NT倍率,13.85,30999.55,2238.81,2026-08-15T01:29:45+09:00
2023-10-24,NT倍率,13.86,31062.35,2240.73,2026-08-15T01:29:45+09:00
2023-10-25,NT倍率,13.87,31269.92,2254.4,2026-08-15T01:29:45+09:00
2023-10-26,NT倍率,13.76,30601.78,2224.25,2026-08-15T01:29:45+09:00
2023-10-27,NT倍率,13.75,30991.69,2254.65,2026-08-15T01:29:45+09:00
2023-10-30,NT倍率,13.76,30696.96,2231.24,2026-08-15T01:29:45+09:00
2023-10-31,NT倍率,13.69,30858.85,2253.72,2026-08-15T01:29:45+09:00
2023-11-01,NT倍率,13.68,31601.65,2310.68,2026-08-15T01:29:45+09:00
2023-11-02,NT倍率,13.76,31949.89,2322.39,2026-08-15T01:29:45+09:00
2023-11-06,NT倍率,13.86,32708.48,2360.46,2026-08-15T01:29:45+09:00
2023-11-07,NT倍率,13.83,32271.82,2332.91,2026-08-15T01:29:45+09:00
2023-11-08,NT倍率,13.95,32166.48,2305.95,2026-08-15T01:29:45+09:00
2023-11-09,NT倍率,13.98,32646.46,2335.12,2026-08-15T01:29:45+09:00
2023-11-10,NT倍率,13.94,32568.11,2336.72,2026-08-15T01:29:45+09:00
2023-11-13,NT倍率,13.95,32585.11,2336.62,2026-08-15T01:29:45+09:00
2023-11-14,NT倍率,13.94,32695.93,2345.29,2026-08-15T01:29:45+09:00
2023-11-15,NT倍率,14.12,33519.7,2373.22,2026-08-15T01:29:45+09:00
2023-11-16,NT倍率,14.11,33424.41,2368.62,2026-08-15T01:29:45+09:00
2023-11-17,NT倍率,14.05,33585.2,2391.05,2026-08-15T01:29:45+09:00
2023-11-20,NT倍率,14.07,33388.03,2372.6,2026-08-15T01:29:45+09:00
2023-11-21,NT倍率,14.09,33354.14,2367.79,2026-08-15T01:29:45+09:00
2023-11-22,NT倍率,14.07,33451.83,2378.19,2026-08-15T01:29:45+09:00
2023-11-24,NT倍率,14.06,33625.53,2390.94,2026-08-15T01:29:45+09:00
2023-11-27,NT倍率,14.04,33447.67,2381.76,2026-08-15T01:29:45+09:00
2023-11-28,NT倍率,14.06,33408.39,2376.71,2026-08-15T01:29:45+09:00
2023-11-29,NT倍率,14.09,33321.22,2364.5,2026-08-15T01:29:45+09:00
2023-11-30,NT倍率,14.1,33486.89,2374.93,2026-08-15T01:29:45+09:00
2023-12-01,NT倍率,14.03,33431.51,2382.52,2026-08-15T01:29:45+09:00
2023-12-04,NT倍率,14.07,33231.27,2362.65,2026-08-15T01:29:45+09:00
2023-12-05,NT倍率,13.99,32775.82,2342.69,2026-08-15T01:29:45+09:00
2023-12-06,NT倍率,14.01,33445.9,2387.2,2026-08-15T01:29:45+09:00
2023-12-07,NT倍率,13.92,32858.31,2359.91,2026-08-15T01:29:45+09:00
2023-12-08,NT倍率,13.9,32307.86,2324.47,2026-08-15T01:29:45+09:00
2023-12-11,NT倍率,13.9,32791.8,2358.55,2026-08-15T01:29:45+09:00
2023-12-12,NT倍率,13.96,32843.7,2353.16,2026-08-15T01:29:45+09:00
2023-12-13,NT倍率,13.98,32926.35,2354.92,2026-08-15T01:29:45+09:00
2023-12-14,NT倍率,14.08,32686.25,2321.35,2026-08-15T01:29:45+09:00
2023-12-15,NT倍率,14.14,32970.55,2332.28,2026-08-15T01:29:45+09:00
2023-12-18,NT倍率,14.14,32758.98,2316.86,2026-08-15T01:29:45+09:00
2023-12-19,NT倍率,14.23,33219.39,2333.81,2026-08-15T01:29:45+09:00
2023-12-20,NT倍率,14.33,33675.94,2349.38,2026-08-15T01:29:45+09:00
2023-12-21,NT倍率,14.25,33140.47,2325.98,2026-08-15T01:29:45+09:00
2023-12-22,NT倍率,14.2,33169.05,2336.43,2026-08-15T01:29:45+09:00
2023-12-25,NT倍率,14.23,33254.03,2337.4,2026-08-15T01:29:45+09:00
2023-12-26,NT倍率,14.24,33305.85,2338.86,2026-08-15T01:29:45+09:00
2023-12-27,NT倍率,14.24,33681.24,2365.4,2026-08-15T01:29:45+09:00
2023-12-28,NT倍率,14.2,33539.62,2362.02,2026-08-15T01:29:45+09:00
2023-12-29,NT倍率,14.14,33464.17,2366.39,2026-08-15T01:29:45+09:00
2024-01-04,NT倍率,13.99,33288.29,2378.79,2026-08-15T01:29:45+09:00
2024-01-05,NT倍率,13.94,33377.42,2393.54,2026-08-15T01:29:45+09:00
2024-01-09,NT倍率,13.99,33763.18,2413.09,2026-08-15T01:29:45+09:00
2024-01-10,NT倍率,14.09,34441.72,2444.48,2026-08-15T01:29:45+09:00
2024-01-11,NT倍率,14.12,35049.86,2482.87,2026-08-15T01:29:45+09:00
2024-01-12,NT倍率,14.26,35577.11,2494.23,2026-08-15T01:29:45+09:00
2024-01-15,NT倍率,14.22,35901.79,2524.6,2026-08-15T01:29:45+09:00
2024-01-16,NT倍率,14.23,35619.18,2503.98,2026-08-15T01:29:45+09:00
2024-01-17,NT倍率,14.21,35477.75,2496.38,2026-08-15T01:29:45+09:00
2024-01-18,NT倍率,14.23,35466.17,2492.09,2026-08-15T01:29:45+09:00
2024-01-19,NT倍率,14.33,35963.27,2510.03,2026-08-15T01:29:45+09:00
2024-01-22,NT倍率,14.36,36546.95,2544.92,2026-08-15T01:29:45+09:00
2024-01-23,NT倍率,14.37,36517.57,2542.07,2026-08-15T01:29:45+09:00
2024-01-24,NT倍率,14.32,36226.48,2529.22,2026-08-15T01:29:45+09:00
2024-01-25,NT倍率,14.31,36236.47,2531.92,2026-08-15T01:29:45+09:00
2024-01-26,NT倍率,14.31,35751.07,2497.65,2026-08-15T01:29:45+09:00
2024-01-29,NT倍率,14.24,36026.94,2529.48,2026-08-15T01:29:45+09:00
2024-01-30,NT倍率,14.27,36065.86,2526.93,2026-08-15T01:29:45+09:00
2024-01-31,NT倍率,14.22,36286.71,2551.1,2026-08-15T01:29:45+09:00
2024-02-01,NT倍率,14.21,36011.46,2534.04,2026-08-15T01:29:45+09:00
2024-02-02,NT倍率,14.24,36158.02,2539.68,2026-08-15T01:29:45+09:00
2024-02-05,NT倍率,14.22,36354.16,2556.71,2026-08-15T01:29:45+09:00
2024-02-06,NT倍率,14.24,36160.66,2539.25,2026-08-15T01:29:45+09:00
2024-02-07,NT倍率,14.16,36119.92,2549.95,2026-08-15T01:29:45+09:00
2024-02-08,NT倍率,14.38,36863.28,2562.63,2026-08-15T01:29:45+09:00
2024-02-09,NT倍率,14.43,36897.42,2557.88,2026-08-15T01:29:45+09:00
2024-02-13,NT倍率,14.53,37963.97,2612.03,2026-08-15T01:29:45+09:00
2024-02-14,NT倍率,14.59,37703.32,2584.59,2026-08-15T01:29:45+09:00
2024-02-15,NT倍率,14.72,38157.94,2591.85,2026-08-15T01:29:45+09:00
2024-02-16,NT倍率,14.66,38487.24,2624.73,2026-08-15T01:29:45+09:00
2024-02-19,NT倍率,14.57,38470.38,2639.69,2026-08-15T01:29:45+09:00
2024-02-20,NT倍率,14.57,38363.61,2632.3,2026-08-15T01:29:45+09:00
2024-02-21,NT倍率,14.56,38262.16,2627.3,2026-08-15T01:29:45+09:00
2024-02-22,NT倍率,14.69,39098.68,2660.71,2026-08-15T01:29:45+09:00
2024-02-26,NT倍率,14.67,39233.71,2673.62,2026-08-15T01:29:45+09:00
2024-02-27,NT倍率,14.65,39239.52,2678.46,2026-08-15T01:29:45+09:00
2024-02-28,NT倍率,14.66,39208.03,2674.95,2026-08-15T01:29:45+09:00
2024-02-29,NT倍率,14.64,39166.19,2675.73,2026-08-15T01:29:45+09:00
2024-03-01,NT倍率,14.73,39910.82,2709.42,2026-08-15T01:29:45+09:00
2024-03-04,NT倍率,14.82,40109.23,2706.28,2026-08-15T01:29:45+09:00
2024-03-05,NT倍率,14.74,40097.63,2719.93,2026-08-15T01:29:45+09:00
2024-03-06,NT倍率,14.68,40090.78,2730.67,2026-08-15T01:29:45+09:00
2024-03-07,NT倍率,14.57,39598.71,2718.54,2026-08-15T01:29:45+09:00
2024-03-08,NT倍率,14.56,39688.94,2726.8,2026-08-15T01:29:45+09:00
2024-03-11,NT倍率,14.56,38820.49,2666.83,2026-08-15T01:29:45+09:00
2024-03-12,NT倍率,14.6,38797.51,2657.24,2026-08-15T01:29:45+09:00
2024-03-13,NT倍率,14.61,38695.97,2648.51,2026-08-15T01:29:45+09:00
2024-03-14,NT倍率,14.58,38807.38,2661.59,2026-08-15T01:29:45+09:00
2024-03-15,NT倍率,14.49,38707.64,2670.8,2026-08-15T01:29:45+09:00
2024-03-18,NT倍率,14.6,39740.44,2721.99,2026-08-15T01:29:45+09:00
2024-03-19,NT倍率,14.54,40003.6,2750.97,2026-08-15T01:29:45+09:00
2024-03-21,NT倍率,14.6,40815.66,2796.21,2026-08-15T01:29:45+09:00
2024-03-22,NT倍率,14.53,40888.43,2813.22,2026-08-15T01:29:45+09:00
2024-03-25,NT倍率,14.55,40414.12,2777.64,2026-08-15T01:29:45+09:00
2024-03-26,NT倍率,14.53,40398.03,2780.8,2026-08-15T01:29:45+09:00
2024-03-27,NT倍率,14.56,40762.73,2799.28,2026-08-15T01:29:45+09:00
2024-03-28,NT倍率,14.6,40168.07,2750.81,2026-08-15T01:29:45+09:00
2024-03-29,NT倍率,14.58,40369.44,2768.62,2026-08-15T01:29:45+09:00
2024-04-01,NT倍率,14.63,39803.09,2721.22,2026-08-15T01:29:45+09:00
2024-04-02,NT倍率,14.68,39838.91,2714.45,2026-08-15T01:29:45+09:00
2024-04-03,NT倍率,14.58,39451.85,2706.51,2026-08-15T01:29:45+09:00
2024-04-04,NT倍率,14.56,39773.14,2732.0,2026-08-15T01:29:45+09:00
2024-04-05,NT倍率,14.43,38992.08,2702.62,2026-08-15T01:29:45+09:00
2024-04-08,NT倍率,14.42,39347.04,2728.32,2026-08-15T01:29:45+09:00
2024-04-09,NT倍率,14.44,39773.13,2754.69,2026-08-15T01:29:45+09:00
2024-04-10,NT倍率,14.43,39581.81,2742.79,2026-08-15T01:29:45+09:00
2024-04-11,NT倍率,14.36,39442.63,2746.96,2026-08-15T01:29:45+09:00
2024-04-12,NT倍率,14.32,39523.55,2759.64,2026-08-15T01:29:45+09:00
2024-04-15,NT倍率,14.25,39232.8,2753.2,2026-08-15T01:29:45+09:00
2024-04-16,NT倍率,14.26,38471.2,2697.11,2026-08-15T01:29:45+09:00
2024-04-17,NT倍率,14.25,37961.8,2663.15,2026-08-15T01:29:45+09:00
2024-04-18,NT倍率,14.22,38079.7,2677.45,2026-08-15T01:29:45+09:00
2024-04-19,NT倍率,14.11,37068.35,2626.32,2026-08-15T01:29:45+09:00
2024-04-22,NT倍率,14.06,37438.61,2662.46,2026-08-15T01:29:45+09:00
2024-04-23,NT倍率,14.08,37552.16,2666.23,2026-08-15T01:29:45+09:00
2024-04-24,NT倍率,14.19,38460.08,2710.73,2026-08-15T01:29:45+09:00
2024-04-25,NT倍率,14.13,37628.48,2663.53,2026-08-15T01:29:45+09:00
2024-04-26,NT倍率,14.12,37934.76,2686.48,2026-08-15T01:29:45+09:00
2024-04-30,NT倍率,14.0,38405.66,2743.17,2026-08-15T01:29:45+09:00
2024-05-01,NT倍率,14.02,38274.05,2729.4,2026-08-15T01:29:45+09:00
2024-05-02,NT倍率,14.01,38236.07,2728.53,2026-08-15T01:29:45+09:00
2024-05-07,NT倍率,14.14,38835.1,2746.22,2026-08-15T01:29:45+09:00
2024-05-08,NT倍率,14.12,38202.37,2706.43,2026-08-15T01:29:45+09:00
2024-05-09,NT倍率,14.03,38073.98,2713.46,2026-08-15T01:29:45+09:00
2024-05-10,NT倍率,14.01,38229.11,2728.21,2026-08-15T01:29:45+09:00
2024-05-13,NT倍率,14.02,38179.46,2724.08,2026-08-15T01:29:45+09:00
2024-05-14,NT倍率,14.04,38356.06,2730.95,2026-08-15T01:29:45+09:00
2024-05-15,NT倍率,14.06,38385.73,2730.88,2026-08-15T01:29:45+09:00
2024-05-16,NT倍率,14.22,38920.26,2737.54,2026-08-15T01:29:45+09:00
2024-05-17,NT倍率,14.13,38787.38,2745.62,2026-08-15T01:29:45+09:00
2024-05-20,NT倍率,14.11,39069.68,2768.04,2026-08-15T01:29:45+09:00
2024-05-21,NT倍率,14.11,38946.93,2759.72,2026-08-15T01:29:45+09:00
2024-05-22,NT倍率,14.11,38617.1,2737.36,2026-08-15T01:29:45+09:00
2024-05-23,NT倍率,14.19,39103.22,2754.75,2026-08-15T01:29:45+09:00
2024-05-24,NT倍率,14.09,38646.11,2742.54,2026-08-15T01:29:45+09:00
2024-05-27,NT倍率,14.06,38900.02,2766.36,2026-08-15T01:29:45+09:00
2024-05-28,NT倍率,14.03,38855.37,2768.5,2026-08-15T01:29:45+09:00
2024-05-29,NT倍率,14.06,38556.87,2741.62,2026-08-15T01:29:45+09:00
2024-05-30,NT倍率,13.96,38054.13,2726.2,2026-08-15T01:29:45+09:00
2024-05-31,NT倍率,13.88,38487.9,2772.49,2026-08-15T01:29:45+09:00
2024-06-03,NT倍率,13.91,38923.03,2798.07,2026-08-15T01:29:45+09:00
2024-06-04,NT倍率,13.93,38837.46,2787.48,2026-08-15T01:29:45+09:00
2024-06-05,NT倍率,14.01,38490.17,2748.22,2026-08-15T01:29:45+09:00
2024-06-06,NT倍率,14.04,38703.51,2757.23,2026-08-15T01:29:45+09:00
2024-06-07,NT倍率,14.04,38683.93,2755.03,2026-08-15T01:29:45+09:00
2024-06-10,NT倍率,14.03,39038.16,2782.49,2026-08-15T01:29:45+09:00
2024-06-11,NT倍率,14.09,39134.79,2776.8,2026-08-15T01:29:45+09:00
2024-06-12,NT倍率,14.1,38876.71,2756.44,2026-08-15T01:29:45+09:00
2024-06-13,NT倍率,14.17,38720.47,2731.78,2026-08-15T01:29:45+09:00
2024-06-14,NT倍率,14.13,38814.56,2746.61,2026-08-15T01:29:45+09:00
2024-06-17,NT倍率,14.11,38102.44,2700.01,2026-08-15T01:29:45+09:00
2024-06-18,NT倍率,14.17,38482.11,2715.76,2026-08-15T01:29:45+09:00
2024-06-19,NT倍率,14.14,38570.76,2728.64,2026-08-15T01:29:45+09:00
2024-06-20,NT倍率,14.17,38633.02,2725.54,2026-08-15T01:29:45+09:00
2024-06-21,NT倍率,14.17,38596.47,2724.69,2026-08-15T01:29:45+09:00
2024-06-24,NT倍率,14.16,38804.65,2740.19,2026-08-15T01:29:45+09:00
2024-06-25,NT倍率,14.05,39173.15,2787.37,2026-08-15T01:29:45+09:00
2024-06-26,NT倍率,14.15,39667.07,2802.95,2026-08-15T01:29:45+09:00
2024-06-27,NT倍率,14.08,39341.54,2793.7,2026-08-15T01:29:45+09:00
2024-06-28,NT倍率,14.09,39583.08,2809.63,2026-08-15T01:29:45+09:00
2024-07-01,NT倍率,14.03,39631.06,2824.28,2026-08-15T01:29:45+09:00
2024-07-02,NT倍率,14.03,40074.69,2856.62,2026-08-15T01:29:45+09:00
2024-07-03,NT倍率,14.13,40580.76,2872.18,2026-08-15T01:29:45+09:00
2024-07-04,NT倍率,14.12,40913.65,2898.47,2026-08-15T01:29:45+09:00
2024-07-05,NT倍率,14.19,40912.37,2884.18,2026-08-15T01:29:45+09:00
2024-07-08,NT倍率,14.22,40780.7,2867.61,2026-08-15T01:29:45+09:00
2024-07-09,NT倍率,14.36,41580.17,2895.55,2026-08-15T01:29:45+09:00
2024-07-10,NT倍率,14.38,41831.99,2909.2,2026-08-15T01:29:45+09:00
2024-07-11,NT倍率,14.42,42224.02,2929.17,2026-08-15T01:29:45+09:00
2024-07-12,NT倍率,14.23,41190.68,2894.56,2026-08-15T01:29:45+09:00
2024-07-16,NT倍率,14.21,41275.08,2904.5,2026-08-15T01:29:45+09:00
2024-07-17,NT倍率,14.1,41097.69,2915.21,2026-08-15T01:29:45+09:00
2024-07-18,NT倍率,13.99,40126.35,2868.63,2026-08-15T01:29:45+09:00
2024-07-19,NT倍率,14.0,40063.79,2860.83,2026-08-15T01:29:45+09:00
2024-07-22,NT倍率,14.0,39599.0,2827.53,2026-08-15T01:29:45+09:00
2024-07-23,NT倍率,13.97,39594.39,2833.39,2026-08-15T01:29:45+09:00
2024-07-24,NT倍率,14.02,39154.85,2793.12,2026-08-15T01:29:45+09:00
2024-07-25,NT倍率,13.97,37869.51,2709.86,2026-08-15T01:29:45+09:00
2024-07-26,NT倍率,13.95,37667.41,2699.54,2026-08-15T01:29:45+09:00
2024-07-29,NT倍率,13.94,38468.63,2759.67,2026-08-15T01:29:45+09:00
2024-07-30,NT倍率,13.99,38525.95,2754.45,2026-08-15T01:29:45+09:00
2024-07-31,NT倍率,13.99,39101.82,2794.26,2026-08-15T01:29:45+09:00
2024-08-01,NT倍率,14.1,38126.33,2703.69,2026-08-15T01:29:45+09:00
2024-08-02,NT倍率,14.15,35909.7,2537.6,2026-08-15T01:29:45+09:00
2024-08-05,NT倍率,14.12,31458.42,2227.15,2026-08-15T01:29:45+09:00
2024-08-06,NT倍率,14.25,34675.46,2434.21,2026-08-15T01:29:45+09:00
2024-08-07,NT倍率,14.1,35089.62,2489.21,2026-08-15T01:29:45+09:00
2024-08-08,NT倍率,14.15,34831.15,2461.7,2026-08-15T01:29:45+09:00
2024-08-09,NT倍率,14.1,35025.0,2483.3,2026-08-15T01:29:45+09:00
2024-08-13,NT倍率,14.19,36232.51,2553.55,2026-08-15T01:29:45+09:00
2024-08-14,NT倍率,14.11,36442.43,2581.9,2026-08-15T01:29:45+09:00
2024-08-15,NT倍率,14.12,36726.64,2600.75,2026-08-15T01:29:45+09:00
2024-08-16,NT倍率,14.21,38062.67,2678.6,2026-08-15T01:29:45+09:00
2024-08-19,NT倍率,14.16,37388.62,2641.14,2026-08-15T01:29:45+09:00
2024-08-20,NT倍率,14.25,38062.92,2670.54,2026-08-15T01:29:45+09:00
2024-08-21,NT倍率,14.24,37951.8,2664.86,2026-08-15T01:29:45+09:00
2024-08-22,NT倍率,14.3,38211.01,2671.4,2026-08-15T01:29:45+09:00
2024-08-23,NT倍率,14.29,38364.27,2684.72,2026-08-15T01:29:45+09:00
2024-08-26,NT倍率,14.32,38110.22,2661.41,2026-08-15T01:29:45+09:00
2024-08-27,NT倍率,14.28,38288.62,2680.8,2026-08-15T01:29:45+09:00
2024-08-28,NT倍率,14.25,38371.76,2692.12,2026-08-15T01:29:45+09:00
2024-08-29,NT倍率,14.25,38362.53,2693.02,2026-08-15T01:29:45+09:00
2024-08-30,NT倍率,14.25,38647.75,2712.63,2026-08-15T01:29:45+09:00
2024-09-02,NT倍率,14.25,38700.87,2715.99,2026-08-15T01:29:45+09:00
2024-09-03,NT倍率,14.15,38686.31,2733.27,2026-08-15T01:29:45+09:00
2024-09-04,NT倍率,14.07,37047.61,2633.49,2026-08-15T01:29:45+09:00
2024-09-05,NT倍率,13.99,36657.09,2620.76,2026-08-15T01:29:45+09:00
2024-09-06,NT倍率,14.01,36391.47,2597.42,2026-08-15T01:29:45+09:00
2024-09-09,NT倍率,14.04,36215.75,2579.73,2026-08-15T01:29:45+09:00
2024-09-10,NT倍率,14.03,36159.16,2576.54,2026-08-15T01:29:45+09:00
2024-09-11,NT倍率,14.08,35619.77,2530.67,2026-08-15T01:29:45+09:00
2024-09-12,NT倍率,14.21,36833.27,2592.5,2026-08-15T01:29:45+09:00
2024-09-13,NT倍率,14.23,36581.76,2571.14,2026-08-15T01:29:45+09:00
2024-09-17,NT倍率,14.17,36203.22,2555.76,2026-08-15T01:29:45+09:00
2024-09-18,NT倍率,14.18,36380.17,2565.37,2026-08-15T01:29:45+09:00
2024-09-19,NT倍率,14.2,37155.33,2616.87,2026-08-15T01:29:45+09:00
2024-09-20,NT倍率,14.28,37723.91,2642.35,2026-08-15T01:29:45+09:00
2024-09-24,NT倍率,14.28,37940.59,2656.73,2026-08-15T01:29:45+09:00
2024-09-25,NT倍率,14.29,37870.26,2650.5,2026-08-15T01:29:45+09:00
2024-09-26,NT倍率,14.31,38925.63,2721.12,2026-08-15T01:29:45+09:00
2024-09-27,NT倍率,14.53,39829.56,2740.94,2026-08-15T01:29:45+09:00
2024-09-30,NT倍率,14.33,37919.55,2645.94,2026-08-15T01:29:45+09:00
2024-10-01,NT倍率,14.36,38651.97,2690.78,2026-08-15T01:29:45+09:00
2024-10-02,NT倍率,14.26,37808.76,2651.96,2026-08-15T01:29:45+09:00
2024-10-03,NT倍率,14.37,38552.06,2683.71,2026-08-15T01:29:45+09:00
2024-10-04,NT倍率,14.34,38635.62,2694.07,2026-08-15T01:29:45+09:00
2024-10-07,NT倍率,14.36,39332.74,2739.39,2026-08-15T01:29:45+09:00
2024-10-08,NT倍率,14.43,38937.54,2699.15,2026-08-15T01:29:45+09:00
2024-10-09,NT倍率,14.51,39277.96,2707.24,2026-08-15T01:29:45+09:00
2024-10-10,NT倍率,14.52,39380.89,2712.67,2026-08-15T01:29:45+09:00
2024-10-11,NT倍率,14.64,39605.8,2706.2,2026-08-15T01:29:45+09:00
2024-10-15,NT倍率,14.65,39910.55,2723.57,2026-08-15T01:29:45+09:00
2024-10-16,NT倍率,14.56,39180.3,2690.66,2026-08-15T01:29:45+09:00
2024-10-17,NT倍率,14.48,38911.19,2687.83,2026-08-15T01:29:45+09:00
2024-10-18,NT倍率,14.5,38981.75,2688.98,2026-08-15T01:29:45+09:00
2024-10-21,NT倍率,14.54,38954.6,2679.91,2026-08-15T01:29:45+09:00
2024-10-22,NT倍率,14.49,38411.96,2651.47,2026-08-15T01:29:45+09:00
2024-10-23,NT倍率,14.45,38104.86,2636.96,2026-08-15T01:29:45+09:00
2024-10-24,NT倍率,14.47,38143.29,2635.57,2026-08-15T01:29:45+09:00
2024-10-25,NT倍率,14.48,37913.92,2618.32,2026-08-15T01:29:45+09:00
2024-10-28,NT倍率,14.53,38605.53,2657.78,2026-08-15T01:29:45+09:00
2024-10-29,NT倍率,14.51,38903.68,2682.02,2026-08-15T01:29:45+09:00
2024-10-30,NT倍率,14.53,39277.39,2703.72,2026-08-15T01:29:45+09:00
2024-10-31,NT倍率,14.5,39081.25,2695.51,2026-08-15T01:29:45+09:00
2024-11-01,NT倍率,14.39,38053.67,2644.26,2026-08-15T01:29:45+09:00
2024-11-05,NT倍率,14.44,38474.9,2664.26,2026-08-15T01:29:45+09:00
2024-11-06,NT倍率,14.54,39480.67,2715.92,2026-08-15T01:29:45+09:00
2024-11-07,NT倍率,14.36,39381.41,2743.08,2026-08-15T01:29:45+09:00
2024-11-08,NT倍率,14.4,39500.37,2742.15,2026-08-15T01:29:45+09:00
2024-11-11,NT倍率,14.43,39533.32,2739.68,2026-08-15T01:29:45+09:00
2024-11-12,NT倍率,14.36,39376.09,2741.52,2026-08-15T01:29:45+09:00
2024-11-13,NT倍率,14.3,38721.66,2708.42,2026-08-15T01:29:45+09:00
2024-11-14,NT倍率,14.27,38535.7,2701.22,2026-08-15T01:29:45+09:00
2024-11-15,NT倍率,14.25,38642.91,2711.64,2026-08-15T01:29:45+09:00
2024-11-18,NT倍率,14.2,38220.85,2691.76,2026-08-15T01:29:45+09:00
2024-11-19,NT倍率,14.17,38414.43,2710.03,2026-08-15T01:29:45+09:00
2024-11-20,NT倍率,14.21,38352.34,2698.29,2026-08-15T01:29:45+09:00
2024-11-21,NT倍率,14.17,38026.17,2682.81,2026-08-15T01:29:45+09:00
2024-11-22,NT倍率,14.2,38283.85,2696.53,2026-08-15T01:29:45+09:00
2024-11-25,NT倍率,14.28,38780.14,2715.6,2026-08-15T01:29:45+09:00
2024-11-26,NT倍率,14.29,38442.0,2689.55,2026-08-15T01:29:45+09:00
2024-11-27,NT倍率,14.31,38134.97,2665.34,2026-08-15T01:29:45+09:00
2024-11-28,NT倍率,14.27,38349.06,2687.28,2026-08-15T01:29:45+09:00
2024-11-29,NT倍率,14.25,38208.03,2680.71,2026-08-15T01:29:45+09:00
2024-12-02,NT倍率,14.19,38513.02,2714.72,2026-08-15T01:29:45+09:00
2024-12-03,NT倍率,14.25,39248.86,2753.58,2026-08-15T01:29:45+09:00
2024-12-04,NT倍率,14.33,39276.39,2740.6,2026-08-15T01:29:45+09:00
2024-12-05,NT倍率,14.37,39395.6,2742.24,2026-08-15T01:29:45+09:00
2024-12-06,NT倍率,14.33,39091.17,2727.22,2026-08-15T01:29:45+09:00
2024-12-09,NT倍率,14.32,39160.5,2734.56,2026-08-15T01:29:45+09:00
2024-12-10,NT倍率,14.36,39367.58,2741.41,2026-08-15T01:29:45+09:00
2024-12-11,NT倍率,14.32,39372.23,2749.31,2026-08-15T01:29:45+09:00
2024-12-12,NT倍率,14.37,39849.14,2773.03,2026-08-15T01:29:45+09:00
2024-12-13,NT倍率,14.37,39470.44,2746.56,2026-08-15T01:29:45+09:00
2024-12-16,NT倍率,14.41,39457.49,2738.33,2026-08-15T01:29:45+09:00
2024-12-17,NT倍率,14.43,39364.68,2728.2,2026-08-15T01:29:45+09:00
2024-12-18,NT倍率,14.37,39081.71,2719.87,2026-08-15T01:29:45+09:00
2024-12-19,NT倍率,14.3,38813.58,2713.83,2026-08-15T01:29:45+09:00
2024-12-20,NT倍率,14.32,38701.9,2701.99,2026-08-15T01:29:45+09:00
2024-12-23,NT倍率,14.36,39161.34,2726.74,2026-08-15T01:29:45+09:00
2024-12-24,NT倍率,14.31,39036.85,2727.26,2026-08-15T01:29:45+09:00
2024-12-25,NT倍率,14.31,39130.43,2733.86,2026-08-15T01:29:45+09:00
2024-12-26,NT倍率,14.3,39568.06,2766.78,2026-08-15T01:29:45+09:00
2024-12-27,NT倍率,14.38,40281.16,2801.68,2026-08-15T01:29:45+09:00
2024-12-30,NT倍率,14.33,39894.54,2784.92,2026-08-15T01:29:45+09:00
2025-01-06,NT倍率,14.26,39307.05,2756.38,2026-08-15T01:29:45+09:00
2025-01-07,NT倍率,14.38,40083.3,2786.57,2026-08-15T01:29:45+09:00
2025-01-08,NT倍率,14.43,39981.06,2770.0,2026-08-15T01:29:45+09:00
2025-01-09,NT倍率,14.48,39605.09,2735.92,2026-08-15T01:29:45+09:00
2025-01-10,NT倍率,14.44,39190.4,2714.12,2026-08-15T01:29:45+09:00
2025-01-14,NT倍率,14.34,38474.3,2682.58,2026-08-15T01:29:45+09:00
2025-01-15,NT倍率,14.29,38444.58,2690.81,2026-08-15T01:29:45+09:00
2025-01-16,NT倍率,14.35,38572.6,2688.31,2026-08-15T01:29:45+09:00
2025-01-17,NT倍率,14.35,38451.46,2679.42,2026-08-15T01:29:45+09:00
2025-01-20,NT倍率,14.35,38902.5,2711.27,2026-08-15T01:29:45+09:00
2025-01-21,NT倍率,14.38,39027.98,2713.5,2026-08-15T01:29:45+09:00
2025-01-22,NT倍率,14.48,39646.25,2737.19,2026-08-15T01:29:45+09:00
2025-01-23,NT倍率,14.52,39958.87,2751.74,2026-08-15T01:29:45+09:00
2025-01-24,NT倍率,14.52,39931.98,2751.04,2026-08-15T01:29:45+09:00
2025-01-27,NT倍率,14.35,39565.8,2758.07,2026-08-15T01:29:45+09:00
2025-01-28,NT倍率,14.15,39016.87,2756.9,2026-08-15T01:29:45+09:00
2025-01-29,NT倍率,14.2,39414.78,2775.59,2026-08-15T01:29:45+09:00
2025-01-30,NT倍率,14.2,39513.97,2781.93,2026-08-15T01:29:45+09:00
2025-01-31,NT倍率,14.19,39572.49,2788.66,2026-08-15T01:29:45+09:00
2025-02-03,NT倍率,14.16,38520.09,2720.39,2026-08-15T01:29:45+09:00
2025-02-04,NT倍率,14.17,38798.37,2738.02,2026-08-15T01:29:45+09:00
2025-02-05,NT倍率,14.14,38831.48,2745.41,2026-08-15T01:29:45+09:00
2025-02-06,NT倍率,14.19,39066.53,2752.2,2026-08-15T01:29:45+09:00
2025-02-07,NT倍率,14.17,38787.02,2737.23,2026-08-15T01:29:45+09:00
2025-02-10,NT倍率,14.2,38801.17,2733.01,2026-08-15T01:29:45+09:00
2025-02-12,NT倍率,14.26,38963.7,2733.33,2026-08-15T01:29:45+09:00
2025-02-13,NT倍率,14.27,39461.47,2765.59,2026-08-15T01:29:45+09:00
2025-02-14,NT倍率,14.19,39149.43,2759.21,2026-08-15T01:29:45+09:00
2025-02-17,NT倍率,14.16,39174.25,2766.9,2026-08-15T01:29:45+09:00
2025-02-18,NT倍率,14.15,39270.4,2775.51,2026-08-15T01:29:45+09:00
2025-02-19,NT倍率,14.15,39164.61,2767.25,2026-08-15T01:29:45+09:00
2025-02-20,NT倍率,14.14,38678.04,2734.6,2026-08-15T01:29:45+09:00
2025-02-21,NT倍率,14.17,38776.94,2736.53,2026-08-15T01:29:45+09:00
2025-02-25,NT倍率,14.03,38237.79,2724.7,2026-08-15T01:29:45+09:00
2025-02-26,NT倍率,14.04,38142.37,2716.4,2026-08-15T01:29:45+09:00
2025-02-27,NT倍率,13.98,38256.17,2736.25,2026-08-15T01:29:45+09:00
2025-02-28,NT倍率,13.85,37155.5,2682.09,2026-08-15T01:29:45+09:00
2025-03-03,NT倍率,13.84,37785.47,2729.56,2026-08-15T01:29:45+09:00
2025-03-04,NT倍率,13.77,37331.18,2710.18,2026-08-15T01:29:45+09:00
2025-03-05,NT倍率,13.77,37418.24,2718.21,2026-08-15T01:29:45+09:00
2025-03-06,NT倍率,13.7,37704.93,2751.41,2026-08-15T01:29:45+09:00
2025-03-07,NT倍率,13.62,36887.17,2708.59,2026-08-15T01:29:45+09:00
2025-03-10,NT倍率,13.71,37028.27,2700.76,2026-08-15T01:29:45+09:00
2025-03-11,NT倍率,13.78,36793.11,2670.72,2026-08-15T01:29:45+09:00
2025-03-12,NT倍率,13.66,36819.09,2694.91,2026-08-15T01:29:45+09:00
2025-03-13,NT倍率,13.63,36790.03,2698.36,2026-08-15T01:29:45+09:00
2025-03-14,NT倍率,13.64,37053.1,2715.85,2026-08-15T01:29:45+09:00
2025-03-17,NT倍率,13.61,37396.52,2748.12,2026-08-15T01:29:45+09:00
2025-03-18,NT倍率,13.6,37845.42,2783.56,2026-08-15T01:29:45+09:00
2025-03-19,NT倍率,13.5,37751.88,2795.96,2026-08-15T01:29:45+09:00
2025-03-21,NT倍率,13.44,37677.06,2804.16,2026-08-15T01:29:45+09:00
2025-03-24,NT倍率,13.48,37608.49,2790.88,2026-08-15T01:29:45+09:00
2025-03-25,NT倍率,13.51,37780.54,2797.52,2026-08-15T01:29:45+09:00
2025-03-26,NT倍率,13.52,38027.29,2812.89,2026-08-15T01:29:45+09:00
2025-03-27,NT倍率,13.43,37799.97,2815.47,2026-08-15T01:29:45+09:00
2025-03-28,NT倍率,13.46,37120.33,2757.25,2026-08-15T01:29:45+09:00
2025-03-31,NT倍率,13.4,35617.56,2658.73,2026-08-15T01:29:45+09:00
2025-04-01,NT倍率,13.38,35624.48,2661.73,2026-08-15T01:29:45+09:00
2025-04-02,NT倍率,13.48,35725.87,2650.29,2026-08-15T01:29:45+09:00
2025-04-03,NT倍率,13.52,34735.93,2568.61,2026-08-15T01:29:45+09:00
2025-04-04,NT倍率,13.61,33780.58,2482.06,2026-08-15T01:29:45+09:00
2025-04-07,NT倍率,13.6,31136.58,2288.66,2026-08-15T01:29:45+09:00
2025-04-08,NT倍率,13.57,33012.58,2432.02,2026-08-15T01:29:45+09:00
2025-04-09,NT倍率,13.5,31714.03,2349.33,2026-08-15T01:29:45+09:00
2025-04-10,NT倍率,13.63,34609.0,2539.4,2026-08-15T01:29:45+09:00
2025-04-11,NT倍率,13.61,33585.58,2466.91,2026-08-15T01:29:45+09:00
2025-04-14,NT倍率,13.66,33982.36,2488.51,2026-08-15T01:29:45+09:00
2025-04-15,NT倍率,13.63,34267.54,2513.35,2026-08-15T01:29:45+09:00
2025-04-16,NT倍率,13.58,33920.4,2498.03,2026-08-15T01:29:45+09:00
2025-04-17,NT倍率,13.59,34377.6,2530.23,2026-08-15T01:29:45+09:00
2025-04-18,NT倍率,13.57,34730.28,2559.15,2026-08-15T01:29:45+09:00
2025-04-21,NT倍率,13.56,34279.92,2528.93,2026-08-15T01:29:45+09:00
2025-04-22,NT倍率,13.51,34220.6,2532.12,2026-08-15T01:29:45+09:00
2025-04-23,NT倍率,13.49,34868.63,2584.32,2026-08-15T01:29:45+09:00
2025-04-24,NT倍率,13.52,35039.15,2592.56,2026-08-15T01:29:45+09:00
2025-04-25,NT倍率,13.59,35705.74,2628.03,2026-08-15T01:29:45+09:00
2025-04-28,NT倍率,13.52,35839.99,2650.61,2026-08-15T01:29:45+09:00
2025-04-30,NT倍率,13.51,36045.38,2667.29,2026-08-15T01:29:45+09:00
2025-05-01,NT倍率,13.6,36452.3,2679.44,2026-08-15T01:29:45+09:00
2025-05-02,NT倍率,13.7,36830.69,2687.78,2026-08-15T01:29:45+09:00
2025-05-07,NT倍率,13.64,36779.66,2696.16,2026-08-15T01:29:45+09:00
2025-05-08,NT倍率,13.68,36928.63,2698.72,2026-08-15T01:29:45+09:00
2025-05-09,NT倍率,13.72,37503.33,2733.49,2026-08-15T01:29:45+09:00
2025-05-12,NT倍率,13.73,37644.26,2742.08,2026-08-15T01:29:45+09:00
2025-05-13,NT倍率,13.77,38183.26,2772.14,2026-08-15T01:29:45+09:00
2025-05-14,NT倍率,13.8,38128.13,2763.29,2026-08-15T01:29:45+09:00
2025-05-15,NT倍率,13.78,37755.51,2738.96,2026-08-15T01:29:45+09:00
2025-05-16,NT倍率,13.78,37753.72,2740.45,2026-08-15T01:29:45+09:00
2025-05-19,NT倍率,13.69,37498.63,2738.39,2026-08-15T01:29:45+09:00
2025-05-20,NT倍率,13.7,37529.49,2738.83,2026-08-15T01:29:45+09:00
2025-05-21,NT倍率,13.65,37298.98,2732.88,2026-08-15T01:29:45+09:00
2025-05-22,NT倍率,13.61,36985.87,2717.09,2026-08-15T01:29:45+09:00
2025-05-23,NT倍率,13.58,37160.47,2735.52,2026-08-15T01:29:45+09:00
2025-05-26,NT倍率,13.64,37531.53,2751.91,2026-08-15T01:29:45+09:00
2025-05-27,NT倍率,13.62,37724.11,2769.49,2026-08-15T01:29:45+09:00
2025-05-28,NT倍率,13.62,37722.4,2769.51,2026-08-15T01:29:45+09:00
2025-05-29,NT倍率,13.67,38432.98,2812.02,2026-08-15T01:29:45+09:00
2025-05-30,NT倍率,13.55,37965.1,2801.57,2026-08-15T01:29:45+09:00
2025-06-02,NT倍率,13.49,37470.67,2777.29,2026-08-15T01:29:45+09:00
2025-06-03,NT倍率,13.51,37446.81,2771.11,2026-08-15T01:29:45+09:00
2025-06-04,NT倍率,13.55,37747.45,2785.13,2026-08-15T01:29:45+09:00
2025-06-05,NT倍率,13.62,37554.49,2756.47,2026-08-15T01:29:45+09:00
2025-06-06,NT倍率,13.63,37741.61,2769.33,2026-08-15T01:29:45+09:00
2025-06-09,NT倍率,13.67,38088.57,2785.41,2026-08-15T01:29:45+09:00
2025-06-10,NT倍率,13.71,38211.51,2786.24,2026-08-15T01:29:45+09:00
2025-06-11,NT倍率,13.78,38421.19,2788.72,2026-08-15T01:29:45+09:00
2025-06-12,NT倍率,13.72,38173.09,2782.97,2026-08-15T01:29:45+09:00
2025-06-13,NT倍率,13.73,37834.25,2756.47,2026-08-15T01:29:45+09:00
2025-06-16,NT倍率,13.8,38311.33,2777.13,2026-08-15T01:29:45+09:00
2025-06-17,NT倍率,13.83,38536.74,2786.95,2026-08-15T01:29:45+09:00
2025-06-18,NT倍率,13.85,38885.15,2808.35,2026-08-15T01:29:45+09:00
2025-06-19,NT倍率,13.78,38488.34,2792.08,2026-08-15T01:29:45+09:00
2025-06-20,NT倍率,13.86,38403.23,2771.26,2026-08-15T01:29:45+09:00
2025-06-23,NT倍率,13.89,38354.09,2761.18,2026-08-15T01:29:45+09:00
2025-06-24,NT倍率,13.95,38790.56,2781.35,2026-08-15T01:29:45+09:00
2025-06-25,NT倍率,14.0,38942.07,2782.24,2026-08-15T01:29:45+09:00
2025-06-26,NT倍率,14.11,39584.58,2804.69,2026-08-15T01:29:45+09:00
2025-06-27,NT倍率,14.13,40150.79,2840.54,2026-08-15T01:29:45+09:00
2025-06-30,NT倍率,14.19,40487.39,2852.84,2026-08-15T01:29:45+09:00
2025-07-01,NT倍率,14.12,39986.33,2832.07,2026-08-15T01:29:45+09:00
2025-07-02,NT倍率,14.07,39762.48,2826.04,2026-08-15T01:29:45+09:00
2025-07-03,NT倍率,14.06,39785.9,2828.99,2026-08-15T01:29:45+09:00
2025-07-04,NT倍率,14.08,39810.88,2827.95,2026-08-15T01:29:45+09:00
2025-07-07,NT倍率,14.08,39587.68,2811.72,2026-08-15T01:29:45+09:00
2025-07-08,NT倍率,14.09,39688.81,2816.54,2026-08-15T01:29:45+09:00
2025-07-09,NT倍率,14.08,39821.28,2828.16,2026-08-15T01:29:45+09:00
2025-07-10,NT倍率,14.1,39646.36,2812.34,2026-08-15T01:29:45+09:00
2025-07-11,NT倍率,14.02,39569.68,2823.24,2026-08-15T01:29:45+09:00
2025-07-14,NT倍率,13.98,39459.62,2822.81,2026-08-15T01:29:45+09:00
2025-07-15,NT倍率,14.04,39678.02,2825.31,2026-08-15T01:29:45+09:00
2025-07-16,NT倍率,14.07,39663.4,2819.4,2026-08-15T01:29:45+09:00
2025-07-17,NT倍率,14.05,39901.19,2839.81,2026-08-15T01:29:45+09:00
2025-07-18,NT倍率,14.05,39819.11,2834.48,2026-08-15T01:29:45+09:00
2025-07-22,NT倍率,14.02,39774.92,2836.19,2026-08-15T01:29:45+09:00
2025-07-23,NT倍率,14.07,41171.32,2926.38,2026-08-15T01:29:45+09:00
2025-07-24,NT倍率,14.05,41826.34,2977.55,2026-08-15T01:29:45+09:00
2025-07-25,NT倍率,14.04,41456.23,2951.86,2026-08-15T01:29:45+09:00
2025-07-28,NT倍率,13.99,40998.27,2930.73,2026-08-15T01:29:45+09:00
2025-07-29,NT倍率,13.98,40674.55,2908.64,2026-08-15T01:29:45+09:00
2025-07-30,NT倍率,13.92,40654.7,2920.18,2026-08-15T01:29:45+09:00
2025-07-31,NT倍率,13.95,41069.82,2943.07,2026-08-15T01:29:45+09:00
2025-08-01,NT倍率,13.84,40799.6,2948.65,2026-08-15T01:29:45+09:00
2025-08-04,NT倍率,13.82,40290.7,2916.2,2026-08-15T01:29:45+09:00
2025-08-05,NT倍率,13.81,40549.54,2936.54,2026-08-15T01:29:45+09:00
2025-08-06,NT倍率,13.75,40794.86,2966.57,2026-08-15T01:29:45+09:00
2025-08-07,NT倍率,13.74,41059.15,2987.92,2026-08-15T01:29:45+09:00
2025-08-08,NT倍率,13.83,41820.48,3024.21,2026-08-15T01:29:45+09:00
2025-08-12,NT倍率,13.93,42718.17,3066.37,2026-08-15T01:29:45+09:00
2025-08-13,NT倍率,14.0,43274.67,3091.91,2026-08-15T01:29:45+09:00
2025-08-14,NT倍率,13.95,42649.26,3057.95,2026-08-15T01:29:45+09:00
2025-08-15,NT倍率,13.96,43378.31,3107.68,2026-08-15T01:29:45+09:00
2025-08-18,NT倍率,14.01,43714.31,3120.96,2026-08-15T01:29:45+09:00
2025-08-19,NT倍率,13.97,43546.29,3116.63,2026-08-15T01:29:45+09:00
2025-08-20,NT倍率,13.84,42888.55,3098.91,2026-08-15T01:29:45+09:00
2025-08-21,NT倍率,13.82,42610.17,3082.95,2026-08-15T01:29:45+09:00
2025-08-22,NT倍率,13.75,42633.29,3100.87,2026-08-15T01:29:45+09:00
2025-08-25,NT倍率,13.78,42807.82,3105.49,2026-08-15T01:29:45+09:00
2025-08-26,NT倍率,13.8,42394.4,3071.99,2026-08-15T01:29:45+09:00
2025-08-27,NT倍率,13.85,42520.27,3069.74,2026-08-15T01:29:45+09:00
2025-08-28,NT倍率,13.86,42828.79,3089.78,2026-08-15T01:29:45+09:00
2025-08-29,NT倍率,13.89,42718.47,3075.18,2026-08-15T01:29:45+09:00
2025-09-01,NT倍率,13.77,42188.79,3063.19,2026-08-15T01:29:45+09:00
2025-09-02,NT倍率,13.73,42310.49,3081.88,2026-08-15T01:29:45+09:00
2025-09-03,NT倍率,13.76,41938.89,3048.89,2026-08-15T01:29:45+09:00
2025-09-04,NT倍率,13.82,42580.27,3080.17,2026-08-15T01:29:45+09:00
2025-09-05,NT倍率,13.85,43018.75,3105.31,2026-08-15T01:29:45+09:00
2025-09-08,NT倍率,13.91,43643.81,3138.2,2026-08-15T01:29:45+09:00
2025-09-09,NT倍率,13.92,43459.29,3122.12,2026-08-15T01:29:45+09:00
2025-09-10,NT倍率,13.96,43837.67,3140.97,2026-08-15T01:29:45+09:00
2025-09-11,NT倍率,14.1,44372.5,3147.76,2026-08-15T01:29:45+09:00
2025-09-12,NT倍率,14.16,44768.12,3160.49,2026-08-15T01:29:45+09:00
2025-09-16,NT倍率,14.17,44902.27,3168.36,2026-08-15T01:29:45+09:00
2025-09-17,NT倍率,14.24,44790.38,3145.83,2026-08-15T01:29:45+09:00
2025-09-18,NT倍率,14.34,45303.43,3158.87,2026-08-15T01:29:45+09:00
2025-09-19,NT倍率,14.31,45045.81,3147.68,2026-08-15T01:29:45+09:00
2025-09-22,NT倍率,14.38,45493.66,3163.17,2026-08-15T01:29:45+09:00
2025-09-24,NT倍率,14.39,45630.31,3170.45,2026-08-15T01:29:45+09:00
2025-09-25,NT倍率,14.36,45754.93,3185.35,2026-08-15T01:29:45+09:00
2025-09-26,NT倍率,14.23,45354.99,3187.02,2026-08-15T01:29:45+09:00
2025-09-29,NT倍率,14.38,45043.75,3131.57,2026-08-15T01:29:45+09:00
2025-09-30,NT倍率,14.32,44932.63,3137.6,2026-08-15T01:29:45+09:00
2025-10-01,NT倍率,14.4,44550.85,3094.74,2026-08-15T01:29:45+09:00
2025-10-02,NT倍率,14.55,44936.73,3087.4,2026-08-15T01:29:45+09:00
2025-10-03,NT倍率,14.63,45769.5,3129.17,2026-08-15T01:29:45+09:00
2025-10-06,NT倍率,14.86,47944.76,3226.06,2026-08-15T01:29:45+09:00
2025-10-07,NT倍率,14.86,47950.88,3227.91,2026-08-15T01:29:45+09:00
2025-10-08,NT倍率,14.75,47734.99,3235.66,2026-08-15T01:29:45+09:00
2025-10-09,NT倍率,14.91,48580.44,3257.77,2026-08-15T01:29:45+09:00
2025-10-10,NT倍率,15.04,48088.8,3197.59,2026-08-15T01:29:45+09:00
2025-10-14,NT倍率,14.95,46847.32,3133.99,2026-08-15T01:29:45+09:00
2025-10-15,NT倍率,14.97,47672.67,3183.64,2026-08-15T01:29:45+09:00
2025-10-16,NT倍率,15.07,48277.74,3203.42,2026-08-15T01:29:45+09:00
2025-10-17,NT倍率,15.01,47582.15,3170.44,2026-08-15T01:29:45+09:00
2025-10-20,NT倍率,15.14,49185.5,3248.45,2026-08-15T01:29:45+09:00
2025-10-21,NT倍率,15.18,49316.06,3249.5,2026-08-15T01:29:45+09:00
2025-10-22,NT倍率,15.1,49307.79,3266.43,2026-08-15T01:29:45+09:00
2025-10-23,NT倍率,14.95,48641.61,3253.78,2026-08-15T01:29:45+09:00
2025-10-24,NT倍率,15.08,49299.65,3269.45,2026-08-15T01:29:45+09:00
2025-10-27,NT倍率,15.19,50512.32,3325.05,2026-08-15T01:29:45+09:00
2025-10-28,NT倍率,15.28,50219.18,3285.87,2026-08-15T01:29:45+09:00
2025-10-29,NT倍率,15.65,51307.65,3278.24,2026-08-15T01:29:45+09:00
2025-10-30,NT倍率,15.55,51325.61,3300.79,2026-08-15T01:29:45+09:00
2025-10-31,NT倍率,15.73,52411.34,3331.83,2026-08-15T01:29:45+09:00
2025-11-04,NT倍率,15.56,51497.2,3310.14,2026-08-15T01:29:45+09:00
2025-11-05,NT倍率,15.36,50212.27,3268.29,2026-08-15T01:29:45+09:00
2025-11-06,NT倍率,15.36,50883.68,3313.45,2026-08-15T01:29:45+09:00
2025-11-07,NT倍率,15.24,50276.37,3298.85,2026-08-15T01:29:45+09:00
2025-11-10,NT倍率,15.35,50911.76,3317.42,2026-08-15T01:29:45+09:00
2025-11-11,NT倍率,15.31,50842.93,3321.58,2026-08-15T01:29:45+09:00
2025-11-12,NT倍率,15.2,51063.31,3359.33,2026-08-15T01:29:45+09:00
2025-11-13,NT倍率,15.16,51281.83,3381.72,2026-08-15T01:29:45+09:00
2025-11-14,NT倍率,14.99,50376.53,3359.81,2026-08-15T01:29:45+09:00
2025-11-17,NT倍率,15.03,50323.91,3347.53,2026-08-15T01:29:45+09:00
2025-11-18,NT倍率,14.98,48702.98,3251.1,2026-08-15T01:29:45+09:00
2025-11-19,NT倍率,14.96,48537.7,3245.58,2026-08-15T01:29:45+09:00
2025-11-20,NT倍率,15.1,49823.94,3299.57,2026-08-15T01:29:45+09:00
2025-11-21,NT倍率,14.75,48625.88,3297.73,2026-08-15T01:29:45+09:00
2025-11-25,NT倍率,14.79,48659.52,3290.89,2026-08-15T01:29:45+09:00
2025-11-26,NT倍率,14.77,49559.07,3355.5,2026-08-15T01:29:45+09:00
2025-11-27,NT倍率,14.89,50167.1,3368.57,2026-08-15T01:29:45+09:00
2025-11-28,NT倍率,14.87,50253.91,3378.44,2026-08-15T01:29:45+09:00
2025-12-01,NT倍率,14.77,49303.28,3338.33,2026-08-15T01:29:45+09:00
2025-12-02,NT倍率,14.76,49303.45,3341.06,2026-08-15T01:29:45+09:00
2025-12-03,NT倍率,14.95,49864.68,3334.32,2026-08-15T01:29:45+09:00
2025-12-04,NT倍率,15.02,51028.42,3398.21,2026-08-15T01:29:45+09:00
2025-12-05,NT倍率,15.02,50491.87,3362.56,2026-08-15T01:29:45+09:00
2025-12-08,NT倍率,14.95,50581.94,3384.31,2026-08-15T01:29:45+09:00
2025-12-09,NT倍率,14.96,50655.1,3384.92,2026-08-15T01:29:45+09:00
2025-12-10,NT倍率,14.93,50602.8,3389.02,2026-08-15T01:29:45+09:00
2025-12-11,NT倍率,14.94,50148.82,3357.24,2026-08-15T01:29:45+09:00
2025-12-12,NT倍率,14.85,50836.55,3423.83,2026-08-15T01:29:45+09:00
2025-12-15,NT倍率,14.62,50168.11,3431.47,2026-08-15T01:29:45+09:00
2025-12-16,NT倍率,14.65,49383.29,3370.5,2026-08-15T01:29:45+09:00
2025-12-17,NT倍率,14.69,49512.28,3369.39,2026-08-15T01:29:45+09:00
2025-12-18,NT倍率,14.6,49001.5,3356.89,2026-08-15T01:29:45+09:00
2025-12-19,NT倍率,14.63,49507.21,3383.66,2026-08-15T01:29:45+09:00
2025-12-22,NT倍率,14.8,50402.39,3405.17,2026-08-15T01:29:45+09:00
2025-12-23,NT倍率,14.73,50412.87,3423.25,2026-08-15T01:29:45+09:00
2025-12-24,NT倍率,14.78,50344.1,3407.37,2026-08-15T01:29:45+09:00
2025-12-25,NT倍率,14.75,50407.79,3417.98,2026-08-15T01:29:45+09:00
2025-12-26,NT倍率,14.83,50750.39,3423.06,2026-08-15T01:29:45+09:00
2025-12-29,NT倍率,14.75,50526.92,3426.52,2026-08-15T01:29:45+09:00
2025-12-30,NT倍率,14.77,50339.48,3408.97,2026-08-15T01:29:45+09:00
2026-01-05,NT倍率,14.91,51832.8,3477.52,2026-08-15T01:29:45+09:00
2026-01-06,NT倍率,14.84,52518.08,3538.44,2026-08-15T01:29:45+09:00
2026-01-07,NT倍率,14.8,51961.98,3511.34,2026-08-15T01:29:45+09:00
2026-01-08,NT倍率,14.67,51117.26,3484.34,2026-08-15T01:29:45+09:00
2026-01-09,NT倍率,14.78,51939.89,3514.11,2026-08-15T01:29:45+09:00
2026-01-13,NT倍率,14.88,53549.16,3598.89,2026-08-15T01:29:45+09:00
2026-01-14,NT倍率,14.91,54341.23,3644.16,2026-08-15T01:29:45+09:00
2026-01-15,NT倍率,14.75,54110.5,3668.98,2026-08-15T01:29:45+09:00
2026-01-16,NT倍率,14.74,53936.17,3658.68,2026-08-15T01:29:45+09:00
2026-01-19,NT倍率,14.65,53583.57,3656.4,2026-08-15T01:29:45+09:00
2026-01-20,NT倍率,14.62,52991.1,3625.6,2026-08-15T01:29:45+09:00
2026-01-21,NT倍率,14.7,52774.64,3589.7,2026-08-15T01:29:45+09:00
2026-01-22,NT倍率,14.85,53688.89,3616.38,2026-08-15T01:29:45+09:00
2026-01-23,NT倍率,14.84,53846.87,3629.7,2026-08-15T01:29:45+09:00
2026-01-26,NT倍率,14.89,52885.25,3552.49,2026-08-15T01:29:45+09:00
2026-01-27,NT倍率,14.97,53333.54,3563.59,2026-08-15T01:29:45+09:00
2026-01-28,NT倍率,15.09,53358.71,3535.49,2026-08-15T01:29:45+09:00
2026-01-29,NT倍率,15.06,53375.6,3545.3,2026-08-15T01:29:45+09:00
2026-01-30,NT倍率,14.95,53322.85,3566.32,2026-08-15T01:29:45+09:00
2026-02-02,NT倍率,14.89,52655.18,3536.13,2026-08-15T01:29:45+09:00
2026-02-03,NT倍率,15.01,54720.66,3645.84,2026-08-15T01:29:45+09:00
2026-02-04,NT倍率,14.85,54293.36,3655.58,2026-08-15T01:29:45+09:00
2026-02-05,NT倍率,14.73,53818.04,3652.41,2026-08-15T01:29:45+09:00
2026-02-06,NT倍率,14.67,54253.68,3699.0,2026-08-15T01:29:45+09:00
2026-02-09,NT倍率,14.9,56363.94,3783.57,2026-08-15T01:29:45+09:00
2026-02-10,NT倍率,14.95,57650.54,3855.28,2026-08-15T01:29:45+09:00
2026-02-12,NT倍率,14.85,57639.84,3882.16,2026-08-15T01:29:45+09:00
2026-02-13,NT倍率,14.91,56941.97,3818.85,2026-08-15T01:29:45+09:00
2026-02-16,NT倍率,15.0,56806.41,3787.38,2026-08-15T01:29:45+09:00
2026-02-17,NT倍率,15.04,56566.49,3761.55,2026-08-15T01:29:45+09:00
2026-02-18,NT倍率,15.01,57143.84,3807.25,2026-08-15T01:29:45+09:00
2026-02-19,NT倍率,14.92,57467.83,3852.09,2026-08-15T01:29:45+09:00
2026-02-20,NT倍率,14.92,56825.7,3808.48,2026-08-15T01:29:45+09:00
2026-02-24,NT倍率,15.02,57321.09,3815.98,2026-08-15T01:29:45+09:00
2026-02-25,NT倍率,15.24,58583.12,3843.16,2026-08-15T01:29:45+09:00
2026-02-26,NT倍率,15.14,58753.39,3880.34,2026-08-15T01:29:45+09:00
2026-02-27,NT倍率,14.94,58850.27,3938.68,2026-08-15T01:29:45+09:00
2026-03-02,NT倍率,14.89,58057.24,3898.42,2026-08-15T01:29:45+09:00
2026-03-03,NT倍率,14.92,56279.05,3772.17,2026-08-15T01:29:45+09:00
2026-03-04,NT倍率,14.93,54245.54,3633.67,2026-08-15T01:29:45+09:00
2026-03-05,NT倍率,14.93,55278.06,3702.67,2026-08-15T01:29:45+09:00
2026-03-06,NT倍率,14.96,55620.84,3716.93,2026-08-15T01:29:45+09:00
2026-03-09,NT倍率,14.75,52728.72,3575.84,2026-08-15T01:29:45+09:00
2026-03-10,NT倍率,14.8,54248.39,3664.28,2026-08-15T01:29:45+09:00
2026-03-11,NT倍率,14.88,55025.37,3698.85,2026-08-15T01:29:45+09:00
2026-03-12,NT倍率,14.92,54452.96,3649.85,2026-08-15T01:29:45+09:00
2026-03-13,NT倍率,14.83,53819.61,3629.03,2026-08-15T01:29:45+09:00
2026-03-16,NT倍率,14.89,53751.15,3610.73,2026-08-15T01:29:45+09:00
2026-03-17,NT倍率,14.81,53700.39,3627.07,2026-08-15T01:29:45+09:00
2026-03-18,NT倍率,14.86,55239.4,3717.41,2026-08-15T01:29:45+09:00
2026-03-19,NT倍率,14.79,53372.53,3609.4,2026-08-15T01:29:45+09:00
2026-03-23,NT倍率,14.78,51515.49,3486.44,2026-08-15T01:29:45+09:00
2026-03-24,NT倍率,14.68,52252.28,3559.67,2026-08-15T01:29:45+09:00
2026-03-25,NT倍率,14.72,53749.62,3650.99,2026-08-15T01:29:45+09:00
2026-03-26,NT倍率,14.71,53603.65,3642.8,2026-08-15T01:29:45+09:00
2026-03-27,NT倍率,14.62,53373.07,3649.69,2026-08-15T01:29:45+09:00
2026-03-30,NT倍率,14.65,51885.85,3542.34,2026-08-15T01:29:45+09:00
2026-03-31,NT倍率,14.6,51063.72,3497.86,2026-08-15T01:29:45+09:00
2026-04-01,NT倍率,14.64,53739.68,3670.9,2026-08-15T01:29:45+09:00
2026-04-02,NT倍率,14.53,52463.27,3611.67,2026-08-15T01:29:45+09:00
2026-04-03,NT倍率,14.57,53123.49,3645.19,2026-08-15T01:29:45+09:00
2026-04-06,NT倍率,14.65,53413.68,3644.8,2026-08-15T01:29:45+09:00
2026-04-07,NT倍率,14.62,53429.56,3654.02,2026-08-15T01:29:45+09:00
2026-04-08,NT倍率,14.91,56308.42,3775.3,2026-08-15T01:29:45+09:00
2026-04-09,NT倍率,14.94,55895.32,3741.47,2026-08-15T01:29:45+09:00
2026-04-10,NT倍率,15.22,56924.11,3739.85,2026-08-15T01:29:45+09:00
2026-04-13,NT倍率,15.18,56502.77,3723.01,2026-08-15T01:29:45+09:00
2026-04-14,NT倍率,15.41,57877.39,3755.27,2026-08-15T01:29:45+09:00
2026-04-15,NT倍率,15.42,58134.24,3770.33,2026-08-15T01:29:45+09:00
2026-04-16,NT倍率,15.6,59518.34,3814.46,2026-08-15T01:29:45+09:00
2026-04-17,NT倍率,15.55,58475.9,3760.81,2026-08-15T01:29:45+09:00
2026-04-20,NT倍率,15.57,58824.89,3777.02,2026-08-15T01:29:45+09:00
2026-04-21,NT倍率,15.74,59349.17,3770.38,2026-08-15T01:29:45+09:00
2026-04-22,NT倍率,15.91,59585.86,3744.99,2026-08-15T01:29:45+09:00
2026-04-23,NT倍率,15.91,59140.23,3716.38,2026-08-15T01:29:45+09:00
2026-04-24,NT倍率,16.07,59716.18,3716.59,2026-08-15T01:29:45+09:00
2026-04-27,NT倍率,16.21,60537.36,3735.28,2026-08-15T01:29:45+09:00
2026-04-28,NT倍率,15.88,59917.46,3772.19,2026-08-15T01:29:45+09:00
2026-04-30,NT倍率,15.91,59284.92,3727.21,2026-08-15T01:29:45+09:00
2026-05-01,NT倍率,15.96,59513.12,3728.73,2026-08-15T01:29:45+09:00
2026-05-07,NT倍率,16.36,62833.84,3840.49,2026-08-15T01:29:45+09:00
2026-05-08,NT倍率,16.38,62713.65,3829.48,2026-08-15T01:29:45+09:00
2026-05-11,NT倍率,16.25,62417.88,3840.93,2026-08-15T01:29:45+09:00
2026-05-12,NT倍率,16.2,62742.57,3872.9,2026-08-15T01:29:45+09:00
2026-05-13,NT倍率,16.14,63272.11,3919.48,2026-08-15T01:29:45+09:00
2026-05-14,NT倍率,16.15,62654.05,3879.27,2026-08-15T01:29:45+09:00
2026-05-15,NT倍率,15.89,61409.29,3863.97,2026-08-15T01:29:45+09:00
2026-05-18,NT倍率,15.89,60815.95,3826.51,2026-08-15T01:29:45+09:00
2026-05-19,NT倍率,15.72,60550.59,3850.67,2026-08-15T01:29:45+09:00
2026-05-20,NT倍率,15.77,59804.41,3791.65,2026-08-15T01:29:45+09:00
2026-05-21,NT倍率,16.01,61684.14,3853.81,2026-08-15T01:29:45+09:00
2026-05-22,NT倍率,16.27,63339.07,3892.46,2026-08-15T01:29:45+09:00
2026-05-25,NT倍率,16.53,65158.19,3942.57,2026-08-15T01:29:45+09:00
2026-05-27,NT倍率,16.59,64999.41,3918.01,2026-08-15T01:29:45+09:00
2026-05-28,NT倍率,16.58,64693.12,3902.01,2026-08-15T01:29:45+09:00
2026-05-29,NT倍率,16.76,66329.5,3957.17,2026-08-15T01:29:45+09:00
2026-06-01,NT倍率,16.99,66934.33,3940.7,2026-08-15T01:29:45+09:00
2026-06-02,NT倍率,17.01,66734.24,3924.24,2026-08-15T01:29:45+09:00
2026-06-03,NT倍率,17.12,68402.13,3996.2,2026-08-15T01:29:45+09:00
2026-06-04,NT倍率,17.07,67470.69,3951.85,2026-08-15T01:29:45+09:00
2026-06-05,NT倍率,16.86,66588.12,3949.09,2026-08-15T01:29:45+09:00
2026-06-08,NT倍率,16.62,64024.6,3852.38,2026-08-15T01:29:45+09:00
2026-06-09,NT倍率,16.79,65416.63,3896.11,2026-08-15T01:29:45+09:00
2026-06-10,NT倍率,16.68,64179.27,3847.6,2026-08-15T01:29:45+09:00
2026-06-11,NT倍率,16.77,64217.27,3830.35,2026-08-15T01:29:45+09:00
2026-06-12,NT倍率,17.01,66020.04,3881.96,2026-08-15T01:29:45+09:00
2026-06-15,NT倍率,17.33,69317.5,3999.6,2026-08-15T01:29:45+09:00
2026-06-16,NT倍率,17.39,69404.5,3991.14,2026-08-15T01:29:45+09:00
2026-06-17,NT倍率,17.42,69902.25,4013.23,2026-08-15T01:29:45+09:00
2026-06-18,NT倍率,17.47,71053.49,4068.18,2026-08-15T01:29:45+09:00
2026-06-19,NT倍率,17.61,71250.06,4044.96,2026-08-15T01:29:45+09:00
2026-06-22,NT倍率,17.67,72353.96,4095.05,2026-08-15T01:29:45+09:00
2026-06-23,NT倍率,17.49,69788.38,3990.38,2026-08-15T01:29:45+09:00
2026-06-24,NT倍率,17.45,69174.97,3963.76,2026-08-15T01:29:45+09:00
2026-06-25,NT倍率,18.02,72366.34,4016.47,2026-08-15T01:29:45+09:00
2026-06-26,NT倍率,17.5,69360.88,3963.36,2026-08-15T01:29:45+09:00
2026-06-29,NT倍率,17.45,69468.11,3982.0,2026-08-15T01:29:45+09:00
2026-06-30,NT倍率,17.54,70062.32,3994.76,2026-08-15T01:29:45+09:00
2026-07-01,NT倍率,17.57,70474.96,4011.5,2026-08-15T01:29:45+09:00
2026-07-02,NT倍率,17.12,68733.15,4014.98,2026-08-15T01:29:45+09:00
2026-07-03,NT倍率,17.16,69744.07,4064.6,2026-08-15T01:29:45+09:00
2026-07-06,NT倍率,17.0,69737.69,4101.96,2026-08-15T01:29:45+09:00
2026-07-07,NT倍率,16.8,68256.96,4062.26,2026-08-15T01:29:45+09:00
2026-07-08,NT倍率,16.68,66819.05,4006.43,2026-08-15T01:29:45+09:00
2026-07-09,NT倍率,16.85,67743.85,4020.37,2026-08-15T01:29:45+09:00
2026-07-10,NT倍率,16.99,68557.73,4036.08,2026-08-15T01:29:45+09:00
2026-07-13,NT倍率,16.78,67242.7265625,4007.49,2026-08-15T01:29:45+09:00
2026-07-14,NT倍率,16.77,67743.5,4038.98,2026-08-15T01:29:45+09:00
2026-07-15,NT倍率,16.82,68751.5078125,4088.12,2026-08-15T01:29:45+09:00
2026-07-16,NT倍率,16.59,66835.5390625,4028.79,2026-08-15T01:29:45+09:00
2026-07-17,NT倍率,16.37,64141.12109375,3919.21,2026-08-15T01:29:45+09:00
2026-07-21,NT倍率,16.5,66232.19,4014.95,2026-08-15T01:29:45+09:00
2026-07-22,NT倍率,16.39,66115.6,4033.13,2026-08-15T01:29:45+09:00
2026-07-23,NT倍率,16.38,66422.6015625,4053.88,2026-08-15T01:29:45+09:00
2026-07-24,NT倍率,16.11,64611.1484375,4011.31,2026-08-15T01:29:45+09:00
2026-07-27,NT倍率,15.97,64931.19140625,4066.07,2026-08-15T01:29:45+09:00
2026-07-28,NT倍率,15.73,62364.921875,3963.59,2026-08-15T01:29:45+09:00
2026-07-29,NT倍率,15.46,61434.19140625,3974.03,2026-08-15T01:29:45+09:00
2026-07-30,NT倍率,15.65,61867.4296875,3952.5,2026-08-15T01:29:45+09:00
2026-07-31,NT倍率,16.08,64362.02,4003.3,2026-08-15T01:29:45+09:00
2026-08-03,NT倍率,16.1,63754.8984375,3960.03,2026-08-15T01:29:45+09:00
2026-08-04,NT倍率,16.14,63957.53125,3961.78,2026-08-15T01:29:45+09:00
2026-08-05,NT倍率,16.39,66300.4375,4046.17,2026-08-15T01:29:45+09:00
2026-08-06,NT倍率,16.19,65683.2578125,4055.85,2026-08-15T01:29:45+09:00
2026-08-07,NT倍率,16.1,65606.7109375,4074.93,2026-08-15T01:29:45+09:00
2026-08-10,NT倍率,16.33,66970.21875,4100.61,2026-08-15T01:29:45+09:00
2026-08-10,東証先導株比率1-5,31.58,2902717137500.0,9190461000000.0,2026-08-15T01:29:45+09:00
2026-08-10,東証先導株比率1-10,39.9,3666859762600.0,9190461000000.0,2026-08-15T01:29:45+09:00
2026-08-10,東証先導株比率1-20,50.03,4598270219100.0,9190461000000.0,2026-08-15T01:29:45+09:00
2026-08-10,東証先導株比率1-30,56.14,5159478415850.0,9190461000000.0,2026-08-15T01:29:45+09:00
2026-08-10,日経/プライム・売買代金比率,79.62,,,2026-08-15T01:29:45+09:00
2026-08-12,NT倍率,16.31,67524.0625,4139.0,2026-08-15T01:29:45+09:00
2026-08-12,東証先導株比率1-5,32.41,3060126432400.0,9442145000000.0,2026-08-15T01:29:45+09:00
2026-08-12,東証先導株比率1-10,40.5,3824181176900.0,9442145000000.0,2026-08-15T01:29:45+09:00
2026-08-12,東証先導株比率1-20,51.2,4834534499200.0,9442145000000.0,2026-08-15T01:29:45+09:00
2026-08-12,東証先導株比率1-30,57.55,5434090274880.0,9442145000000.0,2026-08-15T01:29:45+09:00
2026-08-12,日経/プライム・売買代金比率,81.14,,,2026-08-15T01:29:45+09:00
2026-08-13,NT倍率,16.36,68308.59375,4176.04,2026-08-15T01:29:45+09:00
2026-08-13,東証先導株比率1-5,37.59,3767139452300.0,10020645000000.0,2026-08-15T01:29:45+09:00
2026-08-13,東証先導株比率1-10,46.54,4663998722700.0,10020645000000.0,2026-08-15T01:29:45+09:00
2026-08-13,東証先導株比率1-20,55.62,5573606971800.0,10020645000000.0,2026-08-15T01:29:45+09:00
2026-08-13,東証先導株比率1-30,61.52,6164677028750.0,10020645000000.0,2026-08-15T01:29:45+09:00
2026-08-13,日経/プライム・売買代金比率,82.87,,,2026-08-15T01:29:45+09:00
2026-08-14,NT倍率,16.37,68713.796875,4197.2,2026-08-15T01:29:45+09:00
2026-08-14,東証先導株比率1-5,36.27,3741354997100.0,10315639000000.0,2026-08-15T01:29:45+09:00
2026-08-14,東証先導株比率1-10,45.38,4681540152200.0,10315639000000.0,2026-08-15T01:29:45+09:00
2026-08-14,東証先導株比率1-20,55.18,5692455557000.0,10315639000000.0,2026-08-15T01:29:45+09:00
2026-08-14,東証先導株比率1-30,61.31,6324481083300.0,10315639000000.0,2026-08-15T01:29:45+09:00
2026-08-14,日経/プライム・売買代金比率,82.13,,,2026-08-15T01:29:45+09:00
