日付,終値,始値,高値,安値,変化率 %
2026/8/14,6.762,6.754,6.766,6.749,0.06%
2026/8/13,6.758,6.777,6.777,6.753,-0.28%
2026/8/12,6.777,6.779,6.79,6.77,-0.03%
2026/8/11,6.779,6.766,6.801,6.766,0.19%
2026/8/10,6.766,6.77,6.77,6.761,0.00%
2026/8/7,6.766,6.768,6.791,6.765,-0.03%
2026/8/6,6.768,6.772,6.772,6.759,-0.06%
2026/8/5,6.772,6.816,6.816,6.771,-0.65%
2026/8/4,6.816,6.833,6.838,6.815,-0.25%
2026/8/3,6.833,6.831,6.851,6.831,0.00%
2026/7/31,6.833,6.811,6.833,6.799,0.32%
2026/7/30,6.811,6.796,6.83,6.796,0.22%
2026/7/29,6.796,6.776,6.804,6.776,0.30%
2026/7/28,6.776,6.773,6.78,6.756,0.04%
2026/7/27,6.773,6.826,6.826,6.765,-0.78%
2026/7/24,6.826,6.84,6.863,6.812,-0.20%
2026/7/23,6.84,6.801,6.84,6.801,0.57%
2026/7/22,6.801,6.791,6.817,6.791,0.15%
2026/7/21,6.791,6.772,6.792,6.751,0.28%
2026/7/20,6.772,6.819,6.828,6.772,-0.12%
2026/7/17,6.78,6.751,6.78,6.747,0.43%
2026/7/16,6.751,6.775,6.775,6.736,-0.35%
2026/7/15,6.775,6.797,6.797,6.767,-0.32%
2026/7/14,6.797,6.733,6.813,6.733,0.95%
2026/7/13,6.733,6.716,6.742,6.716,0.25%
2026/7/10,6.716,6.754,6.754,6.708,-0.56%
2026/7/9,6.754,6.766,6.77,6.744,-0.18%
2026/7/8,6.766,6.692,6.767,6.692,1.11%
2026/7/7,6.692,6.689,6.714,6.687,0.04%
2026/7/6,6.689,6.707,6.707,6.675,-0.27%
2026/7/3,6.707,6.713,6.738,6.707,-0.09%
2026/7/2,6.713,6.76,6.76,6.713,-0.70%
2026/7/1,6.76,6.753,6.768,6.735,0.10%
2026/6/30,6.753,6.755,6.755,6.704,-0.03%
2026/6/29,6.755,6.774,6.783,6.755,-0.28%
2026/6/26,6.774,6.774,6.774,6.774,0.00%
2026/6/25,6.774,6.787,6.787,6.758,-0.19%
2026/6/24,6.787,6.84,6.84,6.787,-0.77%
2026/6/23,6.84,6.851,6.851,6.824,-0.16%
2026/6/22,6.851,6.858,6.864,6.847,-0.10%
2026/6/19,6.858,6.843,6.86,6.843,0.22%
2026/6/18,6.843,6.865,6.874,6.832,-0.32%
2026/6/17,6.865,6.866,6.866,6.855,-0.01%
2026/6/16,6.866,6.872,6.872,6.86,-0.09%
2026/6/15,6.872,6.866,6.873,6.831,0.09%
2026/6/12,6.866,6.897,6.897,6.857,-0.45%
2026/6/11,6.897,6.913,6.919,6.894,-0.23%
2026/6/10,6.913,6.871,6.916,6.871,0.61%
2026/6/9,6.871,6.949,6.949,6.871,-1.12%
2026/6/8,6.949,6.975,6.984,6.945,-0.37%
2026/6/5,6.975,6.995,7.018,6.924,-0.29%
2026/6/4,6.995,7.025,7.025,6.987,-0.44%
2026/6/3,7.026,7.017,7.07,7.009,0.13%
2026/6/2,7.017,7.022,7.047,6.999,-0.07%
2026/6/1,7.022,7.003,7.052,7.003,0.27%
2026/5/29,7.003,6.996,7.017,6.975,0.10%
2026/5/28,6.996,6.996,6.996,6.996,0.00%
2026/5/27,6.996,6.995,7.004,6.973,0.00%
2026/5/26,6.996,7.025,7.043,6.996,-0.41%
2026/5/25,7.025,7.087,7.087,7.015,-0.89%
2026/5/22,7.088,7.117,7.117,7.073,-0.42%
2026/5/21,7.118,7.078,7.131,7.048,0.55%
2026/5/20,7.079,7.111,7.137,7.068,-0.45%
2026/5/19,7.111,7.121,7.123,7.098,-0.14%
2026/5/18,7.121,7.064,7.142,7.064,0.64%
2026/5/15,7.076,7.02,7.098,7.02,0.78%
2026/5/14,7.021,7.044,7.06,7.02,-0.34%
2026/5/13,7.045,7.047,7.057,7.022,-0.03%
2026/5/12,7.047,7.03,7.053,7.03,0.23%
2026/5/11,7.031,6.983,7.053,6.983,0.67%
2026/5/8,6.984,6.932,6.984,6.932,0.74%
2026/5/7,6.933,6.925,6.959,6.915,0.10%
2026/5/6,6.926,7.016,7.016,6.865,-1.28%
2026/5/5,7.016,7.023,7.055,7.01,-0.10%
2026/5/4,7.023,7.018,7.027,6.994,0.07%
2026/5/1,7.018,7.018,7.018,7.018,0.00%
2026/4/30,7.018,6.994,7.07,6.994,0.33%
2026/4/29,6.995,6.98,7.002,6.975,0.21%
2026/4/28,6.98,6.942,6.982,6.942,0.53%
2026/4/27,6.943,6.951,6.959,6.932,0.14%
2026/4/24,6.933,6.95,6.982,6.933,-0.26%
2026/4/23,6.951,6.923,6.96,6.923,0.40%
2026/4/22,6.923,6.891,6.923,6.891,0.46%
2026/4/21,6.891,6.89,6.894,6.868,0.01%
2026/4/20,6.89,6.905,6.924,6.89,-0.22%
2026/4/17,6.905,6.891,6.925,6.891,0.19%
2026/4/16,6.892,6.865,6.901,6.865,0.39%
2026/4/15,6.865,6.938,6.938,6.865,-1.05%
2026/4/14,6.938,6.938,6.938,6.938,0.00%
2026/4/13,6.938,6.913,6.978,6.874,0.35%
2026/4/10,6.914,6.957,7.003,6.904,-0.63%
2026/4/9,6.958,6.897,6.971,6.897,0.87%
2026/4/8,6.898,7.042,7.042,6.898,-2.04%
2026/4/7,7.042,7.043,7.073,7.019,-0.01%
2026/4/6,7.043,7.129,7.129,7.043,-1.21%
2026/4/3,7.129,7.129,7.129,7.129,0.00%
2026/4/2,7.129,6.961,7.129,6.959,2.43%
2026/4/1,6.96,6.961,6.961,6.96,-0.01%
2026/3/31,6.961,6.961,6.961,6.961,0.00%
2026/3/30,6.961,6.932,7.011,6.932,0.42%
2026/3/27,6.932,6.874,6.962,6.873,0.84%
2026/3/26,6.874,6.874,6.874,6.874,0.00%
2026/3/25,6.874,6.867,6.879,6.854,0.10%
2026/3/24,6.867,6.839,6.872,6.816,0.41%
2026/3/23,6.839,6.737,6.887,6.737,1.51%
2026/3/20,6.737,6.729,6.773,6.728,0.12%
2026/3/19,6.729,6.729,6.729,6.729,0.00%
2026/3/18,6.729,6.717,6.739,6.702,0.18%
2026/3/17,6.717,6.706,6.721,6.706,0.16%
2026/3/16,6.706,6.679,6.719,6.679,0.40%
2026/3/13,6.679,6.668,6.698,6.668,0.15%
2026/3/12,6.669,6.633,6.68,6.633,0.53%
2026/3/11,6.634,6.671,6.693,6.634,-0.55%
2026/3/10,6.671,6.722,6.722,6.665,-0.77%
2026/3/9,6.723,6.688,6.761,6.688,0.52%
2026/3/6,6.688,6.65,6.711,6.644,0.75%
2026/3/5,6.638,6.669,6.674,6.636,-0.46%
2026/3/4,6.669,6.678,6.73,6.669,-0.16%
2026/3/3,6.68,6.678,6.68,6.678,0.00%
2026/3/2,6.68,6.661,6.699,6.661,0.29%
2026/2/27,6.661,6.689,6.712,6.657,-0.43%
2026/2/26,6.69,6.682,6.693,6.672,0.12%
2026/2/25,6.682,6.685,6.693,6.667,-0.04%
2026/2/24,6.685,6.699,6.708,6.665,-0.21%
2026/2/23,6.699,6.725,6.73,6.699,-0.39%
2026/2/20,6.725,6.674,6.735,6.674,0.76%
2026/2/19,6.674,6.674,6.674,6.674,0.00%
2026/2/18,6.674,6.659,6.678,6.659,0.23%
2026/2/17,6.659,6.668,6.676,6.636,-0.13%
2026/2/16,6.668,6.677,6.685,6.663,-0.13%
2026/2/13,6.677,6.685,6.69,6.664,-0.13%
2026/2/12,6.686,6.71,6.735,6.68,-0.36%
2026/2/11,6.71,6.727,6.738,6.709,-0.25%
2026/2/10,6.727,6.761,6.767,6.727,-0.50%
2026/2/9,6.761,6.733,6.765,6.733,0.42%
2026/2/6,6.733,6.651,6.756,6.651,1.23%
2026/2/5,6.651,6.695,6.696,6.638,-0.66%
2026/2/4,6.695,6.721,6.73,6.695,-0.39%
2026/2/3,6.721,6.769,6.769,6.717,-0.71%
2026/2/2,6.769,6.695,6.777,6.695,1.11%
2026/1/30,6.695,6.699,6.714,6.687,-0.06%
2026/1/29,6.699,6.703,6.723,6.695,-0.06%
2026/1/28,6.703,6.719,6.719,6.695,-0.24%
2026/1/27,6.719,6.664,6.719,6.664,0.83%
2026/1/26,6.664,6.664,6.664,6.664,0.00%
2026/1/23,6.664,6.636,6.673,6.636,0.42%
2026/1/22,6.636,6.655,6.655,6.633,-0.29%
2026/1/21,6.655,6.673,6.676,6.655,-0.27%
2026/1/20,6.673,6.684,6.689,6.651,-0.16%
2026/1/19,6.684,6.678,6.694,6.675,0.09%
2026/1/16,6.678,6.647,6.687,6.647,0.47%
2026/1/15,6.647,6.647,6.647,6.647,0.00%
2026/1/14,6.647,6.627,6.652,6.627,0.30%
2026/1/13,6.627,6.605,6.635,6.58,0.33%
2026/1/12,6.605,6.636,6.642,6.594,-0.47%
2026/1/9,6.636,6.63,6.648,6.627,0.09%
2026/1/8,6.63,6.611,6.63,6.611,0.29%
2026/1/7,6.611,6.612,6.635,6.611,-0.02%
2026/1/6,6.612,6.633,6.644,6.612,-0.32%
2026/1/5,6.633,6.609,6.655,6.609,0.36%
2026/1/2,6.609,6.581,6.624,6.578,0.43%
2026/1/1,6.581,6.588,6.617,6.581,-0.11%
2025/12/31,6.588,6.576,6.604,6.569,0.18%
2025/12/30,6.576,6.595,6.602,6.576,-0.29%
2025/12/29,6.595,6.56,6.595,6.56,0.53%
2025/12/26,6.56,6.538,6.574,6.537,0.34%
2025/12/25,6.538,6.538,6.538,6.538,0.00%
2025/12/24,6.538,6.637,6.637,6.532,-1.49%
2025/12/23,6.637,6.669,6.7,6.637,-0.48%
2025/12/22,6.669,6.606,6.673,6.606,0.95%
2025/12/19,6.606,6.57,6.611,6.568,0.55%
2025/12/18,6.57,6.601,6.603,6.57,-0.47%
2025/12/17,6.601,6.573,6.602,6.564,0.43%
2025/12/16,6.573,6.594,6.607,6.573,-0.32%
2025/12/15,6.594,6.597,6.616,6.585,-0.03%
2025/12/12,6.596,6.611,6.611,6.547,-0.23%
2025/12/11,6.611,6.663,6.666,6.607,-0.78%
2025/12/10,6.663,6.619,6.668,6.6,0.68%
2025/12/9,6.618,6.567,6.629,6.56,0.78%
2025/12/8,6.567,6.515,6.577,6.509,1.03%
2025/12/5,6.5,6.53,6.53,6.489,-0.47%
2025/12/4,6.531,6.534,6.558,6.53,0.08%
2025/12/3,6.526,6.513,6.547,6.513,0.35%
2025/12/2,6.503,6.575,6.578,6.503,-1.10%
2025/12/1,6.575,6.547,6.575,6.542,0.72%
2025/11/28,6.528,6.513,6.57,6.5,0.23%
2025/11/27,6.513,6.492,6.518,6.487,0.42%
2025/11/26,6.486,6.496,6.505,6.486,-0.08%
2025/11/25,6.491,6.519,6.525,6.49,-0.52%
2025/11/24,6.525,6.566,6.566,6.519,-0.53%
2025/11/21,6.56,6.536,6.575,6.527,0.37%
2025/11/20,6.536,6.535,6.55,6.535,0.06%
2025/11/19,6.532,6.522,6.537,6.511,0.14%
2025/11/18,6.523,6.542,6.549,6.508,-0.20%
2025/11/17,6.536,6.527,6.549,6.527,0.14%
2025/11/14,6.527,6.513,6.54,6.513,0.25%
2025/11/13,6.511,6.499,6.517,6.49,0.43%
2025/11/12,6.483,6.506,6.506,6.476,-0.25%
2025/11/11,6.499,6.493,6.506,6.481,0.14%
2025/11/10,6.49,6.535,6.535,6.49,-0.48%
2025/11/7,6.521,6.518,6.525,6.508,0.11%
2025/11/6,6.514,6.533,6.533,6.497,-0.29%
2025/11/5,6.533,6.533,6.533,6.533,0.05%
2025/11/4,6.53,6.534,6.534,6.512,0.03%
2025/11/3,6.528,6.527,6.56,6.527,-0.02%
2025/10/31,6.529,6.574,6.6,6.528,-0.67%
2025/10/30,6.573,6.539,6.576,6.539,0.55%
2025/10/29,6.537,6.537,6.555,6.521,0.06%
2025/10/28,6.533,6.548,6.557,6.533,-0.14%
2025/10/27,6.542,6.547,6.549,6.538,0.14%
2025/10/24,6.533,6.539,6.57,6.53,-0.09%
2025/10/23,6.539,6.507,6.54,6.507,0.48%
2025/10/22,6.508,6.507,6.508,6.507,0.02%
2025/10/21,6.507,6.507,6.507,6.507,-0.02%
2025/10/20,6.508,6.51,6.519,6.507,0.03%
2025/10/17,6.506,6.504,6.52,6.477,0.05%
2025/10/16,6.503,6.492,6.505,6.492,0.29%
2025/10/15,6.484,6.504,6.504,6.484,-0.35%
2025/10/14,6.507,6.518,6.527,6.506,-0.17%
2025/10/13,6.518,6.514,6.519,6.512,-0.20%
2025/10/10,6.531,6.523,6.535,6.515,0.15%
2025/10/9,6.521,6.503,6.527,6.503,0.26%
2025/10/8,6.504,6.504,6.507,6.494,-0.09%
2025/10/7,6.51,6.52,6.521,6.506,-0.14%
2025/10/6,6.519,6.512,6.522,6.495,0.08%
2025/10/3,6.514,6.519,6.523,6.505,-0.08%
2025/10/2,6.519,6.519,6.519,6.519,-0.06%
2025/10/1,6.523,6.573,6.6,6.519,-0.73%
2025/9/30,6.571,6.558,6.574,6.533,0.12%
2025/9/29,6.563,6.525,6.576,6.518,0.71%
2025/9/26,6.517,6.504,6.524,6.489,0.39%
2025/9/25,6.492,6.489,6.497,6.481,0.14%
2025/9/24,6.483,6.461,6.488,6.46,0.25%
2025/9/23,6.467,6.486,6.502,6.467,-0.22%
2025/9/22,6.481,6.485,6.504,6.481,-0.12%
2025/9/19,6.489,6.51,6.531,6.485,-0.31%
2025/9/18,6.509,6.471,6.513,6.471,0.67%
2025/9/17,6.466,6.483,6.483,6.465,-0.37%
2025/9/16,6.49,6.494,6.497,6.483,-0.03%
2025/9/15,6.492,6.486,6.504,6.486,0.14%
2025/9/12,6.483,6.466,6.491,6.451,0.17%
2025/9/11,6.472,6.481,6.497,6.465,-0.17%
2025/9/10,6.483,6.493,6.519,6.467,-0.05%
2025/9/9,6.486,6.461,6.495,6.441,0.36%
2025/9/8,6.463,6.477,6.492,6.459,0.03%
2025/9/5,6.461,6.477,6.492,6.459,-0.51%
2025/9/4,6.494,6.544,6.544,6.49,-0.72%
2025/9/3,6.541,6.566,6.567,6.539,-0.43%
2025/9/2,6.569,6.585,6.592,6.566,-0.24%
2025/9/1,6.585,6.569,6.623,6.569,-0.05%
2025/8/29,6.588,6.553,6.615,6.536,0.76%
2025/8/28,6.538,6.6,6.62,6.537,-0.94%
2025/8/27,6.6,6.6,6.6,6.6,-0.26%
2025/8/26,6.617,6.601,6.65,6.593,0.38%
2025/8/25,6.592,6.551,6.6,6.543,0.66%
2025/8/22,6.549,6.529,6.561,6.529,0.37%
2025/8/21,6.525,6.506,6.529,6.501,0.43%
2025/8/20,6.497,6.519,6.519,6.49,-0.23%
2025/8/19,6.512,6.492,6.547,6.492,0.43%
2025/8/18,6.484,6.402,6.502,6.402,1.28%
2025/8/15,6.402,6.402,6.402,6.402,-0.03%
2025/8/14,6.404,6.486,6.489,6.402,-1.19%
2025/8/13,6.481,6.495,6.506,6.458,-0.03%
2025/8/12,6.483,6.436,6.494,6.425,0.86%
2025/8/11,6.428,6.407,6.449,6.4,0.45%
2025/8/8,6.399,6.386,6.418,6.374,0.14%
2025/8/7,6.39,6.414,6.414,6.385,-0.27%
2025/8/6,6.407,6.328,6.424,6.326,1.31%
2025/8/5,6.324,6.314,6.338,6.307,0.17%
2025/8/4,6.313,6.346,6.346,6.313,-0.91%
2025/8/1,6.371,6.377,6.378,6.367,-0.08%
2025/7/31,6.376,6.384,6.384,6.364,0.17%
2025/7/30,6.365,6.359,6.379,6.358,-0.06%
2025/7/29,6.369,6.374,6.382,6.359,-0.06%
2025/7/28,6.373,6.352,6.374,6.348,0.31%
2025/7/25,6.353,6.329,6.365,6.327,0.38%
2025/7/24,6.329,6.312,6.33,6.312,0.27%
2025/7/23,6.312,6.311,6.313,6.307,0.06%
2025/7/22,6.308,6.3,6.309,6.294,0.14%
2025/7/21,6.299,6.307,6.307,6.296,-0.10%
2025/7/18,6.305,6.3,6.309,6.296,0.05%
2025/7/17,6.302,6.313,6.313,6.298,-0.17%
2025/7/16,6.313,6.312,6.317,6.312,0.00%
2025/7/15,6.313,6.319,6.323,6.31,0.03%
2025/7/14,6.311,6.302,6.319,6.302,0.11%
2025/7/11,6.304,6.318,6.334,6.301,-0.22%
2025/7/10,6.318,6.316,6.321,6.309,0.06%
2025/7/9,6.314,6.315,6.316,6.309,0.13%
2025/7/8,6.306,6.295,6.307,6.293,0.19%
2025/7/7,6.294,6.295,6.297,6.287,0.06%
2025/7/4,6.29,6.287,6.304,6.287,0.16%
2025/7/3,6.28,6.29,6.3,6.283,0.00%
2025/7/2,6.28,6.292,6.299,6.286,-0.16%
2025/7/1,6.29,6.324,6.324,6.29,-0.32%
2025/6/30,6.31,6.322,6.329,6.314,0.00%
2025/6/27,6.31,6.279,6.317,6.279,0.64%
2025/6/26,6.27,6.28,6.291,6.265,-0.16%
2025/6/25,6.28,6.261,6.29,6.248,0.64%
2025/6/24,6.24,6.305,6.305,6.247,-0.95%
2025/6/23,6.3,6.309,6.33,6.303,-0.16%
2025/6/20,6.31,6.31,6.319,6.296,0.16%
2025/6/19,6.3,6.259,6.317,6.259,0.80%
2025/6/18,6.25,6.273,6.273,6.256,0.00%
2025/6/17,6.25,6.27,6.273,6.253,-0.16%
2025/6/16,6.26,6.299,6.307,6.27,-0.48%
2025/6/13,6.29,6.327,6.327,6.299,0.16%
2025/6/12,6.28,6.304,6.304,6.277,-0.16%
2025/6/11,6.29,6.287,6.303,6.273,0.16%
2025/6/10,6.28,6.28,6.302,6.265,0.16%
2025/6/9,6.27,6.241,6.286,6.241,0.64%
2025/6/6,6.23,6.196,6.241,6.13,0.81%
2025/6/5,6.18,6.211,6.211,6.191,-0.48%
2025/6/4,6.21,6.206,6.214,6.203,0.16%
2025/6/3,6.2,6.218,6.226,6.202,-0.32%
2025/6/2,6.22,6.226,6.236,6.208,0.32%
2025/5/30,6.2,6.184,6.227,6.176,0.32%
2025/5/29,6.18,6.17,6.186,6.164,0.32%
2025/5/28,6.16,6.206,6.208,6.17,-0.65%
2025/5/27,6.2,6.209,6.209,6.202,0.00%
2025/5/26,6.2,6.214,6.225,6.203,-0.16%
2025/5/23,6.21,6.237,6.237,6.211,0.00%
2025/5/22,6.21,6.208,6.237,6.199,0.32%
2025/5/21,6.19,6.224,6.238,6.199,-0.48%
2025/5/20,6.22,6.24,6.24,6.223,-0.16%
2025/5/19,6.23,6.227,6.24,6.221,0.16%
2025/5/16,6.22,6.233,6.233,6.217,0.00%
2025/5/15,6.22,6.242,6.269,6.229,-0.18%
2025/5/14,6.231,6.259,6.271,6.228,-0.18%
2025/5/13,6.242,6.293,6.293,6.238,-0.68%
2025/5/12,6.285,6.296,6.301,6.278,-1.44%
2025/5/8,6.377,6.44,6.44,6.372,-0.28%
2025/5/7,6.395,6.337,6.404,6.31,0.92%
2025/5/6,6.337,6.367,6.367,6.33,-0.20%
2025/5/5,6.35,6.336,6.356,6.323,0.43%
2025/5/4,6.323,6.389,6.389,6.32,-0.52%
2025/5/1,6.356,6.375,6.375,6.345,-0.03%
2025/4/29,6.358,6.363,6.367,6.336,0.25%
2025/4/28,6.342,6.36,6.368,6.324,-0.28%
2025/4/25,6.36,6.331,6.375,6.324,0.63%
2025/4/24,6.32,6.328,6.359,6.316,-0.16%
2025/4/23,6.33,6.362,6.362,6.297,0.16%
2025/4/22,6.32,6.348,6.348,6.32,0.00%
2025/4/21,6.32,6.383,6.383,6.317,-0.78%
2025/4/17,6.37,6.391,6.392,6.37,-0.31%
2025/4/16,6.39,6.416,6.417,6.389,-0.31%
2025/4/15,6.41,6.407,6.423,6.407,-0.47%
2025/4/11,6.44,6.453,6.453,6.423,0.00%
2025/4/9,6.44,6.503,6.525,6.432,-0.46%
2025/4/8,6.47,6.501,6.501,6.47,-0.15%
2025/4/7,6.48,6.469,6.492,6.461,0.31%
2025/4/4,6.46,6.497,6.497,6.464,-0.62%
2025/4/3,6.5,6.469,6.501,6.461,0.31%
2025/4/2,6.48,6.545,6.545,6.482,-1.52%
2025/3/28,6.58,6.598,6.608,6.577,-0.15%
2025/3/27,6.59,6.618,6.618,6.582,-0.15%
2025/3/26,6.6,6.643,6.643,6.598,-0.45%
2025/3/25,6.63,6.646,6.646,6.621,0.15%
2025/3/24,6.62,6.643,6.643,6.626,0.00%
2025/3/21,6.62,6.645,6.645,6.617,-0.30%
2025/3/20,6.64,6.655,6.658,6.629,-0.30%
2025/3/19,6.66,6.659,6.665,6.656,-0.15%
2025/3/18,6.67,6.698,6.698,6.669,-0.30%
2025/3/17,6.69,6.702,6.702,6.687,0.00%
2025/3/13,6.69,6.696,6.698,6.68,0.15%
2025/3/12,6.68,6.703,6.703,6.678,-0.15%
2025/3/11,6.69,6.717,6.717,6.687,-0.15%
2025/3/10,6.7,6.714,6.714,6.687,0.30%
2025/3/7,6.68,6.682,6.69,6.682,0.00%
2025/3/6,6.68,6.686,6.694,6.68,-0.45%
2025/3/5,6.71,6.757,6.757,6.709,-0.45%
2025/3/4,6.74,6.736,6.745,6.721,0.15%
2025/3/3,6.73,6.789,6.789,6.729,0.15%
2025/2/28,6.72,6.709,6.731,6.706,0.15%
2025/2/27,6.71,6.7,6.712,6.699,0.06%
2025/2/25,6.706,6.699,6.709,6.695,0.09%
2025/2/24,6.7,6.696,6.707,6.693,-0.12%
2025/2/21,6.708,6.703,6.714,6.701,0.07%
2025/2/20,6.703,6.682,6.705,6.68,0.31%
2025/2/18,6.682,6.7,6.7,6.68,-0.15%
2025/2/17,6.692,6.694,6.694,6.687,-0.19%
2025/2/14,6.705,6.709,6.71,6.699,-0.10%
2025/2/13,6.712,6.723,6.723,6.699,0.22%
2025/2/12,6.697,6.71,6.71,6.693,0.00%
2025/2/11,6.697,6.688,6.699,6.685,-0.24%
2025/2/10,6.713,6.717,6.728,6.709,0.21%
2025/2/7,6.699,6.668,6.71,6.652,0.63%
2025/2/6,6.657,6.649,6.659,6.649,-0.11%
2025/2/5,6.664,6.674,6.674,6.653,-0.12%
2025/2/4,6.672,6.68,6.68,6.666,0.03%
2025/2/3,6.67,6.703,6.709,6.659,-0.36%
2025/1/31,6.694,6.696,6.7,6.68,0.24%
2025/1/30,6.678,6.701,6.701,6.675,-0.07%
2025/1/29,6.683,6.7,6.702,6.673,0.03%
2025/1/28,6.681,6.646,6.69,6.631,0.09%
2025/1/27,6.675,6.672,6.681,6.666,-0.67%
2025/1/24,6.72,6.717,6.726,6.709,-0.24%
2025/1/23,6.736,6.738,6.738,6.718,0.25%
2025/1/22,6.719,6.745,6.745,6.716,-0.22%
2025/1/21,6.734,6.754,6.754,6.729,-0.43%
2025/1/20,6.763,6.78,6.78,6.758,-0.16%
2025/1/17,6.774,6.745,6.78,6.743,0.30%
2025/1/16,6.754,6.788,6.788,6.749,-0.87%
2025/1/15,6.813,6.838,6.838,6.804,-0.23%
2025/1/14,6.829,6.852,6.869,6.821,-0.20%
2025/1/13,6.843,6.795,6.852,6.792,1.09%
2025/1/10,6.769,6.773,6.773,6.757,0.07%
2025/1/9,6.764,6.773,6.782,6.762,-0.04%
2025/1/8,6.767,6.76,6.77,6.739,0.31%
2025/1/7,6.746,6.755,6.757,6.731,-0.25%
2025/1/6,6.763,6.788,6.79,6.75,-0.24%
2025/1/3,6.779,6.8,6.8,6.778,-0.12%
2025/1/2,6.787,6.801,6.801,6.782,0.12%
2025/1/1,6.779,6.774,6.782,6.773,0.30%
2024/12/31,6.759,6.767,6.767,6.758,-0.24%
2024/12/30,6.775,6.785,6.789,6.772,-0.18%
2024/12/27,6.787,6.781,6.807,6.776,0.04%
2024/12/26,6.784,6.781,6.785,6.777,0.12%
2024/12/24,6.776,6.789,6.789,6.773,0.00%
2024/12/23,6.776,6.785,6.785,6.771,-0.22%
2024/12/20,6.791,6.799,6.799,6.784,0.06%
2024/12/19,6.787,6.787,6.794,6.775,0.53%
2024/12/18,6.751,6.76,6.76,6.747,-0.12%
2024/12/17,6.759,6.753,6.761,6.745,0.27%
2024/12/16,6.741,6.734,6.744,6.727,0.18%
2024/12/13,6.729,6.783,6.783,6.725,-0.10%
2024/12/12,6.736,6.728,6.741,6.726,0.27%
2024/12/11,6.718,6.711,6.721,6.706,0.19%
2024/12/10,6.705,6.715,6.715,6.692,-0.18%
2024/12/9,6.717,6.753,6.753,6.715,-0.34%
2024/12/6,6.74,6.687,6.751,6.668,0.90%
2024/12/5,6.68,6.696,6.696,6.677,-0.09%
2024/12/4,6.686,6.725,6.725,6.68,-0.42%
2024/12/3,6.714,6.76,6.76,6.71,0.06%
2024/12/2,6.71,6.802,6.802,6.707,-0.61%
2024/11/29,6.751,6.807,6.807,6.739,-0.79%
2024/11/28,6.805,6.825,6.825,6.799,-0.10%
2024/11/27,6.812,6.828,6.828,6.811,-0.22%
2024/11/26,6.827,6.839,6.839,6.809,0.07%
2024/11/25,6.822,6.841,6.841,6.817,-0.41%
2024/11/22,6.85,6.852,6.863,6.842,0.28%
2024/11/21,6.831,6.822,6.836,6.817,0.29%
2024/11/19,6.811,6.818,6.818,6.806,-0.15%
2024/11/18,6.821,6.842,6.842,6.817,-0.09%
2024/11/14,6.827,6.822,6.831,6.813,0.34%
2024/11/13,6.804,6.809,6.812,6.8,0.13%
2024/11/12,6.795,6.793,6.807,6.786,0.15%
2024/11/11,6.785,6.786,6.79,6.778,0.16%
2024/11/8,6.774,6.781,6.787,6.767,-0.32%
2024/11/7,6.796,6.794,6.8,6.785,-0.03%
2024/11/6,6.798,6.838,6.838,6.783,-0.01%
2024/11/5,6.799,6.802,6.805,6.793,0.03%
2024/11/4,6.797,6.831,6.831,6.795,-0.64%
2024/10/31,6.841,6.841,6.847,6.832,0.21%
2024/10/30,6.827,6.849,6.849,6.826,-0.29%
2024/10/29,6.847,6.875,6.875,6.837,-0.20%
2024/10/28,6.861,6.875,6.875,6.856,0.23%
2024/10/25,6.845,6.836,6.849,6.818,0.34%
2024/10/24,6.822,6.843,6.843,6.808,0.06%
2024/10/23,6.818,6.831,6.833,6.811,-0.20%
2024/10/22,6.832,6.859,6.859,6.818,-0.07%
2024/10/21,6.837,6.831,6.842,6.804,0.41%
2024/10/18,6.809,6.794,6.821,6.789,0.37%
2024/10/17,6.784,6.775,6.787,6.77,0.16%
2024/10/16,6.773,6.762,6.775,6.758,0.06%
2024/10/15,6.769,6.794,6.794,6.765,-0.19%
2024/10/14,6.782,6.788,6.788,6.767,-0.09%
2024/10/11,6.788,6.77,6.798,6.767,0.18%
2024/10/10,6.776,6.805,6.805,6.75,0.15%
2024/10/9,6.766,6.818,6.818,6.741,-0.59%
2024/10/8,6.806,6.845,6.845,6.802,-0.58%
2024/10/7,6.846,6.846,6.853,6.813,0.25%
2024/10/4,6.829,6.793,6.838,6.792,0.77%
2024/10/3,6.777,6.751,6.779,6.744,0.67%
2024/10/1,6.732,6.759,6.759,6.73,-0.27%
2024/9/30,6.75,6.76,6.76,6.744,-0.13%
2024/9/27,6.759,6.747,6.767,6.723,0.61%
2024/9/26,6.718,6.74,6.74,6.706,-0.30%
2024/9/25,6.738,6.753,6.753,6.735,-0.34%
2024/9/24,6.761,6.768,6.77,6.754,-0.09%
2024/9/23,6.767,6.775,6.775,6.759,0.09%
2024/9/20,6.761,6.768,6.769,6.747,0.04%
2024/9/19,6.758,6.793,6.793,6.736,-0.31%
2024/9/17,6.779,6.775,6.781,6.753,0.25%
2024/9/16,6.762,6.797,6.797,6.759,-0.44%
2024/9/13,6.792,6.819,6.819,6.784,-0.28%
2024/9/12,6.811,6.835,6.835,6.806,-0.28%
2024/9/11,6.83,6.84,6.841,6.827,-0.31%
2024/9/10,6.851,6.855,6.855,6.85,-0.04%
2024/9/9,6.854,6.861,6.861,6.852,0.00%
2024/9/6,6.854,6.852,6.855,6.846,-0.01%
2024/9/5,6.855,6.853,6.856,6.851,-0.06%
2024/9/4,6.859,6.861,6.863,6.857,-0.16%
2024/9/3,6.87,6.885,6.885,6.869,-0.09%
2024/9/2,6.876,6.877,6.878,6.865,0.19%
2024/8/30,6.863,6.872,6.872,6.862,-0.01%
2024/8/29,6.864,6.87,6.87,6.862,0.04%
2024/8/28,6.861,6.858,6.866,6.856,0.00%
2024/8/27,6.861,6.863,6.863,6.854,0.15%
2024/8/26,6.851,6.854,6.854,6.848,-0.12%
2024/8/23,6.859,6.855,6.862,6.849,0.10%
2024/8/22,6.852,6.861,6.861,6.843,-0.01%
2024/8/21,6.853,6.849,6.859,6.846,-0.04%
2024/8/20,6.856,6.874,6.874,6.85,-0.12%
2024/8/19,6.864,6.871,6.871,6.86,-0.04%
2024/8/16,6.867,6.88,6.88,6.864,0.13%
2024/8/14,6.858,6.871,6.874,6.857,-0.32%
2024/8/13,6.88,6.869,6.887,6.869,0.01%
2024/8/12,6.879,6.881,6.881,6.87,-0.01%
2024/8/9,6.88,6.887,6.889,6.878,0.04%
2024/8/8,6.877,6.862,6.885,6.859,0.22%
2024/8/7,6.862,6.885,6.885,6.859,-0.15%
2024/8/6,6.872,6.87,6.88,6.867,0.17%
2024/8/5,6.86,6.862,6.865,6.844,-0.58%
2024/8/2,6.9,6.909,6.909,6.894,-0.23%
2024/8/1,6.916,6.912,6.919,6.909,-0.12%
2024/7/31,6.924,6.932,6.939,6.918,-0.10%
2024/7/30,6.931,6.926,6.934,6.91,0.17%
2024/7/29,6.919,6.942,6.942,6.913,-0.30%
2024/7/26,6.94,6.962,6.962,6.927,-0.17%
2024/7/25,6.952,6.974,6.974,6.952,-0.17%
2024/7/24,6.964,6.977,6.977,6.96,-0.09%
2024/7/23,6.97,6.972,6.987,6.952,0.04%
2024/7/22,6.967,6.982,6.982,6.966,0.03%
2024/7/19,6.965,6.976,6.976,6.962,-0.01%
2024/7/18,6.966,6.97,6.97,6.959,0.00%
2024/7/16,6.966,6.977,6.977,6.963,-0.21%
2024/7/15,6.981,7.005,7.005,6.977,-0.07%
2024/7/12,6.986,6.975,6.988,6.972,0.06%
2024/7/11,6.982,6.982,6.982,6.982,0.09%
2024/7/10,6.976,6.995,6.995,6.975,-0.19%
2024/7/9,6.989,7.006,7.006,6.983,0.00%
2024/7/8,6.989,6.989,6.991,6.983,-0.06%
2024/7/5,6.993,7.016,7.016,6.987,-0.07%
2024/7/4,6.998,6.992,7.001,6.989,-0.04%
2024/7/3,7.001,7.009,7.009,6.999,-0.11%
2024/7/2,7.009,7.009,7.009,7.009,-0.06%
2024/7/1,7.013,7.023,7.024,7.01,0.07%
2024/6/28,7.008,6.998,7.02,6.992,0.11%
2024/6/27,7,7.006,7.009,6.987,0.04%
2024/6/26,6.997,6.998,7.001,6.984,0.20%
2024/6/25,6.983,6.972,6.989,6.969,0.17%
2024/6/24,6.971,6.979,6.979,6.954,-0.03%
2024/6/21,6.973,6.984,6.984,6.972,-0.04%
2024/6/20,6.976,6.984,6.984,6.97,0.03%
2024/6/19,6.974,6.981,6.981,6.964,-0.10%
2024/6/18,6.981,6.998,6.998,6.981,-0.04%
2024/6/14,6.984,6.98,6.991,6.975,-0.03%
2024/6/13,6.986,7.003,7.003,6.985,-0.37%
2024/6/12,7.012,7.012,7.015,7.007,-0.03%
2024/6/11,7.014,7.055,7.055,7.012,-0.26%
2024/6/10,7.032,7.048,7.048,7.027,0.20%
2024/6/7,7.018,7.02,7.036,7.005,0.04%
2024/6/6,7.015,7.02,7.023,7.013,-0.16%
2024/6/5,7.026,7.034,7.054,7.023,-0.10%
2024/6/4,7.033,6.955,7.062,6.951,1.24%
2024/6/3,6.947,6.955,6.963,6.945,-0.56%
2024/5/31,6.986,6.991,6.994,6.98,-0.24%
2024/5/30,7.003,7.022,7.022,6.995,-0.07%
2024/5/29,7.008,7.02,7.02,6.987,0.19%
2024/5/28,6.995,6.981,6.998,6.971,0.20%
2024/5/27,6.981,7.016,7.016,6.967,-0.24%
2024/5/24,6.998,6.997,7.001,6.985,0.01%
2024/5/22,6.997,7.053,7.053,6.993,-1.14%
2024/5/21,7.078,7.101,7.101,7.069,-0.24%
2024/5/17,7.095,7.084,7.099,7.08,0.27%
2024/5/16,7.076,7.058,7.082,7.055,-0.14%
2024/5/15,7.086,7.103,7.103,7.082,-0.32%
2024/5/14,7.109,7.123,7.123,7.105,-0.10%
2024/5/13,7.116,7.134,7.134,7.114,-0.15%
2024/5/10,7.127,7.124,7.129,7.111,-0.11%
2024/5/9,7.135,7.148,7.148,7.125,-0.04%
2024/5/8,7.138,7.138,7.144,7.13,0.13%
2024/5/7,7.129,7.115,7.135,7.109,0.30%
2024/5/6,7.108,7.132,7.132,7.106,-0.57%
2024/5/3,7.149,7.16,7.163,7.147,-0.18%
2024/5/2,7.162,7.17,7.173,7.159,-0.46%
2024/4/30,7.195,7.199,7.205,7.185,-0.01%
2024/4/29,7.196,7.185,7.203,7.176,-0.04%
2024/4/26,7.199,7.238,7.238,7.188,-0.07%
2024/4/25,7.204,7.193,7.206,7.188,0.25%
2024/4/24,7.186,7.175,7.19,7.16,0.27%
2024/4/23,7.167,7.184,7.184,7.163,-0.35%
2024/4/22,7.192,7.241,7.242,7.188,-0.46%
2024/4/19,7.225,7.206,7.233,7.197,0.63%
2024/4/18,7.18,7.17,7.187,7.155,-0.18%
2024/4/16,7.193,7.193,7.2,7.185,0.25%
2024/4/15,7.175,7.193,7.193,7.16,-0.06%
2024/4/12,7.179,7.178,7.187,7.169,0.89%
2024/4/10,7.116,7.133,7.133,7.113,-0.53%
2024/4/8,7.154,7.141,7.162,7.135,0.52%
2024/4/5,7.117,7.088,7.121,7.088,0.32%
2024/4/4,7.094,7.119,7.119,7.09,-0.14%
2024/4/3,7.104,7.118,7.118,7.1,-0.06%
2024/4/2,7.108,7.085,7.116,7.075,0.79%
2024/3/28,7.052,7.031,7.055,7.031,-0.28%
2024/3/27,7.072,7.097,7.097,7.067,-0.24%
2024/3/26,7.089,7.091,7.1,7.079,0.03%
2024/3/22,7.087,7.062,7.096,7.055,0.52%
2024/3/21,7.05,7.08,7.08,7.048,-0.66%
2024/3/20,7.097,7.101,7.103,7.089,0.03%
2024/3/19,7.095,7.096,7.1,7.081,0.11%
2024/3/18,7.087,7.08,7.088,7.075,0.35%
2024/3/15,7.062,7.06,7.064,7.051,0.30%
2024/3/14,7.041,7.046,7.048,7.038,0.03%
2024/3/13,7.039,7.043,7.043,7.03,0.19%
2024/3/12,7.026,7.025,7.029,7.015,0.17%
2024/3/11,7.014,7.025,7.025,7.006,-0.24%
2024/3/7,7.031,7.054,7.054,7.026,-0.33%
2024/3/6,7.054,7.053,7.057,7.048,-0.04%
2024/3/5,7.057,7.066,7.066,7.053,-0.04%
2024/3/4,7.06,7.051,7.062,7.047,0.00%
2024/3/1,7.06,7.062,7.082,7.057,-0.25%
2024/2/29,7.078,7.059,7.082,7.057,0.18%
2024/2/28,7.065,7.076,7.076,7.06,-0.04%
2024/2/27,7.068,7.074,7.074,7.061,0.07%
2024/2/26,7.063,7.055,7.066,7.046,-0.20%
2024/2/23,7.077,7.074,7.081,7.062,0.21%
2024/2/22,7.062,7.062,7.076,7.045,0.24%
2024/2/21,7.045,7.065,7.065,7.038,-0.24%
2024/2/20,7.062,7.118,7.118,7.06,-0.52%
2024/2/16,7.099,7.097,7.103,7.075,0.20%
2024/2/15,7.085,7.104,7.104,7.079,-0.41%
2024/2/14,7.114,7.136,7.14,7.11,0.24%
2024/2/13,7.097,7.105,7.109,7.096,0.00%
2024/2/12,7.097,7.12,7.12,7.09,-0.24%
2024/2/9,7.114,7.091,7.118,7.075,0.45%
2024/2/8,7.082,7.073,7.092,7.048,0.11%
2024/2/7,7.074,7.075,7.078,7.064,-0.25%
2024/2/6,7.092,7.096,7.096,7.07,0.01%
2024/2/5,7.091,7.092,7.096,7.071,0.58%
2024/2/2,7.05,7.054,7.058,7.021,-0.20%
2024/2/1,7.064,7.129,7.135,7.039,-1.12%
2024/1/31,7.144,7.152,7.152,7.139,-0.15%
2024/1/30,7.155,7.164,7.164,7.147,-0.22%
2024/1/29,7.171,7.182,7.182,7.165,0.00%
2024/1/25,7.171,7.195,7.195,7.169,-0.14%
2024/1/24,7.181,7.186,7.186,7.17,0.10%
2024/1/23,7.174,7.172,7.177,7.166,-0.14%
2024/1/19,7.184,7.194,7.196,7.177,0.08%
2024/1/18,7.178,7.177,7.18,7.169,0.21%
2024/1/17,7.163,7.161,7.165,7.151,0.24%
2024/1/16,7.146,7.161,7.161,7.14,-0.03%
2024/1/15,7.148,7.153,7.153,7.134,-0.42%
2024/1/12,7.178,7.168,7.181,7.158,0.18%
2024/1/11,7.165,7.192,7.192,7.162,-0.18%
2024/1/10,7.178,7.192,7.192,7.176,-0.15%
2024/1/9,7.189,7.183,7.197,7.182,-0.19%
2024/1/8,7.203,7.233,7.233,7.201,-0.44%
2024/1/5,7.235,7.237,7.239,7.225,0.21%
2024/1/4,7.22,7.214,7.224,7.208,0.06%
2024/1/3,7.216,7.215,7.222,7.197,0.14%
2024/1/2,7.206,7.215,7.215,7.204,0.14%
2024/1/1,7.196,7.207,7.207,7.192,0.28%
2023/12/29,7.176,7.225,7.225,7.172,-0.43%
2023/12/28,7.207,7.2,7.213,7.191,0.03%
2023/12/27,7.205,7.191,7.208,7.182,0.31%
2023/12/26,7.183,7.213,7.213,7.177,-0.07%
2023/12/22,7.188,7.187,7.198,7.185,0.06%
2023/12/21,7.184,7.173,7.188,7.151,0.18%
2023/12/20,7.171,7.184,7.184,7.165,0.00%
2023/12/19,7.171,7.185,7.185,7.153,0.25%
2023/12/18,7.153,7.171,7.179,7.147,-0.14%
2023/12/15,7.163,7.204,7.206,7.155,-0.43%
2023/12/14,7.194,7.222,7.224,7.185,-0.90%
2023/12/13,7.259,7.262,7.269,7.257,-0.22%
2023/12/12,7.275,7.279,7.28,7.267,-0.08%
2023/12/11,7.281,7.287,7.287,7.273,0.21%
2023/12/8,7.266,7.249,7.271,7.226,0.41%
2023/12/7,7.236,7.248,7.248,7.233,-0.17%
2023/12/6,7.248,7.251,7.254,7.243,-0.19%
2023/12/5,7.262,7.275,7.275,7.256,-0.12%
2023/12/4,7.271,7.264,7.276,7.262,-0.26%
2023/12/1,7.29,7.293,7.298,7.279,0.15%
2023/11/30,7.279,7.25,7.287,7.248,0.37%
2023/11/29,7.252,7.258,7.258,7.237,-0.29%
2023/11/28,7.273,7.258,7.277,7.253,0.01%
2023/11/24,7.272,7.278,7.291,7.266,0.26%
2023/11/23,7.253,7.258,7.263,7.246,0.08%
2023/11/22,7.247,7.277,7.277,7.245,-0.30%
2023/11/21,7.269,7.247,7.272,7.237,0.23%
2023/11/20,7.252,7.23,7.257,7.224,0.55%
2023/11/17,7.212,7.226,7.23,7.194,-0.28%
2023/11/16,7.232,7.236,7.236,7.22,0.10%
2023/11/15,7.225,7.262,7.262,7.22,-0.80%
2023/11/13,7.283,7.316,7.316,7.281,-0.23%
2023/11/10,7.3,7.293,7.305,7.288,0.43%
2023/11/9,7.269,7.256,7.276,7.246,0.04%
2023/11/8,7.266,7.273,7.281,7.255,-0.19%
2023/11/7,7.28,7.318,7.318,7.277,-0.34%
2023/11/6,7.305,7.301,7.307,7.294,-0.16%
2023/11/3,7.317,7.324,7.324,7.309,-0.07%
2023/11/2,7.322,7.323,7.335,7.318,-0.49%
2023/11/1,7.358,7.376,7.376,7.352,0.10%
2023/10/31,7.351,7.365,7.366,7.346,-0.24%
2023/10/30,7.369,7.359,7.372,7.354,0.24%
2023/10/27,7.351,7.359,7.359,7.341,-0.20%
2023/10/26,7.366,7.377,7.377,7.36,0.31%
2023/10/25,7.343,7.343,7.349,7.333,-0.53%
2023/10/23,7.382,7.377,7.391,7.36,0.23%
2023/10/20,7.365,7.373,7.377,7.349,-0.05%
2023/10/19,7.369,7.381,7.381,7.365,0.22%
2023/10/18,7.353,7.352,7.36,7.341,0.34%
2023/10/17,7.328,7.349,7.349,7.309,-0.07%
2023/10/16,7.333,7.344,7.344,7.325,0.18%
2023/10/13,7.32,7.322,7.337,7.305,0.25%
2023/10/12,7.302,7.308,7.314,7.292,-0.07%
2023/10/11,7.307,7.337,7.337,7.301,-0.60%
2023/10/10,7.351,7.359,7.372,7.344,-0.47%
2023/10/9,7.386,7.366,7.395,7.34,0.64%
2023/10/6,7.339,7.221,7.365,7.218,1.73%
2023/10/5,7.214,7.214,7.226,7.205,-0.33%
2023/10/4,7.238,7.257,7.261,7.236,0.04%
2023/10/3,7.235,7.239,7.24,7.21,0.35%
2023/9/29,7.21,7.241,7.241,7.188,-0.39%
2023/9/28,7.238,7.214,7.241,7.148,0.91%
2023/9/27,7.173,7.173,7.173,7.173,0.38%
2023/9/26,7.146,7.178,7.18,7.144,-0.06%
2023/9/25,7.15,7.186,7.186,7.124,0.00%
2023/9/22,7.15,7.11,7.164,7.086,0.20%
2023/9/21,7.136,7.207,7.207,7.129,-0.24%
2023/9/20,7.153,7.171,7.171,7.143,0.06%
2023/9/18,7.149,7.193,7.193,7.139,-0.13%
2023/9/15,7.158,7.117,7.166,7.105,0.80%
2023/9/14,7.101,7.157,7.157,7.096,-0.99%
2023/9/13,7.172,7.19,7.19,7.171,-0.43%
2023/9/12,7.203,7.222,7.222,7.194,-0.08%
2023/9/11,7.209,7.188,7.214,7.183,0.14%
2023/9/8,7.199,7.183,7.207,7.165,0.36%
2023/9/7,7.173,7.229,7.229,7.158,-0.51%
2023/9/6,7.21,7.217,7.232,7.209,0.06%
2023/9/5,7.206,7.21,7.211,7.195,0.03%
2023/9/4,7.204,7.192,7.206,7.186,0.40%
2023/9/1,7.175,7.174,7.184,7.163,0.13%
2023/8/31,7.166,7.177,7.186,7.164,-0.26%
2023/8/30,7.185,7.153,7.192,7.153,0.07%
2023/8/29,7.18,7.178,7.189,7.159,0.03%
2023/8/28,7.178,7.212,7.212,7.166,-0.39%
2023/8/25,7.206,7.241,7.241,7.198,0.18%
2023/8/24,7.193,7.178,7.197,7.175,-0.01%
2023/8/23,7.194,7.222,7.222,7.193,-0.33%
2023/8/22,7.218,7.244,7.244,7.211,-0.03%
2023/8/21,7.22,7.233,7.233,7.21,0.08%
2023/8/18,7.214,7.24,7.241,7.209,-0.50%
2023/8/17,7.25,7.252,7.256,7.243,0.57%
2023/8/14,7.209,7.226,7.226,7.205,0.15%
2023/8/11,7.198,7.179,7.202,7.179,0.62%
2023/8/10,7.154,7.193,7.193,7.152,-0.33%
2023/8/9,7.178,7.171,7.181,7.161,0.14%
2023/8/8,7.168,7.186,7.191,7.163,-0.40%
2023/8/7,7.197,7.17,7.2,7.156,0.06%
2023/8/4,7.193,7.201,7.219,7.19,-0.01%
2023/8/3,7.194,7.178,7.214,7.173,0.56%
2023/8/2,7.154,7.185,7.185,7.152,-0.03%
2023/8/1,7.156,7.186,7.186,7.147,-0.22%
2023/7/31,7.172,7.179,7.185,7.162,0.15%
2023/7/28,7.161,7.154,7.179,7.148,0.58%
2023/7/27,7.12,7.089,7.122,7.078,0.34%
2023/7/26,7.096,7.106,7.106,7.089,-0.06%
2023/7/25,7.1,7.091,7.105,7.088,0.41%
2023/7/24,7.071,7.082,7.087,7.066,-0.23%
2023/7/21,7.087,7.099,7.107,7.076,0.06%
2023/7/20,7.083,7.081,7.088,7.074,0.16%
2023/7/19,7.072,7.062,7.076,7.054,0.20%
2023/7/18,7.058,7.084,7.084,7.047,-0.23%
2023/7/17,7.074,7.11,7.11,7.071,-0.21%
2023/7/14,7.089,7.06,7.095,7.06,0.25%
2023/7/13,7.071,7.099,7.099,7.064,-0.66%
2023/7/12,7.118,7.091,7.122,7.087,0.32%
2023/7/11,7.095,7.12,7.123,7.088,-0.76%
2023/7/10,7.149,7.168,7.168,7.138,-0.14%
2023/7/7,7.159,7.171,7.175,7.144,0.17%
2023/7/6,7.147,7.132,7.151,7.13,0.59%
2023/7/5,7.105,7.122,7.122,7.102,-0.20%
2023/7/4,7.119,7.127,7.127,7.108,0.03%
2023/7/3,7.117,7.113,7.122,7.1,0.10%
2023/6/30,7.11,7.091,7.117,7.084,0.77%
2023/6/28,7.056,7.065,7.071,7.047,-0.10%
2023/6/27,7.063,7.091,7.091,7.057,-0.04%
2023/6/26,7.066,7.077,7.085,7.063,-0.11%
2023/6/23,7.074,7.095,7.098,7.063,-0.17%
2023/6/22,7.086,7.063,7.093,7.058,0.27%
2023/6/21,7.067,7.063,7.071,7.049,0.11%
2023/6/20,7.059,7.063,7.069,7.051,0.09%
2023/6/19,7.053,7.055,7.061,7.028,0.27%
2023/6/16,7.034,7.041,7.057,7.027,-0.03%
2023/6/15,7.036,7.027,7.043,7.02,0.36%
2023/6/14,7.011,7.02,7.021,7.008,0.13%
2023/6/13,7.002,6.998,7.012,6.998,-0.20%
2023/6/12,7.016,7.048,7.048,7.015,-0.33%
2023/6/9,7.039,7.012,7.044,7.012,0.26%
2023/6/8,7.021,7.006,7.023,6.99,0.56%
2023/6/7,6.982,6.984,6.986,6.972,0.07%
2023/6/6,6.977,6.999,6.999,6.974,-0.29%
2023/6/5,6.997,7.005,7.009,6.994,0.19%
2023/6/2,6.984,6.992,6.992,6.966,0.07%
2023/6/1,6.979,7.019,7.019,6.963,-0.14%
2023/5/31,6.989,7.027,7.027,6.982,-0.31%
2023/5/30,7.011,7.034,7.034,7.01,-0.19%
2023/5/29,7.024,7.02,7.031,7.002,0.30%
2023/5/26,7.003,7.026,7.026,6.996,-0.06%
2023/5/25,7.007,7.013,7.015,6.996,0.24%
2023/5/24,6.99,7.009,7.023,6.982,-0.37%
2023/5/23,7.016,7.005,7.02,6.995,0.44%
2023/5/22,6.985,6.989,7.001,6.976,-0.27%
2023/5/19,7.004,7.013,7.016,6.967,0.30%
2023/5/18,6.983,6.985,6.989,6.968,0.16%
2023/5/17,6.972,6.992,6.992,6.947,0.13%
2023/5/16,6.963,7.028,7.028,6.961,-0.54%
2023/5/15,7.001,7.042,7.042,6.978,0.09%
2023/5/12,6.995,7.027,7.03,6.992,-0.40%
2023/5/11,7.023,7.021,7.033,7.016,-0.18%
2023/5/10,7.036,7.056,7.061,7.034,-0.14%
2023/5/9,7.046,7.07,7.07,7.03,-0.01%
2023/5/8,7.047,7.049,7.05,7.021,0.47%
2023/5/4,7.014,7.011,7.052,6.991,0.04%
2023/5/3,7.011,7.085,7.085,7.006,-1.34%
2023/5/2,7.106,7.135,7.138,7.092,-0.14%
2023/4/28,7.116,7.131,7.131,7.108,0.27%
2023/4/27,7.097,7.128,7.128,7.094,-0.27%
2023/4/26,7.116,7.143,7.143,7.098,0.08%
2023/4/25,7.11,7.088,7.131,7.077,-0.01%
2023/4/24,7.111,7.161,7.161,7.1,-1.03%
2023/4/21,7.185,7.237,7.237,7.183,-0.48%
2023/4/20,7.22,7.237,7.237,7.216,-0.10%
2023/4/19,7.227,7.224,7.235,7.212,0.08%
2023/4/18,7.221,7.276,7.276,7.22,-0.36%
2023/4/17,7.247,7.251,7.251,7.239,0.25%
2023/4/13,7.229,7.204,7.234,7.204,0.22%
2023/4/12,7.213,7.243,7.243,7.212,-0.15%
2023/4/11,7.224,7.255,7.255,7.222,-0.04%
2023/4/10,7.227,7.258,7.258,7.196,0.11%
2023/4/6,7.219,7.285,7.288,7.181,-0.74%
2023/4/5,7.273,7.297,7.297,7.272,-0.57%
2023/4/3,7.315,7.37,7.37,7.312,0.00%
2023/3/31,7.315,7.339,7.339,7.28,0.26%
2023/3/29,7.296,7.335,7.342,7.292,-0.34%
2023/3/28,7.321,7.325,7.335,7.31,0.12%
2023/3/27,7.312,7.331,7.332,7.306,-0.08%
2023/3/24,7.318,7.348,7.348,7.314,-0.37%
2023/3/23,7.345,7.34,7.351,7.315,-0.12%
2023/3/21,7.354,7.375,7.375,7.341,0.27%
2023/3/20,7.334,7.341,7.344,7.316,-0.27%
2023/3/17,7.354,7.372,7.379,7.35,0.03%
2023/3/16,7.352,7.354,7.366,7.33,-0.15%
2023/3/15,7.363,7.408,7.408,7.359,-0.20%
2023/3/14,7.378,7.392,7.392,7.336,0.18%
2023/3/13,7.365,7.393,7.393,7.354,-0.86%
2023/3/10,7.429,7.426,7.435,7.401,-0.16%
2023/3/9,7.441,7.465,7.465,7.437,-0.24%
2023/3/8,7.459,7.455,7.473,7.455,0.55%
2023/3/6,7.418,7.4,7.428,7.4,0.03%
2023/3/3,7.416,7.453,7.453,7.41,-0.19%
2023/3/2,7.43,7.456,7.461,7.427,-0.05%
2023/3/1,7.434,7.468,7.468,7.419,-0.31%
2023/2/28,7.457,7.446,7.465,7.434,0.12%
2023/2/27,7.448,7.453,7.453,7.431,0.39%
2023/2/24,7.419,7.39,7.422,7.373,0.38%
2023/2/23,7.391,7.431,7.431,7.375,-0.51%
2023/2/22,7.429,7.403,7.438,7.401,0.51%
2023/2/21,7.391,7.393,7.396,7.373,0.28%
2023/2/20,7.37,7.386,7.386,7.361,-0.24%
2023/2/17,7.388,7.405,7.405,7.358,0.63%
2023/2/16,7.342,7.363,7.363,7.335,-0.07%
2023/2/15,7.347,7.378,7.381,7.345,-0.33%
2023/2/14,7.371,7.408,7.408,7.369,0.07%
2023/2/13,7.366,7.387,7.387,7.36,0.04%
2023/2/10,7.363,7.356,7.37,7.351,0.26%
2023/2/9,7.344,7.343,7.36,7.338,0.00%
2023/2/8,7.344,7.33,7.358,7.31,0.48%
2023/2/7,7.309,7.332,7.332,7.306,-0.15%
2023/2/6,7.32,7.309,7.335,7.309,0.59%
2023/2/4,7.277,7.278,7.278,7.277,0.00%
2023/2/3,7.277,7.287,7.298,7.277,-0.26%
2023/2/2,7.296,7.255,7.299,7.245,0.26%
2023/2/1,7.277,7.416,7.416,7.277,-0.90%
2023/1/31,7.343,7.405,7.405,7.343,-0.78%
2023/1/30,7.401,7.392,7.407,7.377,0.19%
2023/1/27,7.387,7.376,7.403,7.373,0.54%
2023/1/25,7.347,7.344,7.358,7.331,0.01%
2023/1/24,7.346,7.362,7.363,7.338,-0.08%
2023/1/23,7.352,7.366,7.366,7.35,0.07%
2023/1/20,7.347,7.332,7.356,7.327,0.46%
2023/1/19,7.313,7.299,7.314,7.281,-0.16%
2023/1/18,7.325,7.325,7.327,7.313,-0.11%
2023/1/17,7.333,7.345,7.345,7.331,0.08%
2023/1/16,7.327,7.326,7.329,7.308,0.38%
2023/1/13,7.299,7.266,7.301,7.266,0.18%
2023/1/12,7.286,7.295,7.299,7.277,-0.07%
2023/1/11,7.291,7.332,7.332,7.29,-0.30%
2023/1/10,7.313,7.332,7.34,7.313,-0.39%
2023/1/9,7.342,7.338,7.349,7.323,-0.42%
2023/1/6,7.373,7.358,7.378,7.33,0.63%
2023/1/5,7.327,7.317,7.331,7.317,0.08%
2023/1/4,7.321,7.317,7.324,7.308,0.00%
2023/1/3,7.321,7.338,7.338,7.321,-0.26%
2023/1/2,7.34,7.346,7.359,7.336,0.18%
2022/12/30,7.327,7.313,7.335,7.312,0.22%
2022/12/29,7.311,7.334,7.334,7.308,-0.04%
2022/12/28,7.314,7.339,7.339,7.311,0.08%
2022/12/27,7.308,7.324,7.324,7.305,-0.15%
2022/12/26,7.319,7.337,7.337,7.319,0.01%
2022/12/23,7.318,7.338,7.338,7.306,0.03%
2022/12/22,7.316,7.3,7.319,7.293,0.40%
2022/12/21,7.287,7.316,7.316,7.281,-0.16%
2022/12/20,7.299,7.328,7.344,7.299,0.03%
2022/12/19,7.297,7.302,7.302,7.283,0.22%
2022/12/16,7.281,7.302,7.302,7.273,0.18%
2022/12/15,7.268,7.233,7.271,7.233,0.65%
2022/12/14,7.221,7.236,7.249,7.211,-0.61%
2022/12/13,7.265,7.258,7.281,7.258,-0.40%
2022/12/12,7.294,7.328,7.328,7.287,-0.07%
2022/12/9,7.299,7.298,7.309,7.286,0.15%
2022/12/8,7.288,7.256,7.289,7.25,0.26%
2022/12/7,7.269,7.258,7.307,7.226,0.28%
2022/12/6,7.249,7.242,7.264,7.231,0.32%
2022/12/5,7.226,7.237,7.237,7.209,0.07%
2022/12/2,7.221,7.2,7.236,7.181,0.15%
2022/12/1,7.21,7.255,7.255,7.205,-0.96%
2022/11/30,7.28,7.306,7.306,7.28,0.01%
2022/11/29,7.279,7.294,7.297,7.277,0.07%
2022/11/28,7.274,7.272,7.275,7.25,-0.37%
2022/11/25,7.301,7.272,7.304,7.245,0.63%
2022/11/24,7.255,7.264,7.283,7.255,-0.49%
2022/11/23,7.291,7.282,7.299,7.279,0.08%
2022/11/22,7.285,7.33,7.339,7.285,-0.48%
2022/11/21,7.32,7.338,7.338,7.285,0.18%
2022/11/18,7.307,7.314,7.32,7.271,0.36%
2022/11/17,7.281,7.25,7.292,7.243,0.10%
2022/11/16,7.274,7.272,7.288,7.254,0.18%
2022/11/15,7.261,7.295,7.299,7.258,-0.36%
2022/11/14,7.287,7.338,7.338,7.277,-0.27%
2022/11/11,7.307,7.272,7.308,7.235,-0.53%
2022/11/10,7.346,7.381,7.385,7.334,-0.56%
2022/11/9,7.387,7.425,7.425,7.381,-0.63%
2022/11/7,7.434,7.484,7.484,7.434,-0.47%
2022/11/4,7.469,7.497,7.497,7.457,-0.17%
2022/11/3,7.482,7.44,7.49,7.44,1.05%
2022/11/2,7.404,7.421,7.424,7.398,0.11%
2022/11/1,7.396,7.435,7.437,7.396,-0.66%
2022/10/31,7.445,7.432,7.453,7.418,0.39%
2022/10/28,7.416,7.45,7.45,7.378,0.05%
2022/10/27,7.412,7.41,7.42,7.372,-0.40%
2022/10/25,7.442,7.505,7.505,7.44,-0.92%
2022/10/21,7.511,7.541,7.541,7.504,0.47%
2022/10/20,7.476,7.505,7.516,7.476,0.34%
2022/10/19,7.451,7.439,7.458,7.395,0.34%
2022/10/18,7.426,7.417,7.427,7.368,0.26%
2022/10/17,7.407,7.461,7.461,7.392,-0.84%
2022/10/14,7.47,7.469,7.481,7.416,0.65%
2022/10/13,7.422,7.446,7.451,7.403,-0.17%
2022/10/12,7.435,7.433,7.441,7.372,0.12%
2022/10/11,7.426,7.532,7.532,7.426,-0.67%
2022/10/10,7.476,7.498,7.513,7.471,0.21%
2022/10/7,7.46,7.49,7.518,7.458,0.08%
2022/10/6,7.454,7.49,7.49,7.446,1.25%
2022/10/4,7.362,7.454,7.454,7.361,-1.42%
2022/10/3,7.468,7.403,7.47,7.403,0.95%
2022/9/30,7.398,7.423,7.423,7.301,0.79%
2022/9/29,7.34,7.294,7.343,7.286,0.10%
2022/9/28,7.333,7.351,7.352,7.32,0.56%
2022/9/27,7.292,7.41,7.41,7.283,-0.91%
2022/9/26,7.359,7.413,7.422,7.359,-0.46%
2022/9/23,7.393,7.366,7.396,7.352,1.11%
2022/9/22,7.312,7.312,7.312,7.312,1.09%
2022/9/21,7.233,7.27,7.271,7.233,-0.84%
2022/9/20,7.294,7.3,7.3,7.271,0.23%
2022/9/19,7.277,7.294,7.294,7.232,0.15%
2022/9/16,7.266,7.255,7.291,7.243,0.39%
2022/9/15,7.238,7.17,7.258,7.144,1.16%
2022/9/14,7.155,7.163,7.163,7.128,0.66%
2022/9/13,7.108,7.208,7.208,7.106,-1.02%
2022/9/12,7.181,7.182,7.185,7.162,0.20%
2022/9/9,7.167,7.159,7.172,7.135,0.45%
2022/9/8,7.135,7.139,7.152,7.122,-0.70%
2022/9/7,7.185,7.208,7.208,7.175,0.08%
2022/9/6,7.179,7.221,7.221,7.179,-0.54%
2022/9/5,7.218,7.232,7.232,7.201,-0.19%
2022/9/2,7.232,7.238,7.248,7.224,0.24%
2022/9/1,7.215,7.23,7.23,7.172,0.38%
2022/8/30,7.188,7.28,7.28,7.186,-0.90%
2022/8/29,7.253,7.256,7.271,7.238,0.50%
2022/8/26,7.217,7.276,7.291,7.203,-1.03%
2022/8/25,7.292,7.32,7.32,7.292,0.08%
2022/8/24,7.286,7.311,7.311,7.273,0.07%
2022/8/23,7.281,7.305,7.31,7.272,0.15%
2022/8/22,7.27,7.295,7.306,7.265,0.08%
2022/8/19,7.264,7.264,7.295,7.256,0.30%
2022/8/18,7.242,7.202,7.262,7.196,0.84%
2022/8/17,7.182,7.251,7.251,7.164,-1.47%
2022/8/12,7.289,7.331,7.331,7.286,0.30%
2022/8/11,7.267,7.339,7.339,7.241,-0.59%
2022/8/10,7.31,7.366,7.366,7.307,-0.52%
2022/8/8,7.348,7.365,7.365,7.338,0.66%
2022/8/5,7.3,7.136,7.322,7.11,2.00%
2022/8/4,7.157,7.219,7.236,7.151,-1.17%
2022/8/3,7.242,7.25,7.253,7.227,0.64%
2022/8/2,7.196,7.204,7.228,7.185,-0.61%
2022/8/1,7.24,7.357,7.357,7.24,-1.09%
2022/7/29,7.32,7.301,7.33,7.255,-0.16%
2022/7/28,7.332,7.372,7.372,7.309,-0.08%
2022/7/27,7.338,7.385,7.385,7.336,-0.39%
2022/7/26,7.367,7.41,7.414,7.367,-0.32%
2022/7/25,7.391,7.399,7.399,7.36,-0.31%
2022/7/22,7.414,7.417,7.432,7.402,-0.35%
2022/7/21,7.44,7.471,7.471,7.44,-0.12%
2022/7/20,7.449,7.471,7.471,7.434,0.20%
2022/7/19,7.434,7.471,7.471,7.432,-0.04%
2022/7/18,7.437,7.429,7.443,7.4,-0.01%
2022/7/15,7.438,7.416,7.447,7.401,0.73%
2022/7/14,7.384,7.362,7.407,7.362,0.64%
2022/7/13,7.337,7.383,7.383,7.333,-0.73%
2022/7/12,7.391,7.4,7.447,7.391,-0.48%
2022/7/11,7.427,7.453,7.475,7.418,0.16%
2022/7/8,7.415,7.392,7.419,7.372,0.83%
2022/7/7,7.354,7.305,7.36,7.291,0.82%
2022/7/6,7.294,7.33,7.33,7.281,-1.31%
2022/7/5,7.391,7.406,7.42,7.382,0.23%
2022/7/4,7.374,7.398,7.398,7.355,-0.67%
2022/7/1,7.424,7.427,7.427,7.385,-0.35%
2022/6/30,7.45,7.443,7.455,7.417,-0.12%
2022/6/29,7.459,7.457,7.478,7.437,-0.09%
2022/6/28,7.466,7.428,7.468,7.428,0.80%
2022/6/27,7.407,7.481,7.481,7.407,-0.50%
2022/6/24,7.444,7.458,7.47,7.42,0.34%
2022/6/23,7.419,7.37,7.443,7.365,0.31%
2022/6/22,7.396,7.448,7.448,7.382,-1.15%
2022/6/21,7.482,7.457,7.484,7.457,0.74%
2022/6/20,7.427,7.503,7.503,7.427,-1.58%
2022/6/17,7.546,7.596,7.611,7.544,-0.93%
2022/6/16,7.617,7.572,7.617,7.551,0.33%
2022/6/15,7.592,7.61,7.614,7.578,0.15%
2022/6/14,7.581,7.604,7.614,7.574,-0.30%
2022/6/13,7.604,7.594,7.615,7.582,1.13%
2022/6/10,7.519,7.512,7.527,7.503,0.31%
2022/6/9,7.496,7.528,7.533,7.496,0.03%
2022/6/8,7.494,7.523,7.562,7.438,-0.32%
2022/6/7,7.518,7.538,7.538,7.51,0.24%
2022/6/6,7.5,7.5,7.512,7.49,0.59%
2022/6/3,7.456,7.484,7.484,7.442,0.30%
2022/6/2,7.434,7.42,7.441,7.409,0.27%
2022/6/1,7.414,7.437,7.438,7.397,-0.01%
2022/5/31,7.415,7.444,7.46,7.412,0.08%
2022/5/30,7.409,7.376,7.413,7.364,0.80%
2022/5/27,7.35,7.328,7.376,7.319,0.77%
2022/5/26,7.294,7.314,7.314,7.272,-0.15%
2022/5/25,7.305,7.367,7.367,7.297,-0.73%
2022/5/24,7.359,7.397,7.397,7.344,-0.37%
2022/5/23,7.386,7.42,7.42,7.348,0.37%
2022/5/20,7.359,7.336,7.366,7.335,0.53%
2022/5/19,7.32,7.343,7.363,7.319,-0.48%
2022/5/18,7.355,7.389,7.389,7.341,-0.15%
2022/5/17,7.366,7.34,7.381,7.34,0.66%
2022/5/13,7.318,7.308,7.34,7.297,1.02%
2022/5/12,7.244,7.235,7.293,7.192,0.40%
2022/5/11,7.215,7.296,7.334,7.208,-1.18%
2022/5/10,7.301,7.402,7.402,7.296,-2.20%
2022/5/9,7.465,7.491,7.491,7.421,0.19%
2022/5/6,7.451,7.448,7.47,7.411,0.65%
2022/5/5,7.403,7.409,7.452,7.38,0.34%
2022/5/4,7.378,7.159,7.409,7.129,3.64%
2022/5/2,7.119,7.138,7.15,7.116,-0.28%
2022/4/29,7.139,7.179,7.182,7.126,-0.22%
2022/4/28,7.155,7.1,7.157,7.1,1.02%
2022/4/27,7.083,7.071,7.085,7.053,0.43%
2022/4/26,7.053,7.082,7.098,7.038,0.14%
2022/4/25,7.043,7.219,7.219,7.038,-1.73%
2022/4/22,7.167,7.173,7.192,7.158,0.32%
2022/4/21,7.144,7.114,7.16,7.101,0.55%
2022/4/20,7.105,7.179,7.179,7.103,-0.64%
2022/4/19,7.151,7.181,7.181,7.128,-0.03%
2022/4/18,7.153,7.248,7.263,7.153,-0.86%
2022/4/13,7.215,7.285,7.285,7.213,0.36%
2022/4/12,7.189,7.184,7.195,7.153,0.56%
2022/4/11,7.149,7.187,7.192,7.132,0.42%
2022/4/8,7.119,6.996,7.121,6.916,2.96%
2022/4/7,6.914,6.916,6.921,6.901,-0.04%
2022/4/6,6.917,6.93,6.93,6.911,0.26%
2022/4/5,6.899,6.915,6.915,6.891,0.01%
2022/4/4,6.898,6.951,6.951,6.895,0.80%
2022/3/31,6.843,6.779,6.843,6.773,0.87%
2022/3/30,6.784,6.85,6.85,6.781,-0.54%
2022/3/29,6.821,6.889,6.889,6.817,-0.22%
2022/3/28,6.836,6.863,6.863,6.828,0.37%
2022/3/25,6.811,6.828,6.831,6.811,-0.34%
2022/3/24,6.834,6.848,6.848,6.821,0.04%
2022/3/23,6.831,6.849,6.849,6.816,0.00%
2022/3/22,6.831,6.835,6.844,6.819,0.74%
2022/3/21,6.781,6.821,6.821,6.781,0.04%
2022/3/17,6.778,6.804,6.821,6.774,-0.15%
2022/3/16,6.788,6.825,6.832,6.788,-0.48%
2022/3/15,6.821,6.871,6.871,6.816,-0.48%
2022/3/14,6.854,6.892,6.892,6.829,-0.01%
2022/3/11,6.855,6.806,6.864,6.792,0.68%
2022/3/10,6.809,6.842,6.842,6.789,-0.53%
2022/3/9,6.845,6.919,6.919,6.842,-0.73%
2022/3/8,6.895,6.892,6.904,6.881,0.10%
2022/3/7,6.888,6.856,6.896,6.856,1.10%
2022/3/4,6.813,6.813,6.824,6.802,-0.19%
2022/3/3,6.826,6.856,6.856,6.823,0.18%
2022/3/2,6.814,6.799,6.817,6.797,0.65%
2022/2/28,6.77,6.777,6.777,6.749,0.31%
2022/2/25,6.749,6.77,6.77,6.738,-0.15%
2022/2/24,6.759,6.777,6.784,6.749,0.30%
2022/2/23,6.739,6.792,6.792,6.739,-0.15%
2022/2/22,6.749,6.783,6.783,6.723,0.84%
2022/2/21,6.693,6.681,6.699,6.667,0.45%
2022/2/18,6.663,6.686,6.686,6.656,-0.16%
2022/2/17,6.674,6.714,6.714,6.667,-0.18%
2022/2/16,6.686,6.707,6.707,6.656,0.19%
2022/2/15,6.673,6.664,6.697,6.615,0.09%
2022/2/14,6.667,6.725,6.726,6.66,-0.46%
2022/2/11,6.698,6.763,6.776,6.698,-0.40%
2022/2/10,6.725,6.818,6.818,6.688,-1.07%
2022/2/9,6.798,6.817,6.823,6.784,-0.18%
2022/2/8,6.81,6.861,6.861,6.804,-1.00%
2022/2/4,6.879,6.955,6.955,6.869,-0.15%
2022/2/3,6.889,6.891,6.891,6.859,0.13%
2022/2/2,6.88,6.848,6.922,6.848,0.76%
2022/2/1,6.828,6.728,6.883,6.65,2.15%
2022/1/31,6.684,6.783,6.783,6.684,-1.24%
2022/1/28,6.768,6.749,6.802,6.738,0.33%
2022/1/27,6.746,6.701,6.749,6.701,1.26%
2022/1/25,6.662,6.665,6.666,6.642,0.15%
2022/1/24,6.652,6.63,6.655,6.627,0.48%
2022/1/21,6.62,6.612,6.624,6.595,0.18%
2022/1/20,6.608,6.599,6.609,6.588,0.15%
2022/1/19,6.598,6.658,6.658,6.598,-0.44%
2022/1/18,6.627,6.68,6.68,6.617,-0.14%
2022/1/17,6.636,6.617,6.645,6.616,0.82%
2022/1/14,6.582,6.576,6.597,6.562,0.32%
2022/1/13,6.561,6.602,6.602,6.561,-0.49%
2022/1/12,6.593,6.58,6.605,6.562,0.35%
2022/1/11,6.57,6.602,6.602,6.568,-0.30%
2022/1/10,6.59,6.558,6.593,6.551,0.73%
2022/1/7,6.542,6.543,6.544,6.514,0.26%
2022/1/6,6.525,6.54,6.547,6.524,0.26%
2022/1/5,6.508,6.543,6.543,6.508,-0.15%
2022/1/4,6.518,6.497,6.524,6.484,0.90%
2022/1/3,6.46,6.463,6.469,6.455,0.09%
2021/12/31,6.454,6.481,6.49,6.451,-0.23%
2021/12/30,6.469,6.484,6.484,6.469,0.12%
2021/12/29,6.461,6.484,6.484,6.461,-0.26%
2021/12/28,6.478,6.491,6.497,6.476,0.20%
2021/12/27,6.465,6.469,6.47,6.447,0.05%
2021/12/24,6.462,6.479,6.479,6.45,0.03%
2021/12/23,6.46,6.486,6.486,6.457,-0.06%
2021/12/22,6.464,6.483,6.486,6.462,-0.06%
2021/12/21,6.468,6.445,6.475,6.445,0.51%
2021/12/20,6.435,6.401,6.468,6.401,0.37%
2021/12/17,6.411,6.381,6.415,6.381,0.58%
2021/12/16,6.374,6.374,6.377,6.369,0.16%
2021/12/15,6.364,6.357,6.365,6.353,0.13%
2021/12/14,6.356,6.366,6.369,6.356,-0.22%
2021/12/13,6.37,6.37,6.379,6.356,0.00%
2021/12/10,6.37,6.356,6.371,6.347,0.35%
2021/12/9,6.348,6.366,6.366,6.347,0.02%
2021/12/8,6.347,6.402,6.402,6.343,-0.69%
2021/12/7,6.391,6.375,6.393,6.372,0.50%
2021/12/6,6.359,6.364,6.375,6.356,-0.16%
2021/12/3,6.369,6.352,6.372,6.352,0.27%
2021/12/2,6.352,6.348,6.355,6.34,-0.02%
2021/12/1,6.353,6.36,6.36,6.345,0.43%
2021/11/30,6.326,6.331,6.342,6.307,-0.14%
2021/11/29,6.335,6.375,6.375,6.329,0.08%
2021/11/26,6.33,6.338,6.338,6.319,-0.58%
2021/11/25,6.367,6.376,6.376,6.366,0.00%
2021/11/24,6.367,6.39,6.39,6.363,0.05%
2021/11/23,6.364,6.372,6.377,6.361,0.20%
2021/11/22,6.351,6.339,6.353,6.321,0.09%
2021/11/18,6.345,6.351,6.351,6.335,-0.25%
2021/11/17,6.361,6.379,6.385,6.358,-0.05%
2021/11/16,6.364,6.393,6.393,6.355,0.35%
2021/11/15,6.342,6.361,6.361,6.342,-0.41%
2021/11/12,6.368,6.386,6.386,6.349,0.02%
2021/11/11,6.367,6.367,6.378,6.356,0.49%
2021/11/10,6.336,6.3,6.338,6.296,0.68%
2021/11/9,6.293,6.294,6.304,6.287,-0.13%
2021/11/8,6.301,6.336,6.336,6.301,-0.88%
2021/11/3,6.357,6.364,6.364,6.354,-0.05%
2021/11/2,6.36,6.391,6.391,6.353,-0.42%
2021/11/1,6.387,6.391,6.391,6.369,-0.02%
2021/10/29,6.388,6.378,6.394,6.365,0.33%
2021/10/28,6.367,6.327,6.368,6.307,0.49%
2021/10/27,6.336,6.385,6.385,6.333,-0.41%
2021/10/26,6.362,6.357,6.369,6.343,0.19%
2021/10/25,6.35,6.378,6.378,6.334,-0.22%
2021/10/22,6.364,6.356,6.366,6.34,0.41%
2021/10/21,6.338,6.399,6.399,6.337,-0.55%
2021/10/20,6.373,6.429,6.429,6.366,-0.22%
2021/10/18,6.387,6.356,6.389,6.356,0.93%
2021/10/14,6.328,6.32,6.332,6.318,0.22%
2021/10/13,6.314,6.324,6.324,6.312,-0.19%
2021/10/12,6.326,6.349,6.349,6.324,-0.22%
2021/10/11,6.34,6.34,6.344,6.326,0.35%
2021/10/8,6.318,6.301,6.322,6.269,0.81%
2021/10/7,6.267,6.272,6.277,6.259,-0.14%
2021/10/6,6.276,6.271,6.286,6.269,0.26%
2021/10/5,6.26,6.27,6.283,6.256,0.19%
2021/10/4,6.248,6.246,6.253,6.235,0.06%
2021/10/1,6.244,6.23,6.253,6.226,0.34%
2021/9/30,6.223,6.207,6.224,6.198,0.27%
2021/9/29,6.206,6.223,6.223,6.204,-0.35%
2021/9/28,6.228,6.209,6.229,6.183,0.31%
2021/9/27,6.209,6.207,6.214,6.191,0.45%
2021/9/24,6.181,6.16,6.188,6.16,0.67%
2021/9/23,6.14,6.16,6.16,6.123,0.03%
2021/9/22,6.138,6.126,6.14,6.116,0.26%
2021/9/21,6.122,6.126,6.145,6.116,-0.26%
2021/9/20,6.138,6.178,6.178,6.138,-0.47%
2021/9/17,6.167,6.188,6.188,6.167,-0.03%
2021/9/16,6.169,6.172,6.176,6.155,0.10%
2021/9/15,6.163,6.201,6.201,6.163,-0.56%
2021/9/14,6.198,6.181,6.2,6.181,0.10%
2021/9/13,6.192,6.195,6.202,6.18,0.23%
2021/9/9,6.178,6.181,6.183,6.168,-0.16%
2021/9/8,6.188,6.193,6.2,6.182,-0.11%
2021/9/7,6.195,6.192,6.199,6.171,0.36%
2021/9/6,6.173,6.162,6.177,6.137,0.28%
2021/9/3,6.156,6.193,6.193,6.153,-0.24%
2021/9/2,6.171,6.215,6.215,6.171,-0.45%
2021/9/1,6.199,6.235,6.235,6.199,-0.26%
2021/8/31,6.215,6.224,6.233,6.213,-0.16%
2021/8/30,6.225,6.255,6.255,6.224,-0.46%
2021/8/27,6.254,6.284,6.284,6.249,0.05%
2021/8/26,6.251,6.261,6.261,6.243,0.16%
2021/8/25,6.241,6.264,6.266,6.241,-0.14%
2021/8/24,6.25,6.253,6.259,6.246,0.11%
2021/8/23,6.243,6.244,6.246,6.234,0.14%
2021/8/20,6.234,6.236,6.24,6.219,0.10%
2021/8/18,6.228,6.248,6.248,6.226,-0.10%
2021/8/17,6.234,6.257,6.257,6.229,-0.11%
2021/8/13,6.241,6.237,6.243,6.228,0.24%
2021/8/12,6.226,6.243,6.243,6.223,-0.16%
2021/8/11,6.236,6.248,6.256,6.23,0.05%
2021/8/10,6.233,6.234,6.237,6.229,0.19%
2021/8/9,6.221,6.261,6.261,6.22,-0.21%
2021/8/6,6.234,6.252,6.262,6.214,0.43%
2021/8/5,6.207,6.197,6.215,6.195,0.13%
2021/8/4,6.199,6.207,6.207,6.193,-0.02%
2021/8/3,6.2,6.201,6.201,6.188,0.05%
2021/8/2,6.197,6.204,6.204,6.192,-0.11%
2021/7/30,6.204,6.225,6.225,6.199,0.10%
2021/7/29,6.198,6.2,6.203,6.188,0.16%
2021/7/28,6.188,6.187,6.192,6.174,0.16%
2021/7/27,6.178,6.189,6.189,6.174,0.15%
2021/7/26,6.169,6.176,6.178,6.161,0.06%
2021/7/23,6.165,6.147,6.165,6.142,0.44%
2021/7/22,6.138,6.158,6.158,6.132,0.31%
2021/7/20,6.119,6.129,6.129,6.116,-0.13%
2021/7/19,6.127,6.139,6.139,6.127,-0.05%
2021/7/16,6.13,6.146,6.146,6.113,0.21%
2021/7/15,6.117,6.109,6.12,6.108,0.13%
2021/7/14,6.109,6.122,6.122,6.109,0.10%
2021/7/13,6.103,6.1,6.107,6.1,-1.88%
2021/7/12,6.22,6.277,6.277,6.204,0.55%
2021/7/9,6.186,6.153,6.197,6.14,1.01%
2021/7/8,6.124,6.161,6.161,6.124,-0.65%
2021/7/7,6.164,6.161,6.19,6.161,-0.18%
2021/7/6,6.175,6.154,6.19,6.138,1.43%
2021/7/5,6.088,6.061,6.093,6.061,0.38%
2021/7/2,6.065,6.061,6.075,6.055,0.43%
2021/7/1,6.039,6.082,6.082,6.035,-0.20%
2021/6/30,6.051,6.089,6.089,6.049,0.25%
2021/6/29,6.036,6.082,6.082,6.036,-0.33%
2021/6/28,6.056,6.046,6.086,6.039,0.46%
2021/6/25,6.028,6.063,6.063,6.014,0.27%
2021/6/24,6.012,6.025,6.029,6.008,-0.10%
2021/6/23,6.018,6.038,6.038,6.015,-0.12%
2021/6/22,6.025,6.043,6.043,6.021,-0.07%
2021/6/21,6.029,6.011,6.036,6.006,0.38%
2021/6/18,6.006,6.057,6.057,6.004,-0.22%
2021/6/17,6.019,6.074,6.074,6.015,-0.43%
2021/6/16,6.045,6.052,6.067,6.044,0.08%
2021/6/15,6.04,6.038,6.05,6.028,0.60%
2021/6/14,6.004,6.018,6.018,6.004,-0.03%
2021/6/11,6.006,6.025,6.025,6.004,-0.22%
2021/6/10,6.019,6.029,6.029,6.009,0.05%
2021/6/9,6.016,6.045,6.045,6.011,0.17%
2021/6/8,6.006,6.037,6.037,6.005,-0.27%
2021/6/7,6.022,6.04,6.04,6.015,-0.10%
2021/6/4,6.028,5.99,6.032,5.984,0.52%
2021/6/3,5.997,6.017,6.017,5.997,-0.13%
2021/6/2,6.005,6.032,6.032,6.005,-0.33%
2021/6/1,6.025,6.032,6.032,6.019,0.05%
2021/5/31,6.022,6.039,6.039,6.019,0.32%
2021/5/28,6.003,5.997,6.003,5.979,0.27%
2021/5/27,5.987,6,6,5.978,0.25%
2021/5/25,5.972,5.989,5.989,5.972,0.00%
2021/5/24,5.972,5.985,5.985,5.971,-0.08%
2021/5/21,5.977,5.967,5.978,5.958,0.15%
2021/5/20,5.968,5.986,5.986,5.966,-0.12%
2021/5/19,5.975,5.979,5.986,5.968,-0.02%
2021/5/18,5.976,5.978,5.982,5.974,0.07%
2021/5/17,5.972,5.989,5.989,5.966,-0.23%
2021/5/14,5.986,6.045,6.045,5.985,-0.40%
2021/5/12,6.01,6.029,6.029,6.002,0.03%
2021/5/11,6.008,6.03,6.03,6.008,-0.10%
2021/5/10,6.014,6.03,6.03,6.006,-0.02%
2021/5/7,6.015,6.005,6.016,5.979,0.69%
2021/5/6,5.974,5.988,5.995,5.974,-0.07%
2021/5/5,5.978,6.009,6.009,5.976,-0.62%
2021/5/4,6.015,6.048,6.048,5.997,0.23%
2021/5/3,6.001,6.029,6.029,6.001,-0.48%
2021/4/30,6.03,6.065,6.071,6.028,-0.48%
2021/4/29,6.059,6.072,6.072,6.051,0.10%
2021/4/28,6.053,6.077,6.077,6.049,-0.03%
2021/4/27,6.055,6.051,6.067,6.043,0.28%
2021/4/26,6.038,6.049,6.049,6.026,0.05%
2021/4/23,6.035,6.1,6.1,6.035,-0.25%
2021/4/22,6.05,6.069,6.069,6.044,-0.40%
2021/4/20,6.074,6.105,6.105,6.074,-0.12%
2021/4/19,6.081,6.109,6.109,6.07,-0.11%
2021/4/16,6.088,6.168,6.176,6.076,-0.62%
2021/4/15,6.126,6.033,6.128,6.026,1.91%
2021/4/12,6.011,6.022,6.022,6.005,-0.10%
2021/4/9,6.017,6.002,6.034,5.99,-0.23%
2021/4/8,6.031,6.084,6.091,6.031,-0.84%
2021/4/7,6.082,6.119,6.191,6.059,-0.65%
2021/4/6,6.122,6.126,6.135,6.108,-0.02%
2021/4/5,6.123,6.202,6.202,6.123,-0.87%
2021/3/31,6.177,6.161,6.185,6.14,0.55%
2021/3/30,6.143,6.147,6.152,6.131,0.33%
2021/3/26,6.123,6.153,6.153,6.119,-0.13%
2021/3/25,6.131,6.158,6.164,6.131,-0.34%
2021/3/24,6.152,6.131,6.155,6.114,0.13%
2021/3/23,6.144,6.153,6.155,6.138,-0.58%
2021/3/22,6.18,6.208,6.208,6.165,-0.21%
2021/3/19,6.193,6.198,6.21,6.165,-0.15%
2021/3/18,6.202,6.221,6.24,6.187,0.27%
2021/3/17,6.185,6.204,6.204,6.167,0.08%
2021/3/16,6.18,6.213,6.213,6.179,-0.34%
2021/3/15,6.201,6.246,6.247,6.201,-0.50%
2021/3/12,6.232,6.233,6.258,6.227,-0.24%
2021/3/10,6.247,6.209,6.274,6.2,0.66%
2021/3/9,6.206,6.223,6.229,6.206,-0.27%
2021/3/8,6.223,6.244,6.245,6.208,-0.14%
2021/3/5,6.232,6.214,6.254,6.204,0.32%
2021/3/4,6.212,6.258,6.258,6.212,-0.42%
2021/3/3,6.238,6.242,6.246,6.219,0.03%
2021/3/2,6.236,6.208,6.236,6.188,0.43%
2021/3/1,6.209,6.236,6.236,6.195,-0.32%
2021/2/26,6.229,6.215,6.242,6.201,0.76%
2021/2/25,6.182,6.173,6.185,6.149,0.57%
2021/2/24,6.147,6.172,6.172,6.141,-0.41%
2021/2/23,6.172,6.207,6.207,6.16,-0.48%
2021/2/22,6.202,6.192,6.212,6.182,1.14%
2021/2/18,6.132,6.033,6.137,6.028,1.69%
2021/2/17,6.03,6.047,6.047,6.018,0.13%
2021/2/16,6.022,6.033,6.04,6.018,0.00%
2021/2/15,6.022,6.019,6.026,6.002,0.53%
2021/2/12,5.99,5.952,5.995,5.951,0.47%
2021/2/11,5.962,6.015,6.023,5.944,-0.80%
2021/2/10,6.01,6.073,6.073,6.01,-1.05%
2021/2/9,6.074,6.095,6.099,6.072,0.56%
2021/2/8,6.04,6.078,6.078,6.015,-0.51%
2021/2/5,6.071,6.088,6.153,6.054,-0.05%
2021/2/4,6.074,6.094,6.094,6.058,-0.16%
2021/2/3,6.084,6.136,6.136,6.082,-0.70%
2021/2/2,6.127,6.088,6.134,6.08,1.11%
2021/2/1,6.06,5.917,6.071,5.888,1.87%
2021/1/29,5.949,5.946,5.951,5.936,0.27%
2021/1/28,5.933,5.955,5.955,5.933,-0.35%
2021/1/27,5.954,5.961,5.961,5.943,0.00%
2021/1/25,5.954,5.963,5.963,5.934,0.25%
2021/1/22,5.939,5.97,5.973,5.936,-0.29%
2021/1/21,5.956,5.942,5.958,5.931,0.24%
2021/1/20,5.942,5.942,5.945,5.931,0.10%
2021/1/19,5.936,5.963,5.963,5.933,-0.35%
2021/1/18,5.957,5.965,5.986,5.953,-0.52%
2021/1/15,5.988,5.959,5.988,5.942,1.08%
2021/1/14,5.924,5.955,5.955,5.924,-0.39%
2021/1/13,5.947,5.913,5.955,5.908,0.27%
2021/1/12,5.931,5.937,5.937,5.919,0.12%
2021/1/11,5.924,5.946,5.946,5.917,0.54%
2021/1/8,5.892,5.878,5.901,5.876,0.00%
2021/1/7,5.892,5.906,5.912,5.891,-0.03%
2021/1/6,5.894,5.877,5.912,5.868,0.75%
2021/1/5,5.85,5.856,5.858,5.839,-0.14%
2021/1/4,5.858,5.904,5.905,5.858,-0.68%
2021/1/1,5.898,5.905,5.905,5.888,0.07%
2020/12/31,5.894,5.905,5.905,5.887,-0.08%
2020/12/30,5.899,5.933,5.933,5.899,-0.47%
2020/12/29,5.927,5.935,5.935,5.924,0.03%
2020/12/28,5.925,5.918,5.928,5.918,-0.07%
2020/12/24,5.929,5.973,5.981,5.929,-0.35%
2020/12/23,5.95,5.951,5.953,5.944,-0.02%
2020/12/22,5.951,5.966,5.966,5.939,-0.10%
2020/12/21,5.957,5.962,5.974,5.952,-0.03%
2020/12/18,5.959,5.952,5.979,5.95,0.12%
2020/12/17,5.952,5.955,5.955,5.938,0.13%
2020/12/16,5.944,5.948,5.953,5.94,0.05%
2020/12/15,5.941,5.926,5.949,5.923,-0.08%
2020/12/14,5.946,5.97,5.97,5.935,-0.17%
2020/12/11,5.956,5.943,5.96,5.92,0.68%
2020/12/10,5.916,5.913,5.918,5.898,-0.02%
2020/12/9,5.917,5.947,5.951,5.907,-0.37%
2020/12/8,5.939,5.932,5.942,5.918,0.25%
2020/12/7,5.924,5.908,5.929,5.906,0.46%
2020/12/4,5.897,5.933,5.933,5.888,-0.59%
2020/12/3,5.932,5.933,5.935,5.909,0.20%
2020/12/2,5.92,5.951,5.951,5.919,-0.17%
2020/12/1,5.93,5.919,5.93,5.909,0.32%
2020/11/27,5.911,5.888,5.916,5.884,0.66%
2020/11/26,5.872,5.895,5.895,5.869,-0.22%
2020/11/25,5.885,5.902,5.902,5.876,0.09%
2020/11/24,5.88,5.913,5.913,5.879,-0.34%
2020/11/23,5.9,5.883,5.903,5.874,0.39%
2020/11/20,5.877,5.877,5.887,5.871,0.02%
2020/11/19,5.876,5.891,5.891,5.873,-0.03%
2020/11/18,5.878,5.877,5.881,5.86,0.02%
2020/11/17,5.877,5.888,5.888,5.866,-0.02%
2020/11/13,5.878,5.915,5.915,5.875,-0.42%
2020/11/12,5.903,5.923,5.923,5.903,0.00%
2020/11/11,5.903,5.936,5.936,5.901,-0.22%
2020/11/10,5.916,5.908,5.918,5.899,0.68%
2020/11/9,5.876,5.883,5.886,5.871,0.09%
2020/11/6,5.871,5.846,5.873,5.837,0.19%
2020/11/5,5.86,5.883,5.883,5.855,-0.44%
2020/11/4,5.886,5.896,5.896,5.876,-0.20%
2020/11/3,5.898,5.888,5.914,5.888,0.14%
2020/11/2,5.89,5.89,5.896,5.877,0.15%
2020/10/29,5.881,5.874,5.886,5.852,0.38%
2020/10/28,5.859,5.849,5.862,5.83,0.22%
2020/10/27,5.846,5.849,5.86,5.83,0.21%
2020/10/26,5.834,5.822,5.846,5.791,-0.17%
2020/10/23,5.844,5.898,5.898,5.844,-1.20%
2020/10/22,5.915,5.913,5.918,5.903,0.05%
2020/10/21,5.912,5.947,5.947,5.912,-0.32%
2020/10/20,5.931,5.95,5.95,5.929,-0.15%
2020/10/19,5.94,5.932,5.944,5.921,0.08%
2020/10/16,5.935,5.944,5.944,5.91,0.63%
2020/10/15,5.898,5.911,5.911,5.888,-0.03%
2020/10/14,5.9,5.918,5.918,5.895,-0.07%
2020/10/13,5.904,5.925,5.925,5.888,0.08%
2020/10/12,5.899,5.945,5.945,5.889,-0.64%
2020/10/9,5.937,6.042,6.042,5.92,-1.30%
2020/10/8,6.015,6.025,6.03,6.012,0.02%
2020/10/7,6.014,6.032,6.032,6.008,-0.20%
2020/10/6,6.026,6.026,6.036,6.01,0.37%
2020/10/5,6.004,6.018,6.018,5.989,0.13%
2020/10/1,5.996,5.965,6.006,5.965,-0.32%
2020/9/30,6.015,6.057,6.057,6.011,-0.36%
2020/9/29,6.037,6.069,6.073,6.037,-0.31%
2020/9/28,6.056,6.068,6.079,6.042,0.30%
2020/9/25,6.038,6.041,6.041,6.003,0.77%
2020/9/24,5.992,6.027,6.027,5.981,0.03%
2020/9/23,5.99,5.996,6.003,5.989,-0.33%
2020/9/22,6.01,6.027,6.027,5.991,-0.10%
2020/9/21,6.016,6.027,6.027,6.005,0.03%
2020/9/18,6.014,6.028,6.028,5.991,-0.31%
2020/9/17,6.033,5.999,6.037,5.981,0.68%
2020/9/16,5.992,6.046,6.046,5.992,-0.61%
2020/9/15,6.029,6.045,6.045,6.014,-0.03%
2020/9/14,6.031,6.074,6.074,6.026,-0.17%
2020/9/11,6.041,6.109,6.109,6.017,-0.20%
2020/9/10,6.053,5.998,6.053,5.985,1.07%
2020/9/9,5.989,6.081,6.081,5.983,-1.11%
2020/9/8,6.056,6.039,6.06,6.011,1.05%
2020/9/7,5.993,5.956,5.995,5.938,1.06%
2020/9/4,5.93,5.91,5.944,5.896,0.58%
2020/9/3,5.896,5.919,5.919,5.878,-0.41%
2020/9/2,5.92,5.957,5.957,5.918,-0.39%
2020/9/1,5.943,5.949,5.961,5.934,-2.22%
2020/8/31,6.078,6.117,6.117,6.071,-0.31%
2020/8/28,6.097,6.187,6.192,6.096,-0.81%
2020/8/27,6.147,6.201,6.201,6.143,-0.90%
2020/8/26,6.203,6.184,6.209,6.136,0.75%
2020/8/25,6.157,6.14,6.172,6.124,-1.03%
2020/8/24,6.221,6.182,6.231,6.152,1.32%
2020/8/21,6.14,6.047,6.144,6.034,2.33%
2020/8/20,6,6.013,6.013,5.994,-0.13%
2020/8/19,6.008,5.993,6.01,5.993,0.37%
2020/8/18,5.986,5.991,5.994,5.975,0.18%
2020/8/17,5.975,6.004,6.004,5.96,0.17%
2020/8/14,5.965,5.993,5.993,5.934,1.19%
2020/8/13,5.895,5.885,5.898,5.876,0.19%
2020/8/12,5.884,5.922,5.926,5.88,-0.32%
2020/8/11,5.903,5.91,5.91,5.885,0.17%
2020/8/10,5.893,5.91,5.916,5.893,0.12%
2020/8/7,5.886,5.879,5.893,5.868,0.41%
2020/8/6,5.862,5.834,5.887,5.808,0.62%
2020/8/5,5.826,5.84,5.84,5.824,-0.12%
2020/8/4,5.833,5.855,5.855,5.823,-0.07%
2020/8/3,5.837,5.846,5.848,5.836,0.00%
2020/7/31,5.837,5.833,5.845,5.814,0.21%
2020/7/30,5.825,5.852,5.852,5.819,-0.17%
2020/7/29,5.835,5.87,5.87,5.832,-0.26%
2020/7/28,5.85,5.889,5.889,5.85,-0.15%
2020/7/27,5.859,5.835,5.86,5.813,0.72%
2020/7/24,5.817,5.815,5.825,5.8,0.21%
2020/7/23,5.805,5.825,5.825,5.805,-0.15%
2020/7/22,5.814,5.841,5.841,5.814,-0.26%
2020/7/21,5.829,5.814,5.833,5.795,0.52%
2020/7/20,5.799,5.812,5.818,5.794,-0.10%
2020/7/17,5.805,5.822,5.829,5.795,-0.14%
2020/7/16,5.813,5.828,5.828,5.808,-0.03%
2020/7/15,5.815,5.836,5.836,5.814,-0.17%
2020/7/14,5.825,5.822,5.847,5.796,0.67%
2020/7/13,5.786,5.78,5.787,5.77,0.45%
2020/7/10,5.76,5.775,5.775,5.747,-0.21%
2020/7/9,5.772,5.764,5.794,5.764,-0.10%
2020/7/8,5.778,5.802,5.802,5.76,-0.24%
2020/7/7,5.792,5.836,5.846,5.792,-0.75%
2020/7/6,5.836,5.851,5.851,5.825,-0.15%
2020/7/3,5.845,5.853,5.873,5.845,0.07%
2020/7/2,5.841,5.848,5.848,5.821,0.05%
2020/7/1,5.838,5.907,5.907,5.822,-0.85%
2020/6/30,5.888,5.924,5.924,5.875,-0.25%
2020/6/29,5.903,5.938,5.938,5.892,-0.17%
2020/6/26,5.913,5.917,5.921,5.883,0.37%
2020/6/25,5.891,5.936,5.936,5.891,-0.46%
2020/6/24,5.918,5.937,5.937,5.885,0.25%
2020/6/23,5.903,5.915,5.915,5.88,0.44%
2020/6/22,5.877,5.862,5.886,5.835,0.48%
2020/6/19,5.849,5.842,5.855,5.828,0.46%
2020/6/18,5.822,5.855,5.855,5.818,-0.22%
2020/6/17,5.835,5.861,5.861,5.834,-0.19%
2020/6/16,5.846,5.828,5.862,5.799,0.93%
2020/6/15,5.792,5.835,5.835,5.784,-0.07%
2020/6/12,5.796,5.784,5.801,5.772,0.26%
2020/6/11,5.781,5.775,5.788,5.755,0.16%
2020/6/10,5.772,5.779,5.779,5.768,-0.05%
2020/6/9,5.775,5.787,5.791,5.775,-0.55%
2020/6/8,5.807,5.855,5.855,5.804,-0.24%
2020/6/5,5.821,5.827,5.846,5.821,0.43%
2020/6/4,5.796,5.839,5.839,5.796,-3.90%
2020/6/3,6.031,6.01,6.031,5.998,0.55%
2020/6/2,5.998,6.089,6.089,5.998,-0.73%
2020/6/1,6.042,6.055,6.055,6.021,0.48%
2020/5/29,6.013,5.99,6.027,5.978,0.38%
2020/5/28,5.99,5.995,5.995,5.98,0.10%
2020/5/27,5.984,6.001,6.001,5.966,0.15%
2020/5/26,5.975,5.99,5.994,5.949,0.23%
2020/5/22,5.961,5.99,5.99,5.879,-1.21%
2020/5/21,6.034,6.07,6.07,6.029,-0.12%
2020/5/20,6.041,6.038,6.047,6.024,0.10%
2020/5/19,6.035,6.067,6.067,6.026,-0.25%
2020/5/18,6.05,6.102,6.102,6.045,-0.51%
2020/5/15,6.081,6.123,6.123,6.031,0.41%
2020/5/14,6.056,6.08,6.08,5.993,-0.64%
2020/5/13,6.095,6.243,6.243,6.089,-1.10%
2020/5/12,6.163,6.207,6.207,6.144,-0.06%
2020/5/11,6.167,6.234,6.25,6.156,3.35%
2020/5/8,5.967,6.013,6.047,5.966,-1.01%
2020/5/6,6.028,6.061,6.061,6.028,-0.74%
2020/5/5,6.073,6.11,6.11,6.067,-0.18%
2020/5/4,6.084,6.138,6.14,6.067,-0.43%
2020/4/30,6.11,6.141,6.141,6.11,-0.24%
2020/4/29,6.125,6.125,6.147,6.113,-0.20%
2020/4/28,6.137,6.165,6.165,6.104,-0.26%
2020/4/27,6.153,6.202,6.202,6.126,-0.23%
2020/4/24,6.167,6.096,6.172,6.083,1.77%
2020/4/23,6.06,6.251,6.251,6.015,-2.63%
2020/4/22,6.224,6.21,6.243,6.201,0.19%
2020/4/21,6.212,6.237,6.237,6.183,0.05%
2020/4/20,6.209,6.293,6.293,6.181,-2.17%
2020/4/17,6.347,6.376,6.419,6.298,-1.44%
2020/4/16,6.44,6.447,6.447,6.427,0.23%
2020/4/15,6.425,6.49,6.49,6.425,-1.08%
2020/4/13,6.495,6.471,6.5,6.471,0.08%
2020/4/9,6.49,6.471,6.504,6.466,0.76%
2020/4/8,6.441,6.45,6.456,6.42,0.42%
2020/4/7,6.414,6.358,6.42,6.356,1.71%
2020/4/3,6.306,6.287,6.315,6.266,2.74%
2020/3/31,6.138,6.21,6.21,6.079,-1.14%
2020/3/30,6.209,6.19,6.213,6.139,1.06%
2020/3/27,6.144,6.183,6.183,6.004,-1.30%
2020/3/26,6.225,6.379,6.379,6.215,-1.25%
2020/3/24,6.304,6.377,6.377,6.294,-1.18%
2020/3/23,6.379,6.301,6.391,6.252,1.92%
2020/3/20,6.259,6.407,6.407,6.216,-2.36%
2020/3/19,6.41,6.372,6.449,6.336,1.81%
2020/3/18,6.296,6.271,6.343,6.232,0.49%
2020/3/17,6.265,6.299,6.299,6.209,0.92%
2020/3/16,6.208,6.239,6.252,6.123,-1.80%
2020/3/13,6.322,6.273,6.355,6.273,1.38%
2020/3/12,6.236,6.135,6.236,6.135,1.81%
2020/3/11,6.125,6.1,6.159,6.1,0.97%
2020/3/9,6.066,6.094,6.094,5.995,-1.92%
2020/3/6,6.185,6.183,6.189,6.148,-0.87%
2020/3/5,6.239,6.239,6.263,6.227,0.21%
2020/3/4,6.226,6.267,6.294,6.214,-1.83%
2020/3/3,6.342,6.369,6.38,6.342,-0.06%
2020/3/2,6.346,6.343,6.362,6.334,-0.39%
2020/2/28,6.371,6.356,6.404,6.356,-0.11%
2020/2/27,6.378,6.331,6.389,6.33,0.50%
2020/2/26,6.346,6.339,6.348,6.326,-0.33%
2020/2/25,6.367,6.372,6.388,6.35,0.00%
2020/2/24,6.367,6.384,6.387,6.339,-0.86%
2020/2/20,6.422,6.392,6.423,6.38,0.60%
2020/2/18,6.384,6.385,6.408,6.379,-0.05%
2020/2/17,6.387,6.346,6.391,6.346,0.28%
2020/2/14,6.369,6.43,6.431,6.367,-0.84%
2020/2/13,6.423,6.488,6.488,6.423,-0.77%
2020/2/12,6.473,6.478,6.484,6.471,0.14%
2020/2/11,6.464,6.447,6.469,6.433,0.37%
2020/2/10,6.44,6.432,6.446,6.421,0.02%
2020/2/7,6.439,6.433,6.443,6.409,-0.11%
2020/2/6,6.446,6.513,6.513,6.446,-0.91%
2020/2/5,6.505,6.512,6.519,6.497,0.02%
2020/2/4,6.504,6.494,6.51,6.488,0.02%
2020/2/3,6.503,6.509,6.52,6.497,-1.45%
2020/1/31,6.599,6.577,6.6,6.575,0.63%
2020/1/30,6.558,6.553,6.565,6.553,-0.15%
2020/1/29,6.568,6.59,6.594,6.563,-0.11%
2020/1/28,6.575,6.562,6.581,6.549,0.37%
2020/1/27,6.551,6.549,6.572,6.547,-0.41%
2020/1/24,6.578,6.599,6.602,6.569,-0.27%
2020/1/23,6.596,6.623,6.632,6.594,-0.59%
2020/1/22,6.635,6.629,6.643,6.627,0.03%
2020/1/21,6.633,6.635,6.644,6.618,-0.09%
2020/1/20,6.639,6.639,6.647,6.625,0.26%
2020/1/17,6.622,6.601,6.626,6.601,0.36%
2020/1/16,6.598,6.612,6.643,6.598,-0.38%
2020/1/15,6.623,6.66,6.665,6.623,-0.59%
2020/1/14,6.662,6.692,6.692,6.648,1.06%
2020/1/13,6.592,6.588,6.621,6.581,0.11%
2020/1/10,6.585,6.583,6.595,6.576,0.94%
2020/1/9,6.524,6.526,6.554,6.52,-0.50%
2020/1/8,6.557,6.578,6.578,6.544,0.11%
2020/1/7,6.55,6.547,6.563,6.528,-0.23%
2020/1/6,6.565,6.534,6.567,6.531,0.84%
2020/1/3,6.51,6.494,6.52,6.485,0.12%
2020/1/2,6.502,6.498,6.512,6.489,0.02%
2020/1/1,6.501,6.548,6.548,6.501,-0.81%
2019/12/31,6.554,6.543,6.559,6.532,0.15%
2019/12/30,6.544,6.501,6.547,6.501,0.68%
2019/12/27,6.5,6.509,6.516,6.5,-1.16%
2019/12/26,6.576,6.593,6.595,6.572,0.08%
2019/12/24,6.571,6.557,6.593,6.554,0.14%
2019/12/23,6.562,6.609,6.609,6.552,-0.55%
2019/12/20,6.598,6.621,6.652,6.555,-2.19%
2019/12/19,6.746,6.731,6.748,6.704,0.61%
2019/12/18,6.705,6.742,6.759,6.693,-0.58%
2019/12/17,6.744,6.801,6.801,6.744,-0.74%
2019/12/16,6.794,6.767,6.798,6.759,0.18%
2019/12/13,6.782,6.822,6.837,6.764,0.18%
2019/12/12,6.77,6.753,6.791,6.741,0.15%
2019/12/11,6.76,6.71,6.76,6.687,0.85%
2019/12/10,6.703,6.665,6.723,6.643,0.66%
2019/12/9,6.659,6.689,6.69,6.658,-0.03%
2019/12/6,6.661,6.611,6.668,6.602,0.80%
2019/12/5,6.608,6.464,6.614,6.454,2.26%
2019/12/4,6.462,6.45,6.468,6.448,0.00%
2019/12/3,6.462,6.485,6.495,6.462,-0.34%
2019/12/2,6.484,6.463,6.494,6.452,0.37%
2019/11/29,6.46,6.455,6.474,6.449,0.11%
2019/11/28,6.453,6.464,6.464,6.442,-0.22%
2019/11/27,6.467,6.482,6.494,6.467,-0.17%
2019/11/26,6.478,6.47,6.489,6.463,0.15%
2019/11/25,6.468,6.506,6.506,6.461,-0.42%
2019/11/22,6.495,6.513,6.524,6.489,-0.15%
2019/11/21,6.505,6.463,6.506,6.449,0.73%
2019/11/20,6.458,6.464,6.473,6.454,-0.23%
2019/11/19,6.473,6.476,6.481,6.466,-0.06%
2019/11/18,6.477,6.526,6.53,6.476,-0.64%
2019/11/15,6.519,6.526,6.526,6.507,0.06%
2019/11/14,6.515,6.528,6.528,6.505,-0.20%
2019/11/13,6.528,6.554,6.554,6.526,-0.50%
2019/11/11,6.561,6.544,6.574,6.544,0.11%
2019/11/8,6.554,6.539,6.554,6.524,0.80%
2019/11/7,6.502,6.473,6.506,6.473,0.25%
2019/11/6,6.486,6.521,6.521,6.484,-0.43%
2019/11/5,6.514,6.482,6.528,6.482,0.66%
2019/11/4,6.471,6.457,6.473,6.449,0.40%
2019/11/1,6.445,6.431,6.446,6.415,-2.98%
2019/10/31,6.643,6.651,6.667,6.641,-0.32%
2019/10/30,6.664,6.67,6.673,6.657,-0.22%
2019/10/29,6.679,6.697,6.7,6.674,0.13%
2019/10/25,6.67,6.68,6.686,6.66,-0.12%
2019/10/24,6.678,6.698,6.708,6.674,0.00%
2019/10/23,6.678,6.695,6.695,6.671,-0.33%
2019/10/22,6.7,6.711,6.711,6.689,0.12%
2019/10/18,6.692,6.699,6.704,6.688,-0.10%
2019/10/17,6.699,6.656,6.718,6.636,0.65%
2019/10/16,6.656,6.669,6.673,6.642,-0.06%
2019/10/15,6.66,6.697,6.697,6.651,-0.15%
2019/10/14,6.67,6.737,6.739,6.67,-0.85%
2019/10/11,6.727,6.703,6.731,6.698,0.72%
2019/10/10,6.679,6.662,6.684,6.66,0.36%
2019/10/9,6.655,6.659,6.666,6.636,-0.21%
2019/10/7,6.669,6.693,6.693,6.66,-0.16%
2019/10/4,6.68,6.6,6.684,6.582,1.12%
2019/10/3,6.606,6.609,6.62,6.599,-0.77%
2019/10/1,6.657,6.68,6.702,6.652,-0.57%
2019/9/30,6.695,6.706,6.71,6.681,-0.51%
2019/9/27,6.729,6.774,6.774,6.708,0.28%
2019/9/26,6.71,6.762,6.771,6.697,-0.65%
2019/9/25,6.754,6.774,6.777,6.744,-0.31%
2019/9/24,6.775,6.741,6.782,6.733,0.53%
2019/9/23,6.739,6.767,6.801,6.73,-0.63%
2019/9/20,6.782,6.587,6.874,6.552,2.23%
2019/9/19,6.634,6.611,6.642,6.573,0.26%
2019/9/18,6.617,6.66,6.68,6.602,-1.65%
2019/9/17,6.728,6.728,6.737,6.7,0.27%
2019/9/16,6.71,6.723,6.746,6.683,1.19%
2019/9/13,6.631,6.666,6.674,6.607,-0.41%
2019/9/12,6.658,6.669,6.705,6.631,-0.24%
2019/9/11,6.674,6.606,6.675,6.595,1.58%
2019/9/9,6.57,6.606,6.606,6.563,-0.41%
2019/9/6,6.597,6.595,6.603,6.574,0.40%
2019/9/5,6.571,6.597,6.597,6.555,0.40%
2019/9/4,6.545,6.502,6.547,6.499,0.45%
2019/9/3,6.516,6.498,6.529,6.488,-0.61%
2019/8/30,6.556,6.562,6.582,6.553,0.20%
2019/8/29,6.543,6.571,6.624,6.537,-0.32%
2019/8/28,6.564,6.518,6.576,6.501,0.66%
2019/8/27,6.521,6.393,6.53,6.391,0.76%
2019/8/26,6.472,6.501,6.526,6.472,-1.40%
2019/8/23,6.564,6.567,6.578,6.551,0.15%
2019/8/22,6.554,6.585,6.586,6.531,-0.09%
2019/8/21,6.56,6.583,6.583,6.534,-0.27%
2019/8/20,6.578,6.584,6.627,6.572,-0.05%
2019/8/19,6.581,6.553,6.596,6.549,0.70%
2019/8/16,6.535,6.584,6.596,6.527,-1.28%
2019/8/14,6.62,6.541,6.639,6.523,1.56%
2019/8/13,6.518,6.503,6.538,6.496,0.37%
2019/8/9,6.494,6.404,6.523,6.399,1.44%
2019/8/8,6.402,6.381,6.404,6.364,0.52%
2019/8/7,6.369,6.314,6.398,6.296,0.49%
2019/8/6,6.338,6.361,6.381,6.325,-0.81%
2019/8/5,6.39,6.367,6.423,6.361,0.60%
2019/8/2,6.352,6.333,6.361,6.324,-1.11%
2019/8/1,6.423,6.394,6.432,6.384,0.85%
2019/7/31,6.369,6.403,6.403,6.359,-0.28%
2019/7/30,6.387,6.416,6.437,6.379,-0.39%
2019/7/29,6.412,6.452,6.46,6.412,-1.73%
2019/7/26,6.525,6.538,6.556,6.506,0.17%
2019/7/25,6.514,6.441,6.551,6.422,1.18%
2019/7/24,6.438,6.476,6.479,6.425,-0.40%
2019/7/23,6.464,6.452,6.477,6.408,0.72%
2019/7/22,6.418,6.424,6.453,6.406,0.90%
2019/7/19,6.361,6.383,6.385,6.348,-0.41%
2019/7/18,6.387,6.31,6.402,6.31,0.66%
2019/7/17,6.345,6.281,6.413,6.266,0.22%
2019/7/16,6.331,6.413,6.413,6.317,-1.59%
2019/7/15,6.433,6.459,6.467,6.43,-0.85%
2019/7/12,6.488,6.528,6.541,6.457,-0.08%
2019/7/11,6.493,6.558,6.562,6.487,-0.76%
2019/7/10,6.543,6.588,6.61,6.516,-0.68%
2019/7/9,6.588,6.555,6.61,6.555,0.40%
2019/7/8,6.562,6.713,6.713,6.562,-1.99%
2019/7/5,6.695,6.755,6.766,6.576,-0.83%
2019/7/4,6.751,6.837,6.849,6.751,-1.20%
2019/7/3,6.833,6.809,6.835,6.804,-0.19%
2019/7/2,6.846,6.86,6.876,6.829,-0.52%
2019/7/1,6.882,6.906,6.93,6.882,0.04%
2019/6/28,6.879,6.888,6.9,6.87,-0.26%
2019/6/27,6.897,6.957,6.957,6.88,-0.52%
2019/6/26,6.933,6.917,6.942,6.917,0.74%
2019/6/25,6.882,6.838,6.896,6.837,0.45%
2019/6/24,6.851,6.84,6.883,6.811,-0.15%
2019/6/21,6.861,6.825,6.893,6.825,1.03%
2019/6/20,6.791,6.769,6.791,6.734,-0.73%
2019/6/19,6.841,6.831,6.849,6.817,0.48%
2019/6/18,6.808,6.912,6.92,6.808,-1.77%
2019/6/17,6.931,6.933,6.947,6.915,0.17%
2019/6/14,6.919,6.993,6.997,6.914,-1.28%
2019/6/13,7.009,6.989,7.028,6.965,-0.04%
2019/6/12,7.012,7.022,7.025,6.995,-0.36%
2019/6/11,7.037,7.083,7.097,7.036,-0.57%
2019/6/10,7.077,6.984,7.087,6.983,1.48%
2019/6/7,6.974,6.951,6.984,6.948,0.62%
2019/6/6,6.931,7.012,7.012,6.876,-1.30%
2019/6/4,7.022,6.979,7.024,6.977,0.57%
2019/6/3,6.982,6.949,7.001,6.941,-0.71%
2019/5/31,7.032,7.075,7.077,7.03,-1.42%
2019/5/30,7.133,7.135,7.139,7.127,0.11%
2019/5/29,7.125,7.127,7.143,7.116,-0.34%
2019/5/28,7.149,7.177,7.179,7.135,-0.25%
2019/5/27,7.167,7.226,7.228,7.162,-0.82%
2019/5/24,7.226,7.22,7.239,7.203,-0.18%
2019/5/23,7.239,7.232,7.244,7.191,-0.29%
2019/5/22,7.26,7.302,7.308,7.26,-0.59%
2019/5/21,7.303,7.293,7.312,7.286,0.23%
2019/5/20,7.286,7.287,7.309,7.275,-1.03%
2019/5/17,7.362,7.397,7.397,7.36,-0.20%
2019/5/16,7.377,7.394,7.402,7.375,-0.03%
2019/5/15,7.379,7.379,7.384,7.36,0.01%
2019/5/14,7.378,7.388,7.388,7.348,-0.14%
2019/5/13,7.388,7.418,7.419,7.385,-0.34%
2019/5/10,7.413,7.407,7.426,7.403,0.22%
2019/5/9,7.397,7.387,7.4,7.371,0.30%
2019/5/8,7.375,7.392,7.392,7.37,-0.09%
2019/5/7,7.382,7.417,7.424,7.381,-0.16%
2019/5/6,7.394,7.403,7.403,7.365,-0.04%
2019/5/3,7.397,7.372,7.401,7.369,0.15%
2019/5/2,7.386,7.411,7.411,7.386,-0.38%
2019/4/30,7.414,7.395,7.421,7.387,0.08%
2019/4/26,7.408,7.436,7.446,7.405,-0.58%
2019/4/25,7.451,7.441,7.477,7.441,0.36%
2019/4/24,7.424,7.429,7.436,7.421,-0.66%
2019/4/23,7.473,7.489,7.495,7.46,-0.01%
2019/4/22,7.474,7.455,7.497,7.455,0.73%
2019/4/18,7.42,7.412,7.43,7.408,0.41%
2019/4/16,7.39,7.39,7.404,7.376,-0.03%
2019/4/15,7.392,7.411,7.414,7.387,-0.23%
2019/4/12,7.409,7.383,7.41,7.38,0.52%
2019/4/11,7.371,7.381,7.381,7.362,0.05%
2019/4/10,7.367,7.363,7.379,7.356,-0.09%
2019/4/9,7.374,7.411,7.418,7.373,-0.35%
2019/4/8,7.4,7.374,7.411,7.374,0.64%
2019/4/5,7.353,7.352,7.362,7.316,0.07%
2019/4/4,7.348,7.271,7.348,7.229,1.06%
2019/4/3,7.271,7.28,7.288,7.255,-0.01%
2019/4/2,7.272,7.356,7.356,7.271,-1.01%
2019/3/29,7.346,7.329,7.351,7.31,0.31%
2019/3/28,7.323,7.319,7.334,7.301,-0.05%
2019/3/27,7.327,7.344,7.357,7.323,-0.20%
2019/3/26,7.342,7.329,7.343,7.328,-1.73%
2019/3/25,7.471,7.471,7.474,7.456,-0.44%
2019/3/22,7.504,7.477,7.506,7.474,-0.17%
2019/3/20,7.517,7.535,7.544,7.513,-0.25%
2019/3/19,7.536,7.494,7.545,7.479,0.75%
2019/3/18,7.48,7.477,7.486,7.452,-0.29%
2019/3/15,7.502,7.558,7.561,7.5,-0.68%
2019/3/14,7.553,7.59,7.59,7.536,0.07%
2019/3/13,7.548,7.534,7.553,7.523,0.47%
2019/3/12,7.513,7.527,7.536,7.493,0.01%
2019/3/11,7.512,7.54,7.542,7.503,-0.27%
2019/3/8,7.532,7.565,7.571,7.524,-0.63%
2019/3/7,7.58,7.575,7.58,7.561,0.11%
2019/3/6,7.572,7.554,7.587,7.548,0.21%
2019/3/5,7.556,7.55,7.561,7.53,0.00%
2019/3/1,7.556,7.588,7.589,7.545,-0.46%
2019/2/28,7.591,7.679,7.679,7.591,-1.06%
2019/2/27,7.672,7.608,7.699,7.591,1.12%
2019/2/26,7.587,7.624,7.624,7.578,0.04%
2019/2/25,7.584,7.591,7.611,7.582,-0.28%
2019/2/22,7.605,7.544,7.61,7.544,0.81%
2019/2/21,7.544,7.573,7.573,7.543,-0.01%
2019/2/20,7.545,7.571,7.572,7.541,-0.46%
2019/2/18,7.58,7.601,7.601,7.565,0.04%
2019/2/15,7.577,7.539,7.584,7.534,0.74%
2019/2/14,7.521,7.485,7.524,7.483,0.74%
2019/2/13,7.466,7.469,7.479,7.436,-0.90%
2019/2/12,7.534,7.54,7.54,7.51,0.07%
2019/2/11,7.529,7.524,7.548,7.509,0.07%
2019/2/8,7.524,7.488,7.531,7.459,0.31%
2019/2/7,7.501,7.573,7.588,7.47,-0.85%
2019/2/6,7.565,7.602,7.602,7.565,-0.66%
2019/2/5,7.615,7.669,7.672,7.609,-0.74%
2019/2/4,7.672,7.65,7.674,7.632,0.81%
2019/2/1,7.61,7.47,7.651,7.425,1.70%
2019/1/31,7.483,7.532,7.551,7.482,-0.90%
2019/1/30,7.551,7.541,7.556,7.533,0.35%
2019/1/29,7.525,7.533,7.551,7.522,-0.21%
2019/1/28,7.541,7.558,7.562,7.535,-0.07%
2019/1/25,7.546,7.578,7.578,7.524,-0.15%
2019/1/24,7.557,7.569,7.604,7.555,-0.26%
2019/1/23,7.577,7.52,7.585,7.511,0.58%
2019/1/22,7.533,7.552,7.555,7.516,-0.48%
2019/1/21,7.569,7.628,7.65,7.545,-0.36%
2019/1/18,7.596,7.593,7.609,7.567,0.62%
2019/1/17,7.549,7.573,7.587,7.533,-0.19%
2019/1/16,7.563,7.479,7.577,7.465,1.20%
2019/1/15,7.473,7.472,7.49,7.457,0.57%
2019/1/14,7.431,7.474,7.474,7.423,-0.96%
2019/1/11,7.503,7.479,7.519,7.449,0.36%
2019/1/10,7.476,7.488,7.516,7.466,0.08%
2019/1/9,7.47,7.476,7.482,7.444,0.21%
2019/1/8,7.454,7.503,7.534,7.439,-0.72%
2019/1/7,7.508,7.467,7.519,7.439,0.81%
2019/1/4,7.448,7.407,7.475,7.406,0.28%
2019/1/3,7.427,7.397,7.433,7.381,0.99%
2019/1/2,7.354,7.409,7.415,7.35,-0.86%
2019/1/1,7.418,7.401,7.447,7.385,0.65%
2018/12/31,7.37,7.368,7.389,7.339,-0.28%
2018/12/28,7.391,7.274,7.393,7.266,1.57%
2018/12/27,7.277,7.307,7.307,7.235,0.19%
2018/12/26,7.263,7.249,7.267,7.228,-0.33%
2018/12/24,7.287,7.298,7.306,7.278,0.15%
2018/12/21,7.276,7.269,7.316,7.259,0.06%
2018/12/20,7.272,7.253,7.275,7.233,0.73%
2018/12/19,7.219,7.241,7.288,7.218,-1.72%
2018/12/18,7.345,7.427,7.438,7.345,-1.55%
2018/12/17,7.461,7.443,7.463,7.423,0.27%
2018/12/14,7.441,7.429,7.464,7.425,0.45%
2018/12/13,7.408,7.389,7.437,7.382,-0.04%
2018/12/12,7.411,7.476,7.479,7.41,-1.55%
2018/12/11,7.528,7.695,7.703,7.512,-0.78%
2018/12/10,7.587,7.505,7.598,7.493,1.65%
2018/12/7,7.464,7.401,7.48,7.389,0.55%
2018/12/6,7.423,7.412,7.443,7.371,-0.23%
2018/12/5,7.44,7.562,7.573,7.435,-1.77%
2018/12/4,7.574,7.618,7.618,7.566,-0.68%
2018/12/3,7.626,7.646,7.653,7.616,0.25%
2018/11/30,7.607,7.627,7.63,7.596,-0.01%
2018/11/29,7.608,7.62,7.62,7.576,-0.47%
2018/11/28,7.644,7.688,7.698,7.644,-1.16%
2018/11/27,7.734,7.747,7.75,7.713,0.10%
2018/11/26,7.726,7.677,7.738,7.677,0.21%
2018/11/22,7.71,7.754,7.767,7.704,-1.05%
2018/11/20,7.792,7.767,7.795,7.756,0.01%
2018/11/19,7.791,7.82,7.836,7.789,-0.31%
2018/11/16,7.815,7.775,7.816,7.768,0.76%
2018/11/15,7.756,7.736,7.76,7.734,0.30%
2018/11/14,7.733,7.724,7.748,7.707,-0.37%
2018/11/13,7.762,7.777,7.783,7.757,-0.54%
2018/11/12,7.804,7.789,7.821,7.788,0.50%
2018/11/9,7.765,7.766,7.781,7.757,-0.40%
2018/11/6,7.796,7.801,7.811,7.791,-0.15%
2018/11/5,7.808,7.799,7.812,7.791,0.35%
2018/11/2,7.781,7.785,7.793,7.752,-0.54%
2018/11/1,7.823,7.831,7.84,7.82,-0.38%
2018/10/31,7.853,7.881,7.893,7.846,0.24%
2018/10/30,7.834,7.825,7.84,7.818,0.31%
2018/10/29,7.81,7.836,7.836,7.797,-0.85%
2018/10/26,7.877,7.885,7.891,7.861,0.13%
2018/10/25,7.867,7.864,7.885,7.845,-0.06%
2018/10/24,7.872,7.852,7.878,7.83,-0.28%
2018/10/23,7.894,7.937,7.938,7.88,-0.45%
2018/10/22,7.93,7.935,7.935,7.892,0.11%
2018/10/19,7.921,7.891,7.927,7.88,0.15%
2018/10/17,7.909,7.885,7.926,7.863,0.47%
2018/10/16,7.872,7.946,7.954,7.87,-0.62%
2018/10/15,7.921,7.962,7.983,7.921,-0.79%
2018/10/12,7.984,7.971,8.008,7.963,-0.03%
2018/10/11,7.986,8.001,8.023,7.978,-0.56%
2018/10/10,8.031,8.049,8.071,8.027,-0.56%
2018/10/9,8.076,7.989,8.092,7.989,1.28%
2018/10/8,7.974,7.989,8.017,7.968,-0.62%
2018/10/5,8.024,8.158,8.165,8.024,-1.64%
2018/10/4,8.158,8.193,8.21,8.155,0.57%
2018/10/3,8.112,8.057,8.115,8.031,1.55%
2018/10/1,7.988,7.923,7.997,7.923,-0.45%
2018/9/28,8.024,8.042,8.053,8.015,-0.04%
2018/9/27,8.027,8.043,8.073,8.024,-0.56%
2018/9/26,8.072,8.124,8.124,8.063,-0.65%
2018/9/25,8.125,8.131,8.141,8.113,0.04%
2018/9/24,8.122,8.094,8.13,8.074,0.57%
2018/9/21,8.076,8.031,8.135,8.017,0.02%
2018/9/19,8.074,8.124,8.134,8.067,-0.81%
2018/9/18,8.14,8.106,8.143,8.043,0.52%
2018/9/17,8.098,8.164,8.184,8.09,-0.36%
2018/9/14,8.127,8.093,8.131,8.091,-0.09%
2018/9/12,8.134,8.218,8.231,8.121,-0.59%
2018/9/11,8.182,8.155,8.189,8.134,0.29%
2018/9/10,8.158,8.069,8.158,8.069,1.58%
2018/9/7,8.031,8.05,8.05,8.011,-0.31%
2018/9/6,8.056,8.038,8.085,8.033,0.09%
2018/9/5,8.049,8.043,8.11,8.033,-0.16%
2018/9/4,8.062,8.006,8.069,7.986,0.79%
2018/9/3,7.999,7.94,8,7.917,0.60%
2018/8/31,7.951,7.951,7.958,7.937,0.26%
2018/8/30,7.93,7.93,7.941,7.914,0.15%
2018/8/29,7.918,7.914,7.92,7.895,0.29%
2018/8/28,7.895,7.892,7.921,7.892,0.01%
2018/8/27,7.894,7.865,7.898,7.86,0.29%
2018/8/24,7.871,7.895,7.9,7.871,-0.10%
2018/8/23,7.879,7.878,7.879,7.861,0.66%
2018/8/21,7.827,7.834,7.834,7.814,-0.14%
2018/8/20,7.838,7.836,7.842,7.826,-0.29%
2018/8/16,7.861,7.849,7.876,7.839,0.55%
2018/8/14,7.818,7.8,7.824,7.795,-0.06%
2018/8/13,7.823,7.807,7.825,7.789,0.89%
2018/8/10,7.754,7.743,7.759,7.737,0.12%
2018/8/9,7.745,7.754,7.762,7.74,-0.48%
2018/8/8,7.782,7.792,7.793,7.776,-0.05%
2018/8/7,7.786,7.772,7.787,7.757,0.23%
2018/8/6,7.768,7.754,7.773,7.747,0.06%
2018/8/3,7.763,7.742,7.771,7.739,0.54%
2018/8/2,7.721,7.698,7.732,7.681,0.26%
2018/8/1,7.701,7.767,7.841,7.701,-0.91%
2018/7/31,7.772,7.797,7.797,7.769,-0.23%
2018/7/30,7.79,7.78,7.799,7.776,0.13%
2018/7/27,7.78,7.766,7.788,7.762,0.27%
2018/7/26,7.759,7.806,7.806,7.756,-0.33%
2018/7/25,7.785,7.807,7.811,7.782,0.01%
2018/7/24,7.784,7.806,7.815,7.778,-0.33%
2018/7/23,7.81,7.788,7.819,7.774,0.32%
2018/7/20,7.785,7.787,7.797,7.772,0.00%
2018/7/19,7.785,7.782,7.785,7.764,0.43%
2018/7/18,7.752,7.725,7.759,7.723,0.08%
2018/7/17,7.746,7.763,7.764,7.729,-0.69%
2018/7/16,7.8,7.82,7.848,7.797,0.12%
2018/7/13,7.791,7.791,7.802,7.77,0.14%
2018/7/12,7.78,7.826,7.842,7.778,-1.17%
2018/7/11,7.872,7.897,7.914,7.864,-0.35%
2018/7/10,7.9,7.907,7.912,7.893,0.13%
2018/7/9,7.89,7.871,7.892,7.866,0.25%
2018/7/6,7.87,7.89,7.901,7.869,-0.34%
2018/7/5,7.897,7.849,7.9,7.841,0.57%
2018/7/4,7.852,7.878,7.916,7.836,-0.39%
2018/7/3,7.883,7.905,7.906,7.877,-0.37%
2018/7/2,7.912,7.889,7.917,7.867,0.11%
2018/6/29,7.903,7.922,7.922,7.869,-0.40%
2018/6/28,7.935,7.904,7.942,7.9,0.81%
2018/6/27,7.871,7.87,7.878,7.857,0.54%
2018/6/26,7.829,7.839,7.849,7.807,0.06%
2018/6/25,7.824,7.814,7.859,7.805,0.06%
2018/6/22,7.819,7.789,7.841,7.771,0.60%
2018/6/21,7.772,7.798,7.812,7.769,-0.70%
2018/6/20,7.827,7.805,7.85,7.804,-0.46%
2018/6/19,7.863,7.921,7.921,7.855,-0.18%
2018/6/18,7.877,7.832,7.882,7.818,-0.15%
2018/6/15,7.889,7.93,7.943,7.88,-0.70%
2018/6/14,7.945,7.946,7.955,7.9,0.19%
2018/6/13,7.93,7.966,7.968,7.919,-0.45%
2018/6/12,7.966,7.972,7.992,7.965,0.04%
2018/6/11,7.963,7.977,8,7.946,0.20%
2018/6/8,7.947,7.997,7.997,7.918,-0.58%
2018/6/7,7.993,7.939,7.993,7.937,0.96%
2018/6/6,7.917,7.852,7.934,7.827,1.06%
2018/6/5,7.834,7.86,7.874,7.823,-0.53%
2018/6/4,7.876,7.868,7.902,7.852,0.36%
2018/6/1,7.848,7.86,7.877,7.848,0.28%
2018/5/31,7.826,7.823,7.851,7.816,0.57%
2018/5/30,7.782,7.742,7.785,7.721,0.34%
2018/5/29,7.756,7.761,7.792,7.753,0.22%
2018/5/28,7.739,7.733,7.774,7.721,-0.71%
2018/5/25,7.794,7.864,7.888,7.793,-0.98%
2018/5/24,7.871,7.845,7.884,7.838,0.28%
2018/5/23,7.849,7.835,7.868,7.827,0.51%
2018/5/22,7.809,7.818,7.847,7.787,0.00%
2018/5/21,7.809,7.901,7.901,7.802,-0.33%
2018/5/18,7.835,7.903,7.927,7.76,-0.57%
2018/5/17,7.88,7.922,7.944,7.879,-0.28%
2018/5/16,7.902,7.919,7.945,7.871,-0.01%
2018/5/15,7.903,7.906,7.913,7.814,0.98%
2018/5/14,7.826,7.72,7.829,7.708,1.29%
2018/5/11,7.726,7.711,7.757,7.701,0.14%
2018/5/10,7.715,7.715,7.761,7.715,0.08%
2018/5/9,7.709,7.652,7.721,7.648,1.70%
2018/5/8,7.58,7.636,7.655,7.553,-0.55%
2018/5/7,7.622,7.601,7.655,7.601,-1.37%
2018/5/4,7.728,7.748,7.759,7.723,-0.08%
2018/5/3,7.734,7.736,7.746,7.683,0.01%
2018/5/2,7.733,7.731,7.742,7.702,-0.44%
2018/4/27,7.767,7.746,7.773,7.74,0.15%
2018/4/26,7.755,7.749,7.785,7.723,0.22%
2018/4/25,7.738,7.714,7.779,7.701,0.72%
2018/4/24,7.683,7.738,7.741,7.642,-0.74%
2018/4/23,7.74,7.731,7.769,7.672,0.29%
2018/4/20,7.718,7.785,7.797,7.655,1.14%
2018/4/19,7.631,7.602,7.651,7.588,1.26%
2018/4/18,7.536,7.492,7.536,7.478,0.63%
2018/4/17,7.489,7.483,7.509,7.471,0.04%
2018/4/16,7.486,7.404,7.49,7.404,0.74%
2018/4/13,7.431,7.503,7.522,7.423,-0.50%
2018/4/12,7.468,7.512,7.527,7.443,-0.90%
2018/4/11,7.536,7.423,7.542,7.386,2.13%
2018/4/10,7.379,7.247,7.379,7.247,2.12%
2018/4/9,7.226,7.204,7.239,7.153,0.71%
2018/4/6,7.175,7.146,7.179,7.139,0.67%
2018/4/5,7.127,7.306,7.306,7.123,-2.29%
2018/4/4,7.294,7.339,7.345,7.291,-0.52%
2018/4/3,7.332,7.333,7.367,7.312,-0.89%
2018/3/28,7.398,7.313,7.412,7.286,0.89%
2018/3/27,7.333,7.371,7.398,7.302,-3.80%
2018/3/26,7.623,7.577,7.63,7.574,0.87%
2018/3/23,7.557,7.533,7.562,7.521,-0.04%
2018/3/22,7.56,7.581,7.615,7.548,-0.28%
2018/3/21,7.581,7.66,7.677,7.579,-0.45%
2018/3/20,7.615,7.604,7.628,7.595,0.09%
2018/3/19,7.608,7.585,7.613,7.542,0.67%
2018/3/16,7.557,7.64,7.648,7.557,-1.00%
2018/3/15,7.633,7.672,7.711,7.625,-0.68%
2018/3/14,7.685,7.646,7.693,7.643,0.42%
2018/3/13,7.653,7.607,7.665,7.604,0.31%
2018/3/12,7.629,7.697,7.7,7.62,-0.55%
2018/3/9,7.671,7.652,7.729,7.634,0.12%
2018/3/8,7.662,7.679,7.713,7.652,-0.21%
2018/3/7,7.678,7.769,7.769,7.678,-1.25%
2018/3/6,7.775,7.8,7.8,7.758,-0.01%
2018/3/5,7.776,7.755,7.783,7.741,0.49%
2018/3/1,7.738,7.726,7.776,7.696,0.16%
2018/2/28,7.726,7.696,7.726,7.673,0.78%
2018/2/27,7.666,7.708,7.717,7.657,-0.29%
2018/2/26,7.688,7.657,7.708,7.657,0.27%
2018/2/23,7.667,7.76,7.76,7.667,-1.02%
2018/2/22,7.746,7.816,7.816,7.724,0.47%
2018/2/21,7.71,7.677,7.71,7.657,0.55%
2018/2/20,7.668,7.606,7.694,7.603,1.20%
2018/2/16,7.577,7.576,7.597,7.571,0.12%
2018/2/15,7.568,7.567,7.611,7.547,1.03%
2018/2/14,7.491,7.453,7.509,7.449,-0.07%
2018/2/12,7.496,7.47,7.525,7.449,0.08%
2018/2/9,7.49,7.458,7.524,7.452,0.32%
2018/2/8,7.466,7.506,7.522,7.466,-0.86%
2018/2/7,7.531,7.583,7.62,7.496,-0.49%
2018/2/6,7.568,7.562,7.616,7.538,-0.49%
2018/2/5,7.605,7.62,7.62,7.572,0.57%
2018/2/2,7.562,7.679,7.689,7.509,-0.57%
2018/2/1,7.605,7.446,7.625,7.399,2.36%
2018/1/31,7.43,7.423,7.439,7.402,-0.05%
2018/1/30,7.434,7.44,7.478,7.418,-0.09%
2018/1/29,7.441,7.322,7.444,7.295,1.83%
2018/1/25,7.307,7.312,7.341,7.299,0.43%
2018/1/24,7.276,7.265,7.282,7.243,-1.85%
2018/1/23,7.413,7.49,7.49,7.407,-0.66%
2018/1/22,7.462,7.498,7.509,7.453,-0.23%
2018/1/19,7.479,7.479,7.486,7.451,0.11%
2018/1/18,7.471,7.447,7.479,7.436,0.76%
2018/1/17,7.415,7.547,7.552,7.374,-1.81%
2018/1/16,7.552,7.504,7.587,7.482,1.46%
2018/1/15,7.443,7.471,7.471,7.438,-0.16%
2018/1/12,7.455,7.443,7.482,7.404,0.26%
2018/1/11,7.436,7.419,7.456,7.406,-0.07%
2018/1/10,7.441,7.411,7.454,7.411,1.00%
2018/1/9,7.367,7.36,7.377,7.341,0.31%
2018/1/8,7.344,7.285,7.348,7.279,0.77%
2018/1/5,7.288,7.331,7.343,7.281,-0.59%
2018/1/4,7.331,7.346,7.365,7.328,0.12%
2018/1/3,7.322,7.405,7.423,7.32,-0.84%
2018/1/2,7.384,7.341,7.399,7.341,0.64%
2018/1/1,7.337,7.349,7.363,7.315,0.15%
2017/12/29,7.326,7.41,7.41,7.27,-0.95%
2017/12/28,7.396,7.303,7.399,7.302,2.45%
2017/12/27,7.219,7.304,7.304,7.218,-0.77%
2017/12/26,7.275,7.289,7.307,7.261,0.06%
2017/12/22,7.271,7.21,7.293,7.206,0.79%
2017/12/21,7.214,7.249,7.293,7.207,-0.07%
2017/12/20,7.219,7.204,7.223,7.195,0.57%
2017/12/19,7.178,7.198,7.198,7.164,-0.04%
2017/12/18,7.181,7.17,7.223,7.143,0.67%
2017/12/16,7.133,7.133,7.133,7.133,-0.01%
2017/12/15,7.134,7.113,7.14,7.112,0.06%
2017/12/14,7.13,7.143,7.169,7.126,-0.60%
2017/12/13,7.173,7.246,7.255,7.173,-0.25%
2017/12/12,7.191,7.22,7.235,7.169,0.26%
2017/12/11,7.172,7.094,7.177,7.089,1.17%
2017/12/8,7.089,7.08,7.109,7.073,0.50%
2017/12/7,7.054,7.015,7.061,7.012,0.33%
2017/12/6,7.031,7.06,7.084,7.029,-0.40%
2017/12/5,7.059,7.074,7.08,7.054,-0.34%
2017/12/4,7.083,7.088,7.107,7.071,0.35%
2017/11/30,7.058,7.05,7.071,7.032,0.47%
2017/11/29,7.025,7.037,7.045,7.017,-0.07%
2017/11/28,7.03,7.074,7.079,7.028,-0.37%
2017/11/27,7.056,7.012,7.06,7.012,0.77%
2017/11/24,7.002,7.009,7.043,6.996,0.24%
2017/11/23,6.985,6.947,7.022,6.946,0.37%
2017/11/22,6.959,6.899,6.979,6.899,0.91%
2017/11/21,6.896,6.891,6.918,6.886,0.10%
2017/11/20,6.889,6.979,6.979,6.887,-2.27%
2017/11/17,7.049,6.953,7.059,6.953,-0.18%
2017/11/16,7.062,7.023,7.084,7.02,0.66%
2017/11/15,7.016,7.031,7.038,7.016,-0.48%
2017/11/14,7.05,6.988,7.066,6.982,1.12%
2017/11/13,6.972,6.976,6.984,6.962,0.23%
2017/11/10,6.956,6.935,6.97,6.923,0.36%
2017/11/9,6.931,6.942,6.944,6.918,-0.12%
2017/11/8,6.939,6.925,6.949,6.918,0.16%
2017/11/7,6.928,6.923,6.942,6.919,0.49%
2017/11/6,6.894,6.871,6.901,6.87,0.52%
2017/11/3,6.858,6.859,6.876,6.847,-0.03%
2017/11/2,6.86,6.884,6.889,6.858,-0.46%
2017/11/1,6.892,6.879,6.896,6.872,0.44%
2017/10/31,6.862,6.87,6.898,6.856,-0.29%
2017/10/30,6.882,6.821,6.891,6.818,1.10%
2017/10/27,6.807,6.814,6.843,6.798,0.13%
2017/10/26,6.798,6.805,6.808,6.798,-0.23%
2017/10/25,6.814,6.809,6.816,6.795,0.47%
2017/10/24,6.782,6.798,6.799,6.768,-0.25%
2017/10/23,6.799,6.791,6.806,6.786,0.58%
2017/10/18,6.76,6.764,6.773,6.758,-0.04%
2017/10/17,6.763,6.745,6.77,6.742,0.43%
2017/10/16,6.734,6.732,6.746,6.73,0.00%
2017/10/13,6.734,6.723,6.749,6.72,-0.28%
2017/10/12,6.753,6.734,6.756,6.729,0.19%
2017/10/11,6.74,6.76,6.76,6.73,-0.01%
2017/10/10,6.741,6.786,6.786,6.739,-0.58%
2017/10/9,6.78,6.76,6.785,6.752,0.34%
2017/10/6,6.757,6.729,6.764,6.729,0.42%
2017/10/5,6.729,6.729,6.729,6.729,0.39%
2017/10/4,6.703,6.703,6.703,6.703,0.83%
2017/10/3,6.648,6.648,6.648,6.648,-0.23%
2017/9/29,6.663,6.663,6.663,6.663,0.33%
2017/9/28,6.641,6.641,6.641,6.641,-0.38%
2017/9/27,6.666,6.666,6.666,6.666,-0.04%
2017/9/26,6.669,6.669,6.669,6.669,0.77%
2017/9/25,6.618,6.618,6.618,6.618,-0.68%
2017/9/22,6.663,6.663,6.663,6.663,-0.16%
2017/9/21,6.674,6.674,6.674,6.674,1.47%
2017/9/20,6.577,6.577,6.577,6.577,-0.21%
2017/9/19,6.591,6.591,6.591,6.591,-0.29%
2017/9/18,6.61,6.61,6.61,6.61,0.18%
2017/9/15,6.598,6.598,6.598,6.598,0.12%
2017/9/14,6.59,6.59,6.59,6.59,0.06%
2017/9/13,6.586,6.586,6.586,6.586,0.44%
2017/9/12,6.557,6.557,6.557,6.557,-0.08%
2017/9/11,6.562,6.562,6.562,6.562,0.29%
2017/9/8,6.543,6.543,6.543,6.543,0.43%
2017/9/7,6.515,6.515,6.515,6.515,0.12%
2017/9/6,6.507,6.507,6.507,6.507,0.15%
2017/9/5,6.497,6.497,6.497,6.497,0.02%
2017/9/4,6.496,6.496,6.496,6.496,0.20%
2017/9/1,6.483,6.483,6.483,6.483,-0.64%
2017/8/31,6.525,6.525,6.525,6.525,-0.17%
2017/8/30,6.536,6.536,6.536,6.536,0.05%
2017/8/29,6.533,6.533,6.533,6.533,-0.53%
2017/8/28,6.568,6.568,6.568,6.568,0.46%
2017/8/24,6.538,6.538,6.538,6.538,0.05%
2017/8/23,6.535,6.535,6.535,6.535,0.00%
2017/8/22,6.535,6.535,6.535,6.535,0.38%
2017/8/21,6.51,6.51,6.51,6.51,0.02%
2017/8/18,6.509,6.509,6.509,6.509,-0.37%
2017/8/16,6.533,6.533,6.533,6.533,0.20%
2017/8/14,6.52,6.52,6.52,6.52,0.28%
2017/8/11,6.502,6.502,6.502,6.502,0.12%
2017/8/10,6.494,6.494,6.494,6.494,0.45%
2017/8/9,6.465,6.465,6.465,6.465,0.12%
2017/8/8,6.457,6.457,6.457,6.457,0.00%
2017/8/7,6.457,6.457,6.457,6.457,0.30%
2017/8/4,6.438,6.438,6.438,6.438,0.14%
2017/8/3,6.429,6.429,6.429,6.429,-0.48%
2017/8/2,6.46,6.46,6.46,6.46,0.31%
2017/8/1,6.44,6.44,6.44,6.44,-0.39%
2017/7/31,6.465,6.465,6.465,6.465,0.05%
2017/7/28,6.462,6.462,6.462,6.462,0.34%
2017/7/27,6.44,6.44,6.44,6.44,-0.09%
2017/7/26,6.446,6.446,6.446,6.446,0.23%
2017/7/25,6.431,6.431,6.431,6.431,0.27%
2017/7/24,6.414,6.414,6.414,6.414,-0.34%
2017/7/21,6.436,6.436,6.436,6.436,-0.26%
2017/7/20,6.453,6.453,6.453,6.453,0.06%
2017/7/19,6.449,6.449,6.449,6.449,-0.09%
2017/7/18,6.455,6.455,6.455,6.455,-0.02%
2017/7/17,6.456,6.456,6.456,6.456,-0.11%
2017/7/14,6.463,6.463,6.463,6.463,0.11%
2017/7/13,6.456,6.456,6.456,6.456,-0.05%
2017/7/12,6.459,6.459,6.459,6.459,-0.39%
2017/7/11,6.484,6.484,6.484,6.484,0.25%
2017/7/10,6.468,6.468,6.468,6.468,-0.93%
2017/7/7,6.529,6.529,6.529,6.529,-0.11%
2017/7/6,6.536,6.536,6.536,6.536,-0.21%
2017/7/5,6.55,6.55,6.55,6.55,0.03%
2017/7/4,6.548,6.548,6.548,6.548,-0.06%
2017/7/3,6.552,6.552,6.552,6.552,0.63%
2017/7/1,6.511,6.511,6.511,6.511,0.00%
2017/6/30,6.511,6.511,6.511,6.511,0.06%
2017/6/29,6.507,6.507,6.507,6.507,0.15%
2017/6/28,6.497,6.497,6.497,6.497,0.53%
2017/6/27,6.463,6.463,6.463,6.463,0.06%
2017/6/23,6.459,6.459,6.459,6.459,0.09%
2017/6/22,6.453,6.453,6.453,6.453,0.36%
2017/6/21,6.43,6.43,6.43,6.43,-0.23%
2017/6/20,6.445,6.445,6.445,6.445,-0.31%
2017/6/19,6.465,6.465,6.465,6.465,-0.39%
2017/6/16,6.49,6.49,6.49,6.49,0.17%
2017/6/15,6.479,6.479,6.479,6.479,0.19%
2017/6/14,6.467,6.467,6.467,6.467,-0.39%
2017/6/13,6.492,6.492,6.492,6.492,-0.35%
2017/6/12,6.515,6.515,6.515,6.515,0.22%
2017/6/9,6.501,6.501,6.501,6.501,-0.47%
2017/6/8,6.532,6.532,6.532,6.532,-0.46%
2017/6/7,6.562,6.562,6.562,6.562,-1.10%
2017/6/6,6.635,6.635,6.635,6.635,-0.17%
2017/6/5,6.646,6.646,6.646,6.646,0.33%
2017/6/2,6.624,6.624,6.624,6.624,0.02%
2017/6/1,6.623,6.623,6.623,6.623,-0.57%
2017/5/31,6.661,6.661,6.661,6.661,0.00%
2017/5/30,6.661,6.661,6.661,6.661,-0.10%
2017/5/29,6.668,6.668,6.668,6.668,-1.75%
2017/5/26,6.787,6.787,6.787,6.787,-0.06%
2017/5/25,6.791,6.791,6.791,6.791,-0.09%
2017/5/24,6.797,6.797,6.797,6.797,0.12%
2017/5/23,6.789,6.789,6.789,6.789,0.33%
2017/5/22,6.767,6.767,6.767,6.767,-1.27%
2017/5/19,6.854,6.854,6.854,6.854,0.19%
2017/5/18,6.841,6.841,6.841,6.841,-0.03%
2017/5/17,6.843,6.843,6.843,6.843,0.03%
2017/5/16,6.841,6.841,6.841,6.841,0.51%
2017/5/15,6.806,6.806,6.806,6.806,-1.43%
2017/5/12,6.905,6.905,6.905,6.905,-0.52%
2017/5/11,6.941,6.941,6.941,6.941,0.01%
2017/5/9,6.94,6.94,6.94,6.94,0.17%
2017/5/8,6.928,6.928,6.928,6.928,-0.20%
2017/5/5,6.942,6.942,6.942,6.942,-0.40%
2017/5/4,6.97,6.97,6.97,6.97,0.22%
2017/5/3,6.955,6.955,6.955,6.955,-0.53%
2017/5/2,6.992,6.992,6.992,6.992,0.45%
2017/4/28,6.961,6.961,6.961,6.961,0.26%
2017/4/27,6.943,6.943,6.943,6.943,-0.20%
2017/4/26,6.957,6.957,6.957,6.957,0.33%
2017/4/25,6.934,6.934,6.934,6.934,-0.13%
2017/4/24,6.943,6.943,6.943,6.943,0.29%
2017/4/22,6.923,6.923,6.923,6.923,0.07%
2017/4/21,6.918,6.918,6.918,6.918,0.58%
2017/4/20,6.878,6.878,6.878,6.878,0.36%
2017/4/19,6.853,6.853,6.853,6.853,-0.15%
2017/4/18,6.863,6.863,6.863,6.863,0.23%
2017/4/17,6.847,6.847,6.847,6.847,0.38%
2017/4/13,6.821,6.821,6.821,6.821,0.62%
2017/4/12,6.779,6.779,6.779,6.779,-0.47%
2017/4/11,6.811,6.811,6.811,6.811,-0.79%
2017/4/10,6.865,6.865,6.865,6.865,0.67%
2017/4/7,6.819,6.819,6.819,6.819,0.75%
2017/4/6,6.768,6.768,6.768,6.768,1.76%
2017/4/5,6.651,6.651,6.651,6.651,0.05%
2017/4/3,6.648,6.648,6.648,6.648,-0.15%
2017/3/31,6.658,6.658,6.658,6.658,-0.43%
2017/3/30,6.687,6.687,6.687,6.687,-0.92%
2017/3/29,6.749,6.749,6.749,6.749,0.61%
2017/3/27,6.708,6.708,6.708,6.708,-1.76%
2017/3/24,6.828,6.828,6.828,6.828,-0.03%
2017/3/23,6.83,6.83,6.83,6.83,0.28%
2017/3/22,6.811,6.811,6.811,6.811,-1.09%
2017/3/21,6.886,6.886,6.886,6.886,-0.13%
2017/3/20,6.895,6.895,6.895,6.895,0.52%
2017/3/18,6.859,6.859,6.859,6.859,-0.01%
2017/3/17,6.86,6.86,6.86,6.86,0.26%
2017/3/16,6.842,6.842,6.842,6.842,0.23%
2017/3/15,6.826,6.826,6.826,6.826,-1.07%
2017/3/14,6.9,6.9,6.9,6.9,-0.06%
2017/3/10,6.904,6.904,6.904,6.904,0.73%
2017/3/9,6.854,6.854,6.854,6.854,-0.15%
2017/3/8,6.864,6.864,6.864,6.864,0.47%
2017/3/7,6.832,6.832,6.832,6.832,-0.51%
2017/3/6,6.867,6.867,6.867,6.867,1.42%
2017/3/3,6.771,6.771,6.771,6.771,-0.88%
2017/3/2,6.831,6.831,6.831,6.831,-1.40%
2017/3/1,6.928,6.928,6.928,6.928,0.84%
2017/2/28,6.87,6.87,6.87,6.87,-0.15%
2017/2/27,6.88,6.88,6.88,6.88,-0.51%
2017/2/23,6.915,6.915,6.915,6.915,-0.29%
2017/2/22,6.935,6.935,6.935,6.935,0.49%
2017/2/20,6.901,6.901,6.901,6.901,0.76%
2017/2/17,6.849,6.849,6.849,6.849,0.10%
2017/2/16,6.842,6.842,6.842,6.842,-0.29%
2017/2/15,6.862,6.862,6.862,6.862,-0.19%
2017/2/14,6.875,6.875,6.875,6.875,0.69%
2017/2/13,6.828,6.828,6.828,6.828,0.34%
2017/2/10,6.805,6.805,6.805,6.805,-0.73%
2017/2/9,6.855,6.855,6.855,6.855,1.60%
2017/2/8,6.747,6.747,6.747,6.747,4.91%
2017/2/7,6.431,6.431,6.431,6.431,0.30%
2017/2/6,6.412,6.412,6.412,6.412,0.06%
2017/2/3,6.408,6.408,6.408,6.408,0.12%
2017/2/2,6.4,6.4,6.4,6.4,-0.40%
2017/2/1,6.426,6.426,6.426,6.426,0.30%
2017/1/31,6.407,6.407,6.407,6.407,0.03%
2017/1/30,6.405,6.405,6.405,6.405,0.11%
2017/1/27,6.398,6.398,6.398,6.398,-0.39%
2017/1/25,6.423,6.423,6.423,6.423,-0.22%
2017/1/24,6.437,6.437,6.437,6.437,-0.22%
2017/1/23,6.451,6.451,6.451,6.451,-0.17%
2017/1/20,6.462,6.462,6.462,6.462,-0.19%
2017/1/19,6.474,6.474,6.474,6.474,0.34%
2017/1/18,6.452,6.452,6.452,6.452,0.51%
2017/1/17,6.419,6.419,6.419,6.419,-0.33%
2017/1/16,6.44,6.44,6.44,6.44,0.36%
2017/1/13,6.417,6.417,6.417,6.417,0.71%
2017/1/12,6.372,6.372,6.372,6.372,-0.30%
2017/1/11,6.391,6.391,6.391,6.391,-0.11%
2017/1/10,6.398,6.398,6.398,6.398,0.06%
2017/1/9,6.394,6.394,6.394,6.394,0.14%
2017/1/6,6.385,6.385,6.385,6.385,0.00%
2017/1/5,6.385,6.385,6.385,6.385,0.39%
2017/1/4,6.36,6.36,6.36,6.36,-1.24%
2017/1/3,6.44,6.44,6.44,6.44,0.59%
2017/1/2,6.402,6.402,6.402,6.402,-1.69%
2016/12/30,6.512,6.512,6.512,6.512,-0.17%
2016/12/29,6.523,6.523,6.523,6.523,-0.88%
2016/12/28,6.581,6.581,6.581,6.581,-0.09%
2016/12/27,6.587,6.587,6.587,6.587,0.26%
2016/12/26,6.57,6.57,6.57,6.57,0.40%
2016/12/23,6.544,6.544,6.544,6.544,0.40%
2016/12/22,6.518,6.518,6.518,6.518,0.90%
2016/12/21,6.46,6.46,6.46,6.46,-0.31%
2016/12/20,6.48,6.48,6.48,6.48,-0.46%
2016/12/19,6.51,6.51,6.51,6.51,0.09%
2016/12/16,6.504,6.504,6.504,6.504,-0.52%
2016/12/15,6.538,6.538,6.538,6.538,2.09%
2016/12/14,6.404,6.404,6.404,6.404,-0.30%
2016/12/13,6.423,6.423,6.423,6.423,-0.22%
2016/12/9,6.437,6.437,6.437,6.437,0.58%
2016/12/8,6.4,6.4,6.4,6.4,-0.16%
2016/12/7,6.41,6.41,6.41,6.41,3.37%
2016/12/6,6.201,6.201,6.201,6.201,-0.24%
2016/12/5,6.216,6.216,6.216,6.216,-0.40%
2016/12/2,6.241,6.241,6.241,6.241,0.47%
2016/12/1,6.212,6.212,6.212,6.212,-0.50%
2016/11/30,6.243,6.243,6.243,6.243,-1.17%
2016/11/29,6.317,6.317,6.317,6.317,-0.09%
2016/11/28,6.323,6.323,6.323,6.323,1.51%
2016/11/25,6.229,6.229,6.229,6.229,0.74%
2016/11/24,6.183,6.183,6.183,6.183,-1.51%
2016/11/23,6.278,6.278,6.278,6.278,-0.46%
2016/11/22,6.307,6.307,6.307,6.307,0.05%
2016/11/21,6.304,6.304,6.304,6.304,-1.93%
2016/11/18,6.428,6.428,6.428,6.428,0.14%
2016/11/17,6.419,6.419,6.419,6.419,-0.39%
2016/11/16,6.444,6.444,6.444,6.444,-1.32%
2016/11/15,6.53,6.53,6.53,6.53,-2.86%
2016/11/11,6.722,6.722,6.722,6.722,0.98%
2016/11/10,6.657,6.657,6.657,6.657,-0.14%
2016/11/9,6.666,6.666,6.666,6.666,-1.91%
2016/11/8,6.796,6.796,6.796,6.796,-0.56%
2016/11/7,6.834,6.834,6.834,6.834,-0.06%
2016/11/4,6.838,6.838,6.838,6.838,0.22%
2016/11/3,6.823,6.823,6.823,6.823,-1.12%
2016/11/2,6.9,6.9,6.9,6.9,-0.12%
2016/11/1,6.908,6.908,6.908,6.908,0.33%
2016/10/28,6.885,6.885,6.885,6.885,-0.04%
2016/10/27,6.888,6.888,6.888,6.888,0.25%
2016/10/26,6.871,6.871,6.871,6.871,0.01%
2016/10/25,6.87,6.87,6.87,6.87,0.20%
2016/10/24,6.856,6.856,6.856,6.856,0.12%
2016/10/21,6.848,6.848,6.848,6.848,0.01%
2016/10/20,6.847,6.847,6.847,6.847,0.41%
2016/10/19,6.819,6.819,6.819,6.819,0.10%
2016/10/18,6.812,6.812,6.812,6.812,-0.47%
2016/10/17,6.844,6.844,6.844,6.844,-0.15%
2016/10/15,6.854,6.854,6.854,6.854,0.03%
2016/10/14,6.852,6.852,6.852,6.852,0.35%
2016/10/13,6.828,6.828,6.828,6.828,0.13%
2016/10/10,6.819,6.819,6.819,6.819,-0.42%
2016/10/7,6.848,6.848,6.848,6.848,0.41%
2016/10/6,6.82,6.82,6.82,6.82,0.34%
2016/10/5,6.797,6.797,6.797,6.797,-0.59%
2016/10/4,6.837,6.837,6.837,6.837,-0.90%
2016/10/3,6.899,6.899,6.899,6.899,-0.85%
2016/9/30,6.958,6.958,6.958,6.958,-0.78%
2016/9/29,7.013,7.013,7.013,7.013,1.33%
2016/9/28,6.921,6.921,6.921,6.921,-0.17%
2016/9/27,6.933,6.933,6.933,6.933,-0.01%
2016/9/26,6.934,6.934,6.934,6.934,-0.46%
2016/9/24,6.966,6.966,6.966,6.966,0.00%
2016/9/23,6.966,6.966,6.966,6.966,-0.16%
2016/9/22,6.977,6.977,6.977,6.977,-0.88%
2016/9/21,7.039,7.039,7.039,7.039,-0.37%
2016/9/20,7.065,7.065,7.065,7.065,0.18%
2016/9/19,7.052,7.052,7.052,7.052,0.00%
2016/9/17,7.052,7.052,7.052,7.052,0.01%
2016/9/16,7.051,7.051,7.051,7.051,-0.23%
2016/9/15,7.067,7.067,7.067,7.067,-0.18%
2016/9/14,7.08,7.08,7.08,7.08,-0.04%
2016/9/12,7.083,7.083,7.083,7.083,0.37%
2016/9/9,7.057,7.057,7.057,7.057,0.21%
2016/9/8,7.042,7.042,7.042,7.042,-0.18%
2016/9/7,7.055,7.055,7.055,7.055,-0.59%
2016/9/6,7.097,7.097,7.097,7.097,-0.31%
2016/9/2,7.119,7.119,7.119,7.119,0.01%
2016/9/1,7.118,7.118,7.118,7.118,0.11%
2016/8/31,7.11,7.11,7.11,7.11,0.04%
2016/8/30,7.107,7.107,7.107,7.107,-0.20%
2016/8/29,7.121,7.121,7.121,7.121,-0.08%
2016/8/26,7.127,7.127,7.127,7.127,0.07%
2016/8/25,7.122,7.122,7.122,7.122,-0.17%
2016/8/24,7.134,7.134,7.134,7.134,-0.34%
2016/8/23,7.158,7.158,7.158,7.158,0.03%
2016/8/22,7.156,7.156,7.156,7.156,0.80%
2016/8/19,7.099,7.099,7.099,7.099,-0.57%
2016/8/18,7.14,7.14,7.14,7.14,0.51%
2016/8/16,7.104,7.104,7.104,7.104,0.01%
2016/8/13,7.103,7.103,7.103,7.103,0.03%
2016/8/12,7.101,7.101,7.101,7.101,0.25%
2016/8/11,7.083,7.083,7.083,7.083,-0.25%
2016/8/10,7.101,7.101,7.101,7.101,-0.32%
2016/8/9,7.124,7.124,7.124,7.124,-0.68%
2016/8/8,7.173,7.173,7.173,7.173,0.07%
2016/8/6,7.168,7.168,7.168,7.168,0.03%
2016/8/5,7.166,7.166,7.166,7.166,-0.04%
2016/8/4,7.169,7.169,7.169,7.169,-0.35%
2016/8/3,7.194,7.194,7.194,7.194,0.28%
2016/8/2,7.174,7.174,7.174,7.174,0.49%
2016/8/1,7.139,7.139,7.139,7.139,-0.34%
2016/7/29,7.163,7.163,7.163,7.163,-0.31%
2016/7/28,7.185,7.185,7.185,7.185,-0.90%
2016/7/27,7.25,7.25,7.25,7.25,-0.03%
2016/7/26,7.252,7.252,7.252,7.252,0.06%
2016/7/25,7.248,7.248,7.248,7.248,-0.01%
2016/7/22,7.249,7.249,7.249,7.249,-0.17%
2016/7/21,7.261,7.261,7.261,7.261,-0.12%
2016/7/20,7.27,7.27,7.27,7.27,-0.14%
2016/7/19,7.28,7.28,7.28,7.28,-0.19%
2016/7/18,7.294,7.294,7.294,7.294,0.30%
2016/7/15,7.272,7.272,7.272,7.272,-0.18%
2016/7/14,7.285,7.285,7.285,7.285,0.01%
2016/7/13,7.284,7.284,7.284,7.284,-0.72%
2016/7/12,7.337,7.337,7.337,7.337,-0.64%
2016/7/11,7.384,7.384,7.384,7.384,0.00%
2016/7/8,7.384,7.384,7.384,7.384,0.04%
2016/7/7,7.381,7.381,7.381,7.381,-0.18%
2016/7/5,7.394,7.394,7.394,7.394,-0.42%
2016/7/4,7.425,7.425,7.425,7.425,0.08%
2016/7/1,7.419,7.419,7.419,7.419,-0.39%
2016/6/30,7.448,7.448,7.448,7.448,0.05%
2016/6/29,7.444,7.444,7.444,7.444,-0.12%
2016/6/28,7.453,7.453,7.453,7.453,-0.08%
2016/6/27,7.459,7.459,7.459,7.459,-0.19%
2016/6/24,7.473,7.473,7.473,7.473,-0.08%
2016/6/23,7.479,7.479,7.479,7.479,0.04%
2016/6/22,7.476,7.476,7.476,7.476,-0.29%
2016/6/21,7.498,7.498,7.498,7.498,0.05%
2016/6/20,7.494,7.494,7.494,7.494,-0.09%
2016/6/17,7.501,7.501,7.501,7.501,-0.04%
2016/6/16,7.504,7.504,7.504,7.504,-0.17%
2016/6/15,7.517,7.517,7.517,7.517,0.00%
2016/6/14,7.517,7.517,7.517,7.517,-0.11%
2016/6/13,7.525,7.525,7.525,7.525,0.45%
2016/6/10,7.491,7.491,7.491,7.491,0.07%
2016/6/9,7.486,7.486,7.486,7.486,-0.03%
2016/6/8,7.488,7.488,7.488,7.488,0.08%
2016/6/7,7.482,7.482,7.482,7.482,0.09%
2016/6/6,7.475,7.475,7.475,7.475,-0.17%
2016/6/3,7.488,7.488,7.488,7.488,0.03%
2016/6/2,7.486,7.486,7.486,7.486,0.00%
2016/6/1,7.486,7.486,7.486,7.486,0.20%
2016/5/31,7.471,7.471,7.471,7.471,0.15%
2016/5/30,7.46,7.46,7.46,7.46,-0.15%
2016/5/28,7.471,7.471,7.471,7.471,0.01%
2016/5/27,7.47,7.47,7.47,7.47,0.01%
2016/5/26,7.469,7.469,7.469,7.469,0.08%
2016/5/25,7.463,7.463,7.463,7.463,-0.04%
2016/5/24,7.466,7.466,7.466,7.466,0.03%
2016/5/23,7.464,7.464,7.464,7.464,-0.16%
2016/5/20,7.476,7.476,7.476,7.476,0.08%
2016/5/19,7.47,7.47,7.47,7.47,-0.05%
2016/5/18,7.474,7.474,7.474,7.474,0.30%
2016/5/17,7.452,7.452,7.452,7.452,0.00%
2016/5/16,7.452,7.452,7.452,7.452,0.05%
2016/5/13,7.448,7.448,7.448,7.448,0.35%
2016/5/12,7.422,7.422,7.422,7.422,-0.08%
2016/5/11,7.428,7.428,7.428,7.428,0.00%
2016/5/10,7.428,7.428,7.428,7.428,0.04%
2016/5/9,7.425,7.425,7.425,7.425,-0.13%
2016/5/6,7.435,7.435,7.435,7.435,0.00%
2016/5/5,7.435,7.435,7.435,7.435,0.04%
2016/5/4,7.432,7.432,7.432,7.432,-0.13%
2016/5/3,7.442,7.442,7.442,7.442,0.04%
2016/5/2,7.439,7.439,7.439,7.439,0.05%
2016/4/29,7.435,7.435,7.435,7.435,-0.11%
2016/4/28,7.443,7.443,7.443,7.443,-0.23%
2016/4/27,7.46,7.46,7.46,7.46,-0.12%
2016/4/26,7.469,7.469,7.469,7.469,-0.01%
2016/4/25,7.47,7.47,7.47,7.47,0.19%
2016/4/22,7.456,7.456,7.456,7.456,-0.23%
2016/4/21,7.473,7.473,7.473,7.473,0.48%
2016/4/20,7.437,7.437,7.437,7.437,0.27%
2016/4/18,7.417,7.417,7.417,7.417,-0.24%
2016/4/13,7.435,7.435,7.435,7.435,0.24%
2016/4/12,7.417,7.417,7.417,7.417,0.03%
2016/4/11,7.415,7.415,7.415,7.415,-0.43%
2016/4/7,7.447,7.447,7.447,7.447,-0.17%
2016/4/6,7.46,7.46,7.46,7.46,-0.03%
2016/4/5,7.462,7.462,7.462,7.462,0.73%
2016/4/4,7.408,7.408,7.408,7.408,-0.68%
2016/3/31,7.459,7.459,7.459,7.459,-0.49%
2016/3/30,7.496,7.496,7.496,7.496,-0.24%
2016/3/29,7.514,7.514,7.514,7.514,0.21%
2016/3/28,7.498,7.498,7.498,7.498,-0.12%
2016/3/23,7.507,7.507,7.507,7.507,0.04%
2016/3/22,7.504,7.504,7.504,7.504,0.00%
2016/3/21,7.504,7.504,7.504,7.504,-0.21%
2016/3/18,7.52,7.52,7.52,7.52,0.11%
2016/3/17,7.512,7.512,7.512,7.512,-0.78%
2016/3/16,7.571,7.571,7.571,7.571,-0.12%
2016/3/15,7.58,7.58,7.58,7.58,-0.25%
2016/3/14,7.599,7.599,7.599,7.599,-0.37%
2016/3/11,7.627,7.627,7.627,7.627,-0.10%
2016/3/10,7.635,7.635,7.635,7.635,-0.25%
2016/3/9,7.654,7.654,7.654,7.654,0.16%
2016/3/8,7.642,7.642,7.642,7.642,0.12%
2016/3/4,7.633,7.633,7.633,7.633,-0.33%
2016/3/3,7.658,7.658,7.658,7.658,0.46%
2016/3/2,7.623,7.623,7.623,7.623,0.25%
2016/3/1,7.604,7.604,7.604,7.604,-0.25%
2016/2/29,7.623,7.623,7.623,7.623,-2.01%
2016/2/26,7.779,7.779,7.779,7.779,-1.04%
2016/2/25,7.861,7.861,7.861,7.861,0.37%
2016/2/24,7.832,7.832,7.832,7.832,0.13%
2016/2/23,7.822,7.822,7.822,7.822,0.63%
2016/2/22,7.773,7.773,7.773,7.773,0.45%
2016/2/18,7.738,7.738,7.738,7.738,-0.62%
2016/2/17,7.786,7.786,7.786,7.786,0.08%
2016/2/16,7.78,7.78,7.78,7.78,0.34%
2016/2/15,7.754,7.754,7.754,7.754,0.40%
2016/2/12,7.723,7.723,7.723,7.723,0.09%
2016/2/11,7.716,7.716,7.716,7.716,-0.08%
2016/2/10,7.722,7.722,7.722,7.722,-0.21%
2016/2/9,7.738,7.738,7.738,7.738,0.17%
2016/2/8,7.725,7.725,7.725,7.725,-1.24%
2016/2/5,7.822,7.822,7.822,7.822,-0.17%
2016/2/4,7.835,7.835,7.835,7.835,-0.18%
2016/2/3,7.849,7.849,7.849,7.849,0.00%
2016/2/2,7.849,7.849,7.849,7.849,0.73%
2016/2/1,7.792,7.792,7.792,7.792,0.17%
2016/1/29,7.779,7.779,7.779,7.779,-0.33%
2016/1/28,7.805,7.805,7.805,7.805,0.22%
2016/1/27,7.788,7.788,7.788,7.788,-0.22%
2016/1/25,7.805,7.805,7.805,7.805,0.39%
2016/1/22,7.775,7.775,7.775,7.775,0.35%
2016/1/21,7.748,7.748,7.748,7.748,-0.08%
2016/1/20,7.754,7.754,7.754,7.754,-0.33%
2016/1/19,7.78,7.78,7.78,7.78,-0.40%
2016/1/18,7.811,7.811,7.811,7.811,0.06%
2016/1/15,7.806,7.806,7.806,7.806,0.26%
2016/1/14,7.786,7.786,7.786,7.786,0.27%
2016/1/13,7.765,7.765,7.765,7.765,0.08%
2016/1/12,7.759,7.759,7.759,7.759,0.06%
2016/1/11,7.754,7.754,7.754,7.754,0.17%
2016/1/8,7.741,7.741,7.741,7.741,0.06%
2016/1/7,7.736,7.736,7.736,7.736,0.00%
2016/1/6,7.736,7.736,7.736,7.736,-0.04%
2016/1/5,7.739,7.739,7.739,7.739,0.21%
2016/1/4,7.723,7.723,7.723,7.723,-0.05%
2016/1/1,7.727,7.727,7.727,7.727,-0.40%
2015/12/31,7.758,7.758,7.758,7.758,0.12%
2015/12/30,7.749,7.749,7.749,7.749,-0.08%
2015/12/29,7.755,7.755,7.755,7.755,-0.01%
2015/12/28,7.756,7.756,7.756,7.756,0.09%
2015/12/23,7.749,7.749,7.749,7.749,-0.09%
2015/12/22,7.756,7.756,7.756,7.756,-0.22%
2015/12/21,7.773,7.773,7.773,7.773,0.62%
2015/12/18,7.725,7.725,7.725,7.725,0.22%
2015/12/17,7.708,7.708,7.708,7.708,-0.34%
2015/12/16,7.734,7.734,7.734,7.734,-0.68%
2015/12/15,7.787,7.787,7.787,7.787,-0.37%
2015/12/14,7.816,7.816,7.816,7.816,0.55%
2015/12/11,7.773,7.773,7.773,7.773,-0.09%
2015/12/10,7.78,7.78,7.78,7.78,0.04%
2015/12/9,7.777,7.777,7.777,7.777,-0.23%
2015/12/8,7.795,7.795,7.795,7.795,0.53%
2015/12/7,7.754,7.754,7.754,7.754,-0.04%
2015/12/4,7.757,7.757,7.757,7.757,0.58%
2015/12/3,7.712,7.712,7.712,7.712,-0.39%
2015/12/2,7.742,7.742,7.742,7.742,0.28%
2015/12/1,7.72,7.72,7.72,7.72,-0.85%
2015/11/30,7.786,7.786,7.786,7.786,0.26%
2015/11/27,7.766,7.766,7.766,7.766,0.60%
2015/11/26,7.72,7.72,7.72,7.72,0.22%
2015/11/24,7.703,7.703,7.703,7.703,-0.16%
2015/11/23,7.715,7.715,7.715,7.715,0.23%
2015/11/20,7.697,7.697,7.697,7.697,0.33%
2015/11/19,7.672,7.672,7.672,7.672,-0.09%
2015/11/18,7.679,7.679,7.679,7.679,0.16%
2015/11/17,7.667,7.667,7.667,7.667,0.20%
2015/11/16,7.652,7.652,7.652,7.652,0.08%
2015/11/13,7.646,7.646,7.646,7.646,-0.47%
2015/11/10,7.682,7.682,7.682,7.682,-0.56%
2015/11/9,7.725,7.725,7.725,7.725,0.52%
2015/11/6,7.685,7.685,7.685,7.685,0.08%
2015/11/5,7.679,7.679,7.679,7.679,0.35%
2015/11/4,7.652,7.652,7.652,7.652,0.08%
2015/11/3,7.646,7.646,7.646,7.646,0.22%
2015/11/2,7.629,7.629,7.629,7.629,-0.14%
2015/10/30,7.64,7.64,7.64,7.64,0.14%
2015/10/29,7.629,7.629,7.629,7.629,0.50%
2015/10/28,7.591,7.591,7.591,7.591,-0.17%
2015/10/27,7.604,7.604,7.604,7.604,-0.09%
2015/10/26,7.611,7.611,7.611,7.611,0.34%
2015/10/23,7.585,7.585,7.585,7.585,0.03%
2015/10/21,7.583,7.583,7.583,7.583,0.05%
2015/10/20,7.579,7.579,7.579,7.579,0.11%
2015/10/19,7.571,7.571,7.571,7.571,0.09%
2015/10/16,7.564,7.564,7.564,7.564,0.21%
2015/10/15,7.548,7.548,7.548,7.548,-0.08%
2015/10/14,7.554,7.554,7.554,7.554,-0.08%
2015/10/13,7.56,7.56,7.56,7.56,-0.26%
2015/10/12,7.58,7.58,7.58,7.58,0.46%
2015/10/9,7.545,7.545,7.545,7.545,0.12%
2015/10/8,7.536,7.536,7.536,7.536,-0.05%
2015/10/7,7.54,7.54,7.54,7.54,0.17%
2015/10/6,7.527,7.527,7.527,7.527,0.19%
2015/10/5,7.513,7.513,7.513,7.513,-0.66%
2015/10/3,7.563,7.563,7.563,7.563,0.03%
2015/10/1,7.561,7.561,7.561,7.561,0.29%
2015/9/30,7.539,7.539,7.539,7.539,-0.95%
2015/9/29,7.611,7.611,7.611,7.611,-1.48%
2015/9/28,7.725,7.725,7.725,7.725,0.13%
2015/9/24,7.715,7.715,7.715,7.715,0.00%
2015/9/23,7.715,7.715,7.715,7.715,0.00%
2015/9/22,7.715,7.715,7.715,7.715,0.16%
2015/9/21,7.703,7.703,7.703,7.703,0.08%
2015/9/18,7.697,7.697,7.697,7.697,-0.72%
2015/9/16,7.753,7.753,7.753,7.753,-0.04%
2015/9/15,7.756,7.756,7.756,7.756,0.01%
2015/9/14,7.755,7.755,7.755,7.755,-0.21%
2015/9/11,7.771,7.771,7.771,7.771,-0.01%
2015/9/10,7.772,7.772,7.772,7.772,0.08%
2015/9/9,7.766,7.766,7.766,7.766,-0.06%
2015/9/8,7.771,7.771,7.771,7.771,-0.38%
2015/9/7,7.801,7.801,7.801,7.801,0.62%
2015/9/4,7.753,7.753,7.753,7.753,0.09%
2015/9/3,7.746,7.746,7.746,7.746,-0.05%
2015/9/2,7.75,7.75,7.75,7.75,-0.01%
2015/9/1,7.751,7.751,7.751,7.751,-0.42%
2015/8/31,7.784,7.784,7.784,7.784,0.09%
2015/8/28,7.777,7.777,7.777,7.777,0.14%
2015/8/27,7.766,7.766,7.766,7.766,-0.32%
2015/8/26,7.791,7.791,7.791,7.791,-0.29%
2015/8/25,7.814,7.814,7.814,7.814,-1.00%
2015/8/24,7.893,7.893,7.893,7.893,1.40%
2015/8/21,7.784,7.784,7.784,7.784,0.48%
2015/8/20,7.747,7.747,7.747,7.747,0.08%
2015/8/19,7.741,7.741,7.741,7.741,-0.04%
2015/8/17,7.744,7.744,7.744,7.744,-0.01%
2015/8/14,7.745,7.745,7.745,7.745,0.01%
2015/8/13,7.744,7.744,7.744,7.744,-0.67%
2015/8/12,7.796,7.796,7.796,7.796,0.00%
2015/8/11,7.796,7.796,7.796,7.796,0.10%
2015/8/10,7.788,7.788,7.788,7.788,-0.27%
2015/8/7,7.809,7.809,7.809,7.809,0.04%
2015/8/6,7.806,7.806,7.806,7.806,-0.38%
2015/8/5,7.836,7.836,7.836,7.836,-0.05%
2015/8/4,7.84,7.84,7.84,7.84,0.35%
2015/8/3,7.813,7.813,7.813,7.813,0.09%
2015/7/31,7.806,7.806,7.806,7.806,-0.19%
2015/7/30,7.821,7.821,7.821,7.821,0.15%
2015/7/29,7.809,7.809,7.809,7.809,0.05%
2015/7/28,7.805,7.805,7.805,7.805,-0.29%
2015/7/27,7.828,7.828,7.828,7.828,-0.03%
2015/7/24,7.83,7.83,7.83,7.83,0.35%
2015/7/23,7.803,7.803,7.803,7.803,-0.32%
2015/7/22,7.828,7.828,7.828,7.828,-0.10%
2015/7/21,7.836,7.836,7.836,7.836,-0.05%
2015/7/20,7.84,7.84,7.84,7.84,0.11%
2015/7/18,7.831,7.831,7.831,7.831,0.01%
2015/7/17,7.83,7.83,7.83,7.83,-0.19%
2015/7/16,7.845,7.845,7.845,7.845,0.08%
2015/7/15,7.839,7.839,7.839,7.839,0.20%
2015/7/14,7.823,7.823,7.823,7.823,-0.56%
2015/7/13,7.867,7.867,7.867,7.867,0.83%
2015/7/10,7.802,7.802,7.802,7.802,0.13%
2015/7/9,7.792,7.792,7.792,7.792,0.14%
2015/7/8,7.781,7.781,7.781,7.781,0.01%
2015/7/7,7.78,7.78,7.78,7.78,0.35%
2015/7/6,7.753,7.753,7.753,7.753,-0.59%
2015/7/3,7.799,7.799,7.799,7.799,-0.15%
2015/7/2,7.811,7.811,7.811,7.811,-0.08%
2015/7/1,7.817,7.817,7.817,7.817,-0.56%
2015/6/30,7.861,7.861,7.861,7.861,-0.32%
2015/6/29,7.886,7.886,7.886,7.886,0.83%
2015/6/26,7.821,7.821,7.821,7.821,-0.03%
2015/6/25,7.823,7.823,7.823,7.823,0.24%
2015/6/24,7.804,7.804,7.804,7.804,0.72%
2015/6/23,7.748,7.748,7.748,7.748,0.16%
2015/6/22,7.736,7.736,7.736,7.736,0.36%
2015/6/19,7.708,7.708,7.708,7.708,-0.71%
2015/6/18,7.763,7.763,7.763,7.763,-1.06%
2015/6/17,7.846,7.846,7.846,7.846,-0.46%
2015/6/16,7.882,7.882,7.882,7.882,0.24%
2015/6/15,7.863,7.863,7.863,7.863,-0.29%
2015/6/12,7.886,7.886,7.886,7.886,0.09%
2015/6/11,7.879,7.879,7.879,7.879,0.69%
2015/6/10,7.825,7.825,7.825,7.825,0.46%
2015/6/9,7.789,7.789,7.789,7.789,-0.15%
2015/6/8,7.801,7.801,7.801,7.801,-2.28%
2015/6/5,7.983,7.983,7.983,7.983,-0.34%
2015/6/4,8.01,8.01,8.01,8.01,0.74%
2015/6/3,7.951,7.951,7.951,7.951,0.23%
2015/6/2,7.933,7.933,7.933,7.933,1.42%
2015/6/1,7.822,7.822,7.822,7.822,0.08%
2015/5/30,7.816,7.816,7.816,7.816,0.01%
2015/5/29,7.815,7.815,7.815,7.815,-0.50%
2015/5/28,7.854,7.854,7.854,7.854,-0.18%
2015/5/27,7.868,7.868,7.868,7.868,-0.29%
2015/5/26,7.891,7.891,7.891,7.891,0.34%
2015/5/25,7.864,7.864,7.864,7.864,0.08%
2015/5/22,7.858,7.858,7.858,7.858,-0.23%
2015/5/21,7.876,7.876,7.876,7.876,0.27%
2015/5/20,7.855,7.855,7.855,7.855,-0.04%
2015/5/19,7.858,7.858,7.858,7.858,-0.51%
2015/5/18,7.898,7.898,7.898,7.898,-0.60%
2015/5/15,7.946,7.946,7.946,7.946,0.09%
2015/5/14,7.939,7.939,7.939,7.939,-0.23%
2015/5/13,7.957,7.957,7.957,7.957,0.09%
2015/5/12,7.95,7.95,7.95,7.95,0.81%
2015/5/11,7.886,7.886,7.886,7.886,-1.14%
2015/5/8,7.977,7.977,7.977,7.977,-0.20%
2015/5/7,7.993,7.993,7.993,7.993,1.29%
2015/5/6,7.891,7.891,7.891,7.891,0.54%
2015/5/5,7.849,7.849,7.849,7.849,-0.14%
2015/4/30,7.86,7.86,7.86,7.86,0.58%
2015/4/29,7.815,7.815,7.815,7.815,0.70%
2015/4/28,7.761,7.761,7.761,7.761,-0.22%
2015/4/27,7.778,7.778,7.778,7.778,-0.12%
2015/4/24,7.787,7.787,7.787,7.787,0.39%
2015/4/23,7.757,7.757,7.757,7.757,0.05%
2015/4/22,7.753,7.753,7.753,7.753,-0.26%
2015/4/21,7.773,7.773,7.773,7.773,-0.27%
2015/4/20,7.794,7.794,7.794,7.794,0.04%
2015/4/17,7.791,7.791,7.791,7.791,-0.10%
2015/4/16,7.799,7.799,7.799,7.799,0.22%
2015/4/15,7.782,7.782,7.782,7.782,-0.18%
2015/4/13,7.796,7.796,7.796,7.796,-0.06%
2015/4/10,7.801,7.801,7.801,7.801,0.35%
2015/4/9,7.774,7.774,7.774,7.774,-0.15%
2015/4/8,7.786,7.786,7.786,7.786,0.00%
2015/4/7,7.786,7.786,7.786,7.786,0.84%
2015/4/6,7.721,7.721,7.721,7.721,-0.22%
2015/3/31,7.738,7.738,7.738,7.738,-0.30%
2015/3/30,7.761,7.761,7.761,7.761,-0.19%
2015/3/27,7.776,7.776,7.776,7.776,-0.27%
2015/3/26,7.797,7.797,7.797,7.797,0.32%
2015/3/25,7.772,7.772,7.772,7.772,0.28%
2015/3/24,7.75,7.75,7.75,7.75,-0.08%
2015/3/23,7.756,7.756,7.756,7.756,0.13%
2015/3/20,7.746,7.746,7.746,7.746,-0.13%
2015/3/19,7.756,7.756,7.756,7.756,-0.46%
2015/3/18,7.792,7.792,7.792,7.792,0.13%
2015/3/17,7.782,7.782,7.782,7.782,-0.28%
2015/3/16,7.804,7.804,7.804,7.804,0.10%
2015/3/13,7.796,7.796,7.796,7.796,0.96%
2015/3/12,7.722,7.722,7.722,7.722,-0.48%
2015/3/11,7.759,7.759,7.759,7.759,0.15%
2015/3/10,7.747,7.747,7.747,7.747,0.09%
2015/3/9,7.74,7.74,7.74,7.74,0.45%
2015/3/5,7.705,7.705,7.705,7.705,0.26%
2015/3/4,7.685,7.685,7.685,7.685,-0.89%
2015/3/3,7.754,7.754,7.754,7.754,0.17%
2015/3/2,7.741,7.741,7.741,7.741,0.22%
2015/2/27,7.724,7.724,7.724,7.724,-0.18%
2015/2/26,7.738,7.738,7.738,7.738,0.42%
2015/2/25,7.706,7.706,7.706,7.706,-0.13%
2015/2/24,7.716,7.716,7.716,7.716,0.18%
2015/2/23,7.702,7.702,7.702,7.702,0.09%
2015/2/20,7.695,7.695,7.695,7.695,-0.19%
2015/2/19,7.71,7.71,7.71,7.71,0.03%
2015/2/18,7.708,7.708,7.708,7.708,0.01%
2015/2/16,7.707,7.707,7.707,7.707,0.13%
2015/2/13,7.697,7.697,7.697,7.697,-0.59%
2015/2/12,7.743,7.743,7.743,7.743,0.14%
2015/2/11,7.732,7.732,7.732,7.732,0.05%
2015/2/10,7.728,7.728,7.728,7.728,0.00%
2015/2/9,7.728,7.728,7.728,7.728,0.36%
2015/2/6,7.7,7.7,7.7,7.7,0.01%
2015/2/5,7.699,7.699,7.699,7.699,-0.23%
2015/2/4,7.717,7.717,7.717,7.717,-0.13%
2015/2/3,7.727,7.727,7.727,7.727,0.98%
2015/2/2,7.652,7.652,7.652,7.652,-0.51%
2015/1/30,7.691,7.691,7.691,7.691,-0.26%
2015/1/29,7.711,7.711,7.711,7.711,0.08%
2015/1/28,7.705,7.705,7.705,7.705,0.01%
2015/1/27,7.704,7.704,7.704,7.704,0.00%
2015/1/23,7.704,7.704,7.704,7.704,-0.10%
2015/1/22,7.712,7.712,7.712,7.712,0.29%
2015/1/21,7.69,7.69,7.69,7.69,-0.43%
2015/1/20,7.723,7.723,7.723,7.723,0.00%
2015/1/19,7.723,7.723,7.723,7.723,0.22%
2015/1/16,7.706,7.706,7.706,7.706,0.16%
2015/1/15,7.694,7.694,7.694,7.694,-1.00%
2015/1/14,7.772,7.772,7.772,7.772,0.05%
2015/1/13,7.768,7.768,7.768,7.768,-0.56%
2015/1/12,7.812,7.812,7.812,7.812,-0.41%
2015/1/9,7.844,7.844,7.844,7.844,-0.20%
2015/1/8,7.86,7.86,7.86,7.86,0.05%
2015/1/7,7.856,7.856,7.856,7.856,-0.54%
2015/1/6,7.899,7.899,7.899,7.899,0.09%
2015/1/5,7.892,7.892,7.892,7.892,0.25%
2015/1/2,7.872,7.872,7.872,7.872,-0.10%
2015/1/1,7.88,7.88,7.88,7.88,0.32%
2014/12/31,7.855,7.855,7.855,7.855,-0.23%
2014/12/30,7.873,7.873,7.873,7.873,-0.68%
2014/12/29,7.927,7.927,7.927,7.927,-0.64%
2014/12/26,7.978,7.978,7.978,7.978,0.23%
2014/12/24,7.96,7.96,7.96,7.96,0.48%
2014/12/23,7.922,7.922,7.922,7.922,-0.40%
2014/12/22,7.954,7.954,7.954,7.954,-0.08%
2014/12/19,7.96,7.96,7.96,7.96,0.40%
2014/12/18,7.928,7.928,7.928,7.928,-0.51%
2014/12/17,7.969,7.969,7.969,7.969,-0.23%
2014/12/16,7.987,7.987,7.987,7.987,1.98%
2014/12/15,7.832,7.832,7.832,7.832,0.03%
2014/12/12,7.83,7.83,7.83,7.83,-0.46%
2014/12/11,7.866,7.866,7.866,7.866,-0.53%
2014/12/10,7.908,7.908,7.908,7.908,0.08%
2014/12/9,7.902,7.902,7.902,7.902,-0.19%
2014/12/8,7.917,7.917,7.917,7.917,-0.24%
2014/12/5,7.936,7.936,7.936,7.936,-0.39%
2014/12/4,7.967,7.967,7.967,7.967,-0.05%
2014/12/3,7.971,7.971,7.971,7.971,0.03%
2014/12/2,7.969,7.969,7.969,7.969,-1.12%
2014/12/1,8.059,8.059,8.059,8.059,-0.35%
2014/11/28,8.087,8.087,8.087,8.087,-0.74%
2014/11/27,8.147,8.147,8.147,8.147,0.05%
2014/11/26,8.143,8.143,8.143,8.143,-0.18%
2014/11/25,8.158,8.158,8.158,8.158,-0.05%
2014/11/24,8.162,8.162,8.162,8.162,-0.07%
2014/11/21,8.168,8.168,8.168,8.168,0.12%
2014/11/20,8.158,8.158,8.158,8.158,-0.07%
2014/11/19,8.164,8.164,8.164,8.164,0.13%
2014/11/18,8.153,8.153,8.153,8.153,-0.34%
2014/11/17,8.181,8.181,8.181,8.181,-0.41%
2014/11/14,8.215,8.215,8.215,8.215,-0.07%
2014/11/13,8.221,8.221,8.221,8.221,0.77%
2014/11/12,8.158,8.158,8.158,8.158,-0.33%
2014/11/11,8.185,8.185,8.185,8.185,0.09%
2014/11/10,8.178,8.178,8.178,8.178,-0.38%
2014/11/7,8.209,8.209,8.209,8.209,0.22%
2014/11/5,8.191,8.191,8.191,8.191,-0.82%
2014/11/3,8.259,8.259,8.259,8.259,-0.23%
2014/10/31,8.278,8.278,8.278,8.278,-0.13%
2014/10/30,8.289,8.289,8.289,8.289,-0.35%
2014/10/29,8.318,8.318,8.318,8.318,-0.05%
2014/10/28,8.322,8.322,8.322,8.322,0.07%
2014/10/27,8.316,8.316,8.316,8.316,-0.48%
2014/10/22,8.356,8.356,8.356,8.356,-0.18%
2014/10/21,8.371,8.371,8.371,8.371,0.14%
2014/10/20,8.359,8.359,8.359,8.359,-0.36%
2014/10/17,8.389,8.389,8.389,8.389,0.23%
2014/10/16,8.37,8.37,8.37,8.37,-0.33%
2014/10/15,8.398,8.398,8.398,8.398,0.01%
2014/10/14,8.397,8.397,8.397,8.397,-0.25%
2014/10/13,8.418,8.418,8.418,8.418,-0.45%
2014/10/10,8.456,8.456,8.456,8.456,-0.11%
2014/10/9,8.465,8.465,8.465,8.465,0.68%
2014/10/8,8.408,8.408,8.408,8.408,-0.53%
2014/10/7,8.453,8.453,8.453,8.453,-0.28%
2014/10/1,8.477,8.477,8.477,8.477,-0.40%
2014/9/30,8.511,8.511,8.511,8.511,0.25%
2014/9/29,8.49,8.49,8.49,8.49,0.56%
2014/9/27,8.443,8.443,8.443,8.443,0.02%
2014/9/26,8.441,8.441,8.441,8.441,-0.54%
2014/9/25,8.487,8.487,8.487,8.487,0.07%
2014/9/24,8.481,8.481,8.481,8.481,0.17%
2014/9/23,8.467,8.467,8.467,8.467,0.38%
2014/9/22,8.435,8.435,8.435,8.435,-0.24%
2014/9/19,8.455,8.455,8.455,8.455,0.02%
2014/9/18,8.453,8.453,8.453,8.453,-0.53%
2014/9/17,8.498,8.498,8.498,8.498,0.00%
2014/9/16,8.498,8.498,8.498,8.498,-0.07%
2014/9/15,8.504,8.504,8.504,8.504,-0.01%
2014/9/13,8.505,8.505,8.505,8.505,0.05%
2014/9/12,8.501,8.501,8.501,8.501,-0.05%
2014/9/11,8.505,8.505,8.505,8.505,-0.44%
2014/9/10,8.543,8.543,8.543,8.543,0.25%
2014/9/9,8.522,8.522,8.522,8.522,0.24%
2014/9/8,8.502,8.502,8.502,8.502,-0.23%
2014/9/5,8.522,8.522,8.522,8.522,0.00%
2014/9/4,8.522,8.522,8.522,8.522,0.00%
2014/9/3,8.522,8.522,8.522,8.522,0.04%
2014/9/2,8.519,8.519,8.519,8.519,-0.36%
2014/9/1,8.55,8.55,8.55,8.55,-0.11%
2014/8/28,8.559,8.559,8.559,8.559,0.04%
2014/8/27,8.556,8.556,8.556,8.556,0.02%
2014/8/26,8.554,8.554,8.554,8.554,-0.02%
2014/8/25,8.556,8.556,8.556,8.556,0.47%
2014/8/22,8.516,8.516,8.516,8.516,0.05%
2014/8/21,8.512,8.512,8.512,8.512,0.39%
2014/8/20,8.479,8.479,8.479,8.479,-0.62%
2014/8/19,8.532,8.532,8.532,8.532,-2.08%
2014/8/14,8.713,8.713,8.713,8.713,-0.58%
2014/8/13,8.764,8.764,8.764,8.764,-0.92%
2014/8/12,8.845,8.845,8.845,8.845,0.32%
2014/8/11,8.817,8.817,8.817,8.817,-0.40%
2014/8/8,8.852,8.852,8.852,8.852,0.00%
2014/8/7,8.852,8.852,8.852,8.852,-0.15%
2014/8/6,8.865,8.865,8.865,8.865,0.35%
2014/8/5,8.834,8.834,8.834,8.834,1.18%
2014/8/4,8.731,8.731,8.731,8.731,-0.27%
2014/8/2,8.755,8.755,8.755,8.755,0.00%
2014/8/1,8.755,8.755,8.755,8.755,0.42%
2014/7/31,8.718,8.718,8.718,8.718,-0.11%
2014/7/30,8.728,8.728,8.728,8.728,0.24%
2014/7/28,8.707,8.707,8.707,8.707,0.42%
2014/7/25,8.671,8.671,8.671,8.671,0.27%
2014/7/24,8.648,8.648,8.648,8.648,-0.14%
2014/7/23,8.66,8.66,8.66,8.66,-0.35%
2014/7/22,8.69,8.69,8.69,8.69,-0.02%
2014/7/21,8.692,8.692,8.692,8.692,-0.88%
2014/7/18,8.769,8.769,8.769,8.769,0.38%
2014/7/17,8.736,8.736,8.736,8.736,0.14%
2014/7/16,8.724,8.724,8.724,8.724,-0.13%
2014/7/15,8.735,8.735,8.735,8.735,-0.52%
2014/7/14,8.781,8.781,8.781,8.781,0.11%
2014/7/12,8.771,8.771,8.771,8.771,0.05%
2014/7/11,8.767,8.767,8.767,8.767,0.02%
2014/7/10,8.765,8.765,8.765,8.765,0.44%
2014/7/9,8.727,8.727,8.727,8.727,0.00%
2014/7/8,8.727,8.727,8.727,8.727,0.36%
2014/7/7,8.696,8.696,8.696,8.696,0.38%
2014/7/4,8.663,8.663,8.663,8.663,0.07%
2014/7/3,8.657,8.657,8.657,8.657,0.00%
2014/7/2,8.657,8.657,8.657,8.657,-0.92%
2014/7/1,8.737,8.737,8.737,8.737,-0.08%
2014/6/30,8.744,8.744,8.744,8.744,-0.03%
2014/6/27,8.747,8.747,8.747,8.747,0.18%
2014/6/26,8.731,8.731,8.731,8.731,0.33%
2014/6/25,8.702,8.702,8.702,8.702,-0.17%
2014/6/24,8.717,8.717,8.717,8.717,-0.64%
2014/6/23,8.773,8.773,8.773,8.773,0.56%
2014/6/20,8.724,8.724,8.724,8.724,0.41%
2014/6/19,8.688,8.688,8.688,8.688,0.20%
2014/6/18,8.671,8.671,8.671,8.671,0.85%
2014/6/17,8.598,8.598,8.598,8.598,-0.59%
2014/6/16,8.649,8.649,8.649,8.649,0.63%
2014/6/13,8.595,8.595,8.595,8.595,0.56%
2014/6/12,8.547,8.547,8.547,8.547,0.14%
2014/6/11,8.535,8.535,8.535,8.535,-0.30%
2014/6/10,8.561,8.561,8.561,8.561,0.15%
2014/6/9,8.548,8.548,8.548,8.548,0.42%
2014/6/6,8.512,8.512,8.512,8.512,-0.16%
2014/6/5,8.526,8.526,8.526,8.526,-0.71%
2014/6/4,8.587,8.587,8.587,8.587,-0.13%
2014/6/3,8.598,8.598,8.598,8.598,-0.72%
2014/6/2,8.66,8.66,8.66,8.66,0.17%
2014/5/30,8.645,8.645,8.645,8.645,-0.30%
2014/5/29,8.671,8.671,8.671,8.671,-0.37%
2014/5/28,8.703,8.703,8.703,8.703,0.35%
2014/5/27,8.673,8.673,8.673,8.673,-0.02%
2014/5/26,8.675,8.675,8.675,8.675,0.44%
2014/5/23,8.637,8.637,8.637,8.637,-0.85%
2014/5/22,8.711,8.711,8.711,8.711,-0.65%
2014/5/21,8.768,8.768,8.768,8.768,-0.98%
2014/5/20,8.855,8.855,8.855,8.855,-0.09%
2014/5/19,8.863,8.863,8.863,8.863,0.33%
2014/5/16,8.834,8.834,8.834,8.834,0.60%
2014/5/15,8.781,8.781,8.781,8.781,-0.03%
2014/5/13,8.784,8.784,8.784,8.784,0.65%
2014/5/12,8.727,8.727,8.727,8.727,-0.22%
2014/5/9,8.746,8.746,8.746,8.746,-0.14%
2014/5/8,8.758,8.758,8.758,8.758,-0.50%
2014/5/7,8.802,8.802,8.802,8.802,0.27%
2014/5/6,8.778,8.778,8.778,8.778,0.49%
2014/5/5,8.735,8.735,8.735,8.735,-0.83%
2014/5/2,8.808,8.808,8.808,8.808,-0.23%
2014/4/30,8.828,8.828,8.828,8.828,0.00%
2014/4/29,8.828,8.828,8.828,8.828,-0.28%
2014/4/28,8.853,8.853,8.853,8.853,-0.34%
2014/4/25,8.883,8.883,8.883,8.883,0.36%
2014/4/23,8.851,8.851,8.851,8.851,-0.03%
2014/4/22,8.854,8.854,8.854,8.854,-0.09%
2014/4/21,8.862,8.862,8.862,8.862,0.14%
2014/4/17,8.85,8.85,8.85,8.85,-1.27%
2014/4/16,8.964,8.964,8.964,8.964,0.12%
2014/4/15,8.953,8.953,8.953,8.953,0.13%
2014/4/11,8.941,8.941,8.941,8.941,-0.68%
2014/4/10,9.002,9.002,9.002,9.002,-0.33%
2014/4/9,9.032,9.032,9.032,9.032,-0.76%
2014/4/7,9.101,9.101,9.101,9.101,0.40%
2014/4/4,9.065,9.065,9.065,9.065,0.63%
2014/4/3,9.008,9.008,9.008,9.008,0.51%
2014/4/2,8.962,8.962,8.962,8.962,1.73%
2014/4/1,8.81,8.81,8.81,8.81,0.07%
2014/3/28,8.804,8.804,8.804,8.804,-0.14%
2014/3/27,8.816,8.816,8.816,8.816,0.38%
2014/3/26,8.783,8.783,8.783,8.783,-0.06%
2014/3/25,8.788,8.788,8.788,8.788,0.06%
2014/3/24,8.783,8.783,8.783,8.783,-0.14%
2014/3/21,8.795,8.795,8.795,8.795,-0.27%
2014/3/20,8.819,8.819,8.819,8.819,0.48%
2014/3/19,8.777,8.777,8.777,8.777,-0.26%
2014/3/18,8.8,8.8,8.8,8.8,0.10%
2014/3/14,8.791,8.791,8.791,8.791,0.64%
2014/3/13,8.735,8.735,8.735,8.735,0.23%
2014/3/12,8.715,8.715,8.715,8.715,-0.21%
2014/3/11,8.733,8.733,8.733,8.733,-0.22%
2014/3/10,8.752,8.752,8.752,8.752,-0.67%
2014/3/7,8.811,8.811,8.811,8.811,0.22%
2014/3/6,8.792,8.792,8.792,8.792,-0.57%
2014/3/5,8.842,8.842,8.842,8.842,0.07%
2014/3/4,8.836,8.836,8.836,8.836,-0.76%
2014/3/3,8.904,8.904,8.904,8.904,0.47%
2014/2/28,8.862,8.862,8.862,8.862,-0.59%
2014/2/26,8.915,8.915,8.915,8.915,0.45%
2014/2/25,8.875,8.875,8.875,8.875,-0.11%
2014/2/24,8.885,8.885,8.885,8.885,1.02%
2014/2/21,8.795,8.795,8.795,8.795,0.08%
2014/2/20,8.788,8.788,8.788,8.788,0.23%
2014/2/18,8.768,8.768,8.768,8.768,-0.42%
2014/2/17,8.805,8.805,8.805,8.805,-0.03%
2014/2/14,8.808,8.808,8.808,8.808,-0.64%
2014/2/13,8.865,8.865,8.865,8.865,0.61%
2014/2/12,8.811,8.811,8.811,8.811,0.81%
2014/2/11,8.74,8.74,8.74,8.74,0.58%
2014/2/10,8.69,8.69,8.69,8.69,-0.53%
2014/2/7,8.736,8.736,8.736,8.736,0.22%
2014/2/6,8.717,8.717,8.717,8.717,0.11%
2014/2/5,8.707,8.707,8.707,8.707,0.32%
2014/2/4,8.679,8.679,8.679,8.679,-0.63%
2014/2/3,8.734,8.734,8.734,8.734,-0.41%
2014/1/31,8.77,8.77,8.77,8.77,-0.57%
2014/1/30,8.82,8.82,8.82,8.82,0.52%
2014/1/29,8.774,8.774,8.774,8.774,0.30%
2014/1/28,8.748,8.748,8.748,8.748,-0.19%
2014/1/27,8.765,8.765,8.765,8.765,0.31%
2014/1/24,8.738,8.738,8.738,8.738,0.84%
2014/1/23,8.665,8.665,8.665,8.665,0.66%
2014/1/22,8.608,8.608,8.608,8.608,0.64%
2014/1/21,8.553,8.553,8.553,8.553,0.42%
2014/1/20,8.517,8.517,8.517,8.517,-1.28%
2014/1/17,8.627,8.627,8.627,8.627,0.14%
2014/1/16,8.615,8.615,8.615,8.615,-0.28%
2014/1/15,8.639,8.639,8.639,8.639,-0.83%
2014/1/13,8.711,8.711,8.711,8.711,-0.54%
2014/1/10,8.758,8.758,8.758,8.758,-0.36%
2014/1/9,8.79,8.79,8.79,8.79,-0.12%
2014/1/8,8.801,8.801,8.801,8.801,0.14%
2014/1/7,8.789,8.789,8.789,8.789,0.07%
2014/1/6,8.783,8.783,8.783,8.783,-0.58%
2014/1/3,8.834,8.834,8.834,8.834,-0.07%
2014/1/2,8.84,8.84,8.84,8.84,-0.05%
2014/1/1,8.844,8.844,8.844,8.844,0.27%
2013/12/31,8.82,8.82,8.82,8.82,-0.43%
2013/12/30,8.858,8.858,8.858,8.858,-1.13%
2013/12/27,8.959,8.959,8.959,8.959,0.79%
2013/12/26,8.889,8.889,8.889,8.889,0.23%
2013/12/25,8.869,8.869,8.869,8.869,0.03%
2013/12/24,8.866,8.866,8.866,8.866,0.56%
2013/12/23,8.817,8.817,8.817,8.817,0.23%
2013/12/20,8.797,8.797,8.797,8.797,0.62%
2013/12/19,8.743,8.743,8.743,8.743,-0.47%
2013/12/18,8.784,8.784,8.784,8.784,-1.47%
2013/12/17,8.915,8.915,8.915,8.915,0.56%
2013/12/16,8.865,8.865,8.865,8.865,-0.52%
2013/12/13,8.911,8.911,8.911,8.911,0.69%
2013/12/12,8.85,8.85,8.85,8.85,0.27%
2013/12/11,8.826,8.826,8.826,8.826,-0.10%
2013/12/10,8.835,8.835,8.835,8.835,-0.77%
2013/12/9,8.904,8.904,8.904,8.904,-2.85%
2013/12/6,9.165,9.165,9.165,9.165,0.63%
2013/12/5,9.108,9.108,9.108,9.108,0.20%
2013/12/4,9.09,9.09,9.09,9.09,0.23%
2013/12/3,9.069,9.069,9.069,9.069,0.23%
2013/12/2,9.048,9.048,9.048,9.048,0.04%
2013/11/29,9.044,9.044,9.044,9.044,0.33%
2013/11/28,9.014,9.014,9.014,9.014,0.20%
2013/11/27,8.996,8.996,8.996,8.996,-0.51%
2013/11/26,9.042,9.042,9.042,9.042,-0.50%
2013/11/25,9.087,9.087,9.087,9.087,-0.13%
2013/11/22,9.099,9.099,9.099,9.099,0.24%
2013/11/21,9.077,9.077,9.077,9.077,0.46%
2013/11/20,9.035,9.035,9.035,9.035,0.29%
2013/11/19,9.009,9.009,9.009,9.009,0.10%
2013/11/18,9,9,9,9,-0.27%
2013/11/15,9.024,9.024,9.024,9.024,0.00%
2013/11/14,9.024,9.024,9.024,9.024,1.19%
2013/11/13,8.918,8.918,8.918,8.918,-1.49%
2013/11/12,9.053,9.053,9.053,9.053,1.11%
2013/11/11,8.954,8.954,8.954,8.954,-0.40%
2013/11/8,8.99,8.99,8.99,8.99,1.59%
2013/11/7,8.849,8.849,8.849,8.849,0.33%
2013/11/6,8.82,8.82,8.82,8.82,0.95%
2013/11/5,8.737,8.737,8.737,8.737,0.37%
2013/11/4,8.705,8.705,8.705,8.705,0.00%
2013/11/3,8.705,8.705,8.705,8.705,0.06%
2013/11/1,8.7,8.7,8.7,8.7,0.87%
2013/10/31,8.625,8.625,8.625,8.625,0.61%
2013/10/30,8.573,8.573,8.573,8.573,0.45%
2013/10/29,8.535,8.535,8.535,8.535,-1.40%
2013/10/28,8.656,8.656,8.656,8.656,0.90%
2013/10/25,8.579,8.579,8.579,8.579,-0.05%
2013/10/24,8.583,8.583,8.583,8.583,-0.56%
2013/10/23,8.631,8.631,8.631,8.631,0.29%
2013/10/22,8.606,8.606,8.606,8.606,0.02%
2013/10/21,8.604,8.604,8.604,8.604,0.61%
2013/10/18,8.552,8.552,8.552,8.552,-0.58%
2013/10/17,8.602,8.602,8.602,8.602,-0.70%
2013/10/16,8.663,8.663,8.663,8.663,0.03%
2013/10/15,8.66,8.66,8.66,8.66,0.99%
2013/10/14,8.575,8.575,8.575,8.575,1.01%
2013/10/11,8.489,8.489,8.489,8.489,0.81%
2013/10/10,8.421,8.421,8.421,8.421,-0.40%
2013/10/9,8.455,8.455,8.455,8.455,-0.48%
2013/10/8,8.496,8.496,8.496,8.496,-2.15%
2013/10/7,8.683,8.683,8.683,8.683,0.81%
2013/10/4,8.613,8.613,8.613,8.613,-0.25%
2013/10/3,8.635,8.635,8.635,8.635,-1.14%
2013/10/2,8.735,8.735,8.735,8.735,0.08%
2013/10/1,8.728,8.728,8.728,8.728,-0.43%
2013/9/30,8.766,8.766,8.766,8.766,0.64%
2013/9/27,8.71,8.71,8.71,8.71,-0.09%
2013/9/26,8.718,8.718,8.718,8.718,-0.77%
2013/9/25,8.786,8.786,8.786,8.786,-0.60%
2013/9/24,8.839,8.839,8.839,8.839,-0.14%
2013/9/23,8.851,8.851,8.851,8.851,3.18%
2013/9/20,8.578,8.578,8.578,8.578,4.70%
2013/9/19,8.193,8.193,8.193,8.193,-2.14%
2013/9/18,8.372,8.372,8.372,8.372,-0.78%
2013/9/17,8.438,8.438,8.438,8.438,0.11%
2013/9/16,8.429,8.429,8.429,8.429,-0.68%
2013/9/13,8.487,8.487,8.487,8.487,-0.15%
2013/9/12,8.5,8.5,8.5,8.5,0.43%
2013/9/11,8.464,8.464,8.464,8.464,-0.11%
2013/9/10,8.473,8.473,8.473,8.473,-1.83%
2013/9/9,8.631,8.631,8.631,8.631,0.00%
2013/9/8,8.631,8.631,8.631,8.631,0.00%
2013/9/7,8.631,8.631,8.631,8.631,0.00%
2013/9/6,8.631,8.631,8.631,8.631,2.53%
2013/9/5,8.418,8.418,8.418,8.418,0.38%
2013/9/4,8.386,8.386,8.386,8.386,-2.26%
2013/9/3,8.58,8.58,8.58,8.58,1.38%
2013/9/2,8.463,8.463,8.463,8.463,-1.55%
2013/8/30,8.596,8.596,8.596,8.596,-1.97%
2013/8/29,8.769,8.769,8.769,8.769,-2.14%
2013/8/28,8.961,8.961,8.961,8.961,2.00%
2013/8/27,8.785,8.785,8.785,8.785,5.35%
2013/8/26,8.339,8.339,8.339,8.339,0.91%
2013/8/23,8.264,8.264,8.264,8.264,0.36%
2013/8/22,8.234,8.234,8.234,8.234,-2.07%
2013/8/21,8.408,8.408,8.408,8.408,-5.56%
2013/8/20,8.903,8.903,8.903,8.903,-3.52%
2013/8/19,9.228,9.228,9.228,9.228,3.87%
2013/8/16,8.884,8.884,8.884,8.884,4.49%
2013/8/15,8.502,8.502,8.502,8.502,0.04%
2013/8/14,8.499,8.499,8.499,8.499,1.20%
2013/8/13,8.398,8.398,8.398,8.398,1.22%
2013/8/12,8.297,8.297,8.297,8.297,2.10%
2013/8/10,8.126,8.126,8.126,8.126,0.00%
2013/8/9,8.126,8.126,8.126,8.126,0.01%
2013/8/8,8.125,8.125,8.125,8.125,-0.16%
2013/8/7,8.138,8.138,8.138,8.138,-0.73%
2013/8/6,8.198,8.198,8.198,8.198,-0.04%
2013/8/5,8.201,8.201,8.201,8.201,-0.99%
2013/8/2,8.283,8.283,8.283,8.283,2.70%
2013/8/1,8.065,8.065,8.065,8.065,-1.31%
2013/7/31,8.172,8.172,8.172,8.172,-1.01%
2013/7/30,8.255,8.255,8.255,8.255,1.55%
2013/7/29,8.129,8.129,8.129,8.129,-0.40%
2013/7/26,8.162,8.162,8.162,8.162,-0.38%
2013/7/25,8.193,8.193,8.193,8.193,-2.74%
2013/7/24,8.424,8.424,8.424,8.424,3.05%
2013/7/23,8.175,8.175,8.175,8.175,1.09%
2013/7/22,8.087,8.087,8.087,8.087,1.86%
2013/7/19,7.939,7.939,7.939,7.939,-0.60%
2013/7/18,7.987,7.987,7.987,7.987,-0.81%
2013/7/17,8.052,8.052,8.052,8.052,-0.20%
2013/7/16,8.068,8.068,8.068,8.068,6.86%
2013/7/15,7.55,7.55,7.55,7.55,0.20%
2013/7/12,7.535,7.535,7.535,7.535,0.87%
2013/7/11,7.47,7.47,7.47,7.47,-0.69%
2013/7/10,7.522,7.522,7.522,7.522,-0.34%
2013/7/9,7.548,7.548,7.548,7.548,-0.32%
2013/7/8,7.572,7.572,7.572,7.572,1.00%
2013/7/5,7.497,7.497,7.497,7.497,1.05%
2013/7/4,7.419,7.419,7.419,7.419,-1.11%
2013/7/3,7.502,7.502,7.502,7.502,0.51%
2013/7/2,7.464,7.464,7.464,7.464,0.12%
2013/7/1,7.455,7.455,7.455,7.455,0.22%
2013/6/28,7.439,7.439,7.439,7.439,-1.56%
2013/6/27,7.557,7.557,7.557,7.557,-0.29%
2013/6/26,7.579,7.579,7.579,7.579,1.09%
2013/6/25,7.497,7.497,7.497,7.497,-0.28%
2013/6/24,7.518,7.518,7.518,7.518,1.14%
2013/6/21,7.433,7.433,7.433,7.433,0.54%
2013/6/20,7.393,7.393,7.393,7.393,1.79%
2013/6/19,7.263,7.263,7.263,7.263,-0.22%
2013/6/18,7.279,7.279,7.279,7.279,0.33%
2013/6/17,7.255,7.255,7.255,7.255,-0.81%
2013/6/14,7.314,7.314,7.314,7.314,-0.23%
2013/6/13,7.331,7.331,7.331,7.331,0.55%
2013/6/12,7.291,7.291,7.291,7.291,-0.15%
2013/6/11,7.302,7.302,7.302,7.302,0.33%
2013/6/10,7.278,7.278,7.278,7.278,0.50%
2013/6/8,7.242,7.242,7.242,7.242,0.00%
2013/6/7,7.242,7.242,7.242,7.242,0.42%
2013/6/6,7.212,7.212,7.212,7.212,0.06%
2013/6/5,7.208,7.208,7.208,7.208,0.22%
2013/6/4,7.192,7.192,7.192,7.192,-0.72%
2013/6/3,7.244,7.244,7.244,7.244,-2.67%
2013/5/31,7.443,7.443,7.443,7.443,0.03%
2013/5/30,7.441,7.441,7.441,7.441,0.69%
2013/5/29,7.39,7.39,7.39,7.39,0.46%
2013/5/28,7.356,7.356,7.356,7.356,0.29%
2013/5/27,7.335,7.335,7.335,7.335,-0.08%
2013/5/25,7.341,7.341,7.341,7.341,0.00%
2013/5/24,7.341,7.341,7.341,7.341,-0.56%
2013/5/23,7.382,7.382,7.382,7.382,0.23%
2013/5/22,7.365,7.365,7.365,7.365,0.19%
2013/5/21,7.351,7.351,7.351,7.351,0.18%
2013/5/20,7.338,7.338,7.338,7.338,-0.89%
2013/5/17,7.404,7.404,7.404,7.404,0.18%
2013/5/16,7.391,7.391,7.391,7.391,-0.89%
2013/5/15,7.457,7.457,7.457,7.457,-0.20%
2013/5/14,7.472,7.472,7.472,7.472,-1.49%
2013/5/13,7.585,7.585,7.585,7.585,-0.01%
2013/5/10,7.586,7.586,7.586,7.586,-0.25%
2013/5/9,7.605,7.605,7.605,7.605,-1.16%
2013/5/8,7.694,7.694,7.694,7.694,-0.63%
2013/5/7,7.743,7.743,7.743,7.743,-0.08%
2013/5/6,7.749,7.749,7.749,7.749,0.18%
2013/5/3,7.735,7.735,7.735,7.735,0.16%
2013/5/2,7.723,7.723,7.723,7.723,-0.10%
2013/5/1,7.731,7.731,7.731,7.731,0.00%
2013/4/30,7.731,7.731,7.731,7.731,-0.40%
2013/4/29,7.762,7.762,7.762,7.762,0.25%
2013/4/26,7.743,7.743,7.743,7.743,-0.39%
2013/4/25,7.773,7.773,7.773,7.773,0.44%
2013/4/24,7.739,7.739,7.739,7.739,0.06%
2013/4/23,7.734,7.734,7.734,7.734,-0.25%
2013/4/22,7.753,7.753,7.753,7.753,-0.37%
2013/4/19,7.782,7.782,7.782,7.782,0.06%
2013/4/18,7.777,7.777,7.777,7.777,-0.33%
2013/4/17,7.803,7.803,7.803,7.803,-0.26%
2013/4/16,7.823,7.823,7.823,7.823,-0.10%
2013/4/15,7.831,7.831,7.831,7.831,-0.48%
2013/4/12,7.869,7.869,7.869,7.869,-0.39%
2013/4/11,7.9,7.9,7.9,7.9,0.01%
2013/4/10,7.899,7.899,7.899,7.899,0.22%
2013/4/9,7.882,7.882,7.882,7.882,-0.35%
2013/4/8,7.91,7.91,7.91,7.91,-0.26%
2013/4/5,7.931,7.931,7.931,7.931,-0.39%
2013/4/4,7.962,7.962,7.962,7.962,-0.03%
2013/4/3,7.964,7.964,7.964,7.964,-0.36%
2013/4/2,7.993,7.993,7.993,7.993,0.41%
2013/3/29,7.96,7.96,7.96,7.96,0.11%
2013/3/28,7.951,7.951,7.951,7.951,-0.49%
2013/3/27,7.99,7.99,7.99,7.99,0.00%
2013/3/26,7.99,7.99,7.99,7.99,0.53%
2013/3/25,7.948,7.948,7.948,7.948,-0.16%
2013/3/22,7.961,7.961,7.961,7.961,0.35%
2013/3/21,7.933,7.933,7.933,7.933,0.14%
2013/3/20,7.922,7.922,7.922,7.922,0.24%
2013/3/19,7.903,7.903,7.903,7.903,0.24%
2013/3/18,7.884,7.884,7.884,7.884,0.29%
2013/3/15,7.861,7.861,7.861,7.861,-0.05%
2013/3/14,7.865,7.865,7.865,7.865,-0.48%
2013/3/13,7.903,7.903,7.903,7.903,0.19%
2013/3/12,7.888,7.888,7.888,7.888,0.61%
2013/3/11,7.84,7.84,7.84,7.84,0.01%
2013/3/8,7.839,7.839,7.839,7.839,-0.29%
2013/3/7,7.862,7.862,7.862,7.862,0.03%
2013/3/6,7.86,7.86,7.86,7.86,-0.14%
2013/3/5,7.871,7.871,7.871,7.871,-0.18%
2013/3/4,7.885,7.885,7.885,7.885,-0.29%
2013/3/1,7.908,7.908,7.908,7.908,0.46%
2013/2/28,7.872,7.872,7.872,7.872,0.95%
2013/2/27,7.798,7.798,7.798,7.798,-0.23%
2013/2/26,7.816,7.816,7.816,7.816,0.23%
2013/2/25,7.798,7.798,7.798,7.798,-0.01%
2013/2/22,7.799,7.799,7.799,7.799,-0.17%
2013/2/21,7.812,7.812,7.812,7.812,0.10%
2013/2/20,7.804,7.804,7.804,7.804,-0.29%
2013/2/19,7.827,7.827,7.827,7.827,0.04%
2013/2/18,7.824,7.824,7.824,7.824,-0.10%
2013/2/15,7.832,7.832,7.832,7.832,0.18%
2013/2/14,7.818,7.818,7.818,7.818,-0.33%
2013/2/13,7.844,7.844,7.844,7.844,-0.29%
2013/2/12,7.867,7.867,7.867,7.867,0.11%
2013/2/11,7.858,7.858,7.858,7.858,0.18%
2013/2/9,7.844,7.844,7.844,7.844,0.01%
2013/2/8,7.843,7.843,7.843,7.843,-0.44%
2013/2/7,7.878,7.878,7.878,7.878,-0.37%
2013/2/6,7.907,7.907,7.907,7.907,-0.20%
2013/2/5,7.923,7.923,7.923,7.923,-0.18%
2013/2/4,7.937,7.937,7.937,7.937,0.40%
2013/2/1,7.905,7.905,7.905,7.905,-0.09%
2013/1/31,7.912,7.912,7.912,7.912,0.27%
2013/1/30,7.891,7.891,7.891,7.891,0.56%
2013/1/29,7.847,7.847,7.847,7.847,-0.20%
2013/1/28,7.863,7.863,7.863,7.863,-0.28%
2013/1/25,7.885,7.885,7.885,7.885,0.00%
2013/1/24,7.885,7.885,7.885,7.885,0.27%
2013/1/23,7.864,7.864,7.864,7.864,0.19%
2013/1/22,7.849,7.849,7.849,7.849,-0.15%
2013/1/21,7.861,7.861,7.861,7.861,0.00%
2013/1/18,7.861,7.861,7.861,7.861,0.31%
2013/1/17,7.837,7.837,7.837,7.837,-0.56%
2013/1/16,7.881,7.881,7.881,7.881,0.63%
2013/1/15,7.832,7.832,7.832,7.832,0.41%
2013/1/14,7.8,7.8,7.8,7.8,-0.84%
2013/1/11,7.866,7.866,7.866,7.866,-0.14%
2013/1/10,7.877,7.877,7.877,7.877,-0.25%
2013/1/9,7.897,7.897,7.897,7.897,-0.11%
2013/1/8,7.906,7.906,7.906,7.906,0.08%
2013/1/7,7.9,7.9,7.9,7.9,-0.42%
2013/1/5,7.933,7.933,7.933,7.933,0.04%
2013/1/4,7.93,7.93,7.93,7.93,-0.46%
2013/1/3,7.967,7.967,7.967,7.967,-0.33%
2013/1/2,7.993,7.993,7.993,7.993,-0.01%
2013/1/1,7.994,7.994,7.994,7.994,-0.68%
2012/12/31,8.049,8.049,8.049,8.049,-0.72%
2012/12/29,8.107,8.107,8.107,8.107,0.01%
2012/12/28,8.106,8.106,8.106,8.106,-0.06%
2012/12/27,8.111,8.111,8.111,8.111,-0.01%
2012/12/26,8.112,8.112,8.112,8.112,-0.23%
2012/12/25,8.131,8.131,8.131,8.131,0.02%
2012/12/24,8.129,8.129,8.129,8.129,-0.17%
2012/12/22,8.143,8.143,8.143,8.143,0.00%
2012/12/21,8.143,8.143,8.143,8.143,-0.13%
2012/12/20,8.154,8.154,8.154,8.154,0.00%
2012/12/19,8.154,8.154,8.154,8.154,0.07%
2012/12/18,8.148,8.148,8.148,8.148,0.10%
2012/12/17,8.14,8.14,8.14,8.14,-0.02%
2012/12/15,8.142,8.142,8.142,8.142,0.00%
2012/12/14,8.142,8.142,8.142,8.142,-0.20%
2012/12/13,8.158,8.158,8.158,8.158,-0.23%
2012/12/12,8.177,8.177,8.177,8.177,-0.01%
2012/12/11,8.178,8.178,8.178,8.178,0.07%
2012/12/10,8.172,8.172,8.172,8.172,0.16%
2012/12/7,8.159,8.159,8.159,8.159,-0.13%
2012/12/6,8.17,8.17,8.17,8.17,-0.01%
2012/12/5,8.171,8.171,8.171,8.171,0.00%
2012/12/4,8.171,8.171,8.171,8.171,-0.04%
2012/12/3,8.174,8.174,8.174,8.174,-0.04%
2012/12/1,8.177,8.177,8.177,8.177,0.02%
2012/11/30,8.175,8.175,8.175,8.175,-0.38%
2012/11/29,8.206,8.206,8.206,8.206,0.18%
2012/11/28,8.191,8.191,8.191,8.191,0.00%
2012/11/27,8.191,8.191,8.191,8.191,-0.16%
2012/11/26,8.204,8.204,8.204,8.204,-0.32%
2012/11/24,8.23,8.23,8.23,8.23,0.00%
2012/11/23,8.23,8.23,8.23,8.23,0.05%
2012/11/22,8.226,8.226,8.226,8.226,0.22%
2012/11/21,8.208,8.208,8.208,8.208,0.09%
2012/11/20,8.201,8.201,8.201,8.201,0.12%
2012/11/19,8.191,8.191,8.191,8.191,-0.02%
2012/11/17,8.193,8.193,8.193,8.193,0.00%
2012/11/16,8.193,8.193,8.193,8.193,0.04%
2012/11/15,8.19,8.19,8.19,8.19,-0.28%
2012/11/13,8.213,8.213,8.213,8.213,0.02%
2012/11/12,8.211,8.211,8.211,8.211,-0.05%
2012/11/10,8.215,8.215,8.215,8.215,0.00%
2012/11/9,8.215,8.215,8.215,8.215,0.29%
2012/11/8,8.191,8.191,8.191,8.191,0.00%
2012/11/7,8.191,8.191,8.191,8.191,0.10%
2012/11/6,8.183,8.183,8.183,8.183,-0.15%
2012/11/5,8.195,8.195,8.195,8.195,-0.04%
2012/11/3,8.198,8.198,8.198,8.198,0.01%
2012/11/2,8.197,8.197,8.197,8.197,0.07%
2012/11/1,8.191,8.191,8.191,8.191,-0.29%
2012/10/31,8.215,8.215,8.215,8.215,0.42%
2012/10/30,8.181,8.181,8.181,8.181,0.59%
2012/10/29,8.133,8.133,8.133,8.133,0.04%
2012/10/26,8.13,8.13,8.13,8.13,0.02%
2012/10/25,8.128,8.128,8.128,8.128,-0.11%
2012/10/24,8.137,8.137,8.137,8.137,0.02%
2012/10/23,8.135,8.135,8.135,8.135,0.04%
2012/10/22,8.132,8.132,8.132,8.132,0.04%
2012/10/20,8.129,8.129,8.129,8.129,0.01%
2012/10/19,8.128,8.128,8.128,8.128,-0.09%
2012/10/18,8.135,8.135,8.135,8.135,-0.21%
2012/10/17,8.152,8.152,8.152,8.152,0.00%
2012/10/16,8.152,8.152,8.152,8.152,-0.21%
2012/10/15,8.169,8.169,8.169,8.169,-0.01%
2012/10/13,8.17,8.17,8.17,8.17,0.01%
2012/10/12,8.169,8.169,8.169,8.169,0.09%
2012/10/11,8.162,8.162,8.162,8.162,0.09%
2012/10/10,8.155,8.155,8.155,8.155,0.15%
2012/10/9,8.143,8.143,8.143,8.143,-0.07%
2012/10/8,8.149,8.149,8.149,8.149,-0.16%
2012/10/6,8.162,8.162,8.162,8.162,0.04%
2012/10/5,8.159,8.159,8.159,8.159,0.12%
2012/10/4,8.149,8.149,8.149,8.149,0.02%
2012/10/3,8.147,8.147,8.147,8.147,-0.17%
2012/10/2,8.161,8.161,8.161,8.161,0.00%
2012/10/1,8.161,8.161,8.161,8.161,0.11%
2012/9/29,8.152,8.152,8.152,8.152,0.04%
2012/9/28,8.149,8.149,8.149,8.149,-0.16%
2012/9/27,8.162,8.162,8.162,8.162,-0.07%
2012/9/26,8.168,8.168,8.168,8.168,0.00%
2012/9/25,8.168,8.168,8.168,8.168,0.16%
2012/9/24,8.155,8.155,8.155,8.155,-0.15%
2012/9/22,8.167,8.167,8.167,8.167,0.02%
2012/9/21,8.165,8.165,8.165,8.165,0.06%
2012/9/20,8.16,8.16,8.16,8.16,-0.10%
2012/9/19,8.168,8.168,8.168,8.168,0.04%
2012/9/18,8.165,8.165,8.165,8.165,-0.18%
2012/9/17,8.18,8.18,8.18,8.18,0.00%
2012/9/15,8.18,8.18,8.18,8.18,0.04%
2012/9/14,8.177,8.177,8.177,8.177,0.04%
2012/9/13,8.174,8.174,8.174,8.174,-0.29%
2012/9/12,8.198,8.198,8.198,8.198,0.18%
2012/9/11,8.183,8.183,8.183,8.183,0.07%
2012/9/10,8.177,8.177,8.177,8.177,-0.29%
2012/9/8,8.201,8.201,8.201,8.201,0.01%
2012/9/7,8.2,8.2,8.2,8.2,0.50%
2012/9/6,8.159,8.159,8.159,8.159,-0.24%
2012/9/5,8.179,8.179,8.179,8.179,-0.40%
2012/9/4,8.212,8.212,8.212,8.212,-0.04%
2012/9/3,8.215,8.215,8.215,8.215,-0.32%
2012/9/1,8.241,8.241,8.241,8.241,0.00%
2012/8/31,8.241,8.241,8.241,8.241,0.57%
2012/8/30,8.194,8.194,8.194,8.194,0.21%
2012/8/29,8.177,8.177,8.177,8.177,0.04%
2012/8/28,8.174,8.174,8.174,8.174,-0.15%
2012/8/27,8.186,8.186,8.186,8.186,-0.29%
2012/8/25,8.21,8.21,8.21,8.21,0.04%
2012/8/24,8.207,8.207,8.207,8.207,-0.26%
2012/8/23,8.228,8.228,8.228,8.228,0.09%
2012/8/22,8.221,8.221,8.221,8.221,-0.29%
2012/8/21,8.245,8.245,8.245,8.245,0.10%
2012/8/18,8.237,8.237,8.237,8.237,0.00%
2012/8/17,8.237,8.237,8.237,8.237,-0.34%
2012/8/16,8.265,8.265,8.265,8.265,0.54%
2012/8/15,8.221,8.221,8.221,8.221,0.02%
2012/8/14,8.219,8.219,8.219,8.219,0.18%
2012/8/13,8.204,8.204,8.204,8.204,0.42%
2012/8/11,8.17,8.17,8.17,8.17,0.07%
2012/8/10,8.164,8.164,8.164,8.164,0.28%
2012/8/9,8.141,8.141,8.141,8.141,0.04%
2012/8/8,8.138,8.138,8.138,8.138,-0.13%
2012/8/7,8.149,8.149,8.149,8.149,-0.89%
2012/8/6,8.222,8.222,8.222,8.222,-0.41%
2012/8/4,8.256,8.256,8.256,8.256,0.00%
2012/8/3,8.256,8.256,8.256,8.256,0.45%
2012/8/2,8.219,8.219,8.219,8.219,-0.13%
2012/8/1,8.23,8.23,8.23,8.23,-0.18%
2012/7/31,8.245,8.245,8.245,8.245,1.19%
2012/7/30,8.148,8.148,8.148,8.148,0.36%
2012/7/28,8.119,8.119,8.119,8.119,0.00%
2012/7/27,8.119,8.119,8.119,8.119,0.07%
2012/7/26,8.113,8.113,8.113,8.113,0.15%
2012/7/25,8.101,8.101,8.101,8.101,0.38%
2012/7/24,8.07,8.07,8.07,8.07,0.05%
2012/7/23,8.066,8.066,8.066,8.066,-0.16%
2012/7/21,8.079,8.079,8.079,8.079,0.05%
2012/7/20,8.075,8.075,8.075,8.075,-0.12%
2012/7/19,8.085,8.085,8.085,8.085,0.24%
2012/7/18,8.066,8.066,8.066,8.066,-0.30%
2012/7/17,8.09,8.09,8.09,8.09,0.51%
2012/7/16,8.049,8.049,8.049,8.049,-0.64%
2012/7/14,8.101,8.101,8.101,8.101,0.06%
2012/7/13,8.096,8.096,8.096,8.096,-0.10%
2012/7/12,8.104,8.104,8.104,8.104,-0.47%
2012/7/11,8.142,8.142,8.142,8.142,-0.11%
2012/7/10,8.151,8.151,8.151,8.151,0.04%
2012/7/9,8.148,8.148,8.148,8.148,-0.11%
2012/7/7,8.157,8.157,8.157,8.157,0.04%
2012/7/6,8.154,8.154,8.154,8.154,-0.26%
2012/7/5,8.175,8.175,8.175,8.175,0.20%
2012/7/4,8.159,8.159,8.159,8.159,-0.23%
2012/7/3,8.178,8.178,8.178,8.178,-2.45%
2012/7/2,8.383,8.383,8.383,8.383,-0.08%
2012/6/30,8.39,8.39,8.39,8.39,0.12%
2012/6/29,8.38,8.38,8.38,8.38,0.19%
2012/6/28,8.364,8.364,8.364,8.364,0.11%
2012/6/27,8.355,8.355,8.355,8.355,0.14%
2012/6/26,8.343,8.343,8.343,8.343,0.17%
2012/6/25,8.329,8.329,8.329,8.329,-0.24%
2012/6/23,8.349,8.349,8.349,8.349,0.04%
2012/6/22,8.346,8.346,8.346,8.346,0.04%
2012/6/21,8.343,8.343,8.343,8.343,-0.54%
2012/6/20,8.388,8.388,8.388,8.388,0.00%
2012/6/19,8.388,8.388,8.388,8.388,-0.47%
2012/6/18,8.428,8.428,8.428,8.428,1.08%
2012/6/16,8.338,8.338,8.338,8.338,0.02%
2012/6/15,8.336,8.336,8.336,8.336,0.12%
2012/6/14,8.326,8.326,8.326,8.326,0.41%
2012/6/13,8.292,8.292,8.292,8.292,-0.02%
2012/6/12,8.294,8.294,8.294,8.294,-0.42%
2012/6/11,8.329,8.329,8.329,8.329,-0.37%
2012/6/9,8.36,8.36,8.36,8.36,0.07%
2012/6/8,8.354,8.354,8.354,8.354,0.08%
2012/6/7,8.347,8.347,8.347,8.347,-0.29%
2012/6/6,8.371,8.371,8.371,8.371,0.47%
2012/6/5,8.332,8.332,8.332,8.332,-0.12%
2012/6/4,8.342,8.342,8.342,8.342,-0.33%
2012/6/2,8.37,8.37,8.37,8.37,0.01%
2012/6/1,8.369,8.369,8.369,8.369,-0.10%
2012/5/31,8.377,8.377,8.377,8.377,-1.71%
2012/5/30,8.523,8.523,8.523,8.523,0.06%
2012/5/29,8.518,8.518,8.518,8.518,0.07%
2012/5/28,8.512,8.512,8.512,8.512,-0.02%
2012/5/26,8.514,8.514,8.514,8.514,0.06%
2012/5/25,8.509,8.509,8.509,8.509,0.14%
2012/5/24,8.497,8.497,8.497,8.497,-0.19%
2012/5/23,8.513,8.513,8.513,8.513,-0.08%
2012/5/22,8.52,8.52,8.52,8.52,-0.26%
2012/5/21,8.542,8.542,8.542,8.542,0.20%
2012/5/19,8.525,8.525,8.525,8.525,0.00%
2012/5/18,8.525,8.525,8.525,8.525,0.35%
2012/5/17,8.495,8.495,8.495,8.495,-0.26%
2012/5/16,8.517,8.517,8.517,8.517,0.26%
2012/5/15,8.495,8.495,8.495,8.495,-0.27%
2012/5/14,8.518,8.518,8.518,8.518,-0.60%
2012/5/12,8.569,8.569,8.569,8.569,0.05%
2012/5/11,8.565,8.565,8.565,8.565,0.04%
2012/5/10,8.562,8.562,8.562,8.562,0.01%
2012/5/9,8.561,8.561,8.561,8.561,0.23%
2012/5/8,8.541,8.541,8.541,8.541,-1.71%
2012/5/7,8.69,8.69,8.69,8.69,0.45%
2012/5/5,8.651,8.651,8.651,8.651,0.24%
2012/5/4,8.63,8.63,8.63,8.63,0.13%
2012/5/3,8.619,8.619,8.619,8.619,-0.19%
2012/5/2,8.635,8.635,8.635,8.635,-0.46%
2012/5/1,8.675,8.675,8.675,8.675,0.05%
2012/4/30,8.671,8.671,8.671,8.671,0.22%
2012/4/28,8.652,8.652,8.652,8.652,0.06%
2012/4/27,8.647,8.647,8.647,8.647,-0.09%
2012/4/26,8.655,8.655,8.655,8.655,0.31%
2012/4/25,8.628,8.628,8.628,8.628,0.71%
2012/4/24,8.567,8.567,8.567,8.567,-0.01%
2012/4/23,8.568,8.568,8.568,8.568,0.23%
2012/4/21,8.548,8.548,8.548,8.548,0.06%
2012/4/20,8.543,8.543,8.543,8.543,1.59%
2012/4/19,8.409,8.409,8.409,8.409,0.60%
2012/4/18,8.359,8.359,8.359,8.359,0.22%
2012/4/17,8.341,8.341,8.341,8.341,-1.35%
2012/4/16,8.455,8.455,8.455,8.455,-0.19%
2012/4/14,8.471,8.471,8.471,8.471,0.04%
2012/4/13,8.468,8.468,8.468,8.468,0.34%
2012/4/12,8.439,8.439,8.439,8.439,-1.24%
2012/4/11,8.545,8.545,8.545,8.545,-0.54%
2012/4/10,8.591,8.591,8.591,8.591,-0.41%
2012/4/9,8.626,8.626,8.626,8.626,-0.77%
2012/4/5,8.693,8.693,8.693,8.693,0.06%
2012/4/4,8.688,8.688,8.688,8.688,-0.55%
2012/4/3,8.736,8.736,8.736,8.736,1.72%
2012/3/31,8.588,8.588,8.588,8.588,0.19%
2012/3/30,8.572,8.572,8.572,8.572,-0.40%
2012/3/29,8.606,8.606,8.606,8.606,-0.16%
2012/3/28,8.62,8.62,8.62,8.62,1.39%
2012/3/27,8.502,8.502,8.502,8.502,0.35%
2012/3/26,8.472,8.472,8.472,8.472,1.05%
2012/3/23,8.384,8.384,8.384,8.384,0.10%
2012/3/22,8.376,8.376,8.376,8.376,-0.18%
2012/3/21,8.391,8.391,8.391,8.391,-0.24%
2012/3/20,8.411,8.411,8.411,8.411,-0.06%
2012/3/19,8.416,8.416,8.416,8.416,-0.14%
2012/3/17,8.428,8.428,8.428,8.428,0.07%
2012/3/16,8.422,8.422,8.422,8.422,0.74%
2012/3/15,8.36,8.36,8.36,8.36,0.95%
2012/3/14,8.281,8.281,8.281,8.281,-0.48%
2012/3/13,8.321,8.321,8.321,8.321,0.33%
2012/3/12,8.294,8.294,8.294,8.294,0.11%
2012/3/10,8.285,8.285,8.285,8.285,0.05%
2012/3/9,8.281,8.281,8.281,8.281,0.47%
2012/3/8,8.242,8.242,8.242,8.242,0.01%
2012/3/7,8.241,8.241,8.241,8.241,0.11%
2012/3/6,8.232,8.232,8.232,8.232,0.05%
2012/3/5,8.228,8.228,8.228,8.228,0.04%
2012/3/3,8.225,8.225,8.225,8.225,0.01%
2012/3/2,8.224,8.224,8.224,8.224,-0.16%
2012/3/1,8.237,8.237,8.237,8.237,0.46%
2012/2/29,8.199,8.199,8.199,8.199,-0.16%
2012/2/28,8.212,8.212,8.212,8.212,-0.21%
2012/2/27,8.229,8.229,8.229,8.229,0.02%
2012/2/25,8.227,8.227,8.227,8.227,0.01%
2012/2/24,8.226,8.226,8.226,8.226,0.37%
2012/2/23,8.196,8.196,8.196,8.196,-0.32%
2012/2/22,8.222,8.222,8.222,8.222,0.60%
2012/2/21,8.173,8.173,8.173,8.173,-0.18%
2012/2/18,8.188,8.188,8.188,8.188,0.04%
2012/2/17,8.185,8.185,8.185,8.185,-0.15%
2012/2/16,8.197,8.197,8.197,8.197,0.00%
2012/2/15,8.197,8.197,8.197,8.197,0.21%
2012/2/14,8.18,8.18,8.18,8.18,-0.35%
2012/2/13,8.209,8.209,8.209,8.209,0.09%
2012/2/11,8.202,8.202,8.202,8.202,0.10%
2012/2/10,8.194,8.194,8.194,8.194,-0.94%
2012/2/9,8.272,8.272,8.272,8.272,0.49%
2012/2/8,8.232,8.232,8.232,8.232,0.54%
2012/2/7,8.188,8.188,8.188,8.188,0.06%
2012/2/6,8.183,8.183,8.183,8.183,0.23%
2012/2/3,8.164,8.164,8.164,8.164,0.41%
2012/2/2,8.131,8.131,8.131,8.131,-0.15%
2012/2/1,8.143,8.143,8.143,8.143,-1.50%
2012/1/31,8.267,8.267,8.267,8.267,-0.21%
2012/1/30,8.284,8.284,8.284,8.284,-0.84%
2012/1/27,8.354,8.354,8.354,8.354,0.53%
2012/1/25,8.31,8.31,8.31,8.31,-0.54%
2012/1/24,8.355,8.355,8.355,8.355,2.26%
2012/1/23,8.17,8.17,8.17,8.17,-0.13%
2012/1/20,8.181,8.181,8.181,8.181,0.15%
2012/1/19,8.169,8.169,8.169,8.169,-0.26%
2012/1/18,8.19,8.19,8.19,8.19,-0.34%
2012/1/17,8.218,8.218,8.218,8.218,-0.05%
2012/1/16,8.222,8.222,8.222,8.222,0.37%
2012/1/13,8.192,8.192,8.192,8.192,-0.72%
2012/1/12,8.251,8.251,8.251,8.251,0.23%
2012/1/11,8.232,8.232,8.232,8.232,0.05%
2012/1/10,8.228,8.228,8.228,8.228,0.33%
2012/1/9,8.201,8.201,8.201,8.201,-0.22%
2012/1/6,8.219,8.219,8.219,8.219,-1.31%
2012/1/5,8.328,8.328,8.328,8.328,-0.43%
2012/1/4,8.364,8.364,8.364,8.364,0.08%
2012/1/3,8.357,8.357,8.357,8.357,-0.62%
2012/1/2,8.409,8.409,8.409,8.409,-1.76%
2011/12/30,8.56,8.56,8.56,8.56,0.28%
2011/12/29,8.536,8.536,8.536,8.536,0.68%
2011/12/28,8.478,8.478,8.478,8.478,0.02%
2011/12/27,8.476,8.476,8.476,8.476,-0.16%
2011/12/26,8.49,8.49,8.49,8.49,1.49%
2011/12/23,8.365,8.365,8.365,8.365,0.38%
2011/12/22,8.333,8.333,8.333,8.333,-0.08%
2011/12/21,8.34,8.34,8.34,8.34,0.77%
2011/12/20,8.276,8.276,8.276,8.276,-0.64%
2011/12/19,8.329,8.329,8.329,8.329,-0.60%
2011/12/16,8.379,8.379,8.379,8.379,-1.26%
2011/12/15,8.486,8.486,8.486,8.486,-0.06%
2011/12/14,8.491,8.491,8.491,8.491,1.05%
2011/12/13,8.403,8.403,8.403,8.403,-0.51%
2011/12/12,8.446,8.446,8.446,8.446,-1.02%
2011/12/9,8.533,8.533,8.533,8.533,0.16%
2011/12/8,8.519,8.519,8.519,8.519,-0.87%
2011/12/7,8.594,8.594,8.594,8.594,0.20%
2011/12/5,8.577,8.577,8.577,8.577,-0.81%
2011/12/2,8.647,8.647,8.647,8.647,-0.57%
2011/12/1,8.697,8.697,8.697,8.697,-0.47%
2011/11/30,8.738,8.738,8.738,8.738,-0.99%
2011/11/29,8.825,8.825,8.825,8.825,-0.02%
2011/11/28,8.827,8.827,8.827,8.827,0.18%
2011/11/25,8.811,8.811,8.811,8.811,0.20%
2011/11/24,8.793,8.793,8.793,8.793,-0.22%
2011/11/23,8.812,8.812,8.812,8.812,-0.36%
2011/11/22,8.844,8.844,8.844,8.844,0.08%
2011/11/21,8.837,8.837,8.837,8.837,-0.21%
2011/11/18,8.856,8.856,8.856,8.856,0.20%
2011/11/17,8.838,8.838,8.838,8.838,-1.55%
2011/11/16,8.977,8.977,8.977,8.977,0.08%
2011/11/15,8.97,8.97,8.97,8.97,-0.74%
2011/11/14,9.037,9.037,9.037,9.037,-0.19%
2011/11/11,9.054,9.054,9.054,9.054,-0.08%
2011/11/9,9.061,9.061,9.061,9.061,0.30%
2011/11/8,9.034,9.034,9.034,9.034,0.74%
2011/11/4,8.968,8.968,8.968,8.968,0.75%
2011/11/3,8.901,8.901,8.901,8.901,-0.03%
2011/11/2,8.904,8.904,8.904,8.904,-0.48%
2011/11/1,8.947,8.947,8.947,8.947,0.77%
2011/10/31,8.879,8.879,8.879,8.879,0.31%
2011/10/28,8.852,8.852,8.852,8.852,1.02%
2011/10/25,8.763,8.763,8.763,8.763,-0.61%
2011/10/24,8.817,8.817,8.817,8.817,-0.03%
2011/10/21,8.82,8.82,8.82,8.82,0.34%
2011/10/20,8.79,8.79,8.79,8.79,0.17%
2011/10/19,8.775,8.775,8.775,8.775,0.31%
2011/10/18,8.748,8.748,8.748,8.748,-0.10%
2011/10/17,8.757,8.757,8.757,8.757,-0.31%
2011/10/14,8.784,8.784,8.784,8.784,0.68%
2011/10/13,8.725,8.725,8.725,8.725,-0.15%
2011/10/12,8.738,8.738,8.738,8.738,0.32%
2011/10/11,8.71,8.71,8.71,8.71,-0.47%
2011/10/10,8.751,8.751,8.751,8.751,0.98%
2011/10/7,8.666,8.666,8.666,8.666,1.03%
2011/10/5,8.578,8.578,8.578,8.578,0.39%
2011/10/4,8.545,8.545,8.545,8.545,0.09%
2011/10/3,8.537,8.537,8.537,8.537,1.13%
2011/9/29,8.442,8.442,8.442,8.442,1.14%
2011/9/28,8.347,8.347,8.347,8.347,0.25%
2011/9/27,8.326,8.326,8.326,8.326,0.18%
2011/9/26,8.311,8.311,8.311,8.311,0.11%
2011/9/23,8.302,8.302,8.302,8.302,0.02%
2011/9/22,8.3,8.3,8.3,8.3,-0.34%
2011/9/21,8.328,8.328,8.328,8.328,-0.11%
2011/9/20,8.337,8.337,8.337,8.337,0.10%
2011/9/19,8.329,8.329,8.329,8.329,-0.39%
2011/9/16,8.362,8.362,8.362,8.362,0.40%
2011/9/15,8.329,8.329,8.329,8.329,-0.22%
2011/9/14,8.347,8.347,8.347,8.347,0.26%
2011/9/13,8.325,8.325,8.325,8.325,0.40%
2011/9/12,8.292,8.292,8.292,8.292,-0.26%
2011/9/9,8.314,8.314,8.314,8.314,0.22%
2011/9/8,8.296,8.296,8.296,8.296,-0.17%
2011/9/7,8.31,8.31,8.31,8.31,0.07%
2011/9/6,8.304,8.304,8.304,8.304,0.19%
2011/9/5,8.288,8.288,8.288,8.288,-0.73%
2011/9/2,8.349,8.349,8.349,8.349,0.36%
2011/8/30,8.319,8.319,8.319,8.319,-0.08%
2011/8/29,8.326,8.326,8.326,8.326,0.28%
2011/8/26,8.303,8.303,8.303,8.303,0.70%
2011/8/25,8.245,8.245,8.245,8.245,0.33%
2011/8/24,8.218,8.218,8.218,8.218,-0.57%
2011/8/23,8.265,8.265,8.265,8.265,-0.05%
2011/8/22,8.269,8.269,8.269,8.269,0.15%
2011/8/18,8.257,8.257,8.257,8.257,-0.78%
2011/8/17,8.322,8.322,8.322,8.322,0.39%
2011/8/16,8.29,8.29,8.29,8.29,-0.12%
2011/8/12,8.3,8.3,8.3,8.3,1.11%
2011/8/11,8.209,8.209,8.209,8.209,0.21%
2011/8/10,8.192,8.192,8.192,8.192,-0.43%
2011/8/9,8.227,8.227,8.227,8.227,-0.41%
2011/8/8,8.261,8.261,8.261,8.261,-0.66%
2011/8/5,8.316,8.316,8.316,8.316,-1.04%
2011/8/4,8.403,8.403,8.403,8.403,-0.24%
2011/8/3,8.423,8.423,8.423,8.423,-0.15%
2011/8/2,8.436,8.436,8.436,8.436,-0.30%
2011/8/1,8.461,8.461,8.461,8.461,0.08%
2011/7/29,8.454,8.454,8.454,8.454,-0.13%
2011/7/28,8.465,8.465,8.465,8.465,0.17%
2011/7/27,8.451,8.451,8.451,8.451,0.12%
2011/7/26,8.441,8.441,8.441,8.441,1.77%
2011/7/25,8.294,8.294,8.294,8.294,-0.24%
2011/7/22,8.314,8.314,8.314,8.314,0.48%
2011/7/21,8.274,8.274,8.274,8.274,-0.07%
2011/7/20,8.28,8.28,8.28,8.28,0.25%
2011/7/19,8.259,8.259,8.259,8.259,0.11%
2011/7/18,8.25,8.25,8.25,8.25,-0.34%
2011/7/15,8.278,8.278,8.278,8.278,0.38%
2011/7/14,8.247,8.247,8.247,8.247,-0.70%
2011/7/13,8.305,8.305,8.305,8.305,0.30%
2011/7/12,8.28,8.28,8.28,8.28,-0.49%
2011/7/11,8.321,8.321,8.321,8.321,-0.41%
2011/7/8,8.355,8.355,8.355,8.355,-0.05%
2011/7/7,8.359,8.359,8.359,8.359,0.31%
2011/7/6,8.333,8.333,8.333,8.333,-0.12%
2011/7/5,8.343,8.343,8.343,8.343,-0.17%
2011/7/4,8.357,8.357,8.357,8.357,0.04%
2011/7/1,8.354,8.354,8.354,8.354,0.34%
2011/6/30,8.326,8.326,8.326,8.326,0.08%
2011/6/29,8.319,8.319,8.319,8.319,0.37%
2011/6/28,8.288,8.288,8.288,8.288,0.31%
2011/6/27,8.262,8.262,8.262,8.262,0.18%
2011/6/24,8.247,8.247,8.247,8.247,-0.25%
2011/6/23,8.268,8.268,8.268,8.268,0.21%
2011/6/22,8.251,8.251,8.251,8.251,0.32%
2011/6/21,8.225,8.225,8.225,8.225,0.35%
2011/6/20,8.196,8.196,8.196,8.196,-0.95%
2011/6/17,8.275,8.275,8.275,8.275,-0.30%
2011/6/16,8.3,8.3,8.3,8.3,-1.16%
2011/6/15,8.397,8.397,8.397,8.397,0.74%
2011/6/14,8.335,8.335,8.335,8.335,1.08%
2011/6/13,8.246,8.246,8.246,8.246,0.13%
2011/6/10,8.235,8.235,8.235,8.235,-0.41%
2011/6/9,8.269,8.269,8.269,8.269,0.25%
2011/6/8,8.248,8.248,8.248,8.248,-0.43%
2011/6/7,8.284,8.284,8.284,8.284,0.28%
2011/6/6,8.261,8.261,8.261,8.261,-0.08%
2011/6/3,8.268,8.268,8.268,8.268,-0.13%
2011/6/2,8.279,8.279,8.279,8.279,-0.59%
2011/6/1,8.328,8.328,8.328,8.328,-0.99%
2011/5/31,8.411,8.411,8.411,8.411,-0.25%
2011/5/30,8.432,8.432,8.432,8.432,-0.30%
2011/5/27,8.457,8.457,8.457,8.457,0.71%
2011/5/26,8.397,8.397,8.397,8.397,0.27%
2011/5/25,8.374,8.374,8.374,8.374,0.00%
2011/5/24,8.374,8.374,8.374,8.374,0.36%
2011/5/23,8.344,8.344,8.344,8.344,-0.12%
2011/5/20,8.354,8.354,8.354,8.354,0.40%
2011/5/19,8.321,8.321,8.321,8.321,0.35%
2011/5/18,8.292,8.292,8.292,8.292,0.11%
2011/5/16,8.283,8.283,8.283,8.283,0.08%
2011/5/13,8.276,8.276,8.276,8.276,0.78%
2011/5/12,8.212,8.212,8.212,8.212,-0.96%
2011/5/11,8.292,8.292,8.292,8.292,0.10%
2011/5/10,8.284,8.284,8.284,8.284,0.27%
2011/5/9,8.262,8.262,8.262,8.262,0.97%
2011/5/6,8.183,8.183,8.183,8.183,-1.03%
2011/5/5,8.268,8.268,8.268,8.268,-0.31%
2011/5/4,8.294,8.294,8.294,8.294,0.78%
2011/5/3,8.23,8.23,8.23,8.23,1.12%
2011/5/2,8.139,8.139,8.139,8.139,0.05%
2011/4/29,8.135,8.135,8.135,8.135,0.30%
2011/4/28,8.111,8.111,8.111,8.111,0.25%
2011/4/27,8.091,8.091,8.091,8.091,0.00%
2011/4/26,8.091,8.091,8.091,8.091,-0.53%
2011/4/25,8.134,8.134,8.134,8.134,0.30%
2011/4/21,8.11,8.11,8.11,8.11,0.22%
2011/4/20,8.092,8.092,8.092,8.092,0.15%
2011/4/19,8.08,8.08,8.08,8.08,-0.02%
2011/4/18,8.082,8.082,8.082,8.082,0.22%
2011/4/15,8.064,8.064,8.064,8.064,0.50%
2011/4/13,8.024,8.024,8.024,8.024,0.06%
2011/4/11,8.019,8.019,8.019,8.019,0.68%
2011/4/8,7.965,7.965,7.965,7.965,-0.11%
2011/4/7,7.974,7.974,7.974,7.974,-0.20%
2011/4/6,7.99,7.99,7.99,7.99,0.16%
2011/4/5,7.977,7.977,7.977,7.977,-0.10%
2011/3/31,7.985,7.985,7.985,7.985,-0.39%
2011/3/30,8.016,8.016,8.016,8.016,0.17%
2011/3/29,8.002,8.002,8.002,8.002,0.25%
2011/3/28,7.982,7.982,7.982,7.982,-0.13%
2011/3/25,7.992,7.992,7.992,7.992,-0.26%
2011/3/24,8.013,8.013,8.013,8.013,0.00%
2011/3/23,8.013,8.013,8.013,8.013,-0.04%
2011/3/22,8.016,8.016,8.016,8.016,-0.01%
2011/3/21,8.017,8.017,8.017,8.017,0.15%
2011/3/18,8.005,8.005,8.005,8.005,0.20%
2011/3/17,7.989,7.989,7.989,7.989,0.30%
2011/3/16,7.965,7.965,7.965,7.965,0.03%
2011/3/15,7.963,7.963,7.963,7.963,0.01%
2011/3/14,7.962,7.962,7.962,7.962,-0.04%
2011/3/11,7.965,7.965,7.965,7.965,0.05%
2011/3/10,7.961,7.961,7.961,7.961,0.00%
2011/3/9,7.961,7.961,7.961,7.961,-0.04%
2011/3/8,7.964,7.964,7.964,7.964,-0.20%
2011/3/7,7.98,7.98,7.98,7.98,0.48%
2011/3/4,7.942,7.942,7.942,7.942,0.08%
2011/3/3,7.936,7.936,7.936,7.936,-0.73%
2011/3/1,7.994,7.994,7.994,7.994,0.03%
2011/2/28,7.992,7.992,7.992,7.992,-1.08%
2011/2/25,8.079,8.079,8.079,8.079,0.05%
2011/2/24,8.075,8.075,8.075,8.075,0.45%
2011/2/23,8.039,8.039,8.039,8.039,-0.30%
2011/2/22,8.063,8.063,8.063,8.063,-0.19%
2011/2/21,8.078,8.078,8.078,8.078,-0.26%
2011/2/18,8.099,8.099,8.099,8.099,0.20%
2011/2/17,8.083,8.083,8.083,8.083,-0.27%
2011/2/15,8.105,8.105,8.105,8.105,0.19%
2011/2/14,8.09,8.09,8.09,8.09,-0.46%
2011/2/11,8.127,8.127,8.127,8.127,-0.05%
2011/2/10,8.131,8.131,8.131,8.131,-0.43%
2011/2/9,8.166,8.166,8.166,8.166,-0.16%
2011/2/8,8.179,8.179,8.179,8.179,-0.34%
2011/2/7,8.207,8.207,8.207,8.207,0.13%
2011/2/4,8.196,8.196,8.196,8.196,0.42%
2011/2/3,8.162,8.162,8.162,8.162,0.15%
2011/2/2,8.15,8.15,8.15,8.15,-0.05%
2011/2/1,8.154,8.154,8.154,8.154,0.07%
2011/1/31,8.148,8.148,8.148,8.148,0.20%
2011/1/28,8.132,8.132,8.132,8.132,-0.20%
2011/1/27,8.148,8.148,8.148,8.148,-0.07%
2011/1/25,8.154,8.154,8.154,8.154,-0.38%
2011/1/24,8.185,8.185,8.185,8.185,0.17%
2011/1/21,8.171,8.171,8.171,8.171,0.50%
2011/1/20,8.13,8.13,8.13,8.13,-0.66%
2011/1/19,8.184,8.184,8.184,8.184,-0.12%
2011/1/18,8.194,8.194,8.194,8.194,-0.49%
2011/1/17,8.234,8.234,8.234,8.234,0.52%
2011/1/14,8.191,8.191,8.191,8.191,0.60%
2011/1/13,8.142,8.142,8.142,8.142,-0.44%
2011/1/12,8.178,8.178,8.178,8.178,-0.37%
2011/1/11,8.208,8.208,8.208,8.208,-0.22%
2011/1/10,8.226,8.226,8.226,8.226,0.33%
2011/1/7,8.199,8.199,8.199,8.199,0.90%
2011/1/6,8.126,8.126,8.126,8.126,0.72%
2011/1/5,8.068,8.068,8.068,8.068,0.00%
2011/1/4,8.068,8.068,8.068,8.068,1.36%
2011/1/3,7.96,7.96,7.96,7.96,0.59%
2010/12/31,7.913,7.913,7.913,7.913,-0.09%
2010/12/30,7.92,7.92,7.92,7.92,0.34%
2010/12/29,7.893,7.893,7.893,7.893,-0.13%
2010/12/28,7.903,7.903,7.903,7.903,-0.20%
2010/12/27,7.919,7.919,7.919,7.919,0.04%
2010/12/24,7.916,7.916,7.916,7.916,-0.21%
2010/12/23,7.933,7.933,7.933,7.933,-0.30%
2010/12/22,7.957,7.957,7.957,7.957,0.29%
2010/12/21,7.934,7.934,7.934,7.934,-0.41%
2010/12/20,7.967,7.967,7.967,7.967,0.10%
2010/12/16,7.959,7.959,7.959,7.959,-1.47%
2010/12/15,8.078,8.078,8.078,8.078,-0.26%
2010/12/14,8.099,8.099,8.099,8.099,-0.18%
2010/12/13,8.114,8.114,8.114,8.114,0.21%
2010/12/10,8.097,8.097,8.097,8.097,-0.34%
2010/12/9,8.125,8.125,8.125,8.125,0.14%
2010/12/8,8.114,8.114,8.114,8.114,0.21%
2010/12/7,8.097,8.097,8.097,8.097,-1.48%
2010/12/6,8.219,8.219,8.219,8.219,0.50%
2010/12/3,8.178,8.178,8.178,8.178,1.13%
2010/12/2,8.087,8.087,8.087,8.087,-0.33%
2010/12/1,8.114,8.114,8.114,8.114,0.60%
2010/11/30,8.066,8.066,8.066,8.066,0.62%
2010/11/29,8.016,8.016,8.016,8.016,0.60%
2010/11/26,7.968,7.968,7.968,7.968,-0.64%
2010/11/25,8.019,8.019,8.019,8.019,-0.17%
2010/11/24,8.033,8.033,8.033,8.033,0.46%
2010/11/23,7.996,7.996,7.996,7.996,-0.31%
2010/11/22,8.021,8.021,8.021,8.021,-0.11%
2010/11/19,8.03,8.03,8.03,8.03,0.06%
2010/11/18,8.025,8.025,8.025,8.025,-0.55%
2010/11/16,8.069,8.069,8.069,8.069,0.04%
2010/11/15,8.066,8.066,8.066,8.066,-0.28%
2010/11/12,8.089,8.089,8.089,8.089,-0.01%
2010/11/11,8.09,8.09,8.09,8.09,0.15%
2010/11/10,8.078,8.078,8.078,8.078,0.57%
2010/11/9,8.032,8.032,8.032,8.032,0.25%
2010/11/8,8.012,8.012,8.012,8.012,0.34%
2010/11/4,7.985,7.985,7.985,7.985,0.38%
2010/11/3,7.955,7.955,7.955,7.955,-0.23%
2010/11/2,7.973,7.973,7.973,7.973,-1.69%
2010/11/1,8.11,8.11,8.11,8.11,-0.14%
2010/10/29,8.121,8.121,8.121,8.121,-0.17%
2010/10/28,8.135,8.135,8.135,8.135,0.06%
2010/10/27,8.13,8.13,8.13,8.13,-0.57%
2010/10/26,8.177,8.177,8.177,8.177,0.37%
2010/10/25,8.147,8.147,8.147,8.147,0.00%
2010/10/22,8.147,8.147,8.147,8.147,0.09%
2010/10/21,8.14,8.14,8.14,8.14,-0.21%
2010/10/20,8.157,8.157,8.157,8.157,0.88%
2010/10/19,8.086,8.086,8.086,8.086,-0.11%
2010/10/18,8.095,8.095,8.095,8.095,0.31%
2010/10/15,8.07,8.07,8.07,8.07,0.56%
2010/10/14,8.025,8.025,8.025,8.025,0.04%
2010/10/13,8.022,8.022,8.022,8.022,0.01%
2010/10/12,8.021,8.021,8.021,8.021,0.26%
2010/10/11,8,8,8,8,0.11%
2010/10/8,7.991,7.991,7.991,7.991,0.55%
2010/10/7,7.947,7.947,7.947,7.947,0.21%
2010/10/6,7.93,7.93,7.93,7.93,-0.33%
2010/10/5,7.956,7.956,7.956,7.956,0.25%
2010/10/4,7.936,7.936,7.936,7.936,0.30%
2010/10/1,7.912,7.912,7.912,7.912,0.76%
2010/9/29,7.852,7.852,7.852,7.852,0.04%
2010/9/28,7.849,7.849,7.849,7.849,-0.19%
2010/9/27,7.864,7.864,7.864,7.864,-0.04%
2010/9/24,7.867,7.867,7.867,7.867,-0.73%
2010/9/23,7.925,7.925,7.925,7.925,-0.35%
2010/9/22,7.953,7.953,7.953,7.953,-0.19%
2010/9/21,7.968,7.968,7.968,7.968,-0.16%
2010/9/20,7.981,7.981,7.981,7.981,-0.05%
2010/9/17,7.985,7.985,7.985,7.985,0.15%
2010/9/16,7.973,7.973,7.973,7.973,0.31%
2010/9/15,7.948,7.948,7.948,7.948,0.05%
2010/9/14,7.944,7.944,7.944,7.944,-0.41%
2010/9/13,7.977,7.977,7.977,7.977,0.81%
2010/9/9,7.913,7.913,7.913,7.913,-0.29%
2010/9/8,7.936,7.936,7.936,7.936,-0.16%
2010/9/7,7.949,7.949,7.949,7.949,-0.51%
2010/9/6,7.99,7.99,7.99,7.99,0.25%
2010/9/3,7.97,7.97,7.97,7.97,-0.14%
2010/9/2,7.981,7.981,7.981,7.981,0.25%
2010/9/1,7.961,7.961,7.961,7.961,0.32%
2010/8/31,7.936,7.936,7.936,7.936,-0.71%
2010/8/30,7.993,7.993,7.993,7.993,0.21%
2010/8/27,7.976,7.976,7.976,7.976,-0.68%
2010/8/26,8.031,8.031,8.031,8.031,-0.45%
2010/8/25,8.067,8.067,8.067,8.067,0.69%
2010/8/24,8.012,8.012,8.012,8.012,-0.04%
2010/8/23,8.015,8.015,8.015,8.015,0.48%
2010/8/20,7.977,7.977,7.977,7.977,0.33%
2010/8/18,7.951,7.951,7.951,7.951,0.95%
2010/8/17,7.876,7.876,7.876,7.876,0.66%
2010/8/16,7.824,7.824,7.824,7.824,-0.04%
2010/8/13,7.827,7.827,7.827,7.827,-0.08%
2010/8/12,7.833,7.833,7.833,7.833,0.12%
2010/8/11,7.824,7.824,7.824,7.824,-0.20%
2010/8/10,7.84,7.84,7.84,7.84,0.29%
2010/8/9,7.817,7.817,7.817,7.817,-0.20%
2010/8/6,7.833,7.833,7.833,7.833,-0.84%
2010/8/5,7.899,7.899,7.899,7.899,0.79%
2010/8/4,7.837,7.837,7.837,7.837,0.18%
2010/8/3,7.823,7.823,7.823,7.823,-0.52%
2010/8/2,7.864,7.864,7.864,7.864,0.78%
2010/7/30,7.803,7.803,7.803,7.803,0.21%
2010/7/29,7.787,7.787,7.787,7.787,0.44%
2010/7/28,7.753,7.753,7.753,7.753,0.52%
2010/7/27,7.713,7.713,7.713,7.713,0.42%
2010/7/26,7.681,7.681,7.681,7.681,0.00%
2010/7/23,7.681,7.681,7.681,7.681,0.04%
2010/7/22,7.678,7.678,7.678,7.678,-0.05%
2010/7/21,7.682,7.682,7.682,7.682,0.42%
2010/7/20,7.65,7.65,7.65,7.65,0.39%
2010/7/19,7.62,7.62,7.62,7.62,-0.22%
2010/7/16,7.637,7.637,7.637,7.637,0.01%
2010/7/15,7.636,7.636,7.636,7.636,0.13%
2010/7/14,7.626,7.626,7.626,7.626,0.04%
2010/7/13,7.623,7.623,7.623,7.623,0.12%
2010/7/12,7.614,7.614,7.614,7.614,-0.52%
2010/7/9,7.654,7.654,7.654,7.654,0.70%
2010/7/8,7.601,7.601,7.601,7.601,0.18%
2010/7/7,7.587,7.587,7.587,7.587,-0.38%
2010/7/6,7.616,7.616,7.616,7.616,0.04%
2010/7/5,7.613,7.613,7.613,7.613,0.82%
2010/7/2,7.551,7.551,7.551,7.551,0.31%
2010/7/1,7.528,7.528,7.528,7.528,-0.44%
2010/6/30,7.561,7.561,7.561,7.561,-0.12%
2010/6/29,7.57,7.57,7.57,7.57,-0.37%
2010/6/28,7.598,7.598,7.598,7.598,-0.80%
2010/6/25,7.659,7.659,7.659,7.659,1.03%
2010/6/24,7.581,7.581,7.581,7.581,-0.05%
2010/6/23,7.585,7.585,7.585,7.585,0.17%
2010/6/22,7.572,7.572,7.572,7.572,0.05%
2010/6/21,7.568,7.568,7.568,7.568,-0.05%
2010/6/18,7.572,7.572,7.572,7.572,-0.63%
2010/6/17,7.62,7.62,7.62,7.62,0.36%
2010/6/16,7.593,7.593,7.593,7.593,-0.86%
2010/6/15,7.659,7.659,7.659,7.659,-0.35%
2010/6/14,7.686,7.686,7.686,7.686,0.63%
2010/6/11,7.638,7.638,7.638,7.638,1.43%
2010/6/10,7.53,7.53,7.53,7.53,0.60%
2010/6/9,7.485,7.485,7.485,7.485,0.29%
2010/6/8,7.463,7.463,7.463,7.463,-0.36%
2010/6/7,7.49,7.49,7.49,7.49,-0.62%
2010/6/4,7.537,7.537,7.537,7.537,-0.30%
2010/6/3,7.56,7.56,7.56,7.56,0.76%
2010/6/2,7.503,7.503,7.503,7.503,-0.81%
2010/6/1,7.564,7.564,7.564,7.564,0.00%
2010/5/31,7.564,7.564,7.564,7.564,0.33%
2010/5/28,7.539,7.539,7.539,7.539,0.20%
2010/5/26,7.524,7.524,7.524,7.524,1.91%
2010/5/25,7.383,7.383,7.383,7.383,-0.16%
2010/5/24,7.395,7.395,7.395,7.395,0.18%
2010/5/21,7.382,7.382,7.382,7.382,-0.46%
2010/5/20,7.416,7.416,7.416,7.416,-0.30%
2010/5/19,7.438,7.438,7.438,7.438,-0.83%
2010/5/18,7.5,7.5,7.5,7.5,0.46%
2010/5/17,7.466,7.466,7.466,7.466,-0.48%
2010/5/14,7.502,7.502,7.502,7.502,0.04%
2010/5/13,7.499,7.499,7.499,7.499,-5.44%
2010/5/12,7.93,7.93,7.93,7.93,-0.56%
2010/5/11,7.975,7.975,7.975,7.975,-0.60%
2010/5/10,8.023,8.023,8.023,8.023,0.72%
2010/5/7,7.966,7.966,7.966,7.966,-0.15%
2010/5/6,7.978,7.978,7.978,7.978,0.06%
2010/5/5,7.973,7.973,7.973,7.973,0.06%
2010/5/4,7.968,7.968,7.968,7.968,-0.96%
2010/5/3,8.045,8.045,8.045,8.045,-0.20%
2010/4/30,8.061,8.061,8.061,8.061,-0.38%
2010/4/29,8.092,8.092,8.092,8.092,-0.20%
2010/4/28,8.108,8.108,8.108,8.108,0.00%
2010/4/27,8.108,8.108,8.108,8.108,0.47%
2010/4/26,8.07,8.07,8.07,8.07,0.15%
2010/4/23,8.058,8.058,8.058,8.058,0.83%
2010/4/22,7.992,7.992,7.992,7.992,-0.20%
2010/4/21,8.008,8.008,8.008,8.008,0.30%
2010/4/20,7.984,7.984,7.984,7.984,-1.15%
2010/4/19,8.077,8.077,8.077,8.077,-0.14%
2010/4/16,8.088,8.088,8.088,8.088,0.11%
2010/4/15,8.079,8.079,8.079,8.079,0.27%
2010/4/13,8.057,8.057,8.057,8.057,0.35%
2010/4/12,8.029,8.029,8.029,8.029,0.20%
2010/4/9,8.013,8.013,8.013,8.013,1.91%
2010/4/8,7.863,7.863,7.863,7.863,0.86%
2010/4/7,7.796,7.796,7.796,7.796,0.01%
2010/4/6,7.795,7.795,7.795,7.795,-0.20%
2010/4/5,7.811,7.811,7.811,7.811,-0.50%
2010/3/31,7.85,7.85,7.85,7.85,1.04%
2010/3/30,7.769,7.769,7.769,7.769,0.09%
2010/3/29,7.762,7.762,7.762,7.762,-1.20%
2010/3/26,7.856,7.856,7.856,7.856,-0.24%
2010/3/25,7.875,7.875,7.875,7.875,0.15%
2010/3/23,7.863,7.863,7.863,7.863,0.10%
2010/3/22,7.855,7.855,7.855,7.855,0.31%
2010/3/19,7.831,7.831,7.831,7.831,-1.02%
2010/3/18,7.912,7.912,7.912,7.912,-0.67%
2010/3/17,7.965,7.965,7.965,7.965,-0.50%
2010/3/15,8.005,8.005,8.005,8.005,-0.12%
2010/3/12,8.015,8.015,8.015,8.015,0.19%
2010/3/11,8,8,8,8,0.28%
2010/3/10,7.978,7.978,7.978,7.978,0.10%
2010/3/9,7.97,7.97,7.97,7.97,-0.50%
2010/3/8,8.01,8.01,8.01,8.01,0.46%
2010/3/5,7.973,7.973,7.973,7.973,0.35%
2010/3/4,7.945,7.945,7.945,7.945,-0.09%
2010/3/3,7.952,7.952,7.952,7.952,0.10%
2010/3/2,7.944,7.944,7.944,7.944,1.02%
2010/2/26,7.864,7.864,7.864,7.864,0.52%
2010/2/25,7.823,7.823,7.823,7.823,0.31%
2010/2/24,7.799,7.799,7.799,7.799,0.00%
2010/2/23,7.799,7.799,7.799,7.799,-0.60%
2010/2/22,7.846,7.846,7.846,7.846,-0.49%
2010/2/19,7.885,7.885,7.885,7.885,0.20%
2010/2/18,7.869,7.869,7.869,7.869,-0.29%
2010/2/17,7.892,7.892,7.892,7.892,0.31%
2010/2/16,7.868,7.868,7.868,7.868,-0.29%
2010/2/15,7.891,7.891,7.891,7.891,0.41%
2010/2/11,7.859,7.859,7.859,7.859,0.91%
2010/2/10,7.788,7.788,7.788,7.788,1.13%
2010/2/9,7.701,7.701,7.701,7.701,0.30%
2010/2/8,7.678,7.678,7.678,7.678,0.00%
2010/2/5,7.678,7.678,7.678,7.678,-0.19%
2010/2/4,7.693,7.693,7.693,7.693,0.31%
2010/2/3,7.669,7.669,7.669,7.669,-0.09%
2010/2/2,7.676,7.676,7.676,7.676,0.50%
2010/2/1,7.638,7.638,7.638,7.638,0.62%
2010/1/29,7.591,7.591,7.591,7.591,0.56%
2010/1/28,7.549,7.549,7.549,7.549,0.07%
2010/1/27,7.544,7.544,7.544,7.544,-0.51%
2010/1/25,7.583,7.583,7.583,7.583,0.21%
2010/1/22,7.567,7.567,7.567,7.567,0.01%
2010/1/21,7.566,7.566,7.566,7.566,-0.81%
2010/1/20,7.628,7.628,7.628,7.628,-0.09%
2010/1/19,7.635,7.635,7.635,7.635,0.29%
2010/1/18,7.613,7.613,7.613,7.613,-1.59%
2010/1/15,7.736,7.736,7.736,7.736,0.47%
2010/1/14,7.7,7.7,7.7,7.7,-0.86%
2010/1/13,7.767,7.767,7.767,7.767,-0.40%
2010/1/12,7.798,7.798,7.798,7.798,0.61%
2010/1/11,7.751,7.751,7.751,7.751,-0.28%
2010/1/8,7.773,7.773,7.773,7.773,-0.06%
2010/1/7,7.778,7.778,7.778,7.778,0.57%
2010/1/6,7.734,7.734,7.734,7.734,0.43%
2010/1/5,7.701,7.701,7.701,7.701,0.33%
2010/1/4,7.676,7.676,7.676,7.676,-0.25%
2010/1/1,7.695,7.695,7.695,7.695,0.21%
2009/12/31,7.679,7.679,7.679,7.679,-0.09%
2009/12/30,7.686,7.686,7.686,7.686,-0.40%
2009/12/29,7.717,7.717,7.717,7.717,0.40%
2009/12/24,7.686,7.686,7.686,7.686,-0.29%
2009/12/23,7.708,7.708,7.708,7.708,-0.04%
2009/12/22,7.711,7.711,7.711,7.711,-0.36%
2009/12/21,7.739,7.739,7.739,7.739,0.10%
2009/12/18,7.731,7.731,7.731,7.731,1.10%
2009/12/17,7.647,7.647,7.647,7.647,-0.57%
2009/12/16,7.691,7.691,7.691,7.691,1.13%
2009/12/15,7.605,7.605,7.605,7.605,0.49%
2009/12/14,7.568,7.568,7.568,7.568,-0.09%
2009/12/11,7.575,7.575,7.575,7.575,0.57%
2009/12/10,7.532,7.532,7.532,7.532,0.88%
2009/12/9,7.466,7.466,7.466,7.466,0.17%
2009/12/8,7.453,7.453,7.453,7.453,-0.40%
2009/12/7,7.483,7.483,7.483,7.483,0.11%
2009/12/4,7.475,7.475,7.475,7.475,1.03%
2009/12/3,7.399,7.399,7.399,7.399,0.90%
2009/12/2,7.333,7.333,7.333,7.333,0.12%
2009/12/1,7.324,7.324,7.324,7.324,0.92%
2009/11/30,7.257,7.257,7.257,7.257,0.83%
2009/11/27,7.197,7.197,7.197,7.197,0.40%
2009/11/26,7.168,7.168,7.168,7.168,-0.31%
2009/11/25,7.19,7.19,7.19,7.19,-0.15%
2009/11/24,7.201,7.201,7.201,7.201,-0.35%
2009/11/23,7.226,7.226,7.226,7.226,0.53%
2009/11/20,7.188,7.188,7.188,7.188,-1.03%
2009/11/19,7.263,7.263,7.263,7.263,-0.06%
2009/11/18,7.267,7.267,7.267,7.267,-0.15%
2009/11/17,7.278,7.278,7.278,7.278,-0.51%
2009/11/16,7.315,7.315,7.315,7.315,-0.22%
2009/11/13,7.331,7.331,7.331,7.331,-0.38%
2009/11/12,7.359,7.359,7.359,7.359,0.30%
2009/11/11,7.337,7.337,7.337,7.337,0.41%
2009/11/10,7.307,7.307,7.307,7.307,0.00%
2009/11/9,7.307,7.307,7.307,7.307,-0.19%
2009/11/6,7.321,7.321,7.321,7.321,0.51%
2009/11/5,7.284,7.284,7.284,7.284,0.10%
2009/11/4,7.277,7.277,7.277,7.277,0.48%
2009/11/3,7.242,7.242,7.242,7.242,-0.88%
2009/10/30,7.306,7.306,7.306,7.306,0.55%
2009/10/29,7.266,7.266,7.266,7.266,0.00%
2009/10/28,7.266,7.266,7.266,7.266,-0.94%
2009/10/27,7.335,7.335,7.335,7.335,-1.25%
2009/10/26,7.428,7.428,7.428,7.428,-0.46%
2009/10/23,7.462,7.462,7.462,7.462,1.06%
2009/10/22,7.384,7.384,7.384,7.384,0.46%
2009/10/21,7.35,7.35,7.35,7.35,-0.74%
2009/10/20,7.405,7.405,7.405,7.405,-0.05%
2009/10/16,7.409,7.409,7.409,7.409,0.52%
2009/10/15,7.371,7.371,7.371,7.371,0.00%
2009/10/14,7.371,7.371,7.371,7.371,0.20%
2009/10/12,7.356,7.356,7.356,7.356,0.41%
2009/10/9,7.326,7.326,7.326,7.326,1.52%
2009/10/8,7.216,7.216,7.216,7.216,-0.61%
2009/10/7,7.26,7.26,7.26,7.26,0.51%
2009/10/6,7.223,7.223,7.223,7.223,0.82%
2009/10/5,7.164,7.164,7.164,7.164,-0.82%
2009/10/1,7.223,7.223,7.223,7.223,0.11%
2009/9/29,7.215,7.215,7.215,7.215,0.50%
2009/9/25,7.179,7.179,7.179,7.179,1.03%
2009/9/24,7.106,7.106,7.106,7.106,0.21%
2009/9/23,7.091,7.091,7.091,7.091,-0.62%
2009/9/22,7.135,7.135,7.135,7.135,0.31%
2009/9/18,7.113,7.113,7.113,7.113,-0.50%
2009/9/17,7.149,7.149,7.149,7.149,0.92%
2009/9/16,7.084,7.084,7.084,7.084,-0.31%
2009/9/15,7.106,7.106,7.106,7.106,-1.76%
2009/9/14,7.233,7.233,7.233,7.233,-1.83%
2009/9/11,7.368,7.368,7.368,7.368,-0.70%
2009/9/10,7.42,7.42,7.42,7.42,1.05%
2009/9/9,7.343,7.343,7.343,7.343,-0.45%
2009/9/8,7.376,7.376,7.376,7.376,1.08%
2009/9/7,7.297,7.297,7.297,7.297,-2.20%
2009/9/4,7.461,7.461,7.461,7.461,0.09%
2009/9/3,7.454,7.454,7.454,7.454,0.77%
2009/9/2,7.397,7.397,7.397,7.397,-0.36%
2009/9/1,7.424,7.424,7.424,7.424,-0.13%
2009/8/31,7.434,7.434,7.434,7.434,1.24%
2009/8/28,7.343,7.343,7.343,7.343,0.98%
2009/8/27,7.272,7.272,7.272,7.272,0.61%
2009/8/26,7.228,7.228,7.228,7.228,-1.20%
2009/8/25,7.316,7.316,7.316,7.316,-0.34%
2009/8/24,7.341,7.341,7.341,7.341,0.15%
2009/8/21,7.33,7.33,7.33,7.33,2.03%
2009/8/20,7.184,7.184,7.184,7.184,0.70%
2009/8/18,7.134,7.134,7.134,7.134,0.51%
2009/8/17,7.098,7.098,7.098,7.098,-0.20%
2009/8/14,7.112,7.112,7.112,7.112,1.08%
2009/8/13,7.036,7.036,7.036,7.036,-0.07%
2009/8/12,7.041,7.041,7.041,7.041,-0.20%
2009/8/11,7.055,7.055,7.055,7.055,-0.56%
2009/8/10,7.095,7.095,7.095,7.095,0.77%
2009/8/7,7.041,7.041,7.041,7.041,-0.71%
2009/8/6,7.091,7.091,7.091,7.091,0.41%
2009/8/5,7.062,7.062,7.062,7.062,0.77%
2009/8/4,7.008,7.008,7.008,7.008,-0.06%
2009/8/3,7.012,7.012,7.012,7.012,0.20%
2009/7/31,6.998,6.998,6.998,6.998,0.55%
2009/7/30,6.96,6.96,6.96,6.96,0.78%
2009/7/29,6.906,6.906,6.906,6.906,0.00%
2009/7/28,6.906,6.906,6.906,6.906,-0.62%
2009/7/27,6.949,6.949,6.949,6.949,-1.33%
2009/7/24,7.043,7.043,7.043,7.043,0.56%
2009/7/23,7.004,7.004,7.004,7.004,0.23%
2009/7/22,6.988,6.988,6.988,6.988,-0.98%
2009/7/21,7.057,7.057,7.057,7.057,0.01%
2009/7/20,7.056,7.056,7.056,7.056,0.66%
2009/7/17,7.01,7.01,7.01,7.01,0.00%
2009/7/16,7.01,7.01,7.01,7.01,-0.31%
2009/7/15,7.032,7.032,7.032,7.032,0.21%
2009/7/14,7.017,7.017,7.017,7.017,0.33%
2009/7/13,6.994,6.994,6.994,6.994,-0.43%
2009/7/10,7.024,7.024,7.024,7.024,0.56%
2009/7/9,6.985,6.985,6.985,6.985,-0.33%
2009/7/8,7.008,7.008,7.008,7.008,-0.96%
2009/7/7,7.076,7.076,7.076,7.076,0.77%
2009/7/6,7.022,7.022,7.022,7.022,2.75%
2009/7/3,6.834,6.834,6.834,6.834,-0.64%
2009/7/2,6.878,6.878,6.878,6.878,-1.49%
2009/7/1,6.982,6.982,6.982,6.982,-0.44%
2009/6/30,7.013,7.013,7.013,7.013,0.21%
2009/6/29,6.998,6.998,6.998,6.998,0.00%
2009/6/26,6.998,6.998,6.998,6.998,-0.06%
2009/6/25,7.002,7.002,7.002,7.002,-0.03%
2009/6/24,7.004,7.004,7.004,7.004,-0.11%
2009/6/23,7.012,7.012,7.012,7.012,0.88%
2009/6/22,6.951,6.951,6.951,6.951,0.43%
2009/6/19,6.921,6.921,6.921,6.921,0.23%
2009/6/18,6.905,6.905,6.905,6.905,0.10%
2009/6/17,6.898,6.898,6.898,6.898,-0.20%
2009/6/16,6.912,6.912,6.912,6.912,0.10%
2009/6/15,6.905,6.905,6.905,6.905,-0.10%
2009/6/12,6.912,6.912,6.912,6.912,0.22%
2009/6/11,6.897,6.897,6.897,6.897,1.65%
2009/6/10,6.785,6.785,6.785,6.785,1.98%
2009/6/9,6.653,6.653,6.653,6.653,0.89%
2009/6/8,6.594,6.594,6.594,6.594,0.59%
2009/6/5,6.555,6.555,6.555,6.555,0.18%
2009/6/4,6.543,6.543,6.543,6.543,-0.55%
2009/6/3,6.579,6.579,6.579,6.579,-1.05%
2009/6/2,6.649,6.649,6.649,6.649,-0.48%
2009/6/1,6.681,6.681,6.681,6.681,-0.43%
2009/5/29,6.71,6.71,6.71,6.71,0.16%
2009/5/28,6.699,6.699,6.699,6.699,1.16%
2009/5/27,6.622,6.622,6.622,6.622,0.88%
2009/5/26,6.564,6.564,6.564,6.564,0.34%
2009/5/25,6.542,6.542,6.542,6.542,1.00%
2009/5/22,6.477,6.477,6.477,6.477,0.84%
2009/5/21,6.423,6.423,6.423,6.423,0.88%
2009/5/20,6.367,6.367,6.367,6.367,-0.48%
2009/5/19,6.398,6.398,6.398,6.398,1.57%
2009/5/18,6.299,6.299,6.299,6.299,-1.87%
2009/5/15,6.419,6.419,6.419,6.419,0.22%
2009/5/14,6.405,6.405,6.405,6.405,0.79%
2009/5/13,6.355,6.355,6.355,6.355,-0.78%
2009/5/12,6.405,6.405,6.405,6.405,0.68%
2009/5/11,6.362,6.362,6.362,6.362,-0.30%
2009/5/8,6.381,6.381,6.381,6.381,2.34%
2009/5/7,6.235,6.235,6.235,6.235,0.78%
2009/5/6,6.187,6.187,6.187,6.187,-1.78%
2009/5/5,6.299,6.299,6.299,6.299,-0.88%
2009/5/4,6.355,6.355,6.355,6.355,2.06%
2009/5/2,6.227,6.227,6.227,6.227,-0.24%
2009/4/29,6.242,6.242,6.242,6.242,0.71%
2009/4/28,6.198,6.198,6.198,6.198,1.09%
2009/4/27,6.131,6.131,6.131,6.131,0.18%
2009/4/25,6.12,6.12,6.12,6.12,-0.07%
2009/4/24,6.124,6.124,6.124,6.124,-1.34%
2009/4/23,6.207,6.207,6.207,6.207,0.57%
2009/4/22,6.172,6.172,6.172,6.172,0.00%
2009/4/21,6.172,6.172,6.172,6.172,-3.50%
2009/4/20,6.396,6.396,6.396,6.396,-0.20%
2009/4/18,6.409,6.409,6.409,6.409,-0.02%
2009/4/17,6.41,6.41,6.41,6.41,-0.54%
2009/4/16,6.445,6.445,6.445,6.445,-2.60%
2009/4/15,6.617,6.617,6.617,6.617,-1.82%
2009/4/13,6.74,6.74,6.74,6.74,0.66%
2009/4/11,6.696,6.696,6.696,6.696,-0.33%
2009/4/9,6.718,6.718,6.718,6.718,-2.11%
2009/4/8,6.863,6.863,6.863,6.863,-2.17%
2009/4/6,7.015,7.015,7.015,7.015,0.66%
2009/4/4,6.969,6.969,6.969,6.969,0.26%
2009/4/2,6.951,6.951,6.951,6.951,-0.90%
2009/3/31,7.014,7.014,7.014,7.014,-0.85%
2009/3/30,7.074,7.074,7.074,7.074,1.16%
2009/3/28,6.993,6.993,6.993,6.993,-0.54%
2009/3/26,7.031,7.031,7.031,7.031,3.58%
2009/3/25,6.788,6.788,6.788,6.788,1.30%
2009/3/24,6.701,6.701,6.701,6.701,0.80%
2009/3/23,6.648,6.648,6.648,6.648,-2.99%
2009/3/20,6.853,6.853,6.853,6.853,0.60%
2009/3/19,6.812,6.812,6.812,6.812,1.67%
2009/3/18,6.7,6.7,6.7,6.7,-0.83%
2009/3/17,6.756,6.756,6.756,6.756,1.99%
2009/3/16,6.624,6.624,6.624,6.624,-2.87%
2009/3/13,6.82,6.82,6.82,6.82,-3.63%
2009/3/12,7.077,7.077,7.077,7.077,4.38%
2009/3/9,6.78,6.78,6.78,6.78,0.41%
2009/3/6,6.752,6.752,6.752,6.752,5.02%
2009/3/5,6.429,6.429,6.429,6.429,-0.22%
2009/3/4,6.443,6.443,6.443,6.443,1.18%
2009/3/3,6.368,6.368,6.368,6.368,1.06%
2009/3/2,6.301,6.301,6.301,6.301,-0.43%
2009/2/27,6.328,6.328,6.328,6.328,-2.75%
2009/2/26,6.507,6.507,6.507,6.507,-2.37%
2009/2/25,6.665,6.665,6.665,6.665,1.05%
2009/2/24,6.596,6.596,6.596,6.596,4.48%
2009/2/19,6.313,6.313,6.313,6.313,-0.85%
2009/2/18,6.367,6.367,6.367,6.367,-1.88%
2009/2/17,6.489,6.489,6.489,6.489,1.15%
2009/2/16,6.415,6.415,6.415,6.415,4.22%
2009/2/13,6.155,6.155,6.155,6.155,-0.44%
2009/2/12,6.182,6.182,6.182,6.182,-2.12%
2009/2/11,6.316,6.316,6.316,6.316,-2.14%
2009/2/10,6.454,6.454,6.454,6.454,2.17%
2009/2/9,6.317,6.317,6.317,6.317,-0.11%
2009/2/6,6.324,6.324,6.324,6.324,-2.71%
2009/2/5,6.5,6.5,6.5,6.5,1.36%
2009/2/4,6.413,6.413,6.413,6.413,0.85%
2009/2/3,6.359,6.359,6.359,6.359,3.08%
2009/2/2,6.169,6.169,6.169,6.169,-0.29%
2009/1/30,6.187,6.187,6.187,6.187,1.28%
2009/1/29,6.109,6.109,6.109,6.109,0.86%
2009/1/28,6.057,6.057,6.057,6.057,1.53%
2009/1/27,5.966,5.966,5.966,5.966,3.90%
2009/1/24,5.742,5.742,5.742,5.742,-0.10%
2009/1/23,5.748,5.748,5.748,5.748,-1.14%
2009/1/22,5.814,5.814,5.814,5.814,-1.11%
2009/1/21,5.879,5.879,5.879,5.879,3.47%
2009/1/20,5.682,5.682,5.682,5.682,1.46%
2009/1/19,5.6,5.6,5.6,5.6,0.21%
2009/1/16,5.588,5.588,5.588,5.588,0.52%
2009/1/15,5.559,5.559,5.559,5.559,-0.30%
2009/1/14,5.576,5.576,5.576,5.576,-1.81%
2009/1/13,5.679,5.679,5.679,5.679,-2.84%
2009/1/12,5.845,5.845,5.845,5.845,-3.36%
2009/1/9,6.048,6.048,6.048,6.048,1.10%
2009/1/7,5.982,5.982,5.982,5.982,13.02%
2009/1/6,5.293,5.293,5.293,5.293,2.34%
2009/1/5,5.172,5.172,5.172,5.172,-3.31%
2009/1/2,5.349,5.349,5.349,5.349,1.40%
2009/1/1,5.275,5.275,5.275,5.275,0.29%
2008/12/31,5.26,5.26,5.26,5.26,-1.44%
2008/12/30,5.337,5.337,5.337,5.337,-3.82%
2008/12/29,5.549,5.549,5.549,5.549,-1.23%
2008/12/26,5.618,5.618,5.618,5.618,0.27%
2008/12/24,5.603,5.603,5.603,5.603,-2.49%
2008/12/23,5.746,5.746,5.746,5.746,0.42%
2008/12/22,5.722,5.722,5.722,5.722,2.69%
2008/12/19,5.572,5.572,5.572,5.572,-0.04%
2008/12/18,5.574,5.574,5.574,5.574,-4.11%
2008/12/17,5.813,5.813,5.813,5.813,-3.29%
2008/12/16,6.011,6.011,6.011,6.011,-2.70%
2008/12/15,6.178,6.178,6.178,6.178,-0.83%
2008/12/12,6.23,6.23,6.23,6.23,-3.75%
2008/12/11,6.473,6.473,6.473,6.473,-2.29%
2008/12/10,6.625,6.625,6.625,6.625,-1.00%
2008/12/8,6.692,6.692,6.692,6.692,-1.17%
2008/12/5,6.771,6.771,6.771,6.771,-1.37%
2008/12/4,6.865,6.865,6.865,6.865,1.15%
2008/12/3,6.787,6.787,6.787,6.787,-3.26%
2008/12/2,7.016,7.016,7.016,7.016,-0.69%
2008/12/1,7.065,7.065,7.065,7.065,-0.21%
2008/11/28,7.08,7.08,7.08,7.08,-0.45%
2008/11/26,7.112,7.112,7.112,7.112,-1.43%
2008/11/25,7.215,7.215,7.215,7.215,0.19%
2008/11/24,7.201,7.201,7.201,7.201,-0.30%
2008/11/21,7.223,7.223,7.223,7.223,-0.40%
2008/11/20,7.252,7.252,7.252,7.252,-2.04%
2008/11/19,7.403,7.403,7.403,7.403,-0.94%
2008/11/18,7.473,7.473,7.473,7.473,-0.48%
2008/11/17,7.509,7.509,7.509,7.509,0.55%
2008/11/14,7.468,7.468,7.468,7.468,-2.15%
2008/11/12,7.632,7.632,7.632,7.632,-0.65%
2008/11/11,7.682,7.682,7.682,7.682,-0.43%
2008/11/10,7.715,7.715,7.715,7.715,0.05%
2008/11/7,7.711,7.711,7.711,7.711,-0.04%
2008/11/6,7.714,7.714,7.714,7.714,-0.63%
2008/11/5,7.763,7.763,7.763,7.763,1.73%
2008/11/4,7.631,7.631,7.631,7.631,0.93%
2008/11/3,7.561,7.561,7.561,7.561,1.11%
2008/10/31,7.478,7.478,7.478,7.478,-0.45%
2008/10/29,7.512,7.512,7.512,7.512,-1.29%
2008/10/27,7.61,7.61,7.61,7.61,-0.95%
2008/10/24,7.683,7.683,7.683,7.683,1.53%
2008/10/23,7.567,7.567,7.567,7.567,-0.29%
2008/10/22,7.589,7.589,7.589,7.589,0.96%
2008/10/20,7.517,7.517,7.517,7.517,-2.44%
2008/10/17,7.705,7.705,7.705,7.705,-0.12%
2008/10/16,7.714,7.714,7.714,7.714,-2.71%
2008/10/15,7.929,7.929,7.929,7.929,-0.56%
2008/10/14,7.974,7.974,7.974,7.974,2.43%
2008/10/13,7.785,7.785,7.785,7.785,-0.37%
2008/10/10,7.814,7.814,7.814,7.814,-2.04%
2008/10/8,7.977,7.977,7.977,7.977,-1.45%
2008/10/7,8.094,8.094,8.094,8.094,-0.10%
2008/10/6,8.102,8.102,8.102,8.102,-2.28%
2008/10/3,8.291,8.291,8.291,8.291,-2.00%
2008/10/1,8.46,8.46,8.46,8.46,-1.82%
2008/9/29,8.617,8.617,8.617,8.617,0.43%
2008/9/26,8.58,8.58,8.58,8.58,0.09%
2008/9/25,8.572,8.572,8.572,8.572,-0.70%
2008/9/24,8.632,8.632,8.632,8.632,2.44%
2008/9/23,8.426,8.426,8.426,8.426,-0.45%
2008/9/22,8.464,8.464,8.464,8.464,0.58%
2008/9/19,8.415,8.415,8.415,8.415,0.37%
2008/9/18,8.384,8.384,8.384,8.384,2.43%
2008/9/17,8.185,8.185,8.185,8.185,1.09%
2008/9/16,8.097,8.097,8.097,8.097,-0.65%
2008/9/15,8.15,8.15,8.15,8.15,-2.37%
2008/9/12,8.348,8.348,8.348,8.348,0.72%
2008/9/11,8.288,8.288,8.288,8.288,-0.83%
2008/9/10,8.357,8.357,8.357,8.357,-0.63%
2008/9/9,8.41,8.41,8.41,8.41,-0.99%
2008/9/8,8.494,8.494,8.494,8.494,0.12%
2008/9/5,8.484,8.484,8.484,8.484,0.09%
2008/9/4,8.476,8.476,8.476,8.476,-1.54%
2008/9/2,8.609,8.609,8.609,8.609,-0.32%
2008/9/1,8.637,8.637,8.637,8.637,-0.72%
2008/8/29,8.7,8.7,8.7,8.7,-1.13%
2008/8/28,8.799,8.799,8.799,8.799,-0.97%
2008/8/27,8.885,8.885,8.885,8.885,-0.07%
2008/8/26,8.891,8.891,8.891,8.891,-1.11%
2008/8/25,8.991,8.991,8.991,8.991,-1.03%
2008/8/22,9.085,9.085,9.085,9.085,-1.31%
2008/8/21,9.206,9.206,9.206,9.206,0.81%
2008/8/20,9.132,9.132,9.132,9.132,0.42%
2008/8/18,9.094,9.094,9.094,9.094,-0.73%
2008/8/14,9.161,9.161,9.161,9.161,0.91%
2008/8/13,9.078,9.078,9.078,9.078,1.26%
2008/8/12,8.965,8.965,8.965,8.965,0.64%
2008/8/11,8.908,8.908,8.908,8.908,-1.34%
2008/8/8,9.029,9.029,9.029,9.029,-0.75%
2008/8/7,9.097,9.097,9.097,9.097,0.80%
2008/8/6,9.025,9.025,9.025,9.025,0.41%
2008/8/5,8.988,8.988,8.988,8.988,-2.30%
2008/8/4,9.2,9.2,9.2,9.2,-0.80%
2008/8/1,9.274,9.274,9.274,9.274,-0.45%
2008/7/31,9.316,9.316,9.316,9.316,-0.05%
2008/7/30,9.321,9.321,9.321,9.321,-0.77%
2008/7/29,9.393,9.393,9.393,9.393,3.42%
2008/7/28,9.082,9.082,9.082,9.082,-0.82%
2008/7/25,9.157,9.157,9.157,9.157,0.96%
2008/7/24,9.07,9.07,9.07,9.07,0.35%
2008/7/23,9.038,9.038,9.038,9.038,-1.03%
2008/7/22,9.132,9.132,9.132,9.132,0.88%
2008/7/21,9.052,9.052,9.052,9.052,-0.48%
2008/7/18,9.096,9.096,9.096,9.096,-1.62%
2008/7/17,9.246,9.246,9.246,9.246,-1.46%
2008/7/16,9.383,9.383,9.383,9.383,-1.00%
2008/7/15,9.478,9.478,9.478,9.478,1.01%
2008/7/14,9.383,9.383,9.383,9.383,-0.91%
2008/7/11,9.469,9.469,9.469,9.469,0.53%
2008/7/10,9.419,9.419,9.419,9.419,1.07%
2008/7/9,9.319,9.319,9.319,9.319,0.27%
2008/7/8,9.294,9.294,9.294,9.294,1.47%
2008/7/7,9.159,9.159,9.159,9.159,0.05%
2008/7/4,9.154,9.154,9.154,9.154,3.55%
2008/7/3,8.84,8.84,8.84,8.84,0.36%
2008/7/2,8.808,8.808,8.808,8.808,0.18%
2008/7/1,8.792,8.792,8.792,8.792,0.91%
2008/6/30,8.713,8.713,8.713,8.713,1.14%
2008/6/27,8.615,8.615,8.615,8.615,0.03%
2008/6/26,8.612,8.612,8.612,8.612,-0.62%
2008/6/25,8.666,8.666,8.666,8.666,1.16%
2008/6/24,8.567,8.567,8.567,8.567,-0.75%
2008/6/23,8.632,8.632,8.632,8.632,0.06%
2008/6/20,8.627,8.627,8.627,8.627,1.77%
2008/6/19,8.477,8.477,8.477,8.477,1.33%
2008/6/18,8.366,8.366,8.366,8.366,0.37%
2008/6/17,8.335,8.335,8.335,8.335,-0.28%
2008/6/16,8.358,8.358,8.358,8.358,-0.42%
2008/6/13,8.393,8.393,8.393,8.393,0.80%
2008/6/12,8.326,8.326,8.326,8.326,0.76%
2008/6/11,8.263,8.263,8.263,8.263,-0.31%
2008/6/10,8.289,8.289,8.289,8.289,0.02%
2008/6/9,8.287,8.287,8.287,8.287,0.59%
2008/6/6,8.238,8.238,8.238,8.238,0.65%
2008/6/5,8.185,8.185,8.185,8.185,0.54%
2008/6/4,8.141,8.141,8.141,8.141,0.17%
2008/6/3,8.127,8.127,8.127,8.127,0.52%
2008/6/2,8.085,8.085,8.085,8.085,-0.20%
2008/5/30,8.101,8.101,8.101,8.101,-0.04%
2008/5/29,8.104,8.104,8.104,8.104,0.55%
2008/5/28,8.06,8.06,8.06,8.06,-0.73%
2008/5/27,8.119,8.119,8.119,8.119,0.06%
2008/5/26,8.114,8.114,8.114,8.114,0.32%
2008/5/23,8.088,8.088,8.088,8.088,-0.31%
2008/5/22,8.113,8.113,8.113,8.113,0.68%
2008/5/21,8.058,8.058,8.058,8.058,0.69%
2008/5/20,8.003,8.003,8.003,8.003,-0.10%
2008/5/16,8.011,8.011,8.011,8.011,0.39%
2008/5/15,7.98,7.98,7.98,7.98,0.53%
2008/5/14,7.938,7.938,7.938,7.938,0.30%
2008/5/13,7.914,7.914,7.914,7.914,0.22%
2008/5/12,7.897,7.897,7.897,7.897,-0.25%
2008/5/9,7.917,7.917,7.917,7.917,-0.34%
2008/5/8,7.944,7.944,7.944,7.944,0.24%
2008/5/7,7.925,7.925,7.925,7.925,0.44%
2008/5/6,7.89,7.89,7.89,7.89,0.18%
2008/5/5,7.876,7.876,7.876,7.876,-0.34%
2008/5/2,7.903,7.903,7.903,7.903,-0.67%
2008/4/30,7.956,7.956,7.956,7.956,-0.60%
2008/4/29,8.004,8.004,8.004,8.004,-1.68%
2008/4/28,8.141,8.141,8.141,8.141,-0.42%
2008/4/25,8.175,8.175,8.175,8.175,-0.23%
2008/4/24,8.194,8.194,8.194,8.194,0.10%
2008/4/23,8.186,8.186,8.186,8.186,0.26%
2008/4/22,8.165,8.165,8.165,8.165,-0.16%
2008/4/21,8.178,8.178,8.178,8.178,0.74%
2008/4/17,8.118,8.118,8.118,8.118,0.47%
2008/4/16,8.08,8.08,8.08,8.08,0.77%
2008/4/15,8.018,8.018,8.018,8.018,-0.20%
2008/4/11,8.034,8.034,8.034,8.034,0.88%
2008/4/10,7.964,7.964,7.964,7.964,0.49%
2008/4/9,7.925,7.925,7.925,7.925,-0.25%
2008/4/8,7.945,7.945,7.945,7.945,-0.56%
2008/4/7,7.99,7.99,7.99,7.99,0.06%
2008/4/4,7.985,7.985,7.985,7.985,1.24%
2008/4/3,7.887,7.887,7.887,7.887,-0.55%
2008/4/2,7.931,7.931,7.931,7.931,-0.09%
2008/3/31,7.938,7.938,7.938,7.938,0.81%
2008/3/28,7.874,7.874,7.874,7.874,1.30%
2008/3/27,7.773,7.773,7.773,7.773,0.06%
2008/3/26,7.768,7.768,7.768,7.768,0.58%
2008/3/25,7.723,7.723,7.723,7.723,0.04%
2008/3/24,7.72,7.72,7.72,7.72,1.30%
2008/3/19,7.621,7.621,7.621,7.621,0.37%
2008/3/18,7.593,7.593,7.593,7.593,-0.52%
2008/3/17,7.633,7.633,7.633,7.633,0.12%
2008/3/15,7.624,7.624,7.624,7.624,-0.08%
2008/3/14,7.63,7.63,7.63,7.63,0.81%
2008/3/13,7.569,7.569,7.569,7.569,0.13%
2008/3/12,7.559,7.559,7.559,7.559,-0.59%
2008/3/11,7.604,7.604,7.604,7.604,-0.21%
2008/3/10,7.62,7.62,7.62,7.62,0.46%
2008/3/8,7.585,7.585,7.585,7.585,-0.07%
2008/3/7,7.59,7.59,7.59,7.59,0.52%
2008/3/5,7.551,7.551,7.551,7.551,-0.41%
2008/3/4,7.582,7.582,7.582,7.582,0.77%
2008/3/3,7.524,7.524,7.524,7.524,-0.58%
2008/2/29,7.568,7.568,7.568,7.568,-0.45%
2008/2/28,7.602,7.602,7.602,7.602,-0.35%
2008/2/27,7.629,7.629,7.629,7.629,-0.03%
2008/2/26,7.631,7.631,7.631,7.631,-0.12%
2008/2/25,7.64,7.64,7.64,7.64,-0.68%
2008/2/23,7.692,7.692,7.692,7.692,0.17%
2008/2/22,7.679,7.679,7.679,7.679,1.27%
2008/2/21,7.583,7.583,7.583,7.583,-0.81%
2008/2/20,7.645,7.645,7.645,7.645,1.10%
2008/2/19,7.562,7.562,7.562,7.562,0.25%
2008/2/18,7.543,7.543,7.543,7.543,0.41%
2008/2/16,7.512,7.512,7.512,7.512,0.12%
2008/2/15,7.503,7.503,7.503,7.503,0.52%
2008/2/14,7.464,7.464,7.464,7.464,0.12%
2008/2/13,7.455,7.455,7.455,7.455,0.03%
2008/2/12,7.453,7.453,7.453,7.453,0.19%
2008/2/11,7.439,7.439,7.439,7.439,-0.33%
2008/2/9,7.464,7.464,7.464,7.464,-0.08%
2008/2/8,7.47,7.47,7.47,7.47,-0.04%
2008/2/7,7.473,7.473,7.473,7.473,-0.20%
2008/2/6,7.488,7.488,7.488,7.488,-0.40%
2008/2/5,7.518,7.518,7.518,7.518,0.04%
2008/2/4,7.515,7.515,7.515,7.515,0.25%
2008/2/2,7.496,7.496,7.496,7.496,0.12%
2008/2/1,7.487,7.487,7.487,7.487,-0.56%
2008/1/31,7.529,7.529,7.529,7.529,-0.40%
2008/1/30,7.559,7.559,7.559,7.559,0.23%
2008/1/29,7.542,7.542,7.542,7.542,1.40%
2008/1/28,7.438,7.438,7.438,7.438,0.09%
2008/1/25,7.431,7.431,7.431,7.431,0.70%
2008/1/24,7.379,7.379,7.379,7.379,-0.08%
2008/1/23,7.385,7.385,7.385,7.385,-1.10%
2008/1/22,7.467,7.467,7.467,7.467,-0.97%
2008/1/21,7.54,7.54,7.54,7.54,-0.15%
2008/1/18,7.551,7.551,7.551,7.551,-0.04%
2008/1/17,7.554,7.554,7.554,7.554,-0.12%
2008/1/16,7.563,7.563,7.563,7.563,0.09%
2008/1/15,7.556,7.556,7.556,7.556,0.16%
2008/1/14,7.544,7.544,7.544,7.544,-0.25%
2008/1/12,7.563,7.563,7.563,7.563,0.00%
2008/1/11,7.563,7.563,7.563,7.563,-0.30%
2008/1/10,7.586,7.586,7.586,7.586,-0.89%
2008/1/9,7.654,7.654,7.654,7.654,-0.25%
2008/1/8,7.673,7.673,7.673,7.673,0.17%
2008/1/7,7.66,7.66,7.66,7.66,-0.61%
2008/1/5,7.707,7.707,7.707,7.707,0.01%
2008/1/4,7.706,7.706,7.706,7.706,-0.63%
2008/1/3,7.755,7.755,7.755,7.755,0.12%
2008/1/2,7.746,7.746,7.746,7.746,0.00%
2008/1/1,7.746,7.746,7.746,7.746,-0.58%
2007/12/31,7.791,7.791,7.791,7.791,-0.24%
2007/12/29,7.81,7.81,7.81,7.81,-0.01%
2007/12/28,7.811,7.811,7.811,7.811,-0.57%
2007/12/27,7.856,7.856,7.856,7.856,-0.18%
2007/12/26,7.87,7.87,7.87,7.87,0.08%
2007/12/24,7.864,7.864,7.864,7.864,-0.05%
2007/12/22,7.868,7.868,7.868,7.868,-0.04%
2007/12/20,7.871,7.871,7.871,7.871,-0.14%
2007/12/19,7.882,7.882,7.882,7.882,-0.13%
2007/12/18,7.892,7.892,7.892,7.892,-0.08%
2007/12/17,7.898,7.898,7.898,7.898,0.01%
2007/12/15,7.897,7.897,7.897,7.897,-0.04%
2007/12/14,7.9,7.9,7.9,7.9,0.19%
2007/12/13,7.885,7.885,7.885,7.885,0.09%
2007/12/12,7.878,7.878,7.878,7.878,-0.06%
2007/12/11,7.883,7.883,7.883,7.883,0.08%
2007/12/10,7.877,7.877,7.877,7.877,0.10%
2007/12/8,7.869,7.869,7.869,7.869,-0.06%
2007/12/7,7.874,7.874,7.874,7.874,-0.05%
2007/12/6,7.878,7.878,7.878,7.878,0.11%
2007/12/5,7.869,7.869,7.869,7.869,-0.18%
2007/12/4,7.883,7.883,7.883,7.883,0.03%
2007/12/3,7.881,7.881,7.881,7.881,-0.34%
2007/12/1,7.908,7.908,7.908,7.908,0.04%
2007/11/30,7.905,7.905,7.905,7.905,-0.23%
2007/11/29,7.923,7.923,7.923,7.923,0.01%
2007/11/28,7.922,7.922,7.922,7.922,0.33%
2007/11/27,7.896,7.896,7.896,7.896,0.08%
2007/11/26,7.89,7.89,7.89,7.89,0.00%
2007/11/23,7.89,7.89,7.89,7.89,0.08%
2007/11/22,7.884,7.884,7.884,7.884,-0.03%
2007/11/21,7.886,7.886,7.886,7.886,0.14%
2007/11/20,7.875,7.875,7.875,7.875,0.00%
2007/11/19,7.875,7.875,7.875,7.875,-0.08%
2007/11/17,7.881,7.881,7.881,7.881,0.00%
2007/11/16,7.881,7.881,7.881,7.881,-0.03%
2007/11/15,7.883,7.883,7.883,7.883,0.10%
2007/11/14,7.875,7.875,7.875,7.875,-0.15%
2007/11/13,7.887,7.887,7.887,7.887,-0.45%
2007/11/12,7.923,7.923,7.923,7.923,-0.15%
2007/11/10,7.935,7.935,7.935,7.935,0.27%
2007/11/8,7.914,7.914,7.914,7.914,0.23%
2007/11/7,7.896,7.896,7.896,7.896,0.00%
2007/11/6,7.896,7.896,7.896,7.896,0.36%
2007/11/5,7.868,7.868,7.868,7.868,0.14%
2007/11/3,7.857,7.857,7.857,7.857,-0.03%
2007/11/2,7.859,7.859,7.859,7.859,0.00%
2007/11/1,7.859,7.859,7.859,7.859,0.26%
2007/10/31,7.839,7.839,7.839,7.839,-0.27%
2007/10/30,7.86,7.86,7.86,7.86,0.56%
2007/10/29,7.816,7.816,7.816,7.816,-0.09%
2007/10/27,7.823,7.823,7.823,7.823,0.01%
2007/10/26,7.822,7.822,7.822,7.822,0.04%
2007/10/25,7.819,7.819,7.819,7.819,-0.15%
2007/10/24,7.831,7.831,7.831,7.831,0.10%
2007/10/23,7.823,7.823,7.823,7.823,-0.51%
2007/10/22,7.863,7.863,7.863,7.863,-0.44%
2007/10/20,7.898,7.898,7.898,7.898,0.00%
2007/10/19,7.898,7.898,7.898,7.898,-0.20%
2007/10/18,7.914,7.914,7.914,7.914,-0.16%
2007/10/17,7.927,7.927,7.927,7.927,0.19%
2007/10/16,7.912,7.912,7.912,7.912,0.05%
2007/10/15,7.908,7.908,7.908,7.908,0.08%
2007/10/13,7.902,7.902,7.902,7.902,-0.03%
2007/10/12,7.904,7.904,7.904,7.904,0.14%
2007/10/11,7.893,7.893,7.893,7.893,-0.10%
2007/10/10,7.901,7.901,7.901,7.901,-0.32%
2007/10/9,7.926,7.926,7.926,7.926,-0.19%
2007/10/8,7.941,7.941,7.941,7.941,0.35%
2007/10/6,7.913,7.913,7.913,7.913,0.06%
2007/10/5,7.908,7.908,7.908,7.908,0.19%
2007/10/4,7.893,7.893,7.893,7.893,-0.06%
2007/10/3,7.898,7.898,7.898,7.898,-0.27%
2007/10/1,7.919,7.919,7.919,7.919,-0.08%
2007/9/28,7.925,7.925,7.925,7.925,-0.04%
2007/9/27,7.928,7.928,7.928,7.928,0.06%
2007/9/26,7.923,7.923,7.923,7.923,-0.05%
2007/9/25,7.927,7.927,7.927,7.927,0.51%
2007/9/24,7.887,7.887,7.887,7.887,0.36%
2007/9/21,7.859,7.859,7.859,7.859,0.19%
2007/9/20,7.844,7.844,7.844,7.844,-0.23%
2007/9/19,7.862,7.862,7.862,7.862,-0.30%
2007/9/18,7.886,7.886,7.886,7.886,-0.08%
2007/9/17,7.892,7.892,7.892,7.892,0.08%
2007/9/14,7.886,7.886,7.886,7.886,-0.15%
2007/9/13,7.898,7.898,7.898,7.898,0.03%
2007/9/12,7.896,7.896,7.896,7.896,0.00%
2007/9/11,7.896,7.896,7.896,7.896,0.41%
2007/9/10,7.864,7.864,7.864,7.864,-0.41%
2007/9/7,7.896,7.896,7.896,7.896,-0.30%
2007/9/6,7.92,7.92,7.92,7.92,-0.10%
2007/9/5,7.928,7.928,7.928,7.928,0.14%
2007/9/4,7.917,7.917,7.917,7.917,0.19%
2007/9/3,7.902,7.902,7.902,7.902,-0.35%
2007/8/31,7.93,7.93,7.93,7.93,-0.50%
2007/8/30,7.97,7.97,7.97,7.97,0.23%
2007/8/29,7.952,7.952,7.952,7.952,0.16%
2007/8/28,7.939,7.939,7.939,7.939,0.14%
2007/8/27,7.928,7.928,7.928,7.928,-0.11%
2007/8/24,7.937,7.937,7.937,7.937,0.08%
2007/8/23,7.931,7.931,7.931,7.931,0.24%
2007/8/22,7.912,7.912,7.912,7.912,-0.58%
2007/8/21,7.958,7.958,7.958,7.958,-0.51%
2007/8/17,7.999,7.999,7.999,7.999,-0.46%
2007/8/16,8.036,8.036,8.036,8.036,0.60%
2007/8/14,7.988,7.988,7.988,7.988,0.14%
2007/8/13,7.977,7.977,7.977,7.977,-0.08%
2007/8/10,7.983,7.983,7.983,7.983,-0.10%
2007/8/9,7.991,7.991,7.991,7.991,1.08%
2007/8/8,7.906,7.906,7.906,7.906,1.02%
2007/8/7,7.826,7.826,7.826,7.826,-0.33%
2007/8/6,7.852,7.852,7.852,7.852,-0.10%
2007/8/3,7.86,7.86,7.86,7.86,-0.39%
2007/8/2,7.891,7.891,7.891,7.891,-0.08%
2007/8/1,7.897,7.897,7.897,7.897,0.66%
2007/7/31,7.845,7.845,7.845,7.845,0.89%
2007/7/30,7.776,7.776,7.776,7.776,-0.74%
2007/7/27,7.834,7.834,7.834,7.834,0.38%
2007/7/26,7.804,7.804,7.804,7.804,-0.27%
2007/7/25,7.825,7.825,7.825,7.825,0.64%
2007/7/24,7.775,7.775,7.775,7.775,0.36%
2007/7/23,7.747,7.747,7.747,7.747,-0.78%
2007/7/20,7.808,7.808,7.808,7.808,-0.29%
2007/7/19,7.831,7.831,7.831,7.831,0.60%
2007/7/18,7.784,7.784,7.784,7.784,-0.75%
2007/7/17,7.843,7.843,7.843,7.843,-0.90%
2007/7/16,7.914,7.914,7.914,7.914,-0.31%
2007/7/13,7.939,7.939,7.939,7.939,0.29%
2007/7/12,7.916,7.916,7.916,7.916,-0.11%
2007/7/11,7.925,7.925,7.925,7.925,-0.18%
2007/7/10,7.939,7.939,7.939,7.939,0.18%
2007/7/9,7.925,7.925,7.925,7.925,-1.06%
2007/7/6,8.01,8.01,8.01,8.01,0.04%
2007/7/5,8.007,8.007,8.007,8.007,-0.26%
2007/7/4,8.028,8.028,8.028,8.028,-0.85%
2007/7/3,8.097,8.097,8.097,8.097,-0.17%
2007/7/2,8.111,8.111,8.111,8.111,-0.93%
2007/6/29,8.187,8.187,8.187,8.187,-0.09%
2007/6/28,8.194,8.194,8.194,8.194,-0.53%
2007/6/27,8.238,8.238,8.238,8.238,0.39%
2007/6/26,8.206,8.206,8.206,8.206,0.28%
2007/6/25,8.183,8.183,8.183,8.183,-0.56%
2007/6/22,8.229,8.229,8.229,8.229,-0.07%
2007/6/21,8.235,8.235,8.235,8.235,-0.17%
2007/6/20,8.249,8.249,8.249,8.249,0.34%
2007/6/19,8.221,8.221,8.221,8.221,0.23%
2007/6/18,8.202,8.202,8.202,8.202,-1.04%
2007/6/15,8.288,8.288,8.288,8.288,-0.52%
2007/6/14,8.331,8.331,8.331,8.331,-0.95%
2007/6/13,8.411,8.411,8.411,8.411,0.38%
2007/6/12,8.379,8.379,8.379,8.379,0.41%
2007/6/11,8.345,8.345,8.345,8.345,2.54%
2007/6/8,8.138,8.138,8.138,8.138,0.43%
2007/6/7,8.103,8.103,8.103,8.103,-0.41%
2007/6/6,8.136,8.136,8.136,8.136,0.54%
2007/6/5,8.092,8.092,8.092,8.092,0.07%
2007/6/4,8.086,8.086,8.086,8.086,0.11%
2007/6/1,8.077,8.077,8.077,8.077,-0.04%
2007/5/31,8.08,8.08,8.08,8.08,-0.26%
2007/5/30,8.101,8.101,8.101,8.101,-0.04%
2007/5/29,8.104,8.104,8.104,8.104,0.41%
2007/5/28,8.071,8.071,8.071,8.071,-0.80%
2007/5/25,8.136,8.136,8.136,8.136,-0.25%
2007/5/24,8.156,8.156,8.156,8.156,0.16%
2007/5/23,8.143,8.143,8.143,8.143,0.37%
2007/5/22,8.113,8.113,8.113,8.113,0.28%
2007/5/21,8.09,8.09,8.09,8.09,-0.78%
2007/5/18,8.154,8.154,8.154,8.154,0.38%
2007/5/17,8.123,8.123,8.123,8.123,0.23%
2007/5/16,8.104,8.104,8.104,8.104,-0.22%
2007/5/15,8.122,8.122,8.122,8.122,-0.36%
2007/5/14,8.151,8.151,8.151,8.151,-0.20%
2007/5/11,8.167,8.167,8.167,8.167,0.55%
2007/5/10,8.122,8.122,8.122,8.122,0.49%
2007/5/9,8.082,8.082,8.082,8.082,-0.39%
2007/5/8,8.114,8.114,8.114,8.114,-0.55%
2007/5/7,8.159,8.159,8.159,8.159,0.00%
2007/5/4,8.159,8.159,8.159,8.159,0.11%
2007/5/3,8.15,8.15,8.15,8.15,-0.28%
2007/4/30,8.173,8.173,8.173,8.173,0.38%
2007/4/27,8.142,8.142,8.142,8.142,1.12%
2007/4/26,8.052,8.052,8.052,8.052,0.90%
2007/4/25,7.98,7.98,7.98,7.98,-0.29%
2007/4/24,8.003,8.003,8.003,8.003,-1.20%
2007/4/23,8.1,8.1,8.1,8.1,0.41%
2007/4/20,8.067,8.067,8.067,8.067,-0.36%
2007/4/19,8.096,8.096,8.096,8.096,0.26%
2007/4/18,8.075,8.075,8.075,8.075,-0.41%
2007/4/17,8.108,8.108,8.108,8.108,0.04%
2007/4/16,8.105,8.105,8.105,8.105,0.00%
2007/4/13,8.105,8.105,8.105,8.105,0.33%
2007/4/12,8.078,8.078,8.078,8.078,0.39%
2007/4/11,8.047,8.047,8.047,8.047,0.29%
2007/4/10,8.024,8.024,8.024,8.024,-1.18%
2007/4/9,8.12,8.12,8.12,8.12,-0.77%
2007/4/5,8.183,8.183,8.183,8.183,0.28%
2007/4/4,8.16,8.16,8.16,8.16,-0.28%
2007/4/3,8.183,8.183,8.183,8.183,2.01%
2007/3/30,8.022,8.022,8.022,8.022,0.65%
2007/3/29,7.97,7.97,7.97,7.97,-0.15%
2007/3/28,7.982,7.982,7.982,7.982,-0.18%
2007/3/26,7.996,7.996,7.996,7.996,0.57%
2007/3/23,7.951,7.951,7.951,7.951,0.04%
2007/3/22,7.948,7.948,7.948,7.948,-1.29%
2007/3/21,8.052,8.052,8.052,8.052,-0.19%
2007/3/20,8.067,8.067,8.067,8.067,0.55%
2007/3/16,8.023,8.023,8.023,8.023,0.38%
2007/3/15,7.993,7.993,7.993,7.993,0.30%
2007/3/14,7.969,7.969,7.969,7.969,-0.03%
2007/3/13,7.971,7.971,7.971,7.971,0.28%
2007/3/12,7.949,7.949,7.949,7.949,-0.65%
2007/3/9,8.001,8.001,8.001,8.001,-0.04%
2007/3/8,8.004,8.004,8.004,8.004,0.64%
2007/3/7,7.953,7.953,7.953,7.953,-0.04%
2007/3/6,7.956,7.956,7.956,7.956,-0.29%
2007/3/5,7.979,7.979,7.979,7.979,0.38%
2007/3/2,7.949,7.949,7.949,7.949,0.18%
2007/3/1,7.935,7.935,7.935,7.935,-0.81%
2007/2/28,8,8,8,8,1.29%
2007/2/27,7.898,7.898,7.898,7.898,0.08%
2007/2/26,7.892,7.892,7.892,7.892,-0.54%
2007/2/23,7.935,7.935,7.935,7.935,-0.28%
2007/2/22,7.957,7.957,7.957,7.957,0.40%
2007/2/21,7.925,7.925,7.925,7.925,-0.97%
2007/2/20,8.003,8.003,8.003,8.003,-0.16%
2007/2/19,8.016,8.016,8.016,8.016,-0.71%
2007/2/15,8.073,8.073,8.073,8.073,-0.12%
2007/2/14,8.083,8.083,8.083,8.083,2.05%
2007/2/13,7.921,7.921,7.921,7.921,1.21%
2007/2/12,7.826,7.826,7.826,7.826,0.23%
2007/2/9,7.808,7.808,7.808,7.808,0.22%
2007/2/8,7.791,7.791,7.791,7.791,0.54%
2007/2/7,7.749,7.749,7.749,7.749,-0.04%
2007/2/6,7.752,7.752,7.752,7.752,0.47%
2007/2/5,7.716,7.716,7.716,7.716,0.22%
2007/2/2,7.699,7.699,7.699,7.699,-0.50%
2007/1/31,7.738,7.738,7.738,7.738,-2.05%
2007/1/29,7.9,7.9,7.9,7.9,0.22%
2007/1/25,7.883,7.883,7.883,7.883,-0.16%
2007/1/24,7.896,7.896,7.896,7.896,0.29%
2007/1/23,7.873,7.873,7.873,7.873,-0.44%
2007/1/22,7.908,7.908,7.908,7.908,1.29%
2007/1/19,7.807,7.807,7.807,7.807,-0.04%
2007/1/18,7.81,7.81,7.81,7.81,0.00%
2007/1/17,7.81,7.81,7.81,7.81,0.57%
2007/1/16,7.766,7.766,7.766,7.766,-0.33%
2007/1/15,7.792,7.792,7.792,7.792,-1.70%
2007/1/12,7.927,7.927,7.927,7.927,5.17%
2007/1/11,7.537,7.537,7.537,7.537,0.00%
2007/1/10,7.537,7.537,7.537,7.537,0.36%
2007/1/9,7.51,7.51,7.51,7.51,0.27%
2007/1/8,7.49,7.49,7.49,7.49,-0.86%
2007/1/5,7.555,7.555,7.555,7.555,-0.38%
2007/1/4,7.584,7.584,7.584,7.584,0.58%
2007/1/3,7.54,7.54,7.54,7.54,0.05%
2007/1/2,7.536,7.536,7.536,7.536,-1.09%
2006/12/29,7.619,7.619,7.619,7.619,-0.14%
2006/12/28,7.63,7.63,7.63,7.63,0.12%
2006/12/27,7.621,7.621,7.621,7.621,-0.05%
2006/12/26,7.625,7.625,7.625,7.625,0.32%
2006/12/22,7.601,7.601,7.601,7.601,-0.03%
2006/12/21,7.603,7.603,7.603,7.603,0.22%
2006/12/20,7.586,7.586,7.586,7.586,0.04%
2006/12/19,7.583,7.583,7.583,7.583,-0.39%
2006/12/18,7.613,7.613,7.613,7.613,-0.37%
2006/12/15,7.641,7.641,7.641,7.641,-0.55%
2006/12/14,7.683,7.683,7.683,7.683,0.80%
2006/12/13,7.622,7.622,7.622,7.622,-0.29%
2006/12/12,7.644,7.644,7.644,7.644,1.41%
2006/12/11,7.538,7.538,7.538,7.538,2.00%
2006/12/8,7.39,7.39,7.39,7.39,-0.04%
2006/12/7,7.393,7.393,7.393,7.393,0.04%
2006/12/6,7.39,7.39,7.39,7.39,0.15%
2006/12/5,7.379,7.379,7.379,7.379,-0.03%
2006/12/4,7.381,7.381,7.381,7.381,-0.61%
2006/12/1,7.426,7.426,7.426,7.426,0.03%
2006/11/30,7.424,7.424,7.424,7.424,0.23%
2006/11/29,7.407,7.407,7.407,7.407,0.41%
2006/11/28,7.377,7.377,7.377,7.377,-0.08%
2006/11/27,7.383,7.383,7.383,7.383,-0.65%
2006/11/24,7.431,7.431,7.431,7.431,-0.34%
2006/11/23,7.456,7.456,7.456,7.456,-0.15%
2006/11/22,7.467,7.467,7.467,7.467,-0.04%
2006/11/21,7.47,7.47,7.47,7.47,-0.17%
2006/11/20,7.483,7.483,7.483,7.483,-0.62%
2006/11/17,7.53,7.53,7.53,7.53,-0.12%
2006/11/16,7.539,7.539,7.539,7.539,0.07%
2006/11/15,7.534,7.534,7.534,7.534,-0.34%
2006/11/14,7.56,7.56,7.56,7.56,-0.32%
2006/11/13,7.584,7.584,7.584,7.584,-0.26%
2006/11/10,7.604,7.604,7.604,7.604,-0.09%
2006/11/9,7.611,7.611,7.611,7.611,0.29%
2006/11/8,7.589,7.589,7.589,7.589,-0.37%
2006/11/7,7.617,7.617,7.617,7.617,-0.57%
2006/11/6,7.661,7.661,7.661,7.661,0.25%
2006/11/3,7.642,7.642,7.642,7.642,0.55%
2006/11/2,7.6,7.6,7.6,7.6,-0.17%
2006/11/1,7.613,7.613,7.613,7.613,-0.16%
2006/10/31,7.625,7.625,7.625,7.625,0.13%
2006/10/30,7.615,7.615,7.615,7.615,0.11%
2006/10/27,7.607,7.607,7.607,7.607,-0.38%
2006/10/26,7.636,7.636,7.636,7.636,-0.30%
2006/10/23,7.659,7.659,7.659,7.659,0.07%
2006/10/20,7.654,7.654,7.654,7.654,-0.27%
2006/10/19,7.675,7.675,7.675,7.675,-0.12%
2006/10/18,7.684,7.684,7.684,7.684,0.01%
2006/10/17,7.683,7.683,7.683,7.683,0.08%
2006/10/16,7.677,7.677,7.677,7.677,0.79%
2006/10/13,7.617,7.617,7.617,7.617,0.03%
2006/10/12,7.615,7.615,7.615,7.615,-0.30%
2006/10/11,7.638,7.638,7.638,7.638,0.34%
2006/10/10,7.612,7.612,7.612,7.612,-0.39%
2006/10/9,7.642,7.642,7.642,7.642,0.61%
2006/10/6,7.596,7.596,7.596,7.596,0.08%
2006/10/5,7.59,7.59,7.59,7.59,0.04%
2006/10/4,7.587,7.587,7.587,7.587,-0.34%
2006/10/3,7.613,7.613,7.613,7.613,-0.38%
2006/9/29,7.642,7.642,7.642,7.642,0.24%
2006/9/28,7.624,7.624,7.624,7.624,0.42%
2006/9/27,7.592,7.592,7.592,7.592,0.40%
2006/9/26,7.562,7.562,7.562,7.562,-0.83%
2006/9/25,7.625,7.625,7.625,7.625,0.08%
2006/9/22,7.619,7.619,7.619,7.619,-0.79%
2006/9/21,7.68,7.68,7.68,7.68,0.80%
2006/9/20,7.619,7.619,7.619,7.619,-1.47%
2006/9/19,7.733,7.733,7.733,7.733,-0.68%
2006/9/18,7.786,7.786,7.786,7.786,-0.55%
2006/9/15,7.829,7.829,7.829,7.829,0.27%
2006/9/14,7.808,7.808,7.808,7.808,0.90%
2006/9/13,7.738,7.738,7.738,7.738,-0.42%
2006/9/12,7.771,7.771,7.771,7.771,0.83%
2006/9/11,7.707,7.707,7.707,7.707,0.03%
2006/9/8,7.705,7.705,7.705,7.705,-0.96%
2006/9/7,7.78,7.78,7.78,7.78,0.14%
2006/9/6,7.769,7.769,7.769,7.769,0.19%
2006/9/5,7.754,7.754,7.754,7.754,0.40%
2006/9/4,7.723,7.723,7.723,7.723,-1.96%
2006/9/1,7.877,7.877,7.877,7.877,-0.18%
2006/8/31,7.891,7.891,7.891,7.891,-0.53%
2006/8/30,7.933,7.933,7.933,7.933,-0.16%
2006/8/29,7.946,7.946,7.946,7.946,-0.05%
2006/8/28,7.95,7.95,7.95,7.95,-0.38%
2006/8/25,7.98,7.98,7.98,7.98,0.64%
2006/8/24,7.929,7.929,7.929,7.929,-0.89%
2006/8/23,8,8,8,8,-0.34%
2006/8/22,8.027,8.027,8.027,8.027,-0.10%
2006/8/21,8.035,8.035,8.035,8.035,0.20%
2006/8/18,8.019,8.019,8.019,8.019,-0.10%
2006/8/17,8.027,8.027,8.027,8.027,-0.82%
2006/8/16,8.093,8.093,8.093,8.093,-0.57%
2006/8/14,8.139,8.139,8.139,8.139,0.22%
2006/8/11,8.121,8.121,8.121,8.121,0.42%
2006/8/10,8.087,8.087,8.087,8.087,-0.41%
2006/8/9,8.12,8.12,8.12,8.12,-1.73%
2006/8/8,8.263,8.263,8.263,8.263,0.10%
2006/8/7,8.255,8.255,8.255,8.255,-0.39%
2006/8/4,8.287,8.287,8.287,8.287,-0.04%
2006/8/3,8.29,8.29,8.29,8.29,0.00%
2006/8/2,8.29,8.29,8.29,8.29,0.00%
2006/8/1,8.29,8.29,8.29,8.29,0.63%
2006/7/31,8.238,8.238,8.238,8.238,-0.15%
2006/7/28,8.25,8.25,8.25,8.25,0.35%
2006/7/27,8.221,8.221,8.221,8.221,-0.22%
2006/7/26,8.239,8.239,8.239,8.239,0.16%
2006/7/25,8.226,8.226,8.226,8.226,0.09%
2006/7/24,8.219,8.219,8.219,8.219,-0.28%
2006/7/21,8.242,8.242,8.242,8.242,-0.72%
2006/7/20,8.302,8.302,8.302,8.302,-0.46%
2006/7/19,8.34,8.34,8.34,8.34,-0.39%
2006/7/18,8.373,8.373,8.373,8.373,0.02%
2006/7/17,8.371,8.371,8.371,8.371,0.32%
2006/7/14,8.344,8.344,8.344,8.344,-0.13%
2006/7/13,8.355,8.355,8.355,8.355,-0.25%
2006/7/12,8.376,8.376,8.376,8.376,1.01%
2006/7/11,8.292,8.292,8.292,8.292,0.00%
2006/7/10,8.292,8.292,8.292,8.292,0.96%
2006/7/7,8.213,8.213,8.213,8.213,0.38%
2006/7/6,8.182,8.182,8.182,8.182,0.28%
2006/7/5,8.159,8.159,8.159,8.159,0.00%
2006/7/4,8.159,8.159,8.159,8.159,0.10%
2006/7/3,8.151,8.151,8.151,8.151,0.00%
2006/6/30,8.151,8.151,8.151,8.151,0.28%
2006/6/29,8.128,8.128,8.128,8.128,0.10%
2006/6/28,8.12,8.12,8.12,8.12,-0.18%
2006/6/27,8.135,8.135,8.135,8.135,0.15%
2006/6/26,8.123,8.123,8.123,8.123,0.42%
2006/6/23,8.089,8.089,8.089,8.089,1.20%
2006/6/22,7.993,7.993,7.993,7.993,1.01%
2006/6/21,7.913,7.913,7.913,7.913,0.00%
2006/6/20,7.913,7.913,7.913,7.913,0.08%
2006/6/19,7.907,7.907,7.907,7.907,1.33%
2006/6/16,7.803,7.803,7.803,7.803,0.04%
2006/6/15,7.8,7.8,7.8,7.8,0.08%
2006/6/14,7.794,7.794,7.794,7.794,-0.23%
2006/6/13,7.812,7.812,7.812,7.812,0.12%
2006/6/12,7.803,7.803,7.803,7.803,0.15%
2006/6/9,7.791,7.791,7.791,7.791,1.54%
2006/6/8,7.673,7.673,7.673,7.673,0.07%
2006/6/7,7.668,7.668,7.668,7.668,0.37%
2006/6/6,7.64,7.64,7.64,7.64,-0.16%
2006/6/5,7.652,7.652,7.652,7.652,-0.25%
2006/6/2,7.671,7.671,7.671,7.671,-0.07%
2006/6/1,7.676,7.676,7.676,7.676,0.22%
2006/5/31,7.659,7.659,7.659,7.659,0.05%
2006/5/30,7.655,7.655,7.655,7.655,0.14%
2006/5/29,7.644,7.644,7.644,7.644,0.43%
2006/5/26,7.611,7.611,7.611,7.611,0.05%
2006/5/25,7.607,7.607,7.607,7.607,0.00%
2006/5/24,7.607,7.607,7.607,7.607,0.17%
2006/5/23,7.594,7.594,7.594,7.594,-0.04%
2006/5/22,7.597,7.597,7.597,7.597,-0.20%
2006/5/19,7.612,7.612,7.612,7.612,-0.18%
2006/5/18,7.626,7.626,7.626,7.626,0.55%
2006/5/17,7.584,7.584,7.584,7.584,0.17%
2006/5/16,7.571,7.571,7.571,7.571,-0.26%
2006/5/15,7.591,7.591,7.591,7.591,0.61%
2006/5/12,7.545,7.545,7.545,7.545,0.17%
2006/5/11,7.532,7.532,7.532,7.532,0.43%
2006/5/10,7.5,7.5,7.5,7.5,0.13%
2006/5/9,7.49,7.49,7.49,7.49,-0.43%
2006/5/8,7.522,7.522,7.522,7.522,-0.20%
2006/5/5,7.537,7.537,7.537,7.537,0.03%
2006/5/4,7.535,7.535,7.535,7.535,0.37%
2006/5/3,7.507,7.507,7.507,7.507,0.47%
2006/5/2,7.472,7.472,7.472,7.472,1.11%
2006/4/28,7.39,7.39,7.39,7.39,-0.40%
2006/4/27,7.42,7.42,7.42,7.42,0.20%
2006/4/26,7.405,7.405,7.405,7.405,0.75%
2006/4/25,7.35,7.35,7.35,7.35,-0.10%
2006/4/24,7.357,7.357,7.357,7.357,0.26%
2006/4/21,7.338,7.338,7.338,7.338,-0.27%
2006/4/20,7.358,7.358,7.358,7.358,0.55%
2006/4/19,7.318,7.318,7.318,7.318,-2.91%
2006/4/18,7.537,7.537,7.537,7.537,-1.24%
2006/4/17,7.632,7.632,7.632,7.632,0.28%
2006/4/13,7.611,7.611,7.611,7.611,0.48%
2006/4/12,7.575,7.575,7.575,7.575,0.41%
2006/4/10,7.544,7.544,7.544,7.544,-0.03%
2006/4/7,7.546,7.546,7.546,7.546,0.11%
2006/4/5,7.538,7.538,7.538,7.538,-0.15%
2006/4/4,7.549,7.549,7.549,7.549,-0.11%
2006/4/3,7.557,7.557,7.557,7.557,0.09%
2006/3/31,7.55,7.55,7.55,7.55,0.76%
2006/3/29,7.493,7.493,7.493,7.493,0.85%
2006/3/28,7.43,7.43,7.43,7.43,-0.05%
2006/3/27,7.434,7.434,7.434,7.434,0.66%
2006/3/24,7.385,7.385,7.385,7.385,-0.11%
2006/3/23,7.393,7.393,7.393,7.393,0.04%
2006/3/22,7.39,7.39,7.39,7.39,0.20%
2006/3/21,7.375,7.375,7.375,7.375,-0.14%
2006/3/20,7.385,7.385,7.385,7.385,-0.08%
2006/3/17,7.391,7.391,7.391,7.391,-0.26%
2006/3/16,7.41,7.41,7.41,7.41,-0.08%
2006/3/14,7.416,7.416,7.416,7.416,0.04%
2006/3/13,7.413,7.413,7.413,7.413,0.05%
2006/3/10,7.409,7.409,7.409,7.409,0.27%
2006/3/9,7.389,7.389,7.389,7.389,-0.28%
2006/3/8,7.41,7.41,7.41,7.41,-0.34%
2006/3/7,7.435,7.435,7.435,7.435,-0.56%
2006/3/6,7.477,7.477,7.477,7.477,0.40%
2006/3/3,7.447,7.447,7.447,7.447,0.49%
2006/3/2,7.411,7.411,7.411,7.411,0.04%
2006/3/1,7.408,7.408,7.408,7.408,0.20%
2006/2/28,7.393,7.393,7.393,7.393,0.30%
2006/2/27,7.371,7.371,7.371,7.371,-0.24%
2006/2/24,7.389,7.389,7.389,7.389,0.14%
2006/2/23,7.379,7.379,7.379,7.379,0.18%
2006/2/22,7.366,7.366,7.366,7.366,0.31%
2006/2/21,7.343,7.343,7.343,7.343,-0.07%
2006/2/20,7.348,7.348,7.348,7.348,0.08%
2006/2/17,7.342,7.342,7.342,7.342,0.00%
2006/2/16,7.342,7.342,7.342,7.342,-0.43%
2006/2/15,7.374,7.374,7.374,7.374,0.20%
2006/2/14,7.359,7.359,7.359,7.359,0.19%
2006/2/13,7.345,7.345,7.345,7.345,-0.10%
2006/2/10,7.352,7.352,7.352,7.352,-0.16%
2006/2/8,7.364,7.364,7.364,7.364,0.12%
2006/2/7,7.355,7.355,7.355,7.355,0.40%
2006/2/6,7.326,7.326,7.326,7.326,-0.31%
2006/2/3,7.349,7.349,7.349,7.349,-0.62%
2006/2/2,7.395,7.395,7.395,7.395,0.37%
2006/2/1,7.368,7.368,7.368,7.368,-0.05%
2006/1/31,7.372,7.372,7.372,7.372,-0.71%
2006/1/30,7.425,7.425,7.425,7.425,-0.80%
2006/1/27,7.485,7.485,7.485,7.485,0.50%
2006/1/25,7.448,7.448,7.448,7.448,1.68%
2006/1/24,7.325,7.325,7.325,7.325,1.67%
2006/1/23,7.205,7.205,7.205,7.205,0.03%
2006/1/20,7.203,7.203,7.203,7.203,-0.17%
2006/1/19,7.215,7.215,7.215,7.215,0.19%
2006/1/18,7.201,7.201,7.201,7.201,0.15%
2006/1/17,7.19,7.19,7.19,7.19,-0.17%
2006/1/16,7.202,7.202,7.202,7.202,-0.15%
2006/1/13,7.213,7.213,7.213,7.213,0.24%
2006/1/12,7.196,7.196,7.196,7.196,0.11%
2006/1/10,7.188,7.188,7.188,7.188,0.01%
2006/1/9,7.187,7.187,7.187,7.187,0.06%
2006/1/6,7.183,7.183,7.183,7.183,0.10%
2006/1/5,7.176,7.176,7.176,7.176,-0.18%
2006/1/4,7.189,7.189,7.189,7.189,0.13%
2006/1/3,7.18,7.18,7.18,7.18,0.00%
2006/1/2,7.18,7.18,7.18,7.18,0.98%
2005/12/30,7.11,7.11,7.11,7.11,0.00%
2005/12/29,7.11,7.11,7.11,7.11,-0.10%
2005/12/28,7.117,7.117,7.117,7.117,0.00%
2005/12/27,7.117,7.117,7.117,7.117,-0.11%
2005/12/26,7.125,7.125,7.125,7.125,0.04%
2005/12/23,7.122,7.122,7.122,7.122,-0.10%
2005/12/22,7.129,7.129,7.129,7.129,0.15%
2005/12/21,7.118,7.118,7.118,7.118,0.00%
2005/12/20,7.118,7.118,7.118,7.118,0.04%
2005/12/19,7.115,7.115,7.115,7.115,0.15%
2005/12/16,7.104,7.104,7.104,7.104,-0.10%
2005/12/15,7.111,7.111,7.111,7.111,0.00%
2005/12/14,7.111,7.111,7.111,7.111,0.00%
2005/12/13,7.111,7.111,7.111,7.111,0.00%
2005/12/12,7.111,7.111,7.111,7.111,0.10%
2005/12/9,7.104,7.104,7.104,7.104,0.10%
2005/12/8,7.097,7.097,7.097,7.097,0.00%
2005/12/7,7.097,7.097,7.097,7.097,0.00%
2005/12/6,7.097,7.097,7.097,7.097,0.10%
2005/12/5,7.09,7.09,7.09,7.09,-0.10%
2005/12/2,7.097,7.097,7.097,7.097,0.25%
2005/12/1,7.079,7.079,7.079,7.079,-0.06%
2005/11/30,7.083,7.083,7.083,7.083,0.10%
2005/11/29,7.076,7.076,7.076,7.076,-0.20%
2005/11/28,7.09,7.09,7.09,7.09,-0.01%
2005/11/25,7.091,7.091,7.091,7.091,0.31%
2005/11/24,7.069,7.069,7.069,7.069,0.06%
2005/11/23,7.065,7.065,7.065,7.065,-0.17%
2005/11/22,7.077,7.077,7.077,7.077,-0.20%
2005/11/21,7.091,7.091,7.091,7.091,-0.04%
2005/11/18,7.094,7.094,7.094,7.094,-0.06%
2005/11/17,7.098,7.098,7.098,7.098,0.00%
2005/11/16,7.098,7.098,7.098,7.098,0.00%
2005/11/14,7.098,7.098,7.098,7.098,-0.31%
2005/11/11,7.12,7.12,7.12,7.12,-0.04%
2005/11/10,7.123,7.123,7.123,7.123,-0.06%
2005/11/9,7.127,7.127,7.127,7.127,0.30%
2005/11/8,7.106,7.106,7.106,7.106,0.00%
2005/11/7,7.106,7.106,7.106,7.106,0.04%
2005/11/4,7.103,7.103,7.103,7.103,0.10%
2005/11/3,7.096,7.096,7.096,7.096,-0.04%
2005/11/2,7.099,7.099,7.099,7.099,0.00%
2005/10/31,7.099,7.099,7.099,7.099,0.30%
2005/10/28,7.078,7.078,7.078,7.078,-0.10%
2005/10/27,7.085,7.085,7.085,7.085,-0.11%
2005/10/26,7.093,7.093,7.093,7.093,-0.49%
2005/10/25,7.128,7.128,7.128,7.128,0.28%
2005/10/24,7.108,7.108,7.108,7.108,-0.88%
2005/10/21,7.171,7.171,7.171,7.171,-0.10%
2005/10/20,7.178,7.178,7.178,7.178,0.10%
2005/10/19,7.171,7.171,7.171,7.171,-0.10%
2005/10/18,7.178,7.178,7.178,7.178,0.59%
2005/10/17,7.136,7.136,7.136,7.136,0.10%
2005/10/14,7.129,7.129,7.129,7.129,-0.20%
2005/10/13,7.143,7.143,7.143,7.143,-0.20%
2005/10/11,7.157,7.157,7.157,7.157,-0.29%
2005/10/10,7.178,7.178,7.178,7.178,-0.01%
2005/10/7,7.179,7.179,7.179,7.179,0.00%
2005/10/6,7.179,7.179,7.179,7.179,0.49%
2005/10/5,7.144,7.144,7.144,7.144,0.00%
2005/10/4,7.144,7.144,7.144,7.144,-0.15%
2005/10/3,7.155,7.155,7.155,7.155,0.76%
2005/10/1,7.101,7.101,7.101,7.101,0.00%
2005/9/30,7.101,7.101,7.101,7.101,0.08%
2005/9/29,7.095,7.095,7.095,7.095,0.30%
2005/9/28,7.074,7.074,7.074,7.074,-0.20%
2005/9/27,7.088,7.088,7.088,7.088,0.70%
2005/9/26,7.039,7.039,7.039,7.039,0.00%
2005/9/24,7.039,7.039,7.039,7.039,-0.30%
2005/9/23,7.06,7.06,7.06,7.06,0.21%
2005/9/22,7.045,7.045,7.045,7.045,0.57%
2005/9/21,7.005,7.005,7.005,7.005,0.00%
2005/9/20,7.005,7.005,7.005,7.005,0.10%
2005/9/19,6.998,6.998,6.998,6.998,-0.20%
2005/9/17,7.012,7.012,7.012,7.012,-0.10%
2005/9/16,7.019,7.019,7.019,7.019,0.29%
2005/9/15,6.999,6.999,6.999,6.999,-0.20%
2005/9/14,7.013,7.013,7.013,7.013,-0.07%
2005/9/13,7.018,7.018,7.018,7.018,-0.18%
2005/9/12,7.031,7.031,7.031,7.031,-0.04%
2005/9/10,7.034,7.034,7.034,7.034,0.00%
2005/9/9,7.034,7.034,7.034,7.034,0.00%
2005/9/8,7.034,7.034,7.034,7.034,0.13%
2005/9/6,7.025,7.025,7.025,7.025,-0.13%
2005/9/5,7.034,7.034,7.034,7.034,0.01%
2005/9/3,7.033,7.033,7.033,7.033,-0.14%
2005/9/2,7.043,7.043,7.043,7.043,-0.56%
2005/9/1,7.083,7.083,7.083,7.083,-0.16%
2005/8/31,7.094,7.094,7.094,7.094,0.11%
2005/8/30,7.086,7.086,7.086,7.086,-0.03%
2005/8/29,7.088,7.088,7.088,7.088,0.27%
2005/8/27,7.069,7.069,7.069,7.069,-0.17%
2005/8/26,7.081,7.081,7.081,7.081,-0.13%
2005/8/25,7.09,7.09,7.09,7.09,-0.10%
2005/8/24,7.097,7.097,7.097,7.097,0.17%
2005/8/23,7.085,7.085,7.085,7.085,0.16%
2005/8/22,7.074,7.074,7.074,7.074,0.03%
2005/8/19,7.072,7.072,7.072,7.072,0.03%
2005/8/18,7.07,7.07,7.07,7.07,-0.10%
2005/8/17,7.077,7.077,7.077,7.077,-0.03%
2005/8/16,7.079,7.079,7.079,7.079,0.28%
2005/8/13,7.059,7.059,7.059,7.059,0.44%
2005/8/12,7.028,7.028,7.028,7.028,0.16%
2005/8/11,7.017,7.017,7.017,7.017,-0.06%
2005/8/10,7.021,7.021,7.021,7.021,-0.44%
2005/8/9,7.052,7.052,7.052,7.052,0.61%
2005/8/8,7.009,7.009,7.009,7.009,0.11%
2005/8/6,7.001,7.001,7.001,7.001,0.20%
2005/8/5,6.987,6.987,6.987,6.987,0.10%
2005/8/4,6.98,6.98,6.98,6.98,0.09%
2005/8/3,6.974,6.974,6.974,6.974,-0.09%
2005/8/2,6.98,6.98,6.98,6.98,-0.50%
2005/8/1,7.015,7.015,7.015,7.015,0.30%
2005/7/30,6.994,6.994,6.994,6.994,0.49%
2005/7/29,6.96,6.96,6.96,6.96,-0.56%
2005/7/26,6.999,6.999,6.999,6.999,-2.32%
2005/7/25,7.165,7.165,7.165,7.165,-0.13%
2005/7/23,7.174,7.174,7.174,7.174,0.15%
2005/7/22,7.163,7.163,7.163,7.163,0.07%
2005/7/21,7.158,7.158,7.158,7.158,-0.22%
2005/7/20,7.174,7.174,7.174,7.174,-0.10%
2005/7/19,7.181,7.181,7.181,7.181,0.29%
2005/7/18,7.16,7.16,7.16,7.16,-0.58%
2005/7/16,7.202,7.202,7.202,7.202,0.45%
2005/7/15,7.17,7.17,7.17,7.17,-0.53%
2005/7/14,7.208,7.208,7.208,7.208,-0.26%
2005/7/13,7.227,7.227,7.227,7.227,0.00%
2005/7/12,7.227,7.227,7.227,7.227,-0.14%
2005/7/11,7.237,7.237,7.237,7.237,0.68%
2005/7/9,7.188,7.188,7.188,7.188,-0.07%
2005/7/8,7.193,7.193,7.193,7.193,0.49%
2005/7/7,7.158,7.158,7.158,7.158,0.55%
2005/7/6,7.119,7.119,7.119,7.119,0.98%
2005/7/5,7.05,7.05,7.05,7.05,-0.18%
2005/7/4,7.063,7.063,7.063,7.063,-0.11%
2005/7/2,7.071,7.071,7.071,7.071,1.57%
2005/7/1,6.962,6.962,6.962,6.962,0.80%
2005/6/30,6.907,6.907,6.907,6.907,0.19%
2005/6/29,6.894,6.894,6.894,6.894,-0.10%
2005/6/28,6.901,6.901,6.901,6.901,-0.49%
2005/6/27,6.935,6.935,6.935,6.935,1.03%
2005/6/25,6.864,6.864,6.864,6.864,-0.04%
2005/6/24,6.867,6.867,6.867,6.867,0.69%
2005/6/23,6.82,6.82,6.82,6.82,-0.20%
2005/6/22,6.834,6.834,6.834,6.834,-0.58%
2005/6/21,6.874,6.874,6.874,6.874,-0.88%
2005/6/20,6.935,6.935,6.935,6.935,-0.20%
2005/6/18,6.949,6.949,6.949,6.949,-0.19%
2005/6/17,6.962,6.962,6.962,6.962,0.19%
2005/6/16,6.949,6.949,6.949,6.949,0.68%
2005/6/15,6.902,6.902,6.902,6.902,-0.19%
2005/6/14,6.915,6.915,6.915,6.915,0.39%
2005/6/13,6.888,6.888,6.888,6.888,0.19%
2005/6/11,6.875,6.875,6.875,6.875,0.39%
2005/6/10,6.848,6.848,6.848,6.848,0.29%
2005/6/9,6.828,6.828,6.828,6.828,0.35%
2005/6/8,6.804,6.804,6.804,6.804,-0.74%
2005/6/7,6.855,6.855,6.855,6.855,-0.59%
2005/6/6,6.896,6.896,6.896,6.896,-0.09%
2005/6/4,6.902,6.902,6.902,6.902,0.09%
2005/6/3,6.896,6.896,6.896,6.896,-0.35%
2005/6/2,6.92,6.92,6.92,6.92,-0.04%
2005/6/1,6.923,6.923,6.923,6.923,-0.80%
2005/5/31,6.979,6.979,6.979,6.979,-0.33%
2005/5/30,7.002,7.002,7.002,7.002,0.10%
2005/5/28,6.995,6.995,6.995,6.995,0.34%
2005/5/27,6.971,6.971,6.971,6.971,0.00%
2005/5/26,6.971,6.971,6.971,6.971,0.68%
2005/5/25,6.924,6.924,6.924,6.924,0.10%
2005/5/24,6.917,6.917,6.917,6.917,-1.64%
2005/5/21,7.032,7.032,7.032,7.032,0.39%
2005/5/20,7.005,7.005,7.005,7.005,-0.86%
2005/5/19,7.066,7.066,7.066,7.066,-1.34%
2005/5/18,7.162,7.162,7.162,7.162,0.01%
2005/5/17,7.161,7.161,7.161,7.161,-0.50%
2005/5/16,7.197,7.197,7.197,7.197,0.39%
2005/5/14,7.169,7.169,7.169,7.169,0.00%
2005/5/13,7.169,7.169,7.169,7.169,-0.35%
2005/5/12,7.194,7.194,7.194,7.194,-0.14%
2005/5/11,7.204,7.204,7.204,7.204,0.00%
2005/5/10,7.204,7.204,7.204,7.204,-0.66%
2005/5/9,7.252,7.252,7.252,7.252,0.00%
2005/5/7,7.252,7.252,7.252,7.252,-0.11%
2005/5/6,7.26,7.26,7.26,7.26,0.29%
2005/5/5,7.239,7.239,7.239,7.239,0.10%
2005/5/4,7.232,7.232,7.232,7.232,-0.10%
2005/5/3,7.239,7.239,7.239,7.239,-0.85%
2005/5/2,7.301,7.301,7.301,7.301,-0.76%
2005/4/30,7.357,7.357,7.357,7.357,1.63%
2005/4/29,7.239,7.239,7.239,7.239,0.19%
2005/4/28,7.225,7.225,7.225,7.225,1.62%
2005/4/27,7.11,7.11,7.11,7.11,-0.18%
2005/4/26,7.123,7.123,7.123,7.123,0.00%
2005/4/25,7.123,7.123,7.123,7.123,0.30%
2005/4/23,7.102,7.102,7.102,7.102,0.28%
2005/4/21,7.082,7.082,7.082,7.082,0.00%
2005/4/20,7.082,7.082,7.082,7.082,0.16%
2005/4/19,7.071,7.071,7.071,7.071,-0.25%
2005/4/16,7.089,7.089,7.089,7.089,1.39%
2005/4/15,6.992,6.992,6.992,6.992,-0.14%
2005/4/13,7.002,7.002,7.002,7.002,0.00%
2005/4/12,7.002,7.002,7.002,7.002,0.00%
2005/4/11,7.002,7.002,7.002,7.002,-0.19%
2005/4/8,7.015,7.015,7.015,7.015,0.57%
2005/4/7,6.975,6.975,6.975,6.975,2.24%
2005/4/6,6.822,6.822,6.822,6.822,1.37%
2005/4/5,6.73,6.73,6.73,6.73,-0.30%
2005/4/4,6.75,6.75,6.75,6.75,0.30%
2005/4/2,6.73,6.73,6.73,6.73,0.78%
2005/4/1,6.678,6.678,6.678,6.678,0.03%
2005/3/31,6.676,6.676,6.676,6.676,0.12%
2005/3/30,6.668,6.668,6.668,6.668,0.03%
2005/3/29,6.666,6.666,6.666,6.666,0.20%
2005/3/28,6.653,6.653,6.653,6.653,-0.30%
2005/3/24,6.673,6.673,6.673,6.673,-0.82%
2005/3/23,6.728,6.728,6.728,6.728,0.19%
2005/3/22,6.715,6.715,6.715,6.715,0.09%
2005/3/21,6.709,6.709,6.709,6.709,0.68%
2005/3/19,6.664,6.664,6.664,6.664,0.05%
2005/3/18,6.661,6.661,6.661,6.661,-0.49%
2005/3/17,6.694,6.694,6.694,6.694,1.03%
2005/3/16,6.626,6.626,6.626,6.626,0.05%
2005/3/15,6.623,6.623,6.623,6.623,0.75%
2005/3/14,6.574,6.574,6.574,6.574,0.18%
2005/3/12,6.562,6.562,6.562,6.562,0.05%
2005/3/11,6.559,6.559,6.559,6.559,-0.29%
2005/3/10,6.578,6.578,6.578,6.578,0.43%
2005/3/9,6.55,6.55,6.55,6.55,0.26%
2005/3/7,6.533,6.533,6.533,6.533,-0.68%
2005/3/5,6.578,6.578,6.578,6.578,-0.71%
2005/3/4,6.625,6.625,6.625,6.625,0.08%
2005/3/3,6.62,6.62,6.62,6.62,-0.21%
2005/3/2,6.634,6.634,6.634,6.634,-0.26%
2005/3/1,6.651,6.651,6.651,6.651,1.56%
2005/2/28,6.549,6.549,6.549,6.549,1.17%
2005/2/26,6.473,6.473,6.473,6.473,-0.34%
2005/2/25,6.495,6.495,6.495,6.495,-0.17%
2005/2/24,6.506,6.506,6.506,6.506,-0.02%
2005/2/23,6.507,6.507,6.507,6.507,0.08%
2005/2/22,6.502,6.502,6.502,6.502,-0.09%
2005/2/21,6.508,6.508,6.508,6.508,-0.06%
2005/2/19,6.512,6.512,6.512,6.512,0.22%
2005/2/18,6.498,6.498,6.498,6.498,-0.14%
2005/2/17,6.507,6.507,6.507,6.507,-0.38%
2005/2/16,6.532,6.532,6.532,6.532,0.25%
2005/2/15,6.516,6.516,6.516,6.516,0.26%
2005/2/14,6.499,6.499,6.499,6.499,0.70%
2005/2/12,6.454,6.454,6.454,6.454,0.03%
2005/2/11,6.452,6.452,6.452,6.452,-0.43%
2005/2/10,6.48,6.48,6.48,6.48,-0.83%
2005/2/9,6.534,6.534,6.534,6.534,-0.15%
2005/2/8,6.544,6.544,6.544,6.544,-0.58%
2005/2/7,6.582,6.582,6.582,6.582,-1.97%
2005/2/5,6.714,6.714,6.714,6.714,-0.25%
2005/2/4,6.731,6.731,6.731,6.731,0.06%
2005/2/3,6.727,6.727,6.727,6.727,0.72%
2005/2/2,6.679,6.679,6.679,6.679,-0.65%
2005/2/1,6.723,6.723,6.723,6.723,0.30%
2005/1/31,6.703,6.703,6.703,6.703,-0.13%
2005/1/29,6.712,6.712,6.712,6.712,-0.36%
2005/1/28,6.736,6.736,6.736,6.736,-0.30%
2005/1/27,6.756,6.756,6.756,6.756,0.01%
2005/1/25,6.755,6.755,6.755,6.755,0.10%
2005/1/24,6.748,6.748,6.748,6.748,0.15%
2005/1/22,6.738,6.738,6.738,6.738,0.28%
2005/1/20,6.719,6.719,6.719,6.719,-0.58%
2005/1/19,6.758,6.758,6.758,6.758,0.61%
2005/1/18,6.717,6.717,6.717,6.717,0.40%
2005/1/17,6.69,6.69,6.69,6.69,-0.54%
2005/1/15,6.726,6.726,6.726,6.726,1.17%
2005/1/14,6.648,6.648,6.648,6.648,1.25%
2005/1/13,6.566,6.566,6.566,6.566,-0.23%
2005/1/12,6.581,6.581,6.581,6.581,0.41%
2005/1/11,6.554,6.554,6.554,6.554,-0.52%
2005/1/10,6.588,6.588,6.588,6.588,0.34%
2005/1/8,6.566,6.566,6.566,6.566,0.27%
2005/1/7,6.548,6.548,6.548,6.548,-0.86%
2005/1/6,6.605,6.605,6.605,6.605,0.58%
2005/1/5,6.567,6.567,6.567,6.567,1.26%
2005/1/4,6.485,6.485,6.485,6.485,-0.81%
2005/1/3,6.538,6.538,6.538,6.538,-3.78%
2005/1/1,6.795,6.795,6.795,6.795,1.33%
2004/12/31,6.706,6.706,6.706,6.706,1.15%
2004/12/30,6.63,6.63,6.63,6.63,0.53%
2004/12/29,6.595,6.595,6.595,6.595,-0.02%
2004/12/28,6.596,6.596,6.596,6.596,-1.05%
2004/12/27,6.666,6.666,6.666,6.666,-0.01%
2004/12/25,6.667,6.667,6.667,6.667,0.08%
2004/12/24,6.662,6.662,6.662,6.662,-0.09%
2004/12/23,6.668,6.668,6.668,6.668,-0.64%
2004/12/22,6.711,6.711,6.711,6.711,-0.61%
2004/12/21,6.752,6.752,6.752,6.752,-0.63%
2004/12/20,6.795,6.795,6.795,6.795,-0.12%
2004/12/18,6.803,6.803,6.803,6.803,0.09%
2004/12/17,6.797,6.797,6.797,6.797,-0.21%
2004/12/16,6.811,6.811,6.811,6.811,0.04%
2004/12/15,6.808,6.808,6.808,6.808,0.37%
2004/12/14,6.783,6.783,6.783,6.783,0.43%
2004/12/13,6.754,6.754,6.754,6.754,1.49%
2004/12/11,6.655,6.655,6.655,6.655,-0.43%
2004/12/10,6.684,6.684,6.684,6.684,-0.80%
2004/12/9,6.738,6.738,6.738,6.738,-0.18%
2004/12/8,6.75,6.75,6.75,6.75,-0.16%
2004/12/7,6.761,6.761,6.761,6.761,0.07%
2004/12/6,6.756,6.756,6.756,6.756,0.54%
2004/12/4,6.72,6.72,6.72,6.72,-1.32%
2004/12/3,6.81,6.81,6.81,6.81,-0.03%
2004/12/2,6.812,6.812,6.812,6.812,-1.06%
2004/12/1,6.885,6.885,6.885,6.885,-4.34%
2004/11/30,7.197,7.197,7.197,7.197,-0.17%
2004/11/29,7.209,7.209,7.209,7.209,0.36%
2004/11/27,7.183,7.183,7.183,7.183,-0.44%
2004/11/25,7.215,7.215,7.215,7.215,-0.04%
2004/11/24,7.218,7.218,7.218,7.218,1.11%
2004/11/23,7.139,7.139,7.139,7.139,0.92%
2004/11/22,7.074,7.074,7.074,7.074,-0.20%
2004/11/20,7.088,7.088,7.088,7.088,-0.42%
2004/11/19,7.118,7.118,7.118,7.118,0.00%
2004/11/18,7.118,7.118,7.118,7.118,-0.61%
2004/11/17,7.162,7.162,7.162,7.162,0.21%
2004/11/16,7.147,7.147,7.147,7.147,-0.40%
2004/11/13,7.176,7.176,7.176,7.176,-0.01%
2004/11/11,7.177,7.177,7.177,7.177,0.31%
2004/11/10,7.155,7.155,7.155,7.155,-0.31%
2004/11/9,7.177,7.177,7.177,7.177,-1.21%
2004/11/8,7.265,7.265,7.265,7.265,0.61%
2004/11/6,7.221,7.221,7.221,7.221,0.00%
2004/11/5,7.221,7.221,7.221,7.221,3.96%
2004/11/4,6.946,6.946,6.946,6.946,0.32%
2004/11/3,6.924,6.924,6.924,6.924,-0.10%
2004/11/2,6.931,6.931,6.931,6.931,-0.22%
2004/11/1,6.946,6.946,6.946,6.946,0.20%
2004/10/30,6.932,6.932,6.932,6.932,1.03%
2004/10/29,6.861,6.861,6.861,6.861,-1.02%
2004/10/28,6.932,6.932,6.932,6.932,0.73%
2004/10/27,6.882,6.882,6.882,6.882,0.61%
2004/10/26,6.84,6.84,6.84,6.84,1.89%
2004/10/25,6.713,6.713,6.713,6.713,1.27%
2004/10/23,6.629,6.629,6.629,6.629,-1.47%
2004/10/21,6.728,6.728,6.728,6.728,-0.52%
2004/10/20,6.763,6.763,6.763,6.763,-0.21%
2004/10/19,6.777,6.777,6.777,6.777,0.21%
2004/10/18,6.763,6.763,6.763,6.763,-0.41%
2004/10/16,6.791,6.791,6.791,6.791,0.40%
2004/10/15,6.764,6.764,6.764,6.764,0.00%
2004/10/14,6.764,6.764,6.764,6.764,-0.76%
2004/10/12,6.816,6.816,6.816,6.816,0.35%
2004/10/11,6.792,6.792,6.792,6.792,1.68%
2004/10/9,6.68,6.68,6.68,6.68,0.10%
2004/10/8,6.673,6.673,6.673,6.673,1.15%
2004/10/7,6.597,6.597,6.597,6.597,1.27%
2004/10/6,6.514,6.514,6.514,6.514,0.25%
2004/10/5,6.498,6.498,6.498,6.498,0.81%
2004/10/4,6.446,6.446,6.446,6.446,0.84%
2004/10/1,6.392,6.392,6.392,6.392,2.37%
2004/9/30,6.244,6.244,6.244,6.244,0.21%
2004/9/29,6.231,6.231,6.231,6.231,0.44%
2004/9/28,6.204,6.204,6.204,6.204,1.74%
2004/9/27,6.098,6.098,6.098,6.098,0.61%
2004/9/25,6.061,6.061,6.061,6.061,0.25%
2004/9/24,6.046,6.046,6.046,6.046,-0.23%
2004/9/23,6.06,6.06,6.06,6.06,-1.40%
2004/9/22,6.146,6.146,6.146,6.146,0.33%
2004/9/21,6.126,6.126,6.126,6.126,-0.23%
2004/9/20,6.14,6.14,6.14,6.14,0.21%
2004/9/17,6.127,6.127,6.127,6.127,-0.21%
2004/9/16,6.14,6.14,6.14,6.14,0.24%
2004/9/15,6.125,6.125,6.125,6.125,0.54%
2004/9/14,6.092,6.092,6.092,6.092,-0.70%
2004/9/13,6.135,6.135,6.135,6.135,3.21%
2004/9/11,5.944,5.944,5.944,5.944,0.08%
2004/9/10,5.939,5.939,5.939,5.939,-0.17%
2004/9/9,5.949,5.949,5.949,5.949,0.05%
2004/9/8,5.946,5.946,5.946,5.946,0.10%
2004/9/7,5.94,5.94,5.94,5.94,0.66%
2004/9/6,5.901,5.901,5.901,5.901,0.32%
2004/9/4,5.882,5.882,5.882,5.882,-0.12%
2004/9/3,5.889,5.889,5.889,5.889,-2.58%
2004/9/2,6.045,6.045,6.045,6.045,1.41%
2004/9/1,5.961,5.961,5.961,5.961,-2.10%
2004/8/31,6.089,6.089,6.089,6.089,-1.10%
2004/8/30,6.157,6.157,6.157,6.157,1.95%
2004/8/28,6.039,6.039,6.039,6.039,-0.87%
2004/8/27,6.092,6.092,6.092,6.092,-2.65%
2004/8/26,6.258,6.258,6.258,6.258,0.85%
2004/8/25,6.205,6.205,6.205,6.205,-1.27%
2004/8/24,6.285,6.285,6.285,6.285,-1.15%
2004/8/23,6.358,6.358,6.358,6.358,-3.01%
2004/8/21,6.555,6.555,6.555,6.555,0.94%
2004/8/19,6.494,6.494,6.494,6.494,0.20%
2004/8/18,6.481,6.481,6.481,6.481,-0.52%
2004/8/17,6.515,6.515,6.515,6.515,-0.72%
2004/8/16,6.562,6.562,6.562,6.562,-1.04%
2004/8/14,6.631,6.631,6.631,6.631,1.36%
2004/8/13,6.542,6.542,6.542,6.542,-1.65%
2004/8/12,6.652,6.652,6.652,6.652,1.56%
2004/8/11,6.55,6.55,6.55,6.55,0.21%
2004/8/10,6.536,6.536,6.536,6.536,0.94%
2004/8/9,6.475,6.475,6.475,6.475,3.53%
2004/8/7,6.254,6.254,6.254,6.254,-0.45%
2004/8/6,6.282,6.282,6.282,6.282,2.36%
2004/8/5,6.137,6.137,6.137,6.137,-0.39%
2004/8/4,6.161,6.161,6.161,6.161,-1.19%
2004/8/3,6.235,6.235,6.235,6.235,-0.02%
2004/8/2,6.236,6.236,6.236,6.236,1.61%
2004/7/31,6.137,6.137,6.137,6.137,-0.44%
2004/7/30,6.164,6.164,6.164,6.164,-1.89%
2004/7/29,6.283,6.283,6.283,6.283,3.02%
2004/7/28,6.099,6.099,6.099,6.099,2.54%
2004/7/27,5.948,5.948,5.948,5.948,0.39%
2004/7/26,5.925,5.925,5.925,5.925,0.10%
2004/7/24,5.919,5.919,5.919,5.919,-0.55%
2004/7/23,5.952,5.952,5.952,5.952,0.44%
2004/7/22,5.926,5.926,5.926,5.926,1.42%
2004/7/21,5.843,5.843,5.843,5.843,-0.12%
2004/7/20,5.85,5.85,5.85,5.85,0.33%
2004/7/19,5.831,5.831,5.831,5.831,-0.22%
2004/7/17,5.844,5.844,5.844,5.844,-1.73%
2004/7/16,5.947,5.947,5.947,5.947,0.00%
2004/7/15,5.947,5.947,5.947,5.947,1.40%
2004/7/14,5.865,5.865,5.865,5.865,0.77%
2004/7/13,5.82,5.82,5.82,5.82,-0.99%
2004/7/12,5.878,5.878,5.878,5.878,1.43%
2004/7/10,5.795,5.795,5.795,5.795,-0.94%
2004/7/9,5.85,5.85,5.85,5.85,0.38%
2004/7/8,5.828,5.828,5.828,5.828,1.57%
2004/7/7,5.738,5.738,5.738,5.738,0.79%
2004/7/6,5.693,5.693,5.693,5.693,-0.07%
2004/7/5,5.697,5.697,5.697,5.697,-0.23%
2004/7/3,5.71,5.71,5.71,5.71,-1.26%
2004/7/2,5.783,5.783,5.783,5.783,-1.03%
2004/7/1,5.843,5.843,5.843,5.843,-0.12%
2004/6/30,5.85,5.85,5.85,5.85,0.00%
2004/6/29,5.85,5.85,5.85,5.85,0.76%
2004/6/28,5.806,5.806,5.806,5.806,-0.97%
2004/6/26,5.863,5.863,5.863,5.863,0.21%
2004/6/25,5.851,5.851,5.851,5.851,1.19%
2004/6/24,5.782,5.782,5.782,5.782,-0.22%
2004/6/23,5.795,5.795,5.795,5.795,0.98%
2004/6/22,5.739,5.739,5.739,5.739,2.56%
2004/6/21,5.596,5.596,5.596,5.596,2.25%
2004/6/19,5.473,5.473,5.473,5.473,0.09%
2004/6/18,5.468,5.468,5.468,5.468,1.56%
2004/6/17,5.384,5.384,5.384,5.384,0.22%
2004/6/16,5.372,5.372,5.372,5.372,-0.90%
2004/6/15,5.421,5.421,5.421,5.421,0.30%
2004/6/14,5.405,5.405,5.405,5.405,1.46%
2004/6/12,5.327,5.327,5.327,5.327,0.08%
2004/6/11,5.323,5.323,5.323,5.323,-0.17%
2004/6/10,5.332,5.332,5.332,5.332,0.83%
2004/6/9,5.288,5.288,5.288,5.288,0.30%
2004/6/8,5.272,5.272,5.272,5.272,-0.08%
2004/6/7,5.276,5.276,5.276,5.276,0.92%
2004/6/5,5.228,5.228,5.228,5.228,-0.95%
2004/6/4,5.278,5.278,5.278,5.278,-0.11%
2004/6/3,5.284,5.284,5.284,5.284,-0.17%
2004/6/2,5.293,5.293,5.293,5.293,0.15%
2004/6/1,5.285,5.285,5.285,5.285,0.21%
2004/5/31,5.274,5.274,5.274,5.274,0.34%
2004/5/29,5.256,5.256,5.256,5.256,0.23%
2004/5/28,5.244,5.244,5.244,5.244,0.61%
2004/5/27,5.212,5.212,5.212,5.212,0.40%
2004/5/26,5.191,5.191,5.191,5.191,0.14%
2004/5/25,5.184,5.184,5.184,5.184,0.12%
2004/5/24,5.178,5.178,5.178,5.178,0.02%
2004/5/22,5.177,5.177,5.177,5.177,-0.27%
2004/5/21,5.191,5.191,5.191,5.191,0.12%
2004/5/20,5.185,5.185,5.185,5.185,0.04%
2004/5/19,5.183,5.183,5.183,5.183,-0.08%
2004/5/18,5.187,5.187,5.187,5.187,-1.33%
2004/5/17,5.257,5.257,5.257,5.257,0.57%
2004/5/15,5.227,5.227,5.227,5.227,-0.04%
2004/5/14,5.229,5.229,5.229,5.229,0.87%
2004/5/13,5.184,5.184,5.184,5.184,-0.06%
2004/5/12,5.187,5.187,5.187,5.187,-0.15%
2004/5/11,5.195,5.195,5.195,5.195,0.12%
2004/5/10,5.189,5.189,5.189,5.189,0.46%
2004/5/8,5.165,5.165,5.165,5.165,0.72%
2004/5/7,5.128,5.128,5.128,5.128,0.31%
2004/5/6,5.112,5.112,5.112,5.112,-0.02%
2004/5/5,5.113,5.113,5.113,5.113,-0.21%
2004/5/3,5.124,5.124,5.124,5.124,0.14%
2004/4/30,5.117,5.117,5.117,5.117,-0.35%
2004/4/29,5.135,5.135,5.135,5.135,0.23%
2004/4/28,5.123,5.123,5.123,5.123,0.22%
2004/4/27,5.112,5.112,5.112,5.112,0.65%
2004/4/24,5.079,5.079,5.079,5.079,0.16%
2004/4/23,5.071,5.071,5.071,5.071,0.08%
2004/4/22,5.067,5.067,5.067,5.067,-0.06%
2004/4/21,5.07,5.07,5.07,5.07,0.16%
2004/4/20,5.062,5.062,5.062,5.062,-0.14%
2004/4/19,5.069,5.069,5.069,5.069,0.16%
2004/4/17,5.061,5.061,5.061,5.061,-0.35%
2004/4/16,5.079,5.079,5.079,5.079,0.02%
2004/4/15,5.078,5.078,5.078,5.078,-0.04%
2004/4/13,5.08,5.08,5.08,5.08,-0.02%
2004/4/12,5.081,5.081,5.081,5.081,-0.63%
2004/4/10,5.113,5.113,5.113,5.113,-0.04%
2004/4/8,5.115,5.115,5.115,5.115,-0.12%
2004/4/7,5.121,5.121,5.121,5.121,-0.19%
2004/4/6,5.131,5.131,5.131,5.131,0.06%
2004/4/5,5.128,5.128,5.128,5.128,0.33%
2004/4/2,5.111,5.111,5.111,5.111,-0.31%
2004/4/1,5.127,5.127,5.127,5.127,-0.39%
2004/3/31,5.147,5.147,5.147,5.147,-0.21%
2004/3/29,5.158,5.158,5.158,5.158,-0.04%
2004/3/27,5.16,5.16,5.16,5.16,-0.02%
2004/3/26,5.161,5.161,5.161,5.161,-0.12%
2004/3/25,5.167,5.167,5.167,5.167,-0.12%
2004/3/24,5.173,5.173,5.173,5.173,-0.17%
2004/3/23,5.182,5.182,5.182,5.182,0.27%
2004/3/22,5.168,5.168,5.168,5.168,0.10%
2004/3/20,5.163,5.163,5.163,5.163,0.08%
2004/3/19,5.159,5.159,5.159,5.159,-0.35%
2004/3/18,5.177,5.177,5.177,5.177,0.15%
2004/3/17,5.169,5.169,5.169,5.169,-0.50%
2004/3/16,5.195,5.195,5.195,5.195,-0.15%
2004/3/15,5.203,5.203,5.203,5.203,0.33%
2004/3/13,5.186,5.186,5.186,5.186,0.02%
2004/3/12,5.185,5.185,5.185,5.185,-0.50%
2004/3/11,5.211,5.211,5.211,5.211,-0.08%
2004/3/10,5.215,5.215,5.215,5.215,-0.15%
2004/3/9,5.223,5.223,5.223,5.223,-0.11%
2004/3/8,5.229,5.229,5.229,5.229,-0.08%
2004/3/6,5.233,5.233,5.233,5.233,-0.19%
2004/3/5,5.243,5.243,5.243,5.243,0.00%
2004/3/4,5.243,5.243,5.243,5.243,-0.11%
2004/3/3,5.249,5.249,5.249,5.249,-0.15%
2004/3/1,5.257,5.257,5.257,5.257,-0.08%
2004/2/28,5.261,5.261,5.261,5.261,-0.08%
2004/2/27,5.265,5.265,5.265,5.265,0.19%
2004/2/26,5.255,5.255,5.255,5.255,0.44%
2004/2/25,5.232,5.232,5.232,5.232,-0.34%
2004/2/24,5.25,5.25,5.25,5.25,-0.32%
2004/2/23,5.267,5.267,5.267,5.267,-0.02%
2004/2/21,5.268,5.268,5.268,5.268,-0.57%
2004/2/20,5.298,5.298,5.298,5.298,-0.56%
2004/2/19,5.328,5.328,5.328,5.328,0.32%
2004/2/17,5.311,5.311,5.311,5.311,-0.45%
2004/2/16,5.335,5.335,5.335,5.335,0.79%
2004/2/14,5.293,5.293,5.293,5.293,0.19%
2004/2/13,5.283,5.283,5.283,5.283,0.09%
2004/2/12,5.278,5.278,5.278,5.278,-0.17%
2004/2/11,5.287,5.287,5.287,5.287,1.05%
2004/2/10,5.232,5.232,5.232,5.232,0.35%
2004/2/9,5.214,5.214,5.214,5.214,-0.10%
2004/2/7,5.219,5.219,5.219,5.219,0.06%
2004/2/6,5.216,5.216,5.216,5.216,0.42%
2004/2/5,5.194,5.194,5.194,5.194,0.48%
2004/2/4,5.169,5.169,5.169,5.169,-0.52%
2004/2/3,5.196,5.196,5.196,5.196,-0.52%
2004/1/31,5.223,5.223,5.223,5.223,0.29%
2004/1/30,5.208,5.208,5.208,5.208,0.35%
2004/1/29,5.19,5.19,5.19,5.19,0.80%
2004/1/28,5.149,5.149,5.149,5.149,0.12%
2004/1/27,5.143,5.143,5.143,5.143,0.18%
2004/1/24,5.134,5.134,5.134,5.134,-0.02%
2004/1/23,5.135,5.135,5.135,5.135,-0.06%
2004/1/22,5.138,5.138,5.138,5.138,-0.14%
2004/1/21,5.145,5.145,5.145,5.145,0.06%
2004/1/20,5.142,5.142,5.142,5.142,-0.02%
2004/1/19,5.143,5.143,5.143,5.143,0.12%
2004/1/17,5.137,5.137,5.137,5.137,-0.02%
2004/1/16,5.138,5.138,5.138,5.138,-0.02%
2004/1/15,5.139,5.139,5.139,5.139,0.29%
2004/1/14,5.124,5.124,5.124,5.124,-0.08%
2004/1/13,5.128,5.128,5.128,5.128,-0.23%
2004/1/12,5.14,5.14,5.14,5.14,0.18%
2004/1/10,5.131,5.131,5.131,5.131,0.25%
2004/1/9,5.118,5.118,5.118,5.118,0.10%
2004/1/8,5.113,5.113,5.113,5.113,-0.12%
2004/1/7,5.119,5.119,5.119,5.119,0.06%
2004/1/6,5.116,5.116,5.116,5.116,-0.08%
2004/1/5,5.12,5.12,5.12,5.12,0.55%
2004/1/3,5.092,5.092,5.092,5.092,-0.57%
2004/1/2,5.121,5.121,5.121,5.121,-0.12%
2004/1/1,5.127,5.127,5.127,5.127,0.10%
2003/12/31,5.122,5.122,5.122,5.122,0.31%
2003/12/30,5.106,5.106,5.106,5.106,-0.23%
2003/12/29,5.118,5.118,5.118,5.118,0.20%
2003/12/27,5.108,5.108,5.108,5.108,-0.04%
2003/12/26,5.11,5.11,5.11,5.11,-0.68%
2003/12/24,5.145,5.145,5.145,5.145,0.00%
2003/12/23,5.145,5.145,5.145,5.145,-0.14%
2003/12/22,5.152,5.152,5.152,5.152,-0.12%
2003/12/20,5.158,5.158,5.158,5.158,0.10%
2003/12/19,5.153,5.153,5.153,5.153,0.00%
2003/12/18,5.153,5.153,5.153,5.153,-0.77%
2003/12/17,5.193,5.193,5.193,5.193,-0.29%
2003/12/16,5.208,5.208,5.208,5.208,0.10%
2003/12/15,5.203,5.203,5.203,5.203,0.19%
2003/12/13,5.193,5.193,5.193,5.193,0.25%
2003/12/12,5.18,5.18,5.18,5.18,-0.65%
2003/12/11,5.214,5.214,5.214,5.214,0.00%
2003/12/10,5.214,5.214,5.214,5.214,0.64%
2003/12/9,5.181,5.181,5.181,5.181,0.14%
2003/12/8,5.174,5.174,5.174,5.174,-0.04%
2003/12/6,5.176,5.176,5.176,5.176,-0.25%
2003/12/5,5.189,5.189,5.189,5.189,0.46%
2003/12/4,5.165,5.165,5.165,5.165,-0.02%
2003/12/3,5.166,5.166,5.166,5.166,-0.81%
2003/12/2,5.208,5.208,5.208,5.208,-0.13%
2003/12/1,5.215,5.215,5.215,5.215,1.11%
2003/11/29,5.158,5.158,5.158,5.158,0.21%
2003/11/28,5.147,5.147,5.147,5.147,0.57%
2003/11/27,5.118,5.118,5.118,5.118,-0.25%
2003/11/25,5.131,5.131,5.131,5.131,0.41%
2003/11/24,5.11,5.11,5.11,5.11,0.12%
2003/11/22,5.104,5.104,5.104,5.104,-0.02%
2003/11/21,5.105,5.105,5.105,5.105,-0.12%
2003/11/20,5.111,5.111,5.111,5.111,-0.37%
2003/11/19,5.13,5.13,5.13,5.13,-0.23%
2003/11/18,5.142,5.142,5.142,5.142,-0.70%
2003/11/17,5.178,5.178,5.178,5.178,1.63%
2003/11/15,5.095,5.095,5.095,5.095,-0.14%
2003/11/14,5.102,5.102,5.102,5.102,0.10%
2003/11/13,5.097,5.097,5.097,5.097,0.35%
2003/11/12,5.079,5.079,5.079,5.079,0.34%
2003/11/11,5.062,5.062,5.062,5.062,0.00%
2003/11/10,5.062,5.062,5.062,5.062,-0.04%
2003/11/7,5.064,5.064,5.064,5.064,0.12%
2003/11/6,5.058,5.058,5.058,5.058,-0.12%
2003/11/5,5.064,5.064,5.064,5.064,-0.26%
2003/11/4,5.077,5.077,5.077,5.077,-0.24%
2003/11/3,5.089,5.089,5.089,5.089,0.35%
2003/11/1,5.071,5.071,5.071,5.071,-0.57%
2003/10/31,5.1,5.1,5.1,5.1,-0.04%
2003/10/30,5.102,5.102,5.102,5.102,-0.02%
2003/10/29,5.103,5.103,5.103,5.103,-1.60%
2003/10/28,5.186,5.186,5.186,5.186,1.39%
2003/10/27,5.115,5.115,5.115,5.115,0.43%
2003/10/24,5.093,5.093,5.093,5.093,-0.70%
2003/10/23,5.129,5.129,5.129,5.129,1.04%
2003/10/22,5.076,5.076,5.076,5.076,0.69%
2003/10/21,5.041,5.041,5.041,5.041,0.68%
2003/10/20,5.007,5.007,5.007,5.007,0.72%
2003/10/18,4.971,4.971,4.971,4.971,-0.04%
2003/10/17,4.973,4.973,4.973,4.973,0.22%
2003/10/16,4.962,4.962,4.962,4.962,-0.46%
2003/10/15,4.985,4.985,4.985,4.985,-0.68%
2003/10/14,5.019,5.019,5.019,5.019,-0.28%
2003/10/13,5.033,5.033,5.033,5.033,-0.12%
2003/10/11,5.039,5.039,5.039,5.039,-0.38%
2003/10/10,5.058,5.058,5.058,5.058,-0.02%
2003/10/9,5.059,5.059,5.059,5.059,-0.12%
2003/10/8,5.065,5.065,5.065,5.065,0.00%
2003/10/7,5.065,5.065,5.065,5.065,-1.07%
2003/10/6,5.12,5.12,5.12,5.12,-0.76%
2003/10/3,5.159,5.159,5.159,5.159,0.06%
2003/10/1,5.156,5.156,5.156,5.156,-0.35%
2003/9/30,5.174,5.174,5.174,5.174,-1.33%
2003/9/29,5.244,5.244,5.244,5.244,-0.27%
2003/9/27,5.258,5.258,5.258,5.258,-0.02%
2003/9/26,5.259,5.259,5.259,5.259,0.10%
2003/9/25,5.254,5.254,5.254,5.254,-0.34%
2003/9/24,5.272,5.272,5.272,5.272,-0.70%
2003/9/23,5.309,5.309,5.309,5.309,-0.11%
2003/9/22,5.315,5.315,5.315,5.315,0.08%
2003/9/20,5.311,5.311,5.311,5.311,-0.04%
2003/9/19,5.313,5.313,5.313,5.313,-0.02%
2003/9/18,5.314,5.314,5.314,5.314,0.43%
2003/9/17,5.291,5.291,5.291,5.291,-0.23%
2003/9/16,5.303,5.303,5.303,5.303,-0.51%
2003/9/15,5.33,5.33,5.33,5.33,0.08%
2003/9/13,5.326,5.326,5.326,5.326,-0.02%
2003/9/12,5.327,5.327,5.327,5.327,-0.08%
2003/9/11,5.331,5.331,5.331,5.331,0.09%
2003/9/10,5.326,5.326,5.326,5.326,0.68%
2003/9/9,5.29,5.29,5.29,5.29,0.09%
2003/9/8,5.285,5.285,5.285,5.285,0.17%
2003/9/6,5.276,5.276,5.276,5.276,-0.08%
2003/9/5,5.28,5.28,5.28,5.28,0.09%
2003/9/4,5.275,5.275,5.275,5.275,-0.04%
2003/9/3,5.277,5.277,5.277,5.277,0.04%
2003/9/2,5.275,5.275,5.275,5.275,0.09%
2003/9/1,5.27,5.27,5.27,5.27,0.11%
2003/8/30,5.264,5.264,5.264,5.264,-0.34%
2003/8/29,5.282,5.282,5.282,5.282,0.36%
2003/8/28,5.263,5.263,5.263,5.263,-0.15%
2003/8/27,5.271,5.271,5.271,5.271,0.55%
2003/8/26,5.242,5.242,5.242,5.242,-1.13%
2003/8/25,5.302,5.302,5.302,5.302,-4.64%
2003/8/23,5.56,5.56,5.56,5.56,-0.23%
2003/8/22,5.573,5.573,5.573,5.573,0.58%
2003/8/21,5.541,5.541,5.541,5.541,0.11%
2003/8/20,5.535,5.535,5.535,5.535,0.04%
2003/8/19,5.533,5.533,5.533,5.533,0.02%
2003/8/18,5.532,5.532,5.532,5.532,-0.11%
2003/8/16,5.538,5.538,5.538,5.538,-0.02%
2003/8/14,5.539,5.539,5.539,5.539,0.33%
2003/8/13,5.521,5.521,5.521,5.521,-0.07%
2003/8/12,5.525,5.525,5.525,5.525,-0.05%
2003/8/11,5.528,5.528,5.528,5.528,0.09%
2003/8/9,5.523,5.523,5.523,5.523,-0.54%
2003/8/8,5.553,5.553,5.553,5.553,-0.13%
2003/8/7,5.56,5.56,5.56,5.56,-0.07%
2003/8/6,5.564,5.564,5.564,5.564,-0.14%
2003/8/5,5.572,5.572,5.572,5.572,-0.02%
2003/8/4,5.573,5.573,5.573,5.573,0.45%
2003/8/2,5.548,5.548,5.548,5.548,-0.89%
2003/8/1,5.598,5.598,5.598,5.598,-0.32%
2003/7/31,5.616,5.616,5.616,5.616,-0.37%
2003/7/30,5.637,5.637,5.637,5.637,0.00%
2003/7/29,5.637,5.637,5.637,5.637,-0.02%
2003/7/28,5.638,5.638,5.638,5.638,0.05%
2003/7/26,5.635,5.635,5.635,5.635,0.09%
2003/7/25,5.63,5.63,5.63,5.63,-0.65%
2003/7/24,5.667,5.667,5.667,5.667,-0.39%
2003/7/23,5.689,5.689,5.689,5.689,-0.23%
2003/7/22,5.702,5.702,5.702,5.702,0.07%
2003/7/21,5.698,5.698,5.698,5.698,-0.09%
2003/7/19,5.703,5.703,5.703,5.703,-0.33%
2003/7/18,5.722,5.722,5.722,5.722,0.02%
2003/7/17,5.721,5.721,5.721,5.721,0.23%
2003/7/16,5.708,5.708,5.708,5.708,0.11%
2003/7/15,5.702,5.702,5.702,5.702,-0.05%
2003/7/14,5.705,5.705,5.705,5.705,-0.07%
2003/7/12,5.709,5.709,5.709,5.709,0.05%
2003/7/11,5.706,5.706,5.706,5.706,-0.02%
2003/7/10,5.707,5.707,5.707,5.707,0.07%
2003/7/9,5.703,5.703,5.703,5.703,-0.40%
2003/7/8,5.726,5.726,5.726,5.726,-0.02%
2003/7/7,5.727,5.727,5.727,5.727,0.25%
2003/7/5,5.713,5.713,5.713,5.713,0.07%
2003/7/4,5.709,5.709,5.709,5.709,-0.24%
2003/7/3,5.723,5.723,5.723,5.723,0.00%
2003/7/2,5.723,5.723,5.723,5.723,-0.07%
2003/7/1,5.727,5.727,5.727,5.727,-0.02%
2003/6/28,5.728,5.728,5.728,5.728,-0.03%
2003/6/27,5.73,5.73,5.73,5.73,-0.07%
2003/6/26,5.734,5.734,5.734,5.734,0.44%
2003/6/25,5.709,5.709,5.709,5.709,-0.16%
2003/6/24,5.718,5.718,5.718,5.718,-0.03%
2003/6/23,5.72,5.72,5.72,5.72,0.00%
2003/6/21,5.72,5.72,5.72,5.72,-0.21%
2003/6/20,5.732,5.732,5.732,5.732,-0.21%
2003/6/19,5.744,5.744,5.744,5.744,-0.02%
2003/6/18,5.745,5.745,5.745,5.745,0.03%
2003/6/17,5.743,5.743,5.743,5.743,-0.07%
2003/6/16,5.747,5.747,5.747,5.747,-0.28%
2003/6/14,5.763,5.763,5.763,5.763,-0.10%
2003/6/13,5.769,5.769,5.769,5.769,0.09%
2003/6/12,5.764,5.764,5.764,5.764,0.02%
2003/6/11,5.763,5.763,5.763,5.763,-0.21%
2003/6/10,5.775,5.775,5.775,5.775,0.26%
2003/6/9,5.76,5.76,5.76,5.76,-0.07%
2003/6/7,5.764,5.764,5.764,5.764,-0.07%
2003/6/6,5.768,5.768,5.768,5.768,-0.16%
2003/6/5,5.777,5.777,5.777,5.777,-0.29%
2003/6/4,5.794,5.794,5.794,5.794,-0.28%
2003/6/3,5.81,5.81,5.81,5.81,-0.05%
2003/6/2,5.813,5.813,5.813,5.813,0.28%
2003/5/31,5.797,5.797,5.797,5.797,0.07%
2003/5/30,5.793,5.793,5.793,5.793,-0.12%
2003/5/29,5.8,5.8,5.8,5.8,0.26%
2003/5/28,5.785,5.785,5.785,5.785,-0.21%
2003/5/27,5.797,5.797,5.797,5.797,0.17%
2003/5/26,5.787,5.787,5.787,5.787,-0.12%
2003/5/24,5.794,5.794,5.794,5.794,-0.19%
2003/5/23,5.805,5.805,5.805,5.805,-0.50%
2003/5/22,5.834,5.834,5.834,5.834,0.00%
2003/5/21,5.834,5.834,5.834,5.834,-0.44%
2003/5/20,5.86,5.86,5.86,5.86,-0.05%
2003/5/19,5.863,5.863,5.863,5.863,-0.12%
2003/5/17,5.87,5.87,5.87,5.87,-0.46%
2003/5/14,5.897,5.897,5.897,5.897,-0.05%
2003/5/13,5.9,5.9,5.9,5.9,-0.32%
2003/5/12,5.919,5.919,5.919,5.919,0.03%
2003/5/10,5.917,5.917,5.917,5.917,0.07%
2003/5/9,5.913,5.913,5.913,5.913,-0.02%
2003/5/8,5.914,5.914,5.914,5.914,-0.39%
2003/5/7,5.937,5.937,5.937,5.937,-0.15%
2003/5/6,5.946,5.946,5.946,5.946,0.19%
2003/5/5,5.935,5.935,5.935,5.935,-0.29%
2003/5/3,5.952,5.952,5.952,5.952,0.25%
2003/5/2,5.937,5.937,5.937,5.937,0.94%
2003/4/30,5.882,5.882,5.882,5.882,-0.86%
2003/4/29,5.933,5.933,5.933,5.933,0.75%
2003/4/28,5.889,5.889,5.889,5.889,0.00%
2003/4/26,5.889,5.889,5.889,5.889,0.15%
2003/4/25,5.88,5.88,5.88,5.88,-0.61%
2003/4/24,5.916,5.916,5.916,5.916,0.31%
2003/4/23,5.898,5.898,5.898,5.898,0.08%
2003/4/22,5.893,5.893,5.893,5.893,0.37%
2003/4/21,5.871,5.871,5.871,5.871,0.17%
2003/4/19,5.861,5.861,5.861,5.861,-0.12%
2003/4/17,5.868,5.868,5.868,5.868,-0.10%
2003/4/16,5.874,5.874,5.874,5.874,0.09%
2003/4/12,5.869,5.869,5.869,5.869,-0.15%
2003/4/10,5.878,5.878,5.878,5.878,-0.31%
2003/4/9,5.896,5.896,5.896,5.896,-1.01%
2003/4/8,5.956,5.956,5.956,5.956,-0.23%
2003/4/7,5.97,5.97,5.97,5.97,-0.08%
2003/4/5,5.975,5.975,5.975,5.975,-0.27%
2003/4/4,5.991,5.991,5.991,5.991,0.13%
2003/4/3,5.983,5.983,5.983,5.983,-1.45%
2003/4/1,6.071,6.071,6.071,6.071,-0.91%
2003/3/31,6.127,6.127,6.127,6.127,-2.19%
2003/3/29,6.264,6.264,6.264,6.264,-0.76%
2003/3/28,6.312,6.312,6.312,6.312,0.37%
2003/3/27,6.289,6.289,6.289,6.289,-0.93%
2003/3/26,6.348,6.348,6.348,6.348,-0.19%
2003/3/25,6.36,6.36,6.36,6.36,-0.41%
2003/3/24,6.386,6.386,6.386,6.386,2.36%
2003/3/22,6.239,6.239,6.239,6.239,-0.67%
2003/3/21,6.281,6.281,6.281,6.281,-2.62%
2003/3/20,6.45,6.45,6.45,6.45,-0.11%
2003/3/19,6.457,6.457,6.457,6.457,-0.11%
2003/3/17,6.464,6.464,6.464,6.464,2.12%
2003/3/15,6.33,6.33,6.33,6.33,-0.67%
2003/3/13,6.373,6.373,6.373,6.373,0.17%
2003/3/12,6.362,6.362,6.362,6.362,-0.81%
2003/3/11,6.414,6.414,6.414,6.414,-1.00%
2003/3/10,6.479,6.479,6.479,6.479,0.54%
2003/3/8,6.444,6.444,6.444,6.444,0.30%
2003/3/7,6.425,6.425,6.425,6.425,2.95%
2003/3/6,6.241,6.241,6.241,6.241,-0.79%
2003/3/5,6.291,6.291,6.291,6.291,1.39%
2003/3/4,6.205,6.205,6.205,6.205,1.47%
2003/3/3,6.115,6.115,6.115,6.115,3.64%
2003/3/1,5.9,5.9,5.9,5.9,-1.11%
2003/2/28,5.966,5.966,5.966,5.966,-7.80%
2003/2/27,6.471,6.471,6.471,6.471,0.65%
2003/2/26,6.429,6.429,6.429,6.429,-1.35%
2003/2/25,6.517,6.517,6.517,6.517,-1.99%
2003/2/24,6.649,6.649,6.649,6.649,0.30%
2003/2/22,6.629,6.629,6.629,6.629,0.24%
2003/2/21,6.613,6.613,6.613,6.613,1.07%
2003/2/20,6.543,6.543,6.543,6.543,0.35%
2003/2/19,6.52,6.52,6.52,6.52,1.62%
2003/2/18,6.416,6.416,6.416,6.416,1.45%
2003/2/17,6.324,6.324,6.324,6.324,-3.29%
2003/2/15,6.539,6.539,6.539,6.539,-2.39%
2003/2/14,6.699,6.699,6.699,6.699,0.69%
2003/2/12,6.653,6.653,6.653,6.653,1.88%
2003/2/11,6.53,6.53,6.53,6.53,1.43%
2003/2/10,6.438,6.438,6.438,6.438,-1.95%
2003/2/8,6.566,6.566,6.566,6.566,2.42%
2003/2/7,6.411,6.411,6.411,6.411,2.10%
2003/2/6,6.279,6.279,6.279,6.279,0.45%
2003/2/5,6.251,6.251,6.251,6.251,0.53%
2003/2/4,6.218,6.218,6.218,6.218,0.55%
2003/2/3,6.184,6.184,6.184,6.184,0.63%
2003/2/1,6.145,6.145,6.145,6.145,-2.82%
2003/1/31,6.323,6.323,6.323,6.323,0.46%
2003/1/30,6.294,6.294,6.294,6.294,3.42%
2003/1/29,6.086,6.086,6.086,6.086,-1.82%
2003/1/28,6.199,6.199,6.199,6.199,2.02%
2003/1/27,6.076,6.076,6.076,6.076,1.69%
2003/1/25,5.975,5.975,5.975,5.975,0.34%
2003/1/24,5.955,5.955,5.955,5.955,1.16%
2003/1/23,5.887,5.887,5.887,5.887,0.50%
2003/1/22,5.858,5.858,5.858,5.858,-0.14%
2003/1/21,5.866,5.866,5.866,5.866,-0.10%
2003/1/20,5.872,5.872,5.872,5.872,0.14%
2003/1/18,5.864,5.864,5.864,5.864,-0.37%
2003/1/17,5.886,5.886,5.886,5.886,-0.79%
2003/1/16,5.933,5.933,5.933,5.933,-0.20%
2003/1/15,5.945,5.945,5.945,5.945,0.19%
2003/1/14,5.934,5.934,5.934,5.934,-0.97%
2003/1/13,5.992,5.992,5.992,5.992,-0.28%
2003/1/11,6.009,6.009,6.009,6.009,-0.08%
2003/1/10,6.014,6.014,6.014,6.014,-0.48%
2003/1/9,6.043,6.043,6.043,6.043,0.32%
2003/1/8,6.024,6.024,6.024,6.024,0.13%
2003/1/7,6.016,6.016,6.016,6.016,-0.02%
2003/1/6,6.017,6.017,6.017,6.017,-0.64%
2003/1/4,6.056,6.056,6.056,6.056,0.17%
2003/1/3,6.046,6.046,6.046,6.046,0.67%
2003/1/2,6.006,6.006,6.006,6.006,-0.43%
2003/1/1,6.032,6.032,6.032,6.032,-0.84%
2002/12/31,6.083,6.083,6.083,6.083,-0.47%
2002/12/30,6.112,6.112,6.112,6.112,-1.53%
2002/12/28,6.207,6.207,6.207,6.207,-0.13%
2002/12/27,6.215,6.215,6.215,6.215,-0.61%
2002/12/26,6.253,6.253,6.253,6.253,-0.45%
2002/12/24,6.281,6.281,6.281,6.281,-0.25%
2002/12/23,6.297,6.297,6.297,6.297,0.32%
2002/12/21,6.277,6.277,6.277,6.277,-0.55%
2002/12/20,6.312,6.312,6.312,6.312,-0.28%
2002/12/19,6.33,6.33,6.33,6.33,-0.05%
2002/12/18,6.333,6.333,6.333,6.333,0.16%
2002/12/17,6.323,6.323,6.323,6.323,-0.27%
2002/12/16,6.34,6.34,6.34,6.34,-0.31%
2002/12/14,6.36,6.36,6.36,6.36,-0.03%
2002/12/13,6.362,6.362,6.362,6.362,-0.22%
2002/12/12,6.376,6.376,6.376,6.376,-0.50%
2002/12/11,6.408,6.408,6.408,6.408,-0.11%
2002/12/10,6.415,6.415,6.415,6.415,0.30%
2002/12/9,6.396,6.396,6.396,6.396,0.31%
2002/12/6,6.376,6.376,6.376,6.376,0.09%
2002/12/5,6.37,6.37,6.37,6.37,0.05%
2002/12/4,6.367,6.367,6.367,6.367,-0.33%
2002/12/3,6.388,6.388,6.388,6.388,-0.37%
2002/12/2,6.412,6.412,6.412,6.412,-0.20%
2002/11/30,6.425,6.425,6.425,6.425,-0.45%
2002/11/29,6.454,6.454,6.454,6.454,1.33%
2002/11/28,6.369,6.369,6.369,6.369,-0.05%
2002/11/27,6.372,6.372,6.372,6.372,-0.58%
2002/11/26,6.409,6.409,6.409,6.409,-0.23%
2002/11/25,6.424,6.424,6.424,6.424,0.31%
2002/11/23,6.404,6.404,6.404,6.404,-0.57%
2002/11/22,6.441,6.441,6.441,6.441,-1.38%
2002/11/21,6.531,6.531,6.531,6.531,-0.85%
2002/11/20,6.587,6.587,6.587,6.587,-0.15%
2002/11/18,6.597,6.597,6.597,6.597,-0.32%
2002/11/16,6.618,6.618,6.618,6.618,-0.08%
2002/11/15,6.623,6.623,6.623,6.623,-0.87%
2002/11/14,6.681,6.681,6.681,6.681,-1.21%
2002/11/13,6.763,6.763,6.763,6.763,-0.46%
2002/11/12,6.794,6.794,6.794,6.794,-0.13%
2002/11/11,6.803,6.803,6.803,6.803,-0.42%
2002/11/9,6.832,6.832,6.832,6.832,0.03%
2002/11/8,6.83,6.83,6.83,6.83,0.25%
2002/11/7,6.813,6.813,6.813,6.813,-0.73%
2002/11/6,6.863,6.863,6.863,6.863,0.00%
2002/11/5,6.863,6.863,6.863,6.863,-0.10%
2002/11/2,6.87,6.87,6.87,6.87,-0.72%
2002/11/1,6.92,6.92,6.92,6.92,-0.07%
2002/10/31,6.925,6.925,6.925,6.925,-0.10%
2002/10/30,6.932,6.932,6.932,6.932,-0.66%
2002/10/29,6.978,6.978,6.978,6.978,-1.11%
2002/10/28,7.056,7.056,7.056,7.056,0.03%
2002/10/26,7.054,7.054,7.054,7.054,-0.07%
2002/10/25,7.059,7.059,7.059,7.059,0.11%
2002/10/24,7.051,7.051,7.051,7.051,0.03%
2002/10/23,7.049,7.049,7.049,7.049,0.00%
2002/10/22,7.049,7.049,7.049,7.049,0.14%
2002/10/21,7.039,7.039,7.039,7.039,0.07%
2002/10/19,7.034,7.034,7.034,7.034,-0.01%
2002/10/18,7.035,7.035,7.035,7.035,-0.51%
2002/10/17,7.071,7.071,7.071,7.071,-0.20%
2002/10/16,7.085,7.085,7.085,7.085,0.03%
2002/10/14,7.083,7.083,7.083,7.083,0.07%
2002/10/12,7.078,7.078,7.078,7.078,-0.13%
2002/10/11,7.087,7.087,7.087,7.087,0.00%
2002/10/10,7.087,7.087,7.087,7.087,-0.10%
2002/10/9,7.094,7.094,7.094,7.094,0.06%
2002/10/8,7.09,7.09,7.09,7.09,-0.24%
2002/10/7,7.107,7.107,7.107,7.107,-0.28%
2002/10/5,7.127,7.127,7.127,7.127,0.03%
2002/10/4,7.125,7.125,7.125,7.125,-0.14%
2002/10/3,7.135,7.135,7.135,7.135,-0.11%
2002/10/1,7.143,7.143,7.143,7.143,-0.35%
2002/9/30,7.168,7.168,7.168,7.168,0.00%
2002/9/28,7.168,7.168,7.168,7.168,0.04%
2002/9/27,7.165,7.165,7.165,7.165,-0.21%
2002/9/26,7.18,7.18,7.18,7.18,-0.10%
2002/9/25,7.187,7.187,7.187,7.187,0.14%
2002/9/24,7.177,7.177,7.177,7.177,0.08%
2002/9/23,7.171,7.171,7.171,7.171,0.04%
2002/9/21,7.168,7.168,7.168,7.168,-0.10%
2002/9/20,7.175,7.175,7.175,7.175,0.15%
2002/9/19,7.164,7.164,7.164,7.164,0.00%
2002/9/18,7.164,7.164,7.164,7.164,-0.04%
2002/9/17,7.167,7.167,7.167,7.167,-0.33%
2002/9/16,7.191,7.191,7.191,7.191,0.22%
2002/9/14,7.175,7.175,7.175,7.175,0.11%
2002/9/13,7.167,7.167,7.167,7.167,0.06%
2002/9/12,7.163,7.163,7.163,7.163,-0.10%
2002/9/11,7.17,7.17,7.17,7.17,-0.18%
2002/9/9,7.183,7.183,7.183,7.183,0.08%
2002/9/7,7.177,7.177,7.177,7.177,0.00%
2002/9/6,7.177,7.177,7.177,7.177,0.66%
2002/9/5,7.13,7.13,7.13,7.13,-0.14%
2002/9/4,7.14,7.14,7.14,7.14,-0.29%
2002/9/3,7.161,7.161,7.161,7.161,-0.17%
2002/9/2,7.173,7.173,7.173,7.173,0.17%
2002/8/31,7.161,7.161,7.161,7.161,0.03%
2002/8/30,7.159,7.159,7.159,7.159,0.11%
2002/8/29,7.151,7.151,7.151,7.151,-0.29%
2002/8/28,7.172,7.172,7.172,7.172,-0.03%
2002/8/27,7.174,7.174,7.174,7.174,-0.03%
2002/8/26,7.176,7.176,7.176,7.176,0.00%
2002/8/24,7.176,7.176,7.176,7.176,-0.06%
2002/8/23,7.18,7.18,7.18,7.18,0.04%
2002/8/22,7.177,7.177,7.177,7.177,-0.01%
2002/8/21,7.178,7.178,7.178,7.178,0.14%
2002/8/20,7.168,7.168,7.168,7.168,-0.11%
2002/8/19,7.176,7.176,7.176,7.176,-0.22%
2002/8/17,7.192,7.192,7.192,7.192,-0.14%
2002/8/16,7.202,7.202,7.202,7.202,-0.18%
2002/8/14,7.215,7.215,7.215,7.215,0.22%
2002/8/13,7.199,7.199,7.199,7.199,0.06%
2002/8/12,7.195,7.195,7.195,7.195,-0.36%
2002/8/10,7.221,7.221,7.221,7.221,-0.10%
2002/8/9,7.228,7.228,7.228,7.228,0.61%
2002/8/8,7.184,7.184,7.184,7.184,0.24%
2002/8/7,7.167,7.167,7.167,7.167,-0.47%
2002/8/6,7.201,7.201,7.201,7.201,0.08%
2002/8/5,7.195,7.195,7.195,7.195,-0.40%
2002/8/3,7.224,7.224,7.224,7.224,-0.55%
2002/8/2,7.264,7.264,7.264,7.264,-0.22%
2002/8/1,7.28,7.28,7.28,7.28,-0.38%
2002/7/31,7.308,7.308,7.308,7.308,-0.14%
2002/7/30,7.318,7.318,7.318,7.318,-0.05%
2002/7/29,7.322,7.322,7.322,7.322,0.69%
2002/7/27,7.272,7.272,7.272,7.272,-0.38%
2002/7/26,7.3,7.3,7.3,7.3,-0.44%
2002/7/25,7.332,7.332,7.332,7.332,0.00%
2002/7/24,7.332,7.332,7.332,7.332,-0.08%
2002/7/23,7.338,7.338,7.338,7.338,0.04%
2002/7/22,7.335,7.335,7.335,7.335,0.04%
2002/7/20,7.332,7.332,7.332,7.332,0.03%
2002/7/19,7.33,7.33,7.33,7.33,-0.01%
2002/7/18,7.331,7.331,7.331,7.331,-0.31%
2002/7/17,7.354,7.354,7.354,7.354,-0.31%
2002/7/16,7.377,7.377,7.377,7.377,0.01%
2002/7/15,7.376,7.376,7.376,7.376,-0.14%
2002/7/13,7.386,7.386,7.386,7.386,-0.05%
2002/7/12,7.39,7.39,7.39,7.39,0.64%
2002/7/11,7.343,7.343,7.343,7.343,-0.26%
2002/7/10,7.362,7.362,7.362,7.362,0.30%
2002/7/9,7.34,7.34,7.34,7.34,0.04%
2002/7/8,7.337,7.337,7.337,7.337,-0.86%
2002/7/6,7.401,7.401,7.401,7.401,-0.28%
2002/7/5,7.422,7.422,7.422,7.422,-0.16%
2002/7/4,7.434,7.434,7.434,7.434,0.18%
2002/7/3,7.421,7.421,7.421,7.421,-0.08%
2002/7/2,7.427,7.427,7.427,7.427,-0.43%
2002/7/1,7.459,7.459,7.459,7.459,-0.35%
2002/6/28,7.485,7.485,7.485,7.485,0.98%
2002/6/27,7.412,7.412,7.412,7.412,-2.46%
2002/6/26,7.599,7.599,7.599,7.599,-0.63%
2002/6/25,7.647,7.647,7.647,7.647,-0.09%
2002/6/24,7.654,7.654,7.654,7.654,0.25%
2002/6/22,7.635,7.635,7.635,7.635,-0.21%
2002/6/21,7.651,7.651,7.651,7.651,0.35%
2002/6/20,7.624,7.624,7.624,7.624,-0.26%
2002/6/19,7.644,7.644,7.644,7.644,-0.55%
2002/6/18,7.686,7.686,7.686,7.686,0.22%
2002/6/17,7.669,7.669,7.669,7.669,0.55%
2002/6/15,7.627,7.627,7.627,7.627,-0.16%
2002/6/14,7.639,7.639,7.639,7.639,-0.13%
2002/6/13,7.649,7.649,7.649,7.649,0.42%
2002/6/12,7.617,7.617,7.617,7.617,0.36%
2002/6/11,7.59,7.59,7.59,7.59,-0.73%
2002/6/10,7.646,7.646,7.646,7.646,-0.91%
2002/6/8,7.716,7.716,7.716,7.716,-0.44%
2002/6/7,7.75,7.75,7.75,7.75,0.58%
2002/6/6,7.705,7.705,7.705,7.705,0.18%
2002/6/5,7.691,7.691,7.691,7.691,-1.08%
2002/6/4,7.775,7.775,7.775,7.775,0.80%
2002/6/3,7.713,7.713,7.713,7.713,-0.32%
2002/6/1,7.738,7.738,7.738,7.738,0.19%
2002/5/31,7.723,7.723,7.723,7.723,-0.21%
2002/5/30,7.739,7.739,7.739,7.739,0.81%
2002/5/29,7.677,7.677,7.677,7.677,-0.49%
2002/5/28,7.715,7.715,7.715,7.715,-1.69%
2002/5/27,7.848,7.848,7.848,7.848,0.87%
2002/5/24,7.78,7.78,7.78,7.78,-1.84%
2002/5/23,7.926,7.926,7.926,7.926,-1.36%
2002/5/22,8.035,8.035,8.035,8.035,-1.99%
2002/5/21,8.198,8.198,8.198,8.198,0.39%
2002/5/20,8.166,8.166,8.166,8.166,0.89%
2002/5/18,8.094,8.094,8.094,8.094,1.19%
2002/5/17,7.999,7.999,7.999,7.999,1.61%
2002/5/16,7.872,7.872,7.872,7.872,0.40%
2002/5/15,7.841,7.841,7.841,7.841,0.72%
2002/5/14,7.785,7.785,7.785,7.785,1.62%
2002/5/13,7.661,7.661,7.661,7.661,-0.56%
2002/5/11,7.704,7.704,7.704,7.704,-0.18%
2002/5/10,7.718,7.718,7.718,7.718,1.87%
2002/5/9,7.576,7.576,7.576,7.576,0.81%
2002/5/8,7.515,7.515,7.515,7.515,1.06%
2002/5/7,7.436,7.436,7.436,7.436,-0.42%
2002/5/6,7.467,7.467,7.467,7.467,-1.54%
2002/5/4,7.584,7.584,7.584,7.584,0.57%
2002/5/3,7.541,7.541,7.541,7.541,1.32%
2002/5/2,7.443,7.443,7.443,7.443,0.45%
2002/4/30,7.41,7.41,7.41,7.41,0.98%
2002/4/29,7.338,7.338,7.338,7.338,0.96%
2002/4/27,7.268,7.268,7.268,7.268,-0.36%
2002/4/26,7.294,7.294,7.294,7.294,0.07%
2002/4/24,7.289,7.289,7.289,7.289,-0.22%
2002/4/23,7.305,7.305,7.305,7.305,-0.59%
2002/4/22,7.348,7.348,7.348,7.348,0.33%
2002/4/20,7.324,7.324,7.324,7.324,-0.15%
2002/4/19,7.335,7.335,7.335,7.335,0.45%
2002/4/18,7.302,7.302,7.302,7.302,0.04%
2002/4/17,7.299,7.299,7.299,7.299,0.27%
2002/4/16,7.279,7.279,7.279,7.279,-0.31%
2002/4/15,7.302,7.302,7.302,7.302,0.55%
2002/4/13,7.262,7.262,7.262,7.262,-0.06%
2002/4/12,7.266,7.266,7.266,7.266,0.14%
2002/4/11,7.256,7.256,7.256,7.256,-0.59%
2002/4/10,7.299,7.299,7.299,7.299,0.62%
2002/4/9,7.254,7.254,7.254,7.254,0.74%
2002/4/8,7.201,7.201,7.201,7.201,0.66%
2002/4/6,7.154,7.154,7.154,7.154,-0.10%
2002/4/5,7.161,7.161,7.161,7.161,0.25%
2002/4/4,7.143,7.143,7.143,7.143,-0.93%
2002/4/3,7.21,7.21,7.21,7.21,-0.46%
2002/4/2,7.243,7.243,7.243,7.243,0.03%
2002/4/1,7.241,7.241,7.241,7.241,-1.60%
2002/3/30,7.359,7.359,7.359,7.359,-0.93%
2002/3/28,7.428,7.428,7.428,7.428,-0.42%
2002/3/27,7.459,7.459,7.459,7.459,0.08%
2002/3/26,7.453,7.453,7.453,7.453,0.04%
2002/3/23,7.45,7.45,7.45,7.45,-0.16%
2002/3/22,7.462,7.462,7.462,7.462,0.00%
2002/3/21,7.462,7.462,7.462,7.462,-0.41%
2002/3/20,7.493,7.493,7.493,7.493,0.24%
2002/3/19,7.475,7.475,7.475,7.475,-0.17%
2002/3/18,7.488,7.488,7.488,7.488,1.13%
2002/3/16,7.404,7.404,7.404,7.404,0.07%
2002/3/15,7.399,7.399,7.399,7.399,-2.80%
2002/3/14,7.612,7.612,7.612,7.612,-0.08%
2002/3/13,7.618,7.618,7.618,7.618,0.79%
2002/3/12,7.558,7.558,7.558,7.558,-0.09%
2002/3/11,7.565,7.565,7.565,7.565,-0.18%
2002/3/9,7.579,7.579,7.579,7.579,-0.55%
2002/3/8,7.621,7.621,7.621,7.621,1.28%
2002/3/7,7.525,7.525,7.525,7.525,0.56%
2002/3/6,7.483,7.483,7.483,7.483,1.80%
2002/3/5,7.351,7.351,7.351,7.351,0.56%
2002/3/4,7.31,7.31,7.31,7.31,-1.85%
2002/3/2,7.448,7.448,7.448,7.448,-1.86%
2002/3/1,7.589,7.589,7.589,7.589,-0.50%
2002/2/28,7.627,7.627,7.627,7.627,4.52%
2002/2/27,7.297,7.297,7.297,7.297,0.76%
2002/2/26,7.242,7.242,7.242,7.242,-2.99%
2002/2/25,7.465,7.465,7.465,7.465,1.11%
2002/2/22,7.383,7.383,7.383,7.383,-0.73%
2002/2/21,7.437,7.437,7.437,7.437,1.70%
2002/2/20,7.313,7.313,7.313,7.313,1.06%
2002/2/19,7.236,7.236,7.236,7.236,0.22%
2002/2/18,7.22,7.22,7.22,7.22,-0.25%
2002/2/16,7.238,7.238,7.238,7.238,-0.43%
2002/2/15,7.269,7.269,7.269,7.269,0.79%
2002/2/14,7.212,7.212,7.212,7.212,-0.03%
2002/2/13,7.214,7.214,7.214,7.214,-0.77%
2002/2/12,7.27,7.27,7.27,7.27,-0.59%
2002/2/11,7.313,7.313,7.313,7.313,0.08%
2002/2/9,7.307,7.307,7.307,7.307,-1.10%
2002/2/8,7.388,7.388,7.388,7.388,-0.98%
2002/2/7,7.461,7.461,7.461,7.461,-1.36%
2002/2/6,7.564,7.564,7.564,7.564,-0.20%
2002/2/5,7.579,7.579,7.579,7.579,0.12%
2002/2/4,7.57,7.57,7.57,7.57,-0.84%
2002/2/2,7.634,7.634,7.634,7.634,-0.24%
2002/2/1,7.652,7.652,7.652,7.652,-0.22%
2002/1/31,7.669,7.669,7.669,7.669,-0.05%
2002/1/30,7.673,7.673,7.673,7.673,-0.38%
2002/1/29,7.702,7.702,7.702,7.702,-0.40%
2002/1/28,7.733,7.733,7.733,7.733,-0.46%
2002/1/25,7.769,7.769,7.769,7.769,-0.06%
2002/1/24,7.774,7.774,7.774,7.774,0.04%
2002/1/23,7.771,7.771,7.771,7.771,0.10%
2002/1/22,7.763,7.763,7.763,7.763,-0.32%
2002/1/21,7.788,7.788,7.788,7.788,-0.29%
2002/1/19,7.811,7.811,7.811,7.811,-0.46%
2002/1/18,7.847,7.847,7.847,7.847,-0.61%
2002/1/17,7.895,7.895,7.895,7.895,0.08%
2002/1/16,7.889,7.889,7.889,7.889,-0.25%
2002/1/15,7.909,7.909,7.909,7.909,0.01%
2002/1/14,7.908,7.908,7.908,7.908,-0.58%
2002/1/12,7.954,7.954,7.954,7.954,-0.03%
2002/1/11,7.956,7.956,7.956,7.956,0.61%
2002/1/10,7.908,7.908,7.908,7.908,-0.03%
2002/1/9,7.91,7.91,7.91,7.91,0.20%
2002/1/8,7.894,7.894,7.894,7.894,-0.16%
2002/1/7,7.907,7.907,7.907,7.907,0.00%
2002/1/5,7.907,7.907,7.907,7.907,-0.06%
2002/1/4,7.912,7.912,7.912,7.912,0.08%
2002/1/3,7.906,7.906,7.906,7.906,0.20%
2002/1/2,7.89,7.89,7.89,7.89,-0.27%
2002/1/1,7.911,7.911,7.911,7.911,-0.35%
2001/12/31,7.939,7.939,7.939,7.939,-1.35%
2001/12/29,8.048,8.048,8.048,8.048,-1.89%
2001/12/28,8.203,8.203,8.203,8.203,-0.76%
2001/12/27,8.266,8.266,8.266,8.266,-0.91%
2001/12/26,8.342,8.342,8.342,8.342,1.74%
2001/12/24,8.199,8.199,8.199,8.199,0.05%
2001/12/22,8.195,8.195,8.195,8.195,1.70%
2001/12/21,8.058,8.058,8.058,8.058,0.59%
2001/12/20,8.011,8.011,8.011,8.011,0.04%
2001/12/19,8.008,8.008,8.008,8.008,-0.81%
2001/12/18,8.073,8.073,8.073,8.073,1.05%
2001/12/15,7.989,7.989,7.989,7.989,0.64%
2001/12/14,7.938,7.938,7.938,7.938,-1.00%
2001/12/13,8.018,8.018,8.018,8.018,0.15%
2001/12/12,8.006,8.006,8.006,8.006,-2.93%
2001/12/11,8.248,8.248,8.248,8.248,2.19%
2001/12/10,8.071,8.071,8.071,8.071,-0.16%
2001/12/8,8.084,8.084,8.084,8.084,-0.89%
2001/12/7,8.157,8.157,8.157,8.157,4.66%
2001/12/6,7.794,7.794,7.794,7.794,0.04%
2001/12/5,7.791,7.791,7.791,7.791,0.21%
2001/12/4,7.775,7.775,7.775,7.775,-1.33%
2001/12/3,7.88,7.88,7.88,7.88,0.04%
2001/12/1,7.877,7.877,7.877,7.877,-0.04%
2001/11/29,7.88,7.88,7.88,7.88,-0.01%
2001/11/28,7.881,7.881,7.881,7.881,-1.44%
2001/11/27,7.996,7.996,7.996,7.996,-1.43%
2001/11/26,8.112,8.112,8.112,8.112,-0.32%
2001/11/24,8.138,8.138,8.138,8.138,-0.26%
2001/11/23,8.159,8.159,8.159,8.159,-0.39%
2001/11/22,8.191,8.191,8.191,8.191,-1.49%
2001/11/21,8.315,8.315,8.315,8.315,-0.63%
2001/11/20,8.368,8.368,8.368,8.368,-1.02%
2001/11/19,8.454,8.454,8.454,8.454,-1.09%
2001/11/17,8.547,8.547,8.547,8.547,-1.03%
2001/11/15,8.636,8.636,8.636,8.636,-0.01%
2001/11/13,8.637,8.637,8.637,8.637,0.15%
2001/11/12,8.624,8.624,8.624,8.624,-0.56%
2001/11/10,8.673,8.673,8.673,8.673,-0.37%
2001/11/9,8.705,8.705,8.705,8.705,-0.34%
2001/11/8,8.735,8.735,8.735,8.735,0.16%
2001/11/7,8.721,8.721,8.721,8.721,-0.40%
2001/11/6,8.756,8.756,8.756,8.756,-0.44%
2001/11/5,8.795,8.795,8.795,8.795,0.39%
2001/11/3,8.761,8.761,8.761,8.761,-0.09%
2001/11/2,8.769,8.769,8.769,8.769,-0.69%
2001/11/1,8.83,8.83,8.83,8.83,0.34%
2001/10/31,8.8,8.8,8.8,8.8,-0.42%
2001/10/30,8.837,8.837,8.837,8.837,-0.37%
2001/10/29,8.87,8.87,8.87,8.87,-0.15%
2001/10/27,8.883,8.883,8.883,8.883,-0.24%
2001/10/25,8.904,8.904,8.904,8.904,0.03%
2001/10/24,8.901,8.901,8.901,8.901,0.16%
2001/10/23,8.887,8.887,8.887,8.887,-0.77%
2001/10/22,8.956,8.956,8.956,8.956,-1.77%
2001/10/20,9.117,9.117,9.117,9.117,-0.02%
2001/10/19,9.119,9.119,9.119,9.119,-0.04%
2001/10/18,9.123,9.123,9.123,9.123,0.14%
2001/10/17,9.11,9.11,9.11,9.11,-0.15%
2001/10/16,9.124,9.124,9.124,9.124,-0.30%
2001/10/15,9.151,9.151,9.151,9.151,0.25%
2001/10/13,9.128,9.128,9.128,9.128,-0.12%
2001/10/12,9.139,9.139,9.139,9.139,0.33%
2001/10/11,9.109,9.109,9.109,9.109,-0.11%
2001/10/10,9.119,9.119,9.119,9.119,0.08%
2001/10/9,9.112,9.112,9.112,9.112,-0.68%
2001/10/8,9.174,9.174,9.174,9.174,0.63%
2001/10/6,9.117,9.117,9.117,9.117,0.04%
2001/10/5,9.113,9.113,9.113,9.113,0.34%
2001/10/4,9.082,9.082,9.082,9.082,-0.35%
2001/10/3,9.114,9.114,9.114,9.114,-0.98%
2001/10/1,9.204,9.204,9.204,9.204,0.90%
2001/9/29,9.122,9.122,9.122,9.122,0.07%
2001/9/28,9.116,9.116,9.116,9.116,-1.13%
2001/9/27,9.22,9.22,9.22,9.22,-0.88%
2001/9/26,9.302,9.302,9.302,9.302,-0.15%
2001/9/25,9.316,9.316,9.316,9.316,-0.27%
2001/9/24,9.341,9.341,9.341,9.341,-1.34%
2001/9/22,9.468,9.468,9.468,9.468,-2.53%
2001/9/21,9.714,9.714,9.714,9.714,2.05%
2001/9/20,9.519,9.519,9.519,9.519,1.51%
2001/9/19,9.377,9.377,9.377,9.377,-0.69%
2001/9/18,9.442,9.442,9.442,9.442,-1.93%
2001/9/17,9.628,9.628,9.628,9.628,-2.01%
2001/9/15,9.825,9.825,9.825,9.825,3.81%
2001/9/14,9.464,9.464,9.464,9.464,2.36%
2001/9/13,9.246,9.246,9.246,9.246,0.73%
2001/9/12,9.179,9.179,9.179,9.179,0.56%
2001/9/11,9.128,9.128,9.128,9.128,-0.58%
2001/9/10,9.181,9.181,9.181,9.181,0.17%
2001/9/8,9.165,9.165,9.165,9.165,-0.11%
2001/9/7,9.175,9.175,9.175,9.175,0.43%
2001/9/6,9.136,9.136,9.136,9.136,0.07%
2001/9/5,9.13,9.13,9.13,9.13,0.35%
2001/9/4,9.098,9.098,9.098,9.098,-0.24%
2001/9/3,9.12,9.12,9.12,9.12,-0.27%
2001/9/1,9.145,9.145,9.145,9.145,0.34%
2001/8/31,9.114,9.114,9.114,9.114,0.13%
2001/8/30,9.102,9.102,9.102,9.102,0.00%
2001/8/29,9.102,9.102,9.102,9.102,0.35%
2001/8/28,9.07,9.07,9.07,9.07,-0.09%
2001/8/27,9.078,9.078,9.078,9.078,0.15%
2001/8/25,9.064,9.064,9.064,9.064,-0.25%
2001/8/24,9.087,9.087,9.087,9.087,-0.79%
2001/8/23,9.159,9.159,9.159,9.159,-0.33%
2001/8/20,9.189,9.189,9.189,9.189,-0.10%
2001/8/18,9.198,9.198,9.198,9.198,-0.26%
2001/8/17,9.222,9.222,9.222,9.222,-0.31%
2001/8/16,9.251,9.251,9.251,9.251,0.00%
2001/8/14,9.251,9.251,9.251,9.251,0.05%
2001/8/13,9.246,9.246,9.246,9.246,0.04%
2001/8/11,9.242,9.242,9.242,9.242,-0.27%
2001/8/10,9.267,9.267,9.267,9.267,-0.45%
2001/8/9,9.309,9.309,9.309,9.309,-0.23%
2001/8/8,9.33,9.33,9.33,9.33,0.16%
2001/8/7,9.315,9.315,9.315,9.315,0.12%
2001/8/6,9.304,9.304,9.304,9.304,-0.26%
2001/8/4,9.328,9.328,9.328,9.328,-0.21%
2001/8/3,9.348,9.348,9.348,9.348,-0.09%
2001/8/2,9.356,9.356,9.356,9.356,-0.02%
2001/8/1,9.358,9.358,9.358,9.358,-0.05%
2001/7/31,9.363,9.363,9.363,9.363,0.34%
2001/7/30,9.331,9.331,9.331,9.331,0.00%
2001/7/28,9.331,9.331,9.331,9.331,-0.07%
2001/7/27,9.338,9.338,9.338,9.338,0.08%
2001/7/26,9.331,9.331,9.331,9.331,-0.24%
2001/7/25,9.353,9.353,9.353,9.353,0.39%
2001/7/24,9.317,9.317,9.317,9.317,-0.30%
2001/7/23,9.345,9.345,9.345,9.345,0.07%
2001/7/21,9.338,9.338,9.338,9.338,-0.05%
2001/7/20,9.343,9.343,9.343,9.343,-0.31%
2001/7/19,9.372,9.372,9.372,9.372,-0.51%
2001/7/18,9.42,9.42,9.42,9.42,-0.29%
2001/7/17,9.447,9.447,9.447,9.447,0.07%
2001/7/16,9.44,9.44,9.44,9.44,0.48%
2001/7/14,9.395,9.395,9.395,9.395,-0.93%
2001/7/13,9.483,9.483,9.483,9.483,0.30%
2001/7/12,9.455,9.455,9.455,9.455,2.13%
2001/7/11,9.258,9.258,9.258,9.258,-0.76%
2001/7/10,9.329,9.329,9.329,9.329,-0.60%
2001/7/9,9.385,9.385,9.385,9.385,-0.09%
2001/7/7,9.393,9.393,9.393,9.393,-0.15%
2001/7/6,9.407,9.407,9.407,9.407,-0.33%
2001/7/5,9.438,9.438,9.438,9.438,-0.68%
2001/7/4,9.503,9.503,9.503,9.503,-0.57%
2001/7/3,9.557,9.557,9.557,9.557,0.15%
2001/7/2,9.543,9.543,9.543,9.543,0.44%
2001/6/30,9.501,9.501,9.501,9.501,-0.22%
2001/6/29,9.522,9.522,9.522,9.522,0.11%
2001/6/28,9.512,9.512,9.512,9.512,-0.14%
2001/6/27,9.525,9.525,9.525,9.525,0.17%
2001/6/26,9.509,9.509,9.509,9.509,-0.68%
2001/6/25,9.574,9.574,9.574,9.574,-0.41%
2001/6/23,9.613,9.613,9.613,9.613,-0.20%
2001/6/22,9.632,9.632,9.632,9.632,0.08%
2001/6/21,9.624,9.624,9.624,9.624,-0.15%
2001/6/20,9.638,9.638,9.638,9.638,-0.32%
2001/6/19,9.669,9.669,9.669,9.669,-0.55%
2001/6/18,9.722,9.722,9.722,9.722,-0.30%
2001/6/16,9.751,9.751,9.751,9.751,0.01%
2001/6/15,9.75,9.75,9.75,9.75,-0.08%
2001/6/14,9.758,9.758,9.758,9.758,-0.02%
2001/6/13,9.76,9.76,9.76,9.76,-0.63%
2001/6/12,9.822,9.822,9.822,9.822,0.03%
2001/6/11,9.819,9.819,9.819,9.819,-0.03%
2001/6/9,9.822,9.822,9.822,9.822,-0.69%
2001/6/8,9.89,9.89,9.89,9.89,-0.28%
2001/6/7,9.918,9.918,9.918,9.918,0.33%
2001/6/6,9.885,9.885,9.885,9.885,-0.46%
2001/6/5,9.931,9.931,9.931,9.931,0.02%
2001/6/4,9.929,9.929,9.929,9.929,0.77%
2001/6/2,9.853,9.853,9.853,9.853,0.50%
2001/6/1,9.804,9.804,9.804,9.804,0.43%
2001/5/31,9.762,9.762,9.762,9.762,-0.25%
2001/5/30,9.786,9.786,9.786,9.786,-0.26%
2001/5/29,9.812,9.812,9.812,9.812,0.00%
2001/5/28,9.812,9.812,9.812,9.812,-0.66%
2001/5/26,9.877,9.877,9.877,9.877,-0.40%
2001/5/25,9.917,9.917,9.917,9.917,-0.30%
2001/5/24,9.947,9.947,9.947,9.947,-0.20%
2001/5/23,9.967,9.967,9.967,9.967,-0.09%
2001/5/22,9.976,9.976,9.976,9.976,0.10%
2001/5/21,9.966,9.966,9.966,9.966,0.09%
2001/5/19,9.957,9.957,9.957,9.957,0.02%
2001/5/18,9.955,9.955,9.955,9.955,0.10%
2001/5/17,9.945,9.945,9.945,9.945,-0.35%
2001/5/16,9.98,9.98,9.98,9.98,-0.51%
2001/5/15,10.031,10.031,10.031,10.031,-0.16%
2001/5/14,10.047,10.047,10.047,10.047,0.03%
2001/5/12,10.044,10.044,10.044,10.044,0.11%
2001/5/11,10.033,10.033,10.033,10.033,-0.31%
2001/5/10,10.064,10.064,10.064,10.064,-0.32%
2001/5/9,10.096,10.096,10.096,10.096,-0.11%
2001/5/8,10.107,10.107,10.107,10.107,0.22%
2001/5/5,10.085,10.085,10.085,10.085,0.09%
2001/5/4,10.076,10.076,10.076,10.076,-0.27%
2001/5/3,10.103,10.103,10.103,10.103,-0.12%
2001/5/2,10.115,10.115,10.115,10.115,-0.10%
2001/4/30,10.125,10.125,10.125,10.125,-0.05%
2001/4/28,10.13,10.13,10.13,10.13,0.30%
2001/4/27,10.1,10.1,10.1,10.1,-0.59%
2001/4/26,10.16,10.16,10.16,10.16,-0.47%
2001/4/25,10.208,10.208,10.208,10.208,-0.04%
2001/4/24,10.212,10.212,10.212,10.212,-0.57%
2001/4/23,10.271,10.271,10.271,10.271,-0.21%
2001/4/21,10.293,10.293,10.293,10.293,-0.22%
2001/4/20,10.316,10.316,10.316,10.316,-0.15%
2001/4/19,10.331,10.331,10.331,10.331,0.00%
2001/4/18,10.331,10.331,10.331,10.331,-0.37%
2001/4/17,10.369,10.369,10.369,10.369,-0.14%
2001/4/16,10.384,10.384,10.384,10.384,0.24%
2001/4/12,10.359,10.359,10.359,10.359,0.12%
2001/4/11,10.347,10.347,10.347,10.347,0.29%
2001/4/10,10.317,10.317,10.317,10.317,-1.00%
2001/4/9,10.421,10.421,10.421,10.421,0.06%
2001/4/7,10.415,10.415,10.415,10.415,-0.22%
2001/4/4,10.438,10.438,10.438,10.438,0.29%
2001/4/3,10.408,10.408,10.408,10.408,0.73%
2001/3/31,10.333,10.333,10.333,10.333,-0.36%
2001/3/30,10.37,10.37,10.37,10.37,-1.15%
2001/3/29,10.491,10.491,10.491,10.491,-0.14%
2001/3/28,10.506,10.506,10.506,10.506,0.94%
2001/3/27,10.408,10.408,10.408,10.408,0.00%
2001/3/24,10.408,10.408,10.408,10.408,0.21%
2001/3/23,10.386,10.386,10.386,10.386,-0.51%
2001/3/22,10.439,10.439,10.439,10.439,0.22%
2001/3/21,10.416,10.416,10.416,10.416,0.00%
2001/3/20,10.416,10.416,10.416,10.416,-0.22%
2001/3/19,10.439,10.439,10.439,10.439,0.14%
2001/3/17,10.424,10.424,10.424,10.424,-0.15%
2001/3/16,10.44,10.44,10.44,10.44,0.16%
2001/3/15,10.423,10.423,10.423,10.423,0.06%
2001/3/14,10.417,10.417,10.417,10.417,0.66%
2001/3/13,10.349,10.349,10.349,10.349,1.47%
2001/3/12,10.199,10.199,10.199,10.199,0.07%
2001/3/9,10.192,10.192,10.192,10.192,0.36%
2001/3/8,10.155,10.155,10.155,10.155,0.22%
2001/3/7,10.133,10.133,10.133,10.133,-1.71%
2001/3/5,10.309,10.309,10.309,10.309,1.81%
2001/3/3,10.126,10.126,10.126,10.126,0.66%
2001/3/2,10.06,10.06,10.06,10.06,0.66%
2001/3/1,9.994,9.994,9.994,9.994,-0.83%
2001/2/28,10.078,10.078,10.078,10.078,-1.77%
2001/2/27,10.26,10.26,10.26,10.26,-0.49%
2001/2/26,10.311,10.311,10.311,10.311,-0.05%
2001/2/24,10.316,10.316,10.316,10.316,0.13%
2001/2/23,10.303,10.303,10.303,10.303,0.20%
2001/2/22,10.282,10.282,10.282,10.282,0.14%
2001/2/20,10.268,10.268,10.268,10.268,-0.04%
2001/2/17,10.272,10.272,10.272,10.272,-0.52%
2001/2/16,10.326,10.326,10.326,10.326,-1.67%
2001/2/15,10.501,10.501,10.501,10.501,1.47%
2001/2/14,10.349,10.349,10.349,10.349,0.27%
2001/2/13,10.321,10.321,10.321,10.321,0.09%
2001/2/12,10.312,10.312,10.312,10.312,0.00%
2001/2/10,10.312,10.312,10.312,10.312,0.14%
2001/2/9,10.298,10.298,10.298,10.298,-0.37%
2001/2/8,10.336,10.336,10.336,10.336,-0.94%
2001/2/7,10.434,10.434,10.434,10.434,-0.73%
2001/2/6,10.511,10.511,10.511,10.511,-0.55%
2001/2/5,10.569,10.569,10.569,10.569,1.07%
2001/2/3,10.457,10.457,10.457,10.457,-0.07%
2001/2/2,10.464,10.464,10.464,10.464,0.00%
2001/2/1,10.464,10.464,10.464,10.464,0.38%
2001/1/31,10.424,10.424,10.424,10.424,-0.54%
2001/1/30,10.481,10.481,10.481,10.481,-0.47%
2001/1/29,10.53,10.53,10.53,10.53,0.85%
2001/1/27,10.441,10.441,10.441,10.441,-0.31%
2001/1/25,10.473,10.473,10.473,10.473,0.50%
2001/1/24,10.421,10.421,10.421,10.421,-0.04%
2001/1/23,10.425,10.425,10.425,10.425,-0.31%
2001/1/22,10.457,10.457,10.457,10.457,-0.24%
2001/1/20,10.482,10.482,10.482,10.482,-0.47%
2001/1/19,10.531,10.531,10.531,10.531,-0.32%
2001/1/18,10.565,10.565,10.565,10.565,-0.46%
2001/1/17,10.614,10.614,10.614,10.614,-0.14%
2001/1/16,10.629,10.629,10.629,10.629,0.12%
2001/1/15,10.616,10.616,10.616,10.616,-0.16%
2001/1/13,10.633,10.633,10.633,10.633,-0.18%
2001/1/12,10.652,10.652,10.652,10.652,-0.44%
2001/1/11,10.699,10.699,10.699,10.699,0.04%
2001/1/10,10.695,10.695,10.695,10.695,0.14%
2001/1/9,10.68,10.68,10.68,10.68,0.17%
2001/1/8,10.662,10.662,10.662,10.662,-0.19%
2001/1/6,10.682,10.682,10.682,10.682,0.07%
2001/1/5,10.674,10.674,10.674,10.674,-0.12%
2001/1/4,10.687,10.687,10.687,10.687,-1.00%
2001/1/3,10.795,10.795,10.795,10.795,-0.21%
2001/1/2,10.818,10.818,10.818,10.818,0.14%
2001/1/1,10.803,10.803,10.803,10.803,-0.74%
2000/12/30,10.884,10.884,10.884,10.884,-0.09%
2000/12/29,10.894,10.894,10.894,10.894,-0.24%
2000/12/27,10.92,10.92,10.92,10.92,-0.55%
2000/12/26,10.98,10.98,10.98,10.98,0.13%
2000/12/23,10.966,10.966,10.966,10.966,-0.05%
2000/12/22,10.971,10.971,10.971,10.971,-0.25%
2000/12/21,10.998,10.998,10.998,10.998,0.40%
2000/12/20,10.954,10.954,10.954,10.954,0.20%
2000/12/19,10.932,10.932,10.932,10.932,-0.36%
2000/12/18,10.971,10.971,10.971,10.971,-0.82%
2000/12/16,11.062,11.062,11.062,11.062,-0.14%
2000/12/15,11.077,11.077,11.077,11.077,-0.17%
2000/12/14,11.096,11.096,11.096,11.096,-0.06%
2000/12/13,11.103,11.103,11.103,11.103,0.05%
2000/12/12,11.098,11.098,11.098,11.098,0.00%
2000/12/11,11.098,11.098,11.098,11.098,0.04%
2000/12/9,11.094,11.094,11.094,11.094,-0.80%
2000/12/8,11.183,11.183,11.183,11.183,-0.29%
2000/12/7,11.215,11.215,11.215,11.215,-0.49%
2000/12/6,11.27,11.27,11.27,11.27,-0.48%
2000/12/5,11.324,11.324,11.324,11.324,-0.09%
2000/12/4,11.334,11.334,11.334,11.334,0.02%
2000/12/2,11.332,11.332,11.332,11.332,0.03%
2000/12/1,11.329,11.329,11.329,11.329,-0.17%
2000/11/30,11.348,11.348,11.348,11.348,-0.13%
2000/11/29,11.363,11.363,11.363,11.363,-0.11%
2000/11/28,11.375,11.375,11.375,11.375,-0.12%
2000/11/27,11.389,11.389,11.389,11.389,0.23%
2000/11/25,11.363,11.363,11.363,11.363,0.08%
2000/11/24,11.354,11.354,11.354,11.354,0.17%
2000/11/23,11.335,11.335,11.335,11.335,0.21%
2000/11/22,11.311,11.311,11.311,11.311,0.12%
2000/11/21,11.297,11.297,11.297,11.297,0.06%
2000/11/20,11.29,11.29,11.29,11.29,0.18%
2000/11/18,11.27,11.27,11.27,11.27,-0.01%
2000/11/17,11.271,11.271,11.271,11.271,0.34%
2000/11/16,11.233,11.233,11.233,11.233,-0.16%
2000/11/15,11.251,11.251,11.251,11.251,-0.11%
2000/11/14,11.263,11.263,11.263,11.263,0.01%
2000/11/13,11.262,11.262,11.262,11.262,0.00%
2000/11/10,11.262,11.262,11.262,11.262,-0.06%
2000/11/9,11.269,11.269,11.269,11.269,0.08%
2000/11/8,11.26,11.26,11.26,11.26,-0.19%
2000/11/7,11.282,11.282,11.282,11.282,-0.77%
2000/11/6,11.37,11.37,11.37,11.37,-0.43%
2000/11/4,11.419,11.419,11.419,11.419,-0.08%
2000/11/3,11.428,11.428,11.428,11.428,-0.94%
2000/11/2,11.537,11.537,11.537,11.537,-0.44%
2000/11/1,11.588,11.588,11.588,11.588,-0.10%
2000/10/31,11.6,11.6,11.6,11.6,-0.03%
2000/10/30,11.604,11.604,11.604,11.604,-0.16%
2000/10/27,11.623,11.623,11.623,11.623,0.10%
2000/10/25,11.611,11.611,11.611,11.611,-0.17%
2000/10/24,11.631,11.631,11.631,11.631,-0.14%
2000/10/23,11.647,11.647,11.647,11.647,-0.01%
2000/10/21,11.648,11.648,11.648,11.648,-0.03%
2000/10/20,11.652,11.652,11.652,11.652,-0.10%
2000/10/19,11.664,11.664,11.664,11.664,-0.02%
2000/10/18,11.666,11.666,11.666,11.666,0.03%
2000/10/17,11.662,11.662,11.662,11.662,-0.16%
2000/10/16,11.681,11.681,11.681,11.681,-0.16%
2000/10/14,11.7,11.7,11.7,11.7,-0.15%
2000/10/13,11.717,11.717,11.717,11.717,0.58%
2000/10/12,11.649,11.649,11.649,11.649,-0.22%
2000/10/11,11.675,11.675,11.675,11.675,0.59%
2000/10/10,11.607,11.607,11.607,11.607,0.15%
2000/10/9,11.59,11.59,11.59,11.59,-0.08%
2000/10/6,11.599,11.599,11.599,11.599,-0.36%
2000/10/5,11.641,11.641,11.641,11.641,0.66%
2000/10/4,11.565,11.565,11.565,11.565,0.15%
2000/10/3,11.548,11.548,11.548,11.548,0.07%
2000/9/29,11.54,11.54,11.54,11.54,0.00%
2000/9/28,11.54,11.54,11.54,11.54,-0.08%
2000/9/27,11.549,11.549,11.549,11.549,0.36%
2000/9/26,11.507,11.507,11.507,11.507,0.00%
2000/9/25,11.507,11.507,11.507,11.507,0.00%
2000/9/23,11.507,11.507,11.507,11.507,0.00%
2000/9/22,11.507,11.507,11.507,11.507,-0.37%
2000/9/21,11.55,11.55,11.55,11.55,-0.80%
2000/9/20,11.643,11.643,11.643,11.643,-0.29%
2000/9/19,11.677,11.677,11.677,11.677,0.29%
2000/9/18,11.643,11.643,11.643,11.643,0.44%
2000/9/16,11.592,11.592,11.592,11.592,0.22%
2000/9/15,11.567,11.567,11.567,11.567,0.58%
2000/9/14,11.5,11.5,11.5,11.5,0.14%
2000/9/13,11.484,11.484,11.484,11.484,0.17%
2000/9/12,11.464,11.464,11.464,11.464,-0.17%
2000/9/11,11.484,11.484,11.484,11.484,-0.11%
2000/9/9,11.497,11.497,11.497,11.497,0.03%
2000/9/8,11.493,11.493,11.493,11.493,0.00%
2000/9/7,11.493,11.493,11.493,11.493,-0.24%
2000/9/6,11.521,11.521,11.521,11.521,0.17%
2000/9/5,11.501,11.501,11.501,11.501,0.29%
2000/9/4,11.468,11.468,11.468,11.468,-0.22%
2000/9/2,11.493,11.493,11.493,11.493,-0.10%
2000/8/31,11.505,11.505,11.505,11.505,0.10%
2000/8/30,11.494,11.494,11.494,11.494,0.29%
2000/8/29,11.461,11.461,11.461,11.461,-0.07%
2000/8/28,11.469,11.469,11.469,11.469,-0.08%
2000/8/26,11.478,11.478,11.478,11.478,0.00%
2000/8/25,11.478,11.478,11.478,11.478,-0.22%
2000/8/24,11.503,11.503,11.503,11.503,-0.15%
2000/8/23,11.52,11.52,11.52,11.52,0.14%
2000/8/22,11.504,11.504,11.504,11.504,0.44%
2000/8/19,11.454,11.454,11.454,11.454,-0.37%
2000/8/18,11.496,11.496,11.496,11.496,0.14%
2000/8/17,11.48,11.48,11.48,11.48,0.37%
2000/8/16,11.438,11.438,11.438,11.438,0.28%
2000/8/14,11.406,11.406,11.406,11.406,-1.43%
2000/8/12,11.572,11.572,11.572,11.572,0.21%
2000/8/11,11.548,11.548,11.548,11.548,0.00%
2000/8/10,11.548,11.548,11.548,11.548,0.50%
2000/8/9,11.49,11.49,11.49,11.49,-0.14%
2000/8/8,11.506,11.506,11.506,11.506,0.07%
2000/8/7,11.498,11.498,11.498,11.498,0.29%
2000/8/5,11.465,11.465,11.465,11.465,0.21%
2000/8/4,11.441,11.441,11.441,11.441,0.58%
2000/8/3,11.375,11.375,11.375,11.375,0.07%
2000/8/2,11.367,11.367,11.367,11.367,0.07%
2000/8/1,11.359,11.359,11.359,11.359,0.04%
2000/7/31,11.354,11.354,11.354,11.354,0.44%
2000/7/29,11.304,11.304,11.304,11.304,-0.05%
2000/7/28,11.31,11.31,11.31,11.31,0.14%
2000/7/27,11.294,11.294,11.294,11.294,-0.08%
2000/7/26,11.303,11.303,11.303,11.303,-0.94%
2000/7/25,11.41,11.41,11.41,11.41,-0.79%
2000/7/24,11.501,11.501,11.501,11.501,1.09%
2000/7/22,11.377,11.377,11.377,11.377,-0.87%
2000/7/21,11.477,11.477,11.477,11.477,5.12%
2000/7/20,10.918,10.918,10.918,10.918,0.15%
2000/7/19,10.902,10.902,10.902,10.902,0.14%
2000/7/18,10.887,10.887,10.887,10.887,-0.37%
2000/7/17,10.927,10.927,10.927,10.927,-0.15%
2000/7/15,10.943,10.943,10.943,10.943,-0.01%
2000/7/14,10.944,10.944,10.944,10.944,-0.22%
2000/7/12,10.968,10.968,10.968,10.968,0.07%
2000/7/11,10.96,10.96,10.96,10.96,-0.01%
2000/7/10,10.961,10.961,10.961,10.961,-0.15%
2000/7/8,10.977,10.977,10.977,10.977,-0.01%
2000/7/7,10.978,10.978,10.978,10.978,0.00%
2000/7/6,10.978,10.978,10.978,10.978,0.15%
2000/7/5,10.962,10.962,10.962,10.962,-0.08%
2000/7/4,10.971,10.971,10.971,10.971,-0.65%
2000/7/3,11.043,11.043,11.043,11.043,-0.03%
2000/7/1,11.046,11.046,11.046,11.046,-0.12%
2000/6/30,11.059,11.059,11.059,11.059,0.00%
2000/6/29,11.059,11.059,11.059,11.059,-0.07%
2000/6/28,11.067,11.067,11.067,11.067,-0.07%
2000/6/27,11.075,11.075,11.075,11.075,0.07%
2000/6/26,11.067,11.067,11.067,11.067,0.03%
2000/6/24,11.064,11.064,11.064,11.064,0.00%
2000/6/23,11.064,11.064,11.064,11.064,0.07%
2000/6/22,11.056,11.056,11.056,11.056,-0.17%
2000/6/21,11.075,11.075,11.075,11.075,-0.14%
2000/6/20,11.091,11.091,11.091,11.091,-0.14%
2000/6/19,11.107,11.107,11.107,11.107,0.00%
2000/6/17,11.107,11.107,11.107,11.107,-0.37%
2000/6/16,11.148,11.148,11.148,11.148,0.07%
2000/6/14,11.14,11.14,11.14,11.14,0.14%
2000/6/13,11.124,11.124,11.124,11.124,0.29%
2000/6/12,11.092,11.092,11.092,11.092,-0.14%
2000/6/10,11.108,11.108,11.108,11.108,-0.14%
2000/6/9,11.124,11.124,11.124,11.124,0.65%
2000/6/8,11.052,11.052,11.052,11.052,0.36%
2000/6/7,11.012,11.012,11.012,11.012,1.30%
2000/6/6,10.871,10.871,10.871,10.871,0.30%
2000/6/5,10.839,10.839,10.839,10.839,0.00%
2000/6/3,10.839,10.839,10.839,10.839,0.35%
2000/6/2,10.801,10.801,10.801,10.801,0.07%
2000/6/1,10.793,10.793,10.793,10.793,-0.31%
2000/5/31,10.827,10.827,10.827,10.827,-0.48%
2000/5/30,10.879,10.879,10.879,10.879,0.14%
2000/5/29,10.864,10.864,10.864,10.864,-0.31%
2000/5/27,10.898,10.898,10.898,10.898,0.03%
2000/5/26,10.895,10.895,10.895,10.895,1.09%
2000/5/25,10.778,10.778,10.778,10.778,0.86%
2000/5/24,10.686,10.686,10.686,10.686,1.09%
2000/5/23,10.571,10.571,10.571,10.571,0.14%
2000/5/22,10.556,10.556,10.556,10.556,0.14%
2000/5/20,10.541,10.541,10.541,10.541,0.00%
2000/5/19,10.541,10.541,10.541,10.541,0.14%
2000/5/17,10.526,10.526,10.526,10.526,-0.01%
2000/5/16,10.527,10.527,10.527,10.527,0.03%
2000/5/15,10.524,10.524,10.524,10.524,0.05%
2000/5/13,10.519,10.519,10.519,10.519,-0.01%
2000/5/12,10.52,10.52,10.52,10.52,-0.07%
2000/5/11,10.527,10.527,10.527,10.527,-0.08%
2000/5/10,10.535,10.535,10.535,10.535,0.20%
2000/5/9,10.514,10.514,10.514,10.514,0.09%
2000/5/8,10.505,10.505,10.505,10.505,0.93%
2000/5/6,10.408,10.408,10.408,10.408,-0.23%
2000/5/5,10.432,10.432,10.432,10.432,-0.59%
2000/5/4,10.494,10.494,10.494,10.494,0.56%
2000/5/3,10.436,10.436,10.436,10.436,0.25%
2000/5/2,10.41,10.41,10.41,10.41,0.44%
2000/4/29,10.364,10.364,10.364,10.364,0.21%
2000/4/28,10.342,10.342,10.342,10.342,-0.02%
2000/4/27,10.344,10.344,10.344,10.344,0.01%
2000/4/26,10.343,10.343,10.343,10.343,-0.03%
2000/4/25,10.346,10.346,10.346,10.346,0.10%
2000/4/24,10.336,10.336,10.336,10.336,0.22%
2000/4/22,10.313,10.313,10.313,10.313,-0.01%
2000/4/20,10.314,10.314,10.314,10.314,-0.01%
2000/4/19,10.315,10.315,10.315,10.315,0.00%
2000/4/18,10.315,10.315,10.315,10.315,0.22%
2000/4/17,10.292,10.292,10.292,10.292,0.20%
2000/4/13,10.271,10.271,10.271,10.271,0.14%
2000/4/11,10.257,10.257,10.257,10.257,-0.51%
2000/4/10,10.31,10.31,10.31,10.31,-0.73%
2000/4/8,10.386,10.386,10.386,10.386,-0.59%
2000/4/7,10.448,10.448,10.448,10.448,-0.23%
2000/4/6,10.472,10.472,10.472,10.472,0.22%
2000/4/4,10.449,10.449,10.449,10.449,-0.08%
2000/4/3,10.457,10.457,10.457,10.457,-2.78%
2000/3/31,10.756,10.756,10.756,10.756,-1.43%
2000/3/30,10.912,10.912,10.912,10.912,-0.29%
2000/3/29,10.944,10.944,10.944,10.944,-1.08%
2000/3/28,11.064,11.064,11.064,11.064,0.44%
2000/3/27,11.016,11.016,11.016,11.016,1.09%
2000/3/25,10.897,10.897,10.897,10.897,0.00%
2000/3/24,10.897,10.897,10.897,10.897,0.06%
2000/3/23,10.89,10.89,10.89,10.89,0.44%
2000/3/22,10.842,10.842,10.842,10.842,0.14%
2000/3/21,10.827,10.827,10.827,10.827,0.51%
2000/3/18,10.772,10.772,10.772,10.772,-0.08%
2000/3/16,10.781,10.781,10.781,10.781,-0.15%
2000/3/15,10.797,10.797,10.797,10.797,-0.07%
2000/3/14,10.805,10.805,10.805,10.805,0.73%
2000/3/13,10.727,10.727,10.727,10.727,0.87%
2000/3/11,10.634,10.634,10.634,10.634,-0.15%
2000/3/10,10.65,10.65,10.65,10.65,-0.08%
2000/3/9,10.658,10.658,10.658,10.658,-1.02%
2000/3/8,10.768,10.768,10.768,10.768,-0.43%
2000/3/7,10.815,10.815,10.815,10.815,-0.15%
2000/3/6,10.831,10.831,10.831,10.831,0.64%
2000/3/3,10.762,10.762,10.762,10.762,1.02%
2000/3/2,10.653,10.653,10.653,10.653,1.99%
2000/3/1,10.445,10.445,10.445,10.445,0.38%
2000/2/29,10.405,10.405,10.405,10.405,-0.31%
2000/2/28,10.437,10.437,10.437,10.437,-0.06%
2000/2/25,10.443,10.443,10.443,10.443,-0.02%
2000/2/24,10.445,10.445,10.445,10.445,0.09%
2000/2/23,10.436,10.436,10.436,10.436,-0.05%
2000/2/22,10.441,10.441,10.441,10.441,0.04%
2000/2/21,10.437,10.437,10.437,10.437,-0.42%
2000/2/18,10.481,10.481,10.481,10.481,-0.36%
2000/2/17,10.519,10.519,10.519,10.519,0.43%
2000/2/16,10.474,10.474,10.474,10.474,0.22%
2000/2/15,10.451,10.451,10.451,10.451,2.50%
2000/2/14,10.196,10.196,10.196,10.196,-1.78%
2000/2/11,10.381,10.381,10.381,10.381,-0.83%
2000/2/10,10.468,10.468,10.468,10.468,-0.08%
2000/2/9,10.476,10.476,10.476,10.476,-1.10%
2000/2/8,10.592,10.592,10.592,10.592,-0.22%
2000/2/7,10.615,10.615,10.615,10.615,-0.30%
2000/2/4,10.647,10.647,10.647,10.647,-0.51%
2000/2/3,10.702,10.702,10.702,10.702,-0.81%
2000/2/2,10.789,10.789,10.789,10.789,-0.67%
2000/2/1,10.862,10.862,10.862,10.862,-0.32%
2000/1/31,10.897,10.897,10.897,10.897,-0.20%
2000/1/28,10.919,10.919,10.919,10.919,-0.54%
2000/1/27,10.978,10.978,10.978,10.978,-0.04%
2000/1/25,10.982,10.982,10.982,10.982,0.32%
2000/1/24,10.947,10.947,10.947,10.947,0.14%
2000/1/21,10.932,10.932,10.932,10.932,-0.07%
2000/1/20,10.94,10.94,10.94,10.94,-0.85%
2000/1/19,11.034,11.034,11.034,11.034,-0.03%
2000/1/18,11.037,11.037,11.037,11.037,-0.25%
2000/1/17,11.065,11.065,11.065,11.065,-1.86%
2000/1/14,11.275,11.275,11.275,11.275,-0.10%
2000/1/13,11.286,11.286,11.286,11.286,0.03%
2000/1/12,11.283,11.283,11.283,11.283,0.11%
2000/1/11,11.271,11.271,11.271,11.271,-0.04%
2000/1/10,11.275,11.275,11.275,11.275,-0.57%
2000/1/7,11.34,11.34,11.34,11.34,0.08%
2000/1/6,11.331,11.331,11.331,11.331,0.87%
2000/1/5,11.233,11.233,11.233,11.233,0.34%
2000/1/4,11.195,11.195,11.195,11.195,0.21%
2000/1/3,11.171,11.171,11.171,11.171,-0.23%
1999/12/30,11.197,11.197,11.197,11.197,-0.12%
1999/12/29,11.211,11.211,11.211,11.211,-0.46%
1999/12/28,11.263,11.263,11.263,11.263,-0.13%
1999/12/27,11.278,11.278,11.278,11.278,0.04%
1999/12/24,11.274,11.274,11.274,11.274,-0.18%
1999/12/23,11.294,11.294,11.294,11.294,-0.04%
1999/12/22,11.298,11.298,11.298,11.298,-0.04%
1999/12/21,11.303,11.303,11.303,11.303,-0.14%
1999/12/20,11.319,11.319,11.319,11.319,-0.27%
1999/12/17,11.35,11.35,11.35,11.35,-0.16%
1999/12/16,11.368,11.368,11.368,11.368,0.00%
1999/12/15,11.368,11.368,11.368,11.368,0.08%
1999/12/14,11.359,11.359,11.359,11.359,0.06%
1999/12/13,11.352,11.352,11.352,11.352,-0.72%
1999/12/10,11.434,11.434,11.434,11.434,0.38%
1999/12/9,11.391,11.391,11.391,11.391,0.07%
1999/12/8,11.383,11.383,11.383,11.383,0.99%
1999/12/7,11.271,11.271,11.271,11.271,0.69%
1999/12/6,11.194,11.194,11.194,11.194,-0.66%
1999/12/3,11.268,11.268,11.268,11.268,-0.49%
1999/12/2,11.323,11.323,11.323,11.323,-0.37%
1999/12/1,11.365,11.365,11.365,11.365,-0.17%
1999/11/30,11.384,11.384,11.384,11.384,0.00%
1999/11/29,11.384,11.384,11.384,11.384,-0.02%
1999/11/26,11.386,11.386,11.386,11.386,-0.05%
1999/11/25,11.392,11.392,11.392,11.392,-0.13%
1999/11/24,11.407,11.407,11.407,11.407,-0.18%
1999/11/22,11.428,11.428,11.428,11.428,0.03%
1999/11/19,11.425,11.425,11.425,11.425,0.09%
1999/11/18,11.415,11.415,11.415,11.415,0.03%
1999/11/17,11.412,11.412,11.412,11.412,0.00%
1999/11/16,11.412,11.412,11.412,11.412,-0.14%
1999/11/15,11.428,11.428,11.428,11.428,-0.12%
1999/11/12,11.442,11.442,11.442,11.442,-0.16%
1999/11/11,11.46,11.46,11.46,11.46,-0.32%
1999/11/5,11.497,11.497,11.497,11.497,-0.02%
1999/11/4,11.499,11.499,11.499,11.499,-0.04%
1999/11/3,11.504,11.504,11.504,11.504,-0.05%
1999/11/2,11.51,11.51,11.51,11.51,-0.03%
1999/11/1,11.513,11.513,11.513,11.513,-0.07%
1999/10/29,11.521,11.521,11.521,11.521,-0.10%
1999/10/28,11.533,11.533,11.533,11.533,0.00%
1999/10/27,11.533,11.533,11.533,11.533,0.01%
1999/10/26,11.532,11.532,11.532,11.532,0.03%
1999/10/25,11.529,11.529,11.529,11.529,-0.10%
1999/10/22,11.54,11.54,11.54,11.54,-0.15%
1999/10/21,11.557,11.557,11.557,11.557,-0.03%
1999/10/20,11.561,11.561,11.561,11.561,-0.03%
1999/10/18,11.565,11.565,11.565,11.565,-0.22%
1999/10/15,11.591,11.591,11.591,11.591,0.22%
1999/10/14,11.566,11.566,11.566,11.566,-0.07%
1999/10/13,11.574,11.574,11.574,11.574,0.28%
1999/10/12,11.542,11.542,11.542,11.542,-0.02%
1999/10/11,11.544,11.544,11.544,11.544,-0.20%
1999/10/8,11.567,11.567,11.567,11.567,0.00%
1999/10/7,11.567,11.567,11.567,11.567,-0.61%
1999/10/6,11.638,11.638,11.638,11.638,0.00%
1999/10/5,11.638,11.638,11.638,11.638,-0.03%
1999/10/4,11.641,11.641,11.641,11.641,0.12%
1999/10/1,11.627,11.627,11.627,11.627,-0.06%
1999/9/29,11.634,11.634,11.634,11.634,0.71%
1999/9/28,11.552,11.552,11.552,11.552,-0.03%
1999/9/27,11.556,11.556,11.556,11.556,0.03%
1999/9/24,11.552,11.552,11.552,11.552,-0.09%
1999/9/23,11.562,11.562,11.562,11.562,0.01%
1999/9/22,11.561,11.561,11.561,11.561,0.10%
1999/9/21,11.549,11.549,11.549,11.549,0.08%
1999/9/20,11.54,11.54,11.54,11.54,-0.29%
1999/9/17,11.574,11.574,11.574,11.574,-0.21%
1999/9/16,11.598,11.598,11.598,11.598,-0.14%
1999/9/15,11.614,11.614,11.614,11.614,0.02%
1999/9/14,11.612,11.612,11.612,11.612,0.02%
1999/9/10,11.61,11.61,11.61,11.61,-0.06%
1999/9/9,11.617,11.617,11.617,11.617,-0.10%
1999/9/8,11.629,11.629,11.629,11.629,-0.31%
1999/9/7,11.665,11.665,11.665,11.665,0.04%
1999/9/6,11.66,11.66,11.66,11.66,0.34%
1999/9/3,11.62,11.62,11.62,11.62,-0.20%
1999/9/2,11.643,11.643,11.643,11.643,0.22%
1999/9/1,11.617,11.617,11.617,11.617,0.25%
1999/8/31,11.588,11.588,11.588,11.588,-0.07%
1999/8/30,11.596,11.596,11.596,11.596,0.29%
1999/8/27,11.563,11.563,11.563,11.563,0.02%
1999/8/26,11.561,11.561,11.561,11.561,0.01%
1999/8/25,11.56,11.56,11.56,11.56,0.16%
1999/8/24,11.542,11.542,11.542,11.542,0.11%
1999/8/23,11.529,11.529,11.529,11.529,-0.04%
1999/8/20,11.534,11.534,11.534,11.534,0.12%
1999/8/19,11.52,11.52,11.52,11.52,-0.02%
1999/8/18,11.522,11.522,11.522,11.522,-0.03%
1999/8/17,11.525,11.525,11.525,11.525,0.04%
1999/8/16,11.52,11.52,11.52,11.52,-0.31%
1999/8/13,11.556,11.556,11.556,11.556,-0.66%
1999/8/12,11.633,11.633,11.633,11.633,0.44%
1999/8/11,11.582,11.582,11.582,11.582,0.30%
1999/8/10,11.547,11.547,11.547,11.547,0.40%
1999/8/9,11.501,11.501,11.501,11.501,0.11%
1999/8/6,11.488,11.488,11.488,11.488,0.18%
1999/8/5,11.467,11.467,11.467,11.467,-0.43%
1999/8/4,11.517,11.517,11.517,11.517,-0.59%
1999/8/3,11.585,11.585,11.585,11.585,-0.27%
1999/8/2,11.616,11.616,11.616,11.616,-0.49%
1999/7/30,11.673,11.673,11.673,11.673,-0.20%
1999/7/29,11.696,11.696,11.696,11.696,-0.13%
1999/7/28,11.711,11.711,11.711,11.711,-0.10%
1999/7/27,11.723,11.723,11.723,11.723,-0.06%
1999/7/26,11.73,11.73,11.73,11.73,0.01%
1999/7/23,11.729,11.729,11.729,11.729,0.03%
1999/7/22,11.725,11.725,11.725,11.725,-1.08%
1999/7/21,11.853,11.853,11.853,11.853,0.00%
1999/7/20,11.853,11.853,11.853,11.853,-0.03%
1999/7/19,11.856,11.856,11.856,11.856,-0.19%
1999/7/16,11.878,11.878,11.878,11.878,-0.04%
1999/7/15,11.883,11.883,11.883,11.883,0.99%
1999/7/14,11.767,11.767,11.767,11.767,-0.04%
1999/7/13,11.772,11.772,11.772,11.772,0.04%
1999/7/12,11.767,11.767,11.767,11.767,-0.34%
1999/7/9,11.807,11.807,11.807,11.807,-0.10%
1999/7/8,11.819,11.819,11.819,11.819,0.03%
1999/7/7,11.816,11.816,11.816,11.816,0.00%
1999/7/6,11.816,11.816,11.816,11.816,-0.02%
1999/7/5,11.818,11.818,11.818,11.818,-0.42%
1999/7/2,11.868,11.868,11.868,11.868,0.00%
1999/7/1,11.868,11.868,11.868,11.868,0.14%
1999/6/29,11.851,11.851,11.851,11.851,0.30%
1999/6/28,11.816,11.816,11.816,11.816,0.22%
1999/6/25,11.79,11.79,11.79,11.79,0.20%
1999/6/24,11.766,11.766,11.766,11.766,0.04%
1999/6/23,11.761,11.761,11.761,11.761,-0.02%
1999/6/22,11.763,11.763,11.763,11.763,0.00%
1999/6/21,11.763,11.763,11.763,11.763,-0.02%
1999/6/18,11.765,11.765,11.765,11.765,0.04%
1999/6/17,11.76,11.76,11.76,11.76,-0.03%
1999/6/16,11.763,11.763,11.763,11.763,-0.02%
1999/6/15,11.765,11.765,11.765,11.765,0.12%
1999/6/14,11.751,11.751,11.751,11.751,0.10%
1999/6/11,11.739,11.739,11.739,11.739,0.15%
1999/6/10,11.722,11.722,11.722,11.722,-0.02%
1999/6/9,11.724,11.724,11.724,11.724,0.00%
1999/6/8,11.724,11.724,11.724,11.724,0.03%
1999/6/7,11.721,11.721,11.721,11.721,0.03%
1999/6/4,11.718,11.718,11.718,11.718,0.12%
1999/6/3,11.704,11.704,11.704,11.704,-0.02%
1999/6/2,11.706,11.706,11.706,11.706,-0.07%
1999/6/1,11.714,11.714,11.714,11.714,0.12%
1999/5/31,11.7,11.7,11.7,11.7,-0.61%
1999/5/28,11.772,11.772,11.772,11.772,-0.17%
1999/5/27,11.792,11.792,11.792,11.792,0.63%
1999/5/26,11.718,11.718,11.718,11.718,-0.01%
1999/5/25,11.719,11.719,11.719,11.719,-0.32%
1999/5/24,11.757,11.757,11.757,11.757,-0.23%
1999/5/21,11.784,11.784,11.784,11.784,-0.37%
1999/5/20,11.828,11.828,11.828,11.828,-0.06%
1999/5/19,11.835,11.835,11.835,11.835,-0.10%
1999/5/18,11.847,11.847,11.847,11.847,-0.06%
1999/5/17,11.854,11.854,11.854,11.854,-0.05%
1999/5/14,11.86,11.86,11.86,11.86,0.10%
1999/5/13,11.848,11.848,11.848,11.848,-0.03%
1999/5/12,11.851,11.851,11.851,11.851,-0.10%
1999/5/11,11.863,11.863,11.863,11.863,0.04%
1999/5/10,11.858,11.858,11.858,11.858,-0.05%
1999/5/7,11.864,11.864,11.864,11.864,0.08%
1999/5/6,11.855,11.855,11.855,11.855,-0.15%
1999/5/5,11.873,11.873,11.873,11.873,-0.02%
1999/5/4,11.875,11.875,11.875,11.875,-0.08%
1999/5/3,11.885,11.885,11.885,11.885,-0.01%
1999/4/29,11.886,11.886,11.886,11.886,-0.26%
1999/4/28,11.917,11.917,11.917,11.917,-0.08%
1999/4/26,11.926,11.926,11.926,11.926,-0.11%
1999/4/23,11.939,11.939,11.939,11.939,0.06%
1999/4/22,11.932,11.932,11.932,11.932,-0.03%
1999/4/21,11.936,11.936,11.936,11.936,-0.04%
1999/4/20,11.941,11.941,11.941,11.941,0.00%
1999/4/19,11.941,11.941,11.941,11.941,0.08%
1999/4/16,11.931,11.931,11.931,11.931,0.00%
1999/4/15,11.931,11.931,11.931,11.931,-0.01%
1999/4/13,11.932,11.932,11.932,11.932,0.02%
1999/4/12,11.93,11.93,11.93,11.93,-0.17%
1999/4/9,11.95,11.95,11.95,11.95,-0.13%
1999/4/8,11.965,11.965,11.965,11.965,0.66%
1999/4/7,11.887,11.887,11.887,11.887,-0.13%
1999/4/6,11.903,11.903,11.903,11.903,-0.32%
1999/4/5,11.941,11.941,11.941,11.941,-0.44%
1999/3/31,11.994,11.994,11.994,11.994,-0.08%
1999/3/30,12.004,12.004,12.004,12.004,0.00%
1999/3/26,12.004,12.004,12.004,12.004,0.16%
1999/3/24,11.985,11.985,11.985,11.985,-0.02%
1999/3/23,11.987,11.987,11.987,11.987,0.00%
1999/3/22,11.987,11.987,11.987,11.987,-0.07%
1999/3/19,11.995,11.995,11.995,11.995,-0.05%
1999/3/17,12.001,12.001,12.001,12.001,-0.07%
1999/3/16,12.01,12.01,12.01,12.01,-0.04%
1999/3/15,12.015,12.015,12.015,12.015,0.14%
1999/3/12,11.998,11.998,11.998,11.998,0.04%
1999/3/11,11.993,11.993,11.993,11.993,0.00%
1999/3/10,11.993,11.993,11.993,11.993,-0.05%
1999/3/9,11.999,11.999,11.999,11.999,0.08%
1999/3/8,11.989,11.989,11.989,11.989,-0.60%
1999/3/5,12.061,12.061,12.061,12.061,0.07%
1999/3/4,12.052,12.052,12.052,12.052,0.15%
1999/3/3,12.034,12.034,12.034,12.034,-1.58%
1999/3/1,12.227,12.227,12.227,12.227,0.03%
1999/2/24,12.223,12.223,12.223,12.223,-0.01%
1999/2/23,12.224,12.224,12.224,12.224,-0.02%
1999/2/22,12.226,12.226,12.226,12.226,0.01%
1999/2/19,12.225,12.225,12.225,12.225,0.02%
1999/2/18,12.223,12.223,12.223,12.223,0.00%
1999/2/17,12.223,12.223,12.223,12.223,0.00%
1999/2/16,12.223,12.223,12.223,12.223,0.01%
1999/2/15,12.222,12.222,12.222,12.222,-0.01%
1999/2/12,12.223,12.223,12.223,12.223,0.01%
1999/2/11,12.222,12.222,12.222,12.222,0.02%
1999/2/10,12.22,12.22,12.22,12.22,0.00%
1999/2/9,12.22,12.22,12.22,12.22,0.00%
1999/2/8,12.22,12.22,12.22,12.22,0.00%
1999/2/5,12.22,12.22,12.22,12.22,-0.01%
1999/2/4,12.221,12.221,12.221,12.221,0.01%
1999/2/3,12.22,12.22,12.22,12.22,-0.01%
1999/2/2,12.221,12.221,12.221,12.221,0.02%
1999/2/1,12.219,12.219,12.219,12.219,0.00%
1999/1/29,12.219,12.219,12.219,12.219,0.00%
1999/1/28,12.219,12.219,12.219,12.219,0.00%
1999/1/27,12.219,12.219,12.219,12.219,0.00%
1999/1/25,12.219,12.219,12.219,12.219,-0.01%
1999/1/22,12.22,12.22,12.22,12.22,0.01%
1999/1/21,12.219,12.219,12.219,12.219,-0.01%
1999/1/19,12.22,12.22,12.22,12.22,0.02%
1999/1/18,12.218,12.218,12.218,12.218,-0.06%
1999/1/15,12.225,12.225,12.225,12.225,-0.07%
1999/1/14,12.234,12.234,12.234,12.234,0.11%
1999/1/13,12.22,12.22,12.22,12.22,0.00%
1999/1/11,12.22,12.22,12.22,12.22,0.01%
1999/1/8,12.219,12.219,12.219,12.219,0.00%
1999/1/7,12.219,12.219,12.219,12.219,0.01%
1999/1/6,12.218,12.218,12.218,12.218,-0.02%
1999/1/5,12.221,12.221,12.221,12.221,-0.03%
1999/1/4,12.225,12.225,12.225,12.225,0.01%
1999/1/1,12.224,12.224,12.224,12.224,0.09%
