日付,終値,始値,高値,安値,出来高,変化率 %
2026/8/14,758,742.86,763.27,742.69,,2.01%
2026/8/13,743.1,743.04,746.73,738.88,,-0.35%
2026/8/12,745.68,738.58,745.68,737.44,,1.15%
2026/8/10,737.17,728.01,740.11,726.33,,1.81%
2026/8/7,724.09,721.56,724.09,715.32,,0.44%
2026/8/6,720.92,718.82,725.55,717.18,,-0.34%
2026/8/5,723.41,708.34,724.63,708.03,,2.78%
2026/8/4,703.82,691.7,705.47,690.07,,2.35%
2026/8/3,687.65,681.94,688.99,672.48,,0.24%
2026/7/31,685.97,671.3,690.01,669.13,,2.85%
2026/7/30,666.97,665.79,671.39,662.31,,0.13%
2026/7/29,666.12,680.46,680.46,659.08,,-1.54%
2026/7/28,676.57,692.52,692.52,675.13,,-2.64%
2026/7/27,694.92,689.46,695.34,684.27,,1.28%
2026/7/24,686.12,692.28,692.28,683.32,,-1.92%
2026/7/23,699.52,695.41,704.55,695.41,,0.43%
2026/7/22,696.54,704.18,708.31,696.54,,-1.07%
2026/7/21,704.07,696.94,706.98,693.62,,1.28%
2026/7/18,695.17,712.85,695.17,695.17,,0.00%
2026/7/17,695.17,712.85,713.12,684.62,,-3.38%
2026/7/16,719.47,734.11,738.94,718.16,,-2.34%
2026/7/15,736.74,720.71,736.79,716.19,,2.10%
2026/7/14,721.57,717.45,722.97,713.84,,0.66%
2026/7/13,716.87,719.09,732,711.28,,-0.28%
2026/7/10,718.88,714.99,724.65,712.24,,0.47%
2026/7/9,715.54,710.77,718.41,708.7,,0.58%
2026/7/8,711.43,725.93,725.93,711.43,,-2.63%
2026/7/7,730.63,740.3,747.85,728.49,,-1.76%
2026/7/6,743.75,735.5,748.73,734.31,,1.44%
2026/7/3,733.18,717.8,733.18,717.48,,2.90%
2026/7/2,712.49,703.42,719.24,702.53,,1.83%
2026/7/1,699.67,703.95,708.11,696.16,,-0.98%
2026/6/30,706.62,703.48,708.3,698.68,,0.55%
2026/6/29,702.77,689.69,702.77,687.19,,2.96%
2026/6/26,682.55,693.58,695.63,678.49,,-2.51%
2026/6/25,700.14,702.56,702.56,693.83,,0.69%
2026/6/24,695.31,701.1,705.85,693.06,,-0.15%
2026/6/23,696.37,716.51,720.22,696.07,,-2.92%
2026/6/22,717.31,697.57,723.46,696.72,,3.20%
2026/6/19,695.08,713.88,713.89,691.39,,-2.90%
2026/6/18,715.81,713.44,722.14,710.49,,0.47%
2026/6/17,712.43,716.52,720.74,709.87,,-0.26%
2026/6/16,714.31,713.53,719.32,706.62,,0.18%
2026/6/15,713,727.4,728.18,710.19,,-1.59%
2026/6/12,724.49,730.31,736.09,718.49,,0.21%
2026/6/11,722.99,714.46,723.68,704.04,,0.07%
2026/6/10,722.49,736.83,736.83,712.86,,-2.45%
2026/6/9,740.6,753.06,757.32,735.4,,-0.99%
2026/6/8,748.04,754.71,758.73,741.47,,-2.27%
2026/6/5,765.45,748.9,771.94,748.9,,2.91%
2026/6/4,743.77,758.19,759.13,742.81,,-2.65%
2026/6/3,764.02,770.88,771.18,754.09,,-1.00%
2026/6/2,771.72,778.87,778.87,754.87,,-1.52%
2026/6/1,783.6,816.19,816.19,775.4,,-4.25%
2026/5/29,818.37,836.3,842.88,813.83,,-1.64%
2026/5/28,832.01,823.21,842.94,815.63,,0.63%
2026/5/27,826.84,844.64,849.22,820.09,,-1.85%
2026/5/26,842.44,841.08,843.57,822.13,,-0.11%
2026/5/25,843.39,834.38,848.74,831.67,,1.82%
2026/5/23,828.32,800.76,828.32,828.32,,0.00%
2026/5/22,828.32,800.76,829.13,800.76,,3.94%
2026/5/21,796.92,795.96,804.16,787.11,,1.36%
2026/5/20,786.25,818.32,818.81,782.84,,-4.47%
2026/5/19,823.01,805.75,834.68,804.94,,3.11%
2026/5/18,798.21,800.25,801.31,780.02,,0.30%
2026/5/15,795.84,806.12,824.7,789.42,,-0.96%
2026/5/14,803.52,824.2,827.51,799.74,,-2.92%
2026/5/13,827.65,815.72,837.24,807.53,,1.10%
2026/5/12,818.64,841.55,847.91,811.31,,-2.85%
2026/5/11,842.66,834.91,852.92,834.13,,1.73%
2026/5/8,828.35,793.78,828.75,793.78,,4.71%
2026/5/7,791.12,778.62,794.54,778.62,,2.58%
2026/5/1,771.25,769.58,779.99,768.03,,0.60%
2026/4/30,766.65,770.76,771.09,760.92,,-0.98%
2026/4/28,774.22,764.34,774.58,761.19,,1.53%
2026/4/27,762.59,769.15,769.16,756.37,,-0.72%
2026/4/24,768.1,777.23,779.15,763.55,,-1.26%
2026/4/23,777.87,800.89,800.89,769.11,,-2.99%
2026/4/22,801.82,804.1,806.91,796.37,,-0.47%
2026/4/21,805.6,807.42,811.02,800.81,,0.37%
2026/4/20,802.63,792.87,809.32,790.79,,1.56%
2026/4/17,790.28,791.52,794.74,786.07,,-0.09%
2026/4/16,791,782.06,794.02,782.06,,1.90%
2026/4/15,776.24,776.78,784.24,770.68,,0.76%
2026/4/14,770.35,766.76,772.86,761.68,,1.39%
2026/4/13,759.78,758.43,762.8,754.01,,-0.66%
2026/4/11,764.84,761.39,764.84,764.84,,0.00%
2026/4/10,764.84,761.39,772.4,759.23,,0.55%
2026/4/9,760.62,768.41,771.41,757.76,,-1.88%
2026/4/8,775.18,754.39,775.18,754.39,,4.34%
2026/4/7,742.91,742.34,755,736.41,,0.30%
2026/4/6,740.69,736.05,746.51,736.05,,1.03%
2026/4/3,733.16,733.03,741.27,728.5,,1.28%
2026/4/2,723.9,739.18,749.1,721.62,,-1.83%
2026/4/1,737.39,711.22,737.39,711.22,,5.48%
2026/3/31,699.09,707.18,716.08,697.38,,-1.53%
2026/3/30,709.93,719.89,720.41,697.87,,-3.33%
2026/3/27,734.4,720.93,737.49,717.03,,1.96%
2026/3/26,720.29,739.98,741.01,716.42,,-2.86%
2026/3/25,741.48,731.56,743.96,731.56,,2.34%
2026/3/24,724.55,718.19,729.9,711.18,,2.75%
2026/3/23,705.16,732.21,732.21,704.2,,-5.33%
2026/3/19,744.86,767.18,767.18,743.39,,-4.35%
2026/3/18,778.71,757.79,778.71,757.4,,3.73%
2026/3/17,750.72,768.56,774.03,747.96,,-1.62%
2026/3/16,763.1,756.24,768.57,755.97,,0.74%
2026/3/13,757.51,752.72,765.11,749.36,,-0.48%
2026/3/12,761.15,772.81,772.81,755.98,,-2.42%
2026/3/11,780.04,774.29,788.08,773.93,,0.97%
2026/3/10,772.53,751.02,772.68,751.02,,3.96%
2026/3/9,743.09,755.75,755.78,720.5,,-3.59%
2026/3/6,770.8,747.07,771.62,746.28,,2.83%
2026/3/5,749.61,726.6,761.05,726.6,,5.11%
2026/3/4,713.2,734.51,744.82,702.89,,-4.18%
2026/3/3,744.33,768.26,775.06,744.18,,-3.16%
2026/3/2,768.64,767.03,772.59,757.15,,-1.16%
2026/2/27,777.7,754.18,777.7,754.18,,3.83%
2026/2/26,749.03,741.39,751.23,741.17,,1.84%
2026/2/25,735.47,732.89,744.84,732.89,,0.90%
2026/2/24,728.94,743.76,744.45,728.94,,-2.27%
2026/2/21,745.89,760.63,745.89,745.89,,0.00%
2026/2/20,745.89,760.63,764.96,745.01,,-1.94%
2026/2/19,760.63,759.88,761.69,750.76,,0.18%
2026/2/18,759.29,743.09,763.95,741.81,,2.62%
2026/2/17,739.93,742.25,747.4,733.54,,-0.38%
2026/2/16,742.72,726.25,742.72,725.83,,2.80%
2026/2/13,722.48,731.26,734.54,720.02,,-1.79%
2026/2/12,735.65,732.16,739.8,731.6,,0.35%
2026/2/10,733.09,718.03,734.19,718.03,,2.54%
2026/2/9,714.96,718.27,719.09,712.71,,0.61%
2026/2/7,710.62,706.65,710.62,710.62,,0.00%
2026/2/6,710.62,706.65,710.62,694.23,,-0.20%
2026/2/5,712.01,708.15,720.58,706.47,,0.27%
2026/2/4,710.08,712.68,712.68,704.75,,-0.75%
2026/2/3,715.44,708.2,716.58,706.74,,1.44%
2026/2/2,705.26,707.37,719.57,704.87,,-0.45%
2026/1/30,708.44,703.06,710.23,701,,0.39%
2026/1/29,705.67,703.07,707.77,697.4,,0.16%
2026/1/28,704.52,713.35,713.35,702.38,,-1.68%
2026/1/27,716.55,717.96,719.25,710.58,,-0.35%
2026/1/26,719.07,725.4,731.47,718.14,,-1.35%
2026/1/23,728.89,718.18,732.47,714.81,,1.82%
2026/1/22,715.87,724.59,726.76,715.87,,-0.68%
2026/1/21,720.8,722.36,726.46,717.48,,-1.76%
2026/1/20,733.72,747.41,748.63,731.48,,-1.97%
2026/1/19,748.44,733.9,748.56,732.38,,1.96%
2026/1/16,734.02,732,738.14,723.85,,0.25%
2026/1/15,732.21,706.58,732.73,706.58,,3.66%
2026/1/14,706.38,710.5,715.61,705,,-0.87%
2026/1/13,712.58,717,717,708.63,,0.75%
2026/1/9,707.29,704.2,709.49,702.77,,0.74%
2026/1/8,702.11,694.17,704.54,693.61,,1.42%
2026/1/7,692.26,687.36,692.28,684.66,,0.23%
2026/1/6,690.65,682.09,695.43,682.09,,1.92%
2026/1/5,677.63,681.27,681.99,675.15,,0.36%
2025/12/30,675.21,682.92,683.84,674.77,,-1.07%
2025/12/29,682.54,680.62,687.36,676.66,,0.71%
2025/12/26,677.73,679.44,681.59,675.81,,0.21%
2025/12/25,676.28,664.48,676.37,662.63,,1.93%
2025/12/24,663.46,663.42,669.08,663.42,,0.01%
2025/12/23,663.39,656.03,665.5,656.03,,1.33%
2025/12/22,654.66,662.21,662.74,651.74,,-0.31%
2025/12/19,656.67,647.56,657.69,646.62,,1.72%
2025/12/18,645.58,644.21,648.6,642.47,,-0.34%
2025/12/17,647.8,651.6,652.22,641.85,,-0.40%
2025/12/16,650.38,665.82,666.31,650.36,,-2.79%
2025/12/15,669.05,657.61,669.53,657.37,,1.69%
2025/12/12,657.92,654.03,661.03,653.89,,0.74%
2025/12/11,653.07,666.58,667.26,650.73,,-2.19%
2025/12/10,667.68,667.4,671.82,664.89,,0.23%
2025/12/9,666.13,671.81,675.72,664.57,,-0.72%
2025/12/8,670.99,668.46,671.56,665.38,,0.52%
2025/12/5,667.51,667.15,672.44,664.95,,0.23%
2025/12/4,665.98,663.64,671.78,663.63,,0.71%
2025/12/3,661.31,667.31,668.02,658.61,,-0.77%
2025/12/2,666.45,684.31,685.76,666.45,,-2.49%
2025/12/1,683.44,700.95,700.95,682.9,,-2.30%
2025/11/30,699.53,694.99,699.53,699.53,,0.00%
2025/11/28,699.53,694.99,702.34,693.71,,0.64%
2025/11/27,695.05,685.98,695.59,685.45,,1.52%
2025/11/26,684.67,671.31,684.67,669.83,,2.60%
2025/11/25,667.31,683.94,683.94,666.42,,-1.93%
2025/11/21,680.43,672.29,683.63,668.5,,0.17%
2025/11/20,679.29,683.18,688.17,676.02,,0.70%
2025/11/19,674.56,682.76,683.39,668.67,,-0.80%
2025/11/18,679.97,696.43,697.86,679.15,,-2.66%
2025/11/17,698.53,708.39,708.39,693.26,,-1.41%
2025/11/14,708.54,714.16,720,706.42,,-1.79%
2025/11/13,721.49,725.48,726.19,719.58,,-0.80%
2025/11/12,727.33,709.89,727.33,708.71,,2.48%
2025/11/11,709.74,712.85,714.14,706.28,,-0.42%
2025/11/10,712.72,705.02,712.9,704.07,,1.70%
2025/11/7,700.84,699.42,704.57,695.86,,-0.32%
2025/11/6,703.06,710.54,715.26,703.06,,-0.77%
2025/11/5,708.53,707.44,708.53,687.65,,-0.51%
2025/11/4,712.15,713.4,716.27,706.34,,-0.35%
2025/10/31,714.64,708.11,719.24,708.11,,1.01%
2025/10/30,707.46,702.73,708.88,700.72,,0.57%
2025/10/29,703.43,723.37,723.37,702.23,,-2.62%
2025/10/28,722.38,733.93,733.93,722.38,,-1.71%
2025/10/27,734.94,733.75,741.47,731.89,,0.85%
2025/10/24,728.74,734.68,735.01,727.83,,-0.34%
2025/10/23,731.25,736.85,737.97,731.01,,-1.47%
2025/10/22,742.14,732.23,743.55,730.69,,1.62%
2025/10/21,730.28,733.61,736.79,724.72,,-0.06%
2025/10/20,730.75,716.47,732.73,715.66,,3.04%
2025/10/17,709.16,726.37,728.51,706.92,,-2.91%
2025/10/16,730.39,745.28,747.81,728.94,,-1.50%
2025/10/15,741.5,727.25,745.4,725.92,,2.62%
2025/10/14,722.57,736.86,739.81,719.62,,-3.19%
2025/10/10,746.37,754.49,757.68,745.73,,-1.70%
2025/10/9,759.24,754.8,760.14,752.96,,0.75%
2025/10/8,753.58,749.58,758.22,747.65,,0.14%
2025/10/7,752.52,755.52,759.46,745.17,,0.10%
2025/10/6,751.8,742.4,752.96,740.76,,2.83%
2025/10/3,731.14,715.69,734.53,715.69,,2.24%
2025/10/2,715.09,722.84,726.88,710.32,,-0.69%
2025/10/1,720.06,740.09,740.91,720.06,,-3.40%
2025/9/30,745.4,754.83,754.85,743.21,,-1.45%
2025/9/29,756.36,766.74,766.74,755.77,,-0.91%
2025/9/26,763.29,762.02,768.18,759.74,,0.20%
2025/9/25,761.77,765.64,766.12,759.16,,-0.65%
2025/9/24,766.78,773.63,773.63,765.45,,-1.06%
2025/9/22,774.98,776.81,780.88,772.43,,0.26%
2025/9/19,772.99,765.5,772.99,755.61,,1.50%
2025/9/18,761.53,765.55,768.38,759.38,,-0.26%
2025/9/17,763.49,764.31,768.53,760.03,,-0.29%
2025/9/16,765.74,763.1,767.74,756.32,,0.52%
2025/9/12,761.79,768.87,768.87,758.56,,-0.22%
2025/9/11,763.48,773.34,774.39,760.79,,-1.12%
2025/9/10,772.16,772.82,773.17,764.22,,0.11%
2025/9/9,771.33,778.54,784.54,766.85,,-0.39%
2025/9/8,774.37,772.85,780.85,771.56,,1.01%
2025/9/5,766.63,761.26,766.63,758.83,,0.92%
2025/9/4,759.64,758.12,761.4,754.61,,0.29%
2025/9/3,757.48,771.02,771.02,756.45,,-2.20%
2025/9/2,774.48,779.58,783.5,771.39,,-0.45%
2025/9/1,777.98,773.98,785.27,773.18,,-0.30%
2025/8/29,780.32,777.07,782.99,776.96,,0.55%
2025/8/28,776.06,776.48,777.08,772.05,,-0.34%
2025/8/27,778.68,785.94,785.94,777.15,,-0.92%
2025/8/26,785.89,785.52,787.65,781.21,,-0.14%
2025/8/25,786.98,790.01,792.7,785.27,,0.62%
2025/8/22,782.12,786.88,790.31,781.88,,-0.37%
2025/8/21,784.99,786.05,789.5,782.33,,-0.30%
2025/8/20,787.35,799.03,799.03,787.35,,-1.66%
2025/8/19,800.62,801.24,803.42,794.81,,0.05%
2025/8/18,800.21,792.36,802.77,791.72,,1.52%
2025/8/15,788.24,783.11,795.79,782.65,,1.11%
2025/8/14,779.58,777.06,779.61,772.92,,0.24%
2025/8/13,777.75,779.78,781.28,775.25,,-0.03%
2025/8/12,778.02,784.76,786.05,777.17,,-0.32%
2025/8/8,780.53,783.03,784.62,779.15,,-0.12%
2025/8/7,781.45,772.8,781.94,772.33,,1.24%
2025/8/6,771.88,773.4,776.44,769.17,,-0.06%
2025/8/5,772.36,767.91,772.51,767.25,,1.30%
2025/8/4,762.45,751.31,764.24,751.31,,0.02%
2025/8/1,762.27,759.12,762.27,756.58,,0.26%
2025/7/31,760.32,755.7,760.32,753.95,,0.85%
2025/7/30,753.88,751.14,753.88,745,,0.38%
2025/7/29,751.02,760.87,761.81,749.1,,-1.53%
2025/7/28,762.7,766.21,767.19,760.28,,0.05%
2025/7/25,762.29,759.72,762.53,757.68,,0.37%
2025/7/24,759.48,760.61,764.59,756.45,,0.34%
2025/7/23,756.9,748.97,757.82,747.54,,1.86%
2025/7/22,743.07,743.75,749.99,740.39,,0.67%
2025/7/18,738.11,750.28,751.46,737.52,,-1.29%
2025/7/17,747.74,737.75,750.79,737.53,,1.77%
2025/7/16,734.74,730.43,737.65,726.83,,0.46%
2025/7/15,731.38,749.4,750.11,731.38,,-2.16%
2025/7/14,747.5,748.15,752.06,745.09,,-0.13%
2025/7/11,748.48,752.84,759.28,746.69,,-0.38%
2025/7/10,751.35,744.65,751.35,742.12,,1.43%
2025/7/9,740.75,736.87,740.75,733.03,,1.16%
2025/7/8,732.29,719.08,732.31,719.08,,1.98%
2025/7/7,718.07,711.99,721.02,711.77,,1.05%
2025/7/4,710.59,714.05,717.22,710.59,,0.12%
2025/7/3,709.71,717.1,718.45,709.33,,-0.60%
2025/7/2,714.01,726.89,727.93,714.01,,-2.68%
2025/7/1,733.65,747.89,748.64,733.63,,-1.95%
2025/6/30,748.25,740.83,751.95,740.55,,1.69%
2025/6/27,735.82,743.46,745.11,734.02,,-1.01%
2025/6/26,743.33,759.25,760.02,742.28,,-1.85%
2025/6/25,757.36,759.98,760.01,749.45,,0.08%
2025/6/24,756.77,757.28,758.78,754.96,,0.77%
2025/6/23,751.02,743.87,753.33,740.42,,0.04%
2025/6/20,750.71,758.66,761,750.33,,-0.91%
2025/6/19,757.58,764.37,768.06,757.18,,-0.57%
2025/6/18,761.89,760.52,768.93,760.52,,0.09%
2025/6/17,761.2,765.48,765.76,756.42,,-0.20%
2025/6/16,762.74,754.67,764.75,753.69,,1.36%
2025/6/14,752.52,772.34,752.52,752.52,,0.00%
2025/6/13,752.52,772.34,772.34,752.52,,-1.47%
2025/6/12,763.72,765.34,770.26,762.91,,-0.12%
2025/6/11,764.61,764.74,769.01,761.32,,0.59%
2025/6/10,760.14,751.61,762.97,751.35,,1.52%
2025/6/9,748.76,749.32,751.69,745.08,,0.42%
2025/6/6,745.64,759.93,760.74,745.28,,-2.09%
2025/6/5,761.54,765,769.91,761.54,,-0.41%
2025/6/4,764.69,761.12,771.32,760.69,,1.08%
2025/6/3,756.5,747.71,756.71,742.72,,1.41%
2025/6/2,746,744.79,750.36,743.12,,0.10%
2025/5/30,745.24,739.57,748.78,738.69,,0.66%
2025/5/29,740.39,744.77,747.71,740.14,,-0.34%
2025/5/28,742.94,740.62,745.2,739.7,,0.84%
2025/5/27,736.72,727.94,736.72,727.21,,1.79%
2025/5/26,723.75,716.82,728.11,715.99,,1.55%
2025/5/23,712.67,716.25,721.83,711.52,,-0.17%
2025/5/22,713.89,710.43,716.91,709.7,,-0.37%
2025/5/21,716.57,724.14,725.02,715.65,,-0.88%
2025/5/20,722.92,718.7,725.86,718.48,,0.87%
2025/5/19,716.67,711.37,717.27,709.49,,0.40%
2025/5/16,713.84,709.82,717.19,708.61,,0.73%
2025/5/15,708.64,697.43,709.09,697.43,,1.18%
2025/5/14,700.39,695.9,700.5,692.05,,0.53%
2025/5/13,696.68,695.07,697.85,690.37,,1.14%
2025/5/12,688.86,687.07,690.61,682.93,,0.67%
2025/5/9,684.26,677.72,686.4,677.72,,1.15%
2025/5/8,676.48,680.49,681.15,673.93,,-0.54%
2025/5/7,680.12,681.55,684.32,679.01,,0.06%
2025/5/2,679.7,680.42,682.78,672.64,,-0.16%
2025/5/1,680.82,675.8,681.94,674.96,,0.59%
2025/4/30,676.85,674.51,677.51,670.47,,0.73%
2025/4/28,671.94,670.27,675.06,669.49,,0.61%
2025/4/25,667.84,662.83,672.69,662.21,,1.31%
2025/4/24,659.21,662.25,663.44,657.36,,-0.04%
2025/4/23,659.47,666.96,667.05,657.42,,0.11%
2025/4/22,658.73,662.81,666.92,655.18,,-1.32%
2025/4/21,667.53,669.61,675.58,666.16,,-0.36%
2025/4/18,669.96,648.92,669.96,647.46,,3.73%
2025/4/17,645.86,631.41,645.86,630.92,,2.55%
2025/4/16,629.81,642.52,642.8,626.62,,-1.73%
2025/4/15,640.87,640.16,648.29,639.9,,1.10%
2025/4/14,633.92,637.16,646.24,633.19,,0.40%
2025/4/11,631.4,605.12,631.4,598.06,,2.89%
2025/4/10,613.64,585.86,615.94,585.86,,7.08%
2025/4/9,573.09,583.71,583.79,559.41,,-2.73%
2025/4/8,589.17,546.29,594.84,546.29,,10.22%
2025/4/7,534.55,584.19,584.23,531.72,,-10.52%
2025/4/4,597.38,618.68,619.46,579.77,,-4.69%
2025/4/3,626.75,621.85,634.91,610.9,,-1.31%
2025/4/2,635.07,638.16,640.2,630.37,,-0.30%
2025/4/1,636.96,653.17,655.22,636.87,,-2.22%
2025/3/31,651.41,658.24,658.33,648.71,,-2.61%
2025/3/28,668.89,670.51,677.63,668.68,,-0.29%
2025/3/27,670.86,669.55,674.79,668.01,,-0.42%
2025/3/26,673.7,673.12,675.44,669.72,,0.29%
2025/3/25,671.72,668.31,672.49,668,,0.92%
2025/3/24,665.57,669.1,672.75,665.57,,-0.23%
2025/3/21,667.1,668.4,672.42,666.82,,0.04%
2025/3/19,666.81,666.28,670.71,665.33,,0.14%
2025/3/18,665.87,665.75,667.84,662.9,,0.27%
2025/3/17,664.1,664.61,664.96,657.81,,0.73%
2025/3/14,659.26,649.16,659.63,647.59,,1.47%
2025/3/13,649.72,655.99,659.58,648.62,,-0.24%
2025/3/12,651.31,642.88,656.38,642.81,,1.54%
2025/3/11,641.46,630.45,641.46,621.37,,0.39%
2025/3/10,638.98,634.12,640.06,629.74,,1.26%
2025/3/7,631.01,637.61,640.6,631.01,,-2.07%
2025/3/6,644.32,644.59,648.05,639.68,,0.83%
2025/3/5,639,645.22,646.44,634.77,,-1.15%
2025/3/4,646.46,652.73,653.01,637.95,,-1.80%
2025/3/3,658.3,660.24,663.52,657.25,,0.69%
2025/2/28,653.77,663.89,667.63,648.66,,-2.21%
2025/2/27,668.56,668.57,673.01,667.24,,-0.03%
2025/2/26,668.74,673.69,676.23,662.73,,-0.72%
2025/2/25,673.56,672.33,677.29,670.76,,-0.98%
2025/2/21,680.22,681.17,685.78,677.7,,-0.46%
2025/2/20,683.37,685.28,689.12,682.19,,-0.26%
2025/2/19,685.12,687.63,689.7,683.34,,-0.28%
2025/2/18,687.04,682.9,691.04,682.69,,0.82%
2025/2/17,681.46,678.32,690.25,677.86,,0.65%
2025/2/14,677.06,688.43,688.58,675.82,,-1.51%
2025/2/13,687.45,693.92,693.92,682.81,,-0.75%
2025/2/12,692.66,685.56,693.22,682.74,,1.38%
2025/2/10,683.23,671.54,684.38,671.04,,1.65%
2025/2/7,672.12,669.06,674.78,668.77,,0.30%
2025/2/6,670.13,655.72,670.19,655.72,,2.33%
2025/2/5,654.88,649.23,654.88,648.79,,1.09%
2025/2/4,647.8,646.5,651.34,645.18,,0.88%
2025/2/3,642.15,644.52,646.42,639.38,,-1.31%
2025/1/31,650.67,651.83,651.83,647.03,,-0.30%
2025/1/30,652.6,654.79,657,651.11,,-0.52%
2025/1/29,655.99,649.47,659.1,649.41,,1.28%
2025/1/28,647.71,636.15,647.71,635.56,,1.38%
2025/1/27,638.9,643.3,645.89,638.64,,-0.28%
2025/1/24,640.72,625.97,641.95,625.67,,2.56%
2025/1/23,624.73,629.93,629.93,622.22,,-0.92%
2025/1/22,630.56,630.91,634.03,626.54,,0.42%
2025/1/21,627.92,631.58,631.71,624.65,,-0.53%
2025/1/20,631.26,628.25,633.62,626.88,,0.86%
2025/1/17,625.85,626.34,626.34,619.11,,-0.64%
2025/1/16,629.86,636.46,638.18,628.63,,-0.20%
2025/1/15,631.11,638.52,640.4,629.96,,-0.91%
2025/1/14,636.92,641.63,643.18,633.91,,-1.21%
2025/1/10,644.72,640.93,645.63,639.97,,0.20%
2025/1/9,643.42,640.17,644.71,638.25,,-0.04%
2025/1/8,643.67,637.45,644.51,636.42,,0.43%
2025/1/7,640.94,638.97,640.94,637.02,,0.98%
2025/1/6,634.71,646.46,648.71,634.43,,-1.47%
2024/12/30,644.18,644.77,650.41,643.6,,-0.10%
2024/12/27,644.82,637.38,649.11,636.97,,2.00%
2024/12/26,632.16,634.02,636.5,629.51,,0.11%
2024/12/25,631.46,632.23,637.18,628.7,,0.21%
2024/12/24,630.12,629.94,630.9,625.59,,-0.01%
2024/12/23,630.16,628.31,633.07,627.92,,0.84%
2024/12/20,624.89,631.2,633.58,624.65,,-0.94%
2024/12/19,630.85,626.66,631.8,626.12,,-0.79%
2024/12/18,635.85,633.81,641.88,632.66,,0.06%
2024/12/17,635.44,638.17,638.38,632.94,,-0.44%
2024/12/16,638.27,643.45,643.49,636.84,,-1.01%
2024/12/13,644.81,646.99,648.46,643.12,,0.49%
2024/12/12,641.64,643.87,647.36,641.53,,0.48%
2024/12/11,638.58,640.36,641.27,635.95,,-0.30%
2024/12/10,640.47,641.62,641.91,638.88,,-0.36%
2024/12/9,642.81,637.85,644.49,637.01,,1.38%
2024/12/6,634.03,636.32,636.85,631.01,,-0.73%
2024/12/5,638.72,639.71,643.35,637.51,,0.10%
2024/12/4,638.08,644.84,644.84,636.74,,-1.34%
2024/12/3,646.75,643.88,647.25,642.84,,0.78%
2024/12/2,641.72,645.08,645.2,639.34,,-0.35%
2024/11/29,643.97,634.64,645.08,632.26,,1.51%
2024/11/28,634.38,633.62,638.46,632.19,,0.06%
2024/11/27,633.97,636.05,636.05,628.97,,-0.24%
2024/11/26,635.47,639.65,639.65,632.04,,-0.42%
2024/11/25,638.18,640.15,642.51,636.81,,0.53%
2024/11/22,634.81,638.34,639.85,632.8,,-0.13%
2024/11/21,635.64,635.29,639.13,632.31,,0.71%
2024/11/20,631.16,634.76,640.42,631.15,,-0.01%
2024/11/19,631.21,621.02,633.08,621.02,,1.93%
2024/11/18,619.26,622.71,624.48,617.87,,-1.07%
2024/11/15,625.95,624.85,628.09,619.31,,0.12%
2024/11/14,625.23,628.1,630.05,621.68,,-0.57%
2024/11/13,628.84,631.13,637.23,627.74,,-0.42%
2024/11/12,631.5,633.75,637.97,629.89,,0.02%
2024/11/11,631.38,625.93,631.38,625.11,,0.72%
2024/11/8,626.88,624.65,631.11,623.34,,0.66%
2024/11/7,622.74,625.23,630.47,619.82,,0.21%
2024/11/6,621.45,619.56,624.78,616.61,,0.54%
2024/11/5,618.13,622.74,623.2,614.8,,-0.30%
2024/11/1,619.96,622.09,624.05,619.45,,-1.64%
2024/10/31,630.28,625.86,630.76,623.04,,0.72%
2024/10/30,625.76,623.9,626.99,621.12,,0.52%
2024/10/29,622.54,610.68,623.1,610.47,,2.08%
2024/10/28,609.88,587.68,610.44,587.68,,3.49%
2024/10/25,589.3,598.5,599.6,587.56,,-1.68%
2024/10/24,599.35,598.47,601.17,593.48,,-0.78%
2024/10/23,604.09,614.22,614.44,603.31,,-1.76%
2024/10/22,614.9,629.01,629.01,614.2,,-2.69%
2024/10/21,631.91,623.23,633.84,621.97,,1.37%
2024/10/18,623.37,626.82,628.86,621.65,,-0.69%
2024/10/17,627.7,632.67,635.07,627.48,,-0.79%
2024/10/16,632.67,633.96,639,630.86,,-1.25%
2024/10/15,640.69,642.25,642.37,633.77,,0.39%
2024/10/11,638.19,639.89,642.56,638.19,,-0.27%
2024/10/10,639.94,647.39,648.71,639.09,,-1.13%
2024/10/9,647.24,644.6,651.06,643.85,,0.99%
2024/10/8,640.92,645.48,648.03,640.22,,-1.40%
2024/10/7,650.01,654.68,656.93,648.2,,0.43%
2024/10/4,647.2,649.16,655.87,646.28,,-0.48%
2024/10/3,650.33,654.09,654.24,645.78,,0.89%
2024/10/2,644.58,659.03,659.81,643.99,,-3.19%
2024/10/1,665.79,656.92,668.26,653.49,,2.02%
2024/9/30,652.63,663.51,667.17,652.44,,-3.42%
2024/9/27,675.75,665.21,676.75,665.21,,2.13%
2024/9/26,661.65,656.39,661.65,655.16,,0.92%
2024/9/25,655.65,661.08,662.27,655.07,,-0.83%
2024/9/24,661.17,670.92,670.92,661.17,,-0.74%
2024/9/20,666.08,668.62,670.26,663.6,,0.61%
2024/9/19,662.06,648.11,665.12,648.11,,3.42%
2024/9/18,640.19,644.77,648.95,634.68,,0.20%
2024/9/17,638.89,646.34,648.53,631.95,,-0.87%
2024/9/13,644.48,652.26,653.04,644,,-1.35%
2024/9/12,653.27,641.82,653.27,640.98,,3.34%
2024/9/11,632.14,651.93,654.62,624.27,,-2.87%
2024/9/10,650.82,648.54,654.03,643.69,,0.87%
2024/9/9,645.21,631.06,648.11,625.26,,0.21%
2024/9/6,643.88,658.26,659.33,640.08,,-1.93%
2024/9/5,656.58,646.18,665.88,646.18,,0.74%
2024/9/4,651.78,667.74,668.82,650.69,,-4.23%
2024/9/3,680.57,667.62,681.13,667.09,,1.94%
2024/9/2,667.65,672.35,672.35,662.89,,-0.20%
2024/8/30,669.01,663.14,669.01,662.81,,1.14%
2024/8/29,661.49,658.53,667.53,657.14,,-0.47%
2024/8/28,664.64,677.26,677.51,661.8,,-2.30%
2024/8/27,680.3,669.43,680.91,666.05,,1.27%
2024/8/26,671.79,645.59,671.79,645.59,,4.88%
2024/8/23,640.52,638.99,640.52,634.41,,0.21%
2024/8/22,639.19,632.13,642.39,631.91,,1.34%
2024/8/21,630.74,629.07,636.78,629.07,,-0.64%
2024/8/20,634.78,621.12,634.84,620.81,,3.72%
2024/8/19,612.03,611.18,624.35,609.18,,0.48%
2024/8/16,609.11,602.15,609.65,601.24,,2.76%
2024/8/15,592.74,591.98,596.33,588.81,,-0.03%
2024/8/14,592.9,583.89,594.06,579.35,,1.89%
2024/8/13,581.92,565.44,582.23,565.34,,3.59%
2024/8/9,561.78,563.14,568.47,550.44,,0.73%
2024/8/8,557.73,546.6,566.66,546.6,,1.15%
2024/8/7,551.37,526.55,561.99,526.55,,3.29%
2024/8/6,533.79,495.88,540.29,495.88,,10.06%
2024/8/5,485.02,563.75,563.75,482.29,,-15.84%
2024/8/2,576.29,609.68,609.71,576.27,,-7.53%
2024/8/1,623.25,641.96,642.78,620.68,,-3.85%
2024/7/31,648.2,642.17,648.2,635.14,,0.28%
2024/7/30,646.37,653.57,653.84,641.1,,-1.32%
2024/7/29,655.02,648.45,655.3,646.87,,1.88%
2024/7/26,642.91,642.27,650.32,642.27,,0.37%
2024/7/25,640.56,639,645.61,638.27,,-1.18%
2024/7/24,648.21,659.59,663.73,648.21,,-1.92%
2024/7/23,660.9,662.01,668.74,658.52,,0.56%
2024/7/22,657.25,675.11,675.11,656.2,,-2.73%
2024/7/19,675.73,687.4,688.19,674.91,,-2.09%
2024/7/18,690.17,690.01,697.56,690.01,,-0.71%
2024/7/17,695.11,687.05,697.23,687.05,,2.02%
2024/7/16,681.33,680.51,684.4,678.71,,0.62%
2024/7/12,677.13,655.19,678.82,655.19,,3.24%
2024/7/11,655.86,655.89,657.09,648.93,,0.21%
2024/7/10,654.51,658.09,658.95,650.15,,-0.52%
2024/7/9,657.93,659.88,663.27,655.99,,-0.15%
2024/7/8,658.93,658.73,660.14,655.83,,0.23%
2024/7/5,657.45,653.86,658.17,652.83,,0.54%
2024/7/4,653.92,655.76,659.7,653.14,,0.14%
2024/7/3,653.03,648.35,653.62,648.35,,1.08%
2024/7/2,646.04,650.54,651.82,644.5,,-0.49%
2024/7/1,649.2,663.72,663.93,649.2,,-1.82%
2024/6/28,661.24,670.17,671.45,660.27,,-1.06%
2024/6/27,668.3,655.04,671.03,655.04,,2.02%
2024/6/26,655.08,651.18,657.86,650.3,,1.20%
2024/6/25,647.3,639.85,648.43,639.77,,1.34%
2024/6/24,638.77,638.7,642.02,637.02,,0.12%
2024/6/21,637.98,638.69,644.43,637.98,,-0.03%
2024/6/20,638.15,631.8,638.15,631.8,,1.51%
2024/6/19,628.68,634.7,636.72,627.54,,-0.67%
2024/6/18,632.9,639.93,642.5,632.9,,-0.84%
2024/6/17,638.23,637.87,638.72,632.3,,-0.08%
2024/6/14,638.73,627.61,639.76,627.61,,0.63%
2024/6/13,634.71,638.04,642.94,634.71,,0.01%
2024/6/12,634.66,631.68,636.52,631.68,,0.50%
2024/6/11,631.49,628.28,633.99,626.87,,0.91%
2024/6/10,625.78,618.65,625.84,618.39,,0.67%
2024/6/7,621.64,612.2,622.18,612.2,,1.49%
2024/6/6,612.53,626.22,626.59,612.53,,-1.71%
2024/6/5,623.17,629.76,632.41,622.59,,-1.29%
2024/6/4,631.29,616.65,633.52,616.65,,2.37%
2024/6/3,616.66,620.33,620.55,615.44,,-0.30%
2024/5/31,618.49,601.24,618.54,601.02,,2.69%
2024/5/30,602.27,595.96,604.57,594.16,,-0.18%
2024/5/29,603.35,616.99,616.99,603.35,,-2.54%
2024/5/28,619.06,616.03,625.07,616.03,,0.90%
2024/5/27,613.54,609.06,614.13,604.94,,0.89%
2024/5/24,608.14,607.36,613.5,605.81,,-1.19%
2024/5/23,615.48,627.58,627.63,614.84,,-1.47%
2024/5/22,624.66,631.8,632.75,624.66,,-1.38%
2024/5/21,633.41,644.41,646.87,633.41,,-1.41%
2024/5/20,642.45,632.42,648.52,632.42,,1.50%
2024/5/17,632.98,631.42,634.63,628.35,,-0.33%
2024/5/16,635.09,644.88,645.23,628.7,,-1.31%
2024/5/15,643.52,659.09,659.09,643.51,,-2.39%
2024/5/14,659.26,651.43,659.87,651.43,,1.33%
2024/5/13,650.6,649.49,651.79,644.7,,0.06%
2024/5/10,650.23,655.63,655.72,647.51,,-0.42%
2024/5/9,652.97,654.97,657.16,647.02,,-0.29%
2024/5/8,654.89,654.03,665.01,652.92,,-0.22%
2024/5/7,656.31,650.41,657.21,650.02,,2.08%
2024/5/2,642.96,644.44,648.67,642.18,,-0.51%
2024/5/1,646.25,641.72,649.42,640.58,,-0.18%
2024/4/30,647.4,649.28,650.26,645.3,,0.43%
2024/4/26,644.61,641.52,647.61,636.91,,0.70%
2024/4/25,640.12,650.9,651.11,640.12,,-2.36%
2024/4/24,655.6,655.45,660.26,655.11,,0.76%
2024/4/23,650.64,655.75,659.26,646.63,,-0.09%
2024/4/22,651.25,642.41,651.25,640.68,,1.96%
2024/4/19,638.74,656.63,656.96,629.46,,-3.20%
2024/4/18,659.87,646.02,664.44,646.02,,1.50%
2024/4/17,650.12,662.5,663.62,648.72,,-1.74%
2024/4/16,661.6,671.87,672.8,660.83,,-2.81%
2024/4/15,680.75,681.22,684.56,679.68,,-0.96%
2024/4/12,687.37,694.3,696.9,687.37,,-0.68%
2024/4/11,692.1,694.71,695.75,690.12,,-1.46%
2024/4/10,702.37,703.98,709.26,701.6,,0.12%
2024/4/9,701.55,696.58,702.92,696.22,,0.62%
2024/4/8,697.26,694.97,698.37,692.93,,0.90%
2024/4/5,691.04,687.23,692.63,681.52,,-0.74%
2024/4/4,696.22,704.79,704.79,694.6,,-0.58%
2024/4/3,700.25,706.85,711.33,699.36,,-1.90%
2024/4/2,713.83,732.42,732.42,713.83,,-2.83%
2024/4/1,734.62,747.58,747.58,732.28,,-1.58%
2024/3/29,746.45,736.9,747.8,736.48,,1.59%
2024/3/28,734.79,739.05,744.09,734.65,,-0.60%
2024/3/27,739.23,744.11,747.3,739.23,,-0.65%
2024/3/26,744.03,748.25,749.68,741.22,,-0.83%
2024/3/25,750.24,754.28,762.63,750.24,,-0.66%
2024/3/22,755.22,756.48,756.49,748.3,,-0.08%
2024/3/21,755.8,754.62,760.53,752.43,,1.30%
2024/3/19,746.07,739.09,747.27,737.72,,0.76%
2024/3/18,740.45,726.73,740.57,726.73,,2.63%
2024/3/15,721.48,730.64,731.57,718.72,,-2.26%
2024/3/14,738.2,738.87,741.7,729.31,,-0.12%
2024/3/13,739.11,754.54,756.56,736.57,,-1.66%
2024/3/12,751.57,733.16,751.57,727.32,,1.94%
2024/3/11,737.29,745.2,747.48,732.27,,-2.34%
2024/3/8,754.96,759.31,766.94,752.17,,-1.41%
2024/3/7,765.78,778.37,787.23,762.64,,-1.29%
2024/3/6,775.76,760.41,778.31,758.33,,1.08%
2024/3/5,767.44,761.25,767.83,751.8,,0.10%
2024/3/4,766.69,768.11,782.76,766.69,,0.40%
2024/3/1,763.6,772.38,773.71,761.46,,-1.14%
2024/2/29,772.39,775.48,775.48,762.72,,-0.94%
2024/2/28,779.71,774.67,784.78,774.67,,0.55%
2024/2/27,775.46,766.51,775.78,761.81,,1.53%
2024/2/26,763.8,746.75,767.35,742.95,,2.92%
2024/2/22,742.11,753.1,753.76,736.28,,-0.43%
2024/2/21,745.35,761.32,761.32,744.54,,-2.60%
2024/2/20,765.22,767.63,770.48,762.69,,-0.04%
2024/2/19,765.49,755.7,765.92,755.05,,1.62%
2024/2/16,753.25,728.26,754.44,727.43,,3.80%
2024/2/15,725.7,726.9,729.55,719.12,,0.37%
2024/2/14,723.05,715.58,725.64,713.49,,0.36%
2024/2/13,720.48,714.13,722.52,712.19,,1.54%
2024/2/9,709.52,710.5,716.79,708.99,,0.08%
2024/2/8,708.96,711.83,715.66,705.04,,-0.11%
2024/2/7,709.74,714.38,716.52,704.78,,-0.93%
2024/2/6,716.41,712.65,719.67,706.84,,0.16%
2024/2/5,715.27,707.67,717.07,703.46,,1.19%
2024/2/2,706.87,705.58,714.24,705.52,,0.64%
2024/2/1,702.4,706.3,710.68,700.97,,-1.35%
2024/1/31,712.04,711.1,712.04,703.03,,-0.37%
2024/1/30,714.72,714.78,717.94,707.26,,0.58%
2024/1/29,710.57,715.38,716.4,709.57,,-0.50%
2024/1/26,714.12,713.39,724.71,711.45,,-0.66%
2024/1/25,718.85,709.06,718.94,702.38,,1.27%
2024/1/24,709.87,706.2,713.26,706.07,,0.37%
2024/1/23,707.28,712.89,716.86,702.7,,-0.28%
2024/1/22,709.25,697.21,710.58,693.68,,2.46%
2024/1/19,692.2,690.82,696.4,688.57,,0.92%
2024/1/18,685.9,686.99,692.68,683.34,,-0.46%
2024/1/17,689.08,707.37,707.62,689.08,,-2.53%
2024/1/16,706.96,713.68,720.69,706.75,,-0.45%
2024/1/15,710.13,709.36,710.93,703.56,,0.19%
2024/1/12,708.76,707.4,710.45,697.72,,0.36%
2024/1/11,706.19,711.75,712.31,703.72,,-0.21%
2024/1/10,707.69,704.78,710.66,701.46,,0.29%
2024/1/9,705.64,701.5,709.05,697.34,,1.64%
2024/1/5,694.28,712.03,712.03,694.28,,-2.59%
2024/1/4,712.73,697.43,713.12,689.79,,0.89%
2023/12/29,706.41,705.18,710.22,701.77,,-0.15%
2023/12/28,707.5,690.61,707.5,685.78,,2.30%
2023/12/27,691.58,677.09,691.91,675.15,,2.51%
2023/12/26,674.65,677.04,681.86,673.93,,0.11%
2023/12/25,673.93,681.13,681.55,673.23,,-0.56%
2023/12/22,677.74,683.67,687.16,676.95,,-0.35%
2023/12/21,680.12,681.73,685.01,679.45,,-1.17%
2023/12/20,688.17,690.84,697.85,688.17,,0.23%
2023/12/19,686.6,673.2,686.6,670.03,,2.04%
2023/12/18,672.88,677.64,678.86,666.63,,-0.69%
2023/12/15,677.57,665.83,680.34,664.78,,2.35%
2023/12/14,662.01,674.38,679.15,659.8,,-0.45%
2023/12/13,664.97,665.62,668.75,661.18,,0.23%
2023/12/12,663.43,680.7,680.99,662.44,,-2.04%
2023/12/11,677.24,680.7,684.15,675.95,,0.35%
2023/12/8,674.87,676.12,682.23,673.37,,-1.09%
2023/12/7,682.28,693.98,694.23,682.28,,-2.32%
2023/12/6,698.49,699.36,702.77,691.57,,0.68%
2023/12/5,693.79,706.75,706.75,693.79,,-2.75%
2023/12/4,713.4,703.5,715.45,699.62,,1.81%
2023/12/1,700.75,714.72,714.72,700.75,,-2.22%
2023/11/30,716.65,722.47,725.11,711.07,,-0.60%
2023/11/29,720.97,710.39,724.3,710.39,,1.39%
2023/11/28,711.12,713.81,714.51,707.34,,-0.24%
2023/11/27,712.83,719.95,725.27,710.73,,-0.58%
2023/11/24,716.99,716.16,723.89,715.9,,0.55%
2023/11/22,713.1,717.54,719.47,710,,-1.40%
2023/11/21,723.26,716.17,723.59,712.42,,1.79%
2023/11/20,710.52,695.15,712.37,695.06,,2.33%
2023/11/17,694.37,688.93,696.93,686.7,,0.47%
2023/11/16,691.14,689.73,694.33,683.02,,-0.09%
2023/11/15,691.74,681.07,694.19,681.07,,2.88%
2023/11/14,672.37,680.07,680.07,667.54,,-0.84%
2023/11/13,678.06,682.26,686.13,675.74,,-0.16%
2023/11/10,679.16,682.65,682.65,673.4,,-1.86%
2023/11/9,692,689.38,693.36,683.05,,0.37%
2023/11/8,689.45,699.11,703.74,685.64,,-0.51%
2023/11/7,693,688.85,696.82,686.09,,0.01%
2023/11/6,692.94,674.49,694.46,674.37,,4.38%
2023/11/2,663.86,647.65,663.86,647.39,,3.40%
2023/11/1,642.06,653.61,653.61,637.17,,-0.97%
2023/10/31,648.36,638.69,648.66,631.68,,1.16%
2023/10/30,640.94,636.75,645.33,636.75,,-0.17%
2023/10/27,642,635.15,642,627.99,,1.54%
2023/10/26,632.29,638.46,642.09,631.53,,-2.33%
2023/10/25,647.37,655.36,659.18,647.37,,-0.57%
2023/10/24,651.09,638.89,652.58,618.7,,2.47%
2023/10/23,635.4,653.54,656.95,633.8,,-3.33%
2023/10/20,657.3,653.92,662.04,643.92,,-0.34%
2023/10/19,659.51,664.39,666.9,656.98,,-2.01%
2023/10/18,673.03,667.93,673.86,662.06,,0.96%
2023/10/17,666.61,669.5,677.61,664.89,,0.96%
2023/10/16,660.27,675.92,675.92,658.94,,-3.36%
2023/10/13,683.24,702.98,702.98,683.1,,-3.58%
2023/10/12,708.63,699.21,709.14,697.83,,1.31%
2023/10/11,699.48,709.63,712.36,699.44,,-1.22%
2023/10/10,708.09,706.84,711.99,705.06,,0.97%
2023/10/6,701.27,700.06,702.88,691.84,,0.12%
2023/10/5,700.42,685.7,701.61,685.7,,3.34%
2023/10/4,677.8,686.51,691.03,677.8,,-2.89%
2023/10/3,697.97,713.75,715.63,697.95,,-2.66%
2023/10/2,717.03,732.19,735.95,717.03,,-1.73%
2023/9/29,729.64,729.33,735.24,726.57,,0.60%
2023/9/28,725.29,731.31,733.91,722.07,,-0.75%
2023/9/27,730.77,719.11,730.77,719.11,,1.20%
2023/9/26,722.12,731.69,731.69,722.12,,-1.33%
2023/9/25,731.82,727.38,733.04,726.88,,0.72%
2023/9/22,726.61,706.4,729.11,706.4,,1.98%
2023/9/21,712.52,727.57,727.82,710.94,,-2.67%
2023/9/20,732.04,735.65,740.82,732.04,,-0.69%
2023/9/19,737.13,738.41,740.33,731.86,,-0.37%
2023/9/15,739.9,743.1,744.72,737.61,,-0.15%
2023/9/14,741.04,737.81,741.79,735.38,,0.47%
2023/9/13,737.54,737.42,741.54,736.19,,-0.14%
2023/9/12,738.56,739.56,746.93,736.61,,0.34%
2023/9/11,736.05,748.65,752.47,736.05,,-1.89%
2023/9/8,750.25,749.46,753.59,747.14,,-0.64%
2023/9/7,755.08,761.66,762.57,751.49,,-1.55%
2023/9/6,766.95,767.16,770,764.66,,-0.24%
2023/9/5,768.79,758.32,771.09,758.32,,1.41%
2023/9/4,758.09,760.11,764.27,756.09,,-0.07%
2023/9/1,758.61,758.54,759.39,751.6,,-0.21%
2023/8/31,760.17,763.57,766.73,759.81,,-0.18%
2023/8/30,761.52,768.29,768.49,760.06,,-0.43%
2023/8/29,764.79,750.78,765.41,750.78,,2.24%
2023/8/28,748.05,749.12,752.36,747.01,,0.40%
2023/8/25,745.04,734.33,748.09,732.53,,0.27%
2023/8/24,743,750.36,751.88,741.04,,-0.38%
2023/8/23,745.83,735.77,746.01,735.77,,1.45%
2023/8/22,735.15,739.26,743.2,732.68,,0.08%
2023/8/21,734.57,715.76,737.21,715.61,,2.82%
2023/8/18,714.39,712.19,721.95,708.22,,-0.93%
2023/8/17,721.12,721.01,723.08,708.75,,-0.74%
2023/8/16,726.5,736.64,736.75,726.5,,-2.02%
2023/8/15,741.49,751.55,751.55,737.34,,-0.95%
2023/8/14,748.61,760.94,763.27,748.03,,-1.44%
2023/8/10,759.51,756.61,759.75,752.39,,-0.40%
2023/8/9,762.56,757.2,763.99,757.17,,0.59%
2023/8/8,758.08,770.09,770.53,758.08,,-1.65%
2023/8/7,770.77,758.31,770.98,753.78,,0.85%
2023/8/4,764.29,758.87,766.84,758.87,,0.38%
2023/8/3,761.4,763.04,767.85,761.4,,-1.36%
2023/8/2,771.93,775.95,778.67,770.8,,-1.11%
2023/8/1,780.62,779.79,786.05,776.25,,0.42%
2023/7/31,777.32,770.85,778.01,770.5,,1.74%
2023/7/28,764.04,762.51,768.87,753.17,,-1.03%
2023/7/27,771.96,767.61,774.81,767.61,,0.25%
2023/7/26,770.03,767.26,771.94,763.75,,0.26%
2023/7/25,768.05,769.58,769.67,764.1,,-0.28%
2023/7/24,770.21,768.98,773.52,767.35,,0.61%
2023/7/21,765.53,770.43,770.47,762.7,,-1.47%
2023/7/20,776.98,785.09,785.09,776.98,,-1.58%
2023/7/19,789.47,788.21,789.69,785.3,,0.60%
2023/7/18,784.77,787.37,791.18,782.55,,0.01%
2023/7/14,784.72,796,798.3,781.83,,-0.65%
2023/7/13,789.84,778.25,790,773.51,,2.11%
2023/7/12,773.54,789.27,789.9,773.26,,-1.84%
2023/7/11,788.03,788.04,794.68,786.61,,0.75%
2023/7/10,782.2,784.05,790.21,780.59,,-0.64%
2023/7/7,787.27,775.55,791.08,775.55,,0.18%
2023/7/6,785.87,800.99,802.67,784.34,,-3.07%
2023/7/5,810.74,812.93,814.27,805.72,,-0.84%
2023/7/4,817.64,814.8,818.44,810.27,,-0.13%
2023/7/3,818.68,821.12,823.5,817.02,,0.33%
2023/6/30,815.97,806.42,816.28,801.15,,0.66%
2023/6/29,810.65,812.31,820.44,807.11,,0.54%
2023/6/28,806.27,808.42,810.38,799.65,,0.95%
2023/6/27,798.66,801.91,806.7,789.01,,-1.56%
2023/6/26,811.3,821.13,827.89,808.85,,-2.29%
2023/6/23,830.29,854.51,854.93,820.69,,-1.77%
2023/6/22,845.27,858.07,863.8,843.67,,-2.25%
2023/6/21,864.77,854.12,871.35,853.36,,0.75%
2023/6/20,858.34,852.36,858.34,842.26,,0.70%
2023/6/19,852.37,836.05,858.56,833.95,,2.65%
2023/6/16,830.37,801.01,830.62,801.01,,4.46%
2023/6/15,794.93,797.52,800.87,793.71,,-0.35%
2023/6/14,797.75,808.79,810.97,795.72,,-1.05%
2023/6/13,806.22,806.28,813.97,804.26,,1.07%
2023/6/12,797.67,776.39,798.07,775.55,,3.22%
2023/6/9,772.79,774.66,777.81,770.98,,0.47%
2023/6/8,769.17,782.42,782.95,763.9,,-2.18%
2023/6/7,786.29,787.85,795.39,773.04,,0.29%
2023/6/6,784.05,774.28,786.95,772.85,,0.85%
2023/6/5,777.48,766.81,777.53,763.18,,2.59%
2023/6/2,757.85,747.17,757.85,745.45,,1.39%
2023/6/1,747.48,746.76,750.68,745.12,,-0.08%
2023/5/31,748.06,745.66,753.01,739.99,,0.06%
2023/5/30,747.61,734.47,748.24,730.95,,1.93%
2023/5/29,733.46,733.88,739.19,729.75,,1.07%
2023/5/26,725.69,735.47,736.41,725.69,,-1.53%
2023/5/25,736.97,747.3,747.3,734.03,,-1.22%
2023/5/24,746.04,743.7,754.57,743.15,,-0.34%
2023/5/23,748.6,758.5,764.56,744.8,,-0.57%
2023/5/22,752.9,748.03,753.01,743.82,,0.72%
2023/5/19,747.55,741.69,749.07,738.15,,1.16%
2023/5/18,739,749.79,752.65,738.21,,-1.11%
2023/5/17,747.28,745.57,750.53,744.86,,0.11%
2023/5/16,746.46,751.8,755.09,742.81,,-0.41%
2023/5/15,749.5,747.67,749.99,741.46,,0.24%
2023/5/12,747.7,753.05,753.05,746.18,,-1.16%
2023/5/11,756.49,756.94,760.57,755.48,,0.54%
2023/5/10,752.42,760.55,760.55,751.75,,-1.08%
2023/5/9,760.64,756.15,764.56,755.83,,0.73%
2023/5/8,755.11,748.21,756.18,747.9,,1.47%
2023/5/2,744.15,738.89,745,735.41,,0.33%
2023/5/1,741.72,750.03,751.47,740.92,,-0.47%
2023/4/28,745.24,743.7,746.13,738.07,,1.01%
2023/4/27,737.81,736.54,741.21,735.87,,-0.10%
2023/4/26,738.57,744.22,745.64,736.47,,-1.63%
2023/4/25,750.83,754.85,756.58,749.58,,-0.40%
2023/4/24,753.82,754.16,760.03,753.82,,0.12%
2023/4/21,752.88,764.31,764.31,750.49,,-1.74%
2023/4/20,766.2,760.67,772.55,760.67,,0.35%
2023/4/19,763.49,763.94,766.73,759.82,,-0.28%
2023/4/18,765.62,756.2,767.94,756.2,,1.32%
2023/4/17,755.61,755.05,759.49,753.01,,-0.13%
2023/4/14,756.57,756.65,758.51,754.94,,0.77%
2023/4/13,750.77,741.52,751.73,740.98,,0.73%
2023/4/12,745.36,741.47,745.86,740.75,,0.13%
2023/4/11,744.42,744.04,750.52,743.74,,0.70%
2023/4/10,739.22,733.52,743.33,732.88,,1.20%
2023/4/7,730.43,737.95,739.41,727.1,,-0.46%
2023/4/6,733.83,732.35,736.05,730.72,,-0.65%
2023/4/5,738.65,747.15,750.75,738.47,,-2.02%
2023/4/4,753.91,760.37,761.74,753,,-1.16%
2023/4/3,762.78,755.71,766.28,755.71,,1.78%
2023/3/31,749.45,751.85,754.02,745.96,,0.27%
2023/3/30,747.46,749.28,752.17,745,,0.13%
2023/3/29,746.47,737.77,746.98,737.51,,0.79%
2023/3/28,740.62,749.82,751.62,739.7,,-1.42%
2023/3/27,751.3,753.82,755.29,749.53,,-0.46%
2023/3/24,754.75,754.59,755.53,744.98,,0.03%
2023/3/23,754.49,738.64,754.61,735.42,,1.19%
2023/3/22,745.61,742.61,752.26,742.61,,1.86%
2023/3/20,731.98,762.52,763.42,731.98,,-4.01%
2023/3/17,762.59,743.45,764.42,743.45,,3.52%
2023/3/16,736.65,730.95,737.43,725.6,,-0.77%
2023/3/15,742.4,748.28,750.81,740.56,,0.55%
2023/3/14,738.35,749.19,750.73,736.92,,-2.31%
2023/3/13,755.84,749.72,756.7,745.2,,-0.83%
2023/3/10,762.19,771.79,774.4,761.58,,-1.82%
2023/3/9,776.34,775.31,778.5,769.36,,0.33%
2023/3/8,773.82,766.92,774.99,766.06,,0.08%
2023/3/7,773.24,763.9,774.35,763.65,,0.95%
2023/3/6,765.94,764.18,768.48,763.57,,0.96%
2023/3/3,758.64,752.1,759.11,751.93,,1.29%
2023/3/2,748.96,745.37,749.19,743.07,,0.49%
2023/3/1,745.34,748.36,749.86,740.68,,-0.45%
2023/2/28,748.68,740.31,752.07,739.25,,1.69%
2023/2/27,736.23,741.86,743.7,734.83,,-1.68%
2023/2/24,748.84,753.37,754.28,746.49,,-0.52%
2023/2/22,752.75,755.08,757.08,749.92,,-1.52%
2023/2/21,764.34,769.04,771.55,764.19,,-0.34%
2023/2/20,766.97,765.19,768.07,756.81,,0.12%
2023/2/17,766.05,773.78,776.49,764.48,,-1.79%
2023/2/16,780.04,770.15,782.22,769.11,,1.96%
2023/2/15,765.07,772.94,774.96,762.7,,-0.96%
2023/2/14,772.46,768.4,774.02,766.38,,1.07%
2023/2/13,764.32,774.21,774.61,762.97,,-2.11%
2023/2/10,780.79,789.34,789.87,779.78,,-1.71%
2023/2/9,794.36,787.42,794.65,785.63,,0.21%
2023/2/8,792.66,783.11,792.66,781.82,,1.36%
2023/2/7,782.01,775.39,782.05,774.93,,0.73%
2023/2/6,776.37,785.07,785.07,776.33,,-0.94%
2023/2/3,783.75,786.45,787.69,783.26,,-0.19%
2023/2/2,785.27,788.18,792.47,783.56,,0.27%
2023/2/1,783.18,779.81,789.08,779.81,,0.93%
2023/1/31,775.93,771.88,776.69,768.97,,0.28%
2023/1/30,773.76,773.11,780.34,772.41,,0.36%
2023/1/27,770.96,777.15,782.39,770.61,,-0.81%
2023/1/26,777.28,779.33,782.87,774.77,,-0.12%
2023/1/25,778.23,769.76,780.8,768.81,,0.74%
2023/1/24,772.55,775.61,776.67,770.71,,0.13%
2023/1/23,771.58,761.78,771.63,761.21,,2.39%
2023/1/20,753.59,743.54,753.69,743.48,,1.20%
2023/1/19,744.65,733.49,746.02,732.98,,0.68%
2023/1/18,739.63,725.08,739.95,721.3,,2.49%
2023/1/17,721.65,725.45,728.34,721.65,,-0.58%
2023/1/16,725.83,731.15,734.92,725.83,,-1.49%
2023/1/13,736.78,739.89,744.92,734.98,,-0.96%
2023/1/12,743.89,752.06,752.43,741.58,,-0.53%
2023/1/11,747.83,737.45,749.12,737.4,,2.24%
2023/1/10,731.41,727.02,735.33,727.02,,1.52%
2023/1/6,720.48,708.07,720.86,706.45,,0.93%
2023/1/5,713.83,715.94,720.42,711.92,,0.20%
2023/1/4,712.42,726.52,727.04,712.25,,-2.46%
2022/12/30,730.41,727.79,734.85,727.79,,1.32%
2022/12/29,720.88,706.29,721.54,706.29,,1.37%
2022/12/28,711.17,715.32,716.26,706.98,,-1.23%
2022/12/27,720.03,709.64,724.17,709.64,,2.16%
2022/12/26,704.79,704.22,708.8,701.14,,-0.35%
2022/12/23,707.23,714.73,714.76,707.23,,-2.00%
2022/12/22,721.69,725.3,727.59,719.3,,-0.02%
2022/12/21,721.85,723.44,735.1,716.13,,-0.69%
2022/12/20,726.83,757.93,758.94,721.09,,-4.71%
2022/12/19,762.77,767.22,769.8,762.15,,-1.56%
2022/12/16,774.83,776.47,780.9,774.35,,-1.48%
2022/12/15,786.44,789.88,789.88,783.58,,-0.64%
2022/12/14,791.51,789.11,792.72,788.73,,0.77%
2022/12/13,785.47,789.39,792.97,783.82,,0.27%
2022/12/12,783.33,780.13,787.36,779.47,,-0.47%
2022/12/9,787.03,780.09,788.72,778.97,,1.59%
2022/12/8,774.71,777.28,778,766.54,,-0.56%
2022/12/7,779.07,766.75,779.82,766.5,,0.64%
2022/12/6,774.15,779.61,779.81,773,,-1.63%
2022/12/5,786.98,796.63,796.63,785.43,,-1.50%
2022/12/2,798.98,806.65,806.65,798.71,,-0.93%
2022/12/1,806.44,804.98,813.79,804.98,,1.63%
2022/11/30,793.51,797.58,799.25,791.15,,-1.22%
2022/11/29,803.32,796.41,805.58,794.76,,0.26%
2022/11/28,801.23,798.16,805.64,797.22,,0.20%
2022/11/25,799.62,799.06,801.66,796.02,,0.38%
2022/11/24,796.58,785.46,796.9,785.46,,2.13%
2022/11/22,779.95,779.05,786.58,778.01,,-0.42%
2022/11/21,783.24,782.19,783.67,778.85,,0.09%
2022/11/18,782.56,786.59,788.32,780.56,,-0.99%
2022/11/17,790.39,784.37,790.8,784.37,,-0.13%
2022/11/16,791.44,783.66,792.96,779.88,,1.41%
2022/11/15,780.41,769.96,781.57,769.59,,0.87%
2022/11/14,773.66,762.94,776.89,762.58,,1.73%
2022/11/11,760.52,746.84,760.77,746.8,,3.41%
2022/11/10,735.47,734.53,739.39,732.92,,-0.39%
2022/11/9,738.35,741.22,747.3,738.07,,-0.36%
2022/11/8,741.02,735.68,741.62,735.68,,1.09%
2022/11/7,733.06,730.91,733.9,726.67,,0.21%
2022/11/4,731.56,728.49,733.86,725.38,,-0.85%
2022/11/2,737.85,740.27,741.18,736.33,,-1.02%
2022/11/1,745.46,744.31,746.53,741.3,,-0.01%
2022/10/31,745.54,751.99,751.99,742.86,,-0.03%
2022/10/28,745.73,742.31,747.88,742.19,,-0.28%
2022/10/27,747.82,746.04,752.1,745,,-0.07%
2022/10/26,748.32,742.46,752.6,742.46,,1.45%
2022/10/25,737.64,729.37,740.39,727.53,,1.53%
2022/10/24,726.49,730.06,731.97,725.68,,0.33%
2022/10/21,724.08,726.54,728.77,722.47,,-0.50%
2022/10/20,727.75,726.33,729.93,725.01,,-0.68%
2022/10/19,732.71,733.16,735.42,729.06,,-0.09%
2022/10/18,733.4,722.64,733.57,722.64,,2.57%
2022/10/17,715,710.16,715.82,707.78,,-0.08%
2022/10/14,715.58,708.83,718.08,708.83,,2.35%
2022/10/13,699.13,714.47,714.89,698.98,,-2.03%
2022/10/12,713.58,715.4,717.73,708.5,,-0.46%
2022/10/11,716.87,718.55,722.62,715.58,,-1.15%
2022/10/7,725.23,726.58,732.86,724.87,,-1.36%
2022/10/6,735.25,725.45,737.14,725.18,,1.18%
2022/10/5,726.64,729.35,737.16,720.91,,0.34%
2022/10/4,724.16,710.4,724.28,709.31,,3.25%
2022/10/3,701.37,690.99,701.89,681.06,,0.87%
2022/9/30,695.35,698.96,702.02,691.98,,-1.35%
2022/9/29,704.84,699.84,714.09,699.84,,2.38%
2022/9/28,688.46,704.35,708.18,683.58,,-1.83%
2022/9/27,701.27,698.18,705.11,695.25,,1.05%
2022/9/26,693.98,703.17,705.13,693.98,,-2.60%
2022/9/22,712.5,702.28,715.38,698.54,,0.32%
2022/9/21,710.26,721.28,721.28,703.66,,-2.43%
2022/9/20,727.94,738.26,741.02,722.16,,-1.20%
2022/9/16,736.78,748.54,749.22,735.11,,-1.90%
2022/9/15,751.08,748.32,756.98,746.78,,0.93%
2022/9/14,744.16,739.6,746.97,733.68,,-1.24%
2022/9/13,753.48,755.77,760.24,752.25,,-0.06%
2022/9/12,753.9,748.9,754.78,746.15,,1.70%
2022/9/9,741.32,730.75,743.52,730.73,,2.42%
2022/9/8,723.83,725.8,727.8,720.33,,0.95%
2022/9/7,717,729.03,729.03,712.99,,-1.98%
2022/9/6,731.48,728.86,739.99,726.62,,0.42%
2022/9/5,728.43,713.16,729.23,710.92,,1.45%
2022/9/2,718.03,731.85,732.46,714.22,,-1.49%
2022/9/1,728.9,736.03,737.44,728.9,,-1.78%
2022/8/31,742.13,737.39,742.13,734.47,,0.27%
2022/8/30,740.12,730.55,740.12,730.09,,1.77%
2022/8/29,727.22,729.54,729.64,721.79,,-2.22%
2022/8/26,743.72,749.36,751.59,743.72,,0.01%
2022/8/25,743.68,741.34,745.3,739.96,,1.16%
2022/8/24,735.16,733.29,743.61,731.8,,0.30%
2022/8/23,732.96,725.79,734.27,723.27,,-0.04%
2022/8/22,733.26,737.77,738.28,730.85,,-2.02%
2022/8/19,748.34,755.63,761.51,748.22,,-0.90%
2022/8/18,755.12,752.94,756.17,744.56,,-0.89%
2022/8/17,761.92,745.9,765.04,744.17,,1.56%
2022/8/16,750.21,732.07,752.36,732.07,,2.69%
2022/8/15,730.59,728.16,735.83,727.42,,0.59%
2022/8/12,726.27,715.19,726.75,715.19,,2.44%
2022/8/10,708.97,722.08,722.08,708.42,,-2.96%
2022/8/9,730.6,719.66,731.04,717.95,,1.41%
2022/8/8,720.47,725.15,726.18,716.2,,-1.35%
2022/8/5,730.36,736.28,737.2,729.42,,-0.77%
2022/8/4,736.02,731.11,736.65,730.58,,1.68%
2022/8/3,723.89,721.33,725.69,719.35,,1.04%
2022/8/2,716.46,723.09,725.74,714.51,,-1.12%
2022/8/1,724.56,716.72,725.27,713.04,,0.84%
2022/7/29,718.55,714.33,724.42,713.87,,1.35%
2022/7/28,708.98,713.88,718.25,705.45,,0.50%
2022/7/27,705.42,698.07,706.1,698.07,,0.57%
2022/7/26,701.39,695.44,702.46,692.89,,0.35%
2022/7/25,698.93,705.86,707.14,697.85,,-1.94%
2022/7/22,712.78,714.14,716.48,707.83,,-0.26%
2022/7/21,714.67,698.79,716.34,698.79,,2.79%
2022/7/20,695.27,690.57,698.86,689.77,,1.71%
2022/7/19,683.57,680.1,683.97,673.55,,0.86%
2022/7/15,677.72,680.81,685.28,673.85,,-0.67%
2022/7/14,682.26,668.39,682.93,664.66,,1.80%
2022/7/13,670.17,668.26,673.72,664.69,,0.02%
2022/7/12,670.06,674.06,675.31,668.73,,-1.40%
2022/7/11,679.55,690.87,693.87,679.55,,-0.43%
2022/7/8,682.48,678.65,689.75,673.53,,1.34%
2022/7/7,673.43,678.81,683.04,670.91,,-0.93%
2022/7/6,679.72,673.32,683.58,672.33,,1.95%
2022/7/5,666.69,657.24,671.18,657.24,,1.92%
2022/7/4,654.1,652.57,661.04,648.93,,1.21%
2022/7/1,646.29,661.32,669.35,643.56,,-2.31%
2022/6/30,661.56,670.5,673.87,661.56,,-1.05%
2022/6/29,668.55,667.34,669.55,659,,-1.30%
2022/6/28,677.37,667.95,678.98,667.81,,0.49%
2022/6/27,674.1,676.08,677.9,668.84,,0.36%
2022/6/24,671.67,643.62,672.63,643.62,,5.68%
2022/6/23,635.55,630.37,642.19,629.98,,0.91%
2022/6/22,629.82,643.26,643.47,628,,-1.64%
2022/6/21,640.35,622.48,643.84,621.5,,4.06%
2022/6/20,615.35,629.59,630.95,607.33,,-0.93%
2022/6/17,621.1,624.97,629.45,615.55,,-2.39%
2022/6/16,636.32,655.78,660.84,636.32,,-1.32%
2022/6/15,644.84,655.18,660.28,642.29,,-1.52%
2022/6/14,654.76,643.76,654.76,638.35,,0.12%
2022/6/13,653.98,674.63,674.63,653.01,,-4.83%
2022/6/10,687.15,688.18,693,684.54,,-1.71%
2022/6/9,699.12,680.63,700.75,679.66,,2.93%
2022/6/8,679.22,666.76,680.85,666.76,,2.69%
2022/6/7,661.42,672.01,672.01,660.77,,-2.18%
2022/6/6,676.14,662.56,676.53,661.09,,0.86%
2022/6/3,670.37,669.33,674.77,666.64,,1.49%
2022/6/2,660.54,668.49,668.49,659.09,,-2.19%
2022/6/1,675.33,672.58,680.96,671.75,,0.61%
2022/5/31,671.25,671.92,676.53,664.97,,-0.89%
2022/5/30,677.26,655.38,677.75,655.31,,4.98%
2022/5/27,645.11,656.29,658.86,644.3,,-0.33%
2022/5/26,647.25,637.19,655.71,636.97,,1.63%
2022/5/25,636.88,650.94,650.94,636.34,,-2.54%
2022/5/24,653.47,668.69,669.08,653.47,,-3.16%
2022/5/23,674.82,663.12,675.12,659.39,,2.67%
2022/5/20,657.29,647.6,657.66,640.88,,2.59%
2022/5/19,640.67,643.49,646,635.5,,-2.39%
2022/5/18,656.37,651.46,663.57,651.39,,1.69%
2022/5/17,645.46,651.14,652.62,641.56,,-1.88%
2022/5/16,657.83,656.96,666.96,654.59,,1.42%
2022/5/13,648.65,627.71,651.72,627.71,,4.51%
2022/5/12,620.63,649.87,649.87,620.63,,-6.07%
2022/5/11,660.76,652.73,666.13,644.93,,0.95%
2022/5/10,654.52,645.47,655.23,634.62,,0.31%
2022/5/9,652.48,664.56,667.69,652.45,,-3.22%
2022/5/6,674.18,688.04,688.04,672.41,,-2.55%
2022/5/2,691.84,686.62,696.46,685.36,,-0.37%
2022/4/28,694.41,700.52,700.52,691.12,,-0.86%
2022/4/27,700.45,699.1,701.3,686.13,,-1.54%
2022/4/26,711.44,702.76,712.77,698.01,,2.46%
2022/4/25,694.33,690.73,702.17,689.73,,-1.23%
2022/4/22,703.01,711.71,712.25,695.39,,-2.67%
2022/4/21,722.33,722.6,732.09,717.63,,-0.85%
2022/4/20,728.51,749.61,749.61,728.51,,-2.13%
2022/4/19,744.39,757.74,760.4,743.2,,-0.96%
2022/4/18,751.61,757.05,763.29,746.76,,-1.84%
2022/4/15,765.73,771.15,771.31,759.42,,-2.11%
2022/4/14,782.24,791.31,797.12,773.22,,-0.43%
2022/4/13,785.65,757.84,786.05,757.84,,4.18%
2022/4/12,754.14,753.93,768.48,749.54,,-0.91%
2022/4/11,761.05,784.51,785.27,756.65,,-4.01%
2022/4/8,792.86,795.84,805.97,788.14,,0.47%
2022/4/7,789.16,811.92,812.4,788.56,,-4.27%
2022/4/6,824.35,828.41,831.2,812.25,,-2.10%
2022/4/5,842.01,832.77,843.33,824.55,,2.66%
2022/4/4,820.17,799.57,820.17,798.07,,3.40%
2022/4/1,793.2,780.51,797.59,772.08,,0.37%
2022/3/31,790.3,782.38,791.42,774.33,,0.01%
2022/3/30,790.24,772,790.61,771.45,,4.03%
2022/3/29,759.64,740.16,765.16,740.16,,3.69%
2022/3/28,732.58,753.34,753.34,732.58,,-3.76%
2022/3/25,761.18,768.94,770.75,752.12,,-0.21%
2022/3/24,762.75,741.84,763.25,739.23,,1.33%
2022/3/23,752.72,738.21,760.56,738.21,,3.69%
2022/3/22,725.96,742.67,743.16,722.9,,-1.92%
2022/3/18,740.14,714.88,741.91,714.88,,3.63%
2022/3/17,714.24,694.38,718.52,693.75,,4.72%
2022/3/16,682.05,677.48,684.78,668.24,,2.18%
2022/3/15,667.47,663.67,670.97,653.27,,-0.39%
2022/3/14,670.05,670.64,680.13,662.5,,0.00%
2022/3/11,670.08,688.18,688.18,661.62,,-3.79%
2022/3/10,696.51,683.36,704.59,683.36,,4.01%
2022/3/9,669.67,690.11,691.49,667.5,,-1.77%
2022/3/8,681.72,683.56,706.21,679.54,,-1.48%
2022/3/7,691.95,711.23,711.23,682.22,,-4.51%
2022/3/4,724.65,745.09,745.37,712.44,,-4.13%
2022/3/3,755.86,777.69,784.81,752.71,,-1.71%
2022/3/2,769.03,764.29,774.87,754.99,,-0.92%
2022/3/1,776.18,734.81,778.56,734.04,,6.95%
2022/2/28,725.76,699.74,729.86,692.17,,3.48%
2022/2/25,701.36,664.99,701.69,664.99,,7.50%
2022/2/24,652.45,673.8,677.73,648.2,,-4.20%
2022/2/22,681.08,677.5,701.47,674.33,,-1.15%
2022/2/21,688.99,696.55,696.55,674.61,,-2.80%
2022/2/18,708.81,698.84,712.24,685.82,,-0.19%
2022/2/17,710.17,733.43,733.43,706.55,,-3.34%
2022/2/16,734.68,738.33,750.81,730.42,,1.13%
2022/2/15,726.45,741.16,741.25,724.09,,-1.85%
2022/2/14,740.13,761.7,761.7,735.44,,-4.54%
2022/2/10,775.29,767.64,783.27,765.61,,2.46%
2022/2/9,756.64,746.09,756.97,735.38,,2.46%
2022/2/8,738.47,748.43,760.63,736.54,,-1.82%
2022/2/7,752.13,773.25,777.24,747.87,,-2.76%
2022/2/4,773.48,767.9,773.98,751.55,,-0.26%
2022/2/3,775.46,796.11,796.11,768.09,,-4.10%
2022/2/2,808.64,783.41,808.64,783.06,,4.61%
2022/2/1,772.98,770.85,800.65,767.71,,1.95%
2022/1/31,758.18,738.83,766.94,737.48,,3.71%
2022/1/28,731.07,737.94,743.85,719.03,,0.39%
2022/1/27,728.25,779.66,780.22,724.22,,-6.61%
2022/1/26,779.83,771.67,789.64,765.1,,1.00%
2022/1/25,772.14,819.13,821.16,768.44,,-4.84%
2022/1/24,811.39,802.94,813.36,784.54,,-0.17%
2022/1/21,812.76,812.83,812.98,799.44,,-1.48%
2022/1/20,825,806.14,828.64,797.49,,2.11%
2022/1/19,807.92,825.92,833.48,805.78,,-3.54%
2022/1/18,837.55,831.39,856.93,823.55,,0.66%
2022/1/17,832.06,845.21,851.21,831.8,,-1.51%
2022/1/14,844.78,859.64,859.69,833.82,,-3.35%
2022/1/13,874.04,899.04,899.75,874,,-3.59%
2022/1/12,906.54,893.2,910.26,893.14,,2.64%
2022/1/11,883.21,875.67,886.96,864.37,,0.01%
2022/1/7,883.15,891.56,896.46,862.44,,0.14%
2022/1/6,881.95,911.23,911.48,879.61,,-4.93%
2022/1/5,927.69,963.49,963.49,926.23,,-5.02%
2022/1/4,976.74,994.61,995.66,971.94,,-1.13%
2021/12/30,987.94,991.24,993.51,977.14,,-0.99%
2021/12/29,997.82,987.89,"1,003.30",985.38,,0.79%
2021/12/28,989.99,993.36,994.69,980.54,,0.47%
2021/12/27,985.34,"1,002.38","1,002.38",984.17,,-1.80%
2021/12/24,"1,003.36","1,002.92","1,013.21",998.91,,0.83%
2021/12/23,995.1,"1,006.35","1,006.35",991.59,,-0.35%
2021/12/22,998.6,973.79,999.07,971.6,,3.47%
2021/12/21,965.08,961.12,969.22,942.64,,1.77%
2021/12/20,948.28,960.04,969.58,946.63,,-1.60%
2021/12/17,963.66,987.14,987.18,961.15,,-3.72%
2021/12/16,"1,000.87","1,014.98","1,023.47",998.9,,0.11%
2021/12/15,999.8,991.05,"1,013.62",991.05,,0.61%
2021/12/14,993.77,"1,015.44","1,016.84",989.98,,-2.92%
2021/12/13,"1,023.66","1,036.26","1,044.45","1,018.78",,-0.67%
2021/12/10,"1,030.54","1,048.83","1,049.92","1,027.78",,-2.27%
2021/12/9,"1,054.52","1,061.40","1,069.62","1,052.76",,-0.76%
2021/12/8,"1,062.58","1,055.55","1,066.25","1,053.48",,2.18%
2021/12/7,"1,039.90","1,021.12","1,039.90","1,021.12",,3.07%
2021/12/6,"1,008.97","1,035.11","1,035.11","1,003.97",,-3.80%
2021/12/3,"1,048.78","1,035.43","1,048.78","1,024.11",,1.95%
2021/12/2,"1,028.74","1,050.09","1,057.96","1,022.03",,-3.04%
2021/12/1,"1,060.96","1,075.76","1,075.78","1,031.88",,-0.94%
2021/11/30,"1,070.99","1,108.61","1,115.93","1,070.99",,-2.26%
2021/11/29,"1,095.78","1,114.34","1,131.12","1,093.44",,-2.91%
2021/11/26,"1,128.66","1,137.43","1,142.47","1,115.40",,-0.85%
2021/11/25,"1,138.28","1,150.86","1,163.57","1,137.49",,-0.42%
2021/11/24,"1,143.04","1,157.04","1,157.04","1,134.82",,-2.02%
2021/11/22,"1,166.63","1,152.47","1,168.18","1,149.15",,1.09%
2021/11/19,"1,154.01","1,171.13","1,176.68","1,147.34",,-1.35%
2021/11/18,"1,169.83","1,179.39","1,180.32","1,160.75",,-0.49%
2021/11/17,"1,175.62","1,185.20","1,189.00","1,173.65",,-0.01%
2021/11/16,"1,175.73","1,160.52","1,178.19","1,157.22",,1.32%
2021/11/15,"1,160.44","1,141.41","1,160.98","1,135.75",,2.00%
2021/11/12,"1,137.65","1,117.94","1,137.65","1,115.90",,2.20%
2021/11/11,"1,113.17","1,105.77","1,116.41","1,104.30",,-0.40%
2021/11/10,"1,117.59","1,109.64","1,123.83","1,107.51",,0.50%
2021/11/9,"1,112.01","1,129.28","1,135.44","1,112.01",,-1.13%
2021/11/8,"1,124.77","1,152.13","1,152.13","1,124.50",,-2.39%
2021/11/5,"1,152.32","1,149.01","1,155.32","1,140.67",,0.78%
2021/11/4,"1,143.44","1,149.18","1,153.48","1,142.10",,0.43%
2021/11/2,"1,138.58","1,130.33","1,145.58","1,130.17",,0.66%
2021/11/1,"1,131.09","1,114.34","1,134.97","1,112.92",,2.17%
2021/10/29,"1,107.08","1,117.58","1,118.24","1,104.54",,-1.06%
2021/10/28,"1,118.97","1,108.76","1,119.66","1,103.54",,0.81%
2021/10/27,"1,109.95","1,115.31","1,118.84","1,105.57",,-0.95%
2021/10/26,"1,120.55","1,108.53","1,121.87","1,107.66",,2.05%
2021/10/25,"1,098.02","1,104.44","1,104.62","1,093.69",,-1.28%
2021/10/22,"1,112.26","1,113.08","1,122.22","1,104.07",,-0.17%
2021/10/21,"1,114.10","1,129.99","1,133.09","1,112.64",,-2.28%
2021/10/20,"1,140.11","1,144.42","1,147.90","1,139.94",,-0.11%
2021/10/19,"1,141.40","1,120.02","1,141.48","1,119.78",,2.26%
2021/10/18,"1,116.15","1,129.81","1,131.03","1,113.27",,-0.90%
2021/10/15,"1,126.27","1,109.77","1,126.45","1,104.64",,2.51%
2021/10/14,"1,098.72","1,098.81","1,108.87","1,091.40",,0.79%
2021/10/13,"1,090.13","1,097.05","1,107.55","1,088.92",,-0.90%
2021/10/12,"1,100.00","1,119.19","1,119.19","1,099.34",,-2.08%
2021/10/11,"1,123.34","1,106.58","1,123.34","1,087.27",,1.61%
2021/10/8,"1,105.56","1,097.13","1,112.82","1,095.07",,1.99%
2021/10/7,"1,084.01","1,074.21","1,097.46","1,074.21",,1.87%
2021/10/6,"1,064.11","1,091.22","1,102.63","1,056.99",,-1.30%
2021/10/5,"1,078.13","1,086.28","1,090.32","1,054.34",,-2.34%
2021/10/4,"1,103.93","1,141.37","1,141.37","1,098.23",,-2.40%
2021/10/1,"1,131.06","1,122.03","1,145.59","1,121.53",,0.31%
2021/9/30,"1,127.62","1,126.06","1,130.34","1,111.32",,0.64%
2021/9/29,"1,120.44","1,108.64","1,120.69","1,101.33",,-0.61%
2021/9/28,"1,127.36","1,154.09","1,154.83","1,122.85",,-2.65%
2021/9/27,"1,158.05","1,164.02","1,170.97","1,154.89",,-0.46%
2021/9/24,"1,163.41","1,147.58","1,164.14","1,147.58",,3.16%
2021/9/22,"1,127.81","1,137.88","1,148.01","1,123.20",,-0.96%
2021/9/21,"1,138.69","1,141.83","1,145.80","1,122.66",,-2.27%
2021/9/17,"1,165.12","1,141.03","1,165.73","1,139.53",,2.09%
2021/9/16,"1,141.28","1,181.24","1,181.24","1,130.34",,-3.65%
2021/9/15,"1,184.54","1,184.00","1,190.55","1,173.31",,-0.28%
2021/9/14,"1,187.83","1,183.16","1,194.88","1,178.37",,0.51%
2021/9/13,"1,181.82","1,177.99","1,184.32","1,170.55",,0.34%
2021/9/10,"1,177.80","1,158.07","1,177.85","1,157.00",,2.46%
2021/9/9,"1,149.57","1,149.39","1,162.45","1,146.34",,-0.71%
2021/9/8,"1,157.83","1,144.14","1,157.83","1,143.31",,0.78%
2021/9/7,"1,148.86","1,144.81","1,157.26","1,142.82",,1.14%
2021/9/6,"1,135.86","1,126.14","1,137.61","1,124.51",,1.67%
2021/9/3,"1,117.21","1,119.80","1,127.83","1,111.35",,-0.29%
2021/9/2,"1,120.43","1,135.77","1,138.45","1,119.26",,-1.39%
2021/9/1,"1,136.26","1,132.53","1,137.59","1,117.69",,0.07%
2021/8/31,"1,135.41","1,118.70","1,136.32","1,118.70",,1.86%
2021/8/30,"1,114.63","1,103.02","1,114.63","1,101.84",,2.02%
2021/8/27,"1,092.52","1,090.22","1,093.48","1,080.09",,-0.29%
2021/8/26,"1,095.70","1,084.24","1,096.59","1,083.80",,1.21%
2021/8/25,"1,082.65","1,075.36","1,089.03","1,075.36",,0.94%
2021/8/24,"1,072.60","1,072.91","1,080.71","1,071.63",,0.76%
2021/8/23,"1,064.49","1,043.01","1,065.20","1,042.32",,2.87%
2021/8/20,"1,034.81","1,032.74","1,047.97","1,028.50",,0.09%
2021/8/19,"1,033.86","1,030.66","1,059.41","1,030.31",,-0.44%
2021/8/18,"1,038.41","1,005.92","1,038.71",993.29,,2.88%
2021/8/17,"1,009.39","1,030.95","1,031.52","1,009.39",,-2.06%
2021/8/16,"1,030.62","1,061.71","1,062.01","1,028.91",,-3.59%
2021/8/13,"1,069.00","1,076.85","1,079.65","1,056.36",,-0.68%
2021/8/12,"1,076.32","1,087.61","1,087.61","1,073.96",,-1.14%
2021/8/11,"1,088.72","1,084.19","1,094.09","1,082.70",,0.51%
2021/8/10,"1,083.22","1,059.98","1,083.72","1,055.73",,1.74%
2021/8/6,"1,064.74","1,063.36","1,077.71","1,057.47",,0.17%
2021/8/5,"1,062.91","1,067.57","1,078.34","1,060.24",,-0.78%
2021/8/4,"1,071.22","1,086.00","1,086.20","1,070.92",,-1.32%
2021/8/3,"1,085.53","1,086.51","1,094.08","1,080.63",,-0.26%
2021/8/2,"1,088.34","1,087.91","1,089.47","1,079.05",,0.28%
2021/7/30,"1,085.34","1,108.15","1,108.72","1,081.46",,-2.63%
2021/7/29,"1,114.67","1,105.71","1,115.94","1,099.93",,1.58%
2021/7/28,"1,097.30","1,125.76","1,129.42","1,094.24",,-3.48%
2021/7/27,"1,136.92","1,142.06","1,144.80","1,133.91",,-0.45%
2021/7/26,"1,142.04","1,150.95","1,152.55","1,140.60",,0.36%
2021/7/21,"1,137.99","1,140.17","1,149.42","1,134.83",,0.82%
2021/7/20,"1,128.70","1,129.20","1,143.07","1,127.42",,-0.73%
2021/7/19,"1,136.99","1,151.05","1,151.05","1,131.69",,-1.87%
2021/7/16,"1,158.70","1,151.59","1,163.39","1,147.52",,-0.17%
2021/7/15,"1,160.70","1,181.90","1,181.93","1,158.37",,-1.95%
2021/7/14,"1,183.83","1,173.90","1,186.27","1,173.37",,0.50%
2021/7/13,"1,177.89","1,183.39","1,188.92","1,176.53",,-0.49%
2021/7/12,"1,183.67","1,181.52","1,184.64","1,176.07",,1.32%
2021/7/9,"1,168.30","1,144.05","1,169.34","1,142.04",,0.80%
2021/7/8,"1,159.08","1,177.45","1,178.55","1,155.88",,-1.89%
2021/7/7,"1,181.42","1,183.83","1,192.88","1,178.47",,-0.60%
2021/7/6,"1,188.53","1,191.11","1,192.75","1,183.19",,-0.19%
2021/7/5,"1,190.83","1,203.41","1,208.69","1,190.46",,-0.79%
2021/7/2,"1,200.37","1,198.80","1,204.46","1,196.67",,0.01%
2021/7/1,"1,200.21","1,203.32","1,204.20","1,198.69",,-0.60%
2021/6/30,"1,207.46","1,204.71","1,209.49","1,201.61",,0.16%
2021/6/29,"1,205.54","1,208.46","1,210.92","1,196.82",,-0.12%
2021/6/28,"1,207.04","1,198.84","1,207.17","1,197.66",,0.87%
2021/6/25,"1,196.68","1,186.32","1,196.68","1,182.76",,1.31%
2021/6/24,"1,181.24","1,181.33","1,195.82","1,180.24",,0.06%
2021/6/23,"1,180.49","1,174.58","1,181.84","1,171.83",,0.89%
2021/6/22,"1,170.13","1,169.09","1,177.45","1,164.11",,1.24%
2021/6/21,"1,155.77","1,155.88","1,162.70","1,149.24",,-1.82%
2021/6/18,"1,177.17","1,194.15","1,201.50","1,176.34",,-0.46%
2021/6/17,"1,182.65","1,194.08","1,194.08","1,173.66",,-1.69%
2021/6/16,"1,203.04","1,192.92","1,203.10","1,190.34",,-0.13%
2021/6/15,"1,204.63","1,203.98","1,205.83","1,197.92",,0.49%
2021/6/14,"1,198.72","1,185.62","1,199.25","1,176.39",,1.38%
2021/6/11,"1,182.37","1,192.19","1,198.02","1,181.38",,0.10%
2021/6/10,"1,181.21","1,173.35","1,184.55","1,169.10",,0.60%
2021/6/9,"1,174.18","1,160.68","1,174.64","1,153.19",,1.22%
2021/6/8,"1,160.03","1,144.47","1,167.88","1,144.47",,2.27%
2021/6/7,"1,134.33","1,129.31","1,137.30","1,123.62",,1.30%
2021/6/4,"1,119.73","1,134.95","1,135.11","1,116.93",,-1.90%
2021/6/3,"1,141.45","1,134.48","1,144.16","1,128.40",,0.50%
2021/6/2,"1,135.80","1,142.71","1,149.99","1,134.12",,-0.52%
2021/6/1,"1,141.74","1,152.72","1,154.47","1,137.03",,-0.72%
2021/5/31,"1,150.06","1,148.24","1,156.14","1,145.68",,0.43%
2021/5/28,"1,145.19","1,152.90","1,154.31","1,143.28",,-0.06%
2021/5/27,"1,145.88","1,147.83","1,149.03","1,133.99",,-0.24%
2021/5/26,"1,148.58","1,135.49","1,150.89","1,131.61",,1.33%
2021/5/25,"1,133.48","1,119.48","1,135.72","1,119.48",,2.27%
2021/5/24,"1,108.35","1,122.55","1,124.95","1,105.11",,-1.80%
2021/5/21,"1,128.66","1,118.34","1,131.79","1,117.36",,2.26%
2021/5/20,"1,103.75","1,089.97","1,106.42","1,085.99",,1.07%
2021/5/19,"1,092.07","1,061.59","1,093.12","1,060.42",,2.11%
2021/5/18,"1,069.50","1,044.84","1,070.33","1,043.57",,2.56%
2021/5/17,"1,042.82","1,086.16","1,087.61","1,040.58",,-3.85%
2021/5/14,"1,084.54","1,073.61","1,085.78","1,061.38",,1.80%
2021/5/13,"1,065.38","1,076.91","1,082.22","1,053.89",,-2.78%
2021/5/12,"1,095.85","1,125.18","1,132.16","1,080.38",,-1.92%
2021/5/11,"1,117.35","1,145.17","1,145.82","1,115.30",,-3.46%
2021/5/10,"1,157.42","1,164.23","1,166.61","1,155.72",,-0.41%
2021/5/7,"1,162.16","1,177.11","1,177.29","1,162.13",,-1.83%
2021/5/6,"1,183.84","1,201.72","1,201.72","1,181.14",,-1.49%
2021/4/30,"1,201.77","1,209.74","1,210.73","1,198.37",,-0.79%
2021/4/28,"1,211.31","1,218.03","1,219.47","1,205.85",,-0.85%
2021/4/27,"1,221.65","1,224.99","1,239.65","1,221.08",,0.09%
2021/4/26,"1,220.52","1,215.63","1,221.92","1,207.05",,0.68%
2021/4/23,"1,212.23","1,218.21","1,234.41","1,211.61",,-1.18%
2021/4/22,"1,226.76","1,220.50","1,228.25","1,217.26",,1.87%
2021/4/21,"1,204.23","1,228.35","1,230.99","1,201.25",,-3.26%
2021/4/20,"1,244.79","1,244.77","1,251.01","1,236.54",,-0.98%
2021/4/19,"1,257.16","1,250.74","1,263.73","1,245.27",,0.54%
2021/4/16,"1,250.47","1,233.23","1,250.51","1,233.23",,1.82%
2021/4/15,"1,228.14","1,225.51","1,228.82","1,220.00",,-0.57%
2021/4/14,"1,235.15","1,220.50","1,236.70","1,220.18",,1.55%
2021/4/13,"1,216.24","1,215.60","1,224.01","1,213.65",,0.02%
2021/4/12,"1,215.97","1,247.25","1,248.01","1,215.88",,-2.28%
2021/4/9,"1,244.39","1,227.98","1,245.38","1,227.16",,1.63%
2021/4/8,"1,224.39","1,222.05","1,225.88","1,211.26",,-0.29%
2021/4/7,"1,228.01","1,225.48","1,235.20","1,218.17",,0.19%
2021/4/6,"1,225.66","1,246.76","1,248.28","1,220.66",,-1.21%
2021/4/5,"1,240.63","1,247.84","1,248.31","1,236.10",,0.09%
2021/4/2,"1,239.47","1,241.03","1,242.16","1,227.21",,0.74%
2021/4/1,"1,230.38","1,216.74","1,233.85","1,212.57",,2.25%
2021/3/31,"1,203.28","1,179.93","1,204.97","1,177.73",,1.94%
2021/3/30,"1,180.43","1,180.79","1,195.01","1,172.51",,0.28%
2021/3/29,"1,177.19","1,205.10","1,206.44","1,173.67",,-1.78%
2021/3/26,"1,198.58","1,174.16","1,199.50","1,173.33",,2.99%
2021/3/25,"1,163.82","1,154.90","1,167.76","1,138.11",,0.00%
2021/3/24,"1,163.86","1,186.97","1,190.31","1,162.07",,-3.22%
2021/3/23,"1,202.61","1,221.65","1,229.99","1,202.61",,-1.43%
2021/3/22,"1,220.10","1,230.16","1,234.70","1,216.93",,-0.81%
2021/3/19,"1,230.04","1,233.31","1,238.31","1,224.50",,-1.56%
2021/3/18,"1,249.53","1,242.26","1,256.51","1,241.06",,1.37%
2021/3/17,"1,232.66","1,212.31","1,233.03","1,212.31",,1.56%
2021/3/16,"1,213.68","1,196.71","1,214.57","1,193.73",,1.40%
2021/3/15,"1,196.89","1,208.65","1,208.65","1,191.28",,-0.85%
2021/3/12,"1,207.15","1,185.01","1,207.15","1,180.65",,2.99%
2021/3/11,"1,172.07","1,150.81","1,172.53","1,145.85",,1.36%
2021/3/10,"1,156.37","1,168.28","1,180.46","1,152.02",,0.20%
2021/3/9,"1,154.01","1,135.18","1,154.50","1,113.58",,0.54%
2021/3/8,"1,147.86","1,182.00","1,183.07","1,143.25",,-1.72%
2021/3/5,"1,167.90","1,158.23","1,167.94","1,125.59",,-0.33%
2021/3/4,"1,171.81","1,180.08","1,180.19","1,157.28",,-2.16%
2021/3/3,"1,197.66","1,222.33","1,226.18","1,190.69",,-2.03%
2021/3/2,"1,222.43","1,231.79","1,247.04","1,214.46",,0.41%
2021/3/1,"1,217.45","1,222.95","1,222.95","1,204.31",,0.28%
2021/2/26,"1,214.09","1,215.51","1,225.65","1,193.20",,-1.96%
2021/2/25,"1,238.31","1,236.94","1,251.12","1,227.54",,1.52%
2021/2/24,"1,219.71","1,260.62","1,265.56","1,219.71",,-4.31%
2021/2/22,"1,274.62","1,269.81","1,277.41","1,267.65",,0.73%
2021/2/19,"1,265.43","1,259.47","1,275.61","1,251.17",,-0.57%
2021/2/18,"1,272.67","1,293.78","1,305.43","1,272.67",,-1.69%
2021/2/17,"1,294.49","1,310.54","1,314.86","1,290.41",,-1.99%
2021/2/16,"1,320.73","1,321.37","1,340.38","1,313.70",,0.49%
2021/2/15,"1,314.30","1,307.44","1,322.93","1,297.10",,0.21%
2021/2/12,"1,311.57","1,288.51","1,313.45","1,283.35",,1.67%
2021/2/10,"1,289.98","1,263.08","1,292.04","1,262.00",,2.02%
2021/2/9,"1,264.46","1,265.38","1,270.13","1,252.25",,-0.23%
2021/2/8,"1,267.32","1,265.75","1,267.55","1,255.14",,0.44%
2021/2/5,"1,261.72","1,265.60","1,266.37","1,254.00",,-0.05%
2021/2/4,"1,262.30","1,259.07","1,270.14","1,253.28",,0.27%
2021/2/3,"1,258.96","1,258.71","1,271.56","1,252.42",,0.44%
2021/2/2,"1,253.48","1,243.50","1,254.10","1,234.95",,1.55%
2021/2/1,"1,234.34","1,205.02","1,237.00","1,198.90",,2.10%
2021/1/29,"1,208.96","1,246.16","1,255.28","1,201.58",,-1.97%
2021/1/28,"1,233.26","1,252.33","1,253.44","1,227.43",,-3.34%
2021/1/27,"1,275.83","1,270.87","1,280.90","1,267.32",,0.42%
2021/1/26,"1,270.50","1,299.09","1,300.72","1,270.39",,-2.35%
2021/1/25,"1,301.12","1,302.65","1,309.17","1,293.24",,0.70%
2021/1/22,"1,292.11","1,279.45","1,293.58","1,277.34",,0.64%
2021/1/21,"1,283.85","1,246.51","1,283.96","1,244.52",,3.73%
2021/1/20,"1,237.73","1,243.84","1,246.86","1,232.45",,0.15%
2021/1/19,"1,235.92","1,242.39","1,244.62","1,223.72",,-0.05%
2021/1/18,"1,236.51","1,207.16","1,236.90","1,207.16",,1.56%
2021/1/15,"1,217.51","1,213.66","1,222.97","1,203.08",,0.83%
2021/1/14,"1,207.54","1,236.78","1,241.18","1,205.02",,-2.52%
2021/1/13,"1,238.76","1,226.65","1,238.90","1,226.53",,0.87%
2021/1/12,"1,228.08","1,229.96","1,233.35","1,218.74",,-0.61%
2021/1/8,"1,235.64","1,228.34","1,238.43","1,223.91",,1.75%
2021/1/7,"1,214.40","1,221.12","1,225.70","1,208.88",,-0.07%
2021/1/6,"1,215.23","1,216.67","1,238.11","1,212.64",,0.35%
2021/1/5,"1,211.05","1,211.74","1,223.99","1,197.93",,-0.90%
2021/1/4,"1,222.01","1,199.63","1,222.12","1,184.82",,2.13%
2020/12/30,"1,196.49","1,185.94","1,199.88","1,177.82",,0.37%
2020/12/29,"1,192.10","1,167.92","1,193.13","1,165.38",,2.60%
2020/12/28,"1,161.87","1,160.78","1,168.08","1,156.67",,-0.02%
2020/12/25,"1,162.12","1,165.58","1,173.57","1,156.50",,-0.46%
2020/12/24,"1,167.49","1,156.67","1,169.97","1,149.08",,1.28%
2020/12/23,"1,152.78","1,142.12","1,153.31","1,134.42",,2.12%
2020/12/22,"1,128.90","1,169.37","1,170.37","1,125.60",,-4.05%
2020/12/21,"1,176.49","1,193.23","1,202.23","1,176.16",,-0.84%
2020/12/18,"1,186.46","1,191.58","1,198.99","1,179.34",,0.10%
2020/12/17,"1,185.22","1,160.04","1,185.90","1,160.04",,2.41%
2020/12/16,"1,157.28","1,173.42","1,176.40","1,153.55",,-1.18%
2020/12/15,"1,171.07","1,193.03","1,197.22","1,165.45",,-1.42%
2020/12/14,"1,187.88","1,190.71","1,191.18","1,176.83",,0.15%
2020/12/11,"1,186.15","1,173.50","1,190.48","1,172.80",,2.52%
2020/12/10,"1,156.97","1,158.68","1,167.61","1,152.22",,-1.15%
2020/12/9,"1,170.43","1,183.83","1,188.53","1,161.70",,-1.39%
2020/12/8,"1,186.92","1,158.18","1,188.11","1,151.57",,1.40%
2020/12/7,"1,170.56","1,218.14","1,218.14","1,167.84",,-4.19%
2020/12/4,"1,221.77","1,227.69","1,234.14","1,198.85",,-0.91%
2020/12/3,"1,232.94","1,263.87","1,264.46","1,231.75",,-2.58%
2020/12/2,"1,265.56","1,268.31","1,279.02","1,256.69",,0.20%
2020/12/1,"1,263.01","1,242.44","1,276.56","1,238.23",,2.48%
2020/11/30,"1,232.40","1,220.84","1,233.36","1,207.39",,1.77%
2020/11/27,"1,211.00","1,206.09","1,216.22","1,194.01",,0.56%
2020/11/26,"1,204.22","1,201.06","1,209.28","1,198.29",,0.39%
2020/11/25,"1,199.52","1,224.44","1,225.42","1,194.13",,-2.10%
2020/11/24,"1,225.21","1,210.96","1,232.22","1,204.26",,2.24%
2020/11/20,"1,198.36","1,202.33","1,205.57","1,189.45",,-0.03%
2020/11/19,"1,198.68","1,191.66","1,198.68","1,179.25",,0.34%
2020/11/18,"1,194.64","1,189.68","1,208.18","1,178.84",,0.62%
2020/11/17,"1,187.24","1,221.58","1,224.08","1,180.95",,-3.63%
2020/11/16,"1,231.92","1,247.48","1,247.48","1,227.87",,-1.05%
2020/11/13,"1,245.00","1,220.32","1,249.79","1,219.16",,1.93%
2020/11/12,"1,221.46","1,213.95","1,229.52","1,207.04",,1.46%
2020/11/11,"1,203.84","1,176.50","1,205.68","1,160.49",,1.59%
2020/11/10,"1,185.03","1,251.88","1,251.88","1,179.27",,-6.38%
2020/11/9,"1,265.73","1,257.37","1,267.71","1,251.41",,1.81%
2020/11/6,"1,243.27","1,263.90","1,265.18","1,238.93",,-0.99%
2020/11/5,"1,255.65","1,234.27","1,264.77","1,233.50",,3.17%
2020/11/4,"1,217.06","1,172.17","1,217.99","1,167.65",,5.33%
2020/11/2,"1,155.42","1,174.38","1,183.40","1,146.76",,-1.35%
2020/10/30,"1,171.25","1,212.71","1,217.38","1,165.81",,-3.41%
2020/10/29,"1,212.63","1,196.93","1,216.63","1,186.78",,-0.16%
2020/10/28,"1,214.55","1,220.12","1,235.61","1,202.49",,-0.40%
2020/10/27,"1,219.38","1,176.95","1,225.76","1,161.82",,1.65%
2020/10/26,"1,199.55","1,251.15","1,253.13","1,197.93",,-3.86%
2020/10/23,"1,247.71","1,250.63","1,252.05","1,199.00",,-0.93%
2020/10/22,"1,259.40","1,307.53","1,310.22","1,249.71",,-4.51%
2020/10/21,"1,318.94","1,329.58","1,342.15","1,316.46",,-0.48%
2020/10/20,"1,325.31","1,312.28","1,329.80","1,312.28",,0.50%
2020/10/19,"1,318.68","1,316.09","1,321.16","1,288.71",,0.46%
2020/10/16,"1,312.59","1,327.61","1,333.63","1,292.41",,-1.66%
2020/10/15,"1,334.71","1,360.99","1,366.80","1,330.33",,-2.25%
2020/10/14,"1,365.49","1,345.14","1,368.19","1,345.14",,1.37%
2020/10/13,"1,347.08","1,350.35","1,355.75","1,334.71",,-0.31%
2020/10/12,"1,351.22","1,345.62","1,351.56","1,333.09",,1.23%
2020/10/9,"1,334.84","1,320.88","1,338.85","1,312.89",,1.14%
2020/10/8,"1,319.84","1,301.60","1,327.40","1,290.77",,2.06%
2020/10/7,"1,293.16","1,262.25","1,293.82","1,261.20",,2.17%
2020/10/6,"1,265.67","1,262.61","1,269.10","1,249.79",,0.95%
2020/10/5,"1,253.70","1,232.03","1,255.84","1,230.51",,2.62%
2020/10/2,"1,221.69","1,241.12","1,253.75","1,211.55",,-0.40%
2020/10/1,"1,226.58","1,226.58","1,226.58","1,226.58",,0.00%
2020/9/30,"1,226.58","1,227.60","1,238.64","1,220.16",,-0.06%
2020/9/29,"1,227.28","1,187.37","1,228.06","1,187.35",,3.38%
2020/9/28,"1,187.16","1,212.68","1,213.75","1,169.71",,-1.62%
2020/9/25,"1,206.66","1,201.78","1,208.33","1,197.59",,1.37%
2020/9/24,"1,190.30","1,201.56","1,220.12","1,183.17",,-1.87%
2020/9/23,"1,212.99","1,189.39","1,214.76","1,187.46",,2.45%
2020/9/18,"1,183.98","1,177.24","1,184.40","1,167.60",,0.51%
2020/9/17,"1,178.00","1,175.98","1,185.45","1,166.37",,-0.27%
2020/9/16,"1,181.23","1,159.86","1,181.33","1,159.10",,2.51%
2020/9/15,"1,152.34","1,132.33","1,152.68","1,131.76",,2.05%
2020/9/14,"1,129.14","1,135.09","1,136.61","1,125.47",,-0.52%
2020/9/11,"1,135.00","1,125.42","1,135.48","1,112.85",,1.11%
2020/9/10,"1,122.59","1,143.79","1,149.73","1,120.44",,-0.81%
2020/9/9,"1,131.73","1,121.54","1,135.72","1,115.75",,-0.61%
2020/9/8,"1,138.64","1,123.78","1,138.64","1,102.86",,1.90%
2020/9/7,"1,117.45","1,137.48","1,145.06","1,113.96",,-1.97%
2020/9/4,"1,139.90","1,147.31","1,155.19","1,130.60",,-2.61%
2020/9/3,"1,170.47","1,176.34","1,176.34","1,160.28",,-0.21%
2020/9/2,"1,172.95","1,163.49","1,183.12","1,159.27",,1.60%
2020/9/1,"1,154.51","1,127.02","1,155.28","1,127.02",,2.93%
2020/8/31,"1,121.64","1,098.63","1,123.91","1,098.63",,3.70%
2020/8/28,"1,081.57","1,127.18","1,131.23","1,065.80",,-4.66%
2020/8/27,"1,134.42","1,156.50","1,156.50","1,132.87",,-1.37%
2020/8/26,"1,150.19","1,135.19","1,151.24","1,135.19",,1.50%
2020/8/25,"1,133.22","1,150.97","1,150.97","1,131.18",,-1.56%
2020/8/24,"1,151.14","1,136.47","1,151.73","1,125.38",,1.47%
2020/8/21,"1,134.46","1,116.29","1,135.38","1,114.18",,2.38%
2020/8/20,"1,108.10","1,114.87","1,122.72","1,098.55",,-0.98%
2020/8/19,"1,119.03","1,094.50","1,119.42","1,091.41",,2.96%
2020/8/18,"1,086.86","1,055.67","1,087.48","1,055.67",,3.40%
2020/8/17,"1,051.08","1,045.27","1,051.82","1,039.46",,0.11%
2020/8/14,"1,049.90","1,033.26","1,050.59","1,031.71",,1.72%
2020/8/13,"1,032.10","1,015.72","1,032.68","1,015.53",,2.30%
2020/8/12,"1,008.85","1,022.65","1,022.65",996.85,,-2.08%
2020/8/11,"1,030.31","1,035.07","1,035.07","1,017.77",,-0.47%
2020/8/7,"1,035.19","1,024.07","1,035.19","1,021.18",,1.18%
2020/8/6,"1,023.14","1,029.56","1,033.30","1,017.17",,-0.69%
2020/8/5,"1,030.26","1,010.59","1,030.98","1,010.02",,2.15%
2020/8/4,"1,008.53","1,004.67","1,013.39","1,001.27",,1.36%
2020/8/3,994.98,965.39,995.92,964.49,,3.84%
2020/7/31,958.23,967.56,971.45,952.75,,-1.42%
2020/7/30,971.99,963.4,972.97,961.37,,1.26%
2020/7/29,959.89,980.98,983.66,955.94,,-2.42%
2020/7/28,983.72,995.54,"1,000.87",982.48,,-1.08%
2020/7/27,994.45,"1,003.35","1,005.90",991.3,,-1.79%
2020/7/22,"1,012.60","1,010.48","1,013.71","1,001.90",,-0.23%
2020/7/21,"1,014.91",995.61,"1,017.64",995.27,,2.75%
2020/7/20,987.78,987.45,"1,000.08",973.8,,0.28%
2020/7/17,985.06,999.26,"1,006.55",975.18,,-1.59%
2020/7/16,"1,000.94","1,020.43","1,023.24",999.96,,-1.59%
2020/7/15,"1,017.12","1,003.27","1,018.26","1,000.27",,1.98%
2020/7/14,997.41,"1,006.82","1,012.99",990.96,,-1.57%
2020/7/13,"1,013.35","1,005.16","1,013.74",994.05,,0.97%
2020/7/10,"1,003.60","1,000.75","1,017.74",999.59,,0.49%
2020/7/9,998.7,"1,011.14","1,013.47",994.28,,-1.00%
2020/7/8,"1,008.75","1,006.88","1,015.05",998.57,,0.14%
2020/7/7,"1,007.30",991.86,"1,008.52",984.07,,1.74%
2020/7/6,990.03,977.73,993.57,970.11,,1.25%
2020/7/3,977.85,947.83,978.16,944.73,,3.11%
2020/7/2,948.39,999.33,"1,000.78",941.85,,-4.96%
2020/7/1,997.9,"1,017.54","1,021.24",994.89,,-1.40%
2020/6/30,"1,012.11","1,033.58","1,038.49",971.48,,-0.64%
2020/6/29,"1,018.61","1,035.18","1,040.62","1,014.21",,-2.74%
2020/6/26,"1,047.36","1,061.79","1,067.29","1,040.46",,-0.79%
2020/6/25,"1,055.75","1,044.41","1,064.15","1,044.17",,-0.43%
2020/6/24,"1,060.32","1,050.13","1,065.68","1,049.24",,0.86%
2020/6/23,"1,051.32","1,064.89","1,065.40","1,037.31",,-0.49%
2020/6/22,"1,056.47","1,040.63","1,059.49","1,038.93",,1.28%
2020/6/19,"1,043.08","1,036.98","1,043.97","1,033.23",,0.97%
2020/6/18,"1,033.10","1,026.22","1,033.21","1,009.72",,1.03%
2020/6/17,"1,022.56","1,006.72","1,030.91","1,006.72",,2.13%
2020/6/16,"1,001.28",976.13,"1,008.40",975.86,,4.49%
2020/6/15,958.28,"1,001.70","1,007.60",955.21,,-4.10%
2020/6/12,999.24,985.68,"1,008.17",955.61,,-0.78%
2020/6/11,"1,007.14","1,033.97","1,044.74","1,003.00",,-2.82%
2020/6/10,"1,036.37","1,012.47","1,038.25","1,012.47",,1.52%
2020/6/9,"1,020.88","1,008.67","1,023.55",995.69,,0.87%
2020/6/8,"1,012.05",999.3,"1,012.10",992.55,,1.61%
2020/6/5,996.06,982.59,997.83,977.82,,0.54%
2020/6/4,990.74,"1,004.41","1,008.40",978.16,,-1.25%
2020/6/3,"1,003.31","1,021.44","1,022.39",994.61,,-1.15%
2020/6/2,"1,014.99","1,009.96","1,018.87","1,000.39",,1.22%
2020/6/1,"1,002.79",983.69,"1,009.42",982.95,,2.07%
2020/5/29,982.43,948.8,982.43,948.46,,3.63%
2020/5/28,947.98,954.82,958.12,932.28,,-0.80%
2020/5/27,955.63,947.35,955.63,935.13,,0.32%
2020/5/26,952.58,962.83,972.8,938.41,,-0.68%
2020/5/25,959.13,940.67,960.89,940.67,,3.50%
2020/5/22,926.71,928.69,936.89,920.82,,-0.11%
2020/5/21,927.7,912.47,928.32,911.86,,1.95%
2020/5/20,909.98,882.96,910.8,882.55,,3.33%
2020/5/19,880.62,883.41,886.39,870,,0.92%
2020/5/18,872.56,844.49,873.14,843.71,,3.93%
2020/5/15,839.53,828.78,839.76,820.03,,2.23%
2020/5/14,821.23,838.46,846.29,818.91,,-2.07%
2020/5/13,838.61,827.57,841.84,823.94,,0.58%
2020/5/12,833.74,834.29,842.31,830.21,,0.07%
2020/5/11,833.12,828.19,833.69,811.88,,1.25%
2020/5/8,822.8,849.81,869.89,816.91,,-2.01%
2020/5/7,839.71,794.39,839.71,794.39,,6.48%
2020/5/1,788.59,785.39,789.89,775.06,,-0.36%
2020/4/30,791.44,782.88,795.16,781.41,,2.23%
2020/4/28,774.2,761.04,774.62,753.3,,1.85%
2020/4/27,760.14,753.46,764.06,753.05,,2.35%
2020/4/24,742.66,739.94,744.87,732.33,,0.56%
2020/4/23,738.55,724.85,745.87,724.63,,3.25%
2020/4/22,715.3,719.8,721.28,705.2,,-1.99%
2020/4/21,729.86,756.93,759.04,727.94,,-4.15%
2020/4/20,761.5,743.25,765.34,743.25,,3.06%
2020/4/17,738.91,739.62,748.47,731.98,,1.10%
2020/4/16,730.88,711.77,730.88,711.42,,2.70%
2020/4/15,711.64,709.4,722.66,706.41,,0.37%
2020/4/14,709.03,680.7,712.8,679.4,,4.79%
2020/4/13,676.62,671.22,682.1,669.93,,0.99%
2020/4/10,670.01,670.96,672.71,656.3,,-0.14%
2020/4/9,670.95,651.76,671.71,651.24,,3.77%
2020/4/8,646.58,636,648.64,623.09,,1.57%
2020/4/7,636.59,625.1,642.88,619.52,,3.55%
2020/4/6,614.79,594.42,614.79,592.74,,3.56%
2020/4/3,593.63,618.42,621.54,589.44,,-3.16%
2020/4/2,613,612.13,620.99,608.49,,-0.20%
2020/4/1,614.2,620.78,634.36,609.79,,-0.95%
2020/3/31,620.09,618.04,632.07,615.14,,1.28%
2020/3/30,612.28,610.79,620.4,602.95,,-1.72%
2020/3/27,623.02,624.99,632.88,616.24,,1.47%
2020/3/26,613.98,629.25,629.25,611.27,,-4.23%
2020/3/25,641.1,617.69,643.55,617.69,,5.91%
2020/3/24,605.35,570.25,609.74,570.17,,8.07%
2020/3/23,560.17,556.58,567.73,547.21,,0.41%
2020/3/19,557.86,594.51,598.77,551.1,,-4.90%
2020/3/18,586.63,599.3,613.05,584.81,,-1.20%
2020/3/17,593.75,550.38,594.94,543.32,,6.11%
2020/3/16,559.54,573.13,596.54,559.19,,-1.02%
2020/3/13,565.31,586.55,586.82,527.3,,-5.75%
2020/3/12,599.82,622.44,637.3,594.68,,-5.39%
2020/3/11,633.99,664.31,678.85,633.91,,-4.72%
2020/3/10,665.43,634.38,670.09,602.15,,2.98%
2020/3/9,646.2,700.95,700.95,641.18,,-9.75%
2020/3/6,716,732.59,735.25,714.83,,-3.65%
2020/3/5,743.13,748.32,749.18,735.68,,0.95%
2020/3/4,736.17,714.68,741.89,713.63,,1.60%
2020/3/3,724.61,755.73,767.2,724.22,,-2.28%
2020/3/2,741.51,701.85,755.95,701.85,,5.83%
2020/2/28,700.63,732.46,732.5,697.07,,-6.28%
2020/2/27,747.57,776.87,778.94,742.4,,-4.28%
2020/2/26,780.99,792.51,799.17,770.56,,-2.18%
2020/2/25,798.36,811.75,811.86,782.24,,-3.63%
2020/2/21,828.46,822.67,834.54,822.65,,0.63%
2020/2/20,823.3,837.69,840.36,822.47,,-0.83%
2020/2/19,830.15,812.24,831.07,812.24,,2.66%
2020/2/18,808.62,824.62,826.13,805.72,,-2.43%
2020/2/17,828.8,835.49,836.23,825.94,,-1.53%
2020/2/14,841.69,850.28,852.58,841.16,,-1.79%
2020/2/13,857.03,854.54,858.84,854.12,,0.53%
2020/2/12,852.49,844.61,853.03,844.12,,1.38%
2020/2/10,840.9,844.81,847.78,839.33,,-1.06%
2020/2/7,849.89,849.37,854.18,845.03,,-0.13%
2020/2/6,851.01,849.34,853.2,846.92,,0.71%
2020/2/5,844.97,847.09,852.95,842.99,,0.96%
2020/2/4,836.92,824.94,838.44,823.59,,1.66%
2020/2/3,823.28,809.55,826.63,802.31,,-0.01%
2020/1/31,823.37,815.79,825.12,813,,1.43%
2020/1/30,811.77,835.67,839.46,805.55,,-3.10%
2020/1/29,837.77,853.94,855.17,836.7,,-1.49%
2020/1/28,850.42,842.35,850.8,838.33,,-0.12%
2020/1/27,851.45,853.88,855.34,847.13,,-2.06%
2020/1/24,869.4,878.24,878.24,863.49,,-1.16%
2020/1/23,879.63,883.68,884.64,879.43,,-0.72%
2020/1/22,886.04,884.07,889.12,883.3,,-0.02%
2020/1/21,886.24,886.66,888.15,881.51,,0.11%
2020/1/20,885.26,886.81,888.89,884.84,,0.05%
2020/1/17,884.81,888.98,888.98,879.64,,-0.20%
2020/1/16,886.6,887.93,894.41,885.4,,-0.05%
2020/1/15,887,885.91,888.28,882.77,,-0.05%
2020/1/14,887.46,895.6,895.6,885.21,,-0.27%
2020/1/10,889.89,887.27,890.22,883.15,,0.47%
2020/1/9,885.76,883.25,889.49,882.92,,1.69%
2020/1/8,871,888.66,888.69,860.34,,-2.49%
2020/1/7,893.27,885.44,893.69,885.44,,1.42%
2020/1/6,880.8,885.73,890.5,880.8,,-1.86%
2019/12/30,897.47,905.11,905.11,894.49,,-1.12%
2019/12/27,907.67,905.26,909.23,901.01,,0.65%
2019/12/26,901.85,892.19,904.18,892.19,,1.07%
2019/12/25,892.32,882.67,895.41,882.31,,1.44%
2019/12/24,879.62,871.14,879.95,868.79,,1.15%
2019/12/23,869.65,874.65,875.71,867.63,,-0.31%
2019/12/20,872.35,867.9,873,867.06,,0.63%
2019/12/19,866.9,865.38,872.87,865.37,,0.08%
2019/12/18,866.2,879.26,879.26,864.68,,-1.57%
2019/12/17,880.02,875.04,880.02,867.33,,0.79%
2019/12/16,873.09,881.12,883.27,872.97,,-1.38%
2019/12/13,885.27,897.8,897.8,885.27,,-0.88%
2019/12/12,893.11,898.29,899.26,889.49,,-0.54%
2019/12/11,897.94,905.61,908.09,896.09,,-0.91%
2019/12/10,906.21,903.54,907.31,903.09,,0.04%
2019/12/9,905.87,913.7,913.7,904.52,,-0.57%
2019/12/6,911.09,900.49,911.18,900.49,,0.97%
2019/12/5,902.37,916.43,917.8,901.91,,-1.13%
2019/12/4,912.66,908.71,914.96,907.58,,-0.29%
2019/12/3,915.32,902.41,916,901.91,,0.42%
2019/12/2,911.51,915.75,920.34,911.07,,-0.40%
2019/11/29,915.14,916.32,921.77,912.8,,0.18%
2019/11/28,913.52,913.28,917.14,910.51,,0.19%
2019/11/27,911.83,906.16,912.79,904.63,,0.73%
2019/11/26,905.19,899.8,905.31,897.86,,1.21%
2019/11/25,894.36,892.5,895.77,891.35,,0.60%
2019/11/22,888.99,878.76,889.32,878.73,,1.05%
2019/11/21,879.77,879.74,880.92,864.97,,-0.10%
2019/11/20,880.67,876.48,883.18,875.65,,0.48%
2019/11/19,876.46,873.51,876.47,870.81,,0.86%
2019/11/18,868.97,858.98,869.81,858.76,,1.80%
2019/11/15,853.63,849.3,854.2,845.22,,0.24%
2019/11/14,851.56,857.72,861.42,849.62,,-0.63%
2019/11/13,856.93,864.81,864.81,851.35,,-0.94%
2019/11/12,865.1,867.94,869.16,863.9,,-0.30%
2019/11/11,867.68,860.95,870.44,860.95,,1.15%
2019/11/8,857.82,873.72,873.99,856.19,,-1.83%
2019/11/7,873.81,870.55,874.84,870.04,,0.28%
2019/11/6,871.35,876.81,876.81,868.32,,-0.54%
2019/11/5,876.08,879.75,880.29,875.73,,0.24%
2019/11/1,873.98,869.49,874.24,867.96,,0.00%
2019/10/31,873.98,873.17,876.49,869.19,,0.46%
2019/10/30,870.02,877.66,880.16,867.69,,-0.83%
2019/10/29,877.3,868.76,877.71,867.91,,1.13%
2019/10/28,867.48,869.89,873.04,866.35,,0.21%
2019/10/25,865.68,861.86,865.68,858.06,,0.48%
2019/10/24,861.52,857.97,862.52,857.07,,0.90%
2019/10/23,853.8,851.02,854.83,846.49,,1.02%
2019/10/21,845.21,839.51,846.19,839.14,,0.58%
2019/10/18,840.36,838.47,845.97,838.46,,0.36%
2019/10/17,837.32,836.29,841,834.35,,0.07%
2019/10/16,836.76,849.65,850.61,835.92,,-1.00%
2019/10/15,845.24,842.83,848.57,841.2,,0.59%
2019/10/11,840.28,853.51,853.51,840.28,,-1.45%
2019/10/10,852.61,865.8,865.8,852.61,,-1.58%
2019/10/9,866.28,869,870.72,866.03,,-1.11%
2019/10/8,875.96,868.75,878.41,868.56,,0.87%
2019/10/7,868.42,874.76,875.03,865.58,,-0.24%
2019/10/4,870.49,863.24,870.65,862.96,,1.28%
2019/10/3,859.47,863.27,863.94,856.85,,-1.79%
2019/10/2,875.16,868.96,877.51,867.58,,-0.21%
2019/10/1,877.04,876.93,882.06,873.88,,0.12%
2019/9/30,876,881.19,885.06,870.77,,-0.64%
2019/9/27,881.67,886.02,889.6,877.38,,-0.52%
2019/9/26,886.24,886.77,894.05,885.07,,0.56%
2019/9/25,881.34,879.85,882.64,875.37,,0.19%
2019/9/24,879.65,866.23,883.42,865.5,,1.81%
2019/9/20,863.98,851.68,867.31,850.9,,1.85%
2019/9/19,848.29,847.13,858.54,845.85,,0.36%
2019/9/18,845.22,850.31,855.45,842.55,,-0.52%
2019/9/17,849.68,845.85,852.42,842.96,,0.22%
2019/9/13,847.78,857.15,857.15,846.37,,-0.86%
2019/9/12,855.11,869.75,870.84,854.7,,-1.18%
2019/9/11,865.34,854.95,868.57,854.29,,1.21%
2019/9/10,855.03,858.83,861.61,853.28,,-0.45%
2019/9/9,858.93,856.01,861.39,854.94,,0.40%
2019/9/6,855.54,860.72,862.18,855.07,,-0.20%
2019/9/5,857.27,849.09,859.11,848.43,,1.57%
2019/9/4,843.98,848.9,850.22,842.63,,-0.84%
2019/9/3,851.09,843.84,852.71,841.89,,0.61%
2019/9/2,845.92,844.69,853.06,843.62,,0.56%
2019/8/30,841.19,829.72,842.5,829.28,,2.06%
2019/8/29,824.2,841.11,843.15,820.7,,-1.95%
2019/8/28,840.62,849.8,851.83,839.14,,-1.41%
2019/8/27,852.63,870.53,870.53,852.63,,-1.39%
2019/8/26,864.63,864.75,871.77,859.83,,-1.70%
2019/8/23,879.57,876.73,880.19,872.83,,0.37%
2019/8/22,876.36,887.26,891.59,875.14,,-0.69%
2019/8/21,882.46,877.54,882.86,876.92,,0.09%
2019/8/20,881.63,868.4,881.63,867.37,,1.86%
2019/8/19,865.52,859.21,866.54,856.41,,1.54%
2019/8/16,852.4,854.96,861.4,851.92,,-0.19%
2019/8/15,853.98,854.42,856.43,844.51,,-1.71%
2019/8/14,868.8,867.66,870.49,862.99,,0.69%
2019/8/13,862.84,863.49,868.5,861.91,,-1.02%
2019/8/9,871.74,879.06,881.49,871.26,,-0.49%
2019/8/8,876.07,874.94,879.74,868.07,,0.41%
2019/8/7,872.48,875.8,878.38,868.79,,0.06%
2019/8/6,871.95,854.63,873.37,836,,0.05%
2019/8/5,871.55,890.31,890.82,860.83,,-2.36%
2019/8/2,892.58,892.02,898.69,887.47,,-1.40%
2019/8/1,905.27,897.28,906.77,897.21,,0.04%
2019/7/31,904.92,900.57,905.54,895.88,,0.18%
2019/7/30,903.28,900.08,904.87,899,,0.46%
2019/7/29,899.15,898.82,902.72,895.59,,0.34%
2019/7/26,896.08,893.43,898.9,891.75,,-0.07%
2019/7/25,896.7,892.35,898.06,891.56,,0.57%
2019/7/24,891.58,895.76,895.94,889.81,,0.00%
2019/7/23,891.55,889.67,895.4,888.59,,0.29%
2019/7/22,888.97,893.64,893.64,885.39,,-0.79%
2019/7/19,896.05,885.03,897.38,883.96,,1.62%
2019/7/18,881.79,896.76,896.81,880.58,,-2.42%
2019/7/17,903.63,903.34,905.54,894.89,,-0.13%
2019/7/16,904.8,893.09,909.46,890.71,,0.84%
2019/7/12,897.3,916.34,916.44,895.48,,-2.18%
2019/7/11,917.34,919.45,919.45,912.58,,-0.31%
2019/7/10,920.17,909.73,920.53,908.08,,0.92%
2019/7/9,911.77,917.29,917.62,908.61,,-0.47%
2019/7/8,916.04,926.63,928.04,915.58,,-1.07%
2019/7/5,925.93,921.04,925.95,914.14,,0.44%
2019/7/4,921.84,921.58,925.59,918.85,,0.63%
2019/7/3,916.05,924.13,925.11,910.74,,-0.59%
2019/7/2,921.52,909.12,922.35,909.12,,1.32%
2019/7/1,909.52,905.04,910.59,903.79,,1.68%
2019/6/28,894.45,885.7,895.27,884.55,,0.76%
2019/6/27,887.68,886.76,888.92,879.74,,0.46%
2019/6/26,883.62,880.61,887.38,876.68,,-0.18%
2019/6/25,885.19,893.4,894.23,882.2,,-0.92%
2019/6/24,893.39,888.77,895.3,887.42,,0.29%
2019/6/21,890.84,907.68,908.22,888.83,,-1.88%
2019/6/20,907.88,898.08,908.01,891.62,,1.27%
2019/6/19,896.51,899.97,901.37,890.72,,0.70%
2019/6/18,890.3,908.16,912.81,888.01,,-2.02%
2019/6/17,908.64,915.13,915.13,908.19,,-0.47%
2019/6/14,912.9,902.65,913,898.99,,2.09%
2019/6/13,894.2,900.91,902.25,890.97,,-0.86%
2019/6/12,901.97,901.06,907.88,899.97,,0.10%
2019/6/11,901.06,894.9,901.12,892.25,,0.69%
2019/6/10,894.91,893.27,902.17,893.27,,1.20%
2019/6/7,884.32,881.45,884.51,877.2,,0.56%
2019/6/6,879.37,892.91,896.51,879.37,,-1.58%
2019/6/5,893.52,887.19,894.11,886.48,,2.43%
2019/6/4,872.36,875.94,877.92,857.33,,-0.01%
2019/6/3,872.41,891.68,891.73,870.14,,-3.51%
2019/5/31,904.19,902.51,914.52,897.35,,-0.04%
2019/5/30,904.59,916.97,920.5,901.2,,-1.74%
2019/5/29,920.59,914.45,924.22,905.8,,-0.09%
2019/5/28,921.43,900.78,921.43,900.78,,2.89%
2019/5/27,895.59,889.21,896.23,885.7,,1.41%
2019/5/24,883.18,875.61,883.47,870.57,,-0.08%
2019/5/23,883.9,888.33,891.72,881.64,,-0.79%
2019/5/22,890.91,881.31,896.31,881.31,,2.20%
2019/5/21,871.77,876.12,876.12,864.38,,-1.02%
2019/5/20,880.79,892.16,898.73,880.26,,-1.14%
2019/5/17,890.96,880.55,891.16,880.55,,1.91%
2019/5/16,874.25,880.86,882.47,870.68,,-0.80%
2019/5/15,881.33,877.87,881.33,869.48,,0.99%
2019/5/14,872.71,874.22,877.16,852.18,,-1.96%
2019/5/13,890.13,907.72,908.29,885.93,,-2.34%
2019/5/10,911.42,910.24,923.76,898.21,,-0.35%
2019/5/9,914.59,941.07,941.64,914.44,,-2.78%
2019/5/8,940.72,942.73,945.33,935.89,,-1.36%
2019/5/7,953.7,941.51,956.76,941.02,,0.96%
2019/4/26,944.63,937.39,944.96,930.77,,0.05%
2019/4/25,944.13,933.8,945.68,932.53,,1.15%
2019/4/24,933.4,932.17,942.22,930.91,,0.64%
2019/4/23,927.5,926.71,930.1,916.42,,0.03%
2019/4/22,927.26,935.74,942.45,925.58,,-1.10%
2019/4/19,937.61,935.54,942.26,928.36,,0.49%
2019/4/18,933.01,945.52,946.36,933.01,,-1.13%
2019/4/17,943.68,934.2,944.22,927.15,,1.22%
2019/4/16,932.26,933.61,942.81,932.01,,-0.27%
2019/4/15,934.8,927.09,937.1,924.28,,1.64%
2019/4/12,919.75,935.11,935.11,917.29,,-1.37%
2019/4/11,932.51,938.83,942.26,928.11,,-0.83%
2019/4/10,940.29,923.73,941.77,923.68,,0.63%
2019/4/9,934.43,935.13,940.74,924.89,,0.33%
2019/4/8,931.39,922.24,932.3,920.55,,1.62%
2019/4/5,916.54,908.76,919.37,906.45,,0.67%
2019/4/4,910.47,920.01,926.57,909.79,,-0.97%
2019/4/3,919.35,909.76,923.18,904.75,,1.17%
2019/4/2,908.69,945.48,945.48,907.27,,-3.67%
2019/4/1,943.32,963.78,963.78,941.95,,-1.31%
2019/3/29,955.84,962.72,963.27,943.7,,0.02%
2019/3/28,955.65,959.59,962.17,951.55,,-0.57%
2019/3/27,961.12,946.93,965.92,946.93,,2.16%
2019/3/26,940.76,935.96,944.4,934.68,,1.57%
2019/3/25,926.22,921.64,928.27,911.12,,-1.46%
2019/3/22,939.93,942.68,948.73,936.41,,-0.24%
2019/3/20,942.19,936.1,946.08,935.54,,0.49%
2019/3/19,937.6,941.28,941.28,933.11,,-0.44%
2019/3/18,941.7,928.97,943.34,927.85,,1.92%
2019/3/15,923.96,930.71,936.16,922.73,,-0.89%
2019/3/14,932.29,949.52,950.01,931.37,,-0.79%
2019/3/13,939.7,929.79,939.77,920.66,,0.93%
2019/3/12,931.04,923.26,938.37,922.97,,2.20%
2019/3/11,910.98,903.65,911.73,886.15,,1.21%
2019/3/8,900.11,917.94,917.94,895.02,,-3.08%
2019/3/7,928.76,942.02,942.02,924.72,,-1.88%
2019/3/6,946.51,946.93,948.7,934.63,,0.27%
2019/3/5,943.96,932.58,944,930.74,,0.62%
2019/3/4,938.16,939.69,941.88,936.23,,0.99%
2019/3/1,928.97,921.44,931.57,920.14,,1.18%
2019/2/28,918.18,935.6,939.83,917.78,,-2.26%
2019/2/27,939.41,930.62,940.93,927.21,,0.73%
2019/2/26,932.61,933.8,943.7,923.65,,0.06%
2019/2/25,932.04,924.47,935.67,922.17,,1.67%
2019/2/22,916.76,901.48,918.44,900.26,,1.35%
2019/2/21,904.55,895.11,905.76,894.22,,1.54%
2019/2/20,890.87,885.84,893.22,884.04,,0.89%
2019/2/19,883.01,877.67,885.78,875.29,,0.91%
2019/2/18,875.04,874.6,878.85,871.09,,1.47%
2019/2/15,862.34,869.48,869.78,857.12,,-1.23%
2019/2/14,873.06,877.53,883.34,870.96,,-0.28%
2019/2/13,875.48,869.28,878.31,868.45,,1.61%
2019/2/12,861.59,858.95,868.24,857.79,,0.98%
2019/2/8,853.22,860.91,867.38,849.86,,-1.97%
2019/2/7,870.39,876.15,880.02,861.38,,-0.49%
2019/2/6,874.66,872.6,875.36,869.75,,0.67%
2019/2/5,868.86,885.37,886.77,865.48,,-1.19%
2019/2/4,879.3,889.35,891.73,871.96,,-0.82%
2019/2/1,886.55,898.28,899.12,877.26,,-1.26%
2019/1/31,897.9,893.63,900.01,884.43,,1.64%
2019/1/30,883.39,946.41,946.41,882.45,,-8.09%
2019/1/29,961.19,944.88,962.32,931.27,,1.22%
2019/1/28,949.65,972.27,975.86,949.65,,-1.89%
2019/1/25,967.92,953.01,971.99,952.44,,1.74%
2019/1/24,951.37,945.82,952.08,935.7,,1.14%
2019/1/23,940.62,921.85,946.53,919.33,,1.07%
2019/1/22,930.68,938.39,947.47,917.38,,-0.94%
2019/1/21,939.51,965.54,979.72,937.66,,-1.17%
2019/1/18,950.6,940.16,953.89,939.32,,1.36%
2019/1/17,937.8,927.06,939.96,923.52,,1.86%
2019/1/16,920.72,921.44,926.63,912,,0.71%
2019/1/15,914.19,890.22,918.42,890.22,,2.74%
2019/1/11,889.81,891.75,900.34,887.6,,0.46%
2019/1/10,885.76,890.23,899.29,882.29,,-1.19%
2019/1/9,896.44,894.17,903.32,889.49,,1.01%
2019/1/8,887.5,865.6,891.49,865.6,,3.26%
2019/1/7,859.48,844.24,866.18,844.24,,3.89%
2019/1/4,827.33,797.84,827.34,789.79,,1.85%
2018/12/28,812.32,820.42,831.74,806.15,,-1.74%
2018/12/27,826.69,792.57,832.36,792.57,,6.55%
2018/12/26,775.85,770.58,797.55,761.63,,2.49%
2018/12/25,757.02,794.6,794.6,749.18,,-6.66%
2018/12/21,811.07,829.18,834.4,788.12,,-3.23%
2018/12/20,838.14,873.97,876.93,831.09,,-5.40%
2018/12/19,885.94,878.04,896.84,862.79,,1.16%
2018/12/18,875.76,895.62,898.05,875.3,,-3.93%
2018/12/17,911.58,933.88,936.54,911.58,,-3.23%
2018/12/14,942.01,971.03,971.03,936.71,,-1.94%
2018/12/13,960.66,963.92,968.4,952.03,,0.36%
2018/12/12,957.25,928.79,958.85,926.51,,3.77%
2018/12/11,922.46,952.89,956.67,920.35,,-2.67%
2018/12/10,947.72,966.8,968.18,943.69,,-3.35%
2018/12/7,980.61,991.6,997.72,974.09,,-0.03%
2018/12/6,980.92,"1,008.73","1,010.03",970.43,,-3.07%
2018/12/5,"1,012.02",999.3,"1,016.15",995.82,,-0.47%
2018/12/4,"1,016.81","1,033.10","1,041.46","1,015.35",,-1.48%
2018/12/3,"1,032.07","1,023.11","1,039.36","1,022.57",,2.04%
2018/11/30,"1,011.43","1,011.59","1,017.55",999.55,,0.05%
2018/11/29,"1,010.91","1,008.89","1,017.85","1,007.48",,1.53%
2018/11/28,995.71,978,997.39,977.14,,2.12%
2018/11/27,975.04,970.11,979.15,965.99,,1.10%
2018/11/26,964.47,962.31,975.82,955.25,,0.54%
2018/11/22,959.27,954.14,964.02,946.37,,1.30%
2018/11/21,946.97,936.14,962.08,933.33,,-0.36%
2018/11/20,950.39,964.71,967.91,949.18,,-2.71%
2018/11/19,976.9,948.65,980.04,948.42,,3.01%
2018/11/16,948.32,960.38,964.29,947.21,,-0.89%
2018/11/15,956.83,941.46,967.64,941.14,,0.85%
2018/11/14,948.79,962.38,973.19,947.56,,-1.04%
2018/11/13,958.73,946.82,963.26,931.83,,-0.74%
2018/11/12,965.88,990.6,992.87,960.16,,-2.48%
2018/11/9,990.4,988.19,"1,006.66",983.82,,0.01%
2018/11/8,990.34,985.13,996.74,984.1,,2.05%
2018/11/7,970.47,949.64,977.05,946.69,,2.23%
2018/11/6,949.27,951.25,957.42,945.44,,0.31%
2018/11/5,946.38,927.11,954.86,923.1,,1.66%
2018/11/2,930.95,905.74,934.24,905.74,,3.49%
2018/11/1,899.59,903.12,913.2,889.9,,-0.88%
2018/10/31,907.56,882,907.91,881.67,,4.31%
2018/10/30,870.1,827.27,871.7,821.32,,3.83%
2018/10/29,838,876.17,884.94,835.77,,-4.06%
2018/10/26,873.42,914.51,919.53,860.84,,-2.97%
2018/10/25,900.16,942.36,942.36,898.86,,-6.36%
2018/10/24,961.32,973.97,978.58,952.09,,-0.46%
2018/10/23,965.78,977.01,983.5,961.83,,-1.59%
2018/10/22,981.35,977.01,984.59,965.67,,0.06%
2018/10/19,980.76,974.86,981.61,967.42,,-0.70%
2018/10/18,987.67,994.82,"1,002.61",987.51,,-0.50%
2018/10/17,992.62,987.94,995.21,987.13,,2.11%
2018/10/16,972.14,972.05,976.97,960.43,,0.14%
2018/10/15,970.77,989.91,990.91,970.77,,-1.73%
2018/10/12,987.88,948.11,990.6,948.11,,3.67%
2018/10/11,952.9,980.88,980.91,940.91,,-4.81%
2018/10/10,"1,001.10","1,006.95","1,013.83",987.68,,0.10%
2018/10/9,"1,000.09","1,014.25","1,014.34",999.98,,-2.14%
2018/10/5,"1,021.96","1,031.58","1,039.26","1,019.24",,-2.16%
2018/10/4,"1,044.57","1,057.45","1,059.47","1,039.23",,-0.90%
2018/10/3,"1,054.04","1,050.19","1,058.35","1,043.82",,0.05%
2018/10/2,"1,053.47","1,081.87","1,083.14","1,052.86",,-2.00%
2018/10/1,"1,074.99","1,080.57","1,082.09","1,071.71",,-0.24%
2018/9/28,"1,077.55","1,079.52","1,084.72","1,068.30",,0.96%
2018/9/27,"1,067.30","1,074.56","1,086.54","1,064.33",,-0.37%
2018/9/26,"1,071.22","1,054.29","1,072.15","1,053.72",,2.15%
2018/9/25,"1,048.68","1,040.64","1,052.78","1,038.24",,0.79%
2018/9/21,"1,040.43","1,032.86","1,040.65","1,030.24",,1.40%
2018/9/20,"1,026.05","1,034.39","1,034.39","1,017.86",,-0.42%
2018/9/19,"1,030.38","1,031.90","1,035.28","1,023.53",,0.38%
2018/9/18,"1,026.49","1,014.98","1,030.41","1,009.90",,0.79%
2018/9/14,"1,018.43","1,008.19","1,019.08","1,004.54",,1.93%
2018/9/13,999.19,999.36,"1,007.99",993.33,,-0.05%
2018/9/12,999.7,"1,020.89","1,022.13",997.47,,-1.71%
2018/9/11,"1,017.05","1,019.83","1,023.53","1,009.45",,0.19%
2018/9/10,"1,015.17","1,006.63","1,021.15","1,005.36",,0.65%
2018/9/7,"1,008.62","1,002.04","1,009.27",993.01,,-0.13%
2018/9/6,"1,009.95","1,023.88","1,024.96","1,003.03",,-2.36%
2018/9/5,"1,034.38","1,044.97","1,051.74","1,034.38",,-1.05%
2018/9/4,"1,045.35","1,033.79","1,051.05","1,031.59",,1.15%
2018/9/3,"1,033.45","1,050.80","1,051.19","1,031.79",,-1.49%
2018/8/31,"1,049.13","1,032.54","1,050.03","1,031.06",,0.84%
2018/8/30,"1,040.34","1,036.68","1,043.26","1,029.89",,1.04%
2018/8/29,"1,029.61","1,019.53","1,031.59","1,018.77",,0.92%
2018/8/28,"1,020.18","1,032.79","1,039.09","1,012.06",,-0.40%
2018/8/27,"1,024.23","1,002.82","1,024.62","1,002.32",,2.98%
2018/8/24,994.6,977.98,994.87,977.27,,1.85%
2018/8/23,976.53,970.27,982.34,970.27,,0.80%
2018/8/22,968.76,947.65,969.48,946.07,,2.13%
2018/8/21,948.52,949.72,954.37,942.14,,-0.36%
2018/8/20,951.93,962.99,968.22,951.18,,-0.72%
2018/8/17,958.8,950.74,959.08,949.5,,1.73%
2018/8/16,942.48,943.89,949.18,932.07,,-1.33%
2018/8/15,955.14,975.92,975.92,955.14,,-2.04%
2018/8/14,975.01,965.6,975.43,962.95,,1.30%
2018/8/13,962.48,994.32,994.32,959.51,,-4.13%
2018/8/10,"1,003.98","1,026.27","1,026.27","1,003.60",,-2.37%
2018/8/9,"1,028.40","1,027.66","1,031.63","1,021.65",,0.08%
2018/8/8,"1,027.61","1,009.89","1,029.99","1,009.77",,1.75%
2018/8/7,"1,009.96","1,004.63","1,011.16","1,002.90",,0.31%
2018/8/6,"1,006.81","1,019.38","1,020.21","1,006.81",,-1.33%
2018/8/3,"1,020.33","1,036.84","1,039.90","1,020.33",,-1.38%
2018/8/2,"1,034.56","1,031.90","1,042.18","1,031.09",,0.18%
2018/8/1,"1,032.70","1,042.56","1,042.56","1,031.20",,-0.63%
2018/7/31,"1,039.29","1,036.00","1,041.29","1,032.74",,0.06%
2018/7/30,"1,038.69","1,057.70","1,058.12","1,038.69",,-1.84%
2018/7/27,"1,058.15","1,057.07","1,059.04","1,052.38",,0.12%
2018/7/26,"1,056.87","1,067.42","1,067.42","1,054.17",,-0.64%
2018/7/25,"1,063.73","1,061.58","1,065.60","1,056.28",,0.55%
2018/7/24,"1,057.96","1,046.08","1,059.77","1,039.86",,1.73%
2018/7/23,"1,040.00","1,044.60","1,046.37","1,039.83",,-0.77%
2018/7/20,"1,048.09","1,042.81","1,050.35","1,036.22",,0.31%
2018/7/19,"1,044.82","1,055.23","1,056.60","1,044.81",,-0.47%
2018/7/18,"1,049.80","1,037.27","1,050.88","1,035.09",,1.76%
2018/7/17,"1,031.60","1,047.46","1,047.46","1,031.11",,-1.46%
2018/7/13,"1,046.92","1,045.79","1,050.83","1,045.13",,0.66%
2018/7/12,"1,040.02","1,031.24","1,044.17","1,028.38",,1.00%
2018/7/11,"1,029.70","1,034.86","1,036.21","1,016.00",,-1.19%
2018/7/10,"1,042.12","1,056.31","1,060.97","1,041.21",,-0.62%
2018/7/9,"1,048.63","1,032.11","1,052.06","1,030.96",,2.28%
2018/7/6,"1,025.24","1,005.77","1,025.28","1,000.29",,2.90%
2018/7/5,996.34,"1,030.70","1,039.50",991.5,,-3.74%
2018/7/4,"1,035.09","1,039.01","1,042.21","1,026.60",,-0.88%
2018/7/3,"1,044.29","1,060.18","1,072.77","1,031.40",,-1.11%
2018/7/2,"1,055.96","1,093.93","1,095.08","1,055.96",,-3.15%
2018/6/29,"1,090.30","1,072.14","1,090.96","1,072.14",,2.14%
2018/6/28,"1,067.48","1,078.18","1,078.89","1,057.84",,-1.43%
2018/6/27,"1,083.02","1,074.93","1,090.33","1,074.93",,0.93%
2018/6/26,"1,073.08","1,059.34","1,075.75","1,053.34",,0.00%
2018/6/25,"1,073.06","1,110.67","1,115.39","1,070.16",,-3.00%
2018/6/22,"1,106.21","1,113.69","1,119.83","1,103.47",,-1.66%
2018/6/21,"1,124.84","1,114.55","1,129.11","1,111.72",,1.03%
2018/6/20,"1,113.38","1,101.53","1,114.22","1,071.07",,0.88%
2018/6/19,"1,103.70","1,131.88","1,136.92","1,095.06",,-2.87%
2018/6/18,"1,136.27","1,149.72","1,150.05","1,128.03",,-1.35%
2018/6/15,"1,151.85","1,151.57","1,157.95","1,150.22",,0.49%
2018/6/14,"1,146.24","1,152.14","1,157.68","1,145.97",,-0.64%
2018/6/13,"1,153.62","1,149.20","1,156.26","1,146.12",,0.48%
2018/6/12,"1,148.07","1,136.62","1,150.43","1,134.00",,1.47%
2018/6/11,"1,131.45","1,130.03","1,132.73","1,119.91",,0.26%
2018/6/8,"1,128.49","1,121.70","1,130.29","1,119.62",,0.91%
2018/6/7,"1,118.35","1,099.47","1,119.74","1,099.21",,2.20%
2018/6/6,"1,094.26","1,105.49","1,105.91","1,094.26",,-1.48%
2018/6/5,"1,110.66","1,130.77","1,130.86","1,104.90",,-1.85%
2018/6/4,"1,131.60","1,140.09","1,140.92","1,128.13",,-0.13%
2018/6/1,"1,133.08","1,134.02","1,142.82","1,129.09",,-0.19%
2018/5/31,"1,135.26","1,133.13","1,140.52","1,129.94",,1.08%
2018/5/30,"1,123.16","1,118.26","1,128.58","1,111.51",,-1.14%
2018/5/29,"1,136.08","1,157.28","1,157.28","1,127.12",,-1.87%
2018/5/28,"1,157.71","1,162.51","1,164.19","1,155.42",,-0.09%
2018/5/25,"1,158.73","1,162.93","1,169.57","1,156.58",,-0.69%
2018/5/24,"1,166.77","1,168.52","1,172.07","1,162.53",,-0.34%
2018/5/23,"1,170.74","1,179.76","1,184.78","1,164.49",,-0.70%
2018/5/22,"1,179.01","1,175.47","1,179.30","1,170.26",,0.72%
2018/5/21,"1,170.62","1,157.66","1,171.73","1,157.26",,1.40%
2018/5/18,"1,154.41","1,153.83","1,154.92","1,145.85",,0.18%
2018/5/17,"1,152.35","1,130.93","1,152.66","1,130.77",,2.25%
2018/5/16,"1,127.04","1,137.16","1,138.31","1,124.79",,-1.30%
2018/5/15,"1,141.87","1,148.44","1,151.27","1,141.65",,-0.38%
2018/5/14,"1,146.23","1,145.46","1,151.80","1,141.92",,0.15%
2018/5/11,"1,144.56","1,148.38","1,148.85","1,134.31",,-0.29%
2018/5/10,"1,147.85","1,162.33","1,162.41","1,146.94",,-0.97%
2018/5/9,"1,159.09","1,166.15","1,167.32","1,155.44",,-0.53%
2018/5/8,"1,165.32","1,153.38","1,170.16","1,151.74",,1.24%
2018/5/7,"1,151.08","1,151.24","1,152.66","1,143.49",,0.29%
2018/5/2,"1,147.73","1,138.51","1,148.72","1,138.46",,0.99%
2018/5/1,"1,136.44","1,141.48","1,141.95","1,131.08",,-0.49%
2018/4/27,"1,142.07","1,143.64","1,144.97","1,136.84",,0.09%
2018/4/26,"1,141.02","1,143.43","1,146.46","1,134.30",,0.03%
2018/4/25,"1,140.70","1,134.66","1,145.28","1,132.63",,0.00%
2018/4/24,"1,140.66","1,139.22","1,146.47","1,136.22",,0.44%
2018/4/23,"1,135.63","1,134.68","1,136.75","1,126.08",,0.11%
2018/4/20,"1,134.33","1,121.87","1,137.00","1,120.22",,0.77%
2018/4/19,"1,125.61","1,140.31","1,141.80","1,124.40",,-0.90%
2018/4/18,"1,135.87","1,118.08","1,138.45","1,112.35",,1.95%
2018/4/17,"1,114.19","1,120.81","1,125.86","1,082.23",,-0.73%
2018/4/16,"1,122.39","1,158.94","1,159.04","1,121.07",,-2.94%
2018/4/13,"1,156.39","1,157.34","1,159.26","1,149.56",,0.45%
2018/4/12,"1,151.26","1,153.26","1,162.92","1,149.55",,-0.25%
2018/4/11,"1,154.11","1,181.60","1,187.04","1,154.11",,-1.93%
2018/4/10,"1,176.82","1,181.10","1,184.91","1,172.67",,-0.50%
2018/4/9,"1,182.78","1,172.55","1,184.76","1,165.63",,0.34%
2018/4/6,"1,178.82","1,192.89","1,196.46","1,178.82",,-1.01%
2018/4/5,"1,190.88","1,189.80","1,194.85","1,183.25",,0.74%
2018/4/4,"1,182.17","1,205.21","1,205.99","1,179.39",,-1.32%
2018/4/3,"1,197.93","1,187.58","1,201.14","1,180.92",,-0.61%
2018/4/2,"1,205.27","1,212.35","1,222.99","1,205.27",,-0.08%
2018/3/30,"1,206.24","1,194.90","1,206.37","1,190.49",,1.74%
2018/3/29,"1,185.59","1,182.51","1,189.52","1,175.87",,1.15%
2018/3/28,"1,172.13","1,152.92","1,174.58","1,150.19",,0.64%
2018/3/27,"1,164.69","1,167.15","1,176.75","1,161.04",,1.15%
2018/3/26,"1,151.48","1,147.03","1,152.69","1,114.59",,-0.46%
2018/3/23,"1,156.83","1,176.76","1,176.76","1,155.93",,-3.52%
2018/3/22,"1,199.00","1,195.69","1,201.19","1,191.11",,0.22%
2018/3/20,"1,196.36","1,182.41","1,200.00","1,175.53",,-0.21%
2018/3/19,"1,198.83","1,227.11","1,229.37","1,184.59",,-2.90%
2018/3/16,"1,234.64","1,256.06","1,256.06","1,233.01",,-1.29%
2018/3/15,"1,250.75","1,242.67","1,251.04","1,235.44",,0.62%
2018/3/14,"1,243.10","1,230.45","1,244.06","1,228.60",,0.29%
2018/3/13,"1,239.53","1,203.59","1,239.53","1,203.45",,2.50%
2018/3/12,"1,209.30","1,221.36","1,221.70","1,197.06",,-0.03%
2018/3/9,"1,209.68","1,226.27","1,231.87","1,200.73",,0.29%
2018/3/8,"1,206.24","1,191.99","1,206.56","1,191.34",,2.15%
2018/3/7,"1,180.87","1,184.64","1,197.17","1,170.80",,-0.48%
2018/3/6,"1,186.62","1,172.75","1,196.68","1,172.75",,2.93%
2018/3/5,"1,152.84","1,210.43","1,213.94","1,146.44",,-5.01%
2018/3/2,"1,213.65","1,209.76","1,217.79","1,200.93",,-1.52%
2018/3/1,"1,232.37","1,229.41","1,235.08","1,220.62",,-0.55%
2018/2/28,"1,239.13","1,222.36","1,243.01","1,222.33",,0.74%
2018/2/27,"1,230.03","1,245.93","1,247.09","1,227.56",,-0.62%
2018/2/26,"1,237.71","1,228.78","1,238.68","1,226.67",,1.78%
2018/2/23,"1,216.05","1,212.13","1,216.91","1,206.00",,0.81%
2018/2/22,"1,206.31","1,216.06","1,218.74","1,196.23",,-1.10%
2018/2/21,"1,219.70","1,211.66","1,227.81","1,208.10",,0.30%
2018/2/20,"1,216.07","1,210.71","1,216.53","1,200.70",,0.56%
2018/2/19,"1,209.24","1,184.30","1,209.29","1,183.40",,3.17%
2018/2/16,"1,172.06","1,160.49","1,176.51","1,158.91",,1.48%
2018/2/15,"1,154.98","1,142.44","1,165.32","1,128.52",,1.52%
2018/2/14,"1,137.71","1,160.83","1,170.84","1,118.84",,-1.97%
2018/2/13,"1,160.63","1,210.04","1,213.12","1,160.63",,-2.61%
2018/2/9,"1,191.73","1,187.06","1,193.10","1,141.33",,-1.75%
2018/2/8,"1,212.93","1,183.96","1,216.01","1,183.96",,3.59%
2018/2/7,"1,170.84","1,193.27","1,235.79","1,170.84",,0.02%
2018/2/6,"1,170.65","1,261.78","1,261.81","1,125.32",,-9.17%
2018/2/5,"1,288.78","1,298.88","1,299.10","1,278.19",,-2.72%
2018/2/2,"1,324.80","1,340.64","1,341.88","1,313.50",,-1.36%
2018/2/1,"1,343.08","1,321.78","1,344.02","1,319.88",,2.26%
2018/1/31,"1,313.38","1,304.65","1,327.34","1,300.61",,-0.42%
2018/1/30,"1,318.92","1,329.65","1,341.14","1,305.01",,-1.16%
2018/1/29,"1,334.35","1,358.89","1,358.89","1,333.53",,-1.30%
2018/1/26,"1,351.89","1,354.83","1,359.46","1,347.22",,0.24%
2018/1/25,"1,348.65","1,351.67","1,361.08","1,346.22",,-0.51%
2018/1/24,"1,355.55","1,340.61","1,367.86","1,338.34",,1.12%
2018/1/23,"1,340.57","1,329.60","1,343.84","1,325.88",,1.20%
2018/1/22,"1,324.73","1,293.08","1,325.60","1,293.08",,2.71%
2018/1/19,"1,289.81","1,295.40","1,300.99","1,281.36",,-0.11%
2018/1/18,"1,291.28","1,302.17","1,304.84","1,289.42",,-0.04%
2018/1/17,"1,291.84","1,300.95","1,303.27","1,286.30",,-1.48%
2018/1/16,"1,311.26","1,314.84","1,316.70","1,298.81",,-0.12%
2018/1/15,"1,312.77","1,303.65","1,313.38","1,294.37",,1.32%
2018/1/12,"1,295.72","1,296.15","1,299.92","1,290.92",,0.29%
2018/1/11,"1,292.03","1,290.92","1,305.89","1,284.15",,-0.11%
2018/1/10,"1,293.50","1,282.85","1,294.87","1,279.96",,1.12%
2018/1/9,"1,279.15","1,258.85","1,279.48","1,257.43",,2.32%
2018/1/5,"1,250.20","1,241.68","1,250.38","1,233.28",,0.59%
2018/1/4,"1,242.84","1,247.36","1,249.35","1,241.20",,0.88%
2017/12/29,"1,231.99","1,220.58","1,233.17","1,220.42",,1.14%
2017/12/28,"1,218.09","1,237.61","1,240.72","1,216.55",,-1.29%
2017/12/27,"1,234.02","1,199.40","1,234.54","1,199.40",,3.14%
2017/12/26,"1,196.40","1,192.81","1,205.28","1,192.81",,-0.02%
2017/12/25,"1,196.61","1,209.25","1,210.33","1,195.41",,-0.94%
2017/12/22,"1,207.95","1,196.18","1,208.04","1,195.57",,0.69%
2017/12/21,"1,199.63","1,201.92","1,202.46","1,193.05",,-0.28%
2017/12/20,"1,202.99","1,197.73","1,210.80","1,197.06",,0.58%
2017/12/19,"1,196.09","1,186.72","1,197.21","1,186.57",,1.10%
2017/12/18,"1,183.07","1,191.58","1,192.32","1,175.58",,-0.33%
2017/12/15,"1,187.00","1,192.71","1,194.78","1,180.80",,-0.83%
2017/12/14,"1,196.92","1,187.03","1,197.13","1,184.05",,0.78%
2017/12/13,"1,187.65","1,184.39","1,190.29","1,179.48",,0.51%
2017/12/12,"1,181.62","1,181.54","1,186.76","1,177.04",,0.22%
2017/12/11,"1,179.04","1,175.33","1,184.09","1,172.55",,0.83%
2017/12/8,"1,169.32","1,166.25","1,170.08","1,161.54",,0.88%
2017/12/7,"1,159.15","1,144.68","1,160.60","1,144.68",,1.97%
2017/12/6,"1,136.75","1,143.73","1,160.63","1,131.55",,-0.59%
2017/12/5,"1,143.47","1,152.71","1,155.70","1,134.96",,-1.05%
2017/12/4,"1,155.56","1,174.04","1,181.28","1,155.34",,-1.15%
2017/12/1,"1,169.06","1,170.33","1,172.59","1,164.14",,0.16%
2017/11/30,"1,167.20","1,163.92","1,167.36","1,148.47",,0.12%
2017/11/29,"1,165.84","1,166.85","1,175.16","1,160.43",,0.02%
2017/11/28,"1,165.65","1,176.98","1,177.78","1,155.63",,-0.63%
2017/11/27,"1,173.07","1,168.73","1,178.90","1,168.73",,0.89%
2017/11/24,"1,162.75","1,152.48","1,163.70","1,152.23",,0.76%
2017/11/22,"1,154.00","1,155.77","1,158.24","1,149.80",,0.08%
2017/11/21,"1,153.06","1,146.84","1,153.61","1,142.57",,0.69%
2017/11/20,"1,145.13","1,131.36","1,145.68","1,131.26",,1.08%
2017/11/17,"1,132.88","1,131.26","1,133.11","1,121.47",,1.05%
2017/11/16,"1,121.12","1,097.05","1,122.03","1,096.73",,2.19%
2017/11/15,"1,097.07","1,121.34","1,123.72","1,086.54",,-2.32%
2017/11/14,"1,123.17","1,134.27","1,138.82","1,122.00",,-0.75%
2017/11/13,"1,131.61","1,144.37","1,144.37","1,130.82",,-1.05%
2017/11/10,"1,143.67","1,121.77","1,144.75","1,119.68",,0.97%
2017/11/9,"1,132.71","1,135.58","1,152.67","1,117.78",,0.24%
2017/11/8,"1,129.95","1,125.98","1,130.14","1,123.32",,0.28%
2017/11/7,"1,126.75","1,120.26","1,127.70","1,119.97",,0.68%
2017/11/6,"1,119.13","1,130.85","1,131.96","1,117.41",,-1.14%
2017/11/2,"1,132.00","1,142.86","1,143.07","1,127.51",,-0.79%
2017/11/1,"1,141.02","1,138.39","1,142.73","1,135.55",,0.62%
2017/10/31,"1,134.03","1,125.60","1,135.10","1,119.13",,0.43%
2017/10/30,"1,129.14","1,121.56","1,130.54","1,119.77",,1.39%
2017/10/27,"1,113.71","1,104.22","1,114.57","1,103.95",,1.10%
2017/10/26,"1,101.57","1,093.30","1,102.22","1,091.54",,0.69%
2017/10/25,"1,093.99","1,101.83","1,107.27","1,092.45",,-0.36%
2017/10/24,"1,097.97","1,096.26","1,099.10","1,088.41",,-0.05%
2017/10/23,"1,098.55","1,091.70","1,099.55","1,086.34",,1.26%
2017/10/20,"1,084.87","1,086.12","1,087.38","1,078.94",,-0.21%
2017/10/19,"1,087.17","1,082.08","1,087.85","1,079.57",,0.56%
2017/10/18,"1,081.15","1,086.51","1,089.25","1,079.58",,-0.42%
2017/10/17,"1,085.66","1,088.73","1,091.94","1,081.24",,-0.16%
2017/10/16,"1,087.43","1,097.22","1,098.42","1,086.22",,-0.99%
2017/10/13,"1,098.35","1,105.48","1,106.36","1,093.37",,-0.65%
2017/10/12,"1,105.59","1,101.19","1,107.17","1,100.46",,0.90%
2017/10/11,"1,095.69","1,100.58","1,108.13","1,094.36",,-0.30%
2017/10/10,"1,099.02","1,086.05","1,099.13","1,085.22",,1.62%
2017/10/6,"1,081.49","1,082.89","1,084.25","1,078.15",,0.07%
2017/10/5,"1,080.77","1,092.00","1,096.92","1,080.51",,-1.01%
2017/10/4,"1,091.77","1,105.73","1,107.09","1,090.61",,-0.93%
2017/10/3,"1,102.00","1,109.51","1,110.79","1,097.18",,-0.36%
2017/10/2,"1,105.94","1,097.88","1,106.11","1,097.04",,1.17%
2017/9/29,"1,093.10","1,079.14","1,093.39","1,079.08",,1.30%
2017/9/28,"1,079.12","1,078.09","1,079.83","1,072.79",,0.70%
2017/9/27,"1,071.65","1,057.70","1,072.50","1,053.70",,1.82%
2017/9/26,"1,052.53","1,062.67","1,063.71","1,052.18",,-1.22%
2017/9/25,"1,065.50","1,062.36","1,072.07","1,062.36",,0.81%
2017/9/22,"1,056.95","1,069.15","1,072.69","1,051.31",,-1.35%
2017/9/21,"1,071.42","1,065.46","1,075.99","1,060.76",,1.08%
2017/9/20,"1,059.97","1,067.50","1,068.80","1,057.91",,-0.50%
2017/9/19,"1,065.32","1,058.20","1,067.13","1,057.14",,1.73%
2017/9/15,"1,047.20","1,031.18","1,047.27","1,031.18",,0.93%
2017/9/14,"1,037.57","1,055.19","1,059.28","1,037.35",,-1.51%
2017/9/13,"1,053.48","1,056.95","1,057.25","1,051.06",,0.19%
2017/9/12,"1,051.43","1,040.66","1,051.94","1,039.03",,2.07%
2017/9/11,"1,030.15","1,024.03","1,038.95","1,024.03",,1.61%
2017/9/8,"1,013.86","1,011.46","1,022.33","1,008.28",,-0.10%
2017/9/7,"1,014.88","1,037.20","1,039.73","1,013.23",,-1.46%
2017/9/6,"1,029.90","1,008.29","1,036.66",997.56,,0.43%
2017/9/5,"1,025.46","1,077.75","1,079.49","1,021.28",,-4.65%
2017/9/4,"1,075.46","1,100.24","1,101.27","1,073.38",,-2.92%
2017/9/1,"1,107.82","1,105.30","1,113.18","1,101.60",,0.64%
2017/8/31,"1,100.80","1,100.08","1,102.08","1,097.66",,0.43%
2017/8/30,"1,096.07","1,100.13","1,102.86","1,089.73",,0.25%
2017/8/29,"1,093.31","1,089.20","1,094.62","1,084.19",,-0.56%
2017/8/28,"1,099.48","1,090.89","1,100.34","1,090.05",,0.99%
2017/8/25,"1,088.65","1,089.83","1,093.61","1,085.34",,0.29%
2017/8/24,"1,085.50","1,080.72","1,088.78","1,074.17",,0.05%
2017/8/23,"1,084.94","1,087.67","1,091.25","1,084.40",,0.53%
2017/8/22,"1,079.20","1,075.31","1,083.58","1,074.27",,0.39%
2017/8/21,"1,075.05","1,088.60","1,090.26","1,073.31",,-0.90%
2017/8/18,"1,084.80","1,083.48","1,092.48","1,081.84",,-1.15%
2017/8/17,"1,097.39","1,090.91","1,098.62","1,090.62",,0.77%
2017/8/16,"1,088.97","1,069.54","1,089.85","1,067.50",,2.00%
2017/8/15,"1,067.66","1,076.66","1,076.84","1,064.71",,0.03%
2017/8/14,"1,067.35","1,062.69","1,070.79","1,053.83",,-1.01%
2017/8/10,"1,078.19","1,087.84","1,097.07","1,074.66",,-1.08%
2017/8/9,"1,090.00","1,112.81","1,112.90","1,080.53",,-2.48%
2017/8/8,"1,117.72","1,112.89","1,121.94","1,110.46",,0.71%
2017/8/7,"1,109.89","1,123.39","1,123.90","1,109.55",,-0.71%
2017/8/4,"1,117.80","1,104.34","1,119.57","1,101.86",,0.68%
2017/8/3,"1,110.25","1,126.01","1,126.30","1,105.68",,-1.39%
2017/8/2,"1,125.90","1,109.03","1,127.22","1,108.84",,1.54%
2017/8/1,"1,108.87","1,150.83","1,151.07","1,106.52",,-3.95%
2017/7/31,"1,154.52","1,159.23","1,160.20","1,144.46",,-0.72%
2017/7/28,"1,162.94","1,183.73","1,184.97","1,161.37",,-1.85%
2017/7/27,"1,184.86","1,190.39","1,192.38","1,184.41",,-0.47%
2017/7/26,"1,190.51","1,190.84","1,196.07","1,185.75",,0.29%
2017/7/25,"1,187.07","1,183.75","1,192.82","1,182.50",,0.41%
2017/7/24,"1,182.17","1,187.45","1,190.84","1,181.20",,-0.64%
2017/7/21,"1,189.78","1,184.61","1,195.10","1,183.70",,0.85%
2017/7/20,"1,179.80","1,180.96","1,186.78","1,178.63",,0.24%
2017/7/19,"1,176.98","1,171.83","1,177.55","1,166.94",,0.48%
2017/7/18,"1,171.37","1,177.41","1,180.60","1,167.26",,-0.13%
2017/7/14,"1,172.84","1,177.80","1,180.84","1,170.43",,-0.41%
2017/7/13,"1,177.62","1,187.37","1,189.83","1,176.32",,-0.51%
2017/7/12,"1,183.60","1,186.62","1,194.03","1,178.00",,-0.18%
2017/7/11,"1,185.77","1,178.14","1,186.39","1,175.42",,0.93%
2017/7/10,"1,174.89","1,168.45","1,175.65","1,163.07",,1.21%
2017/7/7,"1,160.82","1,146.62","1,162.33","1,144.07",,0.70%
2017/7/6,"1,152.70","1,161.39","1,163.12","1,147.01",,-0.45%
2017/7/5,"1,157.90","1,148.06","1,164.75","1,145.59",,0.72%
2017/7/4,"1,149.62","1,186.61","1,186.69","1,144.60",,-2.76%
2017/7/3,"1,182.19","1,186.42","1,190.65","1,182.19",,0.04%
2017/6/30,"1,181.74","1,173.12","1,182.01","1,168.06",,-0.31%
2017/6/29,"1,185.37","1,176.82","1,187.88","1,172.20",,1.62%
2017/6/28,"1,166.51","1,191.26","1,192.45","1,165.48",,-2.60%
2017/6/27,"1,197.71","1,204.14","1,204.80","1,192.16",,-0.39%
2017/6/26,"1,202.40","1,179.91","1,203.14","1,179.91",,2.28%
2017/6/23,"1,175.60","1,212.58","1,214.41","1,163.18",,-2.84%
2017/6/22,"1,209.96","1,201.52","1,212.46","1,201.07",,1.30%
2017/6/21,"1,194.39","1,167.33","1,197.40","1,167.33",,2.32%
2017/6/20,"1,167.30","1,179.88","1,180.46","1,167.30",,-0.50%
2017/6/19,"1,173.13","1,152.62","1,173.20","1,152.62",,2.19%
2017/6/16,"1,147.96","1,143.27","1,151.59","1,143.22",,0.73%
2017/6/15,"1,139.65","1,133.57","1,142.20","1,123.87",,0.10%
2017/6/14,"1,138.55","1,134.81","1,150.86","1,133.55",,0.99%
2017/6/13,"1,127.41","1,122.79","1,134.56","1,120.29",,0.20%
2017/6/12,"1,125.18","1,128.84","1,135.03","1,115.98",,-0.62%
2017/6/9,"1,132.15","1,125.33","1,132.23","1,119.54",,1.29%
2017/6/8,"1,117.76","1,124.75","1,127.27","1,116.98",,-0.48%
2017/6/7,"1,123.12","1,106.63","1,124.10","1,106.47",,1.38%
2017/6/6,"1,107.88","1,120.82","1,121.44","1,104.83",,-1.31%
2017/6/5,"1,122.64","1,110.78","1,125.85","1,110.20",,1.11%
2017/6/2,"1,110.27","1,120.22","1,121.61","1,108.23",,-0.38%
2017/6/1,"1,114.49","1,109.02","1,115.23","1,107.60",,0.88%
2017/5/31,"1,104.81","1,103.89","1,109.71","1,101.17",,0.26%
2017/5/30,"1,101.98","1,098.87","1,103.69","1,087.20",,0.45%
2017/5/29,"1,097.01","1,097.35","1,107.57","1,096.66",,0.23%
2017/5/26,"1,094.45","1,092.76","1,096.68","1,086.29",,0.34%
2017/5/25,"1,090.69","1,088.23","1,092.29","1,082.46",,0.24%
2017/5/24,"1,088.10","1,083.89","1,088.75","1,082.47",,0.95%
2017/5/23,"1,077.88","1,077.08","1,080.48","1,072.33",,0.39%
2017/5/22,"1,073.71","1,064.71","1,074.67","1,064.71",,1.54%
2017/5/19,"1,057.45","1,065.51","1,068.13","1,055.95",,0.03%
2017/5/18,"1,057.18","1,048.86","1,059.72","1,042.15",,-0.91%
2017/5/17,"1,066.88","1,070.25","1,073.30","1,064.18",,-0.35%
2017/5/16,"1,070.61","1,064.59","1,072.15","1,063.82",,0.63%
2017/5/15,"1,063.90","1,058.68","1,065.51","1,054.14",,0.33%
2017/5/12,"1,060.43","1,069.03","1,070.19","1,059.67",,-0.82%
2017/5/11,"1,069.15","1,075.37","1,077.90","1,063.28",,-0.53%
2017/5/10,"1,074.87","1,066.96","1,075.15","1,066.66",,1.30%
2017/5/9,"1,061.08","1,061.33","1,065.41","1,058.31",,0.12%
2017/5/8,"1,059.86","1,054.37","1,060.83","1,049.42",,1.76%
2017/5/2,"1,041.54","1,035.54","1,042.38","1,033.49",,0.72%
2017/5/1,"1,034.11","1,030.12","1,036.01","1,028.71",,0.35%
2017/4/28,"1,030.46","1,038.04","1,039.86","1,028.41",,-0.27%
2017/4/27,"1,033.30","1,024.17","1,033.48","1,022.52",,1.20%
2017/4/26,"1,021.00","1,016.15","1,024.99","1,013.61",,1.67%
2017/4/25,"1,004.27",988.47,"1,006.22",985.84,,1.62%
2017/4/24,988.29,"1,010.73","1,011.72",988.29,,-2.02%
2017/4/21,"1,008.64","1,022.04","1,023.57","1,008.17",,-0.74%
2017/4/20,"1,016.21","1,013.06","1,019.99","1,008.06",,0.66%
2017/4/19,"1,009.54","1,000.70","1,022.28","1,000.70",,0.66%
2017/4/18,"1,002.96","1,004.74","1,009.59",995.14,,1.13%
2017/4/17,991.72,965.24,993.71,965.24,,2.11%
2017/4/14,971.22,985.87,995.05,971.07,,-2.14%
2017/4/13,992.5,967.13,996.32,962.14,,1.40%
2017/4/12,978.76,998.97,999.79,974.72,,-3.45%
2017/4/11,"1,013.74","1,024.39","1,025.06","1,008.94",,-1.62%
2017/4/10,"1,030.39","1,032.51","1,041.21","1,029.17",,0.45%
2017/4/7,"1,025.80","1,016.80","1,034.54",992.05,,1.40%
2017/4/6,"1,011.63","1,029.55","1,030.84","1,004.10",,-2.35%
2017/4/5,"1,036.00","1,035.12","1,047.88","1,018.97",,0.67%
2017/4/4,"1,029.06","1,062.68","1,063.32","1,017.65",,-3.22%
2017/4/3,"1,063.28","1,075.13","1,075.55","1,059.11",,-0.71%
2017/3/31,"1,070.89","1,073.00","1,080.13","1,068.95",,0.59%
2017/3/30,"1,064.62","1,078.26","1,085.37","1,061.53",,-0.72%
2017/3/29,"1,072.32","1,048.46","1,072.73","1,048.21",,2.67%
2017/3/28,"1,044.43","1,035.86","1,047.05","1,035.02",,1.33%
2017/3/27,"1,030.69","1,049.89","1,050.48","1,030.69",,-1.90%
2017/3/24,"1,050.67","1,046.40","1,052.46","1,042.38",,0.63%
2017/3/23,"1,044.13","1,036.78","1,048.63","1,035.06",,1.04%
2017/3/22,"1,033.42","1,041.28","1,050.04","1,033.42",,-2.00%
2017/3/21,"1,054.55","1,030.41","1,056.44","1,028.20",,1.93%
2017/3/17,"1,034.62","1,055.17","1,056.89","1,030.35",,-1.64%
2017/3/16,"1,051.84","1,035.67","1,052.02","1,035.67",,1.55%
2017/3/15,"1,035.79","1,069.38","1,069.61","1,035.46",,-3.39%
2017/3/14,"1,072.17","1,074.23","1,074.70","1,068.33",,-0.25%
2017/3/13,"1,074.85","1,089.93","1,097.78","1,073.16",,-1.08%
2017/3/10,"1,086.63","1,088.63","1,090.66","1,082.85",,0.56%
2017/3/9,"1,080.63","1,081.45","1,082.54","1,078.67",,-0.02%
2017/3/8,"1,080.85","1,069.99","1,082.24","1,069.99",,0.91%
2017/3/7,"1,071.12","1,081.38","1,082.27","1,068.52",,-0.86%
2017/3/6,"1,080.45","1,074.24","1,081.58","1,070.86",,0.61%
2017/3/3,"1,073.85","1,072.09","1,081.97","1,068.97",,0.26%
2017/3/2,"1,071.08","1,078.59","1,079.64","1,069.73",,0.12%
2017/3/1,"1,069.76","1,059.46","1,070.76","1,051.50",,0.99%
2017/2/28,"1,059.31","1,065.03","1,072.09","1,059.02",,0.00%
2017/2/27,"1,059.28","1,056.23","1,062.90","1,054.13",,0.25%
2017/2/24,"1,056.68","1,045.09","1,061.31","1,045.09",,0.93%
2017/2/23,"1,046.96","1,034.11","1,048.58","1,032.30",,1.27%
2017/2/22,"1,033.79","1,034.70","1,037.38","1,030.83",,0.09%
2017/2/21,"1,032.86","1,030.55","1,035.12","1,030.13",,0.43%
2017/2/20,"1,028.41","1,025.26","1,029.69","1,024.12",,0.35%
2017/2/17,"1,024.81","1,023.80","1,028.43","1,016.37",,-0.11%
2017/2/16,"1,025.98","1,026.94","1,031.22","1,024.66",,0.08%
2017/2/15,"1,025.15","1,019.84","1,026.55","1,018.96",,0.47%
2017/2/14,"1,020.40","1,012.16","1,023.66","1,009.02",,1.12%
2017/2/13,"1,009.09","1,004.59","1,013.80",998.02,,0.50%
2017/2/10,"1,004.03","1,013.01","1,015.20","1,001.61",,-0.18%
2017/2/9,"1,005.86","1,008.87","1,013.91","1,004.37",,-0.48%
2017/2/8,"1,010.69",998.29,"1,011.51",998.29,,1.33%
2017/2/7,997.46,998.35,"1,001.09",993.41,,-0.22%
2017/2/6,999.7,996.54,"1,000.64",992.95,,0.88%
2017/2/3,990.95,989.84,996.98,982.48,,0.27%
2017/2/2,988.25,994.2,"1,000.94",987.81,,-0.25%
2017/2/1,990.72,989.85,996.28,984.6,,-0.31%
2017/1/31,993.84,994.04,"1,000.10",991.57,,-0.78%
2017/1/30,"1,001.66",994.81,"1,003.81",994.21,,1.03%
2017/1/27,991.47,998.61,998.79,989.27,,-0.63%
2017/1/26,997.73,"1,000.49","1,003.43",997.51,,0.47%
2017/1/25,993.03,987.73,993.27,985.74,,1.43%
2017/1/24,979.05,972.74,979.83,971.08,,0.69%
2017/1/23,972.35,971.92,974.77,969.83,,0.21%
2017/1/20,970.31,966.65,971.35,964.33,,0.52%
2017/1/19,965.33,977.31,978.47,965.33,,-0.67%
2017/1/18,971.82,960.24,972.29,956.22,,0.69%
2017/1/17,965.16,973.47,976.69,963.53,,-0.71%
2017/1/16,972.02,980.27,986.41,970.51,,-0.65%
2017/1/13,978.36,961.09,979.03,960.8,,1.64%
2017/1/12,962.58,973.55,976.52,958.8,,-1.31%
2017/1/11,975.39,988.99,991.31,975.39,,-1.16%
2017/1/10,986.86,987.61,994,981.52,,0.60%
2017/1/6,981.01,978.22,985.86,976.98,,-0.03%
2017/1/5,981.3,959.47,981.96,959.4,,2.74%
2017/1/4,955.09,950.47,958.97,949.51,,1.32%
2016/12/30,942.68,925.72,946.92,925.72,,1.21%
2016/12/29,931.44,934.39,935.6,921.11,,-0.75%
2016/12/28,938.52,929.77,939.61,929.19,,1.22%
2016/12/27,927.18,922.16,930.29,922.16,,0.72%
2016/12/26,920.54,904.77,921.39,904.52,,1.68%
2016/12/22,905.31,917.83,917.83,902.43,,-1.44%
2016/12/21,918.51,930.86,931.16,918.51,,-1.05%
2016/12/20,928.27,919.6,929.27,919.27,,0.90%
2016/12/19,920.01,925.57,926.19,918.51,,-0.76%
2016/12/16,927.02,932.55,935.97,925.33,,-0.44%
2016/12/15,931.11,936.84,938.35,925.44,,-0.17%
2016/12/14,932.68,946.95,951.21,932.46,,-0.91%
2016/12/13,941.27,919.66,941.45,919.55,,2.09%
2016/12/12,922.04,912.93,927.71,911.34,,1.89%
2016/12/9,904.95,886.79,905.64,885.88,,1.85%
2016/12/8,888.55,897.12,902.45,888.55,,-1.04%
2016/12/7,897.92,899.76,902.14,894.89,,-0.11%
2016/12/6,898.94,907.91,912.37,898.94,,-0.42%
2016/12/5,902.76,904.02,909.3,901.91,,-0.47%
2016/12/2,907.02,918.91,919.93,901.05,,-1.41%
2016/12/1,919.98,924.69,928.7,916.98,,-0.27%
2016/11/30,922.48,922.55,927.99,920.24,,0.11%
2016/11/29,921.47,918.87,926.69,916.57,,0.03%
2016/11/28,921.17,911.59,921.71,908.5,,1.04%
2016/11/25,911.65,922.35,923.91,905.75,,-1.35%
2016/11/24,924.11,933.42,933.91,923.56,,-0.57%
2016/11/22,929.41,925.07,930.8,920.98,,0.55%
2016/11/21,924.32,923.46,927.82,919.03,,0.64%
2016/11/18,918.46,924.61,927,915.35,,-0.22%
2016/11/17,920.45,903.76,920.72,903.02,,1.47%
2016/11/16,907.15,888.94,908.25,887.86,,2.36%
2016/11/15,886.21,871.4,887.38,858.51,,1.83%
2016/11/14,870.29,858.87,873.18,857.88,,1.12%
2016/11/11,860.64,878.22,879.22,857.85,,-1.42%
2016/11/10,873.02,844.31,876.06,843.59,,5.26%
2016/11/9,829.4,878.23,881.64,798.86,,-5.32%
2016/11/8,875.99,885.34,888.75,875.66,,-0.49%
2016/11/7,880.29,879.29,884.67,866.91,,0.92%
2016/11/4,872.29,883.43,883.81,867.71,,-2.28%
2016/11/2,892.65,913.64,915.01,886.02,,-3.37%
2016/11/1,923.75,936.11,936.74,923.75,,-1.33%
2016/10/31,936.23,935.52,941.67,934.1,,0.06%
2016/10/28,935.68,936.94,938.35,928.41,,-0.06%
2016/10/27,936.27,939.32,939.67,932.87,,-0.29%
2016/10/26,939.01,935.11,945.59,935.11,,0.28%
2016/10/25,936.43,949.68,949.96,933.75,,-1.39%
2016/10/24,949.65,956.5,959.25,948.76,,-0.39%
2016/10/21,953.33,959.67,967.15,953.33,,-0.26%
2016/10/20,955.81,960.59,963.49,954.9,,-0.42%
2016/10/19,959.83,950.65,960.34,950.34,,1.13%
2016/10/18,949.1,942.24,949.56,941.87,,0.78%
2016/10/17,941.79,937.73,942.04,930.54,,0.45%
2016/10/14,937.6,937.82,942.43,934.32,,-0.07%
2016/10/13,938.22,940.41,942.7,934.46,,-0.13%
2016/10/12,939.44,943.69,947.84,938.66,,-0.98%
2016/10/11,948.76,954.42,956.95,948.19,,-0.28%
2016/10/7,951.47,957.52,957.95,949.94,,-1.02%
2016/10/6,961.25,964.4,965.67,957.89,,0.08%
2016/10/5,960.44,957.82,961.23,954.86,,0.46%
2016/10/4,956.02,956.07,958.78,950.95,,0.46%
2016/10/3,951.63,952.23,956.54,948.07,,0.36%
2016/9/30,948.17,948.9,953.14,945.12,,-1.04%
2016/9/29,958.15,960.62,960.94,950.54,,0.16%
2016/9/28,956.62,948.79,957.18,947.53,,1.21%
2016/9/27,945.14,932.72,945.14,925.06,,0.58%
2016/9/26,939.73,949.8,952.82,939.06,,-0.54%
2016/9/23,944.81,923.95,944.81,923.69,,2.86%
2016/9/21,918.51,905.75,918.51,903.44,,1.48%
2016/9/20,905.13,907.17,911.97,904.59,,-0.72%
2016/9/16,911.73,911.99,915.71,907.23,,0.41%
2016/9/15,908.02,915.62,922.61,904.23,,-1.22%
2016/9/14,919.2,937.28,938.65,915.61,,-2.60%
2016/9/13,943.75,945.56,949.95,941.06,,0.55%
2016/9/12,938.61,954.65,963.41,937.23,,-3.11%
2016/9/9,968.72,955.66,969.2,950.33,,1.66%
2016/9/8,952.86,956.79,958.9,944.64,,-0.43%
2016/9/7,956.93,933.87,957.44,932.98,,1.85%
2016/9/6,939.58,932.26,939.95,931.52,,1.01%
2016/9/5,930.19,917.28,931.24,916.36,,2.10%
2016/9/2,911.04,908.34,918.31,907.57,,0.06%
2016/9/1,910.5,905.89,910.97,902.11,,0.73%
2016/8/31,903.91,902.31,905.56,895.28,,0.48%
2016/8/30,899.56,898.71,903.66,894.29,,0.30%
2016/8/29,896.89,901.22,902.45,894.76,,0.31%
2016/8/26,894.14,909.36,909.94,894.14,,-1.72%
2016/8/25,909.75,917.43,917.92,909.14,,-0.54%
2016/8/24,914.73,912.04,915.09,906.79,,0.51%
2016/8/23,910.1,901.51,917.02,898.19,,0.82%
2016/8/22,902.7,915.56,915.56,900.87,,-1.18%
2016/8/19,913.47,910.41,917.12,905.78,,0.43%
2016/8/18,909.58,922.43,925.98,905.06,,-2.17%
2016/8/17,929.79,945.63,948.39,929.13,,-1.84%
2016/8/16,947.19,947.42,960.17,932.8,,0.09%
2016/8/15,946.32,937.88,948.98,937.24,,0.67%
2016/8/12,940.03,915.09,940.03,911.83,,3.00%
2016/8/10,912.67,901.62,917.02,899.71,,1.36%
2016/8/9,900.38,890.54,901.37,886.23,,1.26%
2016/8/8,889.22,916.19,916.19,887.13,,-3.06%
2016/8/5,917.29,926.82,936.8,914.62,,-0.59%
2016/8/4,922.74,931.42,939.07,916.15,,-0.28%
2016/8/3,925.35,955.15,957.64,923.54,,-3.41%
2016/8/2,958.03,940.5,962.53,940.39,,2.00%
2016/8/1,939.26,915.9,944.03,913.63,,2.05%
2016/7/29,920.4,909.12,921.43,883.2,,1.03%
2016/7/28,910.99,922.83,923.31,910.13,,-1.37%
2016/7/27,923.65,929.02,937.05,923.65,,0.49%
2016/7/26,919.17,926.22,933.39,916.65,,-1.19%
2016/7/25,930.23,927.49,944.03,920.61,,0.48%
2016/7/22,925.8,926.98,939.81,914.86,,-1.03%
2016/7/21,935.47,941.13,944.96,930.62,,0.10%
2016/7/20,934.58,940.19,951.61,927.89,,-0.75%
2016/7/19,941.65,936.2,943.35,910.45,,-0.60%
2016/7/15,947.31,979.76,980.89,942.67,,-4.04%
2016/7/14,987.15,988.85,"1,000.88",981.89,,-0.54%
2016/7/13,992.47,"1,009.17","1,009.20",984.75,,-0.34%
2016/7/12,995.89,999.2,"1,006.47",994.91,,0.88%
2016/7/11,987.18,981.75,991.98,976.3,,2.52%
2016/7/8,962.89,976.85,985.74,941.33,,-1.77%
2016/7/7,980.27,"1,016.45","1,025.68",978.87,,-3.00%
2016/7/6,"1,010.60","1,024.17","1,024.18",989.61,,-3.09%
2016/7/5,"1,042.85","1,056.79","1,059.52","1,036.38",,-1.30%
2016/7/4,"1,056.57","1,031.41","1,056.93","1,030.11",,2.79%
2016/7/1,"1,027.88","1,019.18","1,027.92","1,013.37",,1.82%
2016/6/30,"1,009.48","1,001.65","1,028.46","1,001.65",,2.42%
2016/6/29,985.64,969.56,994.89,969.56,,3.48%
2016/6/28,952.53,916.68,955.16,912.03,,2.16%
2016/6/27,932.42,899.14,944.91,897.19,,4.69%
2016/6/24,890.67,991.79,"1,008.29",828.77,,-8.53%
2016/6/23,973.74,957.25,976.88,952.85,,0.67%
2016/6/22,967.25,990.31,994.64,963.05,,-2.71%
2016/6/21,994.18,979.95,998.46,973.21,,1.20%
2016/6/20,982.4,963.62,993.58,960.65,,3.37%
2016/6/17,950.33,977.88,994.03,938.99,,-0.96%
2016/6/16,959.56,"1,027.21","1,031.88",951.95,,-7.13%
2016/6/15,"1,033.22",996.36,"1,035.49",987.26,,3.33%
2016/6/14,999.91,"1,099.69","1,099.90",996.01,,-10.33%
2016/6/13,"1,115.04","1,148.76","1,148.76","1,111.09",,-4.33%
2016/6/10,"1,165.55","1,172.65","1,177.48","1,159.05",,0.21%
2016/6/9,"1,163.16","1,161.38","1,187.27","1,157.77",,0.58%
2016/6/8,"1,156.48","1,145.71","1,156.81","1,141.25",,1.30%
2016/6/7,"1,141.61","1,138.25","1,147.19","1,133.66",,1.01%
2016/6/6,"1,130.24","1,121.12","1,131.50","1,111.86",,-0.68%
2016/6/3,"1,137.99","1,109.28","1,138.43","1,109.28",,2.66%
2016/6/2,"1,108.47","1,127.91","1,138.29","1,094.81",,-1.72%
2016/6/1,"1,127.92","1,140.36","1,151.06","1,124.06",,-1.46%
2016/5/31,"1,144.64","1,138.32","1,144.64","1,126.30",,1.07%
2016/5/30,"1,132.49","1,101.14","1,132.51","1,101.14",,3.76%
2016/5/27,"1,091.46","1,088.47","1,109.71","1,085.77",,0.31%
2016/5/26,"1,088.10","1,094.40","1,099.07","1,061.13",,-0.99%
2016/5/25,"1,098.99","1,114.17","1,118.52","1,095.44",,-0.59%
2016/5/24,"1,105.54","1,116.95","1,127.11","1,099.05",,-1.22%
2016/5/23,"1,119.23","1,091.71","1,119.98","1,090.40",,3.55%
2016/5/20,"1,080.82","1,061.30","1,086.87","1,055.20",,1.19%
2016/5/19,"1,068.08","1,062.06","1,084.51","1,052.05",,1.66%
2016/5/18,"1,050.68","1,139.60","1,147.19","1,028.32",,-7.84%
2016/5/17,"1,140.04","1,117.16","1,153.81","1,112.82",,1.30%
2016/5/16,"1,125.37","1,204.74","1,211.06","1,122.88",,-6.76%
2016/5/13,"1,207.02","1,190.65","1,213.14","1,172.61",,0.72%
2016/5/12,"1,198.42","1,220.09","1,229.34","1,191.32",,-2.20%
2016/5/11,"1,225.40","1,196.49","1,227.91","1,191.33",,2.41%
2016/5/10,"1,196.60","1,211.94","1,216.12","1,190.57",,-1.39%
2016/5/9,"1,213.44","1,187.67","1,217.92","1,185.81",,2.80%
2016/5/6,"1,180.38","1,148.20","1,181.69","1,144.95",,4.23%
2016/5/2,"1,132.49","1,110.47","1,141.04","1,097.66",,0.08%
2016/4/28,"1,131.56","1,162.25","1,164.25","1,111.05",,-2.66%
2016/4/27,"1,162.53","1,146.88","1,163.60","1,129.49",,1.98%
2016/4/26,"1,139.93","1,182.55","1,194.37","1,115.99",,-4.93%
2016/4/25,"1,199.06","1,217.15","1,229.93","1,192.46",,-1.84%
2016/4/22,"1,221.50","1,219.80","1,225.46","1,181.96",,-0.40%
2016/4/21,"1,226.42","1,204.64","1,230.82","1,202.71",,3.46%
2016/4/20,"1,185.41","1,210.73","1,224.24","1,174.79",,-1.67%
2016/4/19,"1,205.53","1,141.40","1,205.95","1,141.40",,7.50%
2016/4/18,"1,121.42","1,104.95","1,128.75","1,097.52",,0.65%
2016/4/15,"1,114.15","1,092.02","1,114.15","1,092.02",,0.89%
2016/4/14,"1,104.32","1,093.48","1,108.22","1,091.59",,2.26%
2016/4/13,"1,079.96","1,057.14","1,080.51","1,054.36",,2.55%
2016/4/12,"1,053.06","1,074.45","1,089.12","1,044.93",,-2.06%
2016/4/11,"1,075.20","1,056.26","1,076.15","1,046.27",,3.16%
2016/4/8,"1,042.25",987.72,"1,049.63",987.39,,4.76%
2016/4/7,994.86,952.57,"1,002.22",951.83,,4.95%
2016/4/6,947.93,930.13,952.08,918.4,,0.50%
2016/4/5,943.18,997.47,"1,001.33",940,,-5.98%
2016/4/4,"1,003.15",984.93,"1,018.68",970.32,,1.20%
2016/4/1,991.24,"1,021.51","1,022.23",982.08,,-2.90%
2016/3/31,"1,020.80","1,020.22","1,026.45","1,013.46",,0.76%
2016/3/30,"1,013.07","1,008.44","1,024.12","1,002.61",,0.72%
2016/3/29,"1,005.85",984.36,"1,005.85",984.36,,2.29%
2016/3/28,983.31,968.56,986.87,966.75,,1.89%
2016/3/25,965.08,976.18,980.98,964.61,,-1.03%
2016/3/24,975.15,959.49,977.77,953.07,,1.32%
2016/3/23,962.41,964.66,978.03,960.99,,0.26%
2016/3/22,959.89,952.53,961.52,950.22,,1.51%
2016/3/18,945.62,932.29,946.1,920.16,,0.60%
2016/3/17,940.01,967.6,971.23,933.53,,-2.27%
2016/3/16,961.81,954.33,963.47,953.45,,0.57%
2016/3/15,956.38,951.31,967.08,950.03,,0.72%
2016/3/14,949.51,952.28,957.38,945.46,,0.96%
2016/3/11,940.51,913.11,946.69,911.17,,2.22%
2016/3/10,920.11,916.67,925.07,913.94,,1.28%
2016/3/9,908.48,904.42,911.38,895.37,,-1.11%
2016/3/8,918.68,937.81,939.62,899.16,,-1.85%
2016/3/7,935.99,920.43,936.7,919.32,,2.15%
2016/3/4,916.33,907.02,922.6,904.83,,1.26%
2016/3/3,904.89,872.6,904.89,872.22,,3.94%
2016/3/2,870.62,862.96,880.21,862.96,,2.11%
2016/3/1,852.66,838.58,852.94,838.24,,1.67%
2016/2/29,838.67,832.61,846.14,832.42,,1.47%
2016/2/26,826.49,838.66,841.56,825.22,,-0.75%
2016/2/25,832.73,828.41,836.67,828.23,,1.18%
2016/2/24,823.04,796.34,825.23,791.78,,1.71%
2016/2/23,809.18,829.75,834.13,807.6,,-1.54%
2016/2/22,821.83,793.43,823.85,792.84,,3.66%
2016/2/19,792.79,771.65,793.46,767.01,,1.74%
2016/2/18,779.24,759.16,786.09,759.16,,4.72%
2016/2/17,744.12,734.79,757.97,730.23,,1.79%
2016/2/16,731.02,707.84,748.88,707.6,,3.42%
2016/2/15,706.85,682.88,714.6,682.88,,5.90%
2016/2/12,667.49,715.59,715.59,664.92,,-8.19%
2016/2/10,727.02,760.54,766.06,710.89,,-3.28%
2016/2/9,751.69,790.09,790.12,750.56,,-6.88%
2016/2/8,807.19,777.89,811.14,770.71,,2.08%
2016/2/5,790.77,805.97,814.17,771.83,,-3.32%
2016/2/4,817.9,844.84,847.19,817.69,,-3.60%
2016/2/3,848.48,855.84,855.91,837.88,,-2.00%
2016/2/2,865.79,861.55,878.86,861.55,,0.15%
2016/2/1,864.47,838.67,866.96,838.46,,3.99%
2016/1/29,831.34,824,831.85,804.94,,0.91%
2016/1/28,823.85,810.78,833.91,809.63,,1.63%
2016/1/27,810.6,802.66,813.53,799.7,,2.84%
2016/1/26,788.18,782.56,804.19,777.34,,-0.92%
2016/1/25,795.5,783.28,798.89,772.63,,2.80%
2016/1/22,773.87,741.49,774.68,741.42,,6.46%
2016/1/21,726.92,753.45,780.83,725.73,,-3.23%
2016/1/20,751.19,800.16,800.47,751.19,,-5.77%
2016/1/19,797.18,785.95,802.12,780.9,,1.60%
2016/1/18,784.65,784.12,787.39,754.02,,-1.99%
2016/1/15,800.59,836.38,843.28,799.34,,-3.04%
2016/1/14,825.7,835.76,835.76,801.04,,-3.17%
2016/1/13,852.71,834.07,854.57,834.07,,3.72%
2016/1/12,822.11,863.36,865.43,808.94,,-5.95%
2016/1/8,874.14,869.88,885.31,856.16,,-0.64%
2016/1/7,879.81,876.31,897.23,869.28,,-0.05%
2016/1/6,880.24,900.42,903.9,874.9,,-1.94%
2016/1/5,897.63,880.34,899.69,871.38,,1.14%
2016/1/4,887.53,884.98,912.56,884.44,,0.04%
2015/12/30,887.14,876.07,887.6,875.72,,1.48%
2015/12/29,874.24,860.53,876.63,854.43,,1.42%
2015/12/28,861.99,837.34,863.7,837.34,,4.14%
2015/12/25,827.73,829.51,836.1,822.57,,-0.72%
2015/12/24,833.75,860.98,862.37,832.96,,-3.00%
2015/12/22,859.5,868.89,873.78,859.5,,-1.03%
2015/12/21,868.42,868.43,873.11,858.72,,-0.85%
2015/12/18,875.87,889.44,895.65,874.16,,-1.94%
2015/12/17,893.19,894.4,899.27,890.42,,0.72%
2015/12/16,886.77,885,889.2,879.66,,1.56%
2015/12/15,873.14,903.11,908.33,868.28,,-2.87%
2015/12/14,898.97,889,899.96,881.97,,-0.50%
2015/12/11,903.46,895.31,906.13,895.15,,1.12%
2015/12/10,893.49,876.11,902.85,876.11,,1.05%
2015/12/9,884.21,889.36,896.33,881.28,,-1.36%
2015/12/8,896.42,905.65,908.1,890.49,,-1.06%
2015/12/7,906.02,897.58,910.87,896.92,,2.25%
2015/12/4,886.05,884.17,889.31,883.56,,-1.22%
2015/12/3,896.99,894.18,900.49,893.77,,0.26%
2015/12/2,894.66,876.58,898.43,876.32,,1.92%
2015/12/1,877.78,870.26,882.48,870.26,,1.24%
2015/11/30,867.03,868.2,870.32,863.13,,0.17%
2015/11/27,865.59,869.2,870.78,865.33,,-0.51%
2015/11/26,870.06,852.64,873.36,852.26,,2.63%
2015/11/25,847.78,844.39,848.38,839.89,,0.43%
2015/11/24,844.15,832.29,844.7,832.29,,2.12%
2015/11/20,826.64,820.14,829.49,819.04,,0.50%
2015/11/19,822.51,809.23,822.51,809.23,,2.33%
2015/11/18,803.77,792.65,806.45,791.95,,1.84%
2015/11/17,789.26,789.88,791.25,786.84,,0.71%
2015/11/16,783.68,775.88,786.66,772.11,,-0.55%
2015/11/13,787.98,783.39,787.98,778.54,,-0.27%
2015/11/12,790.08,794.79,796,789.57,,-1.03%
2015/11/11,798.33,792.89,800.34,792.61,,1.02%
2015/11/10,790.27,777.02,791.08,776.99,,0.99%
2015/11/9,782.56,791.5,791.5,780.97,,-0.80%
2015/11/6,788.86,781.04,790.3,778.62,,1.13%
2015/11/5,780.08,789.46,790.31,776.51,,-1.60%
2015/11/4,792.75,803.43,806.12,792.75,,-1.48%
2015/11/2,804.66,805.51,807.53,801.49,,-0.46%
2015/10/30,808.34,803.66,811.99,801.58,,0.65%
2015/10/29,803.11,801.99,805.6,797.42,,0.70%
2015/10/28,797.52,800.59,804.69,796.64,,-0.07%
2015/10/27,798.07,804.36,806.82,798.07,,-0.72%
2015/10/26,803.87,797.11,807.35,796.89,,1.55%
2015/10/23,791.63,794.83,796.02,790.66,,0.36%
2015/10/22,788.79,788.26,793.08,786.77,,0.10%
2015/10/21,788.04,789.57,790.63,785.43,,-0.45%
2015/10/20,791.59,799.66,801.41,787.45,,-0.78%
2015/10/19,797.83,804.33,804.33,797.56,,-0.73%
2015/10/16,803.71,804.78,809.55,803.17,,0.16%
2015/10/15,802.44,790.05,804.14,789.63,,0.72%
2015/10/14,796.71,808.61,808.79,795.52,,-1.96%
2015/10/13,812.64,806.21,815.81,806.21,,1.02%
2015/10/9,804.47,798.94,804.67,795.52,,0.98%
2015/10/8,796.66,803.95,809.22,795.94,,-0.59%
2015/10/7,801.41,798.48,801.61,791.47,,0.40%
2015/10/6,798.25,810.89,814.6,798.18,,-0.60%
2015/10/5,803.04,792.04,806.85,792.04,,2.40%
2015/10/2,784.25,769.07,785.08,769.07,,1.32%
2015/10/1,774.01,772.08,776.43,768.92,,0.90%
2015/9/30,767.12,759.71,769.9,756.69,,2.21%
2015/9/29,750.5,768.6,768.87,746.76,,-3.70%
2015/9/28,779.31,766.2,779.31,763.25,,2.07%
2015/9/25,763.49,756.83,763.49,745.73,,0.99%
2015/9/24,756.03,765.72,766.15,756.03,,-2.74%
2015/9/18,777.36,772.98,778.28,769.95,,0.16%
2015/9/17,776.1,769.49,776.25,764.61,,1.38%
2015/9/16,765.52,776.94,777.14,763.47,,-0.76%
2015/9/15,771.38,779.19,786.47,770.52,,-0.78%
2015/9/14,777.48,789.57,794.13,767.51,,-0.84%
2015/9/11,784.1,766.61,792.05,766.61,,2.26%
2015/9/10,766.8,743.94,767.56,737.8,,1.22%
2015/9/9,757.55,722.96,757.55,722.96,,6.98%
2015/9/8,708.12,730.64,738.04,707.74,,-2.95%
2015/9/7,729.65,721.37,740.67,708.51,,-0.36%
2015/9/4,732.28,771.56,771.61,720.26,,-5.17%
2015/9/3,772.24,777.44,787.98,769.47,,0.89%
2015/9/2,765.39,760.06,780.25,748.53,,-1.32%
2015/9/1,775.62,811.79,811.79,774.47,,-5.09%
2015/8/31,817.21,807.3,819.41,795.47,,0.70%
2015/8/28,811.56,799.53,815.08,799.44,,3.01%
2015/8/27,787.84,782.13,799.02,781.26,,2.02%
2015/8/26,772.25,730.17,773.48,730.17,,7.25%
2015/8/25,720.03,725.32,781.28,672.85,,-2.63%
2015/8/24,739.46,827.84,827.84,736.82,,-12.48%
2015/8/21,844.92,864.68,864.77,842.76,,-4.16%
2015/8/20,881.56,883.43,890.69,881.37,,-0.94%
2015/8/19,889.91,902.5,903.15,887.53,,-1.65%
2015/8/18,904.82,885.94,904.95,885.94,,2.13%
2015/8/17,885.92,898,898.09,884.42,,-1.62%
2015/8/14,900.47,910.07,910.97,898.53,,-0.89%
2015/8/13,908.58,920.82,921.52,904.71,,-1.84%
2015/8/12,925.57,938.34,939.32,918.36,,-2.12%
2015/8/11,945.6,938.98,947.88,934.83,,1.01%
2015/8/10,936.14,930.54,936.71,929.79,,0.57%
2015/8/7,930.8,932.17,935.56,929.23,,-0.15%
2015/8/6,932.24,943.81,943.99,932.24,,-0.96%
2015/8/5,941.32,935.03,943.29,933.17,,0.58%
2015/8/4,935.88,939.28,941.38,934.22,,-0.66%
2015/8/3,942.08,959.12,959.93,942.08,,-2.31%
2015/7/31,964.34,952.92,964.45,951.74,,1.15%
2015/7/30,953.34,963.71,963.71,951.58,,-0.88%
2015/7/29,961.82,980.04,980.75,961.16,,-1.45%
2015/7/28,975.95,960.42,981.55,955.27,,0.18%
2015/7/27,974.17,990.38,991.65,972.52,,-2.24%
2015/7/24,996.49,993.77,996.83,987.58,,-0.27%
2015/7/23,999.19,"1,002.05","1,006.78",996.9,,-0.42%
2015/7/22,"1,003.39",998.11,"1,005.28",994.22,,-0.04%
2015/7/21,"1,003.82","1,004.68","1,009.97","1,003.77",,0.54%
2015/7/17,998.41,987.16,998.41,984.79,,1.06%
2015/7/16,987.94,977.89,988.13,975.62,,1.07%
2015/7/15,977.52,983.98,985.82,974.95,,-0.33%
2015/7/14,980.76,961.58,982.99,961.58,,3.32%
2015/7/13,949.22,932.53,952.28,931.94,,2.71%
2015/7/10,924.19,943.62,948.35,922.72,,-2.01%
2015/7/9,943.12,932.81,944.63,859.49,,-0.91%
2015/7/8,951.75,996.07,996.25,939.33,,-4.79%
2015/7/7,999.58,998.23,"1,003.01",996.9,,1.17%
2015/7/6,988,995.99,"1,007.34",981.09,,-2.05%
2015/7/3,"1,008.65","1,013.31","1,013.87","1,000.48",,-0.49%
2015/7/2,"1,013.61","1,025.24","1,027.80","1,012.31",,-0.35%
2015/7/1,"1,017.22",995.35,"1,017.22",994.6,,2.96%
2015/6/30,987.94,979.77,990.9,979.77,,0.96%
2015/6/29,978.59,991.32,995.86,969.93,,-3.31%
2015/6/26,"1,012.14","1,018.53","1,019.00","1,005.55",,-0.85%
2015/6/25,"1,020.86","1,026.29","1,029.97","1,015.75",,-0.73%
2015/6/24,"1,028.38","1,022.79","1,035.27","1,021.17",,0.93%
2015/6/23,"1,018.90","1,021.44","1,025.46","1,014.61",,0.45%
2015/6/22,"1,014.33","1,000.28","1,015.23","1,000.26",,1.63%
2015/6/19,998.05,998.94,"1,001.60",991.69,,0.50%
2015/6/18,993.09,990.68,996.75,985.95,,0.45%
2015/6/17,988.65,985.1,989.21,984.6,,0.78%
2015/6/16,980.97,994.82,"1,000.15",980.89,,-1.36%
2015/6/15,994.48,988.6,996.04,985.69,,0.67%
2015/6/12,987.87,977.09,987.94,973.65,,1.20%
2015/6/11,976.19,968.6,979.23,965.2,,1.29%
2015/6/10,963.78,950.95,968.84,950.95,,1.69%
2015/6/9,947.75,953.46,953.86,945.49,,-1.05%
2015/6/8,957.82,961.41,963.81,956.73,,-0.41%
2015/6/5,961.77,965.88,968.28,958.83,,-0.79%
2015/6/4,969.38,966.4,972.22,966.09,,0.70%
2015/6/3,962.67,962.39,965.18,961,,-0.31%
2015/6/2,965.62,968.13,970.7,962.37,,-0.08%
2015/6/1,966.38,957.42,968.83,957.3,,0.78%
2015/5/29,958.87,943.68,958.87,942.32,,1.60%
2015/5/28,943.74,961.6,963.23,943.74,,-1.54%
2015/5/27,958.5,950.46,958.88,950.17,,0.43%
2015/5/26,954.37,965.59,965.59,950.29,,-1.07%
2015/5/25,964.74,962.87,969.91,961.51,,0.93%
2015/5/22,955.86,952.82,956.1,949.2,,0.50%
2015/5/21,951.09,945.47,962.44,945.47,,0.53%
2015/5/20,946.04,941.45,947.42,941.19,,0.84%
2015/5/19,938.18,915.23,938.18,912.89,,2.64%
2015/5/18,914.04,918.77,921.23,912.29,,-0.19%
2015/5/15,915.82,912.28,916.15,909.23,,0.31%
2015/5/14,913,909.79,913.8,908.82,,0.51%
2015/5/13,908.4,912.8,921.75,908.4,,-0.40%
2015/5/12,912.05,911.21,912.45,907.41,,0.25%
2015/5/11,909.81,913.53,914.49,907.99,,0.07%
2015/5/8,909.21,899.5,909.89,899.2,,1.28%
2015/5/7,897.73,894.34,898.68,893.04,,-0.08%
2015/5/1,898.48,903.88,904.86,891.08,,-1.26%
2015/4/30,909.9,917.63,926.45,904,,-1.04%
2015/4/28,919.49,921.24,923.04,917.65,,-0.36%
2015/4/27,922.82,926.9,930.07,921.56,,-0.45%
2015/4/24,926.95,918.11,928.54,917.9,,1.16%
2015/4/23,916.33,925.6,926.01,914.45,,-0.84%
2015/4/22,924.06,916.24,925.28,915.19,,1.11%
2015/4/21,913.92,918.65,922.25,912.49,,-0.10%
2015/4/20,914.87,916.76,923.98,913.73,,-1.14%
2015/4/17,925.45,933.05,935.6,923.75,,-0.91%
2015/4/16,933.99,934.24,934.88,922.35,,0.39%
2015/4/15,930.37,928.89,934.01,927.68,,0.29%
2015/4/14,927.7,917.73,931.91,916.34,,1.35%
2015/4/13,915.31,906.38,915.52,904.14,,1.29%
2015/4/10,903.65,901.23,903.96,895.3,,0.33%
2015/4/9,900.66,903.65,908.53,898.46,,-0.22%
2015/4/8,902.62,893.86,904.06,893.5,,1.44%
2015/4/7,889.8,886.71,889.8,884.8,,0.81%
2015/4/6,882.62,869.89,882.62,868.45,,1.10%
2015/4/3,873,876.85,878.91,870.2,,-0.39%
2015/4/2,876.41,874.86,881.88,874.54,,0.38%
2015/4/1,873.11,880.69,881.47,869.37,,-0.72%
2015/3/31,879.47,870.89,879.47,868.84,,1.46%
2015/3/30,866.85,868.58,870.92,865.21,,0.22%
2015/3/27,864.96,857.39,876.71,857.39,,0.41%
2015/3/26,861.41,872.4,875.26,861.41,,-1.95%
2015/3/25,878.57,883.65,885.96,875.75,,-0.38%
2015/3/24,881.88,876,882.43,874.69,,0.69%
2015/3/23,875.84,878.93,879.76,874.44,,0.14%
2015/3/20,874.65,854.93,877.98,853.46,,2.34%
2015/3/19,854.62,854.36,857.12,848.18,,-0.09%
2015/3/18,855.42,856.97,857.35,850.57,,-0.32%
2015/3/17,858.15,864.31,866.03,856.56,,-0.54%
2015/3/16,862.81,868.3,870.09,861.21,,-0.81%
2015/3/13,869.89,870.14,872.43,867.23,,0.42%
2015/3/12,866.23,866.2,872.62,865.68,,0.20%
2015/3/11,864.52,847.5,866.41,846.32,,1.15%
2015/3/10,854.69,862.98,864.51,852.16,,-0.62%
2015/3/9,860.02,866.82,868.26,859.89,,-1.36%
2015/3/6,871.92,870.59,874.48,869.47,,0.26%
2015/3/5,869.7,867.24,875.19,867.16,,0.12%
2015/3/4,868.68,855.76,873.74,849.15,,1.00%
2015/3/3,860.05,877.15,877.73,858,,-1.85%
2015/3/2,876.29,882.17,882.93,875.79,,-0.50%
2015/2/27,880.65,874.35,883.39,874.28,,0.76%
2015/2/26,874.05,876.23,878.16,874.05,,-0.35%
2015/2/25,877.11,875.82,879.39,874.16,,0.21%
2015/2/24,875.28,879.55,881.92,875,,-0.43%
2015/2/23,879.03,879.97,883.54,877.76,,0.37%
2015/2/20,875.77,879.01,879.75,873.59,,-0.16%
2015/2/19,877.15,878.24,880.52,874.61,,0.30%
2015/2/18,874.54,868.71,875.03,867.49,,0.99%
2015/2/17,865.97,865.49,872.37,863.98,,0.24%
2015/2/16,863.89,868.38,868.59,860.52,,-0.56%
2015/2/13,868.79,879.27,880.11,866.47,,-1.72%
2015/2/12,884.03,885.82,886.49,880.1,,-0.12%
2015/2/10,885.11,877.29,886.96,877.29,,0.94%
2015/2/9,876.83,878.82,879.74,866.74,,0.26%
2015/2/6,874.58,874.99,879.06,868.88,,0.24%
2015/2/5,872.48,877.74,880.03,870.84,,-0.99%
2015/2/4,881.2,872.7,881.37,871.91,,1.48%
2015/2/3,868.33,883.57,888.29,865.74,,-1.44%
2015/2/2,881.05,880.83,886.2,875.43,,-0.44%
2015/1/30,884.9,885.67,887.17,878.37,,0.33%
2015/1/29,882,889.01,895.9,882,,-1.13%
2015/1/28,892.08,877.91,893.19,877.91,,1.23%
2015/1/27,881.21,884.05,886.01,880.65,,-0.47%
2015/1/26,885.38,872.95,886.8,872.95,,1.49%
2015/1/23,872.35,877.25,878.02,868.91,,-0.08%
2015/1/22,873.04,884.01,885.88,870.38,,-0.92%
2015/1/21,881.11,887.86,891.61,879.22,,-0.86%
2015/1/20,888.79,883.43,893.21,883.04,,0.45%
2015/1/19,884.77,880.82,885.21,872.35,,0.84%
2015/1/16,877.39,881.75,884.16,862.1,,-1.18%
2015/1/15,887.85,889.65,892.61,880.69,,-0.57%
2015/1/14,892.94,895.57,902.85,889.49,,-0.64%
2015/1/13,898.67,881.92,899.16,878.25,,0.80%
2015/1/9,891.53,912.7,912.7,887.05,,-1.93%
2015/1/8,909.04,898.79,910.88,896.14,,2.19%
2015/1/7,889.55,895.38,904.53,887.06,,-0.82%
2015/1/6,896.9,902.13,906.66,895.41,,-2.18%
2015/1/5,916.89,913.54,922.74,911.41,,0.79%
2014/12/30,909.67,914.65,919.39,902.05,,-0.60%
2014/12/29,915.17,914.42,927.47,902.94,,0.48%
2014/12/26,910.81,874.07,910.81,873.67,,4.60%
2014/12/25,870.77,863.7,873.09,862.91,,0.44%
2014/12/24,866.96,886.56,886.59,865.92,,-2.16%
2014/12/22,886.07,902.13,908.07,882.59,,-1.82%
2014/12/19,902.54,897.15,904.18,890.98,,1.38%
2014/12/18,890.27,880.91,890.54,878.03,,2.42%
2014/12/17,869.26,872.48,886.02,868.08,,-1.02%
2014/12/16,878.18,894.83,898.58,876.38,,-2.99%
2014/12/15,905.29,913.28,921.85,904.29,,-1.13%
2014/12/12,915.62,925.22,926.36,912.47,,-0.74%
2014/12/11,922.43,909.11,923.88,904.41,,0.64%
2014/12/10,916.54,904.08,926.43,900.97,,0.43%
2014/12/9,912.64,923.77,931.67,908.53,,-1.87%
2014/12/8,930.01,956.66,957.03,930.01,,-2.50%
2014/12/5,953.89,938.15,954.82,936.75,,1.63%
2014/12/4,938.55,954.4,955.38,938.5,,-1.53%
2014/12/3,953.16,973.03,980.36,951.88,,-1.83%
2014/12/2,970.9,958.9,976.67,957.31,,1.30%
2014/12/1,958.48,958.52,959.91,945.34,,-0.14%
2014/11/28,959.85,962.52,968.49,953.62,,-0.14%
2014/11/27,961.17,968.37,977.19,959.97,,-0.72%
2014/11/26,968.18,951.55,970.92,949.34,,1.58%
2014/11/25,953.13,936.9,953.13,934.19,,2.69%
2014/11/21,928.16,913.2,930.86,909.44,,1.01%
2014/11/20,918.86,920,929,914.7,,0.18%
2014/11/19,917.19,925.46,928.06,913.89,,-0.37%
2014/11/18,920.59,894.8,920.59,893.81,,3.18%
2014/11/17,892.23,908.71,909.96,890.87,,-1.53%
2014/11/14,906.07,917.63,926.21,898.14,,-1.40%
2014/11/13,918.94,928.37,931.06,914.86,,-1.47%
2014/11/12,932.62,949.53,950.77,930.92,,-1.23%
2014/11/11,944.27,944.59,950.81,939.85,,0.57%
2014/11/10,938.92,934.84,938.92,928.61,,0.23%
2014/11/7,936.77,946.95,949.75,934.17,,-0.61%
2014/11/6,942.5,940.93,961.6,922.47,,1.01%
2014/11/5,933.05,907.27,933.82,904.77,,2.83%
2014/11/4,907.4,898.17,917.39,895.55,,2.66%
2014/10/31,883.85,877.2,887.46,868.23,,1.25%
2014/10/30,872.92,886.87,890.79,868.37,,-1.81%
2014/10/29,889.04,899.89,901,882.91,,-0.97%
2014/10/28,897.77,883.95,898.89,882.9,,1.38%
2014/10/27,885.57,895.48,897.24,885.57,,-0.20%
2014/10/24,887.34,901.19,905.54,885.17,,-0.52%
2014/10/23,891.95,867.07,892.09,864.99,,2.64%
2014/10/22,868.98,860.39,874.08,856.25,,2.36%
2014/10/21,848.92,866.85,868.74,846.46,,-2.02%
2014/10/20,866.38,846.54,869.07,846.54,,4.35%
2014/10/17,830.26,833.48,850.23,825.07,,0.73%
2014/10/16,824.27,825.67,848.57,812.58,,-2.19%
2014/10/15,842.69,833,843.23,820.46,,2.31%
2014/10/14,823.63,834.87,838.15,818.58,,-3.20%
2014/10/10,850.87,853.25,857.93,830.48,,-1.98%
2014/10/9,868.03,904.89,908.85,866.44,,-3.47%
2014/10/8,899.26,877.67,900.77,871.34,,0.85%
2014/10/7,891.69,915.79,919.21,889.58,,-3.13%
2014/10/6,920.46,913.53,924.6,905.69,,1.54%
2014/10/3,906.52,883.36,906.52,877.62,,3.30%
2014/10/2,877.56,879.76,891.98,869.4,,-1.95%
2014/10/1,895.03,931.97,931.97,894.06,,-3.89%
2014/9/30,931.21,948.03,951.8,931.09,,-2.20%
2014/9/29,952.13,966.05,967.46,951.72,,-0.86%
2014/9/26,960.42,940.5,962.43,936.99,,1.32%
2014/9/25,947.88,950.74,955.6,942.92,,0.50%
2014/9/24,943.13,951.54,951.54,938.05,,-1.93%
2014/9/22,961.73,965.04,969.79,958.83,,-0.12%
2014/9/19,962.9,966.17,968.97,957.23,,0.18%
2014/9/18,961.16,957.1,971.1,947.19,,0.81%
2014/9/17,953.46,956.97,960.24,950.35,,0.11%
2014/9/16,952.38,955.93,962.53,950.86,,0.03%
2014/9/12,952.11,956.64,965.05,949.9,,-0.70%
2014/9/11,958.8,933.38,959.39,933.38,,3.14%
2014/9/10,929.59,947.75,950.88,926.7,,-2.33%
2014/9/9,951.77,961.89,964.48,950.88,,-0.93%
2014/9/8,960.68,948.53,960.75,947.87,,1.54%
2014/9/5,946.1,947.06,948.24,929.48,,0.36%
2014/9/4,942.69,955.34,963.24,941.05,,-1.32%
2014/9/3,955.31,950.72,964,947.75,,0.58%
2014/9/2,949.79,970.01,970.15,945.59,,-1.98%
2014/9/1,969,969.57,971.02,965.38,,0.66%
2014/8/29,962.63,954.26,962.66,945.46,,0.14%
2014/8/28,961.28,981.26,982.74,957.77,,-2.41%
2014/8/27,985.03,980.77,993.25,975.96,,0.99%
2014/8/26,975.39,987.4,993.48,973.36,,-1.02%
2014/8/25,985.46,955.98,985.46,955.66,,3.28%
2014/8/22,954.13,952.14,956.2,947.07,,0.70%
2014/8/21,947.52,942.7,951.72,939.48,,0.53%
2014/8/20,942.52,949.18,950.16,940.85,,-0.57%
2014/8/19,947.96,950.36,951.81,933.55,,0.77%
2014/8/18,940.7,954.53,960.65,938.68,,-0.89%
2014/8/15,949.1,933.3,950.6,928.23,,1.79%
2014/8/14,932.38,929.59,952.6,912.04,,0.31%
2014/8/13,929.49,916.69,931.32,911.96,,1.05%
2014/8/12,919.86,912.99,935.42,912.99,,1.12%
2014/8/11,909.65,872.53,911.67,871.96,,6.22%
2014/8/8,856.35,878.93,886.86,833.66,,-3.42%
2014/8/7,886.69,896.24,903.5,867.54,,-1.33%
2014/8/6,898.65,920.18,925.4,881.21,,-3.00%
2014/8/5,926.46,969.75,970.94,922.61,,-4.37%
2014/8/4,968.82,967.12,979.4,966.09,,0.29%
2014/8/1,966.03,957.22,976.33,944.63,,-0.82%
2014/7/31,974.01,962.07,975.56,960.42,,1.77%
2014/7/30,957.07,960.34,967.37,954.25,,0.04%
2014/7/29,956.65,935.2,956.92,933.6,,2.78%
2014/7/28,930.74,913.53,931.14,913.53,,1.77%
2014/7/25,914.54,926.37,926.66,909.56,,-1.25%
2014/7/24,926.15,924.82,932.11,921.03,,0.21%
2014/7/23,924.17,912.98,926.4,912.98,,1.71%
2014/7/22,908.64,896.31,910.2,895.41,,1.62%
2014/7/18,894.19,879.6,895.62,873.53,,0.08%
2014/7/17,893.48,901.96,907.41,892.13,,-0.82%
2014/7/16,900.89,915.48,915.65,900.71,,-1.90%
2014/7/15,918.31,913.49,918.66,906.65,,1.26%
2014/7/14,906.86,898.98,906.86,897.93,,1.64%
2014/7/11,892.26,875.58,895.5,871.29,,0.39%
2014/7/10,888.76,904.56,911.28,887.14,,-1.29%
2014/7/9,900.36,903.51,908.86,896.78,,-1.85%
2014/7/8,917.34,913.43,918.27,905.04,,-0.12%
2014/7/7,918.43,915.53,924.86,913.62,,-0.08%
2014/7/4,919.21,925.79,926.83,918.15,,-0.13%
2014/7/3,920.44,926.87,927.05,914.88,,-0.59%
2014/7/2,925.88,934.41,938.31,922.94,,0.26%
2014/7/1,923.45,907.72,923.77,906.51,,2.41%
2014/6/30,901.68,885.57,901.68,884.57,,2.26%
2014/6/27,881.76,908.3,908.93,867.11,,-3.64%
2014/6/26,915.03,923.59,930.16,913.17,,-0.31%
2014/6/25,917.85,937.51,955.43,916.46,,-2.22%
2014/6/24,938.72,923.58,945.21,923.58,,1.35%
2014/6/23,926.18,915.81,930.83,911.79,,1.50%
2014/6/20,912.5,928.56,932.32,902.02,,-1.84%
2014/6/19,929.58,931.94,938.3,917.63,,0.46%
2014/6/18,925.29,919.33,934.98,919.33,,1.53%
2014/6/17,911.38,896.41,914.28,890.45,,1.87%
2014/6/16,894.65,886.55,911.57,877.6,,1.73%
2014/6/13,879.4,856.76,879.61,856.43,,1.95%
2014/6/12,862.62,843.99,864.09,843.78,,1.13%
2014/6/11,852.99,823,855.05,820.1,,2.92%
2014/6/10,828.79,844.9,845.76,824.1,,-2.17%
2014/6/9,847.16,841.26,849.72,839.21,,1.79%
2014/6/6,832.23,824.01,832.23,818.77,,1.44%
2014/6/5,820.39,824.32,826.67,807.03,,-0.36%
2014/6/4,823.39,826.96,834.48,818.76,,-0.80%
2014/6/3,830.02,816.5,830.02,808.11,,2.54%
2014/6/2,809.47,788.51,809.71,788.51,,4.16%
2014/5/30,777.15,775.13,786.34,762.83,,1.61%
2014/5/29,764.85,747.77,767.05,747.54,,2.46%
2014/5/28,746.46,745.09,751.63,742.59,,1.29%
2014/5/27,736.95,736.58,754.61,733.84,,0.31%
2014/5/26,734.64,713.93,736.32,713.68,,4.50%
2014/5/23,702.98,683.21,705.05,682.5,,3.64%
2014/5/22,678.28,665.61,682.04,665.61,,3.23%
2014/5/21,657.03,637.58,659.28,635.41,,1.80%
2014/5/20,645.4,634.97,646.93,633.02,,1.64%
2014/5/19,635,670.84,671.17,633.61,,-5.38%
2014/5/16,671.08,684.33,684.33,668.31,,-3.19%
2014/5/15,693.19,680.13,695.16,677.99,,1.16%
2014/5/14,685.25,678.78,689.9,671.74,,0.91%
2014/5/13,679.05,676.64,684.98,676.64,,1.57%
2014/5/12,668.56,694.36,695.89,666,,-3.92%
2014/5/9,695.84,695.38,700.45,689.78,,-0.43%
2014/5/8,698.87,714.12,716.45,697.46,,-1.35%
2014/5/7,708.4,715.57,715.76,706,,-2.03%
2014/5/2,723.11,716.07,727.43,714.49,,0.77%
2014/5/1,717.57,694.67,719.39,688.26,,2.90%
2014/4/30,697.34,714.14,716.41,689.05,,-1.99%
2014/4/28,711.5,727.65,729.08,710.05,,-3.12%
2014/4/25,734.38,730.9,747.12,730.9,,0.66%
2014/4/24,729.55,732.02,737.37,728.41,,-0.24%
2014/4/23,731.28,727.09,732.64,717.33,,1.29%
2014/4/22,721.98,742.96,748.75,719.42,,-2.61%
2014/4/21,741.3,750,753.83,741.18,,-0.57%
2014/4/18,745.52,733.3,745.66,732.92,,2.21%
2014/4/17,729.38,741.76,747.51,724.78,,-0.70%
2014/4/16,734.53,709.74,734.93,709.27,,3.90%
2014/4/15,706.95,707.44,713.96,705.14,,1.38%
2014/4/14,697.35,696.13,713.29,696.13,,-0.75%
2014/4/11,702.64,709.38,710.26,691.73,,-2.93%
2014/4/10,723.85,749,754.48,718.87,,-2.00%
2014/4/9,738.66,737.71,750.38,737.71,,-1.19%
2014/4/8,747.56,751.55,761.59,745.15,,-1.74%
2014/4/7,760.81,767.83,768.4,756.75,,-2.34%
2014/4/4,779,777.41,780.51,772.12,,-0.31%
2014/4/3,781.42,799.14,799.27,780.35,,-1.73%
2014/4/2,795.17,773.06,795.51,772.52,,3.90%
2014/4/1,765.29,770.88,776.71,764.16,,-0.27%
2014/3/31,767.36,773.52,779.99,759.12,,0.24%
2014/3/28,765.55,729.71,765.55,729.71,,4.71%
2014/3/27,731.13,709.61,731.64,689.11,,1.49%
2014/3/26,720.37,729.47,739.27,719.24,,-1.01%
2014/3/25,727.69,766.75,766.75,726.07,,-5.65%
2014/3/24,771.23,757.71,775.99,757.71,,1.91%
2014/3/20,756.8,790.01,791.69,753.47,,-4.64%
2014/3/19,793.62,808.15,813.62,789.43,,-1.53%
2014/3/18,805.97,796.42,808.27,796.23,,2.94%
2014/3/17,782.96,795.81,804.58,780.8,,-2.46%
2014/3/14,802.67,820.29,820.53,794.45,,-3.74%
2014/3/13,833.87,849.83,855.34,832.33,,-2.01%
2014/3/12,850.95,857.22,863.76,850.03,,-1.80%
2014/3/11,866.52,866.95,874.86,861.46,,0.12%
2014/3/10,865.51,852.33,867.11,850.79,,1.51%
2014/3/7,852.6,847.79,855.67,842.94,,1.90%
2014/3/6,836.68,827.9,842.01,823.84,,0.96%
2014/3/5,828.71,827.34,839.57,826.93,,1.78%
2014/3/4,814.18,804.23,819.4,798.99,,0.01%
2014/3/3,814.09,826.58,827.45,797.23,,-2.76%
2014/2/28,837.2,834.44,843.97,830.37,,0.21%
2014/2/27,835.45,847.65,850.57,832.51,,-1.69%
2014/2/26,849.84,853.11,861.45,845.32,,-0.63%
2014/2/25,855.23,857.74,866.47,852.09,,0.60%
2014/2/24,850.15,839.32,855.24,835.82,,1.73%
2014/2/21,835.68,828.76,838.49,825.32,,1.90%
2014/2/20,820.08,833.92,842.29,812.38,,-2.42%
2014/2/19,840.41,829.6,857.63,825.38,,0.99%
2014/2/18,832.21,820.9,833.5,807.49,,1.50%
2014/2/17,819.93,823.68,828.12,791.1,,-0.43%
2014/2/14,823.49,843.31,850.91,813.66,,-2.02%
2014/2/13,840.48,861.23,861.8,837.37,,-3.42%
2014/2/12,870.26,869.73,878.78,864.43,,1.65%
2014/2/10,856.14,829.68,859.07,828,,4.52%
2014/2/7,819.15,839.46,850.77,805.73,,-1.01%
2014/2/6,827.49,789.22,840.62,787.23,,4.91%
2014/2/5,788.75,805.5,835.42,754.05,,-0.19%
2014/2/4,790.24,858.47,858.5,752.01,,-9.95%
2014/2/3,877.54,939.78,939.91,873.8,,-8.25%
2014/1/31,956.42,976.09,980.95,934.65,,-0.89%
2014/1/30,965.02,985.08,990.84,957.11,,-2.30%
2014/1/29,987.73,966.87,989.47,966.72,,3.79%
2014/1/28,951.7,982.22,997.03,949.51,,-1.98%
2014/1/27,970.96,"1,006.58","1,009.32",970.96,,-4.98%
2014/1/24,"1,021.90",999.32,"1,034.17",995.66,,0.63%
2014/1/23,"1,015.46","1,037.27","1,042.14","1,013.49",,-1.92%
2014/1/22,"1,035.34","1,000.19","1,035.54",999.94,,3.57%
2014/1/21,999.68,"1,008.81","1,013.33",999.27,,-0.51%
2014/1/20,"1,004.80",990.69,"1,007.20",987.97,,1.76%
2014/1/17,987.38,975.85,987.54,975.67,,0.85%
2014/1/16,979.07,991.68,998.14,976.97,,-0.52%
2014/1/15,984.18,983.3,991.64,977.94,,1.26%
2014/1/14,971.9,963.89,982.93,952.96,,-0.58%
2014/1/10,977.57,975.98,986.08,972.54,,0.34%
2014/1/9,974.3,971.79,980.57,965.75,,0.14%
2014/1/8,972.95,960.55,976.83,955.56,,1.93%
2014/1/7,954.5,969.71,979.81,948.07,,-1.43%
2014/1/6,968.33,964.39,977.45,962.64,,0.94%
2013/12/30,959.33,939.04,963.49,936.65,,2.51%
2013/12/27,935.84,944.42,946.55,926.73,,-0.38%
2013/12/26,939.37,934.64,948.75,934.64,,2.08%
2013/12/25,920.19,881.22,926.52,880.27,,4.39%
2013/12/24,881.5,900.66,901.61,880.5,,-2.17%
2013/12/20,901.09,904.45,910.5,893.98,,-0.52%
2013/12/19,905.83,903.15,916.68,903.01,,1.09%
2013/12/18,896.06,888.76,904.4,887.51,,0.49%
2013/12/17,891.73,885.57,907.92,885.57,,1.38%
2013/12/16,879.6,928.82,928.83,875.35,,-5.77%
2013/12/13,933.47,947.51,949.63,931.63,,-1.55%
2013/12/12,948.17,958.87,960.34,943.59,,-2.00%
2013/12/11,967.52,977.27,984.09,952.96,,-1.83%
2013/12/10,985.52,974.79,999.28,970.12,,0.55%
2013/12/9,980.17,954.16,980.64,954.11,,3.78%
2013/12/6,944.44,952.88,957.2,928.56,,-1.28%
2013/12/5,956.71,936.99,976.01,936.81,,2.89%
2013/12/4,929.85,910.56,931.41,904.64,,1.15%
2013/12/3,919.32,930.18,935.49,918.14,,-0.79%
2013/12/2,926.66,899.75,927.96,899.75,,3.35%
2013/11/29,896.65,888.6,900.11,884.44,,1.02%
2013/11/28,887.57,883.78,889.68,876.2,,1.22%
2013/11/27,876.9,891.5,895.25,874.43,,-2.15%
2013/11/26,896.15,882.37,897.11,880.84,,1.61%
2013/11/25,881.98,878.72,885.55,878.4,,0.85%
2013/11/22,874.51,881.23,888.41,866.26,,-0.41%
2013/11/21,878.12,872.08,883.09,870.86,,0.54%
2013/11/20,873.44,856.36,873.44,855.13,,2.29%
2013/11/19,853.86,855.29,856.03,842.17,,0.25%
2013/11/18,851.69,849.78,861.3,845.82,,0.88%
2013/11/15,844.27,837.02,845.62,837.02,,1.46%
2013/11/14,832.12,833.71,844.87,830.67,,0.10%
2013/11/13,831.31,828.54,834.56,823.97,,0.14%
2013/11/12,830.14,801.15,833.02,800.24,,3.07%
2013/11/11,805.41,834.31,837.83,803.99,,-3.24%
2013/11/8,832.37,841.23,846.37,824.57,,-2.27%
2013/11/7,851.74,849.53,863.49,849.15,,0.59%
2013/11/6,846.75,857.94,861.48,845.71,,-1.97%
2013/11/5,863.79,838.43,864.07,828.85,,3.53%
2013/11/1,834.37,824.07,845.25,809.89,,1.68%
2013/10/31,820.56,842.25,853.32,816,,-2.41%
2013/10/30,840.84,887.71,889.73,838.73,,-5.73%
2013/10/29,891.97,888.77,899.44,882.79,,0.29%
2013/10/28,889.43,901.19,904.59,887.93,,-0.39%
2013/10/25,892.9,898.93,907.92,883.28,,0.06%
2013/10/24,892.34,861.45,893.61,861.28,,2.89%
2013/10/23,867.3,889.39,894.93,864.07,,-2.43%
2013/10/22,888.86,906.53,906.69,885.31,,-1.78%
2013/10/21,904.98,890.29,904.98,890.29,,2.48%
2013/10/18,883.09,873.21,889.44,872.53,,1.31%
2013/10/17,871.69,874.32,880.38,866.83,,0.97%
2013/10/16,863.35,869.12,882.43,859.35,,-1.37%
2013/10/15,875.36,869.82,879.91,868.49,,1.07%
2013/10/11,866.1,858.02,870.55,848.87,,2.39%
2013/10/10,845.92,846.5,855.27,842.07,,0.94%
2013/10/9,838.02,795.67,841.43,791.4,,4.17%
2013/10/8,804.49,791.42,805.99,769.91,,0.06%
2013/10/7,803.97,841.03,847.08,802.96,,-4.19%
2013/10/4,839.17,834.78,839.73,816.14,,-0.57%
2013/10/3,843.99,830.38,844.81,825.59,,0.97%
2013/10/2,835.9,844.45,859.28,815.04,,-0.88%
2013/10/1,843.29,860.52,877.02,841.14,,-1.59%
2013/9/30,856.93,846.53,869.85,840.13,,0.67%
2013/9/27,851.25,823.07,851.25,822.66,,4.12%
2013/9/26,817.53,779.18,817.53,779.18,,4.20%
2013/9/25,784.61,815.94,817.84,783.61,,-3.77%
2013/9/24,815.31,809.99,815.31,804.58,,0.33%
2013/9/20,812.66,804.41,817.8,800.66,,1.02%
2013/9/19,804.46,802.89,812.15,791.91,,0.97%
2013/9/18,796.74,770.83,797.66,770.83,,4.07%
2013/9/17,765.6,758.73,770.17,757.56,,1.74%
2013/9/13,752.52,730.02,752.52,728.92,,2.98%
2013/9/12,730.74,716.54,735.45,713.91,,2.21%
2013/9/11,714.95,690.44,722.93,687.78,,3.38%
2013/9/10,691.57,700.44,706.72,690.27,,-0.97%
2013/9/9,698.32,693.62,698.6,687.62,,2.14%
2013/9/6,683.68,698.85,702.03,678.88,,-2.02%
2013/9/5,697.81,706.06,709.49,693.28,,-0.46%
2013/9/4,701.06,675.5,702.14,674.85,,3.82%
2013/9/3,675.24,653.01,675.24,652.88,,4.20%
2013/9/2,648.01,654.43,655.06,646.87,,-1.49%
2013/8/30,657.8,650.51,660.64,648.02,,1.73%
2013/8/29,646.61,649.88,659.96,644,,0.39%
2013/8/28,644.07,665.6,665.6,642.02,,-5.04%
2013/8/27,678.23,682.21,691.22,674.62,,-0.96%
2013/8/26,684.83,679.31,689.12,675.79,,0.67%
2013/8/23,680.27,685.48,690.73,676.67,,0.26%
2013/8/22,678.52,693.79,693.9,677.46,,-2.94%
2013/8/21,699.07,708.14,710.78,689.76,,-1.07%
2013/8/20,706.63,714.83,715.73,702.96,,-1.17%
2013/8/19,715.01,699.12,715.01,699.1,,3.09%
2013/8/16,693.58,681.79,698.61,679.55,,0.60%
2013/8/15,689.44,680.65,690.76,678.83,,0.23%
2013/8/14,687.83,676.67,693.96,674.06,,1.98%
2013/8/13,674.46,651.77,677.46,633.15,,3.40%
2013/8/12,652.26,694.95,694.95,650.5,,-7.24%
2013/8/9,703.17,714.09,726.47,694.22,,-0.94%
2013/8/8,709.87,722.13,737.18,704.97,,-2.78%
2013/8/7,730.19,742.75,747.84,728.72,,-2.94%
2013/8/6,752.29,754.89,757.43,742.49,,-0.54%
2013/8/5,756.41,735.38,761.05,730.97,,2.72%
2013/8/2,736.36,729.74,743.17,728.47,,2.22%
2013/8/1,720.38,738.93,739.71,686.57,,-2.93%
2013/7/31,742.1,778.26,778.26,740.97,,-5.55%
2013/7/30,785.73,753.27,792.99,752.32,,3.88%
2013/7/29,756.37,811.16,812.89,751.69,,-7.25%
2013/7/26,815.53,817.16,827.69,806.89,,-0.33%
2013/7/25,818.21,812.53,826.82,801.99,,1.47%
2013/7/24,806.35,796.23,826.94,793.56,,1.00%
2013/7/23,798.34,791.84,800.66,789.63,,0.76%
2013/7/22,792.28,790.77,798.73,781.74,,0.89%
2013/7/19,785.31,807.6,808.7,771.26,,-2.81%
2013/7/18,808.04,794.95,815.05,789.73,,1.31%
2013/7/17,797.62,817.21,829.06,795.7,,-2.07%
2013/7/16,814.52,791.05,817.36,789.16,,3.82%
2013/7/12,784.56,771.71,784.6,767,,2.56%
2013/7/11,765.01,742.55,769.91,736.21,,2.10%
2013/7/10,749.24,770.84,771.52,745.17,,-3.17%
2013/7/9,773.76,775.54,778.01,746.86,,0.30%
2013/7/8,771.46,778.16,795.36,765.43,,0.74%
2013/7/5,765.81,751.58,769.38,751.51,,3.04%
2013/7/4,743.19,746.31,759,733.97,,-0.87%
2013/7/3,749.68,733.94,757.36,719.67,,3.02%
2013/7/2,727.73,714.82,743.94,712.9,,3.22%
2013/7/1,705.02,664.01,705.02,663.65,,6.79%
2013/6/28,660.22,626.01,662.34,622.77,,5.80%
2013/6/27,624,628.37,644.67,564.95,,0.57%
2013/6/26,620.46,703.52,705.34,618.03,,-11.62%
2013/6/25,702,718.16,718.16,686.91,,-2.96%
2013/6/24,723.43,742.85,753.59,721.21,,-1.81%
2013/6/21,736.8,730.1,736.81,705.58,,-0.57%
2013/6/20,741.06,728.28,747.89,727.54,,1.25%
2013/6/19,731.91,770.65,778.29,726.62,,-3.62%
2013/6/18,759.4,747.88,771.03,747.74,,2.11%
2013/6/17,743.74,740.12,747.81,730.93,,0.17%
2013/6/14,742.5,766.48,779.38,741.58,,-1.37%
2013/6/13,752.81,763.28,780.77,744.74,,-1.94%
2013/6/12,767.74,737.63,775.59,721.47,,2.44%
2013/6/11,749.42,752.1,784.18,737.34,,-0.03%
2013/6/10,749.67,683.79,751.26,683.63,,11.87%
2013/6/7,670.15,742.88,742.91,646.27,,-11.49%
2013/6/6,757.17,856.47,861.84,740.34,,-13.07%
2013/6/5,871.03,885.7,916.07,858.28,,-0.56%
2013/6/4,875.92,893.92,909.7,854.72,,-1.62%
2013/6/3,890.35,877.47,916.49,872.62,,0.48%
2013/5/31,886.11,887.47,904.33,869.1,,1.49%
2013/5/30,873.1,894.82,906.83,848.98,,-3.93%
2013/5/29,908.79,869.26,921.78,868.24,,6.06%
2013/5/28,856.89,825.77,857.51,824.64,,2.81%
2013/5/27,833.5,843.03,857.23,806.31,,-1.76%
2013/5/24,848.4,831.47,881.29,782.66,,3.74%
2013/5/23,817.82,906.21,942.12,817.82,,-10.05%
2013/5/22,909.2,933.57,941.75,894.48,,-3.79%
2013/5/21,945.06,989.47,"1,004.19",938.97,,-4.03%
2013/5/20,984.77,964.33,"1,010.02",963.46,,3.63%
2013/5/17,950.27,903.12,958.43,884.99,,4.59%
2013/5/16,908.55,955.68,960.6,832.02,,-6.01%
2013/5/15,966.63,"1,059.95","1,063.87",937.12,,-8.20%
2013/5/14,"1,052.95",996.95,"1,056.64",993.04,,5.12%
2013/5/13,"1,001.66",993.64,"1,020.19",985.17,,1.46%
2013/5/10,987.25,981.81,"1,000.49",942.05,,1.05%
2013/5/9,977,"1,032.55","1,058.63",976.17,,-5.13%
2013/5/8,"1,029.85","1,004.57","1,083.24",972.88,,3.28%
2013/5/7,997.11,914.29,999.07,914.07,,10.97%
2013/5/2,898.51,855.59,898.51,849.22,,5.05%
2013/5/1,855.32,885.28,937.36,853.64,,-2.23%
2013/4/30,874.79,811.38,879.89,811.38,,8.66%
2013/4/26,805.08,819.5,824.98,797.56,,-2.79%
2013/4/25,828.21,814.75,842.89,795.71,,2.50%
2013/4/24,808,764.19,814.4,763.53,,6.57%
2013/4/23,758.21,748.65,761.35,745.26,,1.00%
2013/4/22,750.74,733.98,756.13,733.89,,3.68%
2013/4/19,724.1,704.93,724.1,704.05,,3.68%
2013/4/18,698.4,695.9,717.83,694.28,,0.68%
2013/4/17,693.67,667.76,693.67,667.47,,4.87%
2013/4/16,661.47,653.21,665.41,648.97,,-0.16%
2013/4/15,662.55,650.68,666.05,650.44,,2.29%
2013/4/12,647.73,639.06,648.24,638.35,,1.32%
2013/4/11,639.31,648.33,652.18,631.18,,-0.66%
2013/4/10,643.55,630.52,647.9,629.94,,2.42%
2013/4/9,628.34,623.77,634.58,611.28,,0.96%
2013/4/8,622.39,607.29,622.46,607.29,,2.66%
2013/4/5,606.25,611.07,614.72,601.33,,0.16%
2013/4/4,605.27,599.53,616.79,598.13,,0.01%
2013/4/3,605.18,603.13,615.74,603.13,,0.99%
2013/4/2,599.23,578.05,600.86,548.45,,2.41%
2013/4/1,585.12,643.77,643.9,583.51,,-9.15%
2013/3/29,644.05,632.29,645.5,631.7,,2.18%
2013/3/28,630.33,629.26,631.83,622.26,,0.50%
2013/3/27,627.2,624.59,632.02,624.36,,0.69%
2013/3/26,622.9,618.12,626.46,616.94,,0.82%
2013/3/25,617.82,611.33,619.34,601.5,,1.58%
2013/3/22,608.19,618.13,625.05,606.76,,-1.85%
2013/3/21,619.65,623.15,623.58,615.49,,-0.72%
2013/3/19,624.13,625.6,628.15,618.58,,0.44%
2013/3/18,621.37,617.3,628.96,616.95,,1.26%
2013/3/15,613.65,612.68,617.76,609.19,,0.48%
2013/3/14,610.72,594.41,611.48,594.41,,3.64%
2013/3/13,589.26,578.31,593.4,577.38,,1.84%
2013/3/12,578.59,582.44,596.51,567.86,,-1.09%
2013/3/11,584.98,611.95,613.49,583.88,,-4.82%
2013/3/8,614.58,631.26,633.73,612.92,,-2.20%
2013/3/7,628.43,627.66,638,625.41,,0.48%
2013/3/6,625.41,609.54,627.41,607.95,,2.41%
2013/3/5,610.68,613.44,620.12,604.52,,-0.28%
2013/3/4,612.38,605.86,615.78,604.42,,2.28%
2013/3/1,598.72,578.46,599.99,578.24,,4.35%
2013/2/28,573.74,580.94,582.71,569.84,,-0.92%
2013/2/27,579.09,559.62,582.88,559.62,,4.77%
2013/2/26,552.71,556.65,572.96,548,,-2.18%
2013/2/25,565,536.23,565.98,535.89,,6.74%
2013/2/22,529.34,517,533.21,514.21,,2.48%
2013/2/21,516.55,506.09,517.24,506.04,,2.40%
2013/2/20,504.44,496.01,504.48,492.74,,2.33%
2013/2/19,492.95,488.56,497.07,488.49,,0.57%
2013/2/18,490.15,491.3,496.27,479.33,,-0.58%
2013/2/15,493,512.57,516.56,477.28,,-3.35%
2013/2/14,510.1,502.29,514.62,501.77,,2.10%
2013/2/13,499.59,494.08,500.59,487.79,,0.02%
2013/2/12,499.51,524.46,524.86,497.69,,-4.90%
2013/2/8,525.27,536.49,540.43,523.96,,-1.85%
2013/2/7,535.16,542.34,542.34,530.19,,-1.83%
2013/2/6,545.13,540.12,548.67,537.62,,1.52%
2013/2/5,536.97,533.15,546.27,532.64,,0.71%
2013/2/4,533.16,550.91,553.1,533.08,,-2.94%
2013/2/1,549.3,531.42,549.59,530.59,,3.32%
2013/1/31,531.65,533.58,535.97,517.83,,-0.50%
2013/1/30,534.34,538.97,555.23,517.41,,-1.22%
2013/1/29,540.92,589.1,604.36,539.76,,-7.85%
2013/1/28,587,551.7,589.13,551.64,,7.70%
2013/1/25,545.05,539.89,553.02,530.47,,1.57%
2013/1/24,536.61,516.22,536.61,516.22,,4.18%
2013/1/23,515.08,507.81,531.78,505.04,,1.29%
2013/1/22,508.51,506.46,513.14,499.13,,0.72%
2013/1/21,504.88,487.11,507.91,487.03,,4.29%
2013/1/18,484.12,482.52,485.08,480.18,,1.21%
2013/1/17,478.32,481.8,490.29,468.59,,-0.38%
2013/1/16,480.13,488.85,495.13,476.26,,-1.57%
2013/1/15,487.77,461.87,489.02,461.29,,6.22%
2013/1/11,459.2,459.34,463.41,451.02,,0.32%
2013/1/10,457.74,444.79,458.13,443.5,,3.48%
2013/1/9,442.33,437.47,442.56,437.17,,0.92%
2013/1/8,438.28,434.64,439.87,433.53,,1.10%
2013/1/7,433.49,419.66,438.32,419.5,,4.45%
2013/1/4,415.04,408.88,415.6,408.81,,2.64%
2012/12/28,404.37,403.32,405.45,400.12,,0.23%
2012/12/27,403.43,404.93,408.29,402.67,,-0.06%
2012/12/26,403.68,405.07,409.19,401.57,,-0.24%
2012/12/25,404.64,402.57,407.15,402.32,,0.94%
2012/12/21,400.88,401.83,404.85,399,,-0.27%
2012/12/20,401.98,402.14,407.36,400.79,,-0.05%
2012/12/19,402.17,402.49,404.18,400.77,,-0.22%
2012/12/18,403.06,407.97,409.15,402.95,,-1.08%
2012/12/17,407.47,406.83,408.76,403.87,,0.27%
2012/12/14,406.37,404.91,408.38,404.61,,0.21%
2012/12/13,405.52,403.98,408.21,403.83,,0.64%
2012/12/12,402.93,404.81,405.85,401.19,,-0.23%
2012/12/11,403.84,399.66,404.49,399.61,,1.51%
2012/12/10,397.82,395.47,398.24,394.89,,0.71%
2012/12/7,395.03,393.47,396.6,393.43,,0.25%
2012/12/6,394.04,392.66,394.78,392.56,,0.40%
2012/12/5,392.46,390.53,392.58,389.72,,0.25%
2012/12/4,391.5,387.57,391.66,387.23,,0.88%
2012/12/3,388.09,393.53,393.93,388.09,,-1.11%
2012/11/30,392.43,392.02,393.66,389.08,,0.31%
2012/11/29,391.22,393.61,396.78,391.22,,-0.22%
2012/11/28,392.09,391.07,393.72,390.46,,0.49%
2012/11/27,390.18,383.6,390.24,383.42,,2.34%
2012/11/26,381.26,384.77,385.66,381.04,,-0.64%
2012/11/22,383.71,384.55,385.3,382.09,,-0.22%
2012/11/21,384.57,386.46,389.68,383.47,,-0.17%
2012/11/20,385.23,384.43,386.26,382.75,,0.44%
2012/11/19,383.54,381.12,383.54,378.79,,0.88%
2012/11/16,380.19,383.92,385.4,379.7,,-0.78%
2012/11/15,383.19,379.72,384.54,377.86,,0.93%
2012/11/14,379.65,380.97,382.6,377.79,,-0.36%
2012/11/13,381.02,387.56,390.83,377.61,,-1.45%
2012/11/12,386.64,383.47,388.5,382.31,,0.59%
2012/11/9,384.37,384.28,384.41,380.89,,-0.01%
2012/11/8,384.4,381.62,386.86,380.86,,0.30%
2012/11/7,383.26,385.43,386.43,382.43,,-0.21%
2012/11/6,384.06,388.16,388.86,383.97,,-1.09%
2012/11/5,388.31,388.12,390.85,387.46,,0.35%
2012/11/2,386.94,380.27,387.34,380.07,,2.20%
2012/11/1,378.62,378.9,381.08,378.11,,0.07%
2012/10/31,378.37,372.53,379.56,372.53,,1.72%
2012/10/30,371.99,372.64,374.74,370.14,,-0.14%
2012/10/29,372.5,372.11,375.94,372.04,,0.53%
2012/10/26,370.52,372.94,375.15,369.87,,-0.56%
2012/10/25,372.59,370.99,373.09,369.84,,0.61%
2012/10/24,370.34,368.59,372.57,368.24,,-0.06%
2012/10/23,370.57,367.92,371.22,367.84,,1.20%
2012/10/22,366.19,361.08,366.78,360.45,,1.09%
2012/10/19,362.23,360.73,362.23,358.77,,-0.03%
2012/10/18,362.34,357.36,362.89,357.21,,1.90%
2012/10/17,355.57,359.47,362.28,355.33,,-0.93%
2012/10/16,358.92,351.24,359.57,351.01,,2.49%
2012/10/15,350.2,347.19,350.57,347.17,,1.17%
2012/10/12,346.14,352.16,353.13,345.72,,-1.70%
2012/10/11,352.11,345.46,352.8,345.01,,1.17%
2012/10/10,348.05,352.85,353.76,348.05,,-1.78%
2012/10/9,354.36,351.77,357.01,351.49,,1.16%
2012/10/5,350.31,344.79,350.55,344.49,,2.04%
2012/10/4,343.32,339.26,344.17,339.12,,1.35%
2012/10/3,338.75,337.49,340.06,336.74,,0.28%
2012/10/2,337.81,341.07,342.26,337.59,,-0.89%
2012/10/1,340.85,346.81,347.24,340.07,,-1.80%
2012/9/28,347.11,343.32,347.13,342.96,,1.08%
2012/9/27,343.4,341.22,343.4,340.51,,-0.17%
2012/9/26,344,342.37,345.54,341.89,,-0.35%
2012/9/25,345.22,347.31,347.46,343.83,,-0.65%
2012/9/24,347.47,345.09,347.83,344.2,,0.90%
2012/9/21,344.36,344.04,345.87,343.17,,0.15%
2012/9/20,343.84,343.98,349.33,343.72,,-0.07%
2012/9/19,344.08,341.23,344.14,340.44,,0.97%
2012/9/18,340.78,341.74,341.74,340.4,,-0.53%
2012/9/14,342.6,344.46,345.41,342.23,,0.15%
2012/9/13,342.08,338.54,343.86,338.14,,1.20%
2012/9/12,338.04,332.86,338.18,332.86,,1.83%
2012/9/11,331.97,333.74,334.2,331.8,,-0.75%
2012/9/10,334.48,330.15,334.51,328.38,,1.41%
2012/9/7,329.83,332.24,334.25,328.45,,0.08%
2012/9/6,329.56,331.96,334.21,328.43,,-0.97%
2012/9/5,332.8,332.62,333.25,329.9,,-0.11%
2012/9/4,333.18,334.8,337.28,332.95,,-0.19%
2012/9/3,333.82,331.71,334.79,330.92,,0.81%
2012/8/31,331.15,330.41,333.12,330.34,,-0.25%
2012/8/30,331.99,334.88,335.59,331.44,,-1.16%
2012/8/29,335.9,334.89,336.8,334.17,,0.14%
2012/8/28,335.42,339.51,339.74,335.42,,-0.96%
2012/8/27,338.66,336.13,339.59,336.13,,1.07%
2012/8/24,335.07,332.83,335.53,332.51,,0.15%
2012/8/23,334.56,331.2,334.96,331.05,,1.16%
2012/8/22,330.72,329.25,330.91,329.04,,0.57%
2012/8/21,328.85,329.65,329.9,327.66,,-0.09%
2012/8/20,329.15,327.14,330.23,327.14,,1.18%
2012/8/17,325.32,323.64,325.44,323.6,,0.73%
2012/8/16,322.95,319.64,323.07,319.6,,1.18%
2012/8/15,319.18,322.45,322.61,318.6,,-1.47%
2012/8/14,323.93,325.34,325.64,323.54,,-0.50%
2012/8/13,325.55,324.56,325.71,323.97,,0.21%
2012/8/10,324.87,322.74,325.13,322.61,,0.98%
2012/8/9,321.71,320.56,322.64,319.87,,0.21%
2012/8/8,321.05,322.3,324.44,320.77,,-0.37%
2012/8/7,322.23,321.02,322.87,320.03,,0.23%
2012/8/6,321.5,324.04,324.96,321.46,,-0.38%
2012/8/3,322.74,326.3,326.34,320.57,,-1.55%
2012/8/2,327.82,325.32,328.92,325.3,,0.62%
2012/8/1,325.81,323.11,326.4,322.96,,0.37%
2012/7/31,324.62,318.93,324.74,317.68,,1.83%
2012/7/30,318.79,326.72,326.92,315.88,,-2.40%
2012/7/27,326.62,342.57,343.19,325.38,,-4.56%
2012/7/26,342.22,336.1,342.36,335.99,,2.04%
2012/7/25,335.38,343.31,343.83,334.46,,-2.73%
2012/7/24,344.79,341.95,346.51,337.73,,0.11%
2012/7/23,344.4,357.98,358.48,344.2,,-4.55%
2012/7/20,360.82,364.19,366.04,359.93,,-1.18%
2012/7/19,365.14,362.2,367.01,362.03,,1.21%
2012/7/18,360.77,360.56,363.48,360.37,,0.29%
2012/7/17,359.71,361.33,362.45,358.97,,-0.38%
2012/7/13,361.1,356.77,362,355.19,,0.93%
2012/7/12,357.77,357.1,360.66,356.67,,0.19%
2012/7/11,357.09,357.68,358.23,355.85,,-0.30%
2012/7/10,358.16,361.61,362.69,356.36,,-1.08%
2012/7/9,362.07,362.3,365.91,361.86,,0.00%
2012/7/6,362.07,359.96,365.05,359.64,,0.78%
2012/7/5,359.26,361.24,362.86,358.95,,-0.54%
2012/7/4,361.2,362.84,363.64,359.11,,-0.24%
2012/7/3,362.06,364.31,365.84,361.31,,-0.57%
2012/7/2,364.12,362.6,364.52,361.93,,1.41%
2012/6/29,359.04,352.4,359.04,351.38,,1.60%
2012/6/28,353.37,353.44,355.74,351.68,,0.55%
2012/6/27,351.44,353.64,354.72,350.69,,-0.76%
2012/6/26,354.12,353.88,354.47,350.33,,-0.35%
2012/6/25,355.38,351.92,357.55,351.92,,2.17%
2012/6/22,347.82,340.77,347.87,340.07,,0.84%
2012/6/21,344.92,341.8,345.33,341.7,,1.59%
2012/6/20,339.53,333.94,339.82,333.78,,2.22%
2012/6/19,332.17,332.6,334.7,331.43,,-0.49%
2012/6/18,333.8,330.9,334.93,330.9,,2.32%
2012/6/15,326.22,323.01,327.02,323.01,,1.64%
2012/6/14,320.96,321.07,322,320.17,,-0.26%
2012/6/13,321.8,321.4,324.47,321.33,,0.68%
2012/6/12,319.62,316.71,320.04,315.27,,-0.22%
2012/6/11,320.31,313.13,320.43,313.13,,3.04%
2012/6/8,310.86,314.7,314.7,309.57,,-0.73%
2012/6/7,313.16,309.93,313.43,309.92,,2.52%
2012/6/6,305.47,301.48,306.66,300.55,,2.21%
2012/6/5,298.86,290.08,299.15,289.97,,3.25%
2012/6/4,289.45,294.21,294.39,289.45,,-3.48%
2012/6/1,299.88,306.24,308.9,299.87,,-2.90%
2012/5/31,308.84,305.65,308.84,304.25,,-0.19%
2012/5/30,309.44,309.21,311.75,308.51,,0.23%
2012/5/29,308.72,302.34,309.01,302.34,,1.62%
2012/5/28,303.79,308.95,309.22,301.37,,-2.30%
2012/5/25,310.94,314.49,315.54,309.92,,-0.22%
2012/5/24,311.63,311.29,313.84,309.9,,-0.45%
2012/5/23,313.03,324.68,325.02,313.03,,-3.75%
2012/5/22,325.24,322.35,325.43,321.96,,2.09%
2012/5/21,318.59,315.81,319.54,315.49,,0.15%
2012/5/18,318.11,323.42,323.42,317.23,,-3.28%
2012/5/17,328.91,320.61,328.99,319.23,,2.55%
2012/5/16,320.73,324.29,328.3,320.73,,-0.87%
2012/5/15,323.55,330.67,330.95,311.47,,-3.79%
2012/5/14,336.3,350.59,350.77,335.87,,-4.64%
2012/5/11,352.68,363.5,363.69,351.62,,-3.34%
2012/5/10,364.86,358.2,365.06,358.19,,2.08%
2012/5/9,357.44,365.95,366.68,354.96,,-3.09%
2012/5/8,368.83,365.94,370.24,363.64,,1.42%
2012/5/7,363.65,388.92,388.92,363.1,,-7.76%
2012/5/2,394.25,389.53,394.25,389.53,,1.39%
2012/5/1,388.84,391.08,392.07,388.14,,-0.71%
2012/4/27,391.62,394.69,395.85,391.06,,-0.98%
2012/4/26,395.49,399.33,400.15,394.62,,-0.60%
2012/4/25,397.89,393.15,399.2,393.15,,1.44%
2012/4/24,392.24,393.64,396.37,391.43,,-0.45%
2012/4/23,394.02,390.98,394.09,390.42,,0.77%
2012/4/20,391.02,391.01,391.07,389.06,,-0.19%
2012/4/19,391.76,388.6,392.08,388.37,,0.80%
2012/4/18,388.65,385.99,388.88,385.97,,0.96%
2012/4/17,384.94,380.69,385.24,380.69,,1.01%
2012/4/16,381.1,383.87,383.89,380.23,,-1.04%
2012/4/13,385.1,382.78,385.1,382.49,,0.94%
2012/4/12,381.5,380.65,381.66,379.04,,0.60%
2012/4/11,379.22,377.62,379.98,376.65,,-0.78%
2012/4/10,382.19,385.04,388.24,381.95,,-0.69%
2012/4/9,384.83,382.95,386.1,381.56,,-0.02%
2012/4/6,384.89,382.54,385.14,381.23,,0.84%
2012/4/5,381.68,382.18,382.87,378.55,,-1.00%
2012/4/4,385.52,386.61,389.69,384.35,,-0.54%
2012/4/3,387.62,391.79,391.94,386.36,,-0.72%
2012/4/2,390.44,387.36,390.59,387.25,,1.08%
2012/3/30,386.28,381.97,386.38,381.77,,1.29%
2012/3/29,381.36,376.04,381.43,375.89,,1.54%
2012/3/28,375.59,374.95,375.73,373.3,,-0.03%
2012/3/27,375.69,376.64,377.87,374.73,,-0.53%
2012/3/26,377.71,385.6,386.42,377.34,,-2.13%
2012/3/23,385.93,385.06,386.83,384.18,,-0.24%
2012/3/22,386.85,381.9,386.85,381.9,,1.48%
2012/3/21,381.2,379.69,382.04,379.59,,0.34%
2012/3/19,379.92,383.84,383.93,379.5,,-0.61%
2012/3/16,382.27,382.07,383.81,380.07,,0.25%
2012/3/15,381.3,385.56,385.98,380.31,,-1.35%
2012/3/14,386.51,389.21,389.49,385.06,,-0.19%
2012/3/13,387.25,386.99,388.7,386.49,,0.22%
2012/3/12,386.39,385.73,388.98,385.62,,1.08%
2012/3/9,382.25,380.39,382.56,379.83,,0.67%
2012/3/8,379.71,382.18,382.84,378.06,,-0.26%
2012/3/7,380.69,379.8,381.46,378.22,,-0.76%
2012/3/6,383.6,384.75,385.76,381.72,,-0.23%
2012/3/5,384.5,382.6,385.78,382.44,,0.78%
2012/3/2,381.51,380.04,381.57,377.74,,0.19%
2012/3/1,380.79,390.36,390.56,379.9,,-2.65%
2012/2/29,391.16,399.15,400,389.66,,-2.34%
2012/2/28,400.54,398.96,401.08,394.31,,-0.34%
2012/2/27,401.89,398.75,402.46,398.23,,1.39%
2012/2/24,396.39,395.36,396.63,393.67,,0.26%
2012/2/23,395.36,392.37,395.62,390.76,,1.37%
2012/2/22,390.02,381.36,391.34,381.22,,2.99%
2012/2/21,378.71,373.92,379.68,373.56,,1.22%
2012/2/20,374.14,379.87,380.06,372.75,,-1.15%
2012/2/17,378.49,378.05,382.2,376.77,,0.23%
2012/2/16,377.61,378.38,380.84,377.4,,-0.21%
2012/2/15,378.41,379.44,381.18,377.96,,0.05%
2012/2/14,378.21,380.51,381.51,377.35,,-0.51%
2012/2/13,380.14,382.24,382.24,379,,-0.69%
2012/2/10,382.79,381.08,383.23,380.99,,0.92%
2012/2/9,379.3,375.39,379.8,374.66,,0.83%
2012/2/8,376.17,373.89,376.46,372.81,,1.05%
2012/2/7,372.25,376.16,376.16,371.56,,-1.06%
2012/2/6,376.24,379.59,380.7,375.88,,0.07%
2012/2/3,375.98,373.57,376.67,373.57,,0.91%
2012/2/2,372.6,373.6,375.12,372.6,,-0.09%
2012/2/1,372.95,369.17,373.17,369.17,,0.82%
2012/1/31,369.93,366.38,369.93,363.92,,1.22%
2012/1/30,365.47,368.48,368.81,363.2,,-0.94%
2012/1/27,368.92,374.06,374.11,367.27,,-1.91%
2012/1/26,376.11,377.52,377.6,372.45,,-0.47%
2012/1/25,377.87,377.16,379.37,376.4,,0.56%
2012/1/24,375.77,373.09,376.56,372.03,,0.61%
2012/1/23,373.5,365.73,374.06,365.29,,2.62%
2012/1/20,363.98,365.39,366.61,362.99,,-0.90%
2012/1/19,367.27,372.56,373.59,364.85,,-1.43%
2012/1/18,372.61,370.36,374.36,367.27,,0.51%
2012/1/17,370.71,379.56,380.19,370.44,,-2.08%
2012/1/16,378.59,378.83,379.67,377.05,,-0.31%
2012/1/13,379.75,377.2,380.21,375.27,,0.62%
2012/1/12,377.41,383.46,385.11,374.78,,-1.79%
2012/1/11,384.29,388.31,390.53,383.89,,-1.05%
2012/1/10,388.35,396.74,396.84,385.55,,-2.04%
2012/1/6,396.42,400.16,400.69,395.51,,-1.09%
2012/1/5,400.77,401,402.76,399.48,,-0.01%
2012/1/4,400.83,399.2,403.16,399.18,,1.17%
2011/12/30,396.21,391.84,396.21,391.34,,1.40%
2011/12/29,390.74,389.42,390.93,387.68,,-0.01%
2011/12/28,390.78,387.5,391.95,386.82,,0.63%
2011/12/27,388.35,390.11,390.27,388.21,,-0.58%
2011/12/26,390.62,394.47,395.25,390.16,,-0.69%
2011/12/22,393.32,395.69,396.07,391.96,,-1.03%
2011/12/21,397.4,399.69,401,395.15,,0.17%
2011/12/20,396.72,390.67,396.73,390.19,,1.33%
2011/12/19,391.53,396.17,397.09,387.75,,-0.88%
2011/12/16,395.01,392.89,396.32,392.89,,1.41%
2011/12/15,389.53,395.98,396.31,389.53,,-2.57%
2011/12/14,399.81,403.9,403.9,399.3,,-1.21%
2011/12/13,404.71,404.83,407.25,403.74,,-0.92%
2011/12/12,408.47,406.17,409.39,406.17,,1.65%
2011/12/9,401.82,398.3,402.56,397.74,,-0.04%
2011/12/8,401.97,398.7,401.97,397.17,,0.26%
2011/12/7,400.91,394.34,400.91,393.55,,1.51%
2011/12/6,394.96,403.68,404.11,394.78,,-2.34%
2011/12/5,404.43,397.04,404.43,395.76,,2.51%
2011/12/2,394.52,389.7,394.63,389.28,,1.51%
2011/12/1,388.65,386.4,389.64,384.91,,1.96%
2011/11/30,381.18,379.82,381.75,377.53,,0.21%
2011/11/29,380.38,380.07,380.57,378.26,,1.18%
2011/11/28,375.94,371.15,377.75,370.8,,1.92%
2011/11/25,368.86,365.92,370.19,365.92,,0.47%
2011/11/24,367.14,369.72,370.2,366.03,,-1.94%
2011/11/22,374.42,377.49,378.34,374.05,,-2.09%
2011/11/21,382.4,385.9,387.76,380.75,,-0.93%
2011/11/18,386,381.71,386.11,380.11,,0.14%
2011/11/17,385.47,380.24,385.51,378.54,,0.71%
2011/11/16,382.76,386.96,387.94,382.05,,-1.09%
2011/11/15,386.97,392.77,393.57,386.51,,-1.75%
2011/11/14,393.88,392.63,395.19,392.52,,1.38%
2011/11/11,388.53,382.2,388.61,382.06,,2.11%
2011/11/10,380.5,380.76,380.98,375.42,,-1.96%
2011/11/9,388.11,387.24,390.15,384.07,,-0.17%
2011/11/8,388.76,398.94,398.94,388.27,,-2.91%
2011/11/7,400.42,399,401.88,398.05,,0.18%
2011/11/4,399.69,398.93,400.57,397.76,,1.10%
2011/11/2,395.35,395.15,396.07,392.31,,-1.24%
2011/11/1,400.31,409.13,409.42,400.22,,-3.08%
2011/10/31,413.05,413.73,416.18,411.22,,-0.01%
2011/10/28,413.1,404.14,415.81,403.81,,3.67%
2011/10/27,398.48,397.06,398.48,394.73,,0.37%
2011/10/26,397.01,398.42,398.73,394.44,,-1.17%
2011/10/25,401.71,402.19,403.36,399.05,,0.25%
2011/10/24,400.69,394.98,400.86,394.6,,2.69%
2011/10/21,390.2,395.54,395.98,389.23,,-1.70%
2011/10/20,396.95,401.06,402.22,395.96,,-1.00%
2011/10/19,400.96,404.98,405.34,398.99,,-0.47%
2011/10/18,402.84,406.97,407.45,402.64,,-2.26%
2011/10/17,412.15,412.35,415.07,411.85,,1.07%
2011/10/14,407.77,411.02,412.27,406.58,,-1.05%
2011/10/13,412.09,411,415.11,410.23,,0.67%
2011/10/12,409.35,405.89,409.99,403.37,,0.68%
2011/10/11,406.57,402.82,409.55,402.82,,2.45%
2011/10/7,396.85,394.67,397.12,392.2,,1.31%
2011/10/6,391.71,389.99,392.81,389.98,,1.51%
2011/10/5,385.87,395.89,397.85,385.14,,-1.96%
2011/10/4,393.58,395.77,395.77,387.17,,-1.99%
2011/10/3,401.59,399.55,406.69,399.04,,-0.14%
2011/9/30,402.15,400.65,403.09,397.7,,0.50%
2011/9/29,400.13,385.12,401.56,382.96,,3.00%
2011/9/28,388.46,385.84,389.64,385.63,,1.30%
2011/9/27,383.48,379.1,385.6,379.1,,2.28%
2011/9/26,374.92,389.17,391.14,374.44,,-3.89%
2011/9/22,390.09,401.22,405.72,389.42,,-3.76%
2011/9/21,405.34,410.67,410.69,402.85,,-1.50%
2011/9/20,411.51,416.99,417.68,410.75,,-1.94%
2011/9/16,419.64,409.49,420.86,408.62,,3.03%
2011/9/15,407.31,409.74,411.98,405.91,,0.48%
2011/9/14,405.37,420.51,422.61,405.19,,-3.92%
2011/9/13,421.89,422.32,423.31,416.99,,0.69%
2011/9/12,418.99,421.93,425.28,418.01,,-1.97%
2011/9/9,427.42,428.12,432.23,426.66,,-0.45%
2011/9/8,429.35,435.37,436.31,425.86,,-0.44%
2011/9/7,431.23,432.33,433.35,429.06,,0.37%
2011/9/6,429.64,440.19,441.28,429.31,,-3.18%
2011/9/5,443.74,443.33,445.81,442.26,,-0.52%
2011/9/2,446.05,447.35,448.84,443.87,,-0.72%
2011/9/1,449.29,451.11,453.96,448.46,,-0.39%
2011/8/31,451.04,452.19,453,448.92,,-0.17%
2011/8/30,451.79,449.85,452.62,448.63,,1.28%
2011/8/29,446.07,436.64,447.76,436.64,,2.93%
2011/8/26,433.37,431.03,434.1,429.86,,0.78%
2011/8/25,430,430.41,431.46,425.92,,0.57%
2011/8/24,427.57,437.74,438.68,426.38,,-1.15%
2011/8/23,432.53,431.26,434.29,427.53,,0.86%
2011/8/22,428.86,439.56,444.96,427.92,,-2.66%
2011/8/19,440.59,448.38,450.11,440.59,,-3.47%
2011/8/18,456.43,459.57,462.44,456.4,,-0.57%
2011/8/17,459.06,451.22,459.31,449.39,,1.92%
2011/8/16,450.42,448.2,452.4,447.82,,1.35%
2011/8/15,444.44,441.81,444.48,440.82,,1.89%
2011/8/12,436.19,442.06,443.62,434.19,,-0.29%
2011/8/11,437.44,421.16,437.44,417.84,,1.91%
2011/8/10,429.25,425.98,434.63,425.98,,2.66%
2011/8/9,418.13,405.15,418.95,387.25,,1.12%
2011/8/8,413.51,430.04,436.92,413.51,,-4.99%
2011/8/5,435.23,440.74,440.74,422.03,,-3.22%
2011/8/4,449.73,455.56,458.65,448.73,,-0.91%
2011/8/3,453.88,449.06,454.17,443.07,,-0.31%
2011/8/2,455.29,459.96,459.99,453.66,,-1.82%
2011/8/1,463.72,455.93,465.44,455.87,,2.31%
2011/7/29,453.23,465.87,466.21,451.76,,-3.72%
2011/7/28,470.73,478.88,479.32,470.55,,-2.66%
2011/7/27,483.57,482.04,483.99,481.1,,0.05%
2011/7/26,483.32,482.35,483.75,480.83,,0.27%
2011/7/25,482.02,480.35,484.96,479.79,,0.78%
2011/7/22,478.31,482.72,482.72,477.01,,-0.61%
2011/7/21,481.26,482.7,484.38,478.79,,-0.11%
2011/7/20,481.81,485.57,486.48,480.48,,-0.43%
2011/7/19,483.9,480.15,487.7,479.88,,0.61%
2011/7/15,480.99,481.96,485,479.06,,-0.69%
2011/7/14,484.34,486.03,487.55,482.31,,-0.25%
2011/7/13,485.54,475.43,485.54,475.35,,1.66%
2011/7/12,477.61,479.47,480.9,476.29,,-1.30%
2011/7/11,483.89,478.39,485.31,477.7,,1.31%
2011/7/8,477.61,473.14,478.02,472.38,,1.36%
2011/7/7,471.21,464.87,471.3,463.81,,1.28%
2011/7/6,465.25,464.8,465.68,461.99,,0.48%
2011/7/5,463.01,464.67,464.83,461.35,,-0.18%
2011/7/4,463.83,458.6,463.89,458.09,,2.30%
2011/7/1,453.4,456.18,457.13,452.47,,-0.40%
2011/6/30,455.2,456.73,456.93,453.98,,-0.15%
2011/6/29,455.87,451.54,456.22,451.11,,1.83%
2011/6/28,447.69,447.46,449,446.99,,0.70%
2011/6/27,444.58,447.31,448.13,444.58,,-0.57%
2011/6/24,447.11,447.06,447.72,442.98,,0.19%
2011/6/23,446.27,452.6,453.88,446.21,,-1.44%
2011/6/22,452.81,451.41,453.01,450.72,,0.79%
2011/6/21,449.24,443.49,449.3,443.49,,1.42%
2011/6/20,442.97,451.98,452.84,442.97,,-1.87%
2011/6/17,451.41,456.41,457.8,450.02,,-0.80%
2011/6/16,455.07,453.31,458.69,451.91,,0.11%
2011/6/15,454.59,456.74,456.74,451.5,,0.07%
2011/6/14,454.27,458.72,459.3,454.21,,-0.89%
2011/6/13,458.36,457.03,460.13,456.67,,-0.28%
2011/6/10,459.64,464.73,465.59,458.43,,-0.94%
2011/6/9,464,465.4,468.43,463.02,,-0.15%
2011/6/8,464.71,465.08,467.17,461.47,,0.09%
2011/6/7,464.3,461.23,466.6,459.86,,0.73%
2011/6/6,460.93,455.45,462.57,455.25,,0.76%
2011/6/3,457.44,460.57,463.56,457.13,,-0.47%
2011/6/2,459.6,458.5,460.43,455.28,,-1.33%
2011/6/1,465.81,463.29,466.44,462.43,,0.55%
2011/5/31,463.27,459.52,463.68,459.3,,0.55%
2011/5/30,460.72,458.57,460.88,457.64,,0.59%
2011/5/27,458.02,453.56,458.74,453.1,,0.98%
2011/5/26,453.58,447.54,453.58,446.22,,1.66%
2011/5/25,446.16,454.51,455.96,446.16,,-1.68%
2011/5/24,453.79,444.08,453.79,443.14,,1.54%
2011/5/23,446.91,455.98,456.3,446.91,,-2.12%
2011/5/20,456.57,456.21,456.97,453.46,,0.35%
2011/5/19,454.99,460.65,462.86,454.55,,-0.70%
2011/5/18,458.18,451.61,458.59,451.28,,1.56%
2011/5/17,451.15,447.39,451.22,444,,-0.12%
2011/5/16,451.68,459.67,459.67,451.68,,-2.54%
2011/5/13,463.46,471.25,473.43,460.95,,-1.53%
2011/5/12,470.66,477.65,479.59,470.66,,-2.03%
2011/5/11,480.43,478.97,480.73,475.89,,0.46%
2011/5/10,478.22,474.49,479.09,471.91,,1.00%
2011/5/9,473.5,475.7,477.37,472.51,,0.01%
2011/5/6,473.44,473.44,475.49,471.53,,-1.03%
2011/5/2,478.36,475.12,479.88,475.12,,1.04%
2011/4/28,473.42,466.83,473.44,465.19,,1.61%
2011/4/27,465.94,467.6,470.69,463.85,,-0.03%
2011/4/26,466.09,466.16,469.24,463.03,,0.37%
2011/4/25,464.39,457.95,464.44,457.95,,1.95%
2011/4/22,455.5,446.79,455.5,446.79,,2.08%
2011/4/21,446.22,446.65,447.27,441.81,,0.71%
2011/4/20,443.08,441.93,447.43,441.93,,0.70%
2011/4/19,439.99,435.68,440.69,435.06,,0.48%
2011/4/18,437.89,440.05,442.19,436.62,,0.35%
2011/4/15,436.38,435.37,439.5,433.61,,0.62%
2011/4/14,433.7,429.25,434.02,428.02,,0.80%
2011/4/13,430.24,427.31,432.35,425.48,,0.63%
2011/4/12,427.53,436.62,436.69,427.53,,-2.77%
2011/4/11,439.71,434.82,439.71,434.07,,0.74%
2011/4/8,436.46,428.07,436.92,426.84,,1.20%
2011/4/7,431.3,433.76,437.11,428.86,,-0.54%
2011/4/6,433.62,435.72,437.39,429.26,,-0.86%
2011/4/5,437.38,450.28,450.68,434.57,,-2.76%
2011/4/4,449.81,456.72,456.93,449.38,,-1.48%
2011/4/1,456.55,461.63,464.44,456.07,,-0.80%
2011/3/31,460.23,453.34,461.05,452.69,,2.43%
2011/3/30,449.33,448.5,451.24,446.54,,0.87%
2011/3/29,445.46,435.37,448.13,433.63,,1.30%
2011/3/28,439.73,445.63,446.54,438,,-1.98%
2011/3/25,448.59,452.18,455.72,446.14,,-0.04%
2011/3/24,448.75,450.77,453.53,444.76,,-0.35%
2011/3/23,450.34,453.79,458.01,448.47,,-0.84%
2011/3/22,454.15,445.61,460.52,445.61,,3.79%
2011/3/18,437.55,412.32,437.55,412.32,,7.59%
2011/3/17,406.68,392.91,410.72,379.62,,1.71%
2011/3/16,399.86,368.38,404.07,368.34,,9.93%
2011/3/15,363.73,403.19,403.39,342.89,,-11.26%
2011/3/14,409.89,484.25,484.33,405.69,,-17.17%
2011/3/11,494.83,491.16,501.49,490.72,,-0.92%
2011/3/10,499.42,510.85,510.98,497.22,,-2.59%
2011/3/9,512.69,520.82,522.02,509.1,,-0.90%
2011/3/8,517.37,517.63,523.3,515.8,,-0.01%
2011/3/7,517.43,524.02,524.4,513.57,,-1.44%
2011/3/4,525.01,524.62,526.93,520.5,,1.36%
2011/3/3,517.95,513.08,521.69,513.08,,1.69%
2011/3/2,509.32,505.3,515.76,504.81,,-0.54%
2011/3/1,512.09,505.7,512.87,505.7,,2.20%
2011/2/28,501.06,491.16,501.21,490.32,,2.91%
2011/2/25,486.89,478.05,487.29,477.77,,2.24%
2011/2/24,476.22,491.64,493.03,475.35,,-4.00%
2011/2/23,496.07,493.36,505.02,490.48,,-1.02%
2011/2/22,501.19,510.7,511.46,498.58,,-2.16%
2011/2/21,512.24,503.39,512.29,502.25,,1.77%
2011/2/18,503.33,492.15,503.81,492.09,,2.51%
2011/2/17,491.01,491.48,495.51,489.98,,0.09%
2011/2/16,490.59,492.47,494.19,489.82,,-0.41%
2011/2/15,492.61,490.06,493.58,487.89,,0.65%
2011/2/14,489.42,488.61,491.04,487.77,,0.89%
2011/2/10,485.1,485.24,486.3,483.33,,-0.31%
2011/2/9,486.6,487.79,488.32,484.2,,-0.08%
2011/2/8,486.99,483.04,486.99,479.58,,1.25%
2011/2/7,480.96,475.1,481.61,474.28,,1.79%
2011/2/4,472.48,465.21,473,464.97,,1.52%
2011/2/3,465.41,469.84,470.9,463.96,,-1.15%
2011/2/2,470.81,471.16,471.5,468.3,,0.61%
2011/2/1,467.96,463.08,469.47,463.08,,1.55%
2011/1/31,460.81,466.04,467.32,458.96,,-2.15%
2011/1/28,470.94,464.1,471.83,464.05,,2.37%
2011/1/27,460.02,460.13,461.69,458.68,,0.22%
2011/1/26,459.01,460.24,462.81,458.94,,-0.19%
2011/1/25,459.9,452.87,460.75,452.87,,2.20%
2011/1/24,449.98,442.65,450.43,441.9,,1.86%
2011/1/21,441.76,463.47,463.82,438.18,,-4.51%
2011/1/20,462.62,472.5,473.19,462.43,,-2.32%
2011/1/19,473.62,472.42,474.76,469.83,,0.71%
2011/1/18,470.28,476.53,477.8,469.36,,-1.29%
2011/1/17,476.43,475.51,479.08,474.54,,0.49%
2011/1/14,474.1,474.22,479.56,472.14,,-0.07%
2011/1/13,474.43,461.42,476.73,461.33,,3.51%
2011/1/12,458.34,461.01,461.2,457.58,,-0.20%
2011/1/11,459.26,451.48,459.47,451.32,,2.16%
2011/1/7,449.56,446.96,450.56,446.34,,0.88%
2011/1/6,445.64,441.56,446.22,441.56,,1.34%
2011/1/5,439.75,441.1,442.8,438.61,,-0.34%
2011/1/4,441.27,436.7,441.67,436.57,,1.76%
2010/12/30,433.63,433.36,433.65,428.22,,-0.18%
2010/12/29,434.41,435.28,436.82,433.65,,-0.12%
2010/12/28,434.93,433.44,435.97,433.14,,0.32%
2010/12/27,433.54,434.94,437.87,433.01,,-0.10%
2010/12/24,433.96,427.67,433.98,427.67,,1.10%
2010/12/22,429.25,433.41,435.66,428.05,,-0.89%
2010/12/21,433.1,431.58,433.1,430.02,,0.70%
2010/12/20,430.1,427.85,433.84,427.47,,0.96%
2010/12/17,425.99,423.79,426.74,423.16,,0.49%
2010/12/16,423.9,421.44,424.76,420.64,,0.43%
2010/12/15,422.09,421.83,424.26,418.9,,0.80%
2010/12/14,418.73,410.93,418.81,409.82,,2.32%
2010/12/13,409.22,403.09,409.58,402.8,,1.95%
2010/12/10,401.4,397.55,402,396.3,,0.98%
2010/12/9,397.5,400.25,400.33,396.27,,-0.37%
2010/12/8,398.98,400.6,405.77,397.07,,-0.13%
2010/12/7,399.49,401.2,401.86,398.07,,-0.27%
2010/12/6,400.58,394.54,400.58,394.03,,2.11%
2010/12/3,392.29,391.89,392.47,390.43,,0.39%
2010/12/2,390.78,391.08,393.22,390.02,,0.94%
2010/12/1,387.15,385.28,387.43,384.44,,0.62%
2010/11/30,384.78,386.88,388.32,382.23,,-0.30%
2010/11/29,385.94,385.55,388.03,384.63,,0.50%
2010/11/26,384.01,390.51,390.51,383.31,,-1.46%
2010/11/25,389.71,387.94,390.34,386.26,,1.45%
2010/11/24,384.13,376.61,384.9,374.41,,0.37%
2010/11/22,382.72,375.79,382.8,374.74,,2.31%
2010/11/19,374.08,375.06,376.17,372.41,,0.48%
2010/11/18,372.3,369.36,373.91,369.34,,1.05%
2010/11/17,368.43,363.13,368.61,363.13,,0.83%
2010/11/16,365.38,369.09,369.63,364.95,,-0.87%
2010/11/15,368.58,369.28,370.4,367.64,,-0.10%
2010/11/12,368.96,369.05,370.26,367.49,,-0.29%
2010/11/11,370.05,368.13,370.5,368.05,,0.80%
2010/11/10,367.13,364.52,368.23,364.46,,1.01%
2010/11/9,363.45,363.78,364.42,361.56,,-0.24%
2010/11/8,364.34,357.57,364.61,357.34,,2.52%
2010/11/5,355.37,351.45,356.63,351.45,,1.75%
2010/11/4,349.27,346.48,349.61,346.32,,0.85%
2010/11/2,346.32,349.32,351.2,346.2,,-0.90%
2010/11/1,349.45,347.98,351.37,346.47,,0.39%
2010/10/29,348.1,346.99,348.85,345.19,,0.32%
2010/10/28,346.99,351.1,351.56,346.99,,-1.12%
2010/10/27,350.91,350.88,353.13,349.91,,-0.18%
2010/10/26,351.56,354.76,356.94,351.56,,-0.69%
2010/10/25,354,351.69,355.76,351.37,,1.05%
2010/10/22,350.32,344.39,350.32,344.09,,1.54%
2010/10/21,345.01,346.41,348.61,344.93,,-0.11%
2010/10/20,345.39,343.76,345.77,342.61,,-0.16%
2010/10/19,345.93,343.51,345.93,343.41,,0.40%
2010/10/18,344.56,343.82,347.54,343.78,,-0.44%
2010/10/15,346.08,351.21,351.34,344.64,,-2.01%
2010/10/14,353.17,355,355.74,352.07,,-0.47%
2010/10/13,354.85,359.34,360.61,354.74,,-1.44%
2010/10/12,360.04,367.01,368.28,360.04,,-1.97%
2010/10/8,367.29,366.32,368.51,366.29,,0.12%
2010/10/7,366.85,363.9,366.85,363.52,,0.93%
2010/10/6,363.48,364.13,365.65,362.42,,-0.02%
2010/10/5,363.56,365.61,366.19,361.07,,-1.47%
2010/10/4,368.98,370.57,374.17,368.98,,-0.24%
2010/10/1,369.85,370.22,371.91,368.73,,-0.19%
2010/9/30,370.56,372.2,372.66,370.12,,-0.35%
2010/9/29,371.88,368.97,372.55,368.78,,1.24%
2010/9/28,367.32,362.59,368.07,361.89,,1.19%
2010/9/27,363,369.44,369.63,363,,-1.60%
2010/9/24,368.92,371.92,372.11,368.92,,-1.09%
2010/9/22,372.97,373.77,375.11,372.51,,-0.49%
2010/9/21,374.81,375.61,376.44,373.62,,0.34%
2010/9/17,373.54,373.55,374.02,372.47,,0.05%
2010/9/16,373.37,378.73,379.1,373.12,,-1.17%
2010/9/15,377.78,374.91,381.03,374.91,,0.40%
2010/9/14,376.26,380.01,380.09,375.93,,-0.90%
2010/9/13,379.69,380.28,381.61,378.82,,0.39%
2010/9/10,378.21,377.68,378.21,375.42,,0.34%
2010/9/9,376.91,376.56,378.56,374.99,,0.60%
2010/9/8,374.67,377.27,377.9,374.11,,-1.46%
2010/9/7,380.22,379.34,381.36,378.24,,0.51%
2010/9/6,378.28,373.06,378.95,372.67,,2.21%
2010/9/3,370.11,364.03,370.78,363.36,,1.66%
2010/9/2,364.05,371.75,372.36,362.94,,-1.09%
2010/9/1,368.07,364.25,368.87,363.96,,1.19%
2010/8/31,363.75,366.12,367.6,363.15,,-1.36%
2010/8/30,368.76,369.31,373.82,368.22,,0.64%
2010/8/27,366.41,361.55,367.01,360.42,,1.33%
2010/8/26,361.6,361.02,362.9,358.5,,0.65%
2010/8/25,359.25,361.36,364.47,358.17,,-1.99%
2010/8/24,366.53,375.22,375.35,366.16,,-2.84%
2010/8/23,377.23,375.22,377.4,375.14,,0.49%
2010/8/20,375.4,375.74,379.63,374.56,,-0.96%
2010/8/19,379.04,371.44,379.08,370.5,,1.94%
2010/8/18,371.81,370.39,373.56,369.66,,1.00%
2010/8/17,368.14,368.47,369.19,366.7,,-0.51%
2010/8/16,370.04,372.2,372.72,368.23,,-1.02%
2010/8/13,373.85,370.87,374.55,370.87,,0.65%
2010/8/12,371.43,371.48,371.72,364.18,,-1.66%
2010/8/11,377.71,383.34,383.51,377.71,,-1.60%
2010/8/10,383.87,381.8,385.12,381.73,,0.61%
2010/8/9,381.54,375.9,381.54,375.75,,0.81%
2010/8/6,378.49,379.43,379.89,375.7,,-0.65%
2010/8/5,380.95,385.18,386.05,378,,-0.50%
2010/8/4,382.87,388.53,388.87,382.87,,-1.98%
2010/8/3,390.62,396.13,396.65,388.47,,-0.77%
2010/8/2,393.67,397.15,397.59,392.55,,-1.21%
2010/7/30,398.48,402.9,403.17,396.4,,-1.35%
2010/7/29,403.92,403.59,406.19,402.93,,-0.04%
2010/7/28,404.1,399.75,404.1,399.75,,1.50%
2010/7/27,398.12,398.88,399.92,397.75,,0.36%
2010/7/26,396.71,392.46,396.82,392.46,,1.85%
2010/7/23,389.49,387.49,391.23,387.38,,1.59%
2010/7/22,383.41,386.6,387.63,381.03,,-1.16%
2010/7/21,387.91,390.22,391.59,385.17,,0.34%
2010/7/20,386.59,388.57,390.89,386.54,,-1.59%
2010/7/16,392.82,397.39,400.09,391.66,,-1.38%
2010/7/15,398.31,403.72,404.04,398.31,,-1.76%
2010/7/14,405.46,400.65,405.46,400.63,,2.24%
2010/7/13,396.58,396.27,398.64,395.73,,0.08%
2010/7/12,396.25,395.5,399.91,395.39,,0.10%
2010/7/9,395.86,392.59,396.48,392.49,,0.95%
2010/7/8,392.13,399.48,401.68,390.98,,-0.33%
2010/7/7,393.44,399.39,401.67,393.44,,-1.63%
2010/7/6,399.97,394.68,399.97,389.6,,1.06%
2010/7/5,395.78,385.47,395.78,385.3,,2.75%
2010/7/2,385.19,378.64,386.99,377.25,,1.85%
2010/7/1,378.18,384.14,384.6,377.5,,-2.46%
2010/6/30,387.7,377.29,387.95,371.62,,1.12%
2010/6/29,383.39,385.88,392.99,380.22,,-0.53%
2010/6/28,385.43,402.06,402.36,385.43,,-4.33%
2010/6/25,402.88,408.24,408.69,401.24,,-2.11%
2010/6/24,411.56,408.95,414.49,408.95,,0.29%
2010/6/23,410.39,411.32,411.74,407.94,,-1.10%
2010/6/22,414.97,414.07,415.88,413.18,,-0.38%
2010/6/21,416.57,409.53,416.67,409.39,,1.92%
2010/6/18,408.72,412.4,413.56,406.15,,-1.11%
2010/6/17,413.32,422.2,422.2,412.75,,-2.43%
2010/6/16,423.63,422.64,424.7,421.17,,1.11%
2010/6/15,418.97,424.64,424.78,417.85,,-1.36%
2010/6/14,424.74,422.64,425.96,422.4,,1.08%
2010/6/11,420.21,422.59,424.86,418.83,,0.69%
2010/6/10,417.31,412.93,417.31,411.29,,1.62%
2010/6/9,410.65,418.49,421.92,409.34,,-1.40%
2010/6/8,416.49,406.93,420.64,406.77,,1.74%
2010/6/7,409.38,417.74,417.74,407.67,,-3.64%
2010/6/4,424.86,422.47,426.45,421.47,,0.74%
2010/6/3,421.76,418.43,422.05,418.23,,2.15%
2010/6/2,412.9,411.65,423.43,410.14,,-0.09%
2010/6/1,413.28,414.12,416.52,408.9,,0.01%
2010/5/31,413.25,402.69,414.26,402.64,,2.79%
2010/5/28,402.04,405.13,409.58,397.88,,0.99%
2010/5/27,398.11,376.61,398.52,373.9,,5.07%
2010/5/26,378.9,376.18,380.89,367.34,,1.95%
2010/5/25,371.64,397.85,399.1,371.57,,-6.99%
2010/5/24,399.59,401.4,405.51,395.46,,0.36%
2010/5/21,398.14,400.46,400.51,388.48,,-2.57%
2010/5/20,408.66,410.26,418.88,408.11,,-1.22%
2010/5/19,413.72,397.93,413.84,393.62,,2.63%
2010/5/18,403.13,427.62,430.43,400.59,,-4.94%
2010/5/17,424.06,451.24,451.52,423.27,,-7.05%
2010/5/14,456.22,456.6,457.79,451.97,,-0.92%
2010/5/13,460.44,456.2,460.44,451.54,,1.78%
2010/5/12,452.39,460.24,465.25,449.7,,-1.32%
2010/5/11,458.44,481.9,483.94,457.05,,-3.67%
2010/5/10,475.93,470.35,480.78,470.35,,0.97%
2010/5/7,471.36,480.4,480.4,461.06,,-3.87%
2010/5/6,490.35,498.05,501.52,488.95,,-2.85%
2010/4/30,504.75,505.02,507.53,501.75,,0.48%
2010/4/28,502.35,499.07,506.74,496.83,,-0.81%
2010/4/27,506.45,502.96,506.45,500.2,,0.74%
2010/4/26,502.71,501.35,504.62,500.89,,1.12%
2010/4/23,497.13,493.28,500.09,493.18,,1.27%
2010/4/22,490.88,484.87,490.88,482.27,,1.34%
2010/4/21,484.38,478.09,485.58,478.09,,2.20%
2010/4/20,473.95,491.07,494.18,473.48,,-3.15%
2010/4/19,489.37,488.71,491.06,485.27,,-1.13%
2010/4/16,494.94,498.11,501.14,494.21,,-0.37%
2010/4/15,496.78,493.06,496.78,492.43,,1.29%
2010/4/14,490.43,482.88,490.43,482.59,,1.71%
2010/4/13,482.19,480.62,482.19,478.39,,0.47%
2010/4/12,479.93,476.98,480.56,476.56,,1.07%
2010/4/9,474.83,470.08,474.83,469.47,,1.13%
2010/4/8,469.51,463.78,471.38,463.74,,0.97%
2010/4/7,465.02,462.42,465.83,461.53,,0.53%
2010/4/6,462.59,469.3,469.76,460.7,,-1.21%
2010/4/5,468.26,461.76,468.26,461.76,,1.81%
2010/4/2,459.92,456.9,459.98,455.03,,1.04%
2010/4/1,455.17,451.76,455.97,451.68,,1.04%
2010/3/31,450.5,452.28,454.98,449.08,,-0.10%
2010/3/30,450.97,444.83,450.97,444.83,,1.67%
2010/3/29,443.56,436.81,445.4,436.73,,0.83%
2010/3/26,439.9,444.85,445.81,439.36,,-1.21%
2010/3/25,445.28,452,452.36,444.91,,-1.47%
2010/3/24,451.92,454.28,454.54,446.63,,0.00%
2010/3/23,451.9,439.9,452.14,439.37,,2.97%
2010/3/19,438.85,436.28,440.09,436.28,,0.95%
2010/3/18,434.71,432.49,437.35,432.49,,0.52%
2010/3/17,432.48,427.35,432.48,427.35,,1.50%
2010/3/16,426.07,423.58,427.77,423.4,,0.29%
2010/3/15,424.85,424.08,424.98,423.17,,0.31%
2010/3/12,423.53,418.24,423.53,417.84,,1.61%
2010/3/11,416.82,416.51,417.95,414.7,,-0.06%
2010/3/10,417.08,419.91,420.77,416.05,,-0.69%
2010/3/9,419.99,420.49,422.14,419.39,,-0.09%
2010/3/8,420.38,419.81,420.51,417.03,,0.77%
2010/3/5,417.15,412.26,417.15,412.26,,1.11%
2010/3/4,412.57,413.29,415.1,411.49,,-0.04%
2010/3/3,412.73,413.35,413.84,410.39,,-0.43%
2010/3/2,414.5,417.61,418.1,412.14,,-0.35%
2010/3/1,415.97,409.96,415.97,409.91,,1.66%
2010/2/26,409.19,404.02,409.99,403.73,,1.45%
2010/2/25,403.36,405.25,408.09,401.81,,0.01%
2010/2/24,403.32,399.37,404.77,399.19,,0.68%
2010/2/23,400.61,399.43,401.8,398.07,,0.62%
2010/2/22,398.14,395.7,398.65,395.66,,1.25%
2010/2/19,393.23,397.09,398.57,392.73,,-0.64%
2010/2/18,395.75,393.22,396.97,392.59,,0.76%
2010/2/17,392.76,389.84,393.07,389.33,,1.07%
2010/2/16,388.6,387.64,389.8,385.26,,-0.12%
2010/2/15,389.06,392.9,393.75,388.4,,-0.91%
2010/2/12,392.63,388.9,392.63,387.78,,0.89%
2010/2/10,389.17,388.88,389.17,386.77,,0.70%
2010/2/9,386.48,385.44,388.17,381.48,,-0.22%
2010/2/8,387.35,394.61,394.85,387.18,,-2.58%
2010/2/5,397.6,400.55,400.7,395.82,,-2.37%
2010/2/4,407.26,413.37,414.17,404.51,,-1.44%
2010/2/3,413.2,418.87,419.14,412.3,,-1.07%
2010/2/2,417.66,410.83,417.75,410.36,,2.00%
2010/2/1,409.46,412.43,412.61,402.43,,-0.78%
2010/1/29,412.66,416.24,417.8,412.66,,-0.63%
2010/1/28,415.26,416.51,417.04,411.9,,-0.36%
2010/1/27,416.76,418.48,421.51,415.5,,-0.38%
2010/1/26,418.33,425.09,426.16,418.16,,-1.40%
2010/1/25,424.28,423.39,425.69,422.19,,-0.40%
2010/1/22,426,421.63,426.17,419.86,,0.07%
2010/1/21,425.72,420.09,426.1,418.86,,0.94%
2010/1/20,421.77,424.93,427.02,420.77,,-0.27%
2010/1/19,422.91,426.71,427.73,422.04,,-0.76%
2010/1/18,426.17,424.38,427.37,423.86,,1.01%
2010/1/15,421.89,415.06,422.13,414.99,,1.79%
2010/1/14,414.49,411.16,414.69,409.54,,0.89%
2010/1/13,410.83,405.69,412.15,405.37,,1.37%
2010/1/12,405.28,406.39,408.75,402.29,,-0.17%
2010/1/8,405.96,403.12,407.83,403.12,,0.83%
2010/1/7,402.63,404.67,408.39,402.17,,-0.50%
2010/1/6,404.64,410.47,410.59,403.49,,-2.42%
2010/1/5,414.68,419.85,420.35,413.81,,-1.01%
2010/1/4,418.91,417.7,420.05,416.91,,0.65%
2009/12/30,416.22,419.51,419.87,413.43,,-0.56%
2009/12/29,418.58,425.02,426.68,418.5,,-1.42%
2009/12/28,424.59,416.36,425.96,416.06,,2.37%
2009/12/25,414.78,413.08,417.55,412.68,,0.44%
2009/12/24,412.96,412.77,415.82,411.43,,0.15%
2009/12/22,412.34,417.08,418.41,410.53,,-0.55%
2009/12/21,414.61,405.94,415.04,405.31,,2.21%
2009/12/18,405.64,399.77,406.41,397.06,,1.52%
2009/12/17,399.56,406.51,408.58,398.19,,-1.77%
2009/12/16,406.74,411.02,411.02,405.6,,-1.07%
2009/12/15,411.14,400.2,411.14,399.42,,2.82%
2009/12/14,399.86,399.37,402.73,397.44,,0.37%
2009/12/11,398.37,399.18,400.04,390.73,,-0.14%
2009/12/10,398.92,402.88,407.14,396.69,,-1.34%
2009/12/9,404.32,403.97,406.02,401.28,,-0.34%
2009/12/8,405.68,401.73,406.45,401.13,,0.38%
2009/12/7,404.15,409.89,411.19,403.34,,-0.51%
2009/12/4,406.21,405.84,406.4,401.34,,0.47%
2009/12/3,404.3,400.43,406.01,399.88,,1.46%
2009/12/2,398.49,397.32,400.69,395.58,,0.42%
2009/12/1,396.83,387.96,397.19,387.96,,2.49%
2009/11/30,387.19,379.4,388.06,379.4,,2.95%
2009/11/27,376.09,381.77,382.83,375.05,,-2.64%
2009/11/26,386.29,379.48,388.84,378.1,,1.42%
2009/11/25,380.88,378.48,381.48,375.36,,0.32%
2009/11/24,379.65,388.76,391.19,379.45,,-1.25%
2009/11/20,384.46,366.02,385.59,365.85,,4.73%
2009/11/19,367.09,367.48,369.19,356.19,,-0.33%
2009/11/18,368.29,372.64,373.44,358.43,,-1.35%
2009/11/17,373.32,385.41,387.99,370.58,,-2.86%
2009/11/16,384.32,389.51,389.55,383.13,,-1.64%
2009/11/13,390.74,399.78,400.46,389.69,,-2.27%
2009/11/12,399.82,404.95,407.13,399.16,,-1.25%
2009/11/11,404.89,414.86,415.25,402.81,,-3.09%
2009/11/10,417.78,424.5,425.72,417.36,,-1.03%
2009/11/9,422.12,421.8,425.47,421.57,,-0.32%
2009/11/6,423.46,433.16,433.71,422.71,,-1.56%
2009/11/5,430.18,433.43,435.04,428.38,,-0.86%
2009/11/4,433.89,435.63,436.96,432.03,,-0.33%
2009/11/2,435.34,432.37,435.66,428.33,,-0.62%
2009/10/30,438.07,437.47,438.95,435.76,,1.15%
2009/10/29,433.1,431.89,433.8,427.9,,-1.05%
2009/10/28,437.7,446.39,447.14,436.13,,-2.09%
2009/10/27,447.04,450.48,453.53,447.04,,-0.70%
2009/10/26,450.18,449.13,452.31,446.97,,0.35%
2009/10/23,448.62,446.18,451.69,446.18,,1.11%
2009/10/22,443.68,443.56,446.61,441.13,,-0.36%
2009/10/21,445.29,440.92,445.41,439.49,,0.99%
2009/10/20,440.91,443.16,444.11,440.02,,-0.35%
2009/10/19,442.46,435.29,442.46,434.28,,1.12%
2009/10/16,437.55,442.18,442.56,435.56,,-1.11%
2009/10/15,442.46,443.98,446.67,441.35,,0.33%
2009/10/14,441.02,444.15,445.44,440.6,,-0.57%
2009/10/13,443.56,443.75,445.36,442.77,,0.27%
2009/10/9,442.37,438.8,443.37,438.51,,1.18%
2009/10/8,437.23,435.54,439.24,433.95,,0.26%
2009/10/7,436.09,424.28,436.09,424.28,,3.50%
2009/10/6,421.36,414.31,421.36,413.32,,2.47%
2009/10/5,411.19,422.43,423.92,411.05,,-2.78%
2009/10/2,422.94,432.72,432.72,422.89,,-3.54%
2009/10/1,438.45,448.69,449.18,438.45,,-2.92%
2009/9/30,451.62,450.42,451.62,444.61,,0.32%
2009/9/29,450.19,447.86,450.47,446.43,,1.37%
2009/9/28,444.09,455.94,456.27,443.81,,-3.57%
2009/9/25,460.55,463.98,466.63,458.31,,-1.19%
2009/9/24,466.11,463.19,468.79,461.57,,0.99%
2009/9/18,461.56,455.47,461.56,450.79,,0.90%
2009/9/17,457.45,464.85,465.7,455.53,,-1.40%
2009/9/16,463.93,464.43,468.44,463.51,,0.13%
2009/9/15,463.31,463.05,463.46,458.34,,0.34%
2009/9/14,461.72,463.98,465.74,460.24,,-0.32%
2009/9/11,463.19,460.05,463.19,458.67,,0.75%
2009/9/10,459.72,448.78,459.72,448.67,,2.65%
2009/9/9,447.84,441.48,448.38,441.36,,1.65%
2009/9/8,440.56,439.36,440.65,435.94,,0.21%
2009/9/7,439.62,445.46,445.9,437.75,,-1.15%
2009/9/4,444.72,451.85,453.06,444.03,,-1.51%
2009/9/3,451.53,453.62,455.64,451.33,,-0.52%
2009/9/2,453.89,453.31,454.57,450.16,,-0.81%
2009/9/1,457.61,447.29,457.81,447.04,,2.03%
2009/8/31,448.52,453.8,455.78,446.38,,-0.71%
2009/8/28,451.73,456.09,456.1,450.72,,-1.05%
2009/8/27,456.52,458.49,459.07,454.4,,-0.71%
2009/8/26,459.78,460.02,461.27,458.31,,0.37%
2009/8/25,458.1,453.13,459.26,453.11,,1.10%
2009/8/24,453.13,452.32,453.26,450.69,,0.88%
2009/8/21,449.17,450.73,455.17,446.14,,-0.35%
2009/8/20,450.73,450.14,450.73,446.17,,0.23%
2009/8/19,449.7,456.11,457.12,449.07,,-1.21%
2009/8/18,455.22,450.32,455.76,449.24,,0.08%
2009/8/17,454.86,466.26,466.43,454.3,,-2.57%
2009/8/14,466.87,469.91,470.03,465.58,,-0.72%
2009/8/13,470.24,470.86,473.09,467.47,,0.12%
2009/8/12,469.68,467.42,470.29,467.08,,0.10%
2009/8/11,469.2,463.64,469.42,462.61,,1.43%
2009/8/10,462.59,460.92,462.59,458.45,,1.26%
2009/8/7,456.83,458.81,460.96,453.65,,-0.36%
2009/8/6,458.49,457.55,459.23,456.48,,0.10%
2009/8/5,458.05,462.93,465.25,457.91,,-0.72%
2009/8/4,461.39,466.68,468.44,460.78,,-0.75%
2009/8/3,464.86,464.13,464.95,462.41,,0.32%
2009/7/31,463.39,466.54,468.18,462.92,,-0.29%
2009/7/30,464.73,457.32,465.07,457.23,,1.99%
2009/7/29,455.67,449.72,457.46,449.54,,1.02%
2009/7/28,451.05,454.46,455.71,449.82,,-1.06%
2009/7/27,455.88,459.75,463.51,455.45,,-0.27%
2009/7/24,457.12,453.58,458.51,453.31,,1.78%
2009/7/23,449.11,448.59,455.12,448.46,,0.49%
2009/7/22,446.94,442.98,450.04,441.29,,0.90%
2009/7/21,442.96,438.04,443.25,437.69,,2.25%
2009/7/17,433.23,424,433.5,421.56,,2.73%
2009/7/16,421.73,420.55,428.16,420.52,,1.59%
2009/7/15,415.11,407.13,415.11,406.88,,3.00%
2009/7/14,403.03,392.98,404.78,392.92,,3.77%
2009/7/13,388.39,427.57,427.66,388.31,,-9.83%
2009/7/10,430.73,442.64,446.6,430.65,,-3.21%
2009/7/9,445.03,458.96,459.47,444.73,,-3.92%
2009/7/8,463.19,459.7,463.52,452.3,,0.53%
2009/7/7,460.73,467.72,471.31,459.47,,-0.81%
2009/7/6,464.47,448.34,464.47,448.34,,3.93%
2009/7/3,446.91,438.77,446.91,436.45,,0.74%
2009/7/2,443.61,446.26,447.51,441.51,,-0.35%
2009/7/1,445.18,443.08,446.91,442.42,,0.71%
2009/6/30,442.05,442.46,446.91,438.83,,0.68%
2009/6/29,439.08,438.64,445.83,437.7,,0.75%
2009/6/26,435.8,436.5,439.44,432.79,,0.30%
2009/6/25,434.48,431.02,436.74,430.76,,1.50%
2009/6/24,428.08,430.12,432.94,422.53,,-0.08%
2009/6/23,428.44,434.26,437.36,427.08,,-2.45%
2009/6/22,439.22,426.8,440.39,425.89,,3.34%
2009/6/19,425.03,430.48,432.14,420.24,,-1.04%
2009/6/18,429.5,434.83,435.36,425.11,,-1.46%
2009/6/17,435.85,423.32,439.44,423.32,,2.51%
2009/6/16,425.19,429.47,432.59,423.92,,-1.82%
2009/6/15,433.07,423.18,433.66,423.04,,2.88%
2009/6/12,420.95,414.37,422.97,412.13,,1.69%
2009/6/11,413.95,404.57,413.95,404.39,,2.80%
2009/6/10,402.67,397.23,403.82,397.2,,1.54%
2009/6/9,396.55,405.68,405.68,394.49,,-2.31%
2009/6/8,405.91,400.36,406.38,399.75,,1.82%
2009/6/5,398.65,399.19,400.24,394.94,,0.11%
2009/6/4,398.23,403.05,403.05,397.84,,-0.94%
2009/6/3,402,399.96,402,396.82,,0.77%
2009/6/2,398.94,400.31,404.14,397.71,,0.56%
2009/6/1,396.7,395.73,400.41,395,,0.67%
2009/5/29,394.05,388.51,394.05,387.37,,2.19%
2009/5/28,385.6,374.78,385.62,374.71,,2.68%
2009/5/27,375.53,377.3,384.46,374.17,,0.07%
2009/5/26,375.28,371.1,377.31,369.03,,1.63%
2009/5/25,369.25,361.45,369.3,361.45,,2.75%
2009/5/22,359.35,350.97,361.08,350.85,,1.94%
2009/5/21,352.52,350.45,353.21,349.35,,0.51%
2009/5/20,350.73,351.31,352.84,349.78,,-0.20%
2009/5/19,351.43,354.95,355.91,350.43,,-0.39%
2009/5/18,352.8,355.72,356.46,351.64,,-0.71%
2009/5/15,355.34,353.82,355.75,352.81,,0.90%
2009/5/14,352.17,354.49,355.75,351.28,,-1.29%
2009/5/13,356.78,351.57,356.78,350.62,,1.34%
2009/5/12,352.07,353.53,353.97,351.74,,-0.83%
2009/5/11,355.03,355.81,357.72,353.42,,0.53%
2009/5/8,353.15,349.76,353.21,349.37,,1.07%
2009/5/7,349.41,348.52,352.48,346.56,,1.31%
2009/5/1,344.88,343.86,345.03,339.42,,0.10%
2009/4/30,344.55,344.69,348.56,343.87,,0.71%
2009/4/28,342.11,353.01,355.37,341.4,,-2.88%
2009/4/27,352.27,345.06,357.92,345.06,,2.84%
2009/4/24,342.53,341.05,346.44,339.96,,1.10%
2009/4/23,338.8,323.34,339.03,323.27,,5.27%
2009/4/22,321.84,324.46,325.1,319.57,,-0.26%
2009/4/21,322.68,323.25,324.92,320.43,,-1.22%
2009/4/20,326.65,321.18,326.65,320.47,,2.20%
2009/4/17,319.63,316.36,319.63,315.64,,1.44%
2009/4/16,315.08,318.19,319.2,313.85,,-0.39%
2009/4/15,316.31,312.63,321.35,311.8,,0.59%
2009/4/14,314.45,315.74,315.92,310.65,,-0.42%
2009/4/13,315.77,322.87,323,315.2,,-1.78%
2009/4/10,321.49,321.45,324.52,320.05,,0.77%
2009/4/9,319.04,314.05,319.04,313.65,,2.10%
2009/4/8,312.47,314.1,315.32,312.29,,-0.92%
2009/4/7,315.37,315.07,316.56,312.94,,-0.24%
2009/4/6,316.13,314.36,316.68,314.36,,1.27%
2009/4/3,312.17,316.6,317.84,310.17,,-0.47%
2009/4/2,313.63,312.34,314.13,311.77,,1.06%
2009/4/1,310.35,308.64,310.42,306.5,,1.27%
2009/3/31,306.45,308.08,312.07,304.67,,-0.65%
2009/3/30,308.46,311.24,317.14,308.3,,-0.51%
2009/3/27,310.05,309.45,314.11,308.99,,1.12%
2009/3/26,306.62,308.48,312.55,304.95,,-0.67%
2009/3/25,308.7,298.42,310.81,297.87,,3.53%
2009/3/24,298.17,296.55,299.11,296.15,,1.52%
2009/3/23,293.7,291.95,295,291.27,,0.99%
2009/3/19,290.81,288.04,293.89,288.04,,1.20%
2009/3/18,287.35,295.48,296.39,286.31,,-1.91%
2009/3/17,292.96,295.21,297.66,292.8,,-0.34%
2009/3/16,293.95,287.25,294.67,286.82,,2.98%
2009/3/13,285.43,282.34,286.07,280.92,,1.95%
2009/3/12,279.96,282.72,282.87,277.14,,-1.45%
2009/3/11,284.07,281.78,284.71,281.7,,1.54%
2009/3/10,279.77,280.17,280.23,277.73,,-0.26%
2009/3/9,280.49,283.81,284.33,278.88,,-1.19%
2009/3/6,283.87,288.66,288.72,283.62,,-2.52%
2009/3/5,291.22,294.58,295.22,291.22,,-0.57%
2009/3/4,292.88,289.36,293.02,288.27,,1.10%
2009/3/3,289.7,289.06,290.22,285.28,,-0.87%
2009/3/2,292.23,297.04,297.97,292.23,,-1.68%
2009/2/27,297.21,297.55,302.35,295.99,,0.07%
2009/2/26,296.99,291.66,301.7,291.62,,2.10%
2009/2/25,290.88,289.76,293.53,287.87,,1.45%
2009/2/24,286.72,286.19,287.83,281.51,,-0.90%
2009/2/23,289.32,294.51,294.51,287.99,,-2.68%
2009/2/20,297.3,303.09,305.46,295.71,,-1.61%
2009/2/19,302.16,304.87,306.61,301.13,,-0.43%
2009/2/18,303.48,302.43,305.84,299.65,,-0.68%
2009/2/17,305.57,309.43,312.05,304.26,,-1.75%
2009/2/16,311.02,315.5,315.74,309.59,,-1.81%
2009/2/13,316.74,319.95,320.42,315.2,,-0.78%
2009/2/12,319.24,319.15,323.75,317.42,,-0.40%
2009/2/10,320.51,320.09,321.77,317.36,,0.29%
2009/2/9,319.57,333.59,333.79,319.08,,-3.78%
2009/2/6,332.13,335.43,336.48,330.86,,-0.75%
2009/2/5,334.63,338.95,339.9,333.63,,-1.27%
2009/2/4,338.93,337.12,340.06,336.73,,1.00%
2009/2/3,335.58,337.73,341.83,335.58,,-0.01%
2009/2/2,335.62,339.63,343.84,334.29,,-1.20%
2009/1/30,339.69,336.95,340.35,334.41,,0.54%
2009/1/29,337.88,340.65,342.91,335.6,,0.01%
2009/1/28,337.85,331.48,339.58,331.15,,2.19%
2009/1/27,330.61,324.64,331.06,324.48,,2.33%
2009/1/26,323.09,330.28,332.76,323.09,,-1.99%
2009/1/23,329.66,326.9,334.03,326.39,,0.60%
2009/1/22,327.7,326.84,327.91,321.59,,0.95%
2009/1/21,324.63,326.1,328.92,322.6,,-1.59%
2009/1/20,329.86,336.51,337.19,328.37,,-2.57%
2009/1/19,338.57,337.83,341.03,336.21,,1.03%
2009/1/16,335.13,332.43,335.13,329.77,,1.49%
2009/1/15,330.2,331.37,331.75,326.91,,-1.53%
2009/1/14,335.33,330.47,336.22,330.4,,1.75%
2009/1/13,329.55,331.41,331.48,327,,-1.73%
2009/1/9,335.34,335.34,337.47,332.55,,0.16%
2009/1/8,334.79,337.77,338.06,333.85,,-1.61%
2009/1/7,340.27,345.76,348.67,338.34,,-1.05%
2009/1/6,343.88,332.4,347.17,331.73,,4.05%
2009/1/5,330.51,327.23,330.51,326.97,,2.18%
2008/12/30,323.47,325.5,325.77,323.08,,-0.57%
2008/12/29,325.34,316.9,325.34,316.45,,3.04%
2008/12/26,315.73,314.92,316.23,313.38,,0.23%
2008/12/25,314.99,319.24,319.56,308.65,,-1.38%
2008/12/24,319.41,326.77,326.99,318.64,,-2.78%
2008/12/22,328.54,322.95,328.79,322.16,,1.89%
2008/12/19,322.46,327.52,328.38,322.16,,-1.62%
2008/12/18,327.78,325.72,328.74,324.76,,0.58%
2008/12/17,325.89,332.95,335.1,323.68,,-0.97%
2008/12/16,329.07,321.15,330.89,320.29,,2.79%
2008/12/15,320.13,310.89,320.13,310.71,,3.83%
2008/12/12,308.31,311.81,314.34,305.91,,-1.77%
2008/12/11,313.86,319.01,319.01,312.29,,-1.31%
2008/12/10,318.02,315.55,319.91,314.93,,0.00%
2008/12/9,318.02,316.52,319.94,313.17,,1.33%
2008/12/8,313.86,302.42,314.88,300.04,,4.65%
2008/12/5,299.9,301.6,301.65,295.34,,-0.60%
2008/12/4,301.71,309.17,311.86,300.26,,-1.79%
2008/12/3,307.21,312.23,315.81,305.92,,-0.89%
2008/12/2,309.96,311.71,313.82,306.39,,-1.40%
2008/12/1,314.35,314.6,315.84,311.07,,0.19%
2008/11/28,313.76,303.58,313.86,303.4,,3.35%
2008/11/27,303.59,306.73,310.33,302.22,,-0.14%
2008/11/26,304.01,306.92,309.88,303.8,,-1.10%
2008/11/25,307.38,309.07,317.52,305.83,,0.63%
2008/11/21,305.45,292.37,305.91,285.56,,3.27%
2008/11/20,295.78,307.66,307.69,295.48,,-4.86%
2008/11/19,310.9,318.51,320.27,309.32,,-2.05%
2008/11/18,317.41,328.22,329.2,316.88,,-3.28%
2008/11/17,328.18,323.75,331.67,321.39,,1.40%
2008/11/14,323.64,330.51,336.9,321.2,,-1.15%
2008/11/13,327.42,335.85,335.85,324.73,,-3.62%
2008/11/12,339.71,343.75,344.52,338.87,,-1.46%
2008/11/11,344.73,338.48,348.34,338.05,,2.01%
2008/11/10,337.95,332.49,343.08,332.48,,2.83%
2008/11/7,328.64,321.39,331.58,315.68,,1.23%
2008/11/6,324.65,331.77,331.81,322.94,,-3.23%
2008/11/5,335.49,321.65,337.57,321.6,,5.52%
2008/11/4,317.93,302.42,318.85,302.38,,6.25%
2008/10/31,299.24,295.51,300.35,291.82,,1.51%
2008/10/30,294.78,281.13,297.05,281.13,,5.48%
2008/10/29,279.47,279.25,295.3,276.32,,1.42%
2008/10/28,275.57,274.16,276.08,255.95,,-0.52%
2008/10/27,277.01,293.96,296.97,274.29,,-6.66%
2008/10/24,296.79,310.87,311.72,296.22,,-4.63%
2008/10/23,311.21,319.4,319.4,301.89,,-3.72%
2008/10/22,323.24,331.38,334.19,321.17,,-2.56%
2008/10/21,331.74,329.25,336.71,329.25,,1.94%
2008/10/20,325.42,312.39,325.59,312.39,,4.72%
2008/10/17,310.76,307.09,319.49,307.09,,2.27%
2008/10/16,303.87,312.18,312.18,296.21,,-4.02%
2008/10/15,316.6,304.43,317.48,304.27,,4.33%
2008/10/14,303.45,273.26,303.6,273.26,,12.64%
2008/10/10,269.41,284.35,284.36,261.61,,-6.50%
2008/10/9,288.13,272.01,291.77,270.1,,6.05%
2008/10/8,271.68,300.11,300.18,270.74,,-10.65%
2008/10/7,304.07,315.88,315.88,290.29,,-5.15%
2008/10/6,320.59,352.44,352.46,318.75,,-9.86%
2008/10/3,355.65,372.16,372.16,350.3,,-4.87%
2008/10/2,373.84,394.82,396.34,372.98,,-4.89%
2008/10/1,393.05,406.45,410.03,392.92,,-2.40%
2008/9/30,402.71,407.52,407.52,391.38,,-2.42%
2008/9/29,412.71,426.84,429.63,411.77,,-3.41%
2008/9/26,427.27,435.87,439.58,425.23,,-1.93%
2008/9/25,435.69,434.5,441.05,434.06,,-0.62%
2008/9/24,438.4,444.62,445.11,438.4,,-1.62%
2008/9/22,445.64,452.16,457.03,445.39,,-0.48%
2008/9/19,447.79,443.69,449.53,443.57,,1.71%
2008/9/18,440.26,435.78,440.5,429.74,,0.05%
2008/9/17,440.03,438.7,448.69,438.19,,1.37%
2008/9/16,434.07,430.99,439.2,404.38,,-0.71%
2008/9/12,437.16,427.87,437.16,427.86,,3.05%
2008/9/11,424.23,436.64,440.69,423.69,,-3.12%
2008/9/10,437.88,426.85,438.81,420.26,,1.84%
2008/9/9,429.97,440.26,440.32,428.44,,-2.51%
2008/9/8,441.03,427.86,442.22,427.86,,3.89%
2008/9/5,424.5,425.87,425.87,414.57,,-1.34%
2008/9/4,430.26,445.94,446.2,428.84,,-4.13%
2008/9/3,448.78,463.94,466.01,446.86,,-2.55%
2008/9/2,460.53,465.83,472.39,456.86,,-1.60%
2008/9/1,468.01,465.28,476.29,465.11,,0.69%
2008/8/29,464.79,459.88,464.79,459.76,,1.88%
2008/8/28,456.22,463.39,466.39,455.43,,-0.72%
2008/8/27,459.55,445.64,460.98,444.83,,2.94%
2008/8/26,446.41,443.04,446.89,440.81,,0.04%
2008/8/25,446.21,445.82,450.34,445.7,,0.98%
2008/8/22,441.89,449.62,450.12,441,,-2.31%
2008/8/21,452.33,452.61,455.37,450.08,,0.15%
2008/8/20,451.65,441.82,451.89,440.77,,1.67%
2008/8/19,444.24,439.14,444.24,438.32,,0.38%
2008/8/18,442.58,436.88,443.77,434.55,,0.92%
2008/8/15,438.56,445.06,445.98,434.91,,-1.46%
2008/8/14,445.05,451.85,453.06,441.95,,-2.55%
2008/8/13,456.68,469,469.26,455.02,,-3.44%
2008/8/12,472.93,477.47,480.29,472.1,,-0.70%
2008/8/11,476.26,475.98,480.83,473.91,,0.95%
2008/8/8,471.76,470.23,476.11,463.13,,-0.71%
2008/8/7,475.14,480.89,481.26,472.25,,-1.47%
2008/8/6,482.25,476.67,483.35,476.67,,2.06%
2008/8/5,472.52,476.85,477.12,470.49,,-0.83%
2008/8/4,476.47,494.48,495.48,475.88,,-4.00%
2008/8/1,496.32,507.42,507.42,494.98,,-2.69%
2008/7/31,510.06,519.61,519.77,505.48,,-2.14%
2008/7/30,521.22,530.39,532.31,519.78,,-1.12%
2008/7/29,527.1,528.02,529.32,523.72,,-1.21%
2008/7/28,533.55,522.55,536.09,522.55,,2.97%
2008/7/25,518.17,526.93,526.93,518.17,,-2.79%
2008/7/24,533.06,508.29,535.03,508.2,,5.13%
2008/7/23,507.06,484.54,507.27,483.95,,5.17%
2008/7/22,482.14,497.85,498.67,477.63,,-3.15%
2008/7/18,497.83,501.89,504.98,494.46,,-0.27%
2008/7/17,499.18,490.02,502,490.02,,2.94%
2008/7/16,484.93,488.51,489.94,481.76,,-1.37%
2008/7/15,491.66,513.52,513.52,489.25,,-4.68%
2008/7/14,515.81,514.64,521.89,511.5,,-0.33%
2008/7/11,517.53,516.77,518.15,513.61,,0.02%
2008/7/10,517.41,520.52,522.4,515.82,,-1.29%
2008/7/9,524.18,535.73,537.89,522.89,,-1.68%
2008/7/8,533.14,542.29,544.1,532.39,,-1.92%
2008/7/7,543.59,540.12,543.59,535.34,,0.61%
2008/7/4,540.29,544.52,550.9,534.65,,-0.50%
2008/7/3,543.03,545.26,548.59,542.06,,-1.13%
2008/7/2,549.23,550.71,555.73,543.09,,-0.12%
2008/7/1,549.9,540.13,551.38,538.94,,1.77%
2008/6/30,540.35,545.84,546.06,539.47,,-1.19%
2008/6/27,546.88,559.7,559.7,544.09,,-3.56%
2008/6/26,567.08,571.28,575.64,566.29,,-0.29%
2008/6/25,568.74,579.25,580.01,563.7,,-2.39%
2008/6/24,582.66,592.84,592.84,582.66,,-2.09%
2008/6/23,595.09,591.55,595.66,586.72,,-0.35%
2008/6/20,597.16,605.13,606.1,595.25,,-1.42%
2008/6/19,605.76,617.91,619.08,604.04,,-2.58%
2008/6/18,621.78,617.85,623.48,617.34,,0.69%
2008/6/17,617.54,604.11,618,604.02,,2.51%
2008/6/16,602.41,603.57,604.89,597.87,,-0.20%
2008/6/13,603.6,605.31,610.35,597.65,,0.37%
2008/6/12,601.4,601.12,609.41,595.63,,-0.51%
2008/6/11,604.48,602.73,606.5,595.98,,0.59%
2008/6/10,600.91,630.28,631.46,600.91,,-4.41%
2008/6/9,628.62,630.77,632.96,624.19,,-1.53%
2008/6/6,638.4,647.69,648.89,636.63,,-1.12%
2008/6/5,645.66,650.54,653.03,641.95,,-0.84%
2008/6/4,651.1,659.43,659.43,650,,-1.26%
2008/6/3,659.42,667.04,667.9,657.1,,-1.53%
2008/6/2,669.69,655.94,669.69,654.7,,2.66%
2008/5/30,652.35,651.25,655.07,649.66,,0.47%
2008/5/29,649.29,643.42,649.29,639.85,,0.95%
2008/5/28,643.17,654.38,655.27,642.14,,-1.35%
2008/5/27,651.97,661.05,662.43,649.36,,-1.02%
2008/5/26,658.7,667.58,673.39,658.7,,-0.94%
2008/5/23,664.97,660.34,666.25,655.48,,1.09%
2008/5/22,657.83,653.55,659.32,649.96,,0.19%
2008/5/21,656.6,653.11,658.41,651.5,,-0.08%
2008/5/20,657.12,658.98,661.09,652.75,,-0.19%
2008/5/19,658.34,654.06,665.04,651.75,,0.90%
2008/5/16,652.47,666.12,666.14,647.87,,-1.87%
2008/5/15,664.88,665.24,671.56,662.68,,0.69%
2008/5/14,660.31,644.95,661.68,644.91,,2.10%
2008/5/13,646.74,639.97,646.74,639.32,,1.70%
2008/5/12,635.92,638.91,639.4,630.93,,-1.13%
2008/5/9,643.22,662.74,664.24,638.95,,-2.41%
2008/5/8,659.09,626.26,660.18,625.52,,5.19%
2008/5/7,626.57,615.25,626.83,614.82,,2.59%
2008/5/2,610.75,607.73,611.49,606.15,,1.02%
2008/5/1,604.57,613.23,613.97,601.83,,-1.04%
2008/4/30,610.94,601.59,614.42,599.23,,1.59%
2008/4/28,601.38,612.4,612.42,599.05,,-1.60%
2008/4/25,611.13,618.15,618.57,610.6,,-0.67%
2008/4/24,615.25,616.11,618.93,611.46,,0.22%
2008/4/23,613.91,608.86,616.75,607,,0.81%
2008/4/22,608.97,608.47,616.32,607.8,,-0.05%
2008/4/21,609.29,617.41,620.38,609.29,,-0.32%
2008/4/18,611.24,603.89,611.24,599.29,,1.57%
2008/4/17,601.79,599.76,606.86,599.76,,1.26%
2008/4/16,594.33,594.27,597.32,593.4,,0.72%
2008/4/15,590.06,590.66,594.25,588.68,,0.24%
2008/4/14,588.63,587.19,589.77,582.07,,-0.93%
2008/4/11,594.14,589.96,594.14,585.34,,1.50%
2008/4/10,585.38,586.77,590.69,579.05,,-0.84%
2008/4/9,590.35,606.89,607.34,584.7,,-2.90%
2008/4/8,607.98,626.84,630.51,606.52,,-3.25%
2008/4/7,628.43,613.86,628.92,610.23,,2.21%
2008/4/4,614.85,623.64,623.65,612.03,,-1.39%
2008/4/3,623.49,623.12,628.62,618.72,,0.04%
2008/4/2,623.25,619.4,625.31,618.22,,1.77%
2008/4/1,612.43,622.64,627.77,610.78,,-1.36%
2008/3/31,620.9,629.18,637.88,619.87,,-1.50%
2008/3/28,630.37,625.44,632.04,621.75,,1.20%
2008/3/27,622.87,626.05,633.23,618.86,,-0.75%
2008/3/26,627.55,608.95,632.63,607.7,,3.37%
2008/3/25,607.08,607.29,614.78,607,,1.26%
2008/3/24,599.52,593.24,607.64,591.01,,0.87%
2008/3/21,594.37,575.75,595.09,574.2,,3.53%
2008/3/19,574.11,569.91,581.72,569.91,,1.90%
2008/3/18,563.42,573.09,575.43,558.87,,-1.36%
2008/3/17,571.21,576.8,577.02,555.62,,-1.81%
2008/3/14,581.75,604.84,606.99,579.54,,-3.53%
2008/3/13,603.01,612.22,622.06,597.62,,-1.63%
2008/3/12,613.03,620,639.01,612.18,,0.00%
2008/3/11,613.05,588.29,613.05,578.88,,3.19%
2008/3/10,594.11,627.66,628.52,589.84,,-6.39%
2008/3/7,634.64,645.55,645.73,628.8,,-2.91%
2008/3/6,653.68,653.28,661.72,643.74,,0.82%
2008/3/5,648.38,657.48,658.41,647.2,,-1.76%
2008/3/4,660,677.69,679.84,653.7,,-2.01%
2008/3/3,673.51,687.16,687.38,665.51,,-3.14%
2008/2/29,695.33,703.49,707.98,690.21,,-1.84%
2008/2/28,708.34,692.24,723.45,692.14,,2.62%
2008/2/27,690.27,685.31,695.01,682.75,,1.54%
2008/2/26,679.82,692.02,692.02,677.31,,-1.08%
2008/2/25,687.25,689.56,696.45,683.88,,0.50%
2008/2/22,683.82,682.1,690.96,676.81,,-0.40%
2008/2/21,686.56,676.2,691.46,676.17,,2.49%
2008/2/20,669.88,688.95,704.45,666.29,,-2.75%
2008/2/19,688.83,692.11,698.47,677.63,,-0.67%
2008/2/18,693.5,660.85,701.28,660.85,,5.81%
2008/2/15,655.44,604.92,659.65,602.48,,7.28%
2008/2/14,610.97,596.71,614.25,596.71,,3.49%
2008/2/13,590.35,602.21,608.42,586.9,,-1.13%
2008/2/12,597.07,600.02,603.35,591.25,,-0.84%
2008/2/8,602.1,618.23,621.76,601.02,,-2.58%
2008/2/7,618.04,625.49,628.94,611.51,,-1.17%
2008/2/6,625.33,634.9,634.9,622.59,,-2.73%
2008/2/5,642.85,643.69,645.14,635.89,,-0.19%
2008/2/4,644.07,641.81,648.25,640.66,,1.04%
2008/2/1,637.45,655.33,659.31,637.23,,-2.41%
2008/1/31,653.18,644.2,653.56,636.87,,0.89%
2008/1/30,647.39,658.24,662.15,643.12,,-1.39%
2008/1/29,656.49,656.8,666.38,651.47,,1.07%
2008/1/28,649.57,658.68,666.28,649.41,,-2.10%
2008/1/25,663.52,649.52,664,649.52,,3.36%
2008/1/24,641.93,626.34,646.79,626.34,,3.56%
2008/1/23,619.85,615.3,641.18,615.17,,1.92%
2008/1/22,608.17,648.67,648.79,607.41,,-7.40%
2008/1/21,656.77,674.09,678.61,656.34,,-3.47%
2008/1/18,680.37,637.24,681.01,623.75,,5.38%
2008/1/17,645.62,625.4,646.22,614.55,,4.07%
2008/1/16,620.4,650.06,650.1,617.25,,-5.87%
2008/1/15,659.08,702.57,704.55,655.72,,-6.30%
2008/1/11,703.39,748.9,751.57,701.94,,-5.75%
2008/1/10,746.29,756.55,771.02,742.85,,-0.66%
2008/1/9,751.25,739.11,751.63,727.4,,0.46%
2008/1/8,747.84,739.33,747.84,731.28,,1.47%
2008/1/7,737.02,742.72,754.43,733.95,,-1.28%
2008/1/4,746.58,773.54,774.35,743.89,,-4.67%
2007/12/28,783.18,792.23,802.97,780.96,,-2.25%
2007/12/27,801.21,811.19,813.12,797.76,,-1.30%
2007/12/26,811.8,779.53,814.15,778.53,,4.60%
2007/12/25,776.09,790.73,797.94,771.22,,-0.77%
2007/12/21,782.13,768.82,784.62,758.49,,2.09%
2007/12/20,766.15,787.54,795.53,760.88,,-2.43%
2007/12/19,785.23,800.29,812.03,782.05,,-1.92%
2007/12/18,800.61,781.28,806.7,775.99,,2.10%
2007/12/17,784.12,826.85,827.24,783.47,,-6.00%
2007/12/14,834.14,870.62,874.85,830.84,,-4.04%
2007/12/13,869.22,886.62,889.79,866.3,,-1.97%
2007/12/12,886.66,869.55,886.81,864.21,,1.01%
2007/12/11,877.81,879.55,880.25,857.05,,0.38%
2007/12/10,874.48,889.61,899.35,867.01,,-1.21%
2007/12/7,885.23,910.06,921.7,885.23,,-2.91%
2007/12/6,911.76,925.45,930.88,907.18,,-0.53%
2007/12/5,916.62,912.61,920.87,894.36,,0.55%
2007/12/4,911.58,923.8,933.18,904.87,,-0.98%
2007/12/3,920.63,889.65,920.63,889.64,,3.81%
2007/11/30,886.87,893.64,899.51,883.57,,-0.73%
2007/11/29,893.39,887.1,911.47,887.1,,1.95%
2007/11/28,876.27,842.8,878.69,841.18,,4.85%
2007/11/27,835.77,801.95,836.87,799.94,,3.24%
2007/11/26,809.57,811.64,816.75,806.81,,0.67%
2007/11/22,804.21,794.89,805.9,780.6,,0.61%
2007/11/21,799.37,815.67,833.04,797.64,,-2.41%
2007/11/20,819.08,812.15,819.63,785.3,,-0.49%
2007/11/19,823.09,846.94,853.3,820.92,,-2.03%
2007/11/16,840.14,829.3,840.58,823.48,,0.35%
2007/11/15,837.22,859.79,864.73,836.24,,-2.96%
2007/11/14,862.79,840.37,864.14,840.37,,3.95%
2007/11/13,830.02,821.94,850.65,821.41,,1.55%
2007/11/12,817.36,806.29,817.54,781.53,,0.04%
2007/11/9,817,849.85,850.45,816.96,,-4.46%
2007/11/8,855.14,825.99,855.18,806.64,,3.42%
2007/11/7,826.89,871.52,881.49,818.84,,-4.39%
2007/11/6,864.83,919.34,922.47,858.98,,-6.62%
2007/11/5,926.14,940.12,952.24,923.56,,-1.01%
2007/11/2,935.6,919.03,944.33,906.24,,0.53%
2007/11/1,930.65,950.12,963.19,924.85,,-1.42%
2007/10/31,944.06,957,963.81,936.86,,-1.36%
2007/10/30,957.05,968.36,979.21,955.73,,-0.84%
2007/10/29,965.17,941.02,978.52,940.88,,3.70%
2007/10/26,930.77,893.2,931.37,891.1,,4.73%
2007/10/25,888.75,925.15,931.17,886.05,,-3.77%
2007/10/24,923.56,913.27,930.24,906.59,,2.21%
2007/10/23,903.58,921.67,942.03,901.1,,-0.86%
2007/10/22,911.42,889.89,914.92,863.07,,1.04%
2007/10/19,902.03,884.83,910.45,878.23,,2.06%
2007/10/18,883.84,829.85,884.2,829.85,,7.22%
2007/10/17,824.34,827.2,847.61,814.19,,-1.05%
2007/10/16,833.11,858.64,858.7,831.05,,-3.98%
2007/10/15,867.62,888.71,893.02,867.62,,-1.57%
2007/10/12,881.49,876.27,891.69,872.2,,-0.04%
2007/10/11,881.81,853.9,882.54,851.49,,2.87%
2007/10/10,857.19,883.26,888.49,844.89,,-1.75%
2007/10/9,872.42,857.6,888.1,857.55,,2.79%
2007/10/5,848.78,816.12,849.75,815.61,,3.98%
2007/10/4,816.31,794.97,819.86,792.1,,2.76%
2007/10/3,794.35,758.79,797.64,758.17,,5.03%
2007/10/2,756.29,742.11,757.79,742.11,,2.83%
2007/10/1,735.48,734.29,744.73,730.15,,0.38%
2007/9/28,732.72,724.17,736.88,715.83,,1.70%
2007/9/27,720.5,689.33,721.93,689.15,,5.52%
2007/9/26,682.78,634.32,682.98,634.03,,8.13%
2007/9/25,631.45,625.89,633.29,621.98,,0.88%
2007/9/21,625.93,624.11,627.1,622.36,,-0.37%
2007/9/20,628.23,635.86,638.87,626.36,,-0.81%
2007/9/19,633.34,627.11,636.63,627.11,,2.08%
2007/9/18,620.42,634.58,634.58,617.94,,-2.64%
2007/9/14,637.25,631,637.46,627.77,,1.34%
2007/9/13,628.83,646.79,647.09,628.14,,-3.03%
2007/9/12,648.46,661.16,671.08,646.33,,-1.19%
2007/9/11,656.29,676.13,677.02,650.02,,-2.87%
2007/9/10,675.71,695.64,695.64,675.71,,-4.13%
2007/9/7,704.82,709.28,720.87,700.95,,-0.93%
2007/9/6,711.44,708.91,711.44,691.38,,-0.79%
2007/9/5,717.07,736.6,740.5,714.89,,-2.23%
2007/9/4,733.41,731.87,733.5,728.47,,-0.10%
2007/9/3,734.11,732.17,738.09,727.05,,0.61%
2007/8/31,729.66,715.34,731.05,715.34,,1.87%
2007/8/30,716.29,723.17,729.51,715.72,,0.03%
2007/8/29,716.06,721.36,721.36,705.46,,-2.09%
2007/8/28,731.34,727.38,732.63,725.08,,0.04%
2007/8/27,731.08,732.59,741.57,729.95,,0.59%
2007/8/24,726.77,737.97,741.71,726.27,,-1.79%
2007/8/23,740.02,710.4,740.02,710.1,,5.18%
2007/8/22,703.56,700.61,713.2,700.61,,-0.02%
2007/8/21,703.72,696.42,708.8,691.19,,1.23%
2007/8/20,695.18,696.12,717,692.45,,0.98%
2007/8/17,688.46,726.86,726.86,687.95,,-5.55%
2007/8/16,728.89,744.51,744.58,708.65,,-3.03%
2007/8/15,751.69,765.02,765.09,751.2,,-2.66%
2007/8/14,772.26,769.07,774.94,767.11,,0.62%
2007/8/13,767.49,764.6,774.31,759.06,,0.65%
2007/8/10,762.53,768.64,768.65,758.33,,-1.84%
2007/8/9,776.86,787.44,792.9,775.77,,-0.88%
2007/8/8,783.78,798.6,800.12,782.56,,-2.15%
2007/8/7,801,824.36,826.54,801,,-2.05%
2007/8/6,817.76,824.53,824.91,811.63,,-2.01%
2007/8/3,834.57,837.52,841.25,832.42,,0.53%
2007/8/2,830.18,837.99,842.64,817.26,,-0.21%
2007/8/1,831.92,860.25,862.16,831.92,,-3.79%
2007/7/31,864.7,859.8,866.68,857.03,,1.38%
2007/7/30,852.93,834.78,853.56,833.06,,1.63%
2007/7/27,839.27,842.9,848.87,829.29,,-1.51%
2007/7/26,852.13,858.54,863.03,852.02,,-0.66%
2007/7/25,857.81,845.39,859.63,841.06,,0.66%
2007/7/24,852.21,836,858.07,831.15,,1.98%
2007/7/23,835.63,847.94,849.06,831.22,,-2.38%
2007/7/20,855.96,849.94,858.65,849.12,,0.63%
2007/7/19,850.59,871.03,871.96,850.18,,-2.55%
2007/7/18,872.87,873.26,877.36,864.24,,-0.34%
2007/7/17,875.89,887.35,887.35,870.35,,-1.38%
2007/7/13,888.16,891.72,896.35,884.38,,0.13%
2007/7/12,887,902.38,903.63,885.23,,-1.43%
2007/7/11,899.91,903.02,907.6,899.91,,-1.12%
2007/7/10,910.13,913.86,913.86,909.38,,-0.50%
2007/7/9,914.73,909.61,914.73,906.08,,0.54%
2007/7/6,909.78,910.65,913.04,907.75,,-0.33%
2007/7/5,912.8,920.85,921.43,908.81,,-1.06%
2007/7/4,922.56,924.17,924.17,916.33,,-0.44%
2007/7/3,926.65,931.7,933.98,920.88,,-0.37%
2007/7/2,930.07,916.05,930.07,914.5,,1.60%
2007/6/29,915.38,918.87,919.65,910.29,,-0.21%
2007/6/28,917.35,903.64,919.65,903.64,,2.36%
2007/6/27,896.2,904.18,904.18,894.27,,-1.50%
2007/6/26,909.87,931.73,932.04,906.17,,-2.51%
2007/6/25,933.26,941.06,946.02,933.26,,-1.26%
2007/6/22,945.14,940.98,947.53,938.82,,0.34%
2007/6/21,941.95,939.48,943.4,935.34,,-0.42%
2007/6/20,945.9,941.29,948.49,939.97,,0.76%
2007/6/19,938.72,946.45,948.14,936.26,,-0.90%
2007/6/18,947.24,944.01,955.1,944.01,,0.85%
2007/6/15,939.29,931.14,948.13,929.24,,1.32%
2007/6/14,927.09,885.92,927.09,885.85,,5.28%
2007/6/13,880.62,875.23,881.65,869.73,,-0.59%
2007/6/12,885.84,898.61,899.05,881.74,,-1.21%
2007/6/11,896.65,909.24,912.1,895.48,,-0.49%
2007/6/8,901.03,902.85,905.27,897.59,,-0.90%
2007/6/7,909.25,910.48,916.13,906.89,,-0.90%
2007/6/6,917.52,890.47,919.2,889.7,,2.99%
2007/6/5,890.9,881.73,891.04,879.5,,0.93%
2007/6/4,882.71,891.08,894.9,879.71,,-0.34%
2007/6/1,885.68,874.96,887.2,873.83,,1.39%
2007/5/31,873.52,873.08,875.12,865.23,,0.79%
2007/5/30,866.65,874.93,877.38,860.67,,-0.76%
2007/5/29,873.26,858.88,873.35,858.22,,1.75%
2007/5/28,858.27,858.38,876.19,857.35,,0.58%
2007/5/25,853.35,832.23,853.91,822.13,,1.51%
2007/5/24,840.68,854.36,854.36,840.45,,-1.92%
2007/5/23,857.12,847.25,862.45,847.25,,1.62%
2007/5/22,843.46,805.88,844.15,804.18,,4.52%
2007/5/21,807,810.95,818.88,804.9,,-0.76%
2007/5/18,813.18,827.46,827.46,796.82,,-1.87%
2007/5/17,828.71,840.13,843.95,827.22,,-1.20%
2007/5/16,838.75,860.49,860.53,837.15,,-2.85%
2007/5/15,863.32,870.3,870.33,845.05,,-1.41%
2007/5/14,875.65,906.5,909.29,874.77,,-3.19%
2007/5/11,904.47,911.68,912.6,901.71,,-1.51%
2007/5/10,918.37,929.85,933.46,916.63,,-1.26%
2007/5/9,930.12,942.36,942.64,928.77,,-1.50%
2007/5/8,944.3,964.48,964.64,941.62,,-1.98%
2007/5/7,963.38,955.6,967.26,955.6,,1.48%
2007/5/2,949.34,944.66,956.08,936.04,,0.52%
2007/5/1,944.41,926.95,944.41,922.08,,2.13%
2007/4/27,924.67,916.25,924.91,915.23,,1.03%
2007/4/26,915.22,919.59,925.86,913.52,,0.27%
2007/4/25,912.72,927.78,927.97,911.85,,-1.66%
2007/4/24,928.1,898.21,929.86,897.63,,2.60%
2007/4/23,904.6,932.51,933.39,897.85,,-3.30%
2007/4/20,935.49,960.42,962.45,934.44,,-2.26%
2007/4/19,957.09,967.54,968.95,948.11,,-1.66%
2007/4/18,973.22,986.5,989.55,969.23,,-1.87%
2007/4/17,991.77,990.63,"1,008.16",988.2,,0.45%
2007/4/16,987.36,"1,013.48","1,013.58",978,,-2.46%
2007/4/13,"1,012.26","1,027.63","1,028.24","1,010.95",,-1.16%
2007/4/12,"1,024.16","1,022.76","1,028.90","1,019.02",,-0.44%
2007/4/11,"1,028.66","1,029.57","1,033.32","1,021.50",,0.05%
2007/4/10,"1,028.17","1,017.82","1,030.81","1,017.82",,0.68%
2007/4/9,"1,021.22","1,031.78","1,033.51","1,019.00",,-0.64%
2007/4/6,"1,027.84","1,051.17","1,052.00","1,026.11",,-2.20%
2007/4/5,"1,050.96","1,037.41","1,066.76","1,036.92",,1.08%
2007/4/4,"1,039.73","1,022.64","1,039.84","1,018.29",,2.45%
2007/4/3,"1,014.85","1,022.43","1,023.79","1,008.60",,-0.53%
2007/4/2,"1,020.30","1,041.07","1,044.38","1,016.58",,-1.73%
2007/3/30,"1,038.31","1,036.92","1,039.51","1,030.93",,0.67%
2007/3/29,"1,031.38","1,029.30","1,032.69","1,023.38",,-0.64%
2007/3/28,"1,038.01","1,022.64","1,045.84","1,022.15",,1.67%
2007/3/27,"1,020.94","1,022.80","1,033.90","1,017.46",,-0.40%
2007/3/26,"1,025.04","1,006.66","1,034.82","1,004.63",,1.68%
2007/3/23,"1,008.12","1,022.73","1,024.28","1,004.59",,-1.63%
2007/3/22,"1,024.79","1,038.72","1,044.64","1,022.76",,-0.64%
2007/3/20,"1,031.42","1,003.35","1,031.84",999.16,,3.44%
2007/3/19,997.1,"1,002.64","1,005.34",992.36,,-1.31%
2007/3/16,"1,010.37","1,018.20","1,025.17","1,004.52",,-0.92%
2007/3/15,"1,019.76","1,019.70","1,028.00","1,016.89",,1.08%
2007/3/14,"1,008.84","1,027.10","1,027.24","1,007.24",,-3.04%
2007/3/13,"1,040.52","1,058.92","1,059.19","1,040.52",,-1.88%
2007/3/12,"1,060.48","1,064.50","1,068.02","1,056.38",,0.32%
2007/3/9,"1,057.08","1,060.35","1,062.95","1,054.18",,0.37%
2007/3/8,"1,053.15","1,030.96","1,053.91","1,028.88",,1.60%
2007/3/7,"1,036.58","1,060.94","1,067.78","1,032.42",,-1.21%
2007/3/6,"1,049.28",992.41,"1,049.28",992.23,,6.19%
2007/3/5,988.14,"1,053.48","1,053.48",987.43,,-7.42%
2007/3/2,"1,067.33","1,072.30","1,080.41","1,063.60",,-1.30%
2007/3/1,"1,081.37","1,118.44","1,119.72","1,071.85",,-2.92%
2007/2/28,"1,113.95","1,129.49","1,129.49","1,051.14",,-2.83%
2007/2/27,"1,146.35","1,163.26","1,163.26","1,144.61",,-1.52%
2007/2/26,"1,164.07","1,194.19","1,196.97","1,160.39",,-2.15%
2007/2/23,"1,189.61","1,166.20","1,195.35","1,166.05",,2.35%
2007/2/22,"1,162.25","1,118.85","1,162.25","1,117.55",,4.02%
2007/2/21,"1,117.36","1,123.70","1,125.21","1,112.97",,-0.38%
2007/2/20,"1,121.67","1,114.98","1,122.21","1,113.76",,0.58%
2007/2/19,"1,115.25","1,112.62","1,120.34","1,110.68",,0.22%
2007/2/16,"1,112.81","1,127.11","1,128.66","1,111.64",,-1.74%
2007/2/15,"1,132.48","1,136.23","1,138.64","1,123.89",,-0.34%
2007/2/14,"1,136.40","1,124.23","1,136.40","1,121.73",,1.46%
2007/2/13,"1,120.10","1,129.62","1,136.38","1,119.59",,-1.45%
2007/2/9,"1,136.56","1,129.98","1,136.56","1,122.93",,0.40%
2007/2/8,"1,132.02","1,158.48","1,161.28","1,131.18",,-2.19%
2007/2/7,"1,157.38","1,158.47","1,168.67","1,152.62",,-0.03%
2007/2/6,"1,157.70","1,165.03","1,167.30","1,152.78",,-0.43%
2007/2/5,"1,162.69","1,170.73","1,175.96","1,160.05",,-1.22%
2007/2/2,"1,177.04","1,186.57","1,190.70","1,173.07",,-0.47%
2007/2/1,"1,182.62","1,183.73","1,194.21","1,176.05",,0.13%
2007/1/31,"1,181.08","1,182.47","1,186.68","1,164.06",,0.00%
2007/1/30,"1,181.13","1,228.65","1,229.93","1,176.67",,-3.50%
2007/1/29,"1,223.92","1,214.96","1,224.97","1,204.41",,1.17%
2007/1/26,"1,209.81","1,192.41","1,210.05","1,186.23",,0.39%
2007/1/25,"1,205.16","1,231.99","1,235.20","1,204.84",,-1.51%
2007/1/24,"1,223.58","1,234.27","1,235.78","1,221.14",,-0.19%
2007/1/23,"1,225.89","1,225.84","1,232.39","1,213.58",,-0.75%
2007/1/22,"1,235.15","1,255.60","1,270.21","1,231.65",,-0.95%
2007/1/19,"1,247.00","1,186.74","1,247.00","1,180.66",,5.88%
2007/1/18,"1,177.77","1,138.06","1,182.29","1,138.06",,4.04%
2007/1/17,"1,132.01","1,109.44","1,132.05","1,103.33",,2.43%
2007/1/16,"1,105.17","1,077.05","1,105.68","1,076.77",,2.21%
2007/1/15,"1,081.24","1,088.36","1,095.01","1,078.95",,-0.44%
2007/1/12,"1,086.07","1,064.51","1,087.05","1,060.81",,2.32%
2007/1/11,"1,061.46","1,071.62","1,073.51","1,057.90",,-0.52%
2007/1/10,"1,066.99","1,074.09","1,080.39","1,063.53",,-0.59%
2007/1/9,"1,073.36","1,080.39","1,080.53","1,070.81",,-1.32%
2007/1/5,"1,087.75","1,109.48","1,109.75","1,085.19",,-2.01%
2007/1/4,"1,110.01","1,117.48","1,117.52","1,109.30",,-0.07%
2006/12/29,"1,110.78","1,104.31","1,112.11","1,102.23",,0.38%
2006/12/28,"1,106.56","1,115.71","1,116.62","1,098.18",,-0.68%
2006/12/27,"1,114.13","1,132.88","1,135.65","1,113.06",,-1.31%
2006/12/26,"1,128.90","1,115.33","1,130.20","1,109.81",,0.79%
2006/12/25,"1,120.01","1,128.55","1,129.06","1,109.18",,-1.13%
2006/12/22,"1,132.77","1,137.27","1,142.30","1,121.66",,-0.61%
2006/12/21,"1,139.67","1,150.31","1,153.88","1,131.68",,-0.67%
2006/12/20,"1,147.31","1,133.11","1,147.65","1,126.85",,1.74%
2006/12/19,"1,127.74","1,143.52","1,161.02","1,124.75",,-1.85%
2006/12/18,"1,149.02","1,149.14","1,152.11","1,133.80",,-0.27%
2006/12/15,"1,152.12","1,148.58","1,155.33","1,138.92",,0.67%
2006/12/14,"1,144.42","1,129.19","1,145.75","1,126.56",,1.65%
2006/12/13,"1,125.85","1,132.43","1,132.43","1,120.06",,-1.07%
2006/12/12,"1,138.00","1,151.92","1,159.64","1,132.20",,-1.31%
2006/12/11,"1,153.11","1,160.99","1,162.77","1,147.59",,-0.76%
2006/12/8,"1,161.97","1,159.39","1,167.46","1,155.52",,0.19%
2006/12/7,"1,159.80","1,171.37","1,174.90","1,157.52",,-0.58%
2006/12/6,"1,166.51","1,152.26","1,170.21","1,150.51",,0.99%
2006/12/5,"1,155.05","1,166.20","1,168.91","1,152.89",,-0.30%
2006/12/4,"1,158.58","1,138.31","1,158.58","1,134.30",,1.13%
2006/12/1,"1,145.61","1,148.57","1,161.61","1,143.99",,-0.62%
2006/11/30,"1,152.81","1,133.92","1,156.36","1,133.92",,2.53%
2006/11/29,"1,124.37","1,128.21","1,139.51","1,119.15",,0.52%
2006/11/28,"1,118.55","1,089.41","1,128.51","1,084.53",,1.46%
2006/11/27,"1,102.48","1,068.43","1,103.62","1,064.00",,2.60%
2006/11/24,"1,074.49","1,061.00","1,075.68","1,039.23",,0.45%
2006/11/22,"1,069.72","1,007.20","1,072.51","1,006.16",,6.05%
2006/11/21,"1,008.69","1,028.22","1,037.20","1,002.83",,-1.35%
2006/11/20,"1,022.54","1,077.49","1,077.52","1,022.54",,-6.20%
2006/11/17,"1,090.11","1,116.02","1,116.02","1,086.91",,-2.36%
2006/11/16,"1,116.46","1,132.95","1,140.96","1,114.89",,-1.50%
2006/11/15,"1,133.47","1,141.04","1,148.69","1,132.79",,0.14%
2006/11/14,"1,131.91","1,106.55","1,131.91","1,106.44",,3.29%
2006/11/13,"1,095.87","1,115.76","1,115.89","1,092.54",,-2.31%
2006/11/10,"1,121.76","1,133.39","1,137.90","1,120.49",,-1.99%
2006/11/9,"1,144.49","1,129.17","1,144.49","1,124.02",,1.38%
2006/11/8,"1,128.88","1,165.20","1,166.25","1,125.48",,-3.12%
2006/11/7,"1,165.25","1,177.96","1,181.63","1,164.49",,-0.09%
2006/11/6,"1,166.26","1,173.25","1,173.62","1,158.74",,-0.93%
2006/11/2,"1,177.18","1,190.84","1,194.08","1,172.39",,-1.67%
2006/11/1,"1,197.12","1,193.91","1,202.43","1,189.25",,0.14%
2006/10/31,"1,195.39","1,193.57","1,199.03","1,181.50",,0.59%
2006/10/30,"1,188.43","1,202.88","1,203.93","1,186.75",,-2.11%
2006/10/27,"1,214.09","1,232.16","1,232.21","1,213.62",,-1.22%
2006/10/26,"1,229.05","1,224.39","1,236.28","1,223.25",,0.81%
2006/10/25,"1,219.18","1,233.09","1,239.61","1,215.71",,-0.51%
2006/10/24,"1,225.47","1,251.19","1,259.58","1,224.90",,-1.15%
2006/10/23,"1,239.76","1,204.96","1,241.76","1,197.43",,2.57%
2006/10/20,"1,208.75","1,232.15","1,234.51","1,206.04",,-2.20%
2006/10/19,"1,235.93","1,238.66","1,253.00","1,234.53",,0.81%
2006/10/18,"1,225.95","1,170.27","1,226.33","1,167.65",,4.05%
2006/10/17,"1,178.26","1,188.06","1,188.68","1,168.57",,-0.26%
2006/10/16,"1,181.33","1,147.83","1,182.04","1,146.97",,3.62%
2006/10/13,"1,140.02","1,096.78","1,140.02","1,096.78",,5.26%
2006/10/12,"1,083.08","1,062.42","1,088.64","1,050.86",,0.90%
2006/10/11,"1,073.38","1,123.05","1,123.55","1,071.60",,-4.64%
2006/10/10,"1,125.60","1,159.40","1,159.41","1,119.83",,-4.03%
2006/10/6,"1,172.81","1,186.46","1,186.46","1,167.86",,-1.14%
2006/10/5,"1,186.29","1,192.25","1,199.79","1,183.49",,0.50%
2006/10/4,"1,180.36","1,213.57","1,218.22","1,180.02",,-2.12%
2006/10/3,"1,205.95","1,206.11","1,214.41","1,199.66",,-0.44%
2006/10/2,"1,211.29","1,217.32","1,220.17","1,209.98",,-0.30%
2006/9/29,"1,214.90","1,231.53","1,242.23","1,214.02",,-0.58%
2006/9/28,"1,222.00","1,174.38","1,223.89","1,173.35",,4.79%
2006/9/27,"1,166.11","1,151.79","1,166.11","1,146.49",,1.99%
2006/9/26,"1,143.33","1,149.04","1,158.19","1,141.97",,-0.23%
2006/9/25,"1,145.95","1,172.23","1,172.53","1,145.95",,-2.49%
2006/9/22,"1,175.18","1,184.28","1,185.02","1,171.82",,-1.59%
2006/9/21,"1,194.19","1,188.09","1,194.36","1,167.63",,1.31%
2006/9/20,"1,178.78","1,206.79","1,206.79","1,178.23",,-3.16%
2006/9/19,"1,217.25","1,211.24","1,225.47","1,208.28",,0.65%
2006/9/15,"1,209.42","1,197.75","1,213.33","1,189.98",,0.30%
2006/9/14,"1,205.83","1,243.97","1,247.49","1,204.68",,-3.09%
2006/9/13,"1,244.29","1,284.11","1,290.09","1,240.26",,-2.22%
2006/9/12,"1,272.58","1,306.35","1,306.93","1,271.95",,-2.87%
2006/9/11,"1,310.21","1,335.16","1,338.77","1,309.50",,-1.42%
2006/9/8,"1,329.08","1,318.21","1,331.10","1,314.81",,0.12%
2006/9/7,"1,327.53","1,324.08","1,334.34","1,322.64",,-0.33%
2006/9/6,"1,331.86","1,348.21","1,350.78","1,331.05",,-1.11%
2006/9/5,"1,346.78","1,334.58","1,346.78","1,328.62",,1.29%
2006/9/4,"1,329.58","1,310.37","1,329.94","1,310.30",,2.58%
2006/9/1,"1,296.10","1,294.32","1,301.22","1,288.80",,-0.40%
2006/8/31,"1,301.25","1,302.36","1,314.03","1,296.97",,-0.30%
2006/8/30,"1,305.20","1,334.51","1,340.27","1,304.24",,-1.76%
2006/8/29,"1,328.63","1,322.64","1,333.40","1,316.85",,1.40%
2006/8/28,"1,310.26","1,358.67","1,360.78","1,309.73",,-3.96%
2006/8/25,"1,364.24","1,377.14","1,386.90","1,359.28",,-0.74%
2006/8/24,"1,374.39","1,375.03","1,386.47","1,370.97",,-0.55%
2006/8/23,"1,382.06","1,374.55","1,382.84","1,370.41",,0.67%
2006/8/22,"1,372.87","1,348.57","1,372.87","1,345.71",,1.46%
2006/8/21,"1,353.05","1,360.84","1,365.18","1,351.34",,-0.36%
2006/8/18,"1,357.88","1,357.92","1,365.99","1,347.25",,0.15%
2006/8/17,"1,355.91","1,369.74","1,383.73","1,353.48",,0.11%
2006/8/16,"1,354.42","1,325.68","1,361.36","1,325.68",,3.39%
2006/8/15,"1,310.05","1,286.15","1,311.55","1,285.05",,2.36%
2006/8/14,"1,279.84","1,257.55","1,279.84","1,256.24",,1.85%
2006/8/11,"1,256.60","1,263.04","1,269.49","1,254.95",,-0.25%
2006/8/10,"1,259.75","1,251.27","1,262.15","1,247.07",,0.17%
2006/8/9,"1,257.67","1,239.17","1,257.93","1,228.45",,1.57%
2006/8/8,"1,238.22","1,233.26","1,250.92","1,214.95",,-0.37%
2006/8/7,"1,242.86","1,284.88","1,292.70","1,240.41",,-3.64%
2006/8/4,"1,289.81","1,289.46","1,298.37","1,272.72",,0.62%
2006/8/3,"1,281.85","1,290.95","1,312.53","1,270.78",,0.36%
2006/8/2,"1,277.30","1,213.70","1,277.30","1,212.12",,5.03%
2006/8/1,"1,216.11","1,183.94","1,224.92","1,180.84",,2.88%
2006/7/31,"1,182.09","1,158.57","1,185.31","1,158.57",,3.30%
2006/7/28,"1,144.32","1,124.21","1,150.27","1,117.16",,2.14%
2006/7/27,"1,120.38","1,100.90","1,133.71","1,076.56",,0.92%
2006/7/26,"1,110.12","1,156.30","1,163.20","1,110.12",,-3.74%
2006/7/25,"1,153.23","1,172.86","1,193.29","1,153.23",,-0.60%
2006/7/24,"1,160.19","1,170.46","1,171.02","1,140.98",,-1.95%
2006/7/21,"1,183.32","1,209.15","1,209.22","1,173.50",,-3.44%
2006/7/20,"1,225.43","1,160.57","1,235.52","1,160.45",,7.07%
2006/7/19,"1,144.48","1,182.03","1,189.49","1,111.08",,-2.72%
2006/7/18,"1,176.42","1,292.56","1,292.74","1,176.00",,-9.73%
2006/7/14,"1,303.26","1,307.65","1,324.80","1,300.21",,-1.32%
2006/7/13,"1,320.73","1,328.47","1,352.48","1,316.27",,-1.77%
2006/7/12,"1,344.56","1,373.40","1,378.05","1,343.48",,-2.16%
2006/7/11,"1,374.18","1,419.63","1,419.86","1,372.64",,-3.32%
2006/7/10,"1,421.43","1,403.05","1,421.78","1,377.17",,-0.02%
2006/7/7,"1,421.76","1,482.14","1,483.43","1,420.81",,-3.30%
2006/7/6,"1,470.32","1,472.68","1,484.89","1,465.28",,-0.81%
2006/7/5,"1,482.28","1,489.52","1,495.55","1,478.62",,-1.79%
2006/7/4,"1,509.37","1,514.16","1,517.05","1,502.62",,0.34%
2006/7/3,"1,504.25","1,475.11","1,507.90","1,473.27",,2.26%
2006/6/30,"1,471.07","1,468.55","1,481.53","1,466.94",,1.52%
2006/6/29,"1,449.08","1,437.87","1,452.86","1,436.82",,1.53%
2006/6/28,"1,427.18","1,419.07","1,437.56","1,411.75",,-0.75%
2006/6/27,"1,437.90","1,423.25","1,441.93","1,405.31",,1.32%
2006/6/26,"1,419.20","1,441.38","1,441.38","1,417.36",,-1.70%
2006/6/23,"1,443.76","1,432.75","1,450.50","1,429.94",,0.20%
2006/6/22,"1,440.94","1,447.50","1,461.29","1,434.81",,0.67%
2006/6/21,"1,431.38","1,435.97","1,440.51","1,415.88",,-0.04%
2006/6/20,"1,431.97","1,453.86","1,466.34","1,427.40",,-2.10%
2006/6/19,"1,462.71","1,455.27","1,479.09","1,447.30",,0.02%
2006/6/16,"1,462.45","1,461.96","1,491.83","1,456.02",,1.60%
2006/6/15,"1,439.49","1,414.50","1,445.69","1,414.50",,3.26%
2006/6/14,"1,394.09","1,334.69","1,401.85","1,334.69",,3.72%
2006/6/13,"1,344.05","1,361.40","1,388.34","1,341.85",,-2.39%
2006/6/12,"1,376.89","1,315.91","1,381.06","1,309.07",,3.98%
2006/6/9,"1,324.21","1,292.12","1,328.00","1,271.94",,3.76%
2006/6/8,"1,276.18","1,308.53","1,308.53","1,258.39",,-3.70%
2006/6/7,"1,325.28","1,352.00","1,382.39","1,322.63",,-2.22%
2006/6/6,"1,355.30","1,374.14","1,399.13","1,351.23",,-2.77%
2006/6/5,"1,393.86","1,340.64","1,412.84","1,324.92",,3.36%
2006/6/2,"1,348.58","1,311.26","1,349.29","1,188.44",,2.34%
2006/6/1,"1,317.80","1,386.15","1,403.50","1,312.79",,-3.86%
2006/5/31,"1,370.70","1,406.73","1,407.49","1,367.80",,-3.98%
2006/5/30,"1,427.55","1,436.78","1,438.89","1,403.92",,-1.60%
2006/5/29,"1,450.80","1,514.55","1,515.86","1,450.32",,-3.95%
2006/5/26,"1,510.46","1,540.17","1,548.61","1,498.90",,-1.07%
2006/5/25,"1,526.78","1,539.58","1,549.64","1,526.01",,-1.20%
2006/5/24,"1,545.26","1,537.03","1,549.24","1,506.86",,1.55%
2006/5/23,"1,521.60","1,553.82","1,568.34","1,519.35",,-3.15%
2006/5/22,"1,571.09","1,595.71","1,626.97","1,567.22",,-0.37%
2006/5/19,"1,576.97","1,511.73","1,577.12","1,504.16",,4.13%
2006/5/18,"1,514.38","1,503.93","1,530.05","1,459.06",,-0.58%
2006/5/17,"1,523.14","1,522.18","1,534.49","1,457.63",,0.76%
2006/5/16,"1,511.59","1,628.99","1,630.04","1,509.38",,-7.15%
2006/5/15,"1,627.93","1,625.43","1,632.89","1,614.81",,-0.74%
2006/5/12,"1,640.03","1,632.02","1,640.03","1,603.78",,-0.90%
2006/5/11,"1,654.94","1,691.46","1,700.76","1,651.68",,-2.05%
2006/5/10,"1,689.52","1,715.11","1,718.09","1,681.52",,-1.74%
2006/5/9,"1,719.47","1,747.37","1,747.37","1,718.20",,-1.67%
2006/5/8,"1,748.63","1,727.26","1,749.24","1,720.95",,2.41%
2006/5/2,"1,707.41","1,691.29","1,710.33","1,689.22",,0.58%
2006/5/1,"1,697.50","1,705.67","1,710.50","1,697.27",,-0.58%
2006/4/28,"1,707.48","1,704.94","1,707.94","1,677.67",,-0.27%
2006/4/27,"1,712.04","1,739.02","1,739.94","1,709.12",,-1.32%
2006/4/26,"1,734.86","1,753.28","1,762.34","1,713.43",,-0.87%
2006/4/25,"1,750.13","1,689.58","1,750.13","1,689.58",,4.48%
2006/4/24,"1,675.09","1,676.82","1,710.96","1,652.23",,-1.17%
2006/4/21,"1,694.97","1,769.59","1,778.56","1,687.16",,-5.00%
2006/4/20,"1,784.27","1,831.67","1,835.90","1,782.05",,-2.86%
2006/4/19,"1,836.85","1,877.28","1,890.05","1,834.54",,-0.98%
2006/4/18,"1,855.04","1,802.22","1,855.04","1,790.37",,1.95%
2006/4/17,"1,819.48","1,931.88","1,932.62","1,814.15",,-6.18%
2006/4/14,"1,939.37","1,953.40","1,958.25","1,936.00",,-1.00%
2006/4/13,"1,959.05","1,964.85","1,967.23","1,934.94",,0.42%
2006/4/12,"1,950.91","1,918.24","1,950.91","1,911.98",,1.03%
2006/4/11,"1,931.04","1,944.42","1,952.11","1,916.35",,-0.57%
2006/4/10,"1,942.04","1,929.65","1,946.62","1,920.18",,0.14%
2006/4/7,"1,939.29","1,936.91","1,940.15","1,925.78",,0.16%
2006/4/6,"1,936.11","1,918.26","1,936.38","1,918.26",,1.24%
2006/4/5,"1,912.47","1,955.15","1,965.58","1,901.01",,-1.66%
2006/4/4,"1,944.80","1,953.46","1,973.34","1,940.01",,-0.18%
2006/4/3,"1,948.21","1,929.06","1,959.07","1,928.99",,1.79%
2006/3/31,"1,913.88","1,873.58","1,917.89","1,873.58",,2.38%
2006/3/30,"1,869.43","1,871.21","1,888.15","1,867.10",,1.14%
2006/3/29,"1,848.42","1,770.14","1,852.80","1,768.34",,4.40%
2006/3/28,"1,770.50","1,751.60","1,773.01","1,736.03",,0.67%
2006/3/27,"1,758.67","1,783.17","1,785.20","1,756.31",,-0.79%
2006/3/24,"1,772.61","1,771.97","1,776.74","1,760.67",,-0.21%
2006/3/23,"1,776.41","1,788.30","1,790.66","1,768.00",,-0.23%
2006/3/22,"1,780.46","1,775.99","1,786.61","1,769.48",,0.89%
2006/3/20,"1,764.82","1,778.98","1,786.89","1,763.25",,-0.47%
2006/3/17,"1,773.17","1,752.43","1,774.27","1,730.79",,1.12%
2006/3/16,"1,753.54","1,807.33","1,807.33","1,743.60",,-2.80%
2006/3/15,"1,804.13","1,816.70","1,826.41","1,801.82",,-0.10%
2006/3/14,"1,805.91","1,834.75","1,839.13","1,800.62",,-1.53%
2006/3/13,"1,834.03","1,795.27","1,834.82","1,794.76",,3.48%
2006/3/10,"1,772.32","1,744.49","1,781.91","1,741.38",,1.87%
2006/3/9,"1,739.77","1,726.52","1,750.15","1,725.52",,1.12%
2006/3/8,"1,720.50","1,691.05","1,721.40","1,683.14",,1.02%
2006/3/7,"1,703.06","1,734.64","1,735.43","1,699.55",,-2.47%
2006/3/6,"1,746.15","1,673.95","1,746.15","1,657.73",,4.88%
2006/3/3,"1,664.89","1,668.97","1,696.63","1,639.02",,-1.03%
2006/3/2,"1,682.18","1,742.38","1,753.27","1,679.39",,-2.55%
2006/3/1,"1,726.27","1,736.67","1,754.49","1,702.37",,-1.84%
2006/2/28,"1,758.70","1,818.31","1,822.24","1,752.34",,-3.16%
2006/2/27,"1,816.14","1,872.39","1,896.82","1,815.90",,-1.99%
2006/2/24,"1,852.98","1,781.11","1,865.43","1,770.00",,3.79%
2006/2/23,"1,785.32","1,696.77","1,786.62","1,696.77",,6.48%
2006/2/22,"1,676.61","1,655.88","1,699.54","1,641.20",,1.28%
2006/2/21,"1,655.43","1,499.47","1,656.25","1,499.47",,11.19%
2006/2/20,"1,488.88","1,602.46","1,602.46","1,485.50",,-8.29%
2006/2/17,"1,623.50","1,739.04","1,742.71","1,617.04",,-6.94%
2006/2/16,"1,744.48","1,784.29","1,787.61","1,734.25",,-3.37%
2006/2/15,"1,805.30","1,867.18","1,876.57","1,794.31",,-2.17%
2006/2/14,"1,845.37","1,806.85","1,846.28","1,653.04",,0.89%
2006/2/13,"1,829.16","2,004.40","2,004.40","1,826.66",,-9.86%
2006/2/10,"2,029.32","2,106.60","2,107.56","1,985.55",,-3.68%
2006/2/9,"2,106.87","2,145.16","2,160.31","2,093.63",,-0.63%
2006/2/8,"2,120.33","2,164.72","2,186.23","2,112.96",,-2.37%
2006/2/7,"2,171.85","2,145.61","2,174.64","2,127.60",,1.48%
2006/2/6,"2,140.22","2,100.28","2,140.22","2,083.59",,2.63%
2006/2/3,"2,085.28","2,044.98","2,085.44","2,035.79",,1.37%
2006/2/2,"2,057.14","2,056.28","2,068.85","2,041.05",,0.90%
2006/2/1,"2,038.74","2,072.66","2,080.43","2,035.13",,-2.33%
2006/1/31,"2,087.27","2,108.24","2,110.27","2,076.25",,-1.50%
2006/1/30,"2,119.03","2,170.75","2,181.91","2,118.21",,-1.41%
2006/1/27,"2,149.42","2,130.18","2,150.07","2,111.47",,2.05%
2006/1/26,"2,106.22","2,112.92","2,143.89","2,096.60",,0.78%
2006/1/25,"2,089.97","2,065.66","2,145.01","2,065.66",,2.14%
2006/1/24,"2,046.14","1,935.45","2,049.91","1,935.45",,6.95%
2006/1/23,"1,913.20","2,107.60","2,107.63","1,913.20",,-10.55%
2006/1/20,"2,138.78","2,318.80","2,360.47","2,103.26",,-6.64%
2006/1/19,"2,290.81","2,150.38","2,319.95","2,150.38",,5.50%
2006/1/18,"2,171.45","2,441.78","2,441.85","2,116.92",,-12.08%
2006/1/17,"2,469.89","2,758.37","2,758.37","2,457.92",,-11.76%
2006/1/16,"2,799.06","2,722.07","2,800.68","2,717.67",,3.38%
2006/1/13,"2,707.50","2,633.29","2,715.73","2,631.52",,2.94%
2006/1/12,"2,630.29","2,593.04","2,634.99","2,589.03",,2.23%
2006/1/11,"2,572.92","2,525.39","2,572.92","2,498.97",,1.73%
2006/1/10,"2,529.08","2,562.36","2,570.30","2,511.62",,-0.60%
2006/1/6,"2,544.38","2,558.28","2,558.28","2,528.17",,-0.82%
2006/1/5,"2,565.47","2,598.22","2,598.47","2,548.36",,-0.97%
2006/1/4,"2,590.62","2,569.90","2,591.70","2,568.31",,1.83%
2005/12/30,"2,544.05","2,551.76","2,556.04","2,508.34",,0.23%
2005/12/29,"2,538.22","2,548.27","2,577.39","2,533.83",,0.36%
2005/12/28,"2,529.17","2,432.70","2,530.82","2,431.59",,3.84%
2005/12/27,"2,435.65","2,421.64","2,458.44","2,414.58",,0.71%
2005/12/26,"2,418.57","2,381.37","2,433.64","2,381.28",,2.25%
2005/12/22,"2,365.29","2,389.55","2,392.45","2,335.26",,-0.77%
2005/12/21,"2,383.63","2,405.88","2,421.58","2,373.04",,-0.37%
2005/12/20,"2,392.54","2,379.34","2,402.74","2,376.03",,0.89%
2005/12/19,"2,371.55","2,294.21","2,371.55","2,293.72",,4.36%
2005/12/16,"2,272.38","2,271.12","2,306.02","2,266.41",,0.25%
2005/12/15,"2,266.71","2,234.85","2,273.83","2,226.83",,1.02%
2005/12/14,"2,243.87","2,230.47","2,256.71","2,199.10",,1.14%
2005/12/13,"2,218.61","2,174.10","2,219.21","2,173.36",,2.71%
2005/12/12,"2,160.00","2,128.06","2,160.92","2,125.57",,2.42%
2005/12/9,"2,108.90","2,061.38","2,109.19","2,059.56",,2.87%
2005/12/8,"2,050.12","2,071.13","2,075.76","2,031.00",,-0.94%
2005/12/7,"2,069.53","2,086.47","2,093.54","2,068.20",,-0.37%
2005/12/6,"2,077.21","2,054.44","2,078.07","2,050.98",,1.30%
2005/12/5,"2,050.55","2,051.61","2,056.90","2,046.38",,0.41%
2005/12/2,"2,042.19","2,043.42","2,045.71","2,032.60",,0.50%
2005/12/1,"2,032.04","2,022.31","2,036.90","2,022.01",,0.45%
2005/11/30,"2,022.89","2,006.29","2,022.89","2,006.29",,1.14%
2005/11/29,"2,000.02","1,989.79","2,006.98","1,989.35",,0.16%
2005/11/28,"1,996.87","1,987.82","1,997.12","1,982.13",,0.66%
2005/11/25,"1,983.69","1,983.24","1,984.70","1,956.56",,-0.23%
2005/11/24,"1,988.31","2,018.58","2,024.52","1,986.06",,-0.95%
2005/11/22,"2,007.44","2,000.81","2,010.79","1,995.01",,0.64%
2005/11/21,"1,994.68","1,997.08","2,010.03","1,990.25",,-0.10%
2005/11/18,"1,996.71","1,996.47","2,009.80","1,988.96",,0.30%
2005/11/17,"1,990.77","1,999.51","2,004.80","1,986.99",,-0.21%
2005/11/16,"1,995.00","1,989.07","1,996.62","1,976.26",,0.08%
2005/11/15,"1,993.43","1,996.86","2,000.71","1,981.35",,-0.14%
2005/11/14,"1,996.25","1,999.43","2,015.20","1,994.15",,0.34%
2005/11/11,"1,989.39","1,967.37","1,991.07","1,957.40",,1.26%
2005/11/10,"1,964.61","1,936.13","1,965.45","1,933.78",,1.65%
2005/11/9,"1,932.74","1,933.90","1,947.62","1,918.66",,-0.21%
2005/11/8,"1,936.75","1,939.20","1,943.97","1,924.15",,-0.10%
2005/11/7,"1,938.61","1,925.53","1,946.71","1,925.51",,0.93%
2005/11/4,"1,920.80","1,897.22","1,921.89","1,892.00",,1.60%
2005/11/2,"1,890.56","1,895.25","1,899.77","1,880.11",,0.00%
2005/11/1,"1,890.57","1,874.22","1,892.17","1,874.22",,0.87%
2005/10/31,"1,874.22","1,879.49","1,884.96","1,865.30",,0.09%
2005/10/28,"1,872.46","1,864.62","1,876.55","1,861.87",,0.15%
2005/10/27,"1,869.63","1,890.72","1,892.69","1,859.49",,-1.08%
2005/10/26,"1,890.00","1,879.41","1,895.81","1,877.70",,0.81%
2005/10/25,"1,874.89","1,874.29","1,879.56","1,869.02",,0.52%
2005/10/24,"1,865.21","1,844.71","1,869.12","1,844.35",,1.57%
2005/10/21,"1,836.34","1,820.84","1,837.58","1,816.58",,0.61%
2005/10/20,"1,825.15","1,802.94","1,828.56","1,802.90",,1.37%
2005/10/19,"1,800.55","1,805.69","1,806.53","1,794.48",,-0.48%
2005/10/18,"1,809.28","1,805.34","1,812.45","1,802.02",,0.57%
2005/10/17,"1,799.08","1,801.25","1,806.02","1,794.97",,0.08%
2005/10/14,"1,797.60","1,803.55","1,804.57","1,790.25",,-0.29%
2005/10/13,"1,802.88","1,793.37","1,802.97","1,784.27",,0.68%
2005/10/12,"1,790.73","1,806.75","1,807.71","1,786.74",,-0.92%
2005/10/11,"1,807.44","1,804.40","1,813.08","1,804.25",,0.73%
2005/10/7,"1,794.43","1,792.91","1,800.36","1,790.74",,-0.16%
2005/10/6,"1,797.39","1,814.24","1,814.42","1,794.90",,-1.40%
2005/10/5,"1,822.89","1,823.93","1,824.37","1,815.78",,0.02%
2005/10/4,"1,822.53","1,844.63","1,851.42","1,819.54",,-0.65%
2005/10/3,"1,834.43","1,811.19","1,837.98","1,809.89",,2.18%
2005/9/30,"1,795.34","1,734.67","1,795.34","1,731.58",,3.27%
2005/9/29,"1,738.48","1,762.47","1,762.47","1,727.49",,-1.66%
2005/9/28,"1,767.91","1,773.98","1,784.26","1,752.59",,-0.68%
2005/9/27,"1,779.93","1,827.23","1,829.98","1,778.76",,-2.93%
2005/9/26,"1,833.72","1,860.85","1,861.00","1,831.80",,-1.50%
2005/9/22,"1,861.58","1,858.61","1,863.89","1,846.91",,-0.66%
2005/9/21,"1,873.88","1,917.40","1,918.48","1,871.59",,-2.52%
2005/9/20,"1,922.25","1,936.22","1,938.27","1,922.25",,-0.60%
2005/9/16,"1,933.77","1,934.33","1,936.41","1,923.15",,0.18%
2005/9/15,"1,930.33","1,928.42","1,936.33","1,923.71",,0.04%
2005/9/14,"1,929.48","1,920.03","1,930.09","1,916.26",,0.18%
2005/9/13,"1,926.05","1,926.96","1,928.34","1,918.73",,0.03%
2005/9/12,"1,925.52","1,933.62","1,940.88","1,921.94",,0.39%
2005/9/9,"1,918.06","1,892.25","1,918.06","1,892.20",,1.21%
2005/9/8,"1,895.12","1,896.54","1,903.12","1,887.51",,-0.11%
2005/9/7,"1,897.14","1,896.87","1,900.59","1,885.61",,0.24%
2005/9/6,"1,892.61","1,905.26","1,911.16","1,889.08",,-0.69%
2005/9/5,"1,905.81","1,911.45","1,913.00","1,898.74",,-0.48%
2005/9/2,"1,914.91","1,910.95","1,914.91","1,902.34",,0.24%
2005/9/1,"1,910.42","1,918.02","1,921.37","1,906.49",,0.10%
2005/8/31,"1,908.51","1,898.18","1,911.73","1,896.26",,0.40%
2005/8/30,"1,900.91","1,888.42","1,903.41","1,888.01",,1.29%
2005/8/29,"1,876.75","1,883.86","1,887.45","1,875.46",,-0.35%
2005/8/26,"1,883.34","1,872.35","1,886.66","1,871.09",,0.92%
2005/8/25,"1,866.09","1,885.60","1,888.93","1,864.27",,-1.35%
2005/8/24,"1,891.54","1,892.10","1,896.87","1,885.45",,-0.37%
2005/8/23,"1,898.63","1,923.72","1,924.79","1,897.85",,-1.10%
2005/8/22,"1,919.82","1,906.28","1,920.83","1,906.10",,1.25%
2005/8/19,"1,896.19","1,901.65","1,917.22","1,894.70",,-0.72%
2005/8/18,"1,909.89","1,864.94","1,909.89","1,864.66",,2.68%
2005/8/17,"1,860.04","1,858.04","1,870.17","1,853.17",,-0.17%
2005/8/16,"1,863.25","1,846.49","1,863.25","1,841.14",,1.10%
2005/8/15,"1,842.91","1,848.55","1,852.46","1,839.82",,-0.43%
2005/8/12,"1,850.79","1,858.34","1,859.51","1,846.33",,-0.19%
2005/8/11,"1,854.35","1,884.48","1,886.73","1,853.42",,-1.02%
2005/8/10,"1,873.39","1,884.30","1,894.96","1,871.42",,0.41%
2005/8/9,"1,865.69","1,825.43","1,869.49","1,825.43",,2.97%
2005/8/8,"1,811.88","1,776.52","1,812.19","1,737.61",,0.66%
2005/8/5,"1,799.95","1,830.50","1,838.25","1,796.82",,-2.23%
2005/8/4,"1,841.04","1,852.11","1,852.11","1,793.11",,-1.55%
2005/8/3,"1,869.95","1,928.57","1,928.76","1,867.81",,-2.82%
2005/8/2,"1,924.17","1,961.21","1,963.10","1,922.50",,-1.71%
2005/8/1,"1,957.59","1,951.60","1,960.04","1,940.27",,0.53%
2005/7/29,"1,947.19","1,943.36","1,947.19","1,932.87",,0.13%
2005/7/28,"1,944.68","1,948.33","1,951.53","1,940.62",,-0.06%
2005/7/27,"1,945.93","1,945.82","1,952.17","1,940.77",,0.42%
2005/7/26,"1,937.86","1,944.24","1,952.00","1,933.11",,-0.29%
2005/7/25,"1,943.47","1,932.12","1,944.95","1,931.42",,0.72%
2005/7/22,"1,929.55","1,918.29","1,930.41","1,910.89",,0.20%
2005/7/21,"1,925.73","1,931.31","1,935.06","1,924.90",,-0.07%
2005/7/20,"1,927.13","1,921.63","1,927.91","1,907.12",,0.60%
2005/7/19,"1,915.67","1,936.14","1,936.29","1,911.69",,-1.14%
2005/7/15,"1,937.75","1,953.90","1,955.23","1,934.54",,-0.36%
2005/7/14,"1,944.76","1,937.41","1,951.80","1,935.90",,0.76%
2005/7/13,"1,930.12","1,935.10","1,939.18","1,921.77",,0.19%
2005/7/12,"1,926.46","1,917.16","1,928.24","1,916.58",,1.08%
2005/7/11,"1,905.85","1,899.96","1,907.29","1,897.78",,1.34%
2005/7/8,"1,880.64","1,875.10","1,888.47","1,872.24",,-0.17%
2005/7/7,"1,883.91","1,879.11","1,886.37","1,872.39",,0.11%
2005/7/6,"1,881.76","1,878.56","1,884.48","1,872.29",,0.30%
2005/7/5,"1,876.20","1,902.92","1,907.31","1,871.89",,-1.48%
2005/7/4,"1,904.29","1,903.59","1,912.27","1,901.38",,0.33%
2005/7/1,"1,898.06","1,880.10","1,902.38","1,877.07",,0.57%
2005/6/30,"1,887.28","1,890.62","1,897.65","1,882.85",,-0.17%
2005/6/29,"1,890.41","1,902.97","1,911.27","1,885.89",,-0.09%
2005/6/28,"1,892.11","1,854.52","1,892.11","1,853.27",,2.54%
2005/6/27,"1,845.30","1,834.10","1,848.69","1,832.60",,0.64%
2005/6/24,"1,833.61","1,803.68","1,835.17","1,801.36",,0.76%
2005/6/23,"1,819.86","1,822.60","1,829.27","1,813.27",,0.04%
2005/6/22,"1,819.07","1,797.96","1,819.14","1,792.72",,1.45%
2005/6/21,"1,793.00","1,777.17","1,793.70","1,774.86",,1.08%
2005/6/20,"1,773.85","1,787.18","1,788.69","1,770.30",,-0.34%
2005/6/17,"1,779.82","1,774.85","1,782.68","1,771.10",,0.52%
2005/6/16,"1,770.63","1,774.72","1,778.54","1,765.13",,0.46%
2005/6/15,"1,762.59","1,762.82","1,769.80","1,755.42",,-0.06%
2005/6/14,"1,763.62","1,785.70","1,786.13","1,760.96",,-1.08%
2005/6/13,"1,782.79","1,781.51","1,788.87","1,778.42",,0.49%
2005/6/10,"1,774.12","1,764.93","1,777.32","1,762.71",,0.77%
2005/6/9,"1,760.50","1,785.80","1,785.99","1,754.61",,-1.61%
2005/6/8,"1,789.37","1,809.14","1,815.96","1,786.36",,-0.92%
2005/6/7,"1,805.99","1,821.44","1,824.03","1,804.90",,-0.66%
2005/6/6,"1,817.93","1,789.30","1,819.28","1,786.16",,1.04%
2005/6/3,"1,799.25","1,802.77","1,805.40","1,793.51",,0.33%
2005/6/2,"1,793.32","1,804.59","1,804.80","1,786.54",,-0.23%
2005/6/1,"1,797.39","1,793.08","1,817.02","1,786.43",,0.38%
2005/5/31,"1,790.51","1,762.76","1,790.54","1,749.13",,1.86%
2005/5/30,"1,757.83","1,757.77","1,769.32","1,754.64",,0.57%
2005/5/27,"1,747.89","1,751.95","1,761.61","1,731.08",,-0.01%
2005/5/26,"1,748.08","1,744.68","1,756.71","1,736.41",,-0.59%
2005/5/25,"1,758.40","1,796.03","1,797.18","1,753.99",,-2.35%
2005/5/24,"1,800.69","1,823.28","1,827.71","1,797.41",,-1.31%
2005/5/23,"1,824.51","1,838.97","1,838.97","1,822.06",,-0.54%
2005/5/20,"1,834.37","1,854.56","1,859.67","1,830.59",,-0.92%
2005/5/19,"1,851.31","1,817.03","1,851.94","1,817.03",,2.92%
2005/5/18,"1,798.81","1,778.97","1,803.36","1,758.08",,1.44%
2005/5/17,"1,773.31","1,873.99","1,893.60","1,748.43",,-4.88%
2005/5/16,"1,864.25","1,937.92","1,939.98","1,860.99",,-4.01%
2005/5/13,"1,942.03","1,948.34","1,949.76","1,932.98",,-0.60%
2005/5/12,"1,953.78","1,948.48","1,960.94","1,946.76",,0.49%
2005/5/11,"1,944.22","1,926.36","1,948.77","1,922.87",,0.29%
2005/5/10,"1,938.61","1,971.01","1,972.22","1,938.20",,-1.80%
2005/5/9,"1,974.06","1,957.35","1,976.64","1,947.69",,1.69%
2005/5/6,"1,941.20","1,926.92","1,943.30","1,925.99",,1.44%
2005/5/2,"1,913.73","1,898.21","1,915.76","1,893.89",,0.83%
2005/4/28,"1,898.07","1,899.59","1,899.59","1,888.25",,0.02%
2005/4/27,"1,897.61","1,881.96","1,898.42","1,876.98",,0.36%
2005/4/26,"1,890.89","1,914.17","1,918.84","1,888.15",,-0.84%
2005/4/25,"1,906.89","1,896.11","1,909.93","1,894.41",,0.56%
2005/4/22,"1,896.29","1,901.17","1,920.78","1,895.20",,1.06%
2005/4/21,"1,876.49","1,843.33","1,876.49","1,818.08",,0.69%
2005/4/20,"1,863.67","1,882.16","1,901.62","1,863.67",,0.03%
2005/4/19,"1,863.06","1,824.16","1,863.79","1,824.16",,3.11%
2005/4/18,"1,806.93","1,858.97","1,858.97","1,806.77",,-3.84%
2005/4/15,"1,879.01","1,874.48","1,888.85","1,865.15",,-0.47%
2005/4/14,"1,887.81","1,872.25","1,887.81","1,859.96",,-0.20%
2005/4/13,"1,891.67","1,895.80","1,904.74","1,880.37",,0.35%
2005/4/12,"1,885.16","1,925.21","1,927.61","1,884.64",,-1.96%
2005/4/11,"1,922.77","1,937.53","1,939.84","1,919.83",,-1.09%
2005/4/8,"1,943.93","1,932.96","1,944.81","1,931.07",,0.82%
2005/4/7,"1,928.13","1,920.08","1,928.13","1,906.52",,0.41%
2005/4/6,"1,920.29","1,956.67","1,966.46","1,917.65",,-1.05%
2005/4/5,"1,940.68","1,895.81","1,941.46","1,895.81",,2.89%
2005/4/4,"1,886.12","1,841.92","1,886.12","1,841.92",,2.30%
2005/4/1,"1,843.63","1,812.88","1,843.63","1,798.67",,1.83%
2005/3/31,"1,810.48","1,805.32","1,818.35","1,803.23",,1.17%
2005/3/30,"1,789.56","1,822.33","1,828.90","1,787.67",,-2.31%
2005/3/29,"1,831.86","1,852.52","1,853.81","1,823.98",,-0.64%
2005/3/28,"1,843.74","1,850.13","1,861.49","1,843.48",,-0.38%
2005/3/25,"1,850.73","1,876.11","1,876.49","1,847.63",,-1.44%
2005/3/24,"1,877.78","1,860.75","1,886.28","1,860.75",,1.34%
2005/3/23,"1,852.87","1,873.87","1,874.01","1,843.30",,-1.06%
2005/3/22,"1,872.78","1,873.27","1,886.21","1,869.34",,0.06%
2005/3/18,"1,871.60","1,859.39","1,871.87","1,856.91",,0.75%
2005/3/17,"1,857.75","1,871.17","1,871.17","1,853.90",,-1.27%
2005/3/16,"1,881.61","1,863.74","1,881.61","1,858.87",,0.89%
2005/3/15,"1,865.07","1,895.68","1,902.91","1,863.28",,-1.31%
2005/3/14,"1,889.81","1,883.98","1,896.63","1,878.74",,0.99%
2005/3/11,"1,871.36","1,836.51","1,871.36","1,834.59",,2.07%
2005/3/10,"1,833.46","1,829.44","1,846.26","1,828.90",,0.20%
2005/3/9,"1,829.87","1,813.57","1,831.46","1,812.54",,0.64%
2005/3/8,"1,818.16","1,828.65","1,830.40","1,810.50",,-0.90%
2005/3/7,"1,834.59","1,873.29","1,876.31","1,833.37",,-1.76%
2005/3/4,"1,867.47","1,873.85","1,873.85","1,856.61",,-0.60%
2005/3/3,"1,878.77","1,888.85","1,890.22","1,875.20",,-0.51%
2005/3/2,"1,888.49","1,890.09","1,892.27","1,881.95",,0.32%
2005/3/1,"1,882.50","1,891.37","1,892.10","1,874.47",,-0.48%
2005/2/28,"1,891.55","1,879.68","1,893.25","1,879.68",,1.56%
2005/2/25,"1,862.47","1,849.34","1,862.47","1,849.34",,1.40%
2005/2/24,"1,836.70","1,853.21","1,854.84","1,836.70",,-0.60%
2005/2/23,"1,847.86","1,832.63","1,852.52","1,827.27",,-0.03%
2005/2/22,"1,848.50","1,845.69","1,864.27","1,845.69",,0.78%
2005/2/21,"1,834.28","1,776.18","1,834.28","1,776.18",,3.28%
2005/2/18,"1,776.04","1,798.55","1,798.55","1,767.83",,-1.81%
2005/2/17,"1,808.75","1,830.58","1,837.61","1,807.47",,-1.87%
2005/2/16,"1,843.20","1,855.22","1,855.28","1,831.63",,-1.20%
2005/2/15,"1,865.53","1,918.93","1,918.93","1,865.53",,-3.38%
2005/2/14,"1,930.85","1,974.59","1,974.63","1,928.50",,-1.86%
2005/2/10,"1,967.51","1,970.22","1,973.62","1,953.12",,-0.51%
2005/2/9,"1,977.59","1,965.61","1,984.02","1,964.24",,0.88%
2005/2/8,"1,960.40","1,939.23","1,979.08","1,928.61",,1.00%
2005/2/7,"1,940.97","1,960.26","1,962.99","1,931.11",,-0.60%
2005/2/4,"1,952.64","1,984.65","1,984.75","1,932.67",,-1.75%
2005/2/3,"1,987.51","2,005.11","2,010.58","1,983.44",,-0.76%
2005/2/2,"2,002.70","2,020.35","2,024.65","1,996.16",,-0.53%
2005/2/1,"2,013.37","2,047.08","2,055.92","2,009.55",,-1.25%
2005/1/31,"2,038.90","2,026.41","2,050.02","2,020.59",,0.87%
2005/1/28,"2,021.25","2,001.81","2,036.21","1,998.63",,0.96%
2005/1/27,"2,002.08","2,011.43","2,011.43","1,983.72",,0.10%
2005/1/26,"2,000.12","2,025.11","2,035.82","1,992.44",,-0.35%
2005/1/25,"2,007.11","2,005.31","2,017.68","1,989.21",,0.67%
2005/1/24,"1,993.67","1,946.02","2,001.06","1,946.02",,2.50%
2005/1/21,"1,944.96","1,919.23","1,951.27","1,915.43",,0.53%
2005/1/20,"1,934.77","1,951.92","1,963.96","1,931.09",,-1.72%
2005/1/19,"1,968.70","1,961.82","2,005.08","1,961.82",,0.88%
2005/1/18,"1,951.51","1,971.40","1,975.83","1,942.20",,-0.96%
2005/1/17,"1,970.36","1,922.22","1,971.78","1,914.55",,3.04%
2005/1/14,"1,912.29","1,867.93","1,914.47","1,849.19",,1.22%
2005/1/13,"1,889.30","1,916.81","1,918.83","1,885.98",,-1.35%
2005/1/12,"1,915.15","1,929.69","1,929.81","1,898.63",,-0.97%
2005/1/11,"1,933.94","1,910.78","1,934.95","1,909.34",,1.94%
2005/1/7,"1,897.09","1,883.30","1,904.01","1,880.90",,1.56%
2005/1/6,"1,867.99","1,827.31","1,871.14","1,827.04",,2.63%
2005/1/5,"1,820.06","1,751.33","1,821.68","1,746.52",,3.48%
2005/1/4,"1,758.81","1,732.33","1,758.81","1,721.19",,2.11%
2004/12/30,"1,722.44","1,710.41","1,724.38","1,705.22",,0.96%
2004/12/29,"1,706.02","1,663.01","1,718.53","1,663.01",,3.57%
2004/12/28,"1,647.18","1,600.25","1,647.18","1,594.64",,2.88%
2004/12/27,"1,601.02","1,611.07","1,611.85","1,587.87",,-0.28%
2004/12/24,"1,605.45","1,616.28","1,617.85","1,602.51",,-0.68%
2004/12/22,"1,616.43","1,637.65","1,640.40","1,614.07",,-1.00%
2004/12/21,"1,632.79","1,660.72","1,660.72","1,631.11",,-1.37%
2004/12/20,"1,655.54","1,666.84","1,666.84","1,644.97",,-0.37%
2004/12/17,"1,661.61","1,662.56","1,662.56","1,643.05",,0.25%
2004/12/16,"1,657.42","1,629.71","1,660.72","1,627.08",,1.65%
2004/12/15,"1,630.55","1,638.54","1,647.73","1,629.73",,-0.34%
2004/12/14,"1,636.19","1,620.38","1,636.19","1,613.49",,1.07%
2004/12/13,"1,618.92","1,638.12","1,644.63","1,617.23",,-1.29%
2004/12/10,"1,640.05","1,619.67","1,647.29","1,619.62",,1.46%
2004/12/9,"1,616.49","1,626.42","1,634.75","1,614.02",,-0.25%
2004/12/8,"1,620.52","1,572.46","1,620.52","1,565.89",,2.13%
2004/12/7,"1,586.73","1,596.90","1,599.68","1,586.73",,-0.68%
2004/12/6,"1,597.58","1,596.12","1,607.20","1,593.72",,-0.23%
2004/12/3,"1,601.28","1,593.13","1,607.14","1,593.13",,0.72%
2004/12/2,"1,589.91","1,605.09","1,615.82","1,589.54",,0.18%
2004/12/1,"1,586.99","1,590.30","1,594.01","1,576.19",,-0.98%
2004/11/30,"1,602.68","1,610.96","1,610.96","1,592.98",,-0.67%
2004/11/29,"1,613.42","1,613.19","1,630.33","1,609.99",,0.08%
2004/11/26,"1,612.11","1,614.55","1,616.46","1,609.21",,-0.26%
2004/11/25,"1,616.31","1,618.50","1,620.87","1,608.36",,0.13%
2004/11/24,"1,614.18","1,610.63","1,628.79","1,610.63",,0.73%
2004/11/22,"1,602.53","1,612.25","1,612.25","1,582.14",,-1.76%
2004/11/19,"1,631.23","1,651.87","1,658.86","1,624.71",,-1.14%
2004/11/18,"1,650.12","1,682.03","1,687.41","1,644.08",,-1.19%
2004/11/17,"1,670.05","1,643.39","1,670.05","1,628.95",,0.86%
2004/11/16,"1,655.87","1,693.06","1,696.10","1,652.85",,-1.81%
2004/11/15,"1,686.40","1,657.48","1,693.45","1,657.47",,2.54%
2004/11/12,"1,644.62","1,592.31","1,644.62","1,592.31",,3.84%
2004/11/11,"1,583.84","1,569.67","1,608.83","1,569.67",,1.15%
2004/11/10,"1,565.86","1,478.56","1,565.86","1,477.67",,5.93%
2004/11/9,"1,478.21","1,463.00","1,478.44","1,459.10",,0.86%
2004/11/8,"1,465.65","1,486.75","1,487.10","1,464.92",,-1.12%
2004/11/5,"1,482.25","1,479.08","1,494.78","1,474.28",,1.00%
2004/11/4,"1,467.64","1,458.95","1,490.11","1,458.38",,1.85%
2004/11/2,"1,440.98","1,391.47","1,445.06","1,391.47",,3.30%
2004/11/1,"1,394.91","1,439.41","1,439.81","1,391.28",,-3.86%
2004/10/29,"1,450.89","1,479.07","1,479.07","1,447.38",,-2.06%
2004/10/28,"1,481.40","1,497.23","1,512.45","1,478.41",,-0.07%
2004/10/27,"1,482.50","1,500.92","1,518.33","1,482.50",,-0.15%
2004/10/26,"1,484.70","1,483.84","1,496.08","1,479.74",,-0.03%
2004/10/25,"1,485.11","1,501.92","1,504.26","1,462.82",,-2.37%
2004/10/22,"1,521.21","1,516.06","1,521.21","1,486.89",,0.38%
2004/10/21,"1,515.44","1,560.94","1,561.45","1,513.21",,-3.21%
2004/10/20,"1,565.69","1,582.21","1,582.70","1,560.00",,-1.63%
2004/10/19,"1,591.64","1,604.08","1,608.46","1,588.92",,-0.37%
2004/10/18,"1,597.62","1,652.01","1,654.00","1,596.80",,-2.80%
2004/10/15,"1,643.65","1,601.52","1,644.52","1,582.22",,1.37%
2004/10/14,"1,621.36","1,640.02","1,641.02","1,614.65",,-2.06%
2004/10/13,"1,655.54","1,690.99","1,692.96","1,655.54",,-2.16%
2004/10/12,"1,692.03","1,714.29","1,714.78","1,684.29",,-1.60%
2004/10/8,"1,719.48","1,703.41","1,719.48","1,692.70",,0.08%
2004/10/7,"1,718.06","1,721.96","1,731.22","1,708.87",,0.62%
2004/10/6,"1,707.46","1,682.63","1,724.10","1,674.01",,1.16%
2004/10/5,"1,687.88","1,728.46","1,728.46","1,681.46",,-2.40%
2004/10/4,"1,729.40","1,733.22","1,771.29","1,728.33",,1.11%
2004/10/1,"1,710.43","1,704.32","1,740.41","1,704.32",,1.06%
2004/9/30,"1,692.43","1,570.72","1,696.45","1,569.80",,8.92%
2004/9/29,"1,553.87","1,613.89","1,627.71","1,548.25",,-2.78%
2004/9/28,"1,598.36","1,670.52","1,670.52","1,596.77",,-5.25%
2004/9/27,"1,686.91","1,745.69","1,745.69","1,686.91",,-3.03%
2004/9/24,"1,739.57","1,717.90","1,739.57","1,693.45",,0.17%
2004/9/22,"1,736.65","1,702.66","1,736.65","1,649.60",,1.50%
2004/9/21,"1,710.98","1,800.83","1,800.83","1,710.98",,-5.54%
2004/9/17,"1,811.28","1,832.36","1,834.20","1,797.97",,-0.81%
2004/9/16,"1,825.99","1,824.17","1,855.73","1,788.11",,-1.07%
2004/9/15,"1,845.76","1,919.52","1,919.52","1,838.53",,-4.16%
2004/9/14,"1,925.89","1,971.37","1,971.91","1,923.58",,-2.40%
2004/9/13,"1,973.20","2,001.02","2,002.44","1,972.81",,-0.86%
2004/9/10,"1,990.32","1,989.35","1,990.32","1,971.48",,-0.56%
2004/9/9,"2,001.55","2,018.71","2,020.95","1,997.42",,-1.02%
2004/9/8,"2,022.27","2,023.43","2,039.07","2,017.39",,0.07%
2004/9/7,"2,020.85","2,026.18","2,028.19","1,991.90",,-0.67%
2004/9/6,"2,034.45","2,047.70","2,050.18","2,023.13",,-0.87%
2004/9/3,"2,052.35","2,085.53","2,088.99","2,051.11",,-1.06%
2004/9/2,"2,074.33","2,051.94","2,074.33","2,043.84",,1.31%
2004/9/1,"2,047.60","2,037.61","2,047.90","2,034.65",,0.54%
2004/8/31,"2,036.53","2,029.36","2,036.53","2,019.95",,-0.10%
2004/8/30,"2,038.67","2,056.99","2,058.71","2,032.88",,-0.35%
2004/8/27,"2,045.83","2,014.30","2,050.70","2,007.45",,1.61%
2004/8/26,"2,013.34","2,011.17","2,029.76","2,011.12",,1.39%
2004/8/25,"1,985.77","1,980.73","1,995.13","1,960.06",,0.04%
2004/8/24,"1,984.96","1,985.26","1,988.85","1,960.53",,-0.03%
2004/8/23,"1,985.59","1,980.23","1,997.09","1,978.32",,1.48%
2004/8/20,"1,956.58","1,931.19","1,978.86","1,921.48",,1.14%
2004/8/19,"1,934.56","1,931.59","1,951.36","1,928.85",,0.63%
2004/8/18,"1,922.44","1,978.38","1,980.60","1,892.13",,-3.10%
2004/8/17,"1,983.95","2,081.67","2,089.70","1,982.61",,-3.72%
2004/8/16,"2,060.57","2,101.27","2,101.90","2,039.91",,-1.99%
2004/8/13,"2,102.45","2,100.63","2,120.40","2,085.06",,-1.02%
2004/8/12,"2,124.08","2,099.00","2,124.10","2,094.26",,1.37%
2004/8/11,"2,095.30","2,159.15","2,200.75","2,088.40",,-1.56%
2004/8/10,"2,128.56","2,014.97","2,147.35","2,014.97",,6.60%
2004/8/9,"1,996.76","1,963.39","1,997.17","1,929.55",,0.34%
2004/8/6,"1,990.06","1,959.13","2,003.61","1,911.36",,0.06%
2004/8/5,"1,988.84","1,966.97","2,068.04","1,924.21",,0.76%
2004/8/4,"1,973.75","1,861.97","1,973.75","1,753.64",,4.47%
2004/8/3,"1,889.30","2,025.33","2,025.73","1,863.80",,-6.60%
2004/8/2,"2,022.85","2,123.82","2,123.82","2,015.54",,-4.45%
2004/7/30,"2,117.14","2,107.25","2,130.53","2,091.67",,0.78%
2004/7/29,"2,100.76","2,213.06","2,213.06","2,089.35",,-5.29%
2004/7/28,"2,218.08","2,174.54","2,233.91","2,174.54",,3.34%
2004/7/27,"2,146.41","2,264.05","2,273.53","2,075.06",,-5.77%
2004/7/26,"2,277.84","2,368.10","2,368.13","2,273.59",,-5.10%
2004/7/23,"2,400.24","2,440.13","2,440.82","2,374.87",,-1.19%
2004/7/22,"2,429.20","2,456.30","2,457.10","2,420.54",,-2.29%
2004/7/21,"2,486.23","2,463.76","2,498.87","2,457.70",,2.05%
2004/7/20,"2,436.20","2,452.53","2,467.91","2,426.04",,-1.35%
2004/7/16,"2,469.64","2,429.17","2,494.16","2,351.17",,1.12%
2004/7/15,"2,442.26","2,515.64","2,542.33","2,385.03",,-3.08%
2004/7/14,"2,519.87","2,655.67","2,656.23","2,502.27",,-5.31%
2004/7/13,"2,661.25","2,694.72","2,696.80","2,639.38",,-0.66%
2004/7/12,"2,679.04","2,619.10","2,680.53","2,619.10",,3.59%
2004/7/9,"2,586.30","2,516.68","2,586.55","2,516.68",,2.82%
2004/7/8,"2,515.25","2,585.71","2,625.84","2,512.39",,-1.75%
2004/7/7,"2,560.16","2,511.37","2,567.45","2,429.86",,0.70%
2004/7/6,"2,542.28","2,693.05","2,696.38","2,519.66",,-6.12%
2004/7/5,"2,707.95","2,738.22","2,755.06","2,679.11",,-1.34%
2004/7/2,"2,744.68","2,711.26","2,786.82","2,685.77",,-0.16%
2004/7/1,"2,749.00","2,699.60","2,750.99","2,699.60",,2.87%
2004/6/30,"2,672.31","2,566.92","2,677.66","2,560.50",,4.74%
2004/6/29,"2,551.46","2,506.05","2,556.47","2,503.20",,2.43%
2004/6/28,"2,490.92","2,400.14","2,491.74","2,397.44",,4.46%
2004/6/25,"2,384.62","2,304.47","2,389.66","2,304.47",,4.01%
2004/6/24,"2,292.70","2,275.97","2,292.70","2,258.93",,1.73%
2004/6/23,"2,253.64","2,314.66","2,321.72","2,248.48",,-2.33%
2004/6/22,"2,307.46","2,370.93","2,371.30","2,307.46",,-3.25%
2004/6/21,"2,384.95","2,374.68","2,400.10","2,374.68",,1.26%
2004/6/18,"2,355.25","2,367.44","2,374.89","2,333.75",,-0.58%
2004/6/17,"2,369.01","2,313.00","2,369.01","2,305.31",,2.93%
2004/6/16,"2,301.54","2,265.68","2,303.23","2,265.68",,2.45%
2004/6/15,"2,246.54","2,241.02","2,250.12","2,212.58",,-0.10%
2004/6/14,"2,248.83","2,216.46","2,253.48","2,216.24",,2.01%
2004/6/11,"2,204.57","2,166.09","2,204.57","2,151.58",,2.33%
2004/6/10,"2,154.36","2,132.92","2,156.39","2,120.22",,0.32%
2004/6/9,"2,147.57","2,134.84","2,147.62","2,109.78",,1.08%
2004/6/8,"2,124.59","2,165.32","2,173.96","2,119.73",,-0.84%
2004/6/7,"2,142.51","2,111.30","2,142.51","2,111.30",,2.09%
2004/6/4,"2,098.58","2,095.88","2,112.48","2,076.68",,-0.61%
2004/6/3,"2,111.45","2,146.51","2,165.21","2,095.34",,-0.96%
2004/6/2,"2,131.86","2,123.60","2,157.01","2,121.76",,0.49%
2004/6/1,"2,121.38","2,049.31","2,121.38","2,043.80",,3.69%
2004/5/31,"2,045.98","2,051.19","2,051.19","2,010.15",,-1.07%
2004/5/28,"2,068.03","2,110.45","2,121.00","2,053.04",,-1.67%
2004/5/27,"2,103.08","2,125.84","2,157.93","2,099.94",,-0.70%
2004/5/26,"2,117.92","2,085.07","2,156.96","2,085.07",,3.10%
2004/5/25,"2,054.30","2,101.52","2,102.06","2,049.47",,-2.49%
2004/5/24,"2,106.73","2,103.86","2,129.11","2,100.87",,1.34%
2004/5/21,"2,078.95","2,018.44","2,078.95","2,017.71",,3.91%
2004/5/20,"2,000.70","2,001.79","2,086.70","1,954.03",,0.02%
2004/5/19,"2,000.20","1,854.59","2,008.38","1,854.41",,9.25%
2004/5/18,"1,830.80","1,737.24","1,881.58","1,708.41",,4.23%
2004/5/17,"1,756.51","2,010.48","2,010.64","1,743.38",,-13.85%
2004/5/14,"2,038.88","2,149.51","2,156.53","1,998.04",,-5.69%
2004/5/13,"2,161.99","2,231.41","2,234.83","2,152.41",,-2.99%
2004/5/12,"2,228.73","2,073.75","2,230.90","2,073.74",,9.03%
2004/5/11,"2,044.15","2,142.76","2,185.88","2,030.13",,-5.62%
2004/5/10,"2,165.92","2,423.68","2,423.68","2,154.84",,-11.58%
2004/5/7,"2,449.52","2,460.42","2,478.56","2,412.76",,-0.65%
2004/5/6,"2,465.44","2,423.77","2,495.39","2,423.77",,2.77%
2004/4/30,"2,398.90","2,317.45","2,398.90","2,288.17",,2.30%
2004/4/28,"2,344.98","2,290.78","2,351.59","2,290.78",,3.02%
2004/4/27,"2,276.31","2,221.07","2,276.31","2,193.14",,1.86%
2004/4/26,"2,234.65","2,281.12","2,285.47","2,234.40",,-2.19%
2004/4/23,"2,284.76","2,280.95","2,285.55","2,252.58",,0.18%
2004/4/22,"2,280.66","2,273.96","2,294.00","2,272.36",,0.99%
2004/4/21,"2,258.24","2,228.17","2,258.24","2,218.07",,1.37%
2004/4/20,"2,227.66","2,190.81","2,229.78","2,178.30",,1.50%
2004/4/19,"2,194.65","2,270.89","2,271.20","2,155.33",,-3.23%
2004/4/16,"2,267.81","2,265.36","2,283.63","2,198.69",,1.17%
2004/4/15,"2,241.55","2,344.72","2,376.66","2,179.29",,-3.69%
2004/4/14,"2,327.46","2,279.87","2,341.13","2,270.23",,1.55%
2004/4/13,"2,291.89","2,266.18","2,332.81","2,266.18",,2.60%
2004/4/12,"2,233.86","2,100.72","2,235.41","2,098.34",,7.75%
2004/4/9,"2,073.15","2,118.11","2,124.47","2,055.49",,-3.31%
2004/4/8,"2,144.12","2,079.12","2,144.12","2,071.76",,3.10%
2004/4/7,"2,079.59","2,073.82","2,100.04","2,050.69",,-0.42%
2004/4/6,"2,088.46","2,163.08","2,184.74","2,057.89",,-2.59%
2004/4/5,"2,143.97","2,097.45","2,167.19","2,097.45",,3.11%
2004/4/2,"2,079.22","2,023.75","2,083.93","1,993.32",,3.37%
2004/4/1,"2,011.36","1,967.82","2,032.62","1,944.88",,2.95%
2004/3/31,"1,953.72","1,854.09","1,958.91","1,853.61",,6.22%
2004/3/30,"1,839.27","1,783.75","1,839.27","1,783.75",,4.20%
2004/3/29,"1,765.21","1,701.14","1,770.23","1,701.14",,4.76%
2004/3/26,"1,684.97","1,658.12","1,689.26","1,658.12",,2.42%
2004/3/25,"1,645.19","1,689.77","1,690.81","1,641.90",,-2.60%
2004/3/24,"1,689.07","1,659.71","1,699.10","1,658.52",,2.49%
2004/3/23,"1,648.09","1,608.59","1,648.09","1,607.29",,2.21%
2004/3/22,"1,612.43","1,574.37","1,615.36","1,571.67",,2.91%
2004/3/19,"1,566.79","1,543.10","1,566.79","1,537.65",,1.17%
2004/3/18,"1,548.60","1,570.81","1,591.24","1,547.38",,-0.68%
2004/3/17,"1,559.21","1,539.20","1,559.21","1,539.20",,1.99%
2004/3/16,"1,528.73","1,515.42","1,558.32","1,514.53",,0.77%
2004/3/15,"1,517.07","1,507.36","1,517.07","1,504.40",,1.39%
2004/3/12,"1,496.32","1,487.79","1,508.18","1,479.51",,0.01%
2004/3/11,"1,496.14","1,466.57","1,500.57","1,455.44",,1.34%
2004/3/10,"1,476.37","1,451.15","1,477.58","1,440.83",,2.22%
2004/3/9,"1,444.29","1,410.58","1,444.91","1,400.42",,2.35%
2004/3/8,"1,411.09","1,417.12","1,418.92","1,401.98",,-0.11%
2004/3/5,"1,412.70","1,416.16","1,417.59","1,399.03",,0.02%
2004/3/4,"1,412.44","1,410.92","1,417.34","1,405.15",,0.32%
2004/3/3,"1,407.97","1,400.45","1,409.27","1,397.95",,0.53%
2004/3/2,"1,400.55","1,416.71","1,422.10","1,394.21",,-0.42%
2004/3/1,"1,406.50","1,409.27","1,415.06","1,400.70",,0.18%
2004/2/27,"1,403.97","1,376.76","1,406.86","1,375.28",,2.38%
2004/2/26,"1,371.30","1,316.59","1,371.30","1,316.59",,4.50%
2004/2/25,"1,312.25","1,310.48","1,312.25","1,290.89",,-0.63%
2004/2/24,"1,320.57","1,350.60","1,350.99","1,315.72",,-2.40%
2004/2/23,"1,353.02","1,341.45","1,353.02","1,330.43",,1.05%
2004/2/20,"1,338.98","1,357.35","1,357.35","1,326.69",,-1.71%
2004/2/19,"1,362.26","1,419.55","1,419.86","1,360.93",,-4.49%
2004/2/18,"1,426.37","1,444.12","1,449.68","1,425.27",,-1.57%
2004/2/17,"1,449.16","1,467.61","1,467.91","1,448.21",,-1.03%
2004/2/16,"1,464.17","1,488.35","1,490.19","1,462.59",,-1.70%
2004/2/13,"1,489.54","1,476.91","1,490.99","1,436.26",,0.45%
2004/2/12,"1,482.82","1,513.80","1,514.37","1,480.44",,-1.96%
2004/2/10,"1,512.42","1,553.67","1,553.67","1,506.45",,-3.09%
2004/2/9,"1,560.57","1,604.39","1,609.06","1,552.61",,-2.26%
2004/2/6,"1,596.60","1,571.12","1,605.87","1,571.12",,2.34%
2004/2/5,"1,560.10","1,527.87","1,572.68","1,520.38",,1.40%
2004/2/4,"1,538.52","1,598.53","1,601.59","1,535.92",,-4.00%
2004/2/3,"1,602.64","1,617.65","1,627.22","1,587.19",,-0.59%
2004/2/2,"1,612.14","1,568.74","1,615.63","1,567.46",,3.00%
2004/1/30,"1,565.18","1,560.55","1,565.18","1,533.15",,-0.07%
2004/1/29,"1,566.31","1,609.61","1,609.61","1,558.64",,-3.39%
2004/1/28,"1,621.19","1,663.69","1,665.47","1,619.62",,-3.02%
2004/1/27,"1,671.59","1,642.47","1,676.51","1,635.22",,1.45%
2004/1/26,"1,647.63","1,728.07","1,728.14","1,638.52",,-5.14%
2004/1/23,"1,736.94","1,804.09","1,804.09","1,718.01",,-4.35%
2004/1/22,"1,815.93","1,904.64","1,906.19","1,814.00",,-4.82%
2004/1/21,"1,907.89","1,964.04","1,966.28","1,901.45",,-2.75%
2004/1/20,"1,961.93","1,880.33","1,974.07","1,879.00",,5.12%
2004/1/19,"1,866.30","1,788.67","1,869.48","1,787.01",,4.86%
2004/1/16,"1,779.85","1,699.37","1,779.85","1,697.15",,5.16%
2004/1/15,"1,692.58","1,628.26","1,700.94","1,624.60",,4.78%
2004/1/14,"1,615.44","1,565.92","1,618.21","1,560.37",,3.08%
2004/1/13,"1,567.12","1,546.42","1,577.78","1,545.05",,1.75%
2004/1/9,"1,540.23","1,517.13","1,549.53","1,517.13",,2.41%
2004/1/8,"1,504.05","1,456.80","1,518.28","1,453.78",,4.36%
2004/1/7,"1,441.23","1,358.72","1,441.69","1,356.36",,6.21%
2004/1/6,"1,356.95","1,364.03","1,376.25","1,350.93",,-0.09%
2004/1/5,"1,358.24","1,329.57","1,358.24","1,329.57",,2.95%
2003/12/30,"1,319.32","1,291.67","1,324.12","1,291.67",,2.69%
2003/12/29,"1,284.72","1,247.59","1,286.34","1,245.32",,3.88%
2003/12/26,"1,236.75","1,189.05","1,242.38","1,188.12",,4.98%
2003/12/25,"1,178.11","1,110.64","1,185.36","1,109.12",,6.39%
2003/12/24,"1,107.39","1,079.03","1,110.88","1,078.38",,2.76%
2003/12/22,"1,077.69","1,082.99","1,090.76","1,070.37",,-1.03%
2003/12/19,"1,088.88","1,109.12","1,112.56","1,087.59",,-1.02%
2003/12/18,"1,100.08","1,118.18","1,119.52","1,097.43",,-1.47%
2003/12/17,"1,116.46","1,132.44","1,145.53","1,110.70",,-0.72%
2003/12/16,"1,124.60","1,132.80","1,132.80","1,102.44",,-2.04%
2003/12/15,"1,148.03","1,116.72","1,148.03","1,107.63",,3.74%
2003/12/12,"1,106.64","1,133.05","1,140.36","1,100.05",,-1.32%
2003/12/11,"1,121.42","1,141.65","1,147.85","1,108.42",,-2.57%
2003/12/10,"1,151.00","1,163.45","1,165.27","1,132.95",,-1.87%
2003/12/9,"1,172.97","1,217.91","1,228.92","1,165.40",,-2.66%
2003/12/8,"1,205.05","1,249.24","1,249.24","1,201.78",,-4.33%
2003/12/5,"1,259.54","1,271.83","1,271.83","1,247.14",,-0.88%
2003/12/4,"1,270.72","1,303.49","1,306.52","1,269.74",,-2.47%
2003/12/3,"1,302.96","1,297.34","1,305.42","1,291.20",,0.57%
2003/12/2,"1,295.55","1,306.82","1,331.07","1,293.74",,-0.15%
2003/12/1,"1,297.51","1,274.17","1,306.92","1,245.16",,0.46%
2003/11/28,"1,291.61","1,286.25","1,306.30","1,275.53",,0.58%
2003/11/27,"1,284.20","1,249.03","1,292.78","1,249.03",,4.00%
2003/11/26,"1,234.81","1,166.64","1,234.81","1,166.64",,6.54%
2003/11/25,"1,159.03","1,151.39","1,180.05","1,151.39",,1.77%
2003/11/21,"1,138.82","1,119.90","1,145.03","1,113.25",,0.98%
2003/11/20,"1,127.81","1,118.47","1,140.95","1,112.59",,2.13%
2003/11/19,"1,104.33","1,121.57","1,121.57","1,090.49",,-2.26%
2003/11/18,"1,129.82","1,086.93","1,129.82","1,054.57",,3.08%
2003/11/17,"1,096.07","1,199.39","1,199.39","1,093.34",,-9.88%
2003/11/14,"1,216.30","1,246.48","1,250.51","1,213.31",,-2.42%
2003/11/13,"1,246.50","1,225.26","1,265.42","1,225.26",,3.12%
2003/11/12,"1,208.80","1,192.04","1,220.95","1,186.46",,2.12%
2003/11/11,"1,183.69","1,264.80","1,266.29","1,154.82",,-7.65%
2003/11/10,"1,281.68","1,319.47","1,319.47","1,281.68",,-2.90%
2003/11/7,"1,319.92","1,303.57","1,319.92","1,293.01",,0.88%
2003/11/6,"1,308.40","1,344.13","1,346.68","1,303.16",,-2.93%
2003/11/5,"1,347.88","1,350.56","1,350.56","1,329.12",,-0.79%
2003/11/4,"1,358.58","1,355.63","1,372.47","1,348.26",,1.32%
2003/10/31,"1,340.92","1,347.38","1,347.38","1,313.92",,-0.60%
2003/10/30,"1,348.96","1,365.95","1,365.95","1,327.99",,-1.94%
2003/10/29,"1,375.69","1,350.45","1,379.14","1,349.91",,3.14%
2003/10/28,"1,333.76","1,321.82","1,383.34","1,321.82",,1.97%
2003/10/27,"1,307.98","1,262.21","1,321.96","1,262.21",,4.64%
2003/10/24,"1,250.03","1,213.18","1,278.31","1,212.12",,4.12%
2003/10/23,"1,200.57","1,306.03","1,306.03","1,199.81",,-9.22%
2003/10/22,"1,322.55","1,349.92","1,362.20","1,293.62",,-1.96%
2003/10/21,"1,349.04","1,467.67","1,473.44","1,344.87",,-8.47%
2003/10/20,"1,473.90","1,518.20","1,547.64","1,470.26",,-3.14%
2003/10/17,"1,521.65","1,487.24","1,540.08","1,487.24",,2.39%
2003/10/16,"1,486.07","1,447.86","1,497.76","1,438.80",,2.62%
2003/10/15,"1,448.09","1,405.35","1,454.31","1,400.38",,4.13%
2003/10/14,"1,390.65","1,301.23","1,390.65","1,301.04",,8.32%
2003/10/10,"1,283.89","1,234.12","1,285.99","1,234.12",,5.09%
2003/10/9,"1,221.72","1,208.83","1,225.46","1,190.56",,0.45%
2003/10/8,"1,216.27","1,185.73","1,241.74","1,178.39",,2.89%
2003/10/7,"1,182.07","1,155.20","1,183.12","1,150.04",,2.89%
2003/10/6,"1,148.92","1,119.00","1,150.48","1,113.61",,3.57%
2003/10/3,"1,109.35","1,117.75","1,119.89","1,094.66",,-0.58%
2003/10/2,"1,115.80","1,073.04","1,116.37","1,073.04",,4.43%
2003/10/1,"1,068.43","1,027.64","1,068.43","1,023.77",,3.86%
2003/9/30,"1,028.77","1,009.74","1,028.77","1,006.93",,2.61%
2003/9/29,"1,002.57","1,013.05","1,015.10",993.39,,-1.35%
2003/9/26,"1,016.24",989.23,"1,018.89",984.42,,1.92%
2003/9/25,997.11,"1,004.44","1,006.01",989.6,,-1.17%
2003/9/24,"1,008.88","1,029.25","1,035.45","1,004.00",,-1.93%
2003/9/22,"1,028.76","1,033.57","1,043.72","1,018.85",,-0.26%
2003/9/19,"1,031.42","1,024.89","1,036.77","1,019.61",,0.84%
2003/9/18,"1,022.81","1,006.64","1,022.81","1,003.97",,1.90%
2003/9/17,"1,003.77","1,005.69","1,012.09","1,001.29",,-0.06%
