日付,終値,始値,高値,安値,変化率 %
2026/8/14,0.378,0.366,0.389,0.359,7.23%
2026/8/13,0.353,0.379,0.4,0.347,-5.19%
2026/8/12,0.372,0.391,0.407,0.372,-12.15%
2026/8/11,0.424,0.403,0.431,0.401,5.29%
2026/8/10,0.402,0.368,0.409,0.361,12.97%
2026/8/7,0.356,0.355,0.39,0.355,5.67%
2026/8/6,0.337,0.351,0.358,0.335,-8.77%
2026/8/5,0.37,0.365,0.374,0.347,-1.15%
2026/8/4,0.374,0.405,0.424,0.366,-6.55%
2026/8/3,0.4,0.42,0.424,0.393,-2.84%
2026/7/31,0.412,0.408,0.433,0.406,0.00%
2026/7/30,0.412,0.433,0.45,0.412,-4.65%
2026/7/29,0.432,0.403,0.433,0.403,7.73%
2026/7/28,0.401,0.422,0.425,0.389,-4.95%
2026/7/27,0.422,0.465,0.479,0.406,-9.43%
2026/7/24,0.466,0.514,0.522,0.463,-10.51%
2026/7/23,0.52,0.472,0.542,0.47,14.65%
2026/7/22,0.454,0.45,0.47,0.448,1.05%
2026/7/21,0.449,0.452,0.472,0.447,-1.30%
2026/7/20,0.455,0.424,0.47,0.424,6.41%
2026/7/17,0.428,0.431,0.443,0.417,1.47%
2026/7/16,0.421,0.425,0.449,0.42,2.08%
2026/7/15,0.413,0.431,0.45,0.413,-0.77%
2026/7/14,0.416,0.418,0.465,0.416,2.26%
2026/7/13,0.407,0.398,0.42,0.398,1.78%
2026/7/10,0.4,0.385,0.416,0.373,3.90%
2026/7/9,0.385,0.376,0.411,0.361,2.20%
2026/7/8,0.377,0.365,0.383,0.341,9.13%
2026/7/7,0.345,0.325,0.349,0.32,5.89%
2026/7/6,0.326,0.319,0.331,0.309,3.63%
2026/7/3,0.314,0.307,0.337,0.307,2.01%
2026/7/2,0.308,0.293,0.32,0.285,9.99%
2026/7/1,0.28,0.275,0.303,0.275,3.39%
2026/6/30,0.271,0.253,0.297,0.253,3.59%
2026/6/29,0.262,0.256,0.266,0.242,7.83%
2026/6/26,0.243,0.251,0.258,0.235,-4.22%
2026/6/25,0.253,0.268,0.282,0.243,-5.56%
2026/6/24,0.268,0.319,0.328,0.264,-10.63%
2026/6/23,0.3,0.324,0.331,0.299,-3.84%
2026/6/22,0.312,0.332,0.34,0.312,-5.65%
2026/6/19,0.331,0.325,0.339,0.321,2.89%
2026/6/18,0.322,0.324,0.334,0.304,1.58%
2026/6/17,0.317,0.337,0.345,0.313,-7.24%
2026/6/16,0.341,0.359,0.365,0.334,-4.24%
2026/6/15,0.356,0.39,0.392,0.352,-10.25%
2026/6/12,0.397,0.407,0.417,0.386,-6.81%
2026/6/11,0.426,0.437,0.459,0.419,-2.52%
2026/6/10,0.437,0.422,0.46,0.418,5.05%
2026/6/9,0.416,0.433,0.438,0.414,-3.70%
2026/6/8,0.432,0.428,0.457,0.42,1.89%
2026/6/5,0.424,0.401,0.424,0.4,6.80%
2026/6/4,0.397,0.406,0.427,0.393,0.00%
2026/6/3,0.397,0.391,0.422,0.387,6.43%
2026/6/2,0.373,0.409,0.413,0.373,-8.58%
2026/6/1,0.408,0.408,0.423,0.393,5.15%
2026/5/29,0.388,0.416,0.426,0.387,-5.13%
2026/5/28,0.409,0.458,0.476,0.409,-10.11%
2026/5/27,0.455,0.502,0.507,0.443,-7.33%
2026/5/26,0.491,0.557,0.558,0.484,-11.69%
2026/5/25,0.556,0.556,0.561,0.556,0.54%
2026/5/22,0.553,0.592,0.594,0.54,-4.98%
2026/5/21,0.582,0.523,0.598,0.521,11.92%
2026/5/20,0.52,0.587,0.588,0.517,-10.34%
2026/5/19,0.58,0.551,0.585,0.549,4.32%
2026/5/18,0.556,0.523,0.583,0.521,10.32%
2026/5/15,0.504,0.448,0.512,0.446,14.03%
2026/5/14,0.442,0.442,0.444,0.442,-0.45%
2026/5/13,0.444,0.442,0.453,0.434,1.83%
2026/5/12,0.436,0.391,0.443,0.391,14.74%
2026/5/11,0.38,0.379,0.387,0.365,5.26%
2026/5/8,0.361,0.375,0.377,0.357,-1.63%
2026/5/7,0.367,0.378,0.382,0.352,0.27%
2026/5/6,0.366,0.383,0.395,0.347,-9.18%
2026/5/5,0.403,0.426,0.43,0.4,-3.13%
2026/5/4,0.416,0.393,0.421,0.393,6.39%
2026/4/30,0.391,0.462,0.468,0.391,-11.74%
2026/4/29,0.443,0.441,0.46,0.408,2.78%
2026/4/28,0.431,0.435,0.45,0.421,4.61%
2026/4/27,0.412,0.439,0.444,0.41,-5.94%
2026/4/24,0.438,0.437,0.475,0.419,6.31%
2026/4/23,0.412,0.412,0.442,0.4,0.98%
2026/4/22,0.408,0.413,0.422,0.388,1.75%
2026/4/21,0.401,0.394,0.416,0.38,1.01%
2026/4/20,0.397,0.401,0.419,0.385,-0.75%
2026/4/17,0.4,0.421,0.435,0.379,-6.10%
2026/4/16,0.426,0.424,0.43,0.404,4.67%
2026/4/15,0.407,0.441,0.441,0.403,-7.08%
2026/4/14,0.438,0.438,0.453,0.413,-3.95%
2026/4/13,0.456,0.453,0.476,0.428,3.40%
2026/4/10,0.441,0.421,0.444,0.41,8.09%
2026/4/9,0.408,0.4,0.444,0.4,7.65%
2026/4/8,0.379,0.38,0.419,0.356,-15.59%
2026/4/7,0.449,0.394,0.457,0.393,15.72%
2026/4/2,0.388,0.382,0.424,0.377,5.72%
2026/4/1,0.367,0.359,0.381,0.318,3.38%
2026/3/31,0.355,0.382,0.403,0.342,-7.79%
2026/3/30,0.385,0.384,0.429,0.375,-5.64%
2026/3/27,0.408,0.42,0.448,0.403,3.29%
2026/3/26,0.395,0.359,0.395,0.354,24.61%
2026/3/25,0.317,0.364,0.372,0.311,-18.30%
2026/3/24,0.388,0.412,0.412,0.357,-2.51%
2026/3/23,0.398,0.43,0.436,0.328,10.86%
2026/3/20,0.359,0.343,0.395,0.324,2.57%
2026/3/19,0.35,0.373,0.405,0.312,-0.57%
2026/3/18,0.352,0.325,0.368,0.296,6.34%
2026/3/17,0.331,0.363,0.386,0.325,-9.81%
2026/3/16,0.367,0.398,0.42,0.355,-6.62%
2026/3/13,0.393,0.405,0.431,0.392,0.26%
2026/3/12,0.392,0.37,0.439,0.37,1.29%
2026/3/11,0.387,0.37,0.437,0.37,6.61%
2026/3/10,0.363,0.408,0.412,0.353,-14.18%
2026/3/9,0.423,0.39,0.478,0.39,11.02%
2026/3/6,0.381,0.358,0.408,0.347,10.12%
2026/3/5,0.346,0.307,0.353,0.304,15.72%
2026/3/4,0.299,0.298,0.316,0.273,-1.97%
2026/3/3,0.305,0.262,0.321,0.262,19.61%
2026/3/2,0.255,0.207,0.259,0.199,27.50%
2026/2/27,0.2,0.221,0.238,0.189,-11.11%
2026/2/26,0.225,0.23,0.244,0.206,-1.75%
2026/2/25,0.229,0.228,0.246,0.221,-1.72%
2026/2/24,0.233,0.241,0.243,0.209,-6.05%
2026/2/23,0.248,0.266,0.271,0.219,-5.34%
2026/2/20,0.262,0.268,0.282,0.247,-2.24%
2026/2/19,0.268,0.24,0.28,0.24,12.61%
2026/2/18,0.238,0.24,0.261,0.218,1.28%
2026/2/17,0.235,0.253,0.253,0.203,-7.48%
2026/2/16,0.254,0.276,0.282,0.252,-5.58%
2026/2/13,0.269,0.288,0.303,0.263,-6.27%
2026/2/12,0.287,0.303,0.317,0.263,-8.01%
2026/2/11,0.312,0.256,0.332,0.248,23.81%
2026/2/10,0.252,0.246,0.287,0.244,-4.55%
2026/2/9,0.264,0.259,0.273,0.252,3.94%
2026/2/6,0.254,0.251,0.27,0.247,-3.42%
2026/2/5,0.263,0.268,0.299,0.247,-5.05%
2026/2/4,0.277,0.285,0.297,0.244,-2.46%
2026/2/3,0.284,0.238,0.298,0.233,19.83%
2026/2/2,0.237,0.221,0.24,0.22,13.40%
2026/1/30,0.209,0.225,0.233,0.18,-8.33%
2026/1/29,0.228,0.254,0.262,0.206,-10.94%
2026/1/28,0.256,0.242,0.271,0.202,-5.88%
2026/1/27,0.272,0.285,0.291,0.262,-1.09%
2026/1/26,0.275,0.3,0.329,0.273,-5.17%
2026/1/23,0.29,0.282,0.313,0.251,1.40%
2026/1/22,0.286,0.273,0.31,0.256,0.00%
2026/1/21,0.286,0.28,0.346,0.244,0.70%
2026/1/20,0.284,0.296,0.299,0.247,6.37%
2026/1/19,0.267,0.255,0.28,0.233,3.89%
2026/1/16,0.257,0.272,0.272,0.211,3.63%
2026/1/15,0.248,0.235,0.287,0.219,-4.98%
2026/1/14,0.261,0.27,0.292,0.235,-1.88%
2026/1/13,0.266,0.308,0.311,0.242,4.72%
2026/1/12,0.254,0.298,0.319,0.242,-14.77%
2026/1/9,0.298,0.279,0.315,0.267,0.34%
2026/1/8,0.297,0.28,0.311,0.276,7.61%
2026/1/7,0.276,0.296,0.31,0.264,-3.83%
2026/1/6,0.287,0.294,0.322,0.261,3.61%
2026/1/5,0.277,0.319,0.329,0.245,-10.93%
2026/1/2,0.311,0.316,0.323,0.274,10.28%
2025/12/31,0.282,0.304,0.304,0.282,-11.60%
2025/12/30,0.319,0.305,0.373,0.291,5.63%
2025/12/29,0.302,0.307,0.367,0.287,8.63%
2025/12/24,0.278,0.316,0.316,0.278,-17.26%
2025/12/23,0.336,0.34,0.364,0.315,-1.18%
2025/12/22,0.34,0.335,0.365,0.313,1.80%
2025/12/19,0.334,0.329,0.345,0.307,7.05%
2025/12/18,0.312,0.326,0.338,0.28,-2.19%
2025/12/17,0.319,0.31,0.333,0.275,6.69%
2025/12/16,0.299,0.289,0.318,0.27,2.05%
2025/12/15,0.293,0.335,0.335,0.279,-12.28%
2025/12/12,0.334,0.287,0.34,0.278,17.19%
2025/12/11,0.285,0.256,0.326,0.248,-2.06%
2025/12/10,0.291,0.267,0.345,0.267,8.18%
2025/12/9,0.269,0.256,0.285,0.246,10.70%
2025/12/8,0.243,0.195,0.272,0.185,27.23%
2025/12/5,0.191,0.176,0.199,0.163,17.18%
2025/12/4,0.163,0.161,0.215,0.15,7.24%
2025/12/3,0.152,0.168,0.191,0.151,-17.39%
2025/12/2,0.184,0.188,0.203,0.171,-1.08%
2025/12/1,0.186,0.175,0.194,0.169,2.20%
2025/11/28,0.182,0.199,0.225,0.167,5.20%
2025/11/27,0.173,0.224,0.224,0.166,2.98%
2025/11/26,0.168,0.175,0.211,0.162,1.20%
2025/11/25,0.166,0.168,0.213,0.159,-6.21%
2025/11/24,0.177,0.15,0.183,0.139,0.57%
2025/11/21,0.176,0.189,0.192,0.149,2.33%
2025/11/20,0.172,0.166,0.21,0.163,2.38%
2025/11/19,0.168,0.172,0.176,0.156,4.35%
2025/11/18,0.161,0.175,0.206,0.153,-9.04%
2025/11/17,0.177,0.186,0.19,0.164,2.91%
2025/11/14,0.172,0.189,0.22,0.17,0.58%
2025/11/13,0.171,0.162,0.194,0.155,8.92%
2025/11/12,0.157,0.172,0.24,0.157,-2.48%
2025/11/11,0.161,0.176,0.194,0.147,11.81%
2025/11/10,0.144,0.138,0.174,0.131,20.00%
2025/11/7,0.12,0.146,0.154,0.12,0.84%
2025/11/6,0.119,0.145,0.146,0.119,-17.36%
2025/11/5,0.144,0.118,0.148,0.108,22.03%
2025/11/4,0.118,0.125,0.148,0.112,-7.09%
2025/11/3,0.127,0.152,0.161,0.122,-32.09%
2025/10/31,0.187,0.174,0.193,0.124,25.50%
2025/10/30,0.149,0.176,0.176,0.139,6.43%
2025/10/29,0.14,0.14,0.142,0.139,-1.41%
2025/10/28,0.142,0.177,0.177,0.141,-0.70%
2025/10/27,0.143,0.181,0.187,0.143,-8.92%
2025/10/24,0.157,0.165,0.165,0.139,12.95%
2025/10/23,0.139,0.141,0.148,0.137,-1.42%
2025/10/22,0.141,0.14,0.141,0.133,0.00%
2025/10/21,0.141,0.163,0.163,0.131,-14.55%
2025/10/20,0.165,0.174,0.178,0.148,-14.06%
2025/10/17,0.192,0.19,0.192,0.127,4.92%
2025/10/16,0.183,0.156,0.183,0.149,-0.54%
2025/10/15,0.184,0.167,0.184,0.148,-15.98%
2025/10/14,0.219,0.155,0.219,0.142,3.79%
2025/10/13,0.211,0.256,0.256,0.165,-13.88%
2025/10/10,0.245,0.284,0.285,0.195,7.46%
2025/10/9,0.228,0.294,0.294,0.223,-21.38%
2025/10/8,0.29,0.29,0.29,0.216,1.75%
2025/10/7,0.285,0.271,0.285,0.269,0.00%
2025/10/6,0.285,0.303,0.314,0.257,1.79%
2025/10/3,0.28,0.261,0.284,0.259,6.06%
2025/10/2,0.264,0.258,0.264,0.253,-5.04%
2025/10/1,0.278,0.226,0.278,0.226,8.17%
2025/9/30,0.257,0.203,0.257,0.192,15.25%
2025/9/29,0.223,0.209,0.223,0.185,1.83%
2025/9/26,0.219,0.232,0.237,0.202,-4.37%
2025/9/25,0.229,0.245,0.286,0.222,-4.58%
2025/9/24,0.24,0.205,0.24,0.198,3.00%
2025/9/23,0.233,0.264,0.264,0.201,-2.92%
2025/9/22,0.24,0.274,0.275,0.198,-4.76%
2025/9/19,0.252,0.274,0.274,0.202,8.15%
2025/9/18,0.233,0.193,0.233,0.179,-7.91%
2025/9/17,0.253,0.222,0.253,0.183,-12.46%
2025/9/16,0.289,0.245,0.289,0.217,1.40%
2025/9/15,0.285,0.248,0.285,0.233,18.26%
2025/9/12,0.241,0.274,0.274,0.222,5.24%
2025/9/11,0.229,0.242,0.276,0.224,-9.49%
2025/9/10,0.253,0.27,0.289,0.23,-3.80%
2025/9/9,0.263,0.282,0.287,0.24,0.77%
2025/9/8,0.261,0.294,0.305,0.237,-7.77%
2025/9/5,0.283,0.283,0.302,0.251,-7.52%
2025/9/4,0.306,0.31,0.31,0.282,-5.56%
2025/9/3,0.324,0.355,0.358,0.315,-8.47%
2025/9/2,0.354,0.34,0.359,0.337,3.51%
2025/9/1,0.342,0.322,0.342,0.322,0.88%
2025/8/29,0.339,0.307,0.339,0.302,-0.59%
2025/8/28,0.341,0.308,0.341,0.297,14.05%
2025/8/27,0.299,0.321,0.326,0.297,-7.14%
2025/8/26,0.322,0.337,0.345,0.32,-9.30%
2025/8/25,0.355,0.353,0.364,0.343,4.41%
2025/8/22,0.34,0.35,0.371,0.338,-3.68%
2025/8/21,0.353,0.315,0.356,0.315,2.32%
2025/8/20,0.345,0.311,0.345,0.303,-2.82%
2025/8/19,0.355,0.331,0.355,0.314,2.31%
2025/8/18,0.347,0.332,0.347,0.306,4.52%
2025/8/15,0.332,0.296,0.338,0.296,9.93%
2025/8/14,0.302,0.275,0.302,0.257,18.43%
2025/8/13,0.255,0.287,0.29,0.24,-6.59%
2025/8/12,0.273,0.271,0.279,0.237,10.08%
2025/8/11,0.248,0.276,0.278,0.241,-6.77%
2025/8/8,0.266,0.288,0.288,0.238,0.38%
2025/8/7,0.265,0.3,0.326,0.238,-13.11%
2025/8/6,0.305,0.303,0.305,0.275,7.39%
2025/8/5,0.284,0.298,0.304,0.279,-5.96%
2025/8/4,0.302,0.374,0.374,0.299,-8.76%
2025/8/1,0.331,0.329,0.365,0.329,-3.22%
2025/7/31,0.342,0.364,0.369,0.331,-2.84%
2025/7/30,0.352,0.373,0.384,0.338,-2.49%
2025/7/29,0.361,0.371,0.4,0.338,-6.23%
2025/7/28,0.385,0.453,0.453,0.369,-8.33%
2025/7/25,0.42,0.431,0.461,0.414,-4.11%
2025/7/24,0.438,0.417,0.439,0.417,5.04%
2025/7/23,0.417,0.412,0.424,0.409,0.97%
2025/7/22,0.413,0.424,0.429,0.403,-1.90%
2025/7/21,0.421,0.465,0.465,0.416,-6.86%
2025/7/18,0.452,0.454,0.462,0.452,0.22%
2025/7/17,0.451,0.457,0.46,0.446,-1.10%
2025/7/16,0.456,0.458,0.47,0.44,-1.94%
2025/7/15,0.465,0.466,0.481,0.445,-1.69%
2025/7/14,0.473,0.451,0.485,0.438,1.50%
2025/7/11,0.466,0.442,0.466,0.424,3.10%
2025/7/10,0.452,0.436,0.452,0.418,4.15%
2025/7/9,0.434,0.506,0.506,0.43,-6.26%
2025/7/8,0.463,0.466,0.482,0.451,4.04%
2025/7/7,0.445,0.442,0.451,0.416,12.23%
2025/7/4,0.396,0.417,0.423,0.391,-2.58%
2025/7/3,0.407,0.446,0.447,0.415,-0.37%
2025/7/2,0.408,0.406,0.443,0.406,4.74%
2025/7/1,0.39,0.442,0.442,0.387,-2.99%
2025/6/30,0.402,0.477,0.477,0.408,-7.48%
2025/6/27,0.435,0.401,0.465,0.385,15.25%
2025/6/26,0.377,0.421,0.421,0.379,-3.70%
2025/6/25,0.391,0.375,0.431,0.363,9.21%
2025/6/24,0.359,0.391,0.393,0.369,0.42%
2025/6/23,0.357,0.399,0.419,0.381,-3.12%
2025/6/20,0.368,0.347,0.396,0.321,20.23%
2025/6/19,0.306,0.286,0.331,0.282,22.11%
2025/6/18,0.251,0.315,0.316,0.269,-11.46%
2025/6/17,0.283,0.331,0.331,0.295,-1.22%
2025/6/16,0.287,0.289,0.322,0.288,10.81%
2025/6/13,0.259,0.254,0.279,0.23,10.92%
2025/6/12,0.234,0.292,0.292,0.254,-12.55%
2025/6/11,0.267,0.303,0.309,0.283,1.33%
2025/6/10,0.264,0.399,0.399,0.285,-31.56%
2025/6/9,0.385,0.451,1.052,0.384,9.22%
2025/6/6,0.352,0.296,0.379,0.216,0.43%
2025/6/5,0.351,0.216,0.366,0.186,76.83%
2025/6/4,0.199,0.231,0.318,0.19,-23.06%
2025/6/3,0.258,0.249,0.341,0.202,1.98%
2025/6/2,0.253,0.233,0.386,0.222,-16.64%
2025/5/30,0.303,0.248,0.324,0.204,3.94%
2025/5/29,0.292,0.356,0.403,0.292,13.62%
2025/5/28,0.257,0.276,0.341,0.244,-26.26%
2025/5/27,0.349,0.36,0.381,0.252,-6.57%
2025/5/26,0.373,0.42,0.429,0.289,1.36%
2025/5/23,0.368,0.383,0.418,0.312,-3.03%
2025/5/22,0.38,0.412,0.482,0.341,3.69%
2025/5/21,0.366,0.432,0.536,0.306,-11.17%
2025/5/20,0.412,0.353,0.429,0.295,47.14%
2025/5/19,0.28,0.382,0.461,0.276,-6.04%
2025/5/16,0.298,0.332,0.372,0.277,-22.19%
2025/5/15,0.383,0.372,0.467,0.288,-11.95%
2025/5/14,0.435,0.44,0.476,0.312,16.15%
2025/5/13,0.375,0.361,0.415,0.335,0.94%
2025/5/12,0.371,0.29,0.4,0.267,27.05%
2025/5/9,0.292,0.272,0.357,0.265,0.69%
2025/5/8,0.29,0.218,0.331,0.169,40.78%
2025/5/7,0.206,0.251,0.359,0.147,-4.19%
2025/5/6,0.215,0.405,0.457,0.229,-49.23%
2025/5/5,0.424,0.359,0.441,0.254,59.81%
2025/5/2,0.265,0.326,0.429,0.215,-9.56%
2025/4/30,0.293,0.38,0.433,0.226,-23.10%
2025/4/29,0.381,0.423,0.501,0.282,0.00%
2025/4/28,0.381,0.448,0.485,0.396,-1.80%
2025/4/25,0.388,0.494,0.543,0.41,-4.20%
2025/4/24,0.405,0.565,0.586,0.428,-6.79%
2025/4/23,0.435,0.447,0.543,0.409,11.84%
2025/4/22,0.389,0.424,0.508,0.398,-0.51%
2025/4/17,0.391,0.503,0.566,0.41,-10.13%
2025/4/16,0.435,0.492,0.518,0.432,-6.16%
2025/4/15,0.463,0.457,0.527,0.418,11.16%
2025/4/14,0.417,0.476,0.51,0.426,2.33%
2025/4/11,0.407,0.508,0.517,0.426,-7.92%
2025/4/10,0.442,0.566,0.599,0.452,-1.78%
2025/4/9,0.45,0.509,0.549,0.475,-0.88%
2025/4/8,0.454,0.515,0.529,0.438,9.27%
2025/4/7,0.415,0.476,0.482,0.379,-4.59%
2025/4/4,0.435,0.53,0.568,0.361,-0.91%
2025/4/3,0.44,0.552,0.564,0.457,-15.64%
2025/4/2,0.521,0.541,0.574,0.461,7.87%
2025/4/1,0.483,0.621,0.624,0.479,-9.04%
2025/3/31,0.531,0.576,0.618,0.521,-9.39%
2025/3/28,0.586,0.658,0.677,0.563,-6.76%
2025/3/27,0.628,0.689,0.709,0.641,-4.84%
2025/3/26,0.66,0.75,0.77,0.679,-5.10%
2025/3/25,0.696,0.781,0.786,0.712,0.80%
2025/3/24,0.691,0.756,0.766,0.69,3.45%
2025/3/21,0.668,0.795,0.795,0.669,0.45%
2025/3/20,0.664,0.744,0.744,0.639,-6.47%
2025/3/19,0.711,0.751,0.774,0.686,-0.91%
2025/3/18,0.717,0.761,0.815,0.715,2.28%
2025/3/17,0.701,0.78,0.802,0.725,-8.13%
2025/3/14,0.763,0.849,0.904,0.763,-1.55%
2025/3/13,0.775,0.849,0.888,0.792,-1.15%
2025/3/12,0.784,0.851,0.872,0.768,1.23%
2025/3/11,0.775,0.763,0.827,0.729,11.36%
2025/3/10,0.696,0.807,0.82,0.665,5.78%
2025/3/7,0.658,0.709,0.732,0.668,-4.71%
2025/3/6,0.69,0.678,0.732,0.664,11.92%
2025/3/5,0.617,0.554,0.653,0.553,31.73%
2025/3/4,0.468,0.589,0.589,0.463,-6.87%
2025/3/3,0.502,0.548,0.562,0.458,17.68%
2025/2/28,0.427,0.477,0.534,0.42,-3.72%
2025/2/27,0.444,0.508,0.525,0.459,-9.49%
2025/2/26,0.49,0.563,0.577,0.479,-5.04%
2025/2/25,0.516,0.616,0.616,0.541,-3.19%
2025/2/24,0.533,0.592,0.624,0.544,-3.70%
2025/2/21,0.553,0.583,0.616,0.564,-0.54%
2025/2/20,0.557,0.549,0.636,0.519,7.33%
2025/2/19,0.518,0.534,0.574,0.531,7.13%
2025/2/18,0.484,0.512,0.525,0.477,4.42%
2025/2/17,0.463,0.507,0.522,0.448,3.46%
2025/2/14,0.448,0.428,0.489,0.418,14.29%
2025/2/13,0.392,0.423,0.446,0.423,-0.63%
2025/2/12,0.394,0.429,0.434,0.383,4.92%
2025/2/11,0.376,0.388,0.414,0.388,9.30%
2025/2/10,0.344,0.393,0.393,0.373,-3.64%
2025/2/7,0.357,0.396,0.41,0.38,6.25%
2025/2/6,0.336,0.385,0.388,0.358,-0.44%
2025/2/5,0.338,0.382,0.382,0.339,-2.32%
2025/2/4,0.345,0.368,0.37,0.358,6.97%
2025/2/3,0.323,0.406,0.406,0.329,-10.77%
2025/1/31,0.362,0.447,0.447,0.385,-11.06%
2025/1/30,0.407,0.45,0.452,0.416,-5.57%
2025/1/29,0.431,0.455,0.455,0.431,-1.26%
2025/1/28,0.437,0.444,0.46,0.434,3.80%
2025/1/27,0.421,0.452,0.452,0.412,-3.22%
2025/1/24,0.435,0.44,0.466,0.429,6.11%
2025/1/23,0.41,0.413,0.428,0.398,9.20%
2025/1/22,0.375,0.399,0.399,0.361,7.60%
2025/1/21,0.349,0.393,0.397,0.357,1.31%
2025/1/20,0.344,0.389,0.389,0.359,-2.13%
2025/1/17,0.352,0.404,0.425,0.37,-9.41%
2025/1/16,0.388,0.411,0.422,0.4,0.26%
2025/1/15,0.387,0.516,0.516,0.411,-15.59%
2025/1/14,0.458,0.506,0.506,0.464,1.66%
2025/1/13,0.451,0.494,0.494,0.455,9.20%
2025/1/10,0.413,0.442,0.445,0.411,11.17%
2025/1/9,0.371,0.423,0.424,0.382,-0.27%
2025/1/8,0.373,0.428,0.444,0.397,-1.59%
2025/1/7,0.379,0.397,0.421,0.367,13.15%
2025/1/6,0.335,0.311,0.379,0.294,29.40%
2025/1/3,0.259,0.28,0.295,0.251,2.99%
2024/12/30,0.251,0.294,0.307,0.268,-9.87%
2024/12/27,0.278,0.265,0.294,0.264,10.08%
2024/12/23,0.253,0.267,0.282,0.261,4.55%
2024/12/20,0.242,0.303,0.303,0.261,-3.78%
2024/12/19,0.252,0.326,0.326,0.273,1.41%
2024/12/18,0.248,0.285,0.298,0.264,-3.31%
2024/12/17,0.257,0.238,0.285,0.232,24.51%
2024/12/16,0.206,0.28,0.28,0.205,-11.40%
2024/12/13,0.233,0.338,0.338,0.247,-12.92%
2024/12/12,0.267,0.334,0.339,0.276,0.00%
2024/12/11,0.267,0.315,0.315,0.253,17.36%
2024/12/10,0.228,0.288,0.299,0.245,6.56%
2024/12/9,0.213,0.22,0.238,0.216,0.00%
2024/12/6,0.213,0.266,0.266,0.221,6.50%
2024/12/5,0.2,0.217,0.229,0.186,15.94%
2024/12/4,0.172,0.233,0.251,0.188,-12.66%
2024/12/3,0.198,0.215,0.234,0.198,10.34%
2024/12/2,0.179,0.276,0.276,0.189,-14.56%
2024/11/29,0.209,0.292,0.296,0.229,-21.54%
2024/11/28,0.267,0.337,0.368,0.294,-8.25%
2024/11/27,0.291,0.329,0.333,0.299,-3.16%
2024/11/26,0.301,0.323,0.339,0.308,0.00%
2024/11/25,0.301,0.343,0.346,0.313,-9.20%
2024/11/22,0.331,0.439,0.445,0.338,-8.68%
2024/11/21,0.363,0.414,0.437,0.387,-1.63%
2024/11/20,0.369,0.471,0.471,0.406,0.41%
2024/11/19,0.368,0.411,0.426,0.364,2.37%
2024/11/18,0.359,0.381,0.416,0.38,0.00%
2024/11/15,0.359,0.436,0.436,0.374,-3.36%
2024/11/14,0.372,0.429,0.472,0.386,2.62%
2024/11/13,0.363,0.446,0.46,0.389,1.97%
2024/11/12,0.356,0.396,0.432,0.366,3.34%
2024/11/11,0.344,0.398,0.41,0.363,-6.52%
2024/11/8,0.368,0.436,0.436,0.386,-5.64%
2024/11/7,0.39,0.412,0.421,0.391,2.77%
2024/11/6,0.38,0.429,0.434,0.391,-8.55%
2024/11/5,0.415,0.373,0.446,0.37,16.25%
2024/11/4,0.357,0.389,0.433,0.378,-5.43%
2024/11/1,0.377,0.429,0.46,0.4,-2.96%
2024/10/31,0.389,0.517,0.517,0.406,-11.59%
2024/10/30,0.44,0.452,0.475,0.421,1.03%
2024/10/29,0.435,0.428,0.481,0.428,-2.35%
2024/10/28,0.446,0.491,0.499,0.429,-2.19%
2024/10/25,0.456,0.499,0.504,0.456,-4.00%
2024/10/24,0.475,0.508,0.512,0.47,-5.57%
2024/10/23,0.503,0.511,0.517,0.483,2.03%
2024/10/22,0.493,0.474,0.493,0.469,6.94%
2024/10/21,0.461,0.405,0.466,0.405,7.21%
2024/10/18,0.43,0.445,0.458,0.429,-2.49%
2024/10/17,0.441,0.428,0.444,0.426,2.80%
2024/10/16,0.429,0.441,0.447,0.416,-4.88%
2024/10/15,0.451,0.499,0.499,0.443,-8.15%
2024/10/14,0.491,0.514,0.517,0.481,-7.36%
2024/10/11,0.53,0.533,0.542,0.506,-1.30%
2024/10/10,0.537,0.498,0.576,0.498,8.05%
2024/10/9,0.497,0.48,0.501,0.467,-1.00%
2024/10/8,0.502,0.462,0.502,0.451,9.37%
2024/10/7,0.459,0.462,0.479,0.436,-3.37%
2024/10/4,0.475,0.401,0.475,0.401,17.00%
2024/10/3,0.406,0.417,0.436,0.4,-1.69%
2024/10/2,0.413,0.414,0.427,0.388,8.40%
2024/10/1,0.381,0.424,0.424,0.371,-5.93%
2024/9/30,0.405,0.411,0.429,0.398,-2.17%
2024/9/27,0.414,0.479,0.479,0.391,-9.21%
2024/9/26,0.456,0.49,0.49,0.403,-6.94%
2024/9/25,0.49,0.49,0.495,0.485,-0.61%
2024/9/24,0.493,0.508,0.508,0.485,-3.71%
2024/9/23,0.512,0.518,0.532,0.495,1.79%
2024/9/20,0.503,0.491,0.503,0.472,3.93%
2024/9/19,0.484,0.468,0.497,0.451,7.80%
2024/9/18,0.449,0.446,0.451,0.398,6.65%
2024/9/17,0.421,0.426,0.426,0.391,2.43%
2024/9/16,0.411,0.437,0.437,0.404,-7.85%
2024/9/13,0.446,0.439,0.453,0.412,-2.41%
2024/9/12,0.457,0.443,0.457,0.414,8.55%
2024/9/11,0.421,0.48,0.48,0.414,-6.24%
2024/9/10,0.449,0.466,0.486,0.449,-3.23%
2024/9/9,0.464,0.484,0.498,0.462,-0.64%
2024/9/6,0.467,0.468,0.502,0.442,-0.21%
2024/9/5,0.468,0.445,0.475,0.426,7.34%
2024/9/4,0.436,0.477,0.48,0.426,-4.60%
2024/9/3,0.457,0.481,0.502,0.451,-5.97%
2024/9/2,0.486,0.513,0.513,0.48,3.85%
2024/8/30,0.468,0.458,0.474,0.439,-0.43%
2024/8/29,0.47,0.463,0.47,0.416,5.38%
2024/8/28,0.446,0.497,0.497,0.426,-5.91%
2024/8/27,0.474,0.459,0.489,0.452,6.76%
2024/8/26,0.444,0.431,0.459,0.411,7.25%
2024/8/23,0.414,0.42,0.459,0.414,-3.50%
2024/8/22,0.429,0.398,0.429,0.386,10.28%
2024/8/21,0.389,0.384,0.402,0.372,3.46%
2024/8/20,0.376,0.398,0.406,0.367,-5.53%
2024/8/19,0.398,0.426,0.443,0.391,-8.08%
2024/8/16,0.433,0.458,0.458,0.411,-5.46%
2024/8/15,0.458,0.426,0.458,0.399,13.93%
2024/8/14,0.402,0.403,0.414,0.388,1.26%
2024/8/13,0.397,0.401,0.418,0.378,-3.17%
2024/8/12,0.41,0.436,0.439,0.403,-4.21%
2024/8/9,0.428,0.433,0.438,0.423,-1.15%
2024/8/8,0.433,0.441,0.441,0.401,-2.91%
2024/8/7,0.446,0.431,0.465,0.423,10.67%
2024/8/6,0.403,0.416,0.429,0.377,4.95%
2024/8/5,0.384,0.367,0.416,0.35,-3.03%
2024/8/2,0.396,0.414,0.436,0.381,-12.20%
2024/7/31,0.451,0.492,0.493,0.449,-7.20%
2024/7/30,0.486,0.498,0.518,0.486,-2.99%
2024/7/29,0.501,0.52,0.52,0.475,-0.99%
2024/7/26,0.506,0.545,0.558,0.503,-5.07%
2024/7/25,0.533,0.562,0.562,0.491,-3.27%
2024/7/24,0.551,0.551,0.556,0.511,0.55%
2024/7/23,0.548,0.578,0.589,0.531,-4.53%
2024/7/22,0.574,0.586,0.596,0.574,-1.54%
2024/7/19,0.583,0.581,0.594,0.551,3.37%
2024/7/18,0.564,0.562,0.582,0.538,1.62%
2024/7/17,0.555,0.578,0.578,0.54,-1.60%
2024/7/16,0.564,0.569,0.585,0.546,-2.93%
2024/7/15,0.581,0.609,0.614,0.576,-8.36%
2024/7/12,0.634,0.609,0.634,0.599,6.73%
2024/7/11,0.594,0.624,0.634,0.589,-2.14%
2024/7/10,0.607,0.637,0.637,0.607,-7.33%
2024/7/9,0.655,0.652,0.657,0.637,1.24%
2024/7/8,0.647,0.692,0.694,0.645,-2.71%
2024/7/5,0.665,0.7,0.7,0.665,-5.00%
2024/7/4,0.7,0.68,0.7,0.667,2.94%
2024/7/3,0.68,0.694,0.702,0.648,-6.34%
2024/7/2,0.726,0.678,0.738,0.663,10.50%
2024/7/1,0.657,0.624,0.657,0.576,21.22%
2024/6/28,0.542,0.596,0.596,0.539,-9.82%
2024/6/27,0.601,0.642,0.642,0.598,0.33%
2024/6/26,0.599,0.602,0.605,0.577,-2.28%
2024/6/25,0.613,0.622,0.622,0.566,-2.85%
2024/6/24,0.631,0.639,0.639,0.62,-1.25%
2024/6/21,0.639,0.64,0.644,0.604,-3.03%
2024/6/20,0.659,0.709,0.709,0.651,-6.39%
2024/6/19,0.704,0.702,0.716,0.699,-0.14%
2024/6/18,0.705,0.708,0.722,0.697,-0.28%
2024/6/17,0.707,0.729,0.732,0.692,-0.42%
2024/6/14,0.71,0.768,0.768,0.698,-9.78%
2024/6/13,0.787,0.81,0.81,0.785,-1.63%
2024/6/12,0.8,0.846,0.862,0.8,-6.87%
2024/6/11,0.859,0.876,0.904,0.843,-2.28%
2024/6/10,0.879,0.856,0.899,0.856,0.92%
2024/6/7,0.871,0.836,0.871,0.828,7.53%
2024/6/6,0.81,0.847,0.87,0.8,-1.10%
2024/6/5,0.819,0.882,0.882,0.819,-4.66%
2024/6/4,0.859,0.919,0.919,0.811,-2.16%
2024/6/3,0.878,0.893,0.929,0.861,-1.57%
2024/5/31,0.892,0.918,0.946,0.89,-2.73%
2024/5/30,0.917,0.883,0.939,0.871,3.73%
2024/5/29,0.884,0.831,0.884,0.83,8.33%
2024/5/28,0.816,0.822,0.829,0.784,-1.81%
2024/5/27,0.831,0.831,0.831,0.795,0.00%
2024/5/24,0.831,0.831,0.831,0.783,0.00%
2024/5/23,0.831,0.817,0.831,0.772,5.99%
2024/5/22,0.784,0.808,0.808,0.782,1.55%
2024/5/21,0.772,0.795,0.799,0.745,1.58%
2024/5/17,0.76,0.76,0.782,0.753,2.70%
2024/5/16,0.74,0.772,0.774,0.717,0.68%
2024/5/15,0.735,0.823,0.826,0.728,-6.37%
2024/5/14,0.785,0.787,0.799,0.731,3.02%
2024/5/13,0.762,0.748,0.771,0.743,-7.86%
2024/5/10,0.827,0.803,0.827,0.728,13.13%
2024/5/8,0.731,0.736,0.796,0.712,5.48%
2024/5/7,0.693,0.698,0.716,0.684,-5.20%
2024/5/6,0.731,0.691,0.731,0.688,-2.66%
2024/5/3,0.751,0.72,0.78,0.701,-2.09%
2024/5/2,0.767,0.725,0.767,0.715,2.13%
2024/4/30,0.751,0.715,0.751,0.706,3.44%
2024/4/29,0.726,0.749,0.749,0.701,-3.20%
2024/4/26,0.75,0.792,0.792,0.74,-4.58%
2024/4/25,0.786,0.792,0.792,0.752,0.77%
2024/4/24,0.78,0.777,0.78,0.691,5.41%
2024/4/23,0.74,0.74,0.76,0.729,-1.33%
2024/4/22,0.75,0.785,0.785,0.748,-4.94%
2024/4/19,0.789,0.755,0.794,0.729,5.76%
2024/4/18,0.746,0.763,0.763,0.709,0.95%
2024/4/17,0.739,0.791,0.798,0.729,-1.20%
2024/4/16,0.748,0.742,0.771,0.717,3.89%
2024/4/15,0.72,0.694,0.733,0.694,4.65%
2024/4/12,0.688,0.763,0.763,0.642,-10.07%
2024/4/11,0.765,0.738,0.77,0.715,6.10%
2024/4/10,0.721,0.7,0.785,0.665,1.55%
2024/4/9,0.71,0.742,0.743,0.7,-4.70%
2024/4/8,0.745,0.715,0.745,0.715,0.95%
2024/4/5,0.738,0.692,0.738,0.692,3.07%
2024/4/4,0.716,0.745,0.784,0.693,-4.28%
2024/4/3,0.748,0.719,0.748,0.697,0.94%
2024/4/2,0.741,0.721,0.743,0.707,4.22%
2024/3/28,0.711,0.735,0.735,0.648,5.65%
2024/3/27,0.673,0.652,0.673,0.633,-3.58%
2024/3/26,0.698,0.697,0.698,0.644,5.92%
2024/3/25,0.659,0.73,0.739,0.634,3.29%
2024/3/22,0.638,0.631,0.647,0.621,-10.89%
2024/3/21,0.716,0.711,0.761,0.649,0.56%
2024/3/20,0.712,0.737,0.781,0.703,-11.99%
2024/3/19,0.809,0.879,0.879,0.733,-2.65%
2024/3/18,0.831,0.873,0.873,0.778,4.27%
2024/3/15,0.797,0.785,0.797,0.749,1.79%
2024/3/14,0.783,0.719,0.788,0.701,1.56%
2024/3/13,0.771,0.737,0.771,0.699,-0.90%
2024/3/12,0.778,0.734,0.779,0.729,5.28%
2024/3/11,0.739,0.718,0.741,0.693,2.92%
2024/3/8,0.718,0.723,0.728,0.694,-1.24%
2024/3/7,0.727,0.779,0.784,0.687,-5.22%
2024/3/6,0.767,0.757,0.767,0.728,3.23%
2024/3/5,0.743,0.796,0.796,0.733,-7.47%
2024/3/4,0.803,0.814,0.833,0.793,-1.23%
2024/3/1,0.813,0.842,0.85,0.805,0.00%
2024/2/29,0.813,0.86,0.9,0.813,-6.01%
2024/2/28,0.865,0.879,0.88,0.816,-1.82%
2024/2/27,0.881,0.903,0.903,0.847,2.92%
2024/2/26,0.856,0.831,0.856,0.796,4.90%
2024/2/23,0.816,0.867,0.871,0.816,-4.11%
2024/2/22,0.851,0.9,0.92,0.836,-4.70%
2024/2/21,0.893,0.86,0.893,0.846,3.36%
2024/2/20,0.864,0.914,0.918,0.846,-5.57%
2024/2/19,0.915,0.935,0.935,0.893,-1.72%
2024/2/16,0.931,0.925,0.962,0.89,6.40%
2024/2/15,0.875,0.897,0.897,0.855,-4.48%
2024/2/14,0.916,0.894,0.959,0.875,0.99%
2024/2/13,0.907,1.008,1.008,0.883,-5.22%
2024/2/12,0.957,1.024,1.024,0.936,-2.25%
2024/2/9,0.979,0.968,0.98,0.904,3.93%
2024/2/8,0.942,0.997,0.997,0.912,2.73%
2024/2/7,0.917,0.97,0.97,0.889,-1.82%
2024/2/6,0.934,0.92,0.942,0.891,0.32%
2024/2/5,0.931,0.887,0.931,0.851,9.92%
2024/2/2,0.847,0.865,0.867,0.785,3.55%
2024/2/1,0.818,0.872,0.872,0.792,-4.33%
2024/1/31,0.855,0.883,0.883,0.807,-6.56%
2024/1/30,0.915,0.897,0.919,0.837,2.35%
2024/1/29,0.894,0.897,0.897,0.837,-2.51%
2024/1/26,0.917,0.895,0.917,0.851,2.23%
2024/1/25,0.897,0.958,0.968,0.869,-4.78%
2024/1/24,0.942,0.931,0.947,0.911,0.43%
2024/1/23,0.938,0.915,0.938,0.897,4.80%
2024/1/22,0.895,0.89,0.895,0.87,0.00%
2024/1/19,0.895,0.896,0.912,0.855,0.22%
2024/1/18,0.893,0.89,0.912,0.87,-1.22%
2024/1/17,0.904,0.848,0.906,0.837,9.18%
2024/1/16,0.828,0.866,0.866,0.813,-1.08%
2024/1/15,0.837,0.856,0.868,0.826,-1.30%
2024/1/12,0.848,0.84,0.85,0.808,-4.72%
2024/1/11,0.89,0.911,0.911,0.844,-0.11%
2024/1/10,0.891,0.872,0.891,0.831,1.95%
2024/1/9,0.874,0.874,0.91,0.859,5.68%
2024/1/8,0.827,0.862,0.895,0.826,-0.36%
2024/1/5,0.83,0.845,0.939,0.819,0.73%
2024/1/4,0.824,0.718,0.835,0.687,16.22%
2024/1/3,0.709,0.764,0.766,0.701,1.14%
2023/12/29,0.701,0.709,0.721,0.666,4.63%
2023/12/28,0.67,0.69,0.69,0.668,-2.05%
2023/12/27,0.684,0.711,0.711,0.665,-1.87%
2023/12/22,0.697,0.723,0.723,0.681,-1.97%
2023/12/21,0.711,0.713,0.715,0.654,5.96%
2023/12/20,0.671,0.636,0.671,0.617,2.44%
2023/12/19,0.655,0.635,0.671,0.621,1.39%
2023/12/18,0.646,0.636,0.656,0.613,5.21%
2023/12/15,0.614,0.683,0.683,0.597,-5.83%
2023/12/14,0.652,0.646,0.678,0.61,-11.53%
2023/12/13,0.737,0.725,0.737,0.694,0.41%
2023/12/12,0.734,0.762,0.762,0.724,-6.73%
2023/12/11,0.787,0.79,0.8,0.768,-0.76%
2023/12/8,0.793,0.752,0.8,0.698,6.44%
2023/12/7,0.745,0.757,0.769,0.725,0.68%
2023/12/6,0.74,0.744,0.776,0.722,1.79%
2023/12/5,0.727,0.72,0.755,0.717,-6.91%
2023/12/4,0.781,0.791,0.793,0.725,-1.26%
2023/12/1,0.791,0.869,0.869,0.789,-9.91%
2023/11/30,0.878,0.876,0.91,0.823,1.27%
2023/11/29,0.867,0.884,0.899,0.85,-5.45%
2023/11/28,0.917,0.91,0.98,0.894,-4.58%
2023/11/27,0.961,1.051,1.051,0.956,-7.24%
2023/11/24,1.036,1.023,1.047,1.009,2.98%
2023/11/23,1.006,0.964,1.013,0.907,3.39%
2023/11/22,0.973,0.999,1.002,0.934,1.78%
2023/11/21,0.956,0.955,0.983,0.95,-4.21%
2023/11/20,0.998,1.008,1.023,0.97,-0.70%
2023/11/17,1.005,0.98,1.005,0.957,-1.18%
2023/11/16,1.017,1.033,1.036,0.987,-2.77%
2023/11/15,1.046,1.062,1.073,1.022,0.97%
2023/11/14,1.036,1.105,1.124,1.035,-8.88%
2023/11/13,1.137,1.134,1.137,1.085,-2.15%
2023/11/10,1.162,1.148,1.185,1.127,4.59%
2023/11/9,1.111,1.114,1.121,1.057,1.37%
2023/11/8,1.096,1.174,1.197,1.096,-6.48%
2023/11/7,1.172,1.221,1.236,1.153,-2.09%
2023/11/6,1.197,1.155,1.217,1.146,6.49%
2023/11/3,1.124,1.164,1.186,1.108,-2.60%
2023/11/2,1.154,1.094,1.159,1.071,2.40%
2023/11/1,1.127,1.161,1.179,1.107,-0.44%
2023/10/31,1.132,1.088,1.132,1.061,0.80%
2023/10/30,1.123,1.097,1.132,1.072,-1.23%
2023/10/27,1.137,1.116,1.137,1.113,-1.81%
2023/10/26,1.158,1.174,1.181,1.117,0.35%
2023/10/25,1.154,1.103,1.154,1.083,4.72%
2023/10/24,1.102,1.148,1.148,1.079,-3.76%
2023/10/23,1.145,1.234,1.234,1.145,-2.39%
2023/10/20,1.173,1.191,1.196,1.16,-1.51%
2023/10/19,1.191,1.198,1.209,1.174,0.93%
2023/10/18,1.18,1.208,1.208,1.144,1.37%
2023/10/17,1.164,1.145,1.18,1.12,3.56%
2023/10/16,1.124,1.111,1.146,1.109,2.09%
2023/10/13,1.101,1.147,1.15,1.082,-3.51%
2023/10/12,1.141,1.099,1.141,1.082,3.82%
2023/10/11,1.099,1.131,1.131,1.045,-2.40%
2023/10/10,1.126,1.127,1.156,1.118,-0.71%
2023/10/9,1.134,1.147,1.185,1.109,-3.98%
2023/10/6,1.181,1.203,1.233,1.181,-1.58%
2023/10/5,1.2,1.175,1.211,1.17,0.33%
2023/10/4,1.196,1.154,1.208,1.145,3.55%
2023/10/3,1.155,1.144,1.155,1.112,0.96%
2023/10/2,1.144,1.138,1.144,1.102,4.67%
2023/9/29,1.093,1.169,1.169,1.086,-7.37%
2023/9/28,1.18,1.133,1.18,1.101,7.18%
2023/9/27,1.101,1.078,1.101,1.049,2.71%
2023/9/26,1.072,1.131,1.139,1.039,-4.46%
2023/9/25,1.122,1.104,1.128,1.095,2.94%
2023/9/22,1.09,1.081,1.102,1.056,0.93%
2023/9/21,1.08,1.142,1.26,1.027,-1.73%
2023/9/20,1.099,1.127,1.137,1.084,-2.57%
2023/9/19,1.128,1.095,1.128,1.082,-0.18%
2023/9/18,1.13,1.093,1.135,1.071,5.41%
2023/9/15,1.072,1.048,1.074,1.01,4.08%
2023/9/14,1.03,1.045,1.09,1.015,-3.38%
2023/9/13,1.066,1.11,1.143,1.057,-2.29%
2023/9/12,1.091,1.129,1.129,1.076,1.49%
2023/9/11,1.075,1.076,1.079,1.035,3.76%
2023/9/8,1.036,1.007,1.061,1.007,-2.17%
2023/9/7,1.059,1.048,1.059,1.009,3.12%
2023/9/6,1.027,0.988,1.032,0.978,4.37%
2023/9/5,0.984,0.96,0.984,0.951,-0.61%
2023/9/4,0.99,0.958,0.99,0.922,3.02%
2023/9/1,0.961,0.923,0.961,0.879,3.00%
2023/8/31,0.933,0.958,0.97,0.898,-1.17%
2023/8/30,0.944,0.985,0.985,0.935,-0.21%
2023/8/29,0.946,0.964,0.964,0.925,-2.27%
2023/8/28,0.968,0.994,1.005,0.956,-4.16%
2023/8/25,1.01,1.025,1.025,0.978,0.00%
2023/8/24,1.01,0.973,1.01,0.95,3.17%
2023/8/23,0.979,1.019,1.019,0.958,-5.50%
2023/8/22,1.036,1.063,1.065,1.027,-4.60%
2023/8/21,1.086,1.049,1.086,1.008,3.92%
2023/8/18,1.045,1.042,1.045,1.009,-4.91%
2023/8/17,1.099,1.082,1.099,1.009,5.88%
2023/8/16,1.038,1.055,1.055,1.015,-3.08%
2023/8/15,1.071,1.076,1.102,1.041,-0.28%
2023/8/14,1.074,1.074,1.08,1.039,-1.01%
2023/8/11,1.085,1.065,1.085,1.021,8.39%
2023/8/10,1.001,0.998,1.003,0.97,0.20%
2023/8/9,0.999,0.978,0.999,0.933,1.63%
2023/8/8,0.983,0.988,1,0.938,-7.35%
2023/8/7,1.061,1.03,1.061,1.027,2.41%
2023/8/4,1.036,1.063,1.082,1.02,-0.96%
2023/8/3,1.046,1.037,1.052,1.007,2.95%
2023/8/2,1.016,1.005,1.036,0.983,1.09%
2023/7/31,1.005,1.005,1.005,0.988,-0.10%
2023/7/28,1.006,1.06,1.06,0.969,4.47%
2023/7/27,0.963,0.978,0.98,0.918,-1.13%
2023/7/26,0.974,0.942,0.976,0.94,0.93%
2023/7/25,0.965,0.984,0.992,0.923,4.32%
2023/7/24,0.925,0.98,0.98,0.897,-4.24%
2023/7/21,0.966,0.955,0.967,0.936,-1.43%
2023/7/20,0.98,0.942,0.98,0.919,5.38%
2023/7/19,0.93,0.884,0.93,0.84,4.03%
2023/7/18,0.894,0.955,0.96,0.883,-8.50%
2023/7/17,0.977,1.007,1.007,0.927,-2.40%
2023/7/14,1.001,1.023,1.033,0.96,-2.25%
2023/7/13,1.024,1.045,1.045,0.959,-4.74%
2023/7/12,1.075,1.117,1.128,1.065,-5.37%
2023/7/11,1.136,1.094,1.136,1.074,2.81%
2023/7/10,1.105,1.093,1.132,1.077,2.41%
2023/7/7,1.079,1.092,1.092,1.006,6.10%
2023/7/6,1.017,0.965,1.074,0.942,8.31%
2023/7/5,0.939,0.939,0.944,0.863,-1.05%
2023/7/4,0.949,0.964,0.969,0.915,-0.84%
2023/7/3,0.957,0.994,0.994,0.886,-0.83%
2023/6/30,0.965,1.014,1.019,0.948,-1.73%
2023/6/29,0.982,0.95,0.985,0.906,3.37%
2023/6/28,0.95,0.927,0.95,0.875,0.32%
2023/6/27,0.947,0.921,0.947,0.877,5.34%
2023/6/26,0.899,0.964,0.964,0.886,-6.84%
2023/6/23,0.965,1.026,1.037,0.932,-7.21%
2023/6/22,1.04,0.978,1.04,0.933,7.55%
2023/6/21,0.967,1.043,1.043,0.92,-2.62%
2023/6/20,0.993,1.029,1.043,0.941,-6.23%
2023/6/19,1.059,1.015,1.073,0.995,-0.94%
2023/6/16,1.069,1.137,1.157,1.01,0.56%
2023/6/15,1.063,1.126,1.126,1.019,5.14%
2023/6/14,1.011,0.983,1.097,0.935,5.20%
2023/6/13,0.961,0.925,0.961,0.905,-5.51%
2023/6/12,1.017,0.971,1.017,0.884,2.83%
2023/6/9,0.989,0.974,0.996,0.92,-10.25%
2023/6/8,1.102,0.966,1.102,0.931,1.75%
2023/6/7,1.083,0.96,1.083,0.87,21.28%
2023/6/6,0.893,1.046,1.046,0.873,-12.19%
2023/6/5,1.017,1.005,1.032,0.901,16.36%
2023/6/2,0.874,0.906,0.906,0.854,-2.13%
2023/6/1,0.893,0.963,0.971,0.849,-6.20%
2023/5/31,0.952,0.969,0.976,0.859,-0.52%
2023/5/30,0.957,1.009,1.013,0.957,-15.91%
2023/5/26,1.138,1.123,1.14,0.956,5.86%
2023/5/25,1.075,1.034,1.077,1.034,4.07%
2023/5/24,1.033,1.033,1.033,1.031,0.00%
2023/5/23,1.033,1.033,1.033,1.033,0.00%
2023/5/22,1.033,1.046,1.046,0.989,-1.24%
2023/5/19,1.046,1.019,1.074,1.006,2.65%
2023/5/17,1.019,0.99,1.019,0.938,3.03%
2023/5/16,0.989,0.988,0.99,0.962,-2.75%
2023/5/15,1.017,1.023,1.023,0.89,3.46%
2023/5/12,0.983,1.038,1.038,0.946,1.97%
2023/5/11,0.964,1.047,1.047,0.925,-10.41%
2023/5/10,1.076,1.133,1.14,1.037,-2.62%
2023/5/9,1.105,1.139,1.139,1.042,-3.16%
2023/5/8,1.141,1.129,1.141,1.086,2.06%
2023/5/5,1.118,1.085,1.118,1.062,5.87%
2023/5/4,1.056,1.122,1.129,1.036,-4.09%
2023/5/3,1.101,1.047,1.104,1.032,7.31%
2023/5/2,1.026,1.147,1.147,1.011,-6.04%
2023/4/28,1.092,1.158,1.158,1.065,-5.21%
2023/4/27,1.152,1.134,1.152,1.066,4.54%
2023/4/26,1.102,1.079,1.104,1.045,1.19%
2023/4/25,1.089,1.147,1.159,1.043,-7.24%
2023/4/24,1.174,1.076,1.174,1.076,1.29%
2023/4/21,1.159,1.105,1.163,1.04,5.94%
2023/4/20,1.094,1.166,1.166,1.082,-7.91%
2023/4/19,1.188,1.15,1.188,1.077,8.20%
2023/4/18,1.098,1.12,1.127,1.058,-5.59%
2023/4/17,1.163,1.08,1.163,1.08,-2.02%
2023/4/14,1.187,1.087,1.187,1.026,10.21%
2023/4/13,1.077,0.997,1.077,0.976,7.16%
2023/4/12,1.005,1.217,1.264,0.977,-17.76%
2023/4/11,1.222,1.206,1.229,1.173,7.95%
2023/4/6,1.132,1.176,1.188,1.11,-3.00%
2023/4/5,1.167,1.268,1.268,1.146,-4.58%
2023/4/4,1.223,1.226,1.304,1.218,-0.24%
2023/4/3,1.226,1.272,1.274,1.202,0.08%
2023/3/31,1.225,1.214,1.239,1.189,0.91%
2023/3/30,1.214,1.194,1.214,1.145,0.08%
2023/3/29,1.213,1.16,1.242,1.16,4.57%
2023/3/28,1.16,1.238,1.238,1.16,-0.68%
2023/3/27,1.168,1.205,1.212,1.116,1.83%
2023/3/24,1.147,1.141,1.15,1.041,-0.61%
2023/3/23,1.154,1.089,1.185,1.089,-4.71%
2023/3/22,1.211,1.161,1.211,1.07,7.64%
2023/3/21,1.125,0.973,1.125,0.96,14.80%
2023/3/20,0.98,0.966,1.09,0.849,1.45%
2023/3/17,0.966,1.058,1.102,0.891,-8.70%
2023/3/16,1.058,1.134,1.177,0.985,2.42%
2023/3/15,1.033,1.274,1.277,1.021,-16.76%
2023/3/14,1.241,1.125,1.241,1.077,7.73%
2023/3/13,1.152,1.333,1.339,1.073,-15.29%
2023/3/10,1.36,1.318,1.368,1.296,-3.75%
2023/3/9,1.413,1.456,1.461,1.413,-1.33%
2023/3/8,1.432,1.541,1.547,1.401,-5.04%
2023/3/7,1.508,1.515,1.546,1.503,-1.44%
2023/3/6,1.53,1.484,1.546,1.472,1.80%
2023/3/3,1.503,1.525,1.544,1.502,-4.08%
2023/3/2,1.567,1.527,1.567,1.471,4.61%
2023/3/1,1.498,1.491,1.499,1.425,3.31%
2023/2/28,1.45,1.43,1.505,1.429,1.40%
2023/2/27,1.43,1.434,1.444,1.385,1.56%
2023/2/24,1.408,1.434,1.452,1.358,1.15%
2023/2/23,1.392,1.479,1.482,1.392,-3.06%
2023/2/22,1.436,1.451,1.48,1.431,-0.42%
2023/2/21,1.442,1.439,1.447,1.389,3.67%
2023/2/20,1.391,1.407,1.426,1.379,-2.52%
2023/2/17,1.427,1.39,1.469,1.39,2.74%
2023/2/16,1.389,1.389,1.389,1.386,0.07%
2023/2/15,1.388,1.388,1.388,1.375,0.00%
2023/2/14,1.388,1.388,1.388,1.326,1.46%
2023/2/13,1.368,1.388,1.388,1.353,-1.44%
2023/2/10,1.388,1.359,1.388,1.342,4.60%
2023/2/9,1.327,1.346,1.348,1.283,-4.19%
2023/2/8,1.385,1.37,1.406,1.358,2.06%
2023/2/7,1.357,1.311,1.362,1.309,3.51%
2023/2/6,1.311,1.259,1.311,1.234,5.64%
2023/2/3,1.241,1.118,1.258,1.118,12.92%
2023/2/2,1.099,1.201,1.222,1.099,-12.98%
2023/2/1,1.263,1.29,1.29,1.237,0.00%
2023/1/31,1.263,1.286,1.286,1.238,-1.48%
2023/1/30,1.282,1.282,1.298,1.219,3.22%
2023/1/27,1.242,1.3,1.3,1.218,2.22%
2023/1/26,1.215,1.258,1.258,1.18,1.93%
2023/1/25,1.192,1.207,1.207,1.134,-1.24%
2023/1/24,1.207,1.296,1.296,1.205,-1.95%
2023/1/23,1.231,1.25,1.255,1.178,2.33%
2023/1/20,1.203,1.089,1.203,1.089,11.49%
2023/1/19,1.079,1.082,1.089,1.046,1.41%
2023/1/18,1.064,1.072,1.116,1.023,-2.30%
2023/1/17,1.089,1.183,1.183,1.053,-3.29%
2023/1/16,1.126,1.132,1.168,1.105,0.09%
2023/1/13,1.125,1.156,1.182,1.087,-2.85%
2023/1/12,1.158,1.244,1.249,1.136,-10.44%
2023/1/11,1.293,1.379,1.393,1.253,-8.10%
2023/1/10,1.407,1.344,1.424,1.344,7.57%
2023/1/9,1.308,1.324,1.35,1.308,0.77%
2023/1/6,1.298,1.46,1.462,1.298,-9.23%
2023/1/5,1.43,1.382,1.449,1.38,4.76%
2023/1/4,1.365,1.453,1.453,1.345,-6.57%
2023/1/3,1.461,1.595,1.595,1.428,-9.98%
2022/12/30,1.623,1.515,1.623,1.515,4.64%
2022/12/29,1.551,1.555,1.586,1.533,-2.51%
2022/12/28,1.591,1.574,1.599,1.508,-0.25%
2022/12/27,1.595,1.541,1.595,1.541,6.12%
2022/12/23,1.503,1.489,1.527,1.47,0.94%
2022/12/22,1.489,1.47,1.541,1.435,-2.23%
2022/12/21,1.523,1.423,1.523,1.421,4.39%
2022/12/20,1.459,1.345,1.459,1.31,13.45%
2022/12/19,1.286,1.26,1.286,1.26,0.00%
2022/12/16,1.286,1.243,1.286,1.238,6.02%
2022/12/15,1.213,1.178,1.232,1.111,5.30%
2022/12/14,1.152,1.17,1.207,1.147,-1.54%
2022/12/13,1.17,1.27,1.27,1.143,-2.01%
2022/12/12,1.194,1.202,1.202,1.143,0.93%
2022/12/9,1.183,1.095,1.183,1.043,11.92%
2022/12/8,1.057,1.063,1.079,1.03,2.72%
2022/12/7,1.029,0.974,1.077,0.974,2.80%
2022/12/6,1.001,1.105,1.105,0.996,-7.83%
2022/12/5,1.086,1.056,1.086,1.025,3.82%
2022/12/2,1.046,1.055,1.073,0.99,-0.57%
2022/12/1,1.052,1.094,1.094,1.026,-5.90%
2022/11/30,1.118,1.074,1.138,1.074,5.47%
2022/11/29,1.06,1.015,1.066,1.002,1.05%
2022/11/28,1.049,1.027,1.085,1.021,-2.24%
2022/11/25,1.073,0.954,1.075,0.954,13.07%
2022/11/24,0.949,0.963,0.975,0.928,-4.33%
2022/11/23,0.992,1.029,1.052,0.992,-2.36%
2022/11/22,1.016,1.045,1.045,1,2.01%
2022/11/21,0.996,1.036,1.062,0.984,-4.87%
2022/11/18,1.047,1.057,1.113,1.018,-2.42%
2022/11/17,1.073,1.028,1.073,0.989,3.67%
2022/11/16,1.035,1.126,1.126,1.012,-4.26%
2022/11/15,1.081,1.122,1.135,1.069,-4.17%
2022/11/14,1.128,1.098,1.13,1.053,1.08%
2022/11/11,1.116,1.009,1.121,1.004,14.23%
2022/11/10,0.977,1.091,1.127,0.958,-10.69%
2022/11/9,1.094,1.139,1.158,1.077,-3.95%
2022/11/8,1.139,1.222,1.242,1.127,-5.79%
2022/11/7,1.209,1.226,1.25,1.156,-1.87%
2022/11/4,1.232,1.199,1.232,1.141,0.41%
2022/11/3,1.227,1.276,1.276,1.133,6.42%
2022/11/2,1.153,1.163,1.187,1.106,-0.26%
2022/11/1,1.156,1.113,1.165,1.072,-2.28%
2022/10/31,1.183,1.147,1.183,1.069,4.97%
2022/10/28,1.127,1.046,1.183,1.039,4.06%
2022/10/27,1.083,1.194,1.237,1.069,-10.57%
2022/10/26,1.211,1.216,1.255,1.164,-1.54%
2022/10/25,1.23,1.257,1.294,1.185,-8.89%
2022/10/24,1.35,1.291,1.355,1.233,-1.39%
2022/10/21,1.369,1.398,1.419,1.319,1.26%
2022/10/20,1.352,1.338,1.353,1.255,2.35%
2022/10/19,1.321,1.282,1.326,1.272,5.09%
2022/10/18,1.257,1.285,1.348,1.242,-5.56%
2022/10/17,1.331,1.314,1.331,1.269,-4.11%
2022/10/14,1.388,1.279,1.388,1.239,-0.64%
2022/10/13,1.397,1.447,1.494,1.34,-6.12%
2022/10/12,1.488,1.491,1.523,1.47,0.07%
2022/10/11,1.487,1.475,1.542,1.444,-1.06%
2022/10/10,1.503,1.376,1.535,1.34,8.44%
2022/10/7,1.386,1.287,1.394,1.287,12.14%
2022/10/6,1.236,1.161,1.242,1.13,9.09%
2022/10/5,1.133,1.005,1.175,0.989,14.91%
2022/10/4,0.986,1.078,1.088,0.913,-4.46%
2022/10/3,1.032,1.241,1.241,1.032,-16.57%
2022/9/30,1.237,1.285,1.285,1.183,-5.57%
2022/9/29,1.31,1.422,1.422,1.295,-2.89%
2022/9/28,1.349,1.569,1.594,1.349,-12.35%
2022/9/27,1.539,1.456,1.539,1.349,10.01%
2022/9/26,1.399,1.439,1.461,1.377,2.79%
2022/9/23,1.361,1.375,1.459,1.283,0.29%
2022/9/22,1.357,1.299,1.36,1.208,4.46%
2022/9/21,1.299,1.26,1.303,1.242,-0.08%
2022/9/20,1.3,1.13,1.3,1.124,16.49%
2022/9/19,1.116,1.086,1.148,1.057,-1.15%
2022/9/16,1.129,1.093,1.129,1.064,4.34%
2022/9/15,1.082,1.09,1.134,1.074,1.50%
2022/9/14,1.066,1.073,1.154,1.023,-2.11%
2022/9/13,1.089,0.993,1.102,0.961,11.01%
2022/9/12,0.981,1.048,1.064,0.967,-4.66%
2022/9/9,1.029,1.001,1.052,0.973,6.96%
2022/9/8,0.962,0.883,1.053,0.879,4.11%
2022/9/7,0.924,0.993,0.993,0.891,-4.74%
2022/9/6,0.97,0.948,0.998,0.874,5.21%
2022/9/5,0.922,0.873,0.923,0.811,5.49%
2022/9/2,0.874,0.877,0.933,0.837,0.11%
2022/9/1,0.873,0.897,0.909,0.867,2.11%
2022/8/31,0.855,0.822,0.899,0.731,6.61%
2022/8/30,0.802,0.836,0.868,0.758,-7.60%
2022/8/29,0.868,0.949,0.984,0.868,2.72%
2022/8/26,0.845,0.819,0.854,0.785,6.16%
2022/8/25,0.796,0.842,0.851,0.776,-6.46%
2022/8/24,0.851,0.777,0.854,0.777,6.64%
2022/8/23,0.798,0.756,0.809,0.718,9.62%
2022/8/22,0.728,0.689,0.745,0.606,5.66%
2022/8/19,0.689,0.618,0.689,0.579,24.59%
2022/8/18,0.553,0.566,0.566,0.491,8.86%
2022/8/17,0.508,0.493,0.565,0.448,3.46%
2022/8/16,0.491,0.392,0.491,0.389,14.99%
2022/8/15,0.427,0.496,0.501,0.382,-15.11%
2022/8/12,0.503,0.495,0.509,0.466,0.60%
2022/8/11,0.5,0.48,0.5,0.414,13.12%
2022/8/10,0.442,0.525,0.525,0.411,-11.95%
2022/8/9,0.502,0.523,0.526,0.477,5.68%
2022/8/8,0.475,0.542,0.542,0.463,-12.36%
2022/8/5,0.542,0.419,0.542,0.415,28.74%
2022/8/4,0.421,0.5,0.503,0.405,-12.11%
2022/8/3,0.479,0.46,0.51,0.44,8.37%
2022/8/2,0.442,0.369,0.46,0.343,-3.70%
2022/7/29,0.459,0.44,0.51,0.43,7.75%
2022/7/28,0.426,0.621,0.621,0.426,-21.69%
2022/7/27,0.544,0.592,0.61,0.536,-6.53%
2022/7/26,0.582,0.638,0.65,0.547,-13.00%
2022/7/25,0.669,0.71,0.717,0.643,-4.56%
2022/7/22,0.701,0.84,0.84,0.645,-14.51%
2022/7/21,0.82,0.9,0.922,0.82,-1.91%
2022/7/20,0.836,0.855,0.873,0.778,-6.70%
2022/7/19,0.896,0.779,0.896,0.766,5.41%
2022/7/18,0.85,0.791,0.85,0.762,15.80%
2022/7/15,0.734,0.696,0.772,0.653,-3.80%
2022/7/14,0.763,0.727,0.781,0.678,5.24%
2022/7/13,0.725,0.816,0.826,0.674,-8.46%
2022/7/12,0.792,0.906,0.908,0.766,-12.39%
2022/7/11,0.904,0.936,0.939,0.87,-1.74%
2022/7/8,0.92,0.857,0.925,0.857,7.35%
2022/7/7,0.857,0.798,0.87,0.798,7.39%
2022/7/6,0.798,0.84,0.854,0.773,-3.97%
2022/7/5,0.831,0.919,0.926,0.823,-10.06%
2022/7/4,0.924,0.889,0.945,0.889,3.94%
2022/7/1,0.889,1.051,1.085,0.873,-13.35%
2022/6/30,1.026,1.24,1.255,1.026,-17.46%
2022/6/29,1.243,1.324,1.395,1.243,-11.15%
2022/6/28,1.399,1.356,1.454,1.35,3.32%
2022/6/27,1.354,1.309,1.388,1.294,3.75%
2022/6/24,1.305,1.251,1.305,1.192,2.59%
2022/6/23,1.272,1.395,1.397,1.172,-7.42%
2022/6/22,1.374,1.419,1.419,1.357,-5.63%
2022/6/21,1.456,1.464,1.484,1.439,-0.95%
2022/6/20,1.47,1.415,1.47,1.344,5.30%
2022/6/17,1.396,1.461,1.506,1.356,-5.74%
2022/6/16,1.481,1.322,1.604,1.31,9.79%
2022/6/15,1.349,1.534,1.534,1.297,-5.07%
2022/6/14,1.421,1.136,1.421,1.128,9.56%
2022/6/13,1.297,1.136,1.304,1.128,13.08%
2022/6/10,1.147,1.082,1.153,1.05,4.65%
2022/6/9,1.096,1.069,1.104,1.022,3.69%
2022/6/8,1.057,1.043,1.085,1.038,3.83%
2022/6/7,1.018,1.072,1.072,1.015,-2.40%
2022/6/3,1.043,0.99,1.051,0.988,4.40%
2022/6/2,0.999,0.941,0.999,0.933,6.73%
2022/6/1,0.936,0.899,0.936,0.887,3.20%
2022/5/31,0.907,0.846,0.907,0.805,10.07%
2022/5/30,0.824,0.797,0.827,0.779,9.57%
2022/5/27,0.752,0.792,0.795,0.723,4.01%
2022/5/25,0.723,0.745,0.748,0.688,3.14%
2022/5/24,0.701,0.728,0.746,0.698,-1.68%
2022/5/23,0.713,0.724,0.724,0.673,-0.83%
2022/5/20,0.719,0.73,0.756,0.69,2.57%
2022/5/19,0.701,0.78,0.78,0.671,-2.09%
2022/5/18,0.716,0.811,0.821,0.713,-11.28%
2022/5/17,0.807,0.785,0.813,0.764,6.18%
2022/5/16,0.76,0.747,0.798,0.728,-1.94%
2022/5/13,0.775,0.748,0.775,0.685,5.01%
2022/5/12,0.738,0.77,0.78,0.692,-18.00%
2022/5/11,0.9,0.951,0.973,0.864,-3.02%
2022/5/10,0.928,1.003,1.016,0.912,-6.55%
2022/5/9,0.993,0.966,1.038,0.966,-2.46%
2022/5/6,1.018,0.915,1.018,0.885,11.26%
2022/5/5,0.915,0.874,0.915,0.79,6.40%
2022/5/4,0.86,0.914,0.914,0.846,1.30%
2022/5/3,0.849,0.915,0.915,0.824,-4.82%
2022/5/2,0.892,0.835,0.91,0.835,6.83%
2022/4/29,0.835,0.853,0.884,0.823,-2.34%
2022/4/28,0.855,0.795,0.856,0.747,8.37%
2022/4/27,0.789,0.777,0.817,0.771,0.00%
2022/4/26,0.789,0.856,0.856,0.775,-5.28%
2022/4/25,0.833,0.904,0.904,0.833,-9.95%
2022/4/22,0.925,0.922,0.936,0.894,1.87%
2022/4/21,0.908,0.889,0.915,0.859,4.37%
2022/4/20,0.87,0.937,0.951,0.848,-8.71%
2022/4/19,0.953,0.887,0.963,0.867,11.85%
2022/4/14,0.852,0.824,0.859,0.763,5.45%
2022/4/13,0.808,0.913,0.937,0.779,-6.05%
2022/4/12,0.86,0.823,0.885,0.818,6.83%
2022/4/11,0.805,0.751,0.805,0.71,8.05%
2022/4/8,0.745,0.681,0.745,0.671,5.52%
2022/4/7,0.706,0.653,0.706,0.636,4.44%
2022/4/6,0.676,0.622,0.676,0.622,8.68%
2022/4/5,0.622,0.515,0.622,0.515,15.61%
2022/4/4,0.538,0.611,0.614,0.509,-12.52%
2022/4/1,0.615,0.634,0.651,0.599,3.71%
2022/3/31,0.593,0.705,0.705,0.58,-14.55%
2022/3/30,0.694,0.649,0.749,0.649,4.05%
2022/3/29,0.667,0.644,0.76,0.639,10.61%
2022/3/28,0.603,0.598,0.603,0.57,6.91%
2022/3/25,0.564,0.51,0.564,0.484,9.30%
2022/3/24,0.516,0.474,0.535,0.447,6.39%
2022/3/23,0.485,0.505,0.505,0.451,-0.61%
2022/3/22,0.488,0.475,0.521,0.473,10.41%
2022/3/21,0.442,0.414,0.447,0.388,12.76%
2022/3/18,0.392,0.401,0.403,0.362,-3.92%
2022/3/17,0.408,0.45,0.45,0.384,-6.64%
2022/3/16,0.437,0.438,0.458,0.41,14.10%
2022/3/15,0.383,0.375,0.409,0.368,-11.34%
2022/3/14,0.432,0.353,0.432,0.353,18.03%
2022/3/11,0.366,0.338,0.392,0.337,1.95%
2022/3/10,0.359,0.282,0.361,0.246,31.02%
2022/3/9,0.274,0.226,0.302,0.223,18.61%
2022/3/8,0.231,0.159,0.263,0.159,31.25%
2022/3/7,0.176,0.18,0.188,0.149,-3.30%
2022/3/4,0.182,0.183,0.205,0.165,-4.21%
2022/3/3,0.19,0.143,0.21,0.143,12.43%
2022/3/2,0.169,0.082,0.174,0.07,111.25%
2022/3/1,0.08,0.245,0.245,0.08,-69.58%
2022/2/28,0.263,0.318,0.318,0.258,-17.55%
2022/2/25,0.319,0.268,0.322,0.243,22.69%
2022/2/24,0.26,0.226,0.26,0.22,-8.13%
2022/2/23,0.283,0.264,0.297,0.255,5.99%
2022/2/22,0.267,0.202,0.27,0.193,8.10%
2022/2/21,0.247,0.258,0.272,0.22,-11.15%
2022/2/18,0.278,0.277,0.278,0.237,2.58%
2022/2/17,0.271,0.278,0.294,0.252,-13.42%
2022/2/16,0.313,0.347,0.347,0.265,-10.06%
2022/2/15,0.348,0.306,0.351,0.294,14.47%
2022/2/14,0.304,0.299,0.304,0.217,-9.52%
2022/2/11,0.336,0.293,0.336,0.248,19.15%
2022/2/10,0.282,0.254,0.282,0.241,13.25%
2022/2/9,0.249,0.308,0.308,0.245,-25.00%
2022/2/8,0.332,0.305,0.334,0.28,22.96%
2022/2/7,0.27,0.22,0.29,0.219,2.66%
2022/2/4,0.263,0.201,0.264,0.175,51.15%
2022/2/3,0.174,0.085,0.215,0.073,112.20%
2022/2/2,0.082,0.069,0.098,0.059,10.81%
2022/2/1,0.074,0.039,0.079,0.037,15.62%
2022/1/31,0.064,0.014,0.069,0.013,433.33%
2022/1/28,0.012,-0.003,0.021,-0.004,-180.00%
2022/1/27,-0.015,0.005,0.011,-0.017,-16.67%
2022/1/26,-0.018,-0.022,-0.014,-0.03,-45.45%
2022/1/25,-0.033,-0.04,-0.02,-0.048,-23.26%
2022/1/24,-0.043,-0.027,-0.024,-0.052,186.67%
2022/1/21,-0.015,-0.023,-0.015,-0.04,7.14%
2022/1/20,-0.014,0.025,0.025,-0.015,-200.00%
2022/1/19,0.014,0.03,0.038,0.008,180.00%
2022/1/18,0.005,0.011,0.028,0.002,-350.00%
2022/1/17,-0.002,-0.003,0.003,-0.015,-50.00%
2022/1/14,-0.004,-0.043,-0.004,-0.066,-92.16%
2022/1/13,-0.051,-0.016,-0.012,-0.054,75.86%
2022/1/12,-0.029,0.036,0.043,-0.029,-174.36%
2022/1/11,0.039,0.034,0.045,0.014,21.87%
2022/1/10,0.032,0.005,0.044,0.005,540.00%
2022/1/7,0.005,-0.03,0.005,-0.03,-126.32%
2022/1/6,-0.019,-0.049,-0.019,-0.066,-64.81%
2022/1/5,-0.054,-0.081,-0.046,-0.081,-38.64%
2022/1/4,-0.088,-0.099,-0.085,-0.111,-14.56%
2022/1/3,-0.103,-0.132,-0.103,-0.141,-23.70%
2021/12/30,-0.135,-0.141,-0.133,-0.155,-9.40%
2021/12/29,-0.149,-0.199,-0.149,-0.199,-19.46%
2021/12/28,-0.185,-0.199,-0.185,-0.213,-10.63%
2021/12/27,-0.207,-0.207,-0.207,-0.207,16.95%
2021/12/23,-0.177,-0.203,-0.177,-0.226,-12.38%
2021/12/22,-0.202,-0.225,-0.195,-0.251,-13.30%
2021/12/21,-0.233,-0.3,-0.233,-0.307,-22.59%
2021/12/20,-0.301,-0.289,-0.289,-0.323,4.51%
2021/12/17,-0.288,-0.269,-0.269,-0.31,7.46%
2021/12/16,-0.268,-0.283,-0.254,-0.293,-7.90%
2021/12/15,-0.291,-0.309,-0.288,-0.309,-4.90%
2021/12/14,-0.306,-0.326,-0.297,-0.326,-1.92%
2021/12/13,-0.312,-0.312,-0.311,-0.332,-1.27%
2021/12/10,-0.316,-0.295,-0.293,-0.318,1.94%
2021/12/9,-0.31,-0.283,-0.283,-0.313,11.51%
2021/12/8,-0.278,-0.294,-0.275,-0.344,-7.33%
2021/12/7,-0.3,-0.264,-0.257,-0.308,-0.99%
2021/12/6,-0.303,-0.292,-0.283,-0.307,7.07%
2021/12/3,-0.283,-0.283,-0.268,-0.287,1.80%
2021/12/2,-0.278,-0.239,-0.2,-0.284,12.10%
2021/12/1,-0.248,-0.239,-0.2,-0.248,4.64%
2021/11/30,-0.237,-0.218,-0.218,-0.256,20.30%
2021/11/29,-0.197,-0.233,-0.194,-0.237,-11.66%
2021/11/26,-0.223,-0.199,-0.19,-0.237,51.70%
2021/11/25,-0.147,-0.137,-0.137,-0.163,13.95%
2021/11/24,-0.129,-0.147,-0.127,-0.155,-16.77%
2021/11/23,-0.155,-0.168,-0.155,-0.179,-21.32%
2021/11/22,-0.197,-0.174,-0.174,-0.208,3.14%
2021/11/19,-0.191,-0.135,-0.133,-0.194,34.51%
2021/11/18,-0.142,-0.139,-0.139,-0.152,19.33%
2021/11/17,-0.119,-0.112,-0.104,-0.12,-0.83%
2021/11/16,-0.12,-0.109,-0.097,-0.13,14.29%
2021/11/15,-0.105,-0.159,-0.105,-0.17,-26.06%
2021/11/12,-0.142,-0.116,-0.111,-0.15,40.59%
2021/11/11,-0.101,-0.158,-0.101,-0.158,-45.41%
2021/11/10,-0.185,-0.212,-0.183,-0.216,-18.14%
2021/11/9,-0.226,-0.194,-0.184,-0.229,15.90%
2021/11/8,-0.195,-0.193,-0.185,-0.203,-1.02%
2021/11/5,-0.197,-0.152,-0.143,-0.205,33.11%
2021/11/4,-0.148,-0.108,-0.106,-0.169,39.62%
2021/11/3,-0.106,-0.103,-0.102,-0.138,-3.64%
2021/11/2,-0.11,-0.044,-0.039,-0.11,-1671.43%
2021/11/1,0.007,-0.05,0.011,-0.05,-216.67%
2021/10/29,-0.006,-0.048,0.013,-0.071,-93.33%
2021/10/28,-0.09,-0.138,-0.072,-0.139,-38.36%
2021/10/27,-0.146,-0.098,-0.091,-0.148,58.70%
2021/10/26,-0.092,-0.068,-0.063,-0.102,27.78%
2021/10/25,-0.072,-0.052,-0.044,-0.072,30.91%
2021/10/22,-0.055,-0.055,-0.041,-0.065,-19.12%
2021/10/21,-0.068,-0.086,-0.066,-0.088,-20.00%
2021/10/20,-0.085,-0.069,-0.064,-0.091,10.39%
2021/10/19,-0.077,-0.094,-0.063,-0.112,-18.09%
2021/10/18,-0.094,-0.107,-0.072,-0.108,-3.09%
2021/10/15,-0.097,-0.153,-0.097,-0.153,-39.37%
2021/10/14,-0.16,-0.106,-0.101,-0.161,45.45%
2021/10/13,-0.11,-0.041,-0.04,-0.111,175.00%
2021/10/12,-0.04,-0.041,-0.04,-0.075,-25.93%
2021/10/11,-0.054,-0.078,-0.051,-0.078,-41.30%
2021/10/8,-0.092,-0.113,-0.092,-0.123,-33.33%
2021/10/7,-0.138,-0.128,-0.128,-0.148,1.47%
2021/10/6,-0.136,-0.105,-0.101,-0.146,7.09%
2021/10/5,-0.127,-0.177,-0.127,-0.187,-21.60%
2021/10/4,-0.162,-0.196,-0.162,-0.196,-9.50%
2021/10/1,-0.179,-0.195,-0.177,-0.2,5.29%
2021/9/30,-0.17,-0.176,-0.151,-0.192,-10.05%
2021/9/29,-0.189,-0.134,-0.134,-0.193,35.00%
2021/9/28,-0.14,-0.138,-0.127,-0.15,1.45%
2021/9/27,-0.138,-0.163,-0.129,-0.171,-15.34%
2021/9/24,-0.163,-0.191,-0.163,-0.191,-16.41%
2021/9/23,-0.195,-0.242,-0.195,-0.247,-20.08%
2021/9/22,-0.244,-0.216,-0.216,-0.277,-1.21%
2021/9/21,-0.247,-0.244,-0.227,-0.258,9.29%
2021/9/20,-0.226,-0.22,-0.22,-0.258,4.63%
2021/9/17,-0.216,-0.246,-0.213,-0.246,-2.26%
2021/9/16,-0.221,-0.25,-0.216,-0.25,-15.00%
2021/9/15,-0.26,-0.276,-0.26,-0.293,-0.76%
2021/9/14,-0.262,-0.273,-0.247,-0.282,-4.03%
2021/9/13,-0.273,-0.273,-0.268,-0.28,-0.73%
2021/9/10,-0.275,-0.306,-0.275,-0.306,-6.14%
2021/9/9,-0.293,-0.271,-0.269,-0.308,10.98%
2021/9/8,-0.264,-0.235,-0.235,-0.264,7.32%
2021/9/7,-0.246,-0.296,-0.246,-0.312,-21.41%
2021/9/6,-0.313,-0.317,-0.313,-0.329,-3.40%
2021/9/3,-0.324,-0.336,-0.314,-0.345,-1.82%
2021/9/2,-0.33,-0.313,-0.313,-0.34,5.43%
2021/9/1,-0.313,-0.336,-0.313,-0.336,-6.57%
2021/8/31,-0.335,-0.33,-0.33,-0.354,1.52%
2021/8/30,-0.33,-0.333,-0.33,-0.349,-2.37%
2021/8/27,-0.338,-0.338,-0.333,-0.348,-2.59%
2021/8/26,-0.347,-0.323,-0.323,-0.347,2.97%
2021/8/25,-0.337,-0.377,-0.337,-0.388,-11.08%
2021/8/24,-0.379,-0.373,-0.373,-0.396,1.07%
2021/8/23,-0.375,-0.369,-0.369,-0.393,-5.30%
2021/8/20,-0.396,-0.376,-0.376,-0.396,4.76%
2021/8/19,-0.378,-0.377,-0.377,-0.398,-1.56%
2021/8/18,-0.384,-0.374,-0.367,-0.392,2.40%
2021/8/17,-0.375,-0.393,-0.373,-0.404,-2.60%
2021/8/16,-0.385,-0.392,-0.375,-0.416,1.05%
2021/8/13,-0.381,-0.374,-0.362,-0.407,0.79%
2021/8/12,-0.378,-0.375,-0.375,-0.398,1.61%
2021/8/11,-0.372,-0.378,-0.372,-0.395,-2.87%
2021/8/10,-0.383,-0.39,-0.383,-0.405,1.86%
2021/8/9,-0.376,-0.4,-0.376,-0.404,-3.09%
2021/8/6,-0.388,-0.419,-0.378,-0.419,-7.62%
2021/8/5,-0.42,-0.414,-0.414,-0.439,0.72%
2021/8/4,-0.417,-0.398,-0.397,-0.436,4.25%
2021/8/3,-0.4,-0.395,-0.388,-0.416,2.30%
2021/8/2,-0.391,-0.371,-0.37,-0.393,4.55%
2021/7/30,-0.374,-0.366,-0.366,-0.38,3.60%
2021/7/29,-0.361,-0.333,-0.333,-0.368,0.84%
2021/7/28,-0.358,-0.37,-0.358,-0.377,-2.19%
2021/7/27,-0.366,-0.363,-0.363,-0.386,3.10%
2021/7/26,-0.355,-0.38,-0.355,-0.396,-2.20%
2021/7/23,-0.363,-0.363,-0.363,-0.376,-1.89%
2021/7/22,-0.37,-0.351,-0.347,-0.375,7.87%
2021/7/21,-0.343,-0.387,-0.343,-0.391,-9.02%
2021/7/20,-0.377,-0.341,-0.341,-0.398,3.01%
2021/7/19,-0.366,-0.335,-0.331,-0.371,16.93%
2021/7/16,-0.313,-0.307,-0.307,-0.323,3.64%
2021/7/15,-0.302,-0.313,-0.302,-0.325,13.96%
2021/7/14,-0.265,-0.22,-0.22,-0.305,1.92%
2021/7/13,-0.26,-0.261,-0.258,-0.278,-6.81%
2021/7/12,-0.279,-0.288,-0.27,-0.301,-3.46%
2021/7/9,-0.289,-0.286,-0.284,-0.303,-1.03%
2021/7/8,-0.292,-0.284,-0.284,-0.324,-2.67%
2021/7/7,-0.3,-0.264,-0.264,-0.311,10.70%
2021/7/6,-0.271,-0.21,-0.21,-0.271,38.97%
2021/7/5,-0.195,-0.242,-0.195,-0.248,-19.75%
2021/7/2,-0.243,-0.225,-0.222,-0.253,28.57%
2021/7/1,-0.189,-0.236,-0.189,-0.236,-20.92%
2021/6/30,-0.239,-0.182,-0.181,-0.253,26.46%
2021/6/29,-0.189,-0.199,-0.176,-0.214,-2.58%
2021/6/28,-0.194,-0.171,-0.171,-0.213,16.17%
2021/6/25,-0.167,-0.172,-0.167,-0.22,-24.77%
2021/6/24,-0.222,-0.174,-0.169,-0.223,26.14%
2021/6/23,-0.176,-0.162,-0.159,-0.208,7.98%
2021/6/22,-0.163,-0.183,-0.163,-0.205,-20.87%
2021/6/21,-0.206,-0.212,-0.206,-0.236,-4.19%
2021/6/18,-0.215,-0.2,-0.2,-0.232,6.44%
2021/6/17,-0.202,-0.162,-0.162,-0.209,-0.98%
2021/6/16,-0.204,-0.208,-0.204,-0.226,-1.92%
2021/6/15,-0.208,-0.224,-0.208,-0.244,-7.96%
2021/6/14,-0.226,-0.224,-0.224,-0.248,1.80%
2021/6/11,-0.222,-0.185,-0.185,-0.275,45.10%
2021/6/10,-0.153,-0.205,-0.153,-0.21,-8.93%
2021/6/9,-0.168,-0.14,-0.14,-0.217,15.86%
2021/6/8,-0.145,-0.133,-0.131,-0.18,14.17%
2021/6/7,-0.127,-0.137,-0.127,-0.168,-0.78%
2021/6/4,-0.128,-0.091,-0.089,-0.164,34.74%
2021/6/3,-0.095,-0.151,-0.09,-0.152,-27.48%
2021/6/2,-0.131,-0.11,-0.11,-0.171,11.97%
2021/6/1,-0.117,-0.157,-0.117,-0.168,-25.00%
2021/5/31,-0.156,-0.12,-0.12,-0.167,18.18%
2021/5/28,-0.132,-0.139,-0.132,-0.178,-14.29%
2021/5/27,-0.154,-0.188,-0.154,-0.213,-19.79%
2021/5/26,-0.192,-0.183,-0.183,-0.216,9.71%
2021/5/25,-0.175,-0.17,-0.168,-0.188,34.62%
2021/5/21,-0.13,-0.13,-0.13,-0.17,-0.76%
2021/5/20,-0.131,-0.11,-0.11,-0.137,21.30%
2021/5/19,-0.108,-0.079,-0.074,-0.141,30.12%
2021/5/18,-0.083,-0.121,-0.083,-0.137,-2.35%
2021/5/17,-0.085,-0.15,-0.083,-0.15,-34.62%
2021/5/14,-0.13,-0.13,-0.13,-0.142,9.24%
2021/5/12,-0.119,-0.142,-0.119,-0.161,-12.50%
2021/5/11,-0.136,-0.16,-0.136,-0.184,-32.00%
2021/5/10,-0.2,-0.183,-0.178,-0.213,-4.76%
2021/5/7,-0.21,-0.202,-0.188,-0.231,-0.94%
2021/5/6,-0.212,-0.205,-0.202,-0.226,2.42%
2021/5/5,-0.207,-0.199,-0.195,-0.242,-2.36%
2021/5/4,-0.212,-0.193,-0.182,-0.233,3.41%
2021/5/3,-0.205,-0.198,-0.188,-0.227,4.59%
2021/4/30,-0.196,-0.191,-0.191,-0.219,3.16%
2021/4/29,-0.19,-0.231,-0.19,-0.235,-16.67%
2021/4/28,-0.228,-0.221,-0.221,-0.242,-8.06%
2021/4/27,-0.248,-0.236,-0.236,-0.262,-0.40%
2021/4/26,-0.249,-0.187,-0.187,-0.261,-3.86%
2021/4/23,-0.259,-0.252,-0.248,-0.272,4.02%
2021/4/22,-0.249,-0.261,-0.249,-0.273,1.22%
2021/4/21,-0.246,-0.236,-0.235,-0.264,33.70%
2021/4/20,-0.184,-0.203,-0.184,-0.234,-19.65%
2021/4/19,-0.229,-0.241,-0.218,-0.241,1.78%
2021/4/16,-0.225,-0.226,-0.225,-0.251,-7.79%
2021/4/15,-0.244,-0.225,-0.225,-0.256,12.44%
2021/4/14,-0.217,-0.254,-0.217,-0.259,-8.05%
2021/4/13,-0.236,-0.247,-0.235,-0.255,-5.22%
2021/4/12,-0.249,-0.267,-0.249,-0.28,-4.96%
2021/4/9,-0.262,-0.285,-0.248,-0.289,-8.07%
2021/4/8,-0.285,-0.272,-0.272,-0.314,0.35%
2021/4/7,-0.284,-0.291,-0.284,-0.309,-1.39%
2021/4/6,-0.288,-0.3,-0.277,-0.31,-5.57%
2021/4/1,-0.305,-0.267,-0.266,-0.307,7.77%
2021/3/31,-0.283,-0.253,-0.253,-0.283,7.60%
2021/3/30,-0.263,-0.262,-0.253,-0.274,-1.87%
2021/3/29,-0.268,-0.316,-0.268,-0.329,-12.42%
2021/3/26,-0.306,-0.331,-0.306,-0.344,-7.27%
2021/3/25,-0.33,-0.322,-0.319,-0.353,5.10%
2021/3/24,-0.314,-0.306,-0.304,-0.328,4.32%
2021/3/23,-0.301,-0.276,-0.276,-0.309,43.33%
2021/3/22,-0.21,-0.278,-0.21,-0.285,-16.00%
2021/3/19,-0.25,-0.246,-0.229,-0.253,13.12%
2021/3/18,-0.221,-0.23,-0.211,-0.23,6.76%
2021/3/17,-0.207,-0.264,-0.207,-0.287,-24.18%
2021/3/16,-0.273,-0.271,-0.253,-0.289,6.23%
2021/3/15,-0.257,-0.254,-0.242,-0.273,5.33%
2021/3/12,-0.244,-0.273,-0.244,-0.285,-21.04%
2021/3/11,-0.309,-0.274,-0.274,-0.332,52.22%
2021/3/10,-0.203,-0.243,-0.203,-0.273,-16.80%
2021/3/9,-0.244,-0.243,-0.243,-0.285,20.79%
2021/3/8,-0.202,-0.202,-0.202,-0.255,0.50%
2021/3/5,-0.201,-0.237,-0.201,-0.27,-24.15%
2021/3/4,-0.265,-0.247,-0.247,-0.289,3.11%
2021/3/3,-0.257,-0.29,-0.251,-0.295,2.39%
2021/3/2,-0.251,-0.256,-0.247,-0.284,26.77%
2021/3/1,-0.198,-0.238,-0.198,-0.278,0.51%
2021/2/26,-0.197,-0.133,-0.133,-0.239,26.28%
2021/2/25,-0.156,-0.23,-0.156,-0.234,-32.76%
2021/2/24,-0.232,-0.264,-0.226,-0.27,-9.73%
2021/2/23,-0.257,-0.26,-0.236,-0.26,-4.46%
2021/2/22,-0.269,-0.214,-0.214,-0.278,13.98%
2021/2/19,-0.236,-0.238,-0.236,-0.261,-9.23%
2021/2/18,-0.26,-0.277,-0.259,-0.285,-6.81%
2021/2/17,-0.279,-0.224,-0.224,-0.285,22.37%
2021/2/16,-0.228,-0.286,-0.228,-0.297,-20.00%
2021/2/15,-0.285,-0.308,-0.282,-0.308,-13.90%
2021/2/12,-0.331,-0.365,-0.33,-0.37,-7.80%
2021/2/11,-0.359,-0.347,-0.345,-0.361,6.85%
2021/2/10,-0.336,-0.337,-0.322,-0.341,-0.88%
2021/2/9,-0.339,-0.346,-0.333,-0.354,-5.04%
2021/2/8,-0.357,-0.314,-0.314,-0.363,0.85%
2021/2/5,-0.354,-0.376,-0.349,-0.4,-8.76%
2021/2/4,-0.388,-0.404,-0.386,-0.411,-6.05%
2021/2/3,-0.413,-0.41,-0.406,-0.423,-0.96%
2021/2/2,-0.417,-0.442,-0.417,-0.442,-4.14%
2021/2/1,-0.435,-0.451,-0.433,-0.451,-1.81%
2021/1/29,-0.443,-0.452,-0.429,-0.467,-4.53%
2021/1/28,-0.464,-0.468,-0.456,-0.483,-0.85%
2021/1/27,-0.468,-0.412,-0.412,-0.491,2.63%
2021/1/26,-0.456,-0.468,-0.456,-0.478,-2.56%
2021/1/25,-0.468,-0.442,-0.44,-0.476,6.36%
2021/1/22,-0.44,-0.432,-0.432,-0.456,2.09%
2021/1/21,-0.431,-0.463,-0.429,-0.465,-6.91%
2021/1/20,-0.463,-0.46,-0.458,-0.468,11.03%
2021/1/19,-0.417,-0.458,-0.417,-0.463,-10.32%
2021/1/18,-0.465,-0.47,-0.462,-0.481,-1.06%
2021/1/15,-0.47,-0.479,-0.467,-0.487,-1.26%
2021/1/14,-0.476,-0.467,-0.464,-0.491,2.59%
2021/1/13,-0.464,-0.442,-0.426,-0.471,9.69%
2021/1/12,-0.423,-0.456,-0.419,-0.456,-0.94%
2021/1/11,-0.427,-0.478,-0.425,-0.509,-8.37%
2021/1/8,-0.466,-0.468,-0.466,-0.506,-4.70%
2021/1/7,-0.489,-0.492,-0.489,-0.513,1.24%
2021/1/6,-0.483,-0.49,-0.483,-0.515,-8.17%
2021/1/5,-0.526,-0.525,-0.523,-0.536,0.96%
2021/1/4,-0.521,-0.486,-0.485,-0.532,7.20%
2020/12/30,-0.486,-0.456,-0.456,-0.498,0.62%
2020/12/29,-0.483,-0.483,-0.483,-0.486,5.23%
2020/12/28,-0.459,-0.459,-0.459,-0.469,-1.92%
2020/12/23,-0.468,-0.499,-0.452,-0.499,-4.10%
2020/12/22,-0.488,-0.495,-0.484,-0.5,1.46%
2020/12/21,-0.481,-0.51,-0.481,-0.524,-3.02%
2020/12/18,-0.496,-0.508,-0.485,-0.508,-2.94%
2020/12/17,-0.511,-0.491,-0.481,-0.521,6.46%
2020/12/16,-0.48,-0.515,-0.48,-0.515,-6.98%
2020/12/15,-0.516,-0.52,-0.513,-0.523,4.24%
2020/12/14,-0.495,-0.523,-0.495,-0.53,-2.56%
2020/12/11,-0.508,-0.511,-0.508,-0.533,2.63%
2020/12/10,-0.495,-0.478,-0.478,-0.508,1.85%
2020/12/9,-0.486,-0.436,-0.436,-0.515,2.53%
2020/12/8,-0.474,-0.437,-0.437,-0.487,-0.21%
2020/12/7,-0.475,-0.458,-0.458,-0.487,7.47%
2020/12/4,-0.442,-0.489,-0.442,-0.499,-8.49%
2020/12/3,-0.483,-0.492,-0.481,-0.492,2.99%
2020/12/2,-0.469,-0.443,-0.443,-0.469,1.30%
2020/12/1,-0.463,-0.471,-0.459,-0.471,2.43%
2020/11/30,-0.452,-0.449,-0.449,-0.478,1.12%
2020/11/27,-0.447,-0.436,-0.436,-0.47,-1.11%
2020/11/26,-0.452,-0.436,-0.436,-0.46,0.44%
2020/11/25,-0.45,-0.407,-0.407,-0.458,2.51%
2020/11/24,-0.439,-0.437,-0.437,-0.447,-2.23%
2020/11/23,-0.449,-0.417,-0.417,-0.451,0.45%
2020/11/20,-0.447,-0.429,-0.429,-0.454,2.76%
2020/11/19,-0.435,-0.411,-0.411,-0.449,-7.84%
2020/11/18,-0.472,-0.472,-0.465,-0.484,-0.42%
2020/11/17,-0.474,-0.46,-0.46,-0.479,-1.04%
2020/11/16,-0.479,-0.484,-0.458,-0.502,-1.03%
2020/11/13,-0.484,-0.478,-0.478,-0.507,1.68%
2020/11/12,-0.476,-0.454,-0.44,-0.477,9.93%
2020/11/11,-0.433,-0.399,-0.399,-0.449,4.59%
2020/11/10,-0.414,-0.419,-0.402,-0.441,-6.55%
2020/11/9,-0.443,-0.492,-0.441,-0.537,-13.65%
2020/11/6,-0.513,-0.52,-0.512,-0.534,-1.16%
2020/11/5,-0.519,-0.495,-0.493,-0.53,1.37%
2020/11/4,-0.512,-0.511,-0.502,-0.544,0.79%
2020/11/3,-0.508,-0.499,-0.499,-0.537,1.20%
2020/11/2,-0.502,-0.548,-0.502,-0.553,-7.55%
2020/10/30,-0.543,-0.553,-0.532,-0.554,-1.81%
2020/10/29,-0.553,-0.521,-0.521,-0.563,1.65%
2020/10/28,-0.544,-0.53,-0.53,-0.582,3.62%
2020/10/27,-0.525,-0.502,-0.5,-0.533,4.58%
2020/10/26,-0.502,-0.508,-0.496,-0.539,-0.99%
2020/10/23,-0.507,-0.513,-0.502,-0.526,-1.74%
2020/10/22,-0.516,-0.517,-0.516,-0.533,-1.15%
2020/10/21,-0.522,-0.518,-0.515,-0.538,-1.32%
2020/10/20,-0.529,-0.544,-0.529,-0.549,-1.86%
2020/10/19,-0.539,-0.519,-0.519,-0.554,4.05%
2020/10/16,-0.518,-0.558,-0.518,-0.561,-6.50%
2020/10/15,-0.554,-0.53,-0.53,-0.568,13.99%
2020/10/14,-0.486,-0.461,-0.461,-0.533,3.40%
2020/10/13,-0.47,-0.487,-0.47,-0.517,-3.29%
2020/10/12,-0.486,-0.483,-0.483,-0.507,1.67%
2020/10/9,-0.478,-0.503,-0.478,-0.522,-1.85%
2020/10/8,-0.487,-0.504,-0.487,-0.514,2.10%
2020/10/7,-0.477,-0.509,-0.477,-0.511,-3.64%
2020/10/6,-0.495,-0.49,-0.486,-0.499,0.41%
2020/10/5,-0.493,-0.506,-0.491,-0.512,-0.80%
2020/10/2,-0.497,-0.513,-0.497,-0.523,-1.19%
2020/10/1,-0.503,-0.5,-0.5,-0.506,3.07%
2020/9/30,-0.488,-0.52,-0.485,-0.52,-4.31%
2020/9/29,-0.51,-0.503,-0.5,-0.515,2.41%
2020/9/28,-0.498,-0.463,-0.463,-0.505,-0.40%
2020/9/25,-0.5,-0.488,-0.478,-0.511,11.36%
2020/9/24,-0.449,-0.493,-0.449,-0.503,-8.74%
2020/9/23,-0.492,-0.467,-0.467,-0.492,2.07%
2020/9/22,-0.482,-0.504,-0.475,-0.511,-4.74%
2020/9/21,-0.506,-0.456,-0.456,-0.515,5.64%
2020/9/18,-0.479,-0.446,-0.446,-0.496,-0.83%
2020/9/17,-0.483,-0.457,-0.457,-0.493,3.87%
2020/9/16,-0.465,-0.466,-0.463,-0.488,1.31%
2020/9/15,-0.459,-0.466,-0.459,-0.475,-2.75%
2020/9/14,-0.472,-0.439,-0.439,-0.48,5.12%
2020/9/11,-0.449,-0.427,-0.423,-0.463,6.15%
2020/9/10,-0.423,-0.431,-0.408,-0.472,-3.64%
2020/9/9,-0.439,-0.462,-0.435,-0.482,-4.57%
2020/9/8,-0.46,-0.448,-0.443,-0.484,2.00%
2020/9/7,-0.451,-0.427,-0.427,-0.467,-3.43%
2020/9/4,-0.467,-0.469,-0.461,-0.481,-4.30%
2020/9/3,-0.488,-0.483,-0.459,-0.488,2.74%
2020/9/2,-0.475,-0.441,-0.437,-0.482,13.64%
2020/9/1,-0.418,-0.391,-0.391,-0.429,1.70%
2020/8/31,-0.411,-0.42,-0.397,-0.443,-1.67%
2020/8/28,-0.418,-0.394,-0.387,-0.424,1.95%
2020/8/27,-0.41,-0.434,-0.4,-0.472,-2.84%
2020/8/26,-0.422,-0.403,-0.403,-0.432,-0.47%
2020/8/25,-0.424,-0.454,-0.421,-0.477,-12.58%
2020/8/24,-0.485,-0.5,-0.485,-0.514,-3.39%
2020/8/21,-0.502,-0.5,-0.5,-0.523,7.04%
2020/8/20,-0.469,-0.477,-0.469,-0.501,-2.70%
2020/8/19,-0.482,-0.483,-0.479,-0.499,2.34%
2020/8/18,-0.471,-0.469,-0.456,-0.477,1.95%
2020/8/17,-0.462,-0.454,-0.454,-0.469,2.90%
2020/8/14,-0.449,-0.417,-0.417,-0.461,3.70%
2020/8/13,-0.433,-0.46,-0.412,-0.483,-3.13%
2020/8/12,-0.447,-0.48,-0.447,-0.487,-8.02%
2020/8/11,-0.486,-0.52,-0.485,-0.551,-9.50%
2020/8/10,-0.537,-0.507,-0.507,-0.566,4.47%
2020/8/7,-0.514,-0.491,-0.491,-0.544,1.18%
2020/8/6,-0.508,-0.464,-0.448,-0.544,-1.36%
2020/8/5,-0.515,-0.524,-0.509,-0.524,2.79%
2020/8/4,-0.501,-0.504,-0.495,-0.514,-6.00%
2020/8/3,-0.533,-0.543,-0.533,-0.543,-1.66%
2020/7/31,-0.542,-0.516,-0.516,-0.562,-1.28%
2020/7/30,-0.549,-0.534,-0.534,-0.56,7.23%
2020/7/29,-0.512,-0.542,-0.512,-0.543,-5.19%
2020/7/28,-0.54,-0.513,-0.513,-0.543,5.47%
2020/7/27,-0.512,-0.488,-0.488,-0.519,8.02%
2020/7/24,-0.474,-0.486,-0.472,-0.507,-3.46%
2020/7/23,-0.491,-0.489,-0.488,-0.5,5.82%
2020/7/22,-0.464,-0.444,-0.444,-0.5,2.88%
2020/7/21,-0.451,-0.422,-0.418,-0.451,12.19%
2020/7/20,-0.402,-0.432,-0.402,-0.458,-2.43%
2020/7/17,-0.412,-0.454,-0.412,-0.476,-9.85%
2020/7/16,-0.457,-0.45,-0.446,-0.476,5.30%
2020/7/15,-0.434,-0.424,-0.424,-0.461,1.17%
2020/7/14,-0.429,-0.406,-0.406,-0.438,4.13%
2020/7/13,-0.412,-0.463,-0.412,-0.48,-13.81%
2020/7/10,-0.478,-0.458,-0.458,-0.493,5.99%
2020/7/9,-0.451,-0.411,-0.411,-0.451,12.47%
2020/7/8,-0.401,-0.384,-0.371,-0.41,11.08%
2020/7/7,-0.361,-0.385,-0.361,-0.401,-4.75%
2020/7/6,-0.379,-0.374,-0.374,-0.394,-1.30%
2020/7/3,-0.384,-0.408,-0.384,-0.415,-5.88%
2020/7/2,-0.408,-0.391,-0.388,-0.422,3.03%
2020/7/1,-0.396,-0.431,-0.396,-0.431,-8.12%
2020/6/30,-0.431,-0.438,-0.431,-0.451,0.70%
2020/6/29,-0.428,-0.425,-0.425,-0.443,-0.70%
2020/6/26,-0.431,-0.428,-0.421,-0.447,0.70%
2020/6/25,-0.428,-0.397,-0.397,-0.442,12.63%
2020/6/24,-0.38,-0.368,-0.35,-0.381,3.26%
2020/6/23,-0.368,-0.409,-0.368,-0.409,-9.80%
2020/6/22,-0.408,-0.399,-0.398,-0.415,2.26%
2020/6/19,-0.399,-0.409,-0.39,-0.409,-3.62%
2020/6/18,-0.414,-0.385,-0.385,-0.426,2.73%
2020/6/17,-0.403,-0.379,-0.374,-0.423,-2.66%
2020/6/16,-0.414,-0.396,-0.39,-0.42,-0.96%
2020/6/15,-0.418,-0.464,-0.418,-0.489,-4.78%
2020/6/12,-0.439,-0.439,-0.432,-0.456,0.00%
2020/6/11,-0.439,-0.32,-0.32,-0.456,44.41%
2020/6/10,-0.304,-0.292,-0.27,-0.316,1.00%
2020/6/9,-0.301,-0.299,-0.294,-0.315,-0.66%
2020/6/8,-0.303,-0.263,-0.263,-0.309,3.77%
2020/6/5,-0.292,-0.315,-0.29,-0.327,-10.15%
2020/6/4,-0.325,-0.371,-0.325,-0.381,-12.16%
2020/6/3,-0.37,-0.421,-0.37,-0.421,-11.27%
2020/6/2,-0.417,-0.439,-0.4,-0.444,-10.13%
2020/5/29,-0.464,-0.439,-0.439,-0.468,3.80%
2020/5/28,-0.447,-0.447,-0.438,-0.461,-1.32%
2020/5/27,-0.453,-0.476,-0.416,-0.488,-3.62%
2020/5/26,-0.47,-0.472,-0.447,-0.475,-5.43%
2020/5/25,-0.497,-0.503,-0.495,-0.513,-0.60%
2020/5/22,-0.5,-0.52,-0.5,-0.525,-0.79%
2020/5/20,-0.504,-0.498,-0.498,-0.517,3.07%
2020/5/19,-0.489,-0.52,-0.489,-0.52,-5.78%
2020/5/18,-0.519,-0.526,-0.509,-0.559,-1.14%
2020/5/15,-0.525,-0.526,-0.524,-0.559,2.74%
2020/5/14,-0.511,-0.536,-0.508,-0.538,0.00%
2020/5/13,-0.511,-0.534,-0.511,-0.544,-3.77%
2020/5/12,-0.531,-0.495,-0.487,-0.534,0.95%
2020/5/11,-0.526,-0.512,-0.508,-0.539,0.00%
2020/5/8,-0.526,-0.546,-0.517,-0.546,-3.49%
2020/5/7,-0.545,-0.507,-0.498,-0.545,7.71%
2020/5/6,-0.506,-0.518,-0.487,-0.535,-6.30%
2020/5/5,-0.54,-0.504,-0.491,-0.551,6.93%
2020/5/4,-0.505,-0.532,-0.505,-0.532,-5.61%
2020/4/30,-0.535,-0.474,-0.468,-0.543,16.56%
2020/4/29,-0.459,-0.455,-0.455,-0.491,2.23%
2020/4/28,-0.449,-0.437,-0.425,-0.467,2.75%
2020/4/27,-0.437,-0.437,-0.424,-0.467,-1.80%
2020/4/24,-0.445,-0.421,-0.41,-0.448,11.53%
2020/4/23,-0.399,-0.362,-0.35,-0.411,3.91%
2020/4/22,-0.384,-0.441,-0.384,-0.444,-13.71%
2020/4/21,-0.445,-0.443,-0.426,-0.458,1.60%
2020/4/20,-0.438,-0.455,-0.438,-0.478,-4.16%
2020/4/17,-0.457,-0.423,-0.419,-0.465,5.54%
2020/4/16,-0.433,-0.392,-0.34,-0.441,3.59%
2020/4/15,-0.418,-0.353,-0.351,-0.418,21.51%
2020/4/14,-0.344,-0.302,-0.302,-0.344,13.91%
2020/4/9,-0.302,-0.246,-0.246,-0.315,4.86%
2020/4/8,-0.288,-0.264,-0.227,-0.289,15.66%
2020/4/7,-0.249,-0.317,-0.248,-0.317,-21.45%
2020/4/6,-0.317,-0.292,-0.285,-0.324,-5.65%
2020/4/3,-0.336,-0.344,-0.322,-0.349,-2.04%
2020/4/2,-0.343,-0.343,-0.343,-0.343,0.00%
2020/4/1,-0.343,-0.369,-0.33,-0.369,-2.00%
2020/3/31,-0.35,-0.362,-0.328,-0.362,-7.65%
2020/3/30,-0.379,-0.368,-0.368,-0.398,18.07%
2020/3/27,-0.321,-0.308,-0.291,-0.323,21.59%
2020/3/26,-0.264,-0.236,-0.23,-0.279,14.29%
2020/3/25,-0.231,-0.296,-0.222,-0.296,-19.79%
2020/3/24,-0.288,-0.354,-0.288,-0.354,-18.64%
2020/3/23,-0.354,-0.359,-0.347,-0.373,8.92%
2020/3/20,-0.325,-0.288,-0.285,-0.336,58.54%
2020/3/19,-0.205,-0.367,-0.205,-0.367,-36.73%
2020/3/18,-0.324,-0.346,-0.324,-0.376,-32.08%
2020/3/17,-0.477,-0.402,-0.402,-0.503,-4.02%
2020/3/13,-0.497,-0.675,-0.475,-0.675,-33.11%
2020/3/12,-0.743,-0.778,-0.725,-0.826,-6.31%
2020/3/11,-0.793,-0.813,-0.789,-0.828,-2.70%
2020/3/10,-0.815,-0.899,-0.815,-0.941,-20.87%
2020/3/9,-1.03,-0.898,-0.898,-1.107,13.19%
2020/3/6,-0.91,-0.937,-0.869,-0.954,2.59%
2020/3/5,-0.887,-0.828,-0.828,-0.94,1.49%
2020/3/4,-0.874,-0.801,-0.801,-0.892,-1.58%
2020/3/3,-0.888,-0.875,-0.835,-0.888,1.95%
2020/3/2,-0.871,-0.872,-0.86,-0.935,0.00%
2020/2/28,-0.871,-0.886,-0.866,-0.9,2.71%
2020/2/27,-0.848,-0.768,-0.768,-0.875,5.60%
2020/2/26,-0.803,-0.842,-0.803,-0.858,-3.95%
2020/2/25,-0.836,-0.822,-0.822,-0.853,0.48%
2020/2/24,-0.832,-0.799,-0.789,-0.853,6.26%
2020/2/21,-0.783,-0.772,-0.772,-0.81,1.56%
2020/2/20,-0.771,-0.751,-0.751,-0.782,2.39%
2020/2/19,-0.753,-0.734,-0.726,-0.763,2.03%
2020/2/18,-0.738,-0.745,-0.726,-0.774,-1.07%
2020/2/17,-0.746,-0.731,-0.731,-0.759,1.22%
2020/2/14,-0.737,-0.741,-0.733,-0.756,-1.60%
2020/2/13,-0.749,-0.742,-0.737,-0.778,3.17%
2020/2/12,-0.726,-0.632,-0.632,-0.732,-0.82%
2020/2/11,-0.732,-0.713,-0.713,-0.74,0.14%
2020/2/10,-0.731,-0.699,-0.699,-0.75,2.67%
2020/2/7,-0.712,-0.712,-0.712,-0.723,3.79%
2020/2/6,-0.686,-0.679,-0.679,-0.705,0.29%
2020/2/5,-0.684,-0.749,-0.684,-0.765,-8.56%
2020/2/4,-0.748,-0.749,-0.748,-0.768,0.00%
2020/2/3,-0.748,-0.781,-0.748,-0.781,0.00%
2020/1/31,-0.748,-0.748,-0.748,-0.784,0.00%
2020/1/30,-0.748,-0.761,-0.748,-0.771,0.67%
2020/1/29,-0.743,-0.666,-0.666,-0.759,0.00%
2020/1/28,-0.743,-0.74,-0.74,-0.803,-4.62%
2020/1/27,-0.779,-0.662,-0.661,-0.797,6.71%
2020/1/24,-0.73,-0.714,-0.696,-0.74,1.96%
2020/1/23,-0.716,-0.638,-0.638,-0.727,13.47%
2020/1/22,-0.631,-0.575,-0.575,-0.687,1.94%
2020/1/21,-0.619,-0.594,-0.591,-0.657,2.48%
2020/1/20,-0.604,-0.575,-0.575,-0.607,1.68%
2020/1/17,-0.594,-0.522,-0.522,-0.615,-1.49%
2020/1/16,-0.603,-0.575,-0.571,-0.607,5.24%
2020/1/15,-0.573,-0.522,-0.522,-0.588,7.50%
2020/1/14,-0.533,-0.44,-0.44,-0.542,6.39%
2020/1/13,-0.501,-0.529,-0.501,-0.534,-4.39%
2020/1/10,-0.524,-0.513,-0.513,-0.548,0.19%
2020/1/9,-0.523,-0.514,-0.513,-0.543,-2.43%
2020/1/8,-0.536,-0.526,-0.521,-0.586,-6.78%
2020/1/7,-0.575,-0.514,-0.514,-0.598,-0.86%
2020/1/6,-0.58,-0.575,-0.565,-0.602,3.20%
2020/1/3,-0.562,-0.512,-0.512,-0.574,19.07%
2019/12/30,-0.472,-0.518,-0.472,-0.518,-11.11%
2019/12/27,-0.531,-0.522,-0.519,-0.538,-0.19%
2019/12/23,-0.532,-0.452,-0.452,-0.537,3.50%
2019/12/20,-0.514,-0.531,-0.514,-0.553,-3.02%
2019/12/19,-0.53,-0.544,-0.523,-0.544,-2.93%
2019/12/18,-0.546,-0.496,-0.496,-0.594,-6.19%
2019/12/17,-0.582,-0.567,-0.567,-0.589,0.34%
2019/12/16,-0.58,-0.561,-0.561,-0.604,4.32%
2019/12/13,-0.556,-0.512,-0.512,-0.563,-0.54%
2019/12/12,-0.559,-0.597,-0.557,-0.618,-0.36%
2019/12/11,-0.561,-0.542,-0.542,-0.592,-0.71%
2019/12/10,-0.565,-0.526,-0.526,-0.594,-5.36%
2019/12/9,-0.597,-0.609,-0.594,-0.616,-0.67%
2019/12/6,-0.601,-0.626,-0.582,-0.634,1.86%
2019/12/5,-0.59,-0.614,-0.59,-0.629,-6.05%
2019/12/4,-0.628,-0.651,-0.628,-0.658,8.28%
2019/12/3,-0.58,-0.578,-0.578,-0.646,-2.52%
2019/12/2,-0.595,-0.525,-0.525,-0.613,-2.78%
2019/11/29,-0.612,-0.627,-0.612,-0.635,-2.39%
2019/11/28,-0.627,-0.638,-0.626,-0.653,0.16%
2019/11/27,-0.626,-0.59,-0.59,-0.635,8.49%
2019/11/26,-0.577,-0.57,-0.568,-0.601,-0.35%
2019/11/25,-0.579,-0.579,-0.568,-0.588,-0.69%
2019/11/22,-0.583,-0.523,-0.519,-0.583,11.05%
2019/11/21,-0.525,-0.541,-0.525,-0.574,-4.72%
2019/11/20,-0.551,-0.551,-0.55,-0.591,2.99%
2019/11/19,-0.535,-0.52,-0.514,-0.542,2.88%
2019/11/18,-0.52,-0.494,-0.489,-0.535,5.05%
2019/11/15,-0.495,-0.502,-0.495,-0.526,-1.98%
2019/11/14,-0.505,-0.479,-0.477,-0.519,6.77%
2019/11/13,-0.473,-0.394,-0.38,-0.478,24.80%
2019/11/12,-0.379,-0.4,-0.379,-0.401,-6.19%
2019/11/11,-0.404,-0.339,-0.339,-0.415,6.32%
2019/11/8,-0.38,-0.404,-0.38,-0.417,-5.94%
2019/11/7,-0.404,-0.461,-0.404,-0.461,-6.05%
2019/11/6,-0.43,-0.383,-0.383,-0.467,-4.66%
2019/11/5,-0.451,-0.424,-0.424,-0.493,-4.04%
2019/11/4,-0.47,-0.512,-0.47,-0.531,-11.99%
2019/11/1,-0.534,-0.557,-0.516,-0.581,-5.15%
2019/10/31,-0.563,-0.524,-0.524,-0.586,11.26%
2019/10/30,-0.506,-0.518,-0.501,-0.543,-3.07%
2019/10/29,-0.522,-0.522,-0.515,-0.548,1.95%
2019/10/28,-0.512,-0.569,-0.508,-0.57,-8.08%
2019/10/25,-0.557,-0.603,-0.557,-0.603,-6.86%
2019/10/24,-0.598,-0.608,-0.58,-0.621,-1.48%
2019/10/23,-0.607,-0.515,-0.515,-0.627,20.20%
2019/10/22,-0.505,-0.552,-0.505,-0.587,-4.90%
2019/10/21,-0.531,-0.581,-0.531,-0.584,-7.65%
2019/10/18,-0.575,-0.599,-0.575,-0.62,-0.52%
2019/10/17,-0.578,-0.59,-0.557,-0.61,-2.86%
2019/10/16,-0.595,-0.531,-0.531,-0.643,-2.14%
2019/10/15,-0.608,-0.675,-0.598,-0.675,-6.89%
2019/10/14,-0.653,-0.66,-0.653,-0.687,-0.46%
2019/10/11,-0.656,-0.614,-0.614,-0.71,-4.79%
2019/10/10,-0.689,-0.746,-0.684,-0.746,1.62%
2019/10/9,-0.678,-0.773,-0.678,-0.773,-12.40%
2019/10/8,-0.774,-0.767,-0.749,-0.781,0.00%
2019/10/7,-0.774,-0.786,-0.769,-0.801,-1.28%
2019/10/4,-0.784,-0.781,-0.78,-0.794,1.82%
2019/10/3,-0.77,-0.742,-0.675,-0.789,6.65%
2019/10/2,-0.722,-0.713,-0.713,-0.736,-2.04%
2019/10/1,-0.737,-0.75,-0.691,-0.75,-2.12%
2019/9/30,-0.753,-0.703,-0.703,-0.769,-2.08%
2019/9/27,-0.769,-0.791,-0.769,-0.813,-1.54%
2019/9/26,-0.781,-0.724,-0.724,-0.817,-3.82%
2019/9/25,-0.812,-0.756,-0.756,-0.853,-2.75%
2019/9/24,-0.835,-0.817,-0.805,-0.837,1.21%
2019/9/23,-0.825,-0.758,-0.758,-0.843,7.70%
2019/9/20,-0.766,-0.74,-0.74,-0.769,2.82%
2019/9/19,-0.745,-0.764,-0.697,-0.764,-0.13%
2019/9/18,-0.746,-0.664,-0.664,-0.805,4.04%
2019/9/17,-0.717,-0.628,-0.628,-0.747,3.17%
2019/9/16,-0.695,-0.572,-0.572,-0.703,6.92%
2019/9/13,-0.65,-0.66,-0.645,-0.699,-12.52%
2019/9/12,-0.743,-0.774,-0.714,-0.83,-5.35%
2019/9/11,-0.785,-0.811,-0.751,-0.827,-5.31%
2019/9/10,-0.829,-0.847,-0.829,-0.868,-3.83%
2019/9/9,-0.862,-0.902,-0.86,-0.921,-6.20%
2019/9/6,-0.919,-0.889,-0.871,-0.919,6.37%
2019/9/5,-0.864,-0.929,-0.864,-0.963,-11.02%
2019/9/4,-0.971,-0.975,-0.943,-0.982,-3.67%
2019/9/3,-1.008,-0.996,-0.985,-1.052,1.92%
2019/9/2,-0.989,-0.959,-0.959,-1.01,-1.88%
2019/8/30,-1.008,-0.957,-0.957,-1.024,-0.10%
2019/8/29,-1.009,-1.03,-0.983,-1.037,0.00%
2019/8/28,-1.009,-0.998,-0.998,-1.061,1.20%
2019/8/27,-0.997,-0.962,-0.951,-0.997,4.62%
2019/8/26,-0.953,-0.935,-0.933,-0.966,1.93%
2019/8/23,-0.935,-0.894,-0.877,-0.94,3.20%
2019/8/22,-0.906,-0.965,-0.903,-0.981,-0.55%
2019/8/21,-0.911,-1.038,-0.911,-1.038,-11.72%
2019/8/20,-1.032,-1.023,-1.023,-1.067,2.89%
2019/8/19,-1.003,-1.092,-1.003,-1.101,-7.73%
2019/8/16,-1.087,-1.099,-1.079,-1.132,-1.81%
2019/8/15,-1.107,-1.036,-1.032,-1.124,8.21%
2019/8/14,-1.023,-0.936,-0.936,-1.033,9.76%
2019/8/13,-0.932,-0.933,-0.913,-0.972,-0.75%
2019/8/12,-0.939,-0.92,-0.92,-0.941,1.95%
2019/8/9,-0.921,-0.937,-0.916,-0.942,5.02%
2019/8/8,-0.877,-0.925,-0.877,-0.964,-0.11%
2019/8/7,-0.878,-0.889,-0.878,-0.966,-0.45%
2019/8/6,-0.882,-0.872,-0.872,-0.891,2.08%
2019/8/5,-0.864,-0.85,-0.85,-0.892,2.61%
2019/8/2,-0.842,-0.791,-0.791,-0.854,12.72%
2019/7/31,-0.747,-0.728,-0.721,-0.78,12.16%
2019/7/30,-0.666,-0.639,-0.639,-0.734,-7.50%
2019/7/29,-0.72,-0.626,-0.626,-0.733,4.65%
2019/7/26,-0.688,-0.629,-0.629,-0.7,1.78%
2019/7/25,-0.676,-0.595,-0.595,-0.723,1.65%
2019/7/24,-0.665,-0.554,-0.554,-0.68,4.23%
2019/7/23,-0.638,-0.631,-0.618,-0.641,2.41%
2019/7/22,-0.623,-0.606,-0.606,-0.633,2.81%
2019/7/19,-0.606,-0.534,-0.534,-0.623,1.00%
2019/7/18,-0.6,-0.586,-0.586,-0.608,2.74%
2019/7/17,-0.584,-0.555,-0.546,-0.585,7.55%
2019/7/16,-0.543,-0.463,-0.463,-0.555,4.22%
2019/7/15,-0.521,-0.421,-0.421,-0.542,5.68%
2019/7/12,-0.493,-0.49,-0.478,-0.509,-1.00%
2019/7/11,-0.498,-0.559,-0.498,-0.564,-10.43%
2019/7/10,-0.556,-0.515,-0.515,-0.593,-7.64%
2019/7/9,-0.602,-0.632,-0.602,-0.64,-4.60%
2019/7/8,-0.631,-0.651,-0.627,-0.657,-0.79%
2019/7/5,-0.636,-0.556,-0.556,-0.668,-4.07%
2019/7/4,-0.663,-0.556,-0.556,-0.668,2.63%
2019/7/3,-0.646,-0.575,-0.575,-0.646,16.61%
2019/7/2,-0.554,-0.545,-0.545,-0.608,1.65%
2019/7/1,-0.545,-0.439,-0.439,-0.559,1.87%
2019/6/28,-0.535,-0.537,-0.532,-0.54,0.94%
2019/6/27,-0.53,-0.418,-0.418,-0.54,2.71%
2019/6/26,-0.516,-0.529,-0.511,-0.531,-2.46%
2019/6/25,-0.529,-0.511,-0.511,-0.535,3.52%
2019/6/24,-0.511,-0.499,-0.499,-0.52,5.14%
2019/6/21,-0.486,-0.518,-0.486,-0.518,-8.13%
2019/6/20,-0.529,-0.511,-0.511,-0.536,6.22%
2019/6/19,-0.498,-0.534,-0.49,-0.534,-6.92%
2019/6/18,-0.535,-0.468,-0.468,-0.539,14.07%
2019/6/17,-0.469,-0.398,-0.398,-0.482,-2.09%
2019/6/14,-0.479,-0.467,-0.467,-0.487,2.57%
2019/6/13,-0.467,-0.455,-0.455,-0.477,1.74%
2019/6/12,-0.459,-0.476,-0.451,-0.476,-2.96%
2019/6/11,-0.473,-0.473,-0.463,-0.481,-6.34%
2019/6/7,-0.505,-0.487,-0.487,-0.514,3.70%
2019/6/6,-0.487,-0.487,-0.468,-0.503,-1.02%
2019/6/5,-0.492,-0.475,-0.467,-0.494,4.68%
2019/6/4,-0.47,-0.489,-0.462,-0.498,-3.29%
2019/6/3,-0.486,-0.458,-0.458,-0.505,3.85%
2019/5/31,-0.468,-0.468,-0.468,-0.496,1.08%
2019/5/29,-0.463,-0.45,-0.45,-0.47,4.04%
2019/5/28,-0.445,-0.43,-0.43,-0.456,4.71%
2019/5/27,-0.425,-0.425,-0.422,-0.437,0.00%
2019/5/24,-0.425,-0.414,-0.414,-0.43,3.66%
2019/5/23,-0.41,-0.406,-0.397,-0.417,7.33%
2019/5/22,-0.382,-0.29,-0.29,-0.398,5.52%
2019/5/21,-0.362,-0.292,-0.292,-0.38,-4.49%
2019/5/20,-0.379,-0.384,-0.371,-0.399,-1.81%
2019/5/17,-0.386,-0.302,-0.302,-0.406,2.93%
2019/5/16,-0.375,-0.394,-0.374,-0.401,-3.35%
2019/5/15,-0.388,-0.366,-0.366,-0.412,4.86%
2019/5/14,-0.37,-0.353,-0.35,-0.376,3.64%
2019/5/13,-0.357,-0.261,-0.261,-0.364,4.39%
2019/5/10,-0.342,-0.317,-0.317,-0.352,-1.44%
2019/5/9,-0.347,-0.337,-0.337,-0.36,14.14%
2019/5/8,-0.304,-0.332,-0.304,-0.344,-11.37%
2019/5/7,-0.343,-0.227,-0.227,-0.356,11.73%
2019/5/6,-0.307,-0.242,-0.239,-0.324,5.86%
2019/5/3,-0.29,-0.285,-0.276,-0.309,1.40%
2019/5/2,-0.286,-0.224,-0.224,-0.309,-5.61%
2019/4/30,-0.303,-0.243,-0.243,-0.318,0.00%
2019/4/29,-0.303,-0.302,-0.301,-0.315,-5.02%
2019/4/26,-0.319,-0.314,-0.312,-0.338,1.59%
2019/4/25,-0.314,-0.326,-0.314,-0.33,-0.32%
2019/4/24,-0.315,-0.281,-0.281,-0.331,16.24%
2019/4/23,-0.271,-0.212,-0.209,-0.301,-6.23%
2019/4/18,-0.289,-0.238,-0.238,-0.299,21.43%
2019/4/17,-0.238,-0.16,-0.16,-0.248,-5.56%
2019/4/16,-0.252,-0.259,-0.252,-0.268,-1.18%
2019/4/15,-0.255,-0.17,-0.17,-0.272,-5.20%
2019/4/12,-0.269,-0.309,-0.269,-0.318,-12.94%
2019/4/11,-0.309,-0.311,-0.306,-0.315,-1.90%
2019/4/10,-0.315,-0.206,-0.206,-0.315,13.72%
2019/4/9,-0.277,-0.286,-0.277,-0.299,-3.48%
2019/4/8,-0.287,-0.292,-0.287,-0.295,-2.71%
2019/4/5,-0.295,-0.291,-0.283,-0.301,2.08%
2019/4/4,-0.289,-0.294,-0.289,-0.308,0.35%
2019/4/3,-0.288,-0.326,-0.28,-0.326,-16.28%
2019/4/2,-0.344,-0.343,-0.343,-0.358,1.78%
2019/4/1,-0.338,-0.355,-0.338,-0.365,-9.38%
2019/3/29,-0.373,-0.392,-0.368,-0.406,-8.13%
2019/3/28,-0.406,-0.419,-0.391,-0.422,-3.33%
2019/3/27,-0.42,-0.373,-0.373,-0.426,14.13%
2019/3/26,-0.368,-0.418,-0.368,-0.431,12.88%
2019/3/25,-0.326,-0.376,-0.326,-0.426,-23.47%
2019/3/22,-0.426,-0.37,-0.37,-0.445,15.14%
2019/3/21,-0.37,-0.331,-0.331,-0.388,10.45%
2019/3/20,-0.335,-0.307,-0.307,-0.335,22.26%
2019/3/19,-0.274,-0.329,-0.274,-0.332,-14.91%
2019/3/18,-0.322,-0.314,-0.314,-0.331,7.69%
2019/3/15,-0.299,-0.308,-0.299,-0.324,1.01%
2019/3/14,-0.296,-0.312,-0.296,-0.325,-3.90%
2019/3/13,-0.308,-0.333,-0.306,-0.333,-7.51%
2019/3/12,-0.333,-0.268,-0.265,-0.339,2.46%
2019/3/11,-0.325,-0.347,-0.325,-0.356,0.93%
2019/3/8,-0.322,-0.282,-0.282,-0.365,-4.17%
2019/3/7,-0.336,-0.28,-0.276,-0.336,36.03%
2019/3/6,-0.247,-0.263,-0.244,-0.298,10.76%
2019/3/5,-0.223,-0.247,-0.223,-0.261,-8.61%
2019/3/4,-0.244,-0.23,-0.23,-0.263,22.61%
2019/3/1,-0.199,-0.242,-0.199,-0.26,-17.77%
2019/2/28,-0.242,-0.281,-0.242,-0.287,-12.32%
2019/2/27,-0.276,-0.308,-0.276,-0.315,-6.76%
2019/2/26,-0.296,-0.298,-0.296,-0.314,14.29%
2019/2/25,-0.259,-0.293,-0.259,-0.319,-11.90%
2019/2/22,-0.294,-0.279,-0.279,-0.308,4.26%
2019/2/21,-0.282,-0.297,-0.282,-0.305,-4.73%
2019/2/20,-0.296,-0.284,-0.284,-0.304,1.37%
2019/2/19,-0.292,-0.29,-0.281,-0.297,0.69%
2019/2/18,-0.29,-0.291,-0.29,-0.303,0.00%
2019/2/15,-0.29,-0.29,-0.29,-0.313,0.00%
2019/2/14,-0.29,-0.266,-0.266,-0.298,19.83%
2019/2/13,-0.242,-0.27,-0.242,-0.275,-6.56%
2019/2/12,-0.259,-0.285,-0.259,-0.285,-7.17%
2019/2/11,-0.279,-0.294,-0.276,-0.308,-6.69%
2019/2/8,-0.299,-0.286,-0.283,-0.313,8.33%
2019/2/7,-0.276,-0.246,-0.246,-0.286,19.48%
2019/2/6,-0.231,-0.203,-0.203,-0.252,6.94%
2019/2/5,-0.216,-0.194,-0.193,-0.248,1.41%
2019/2/4,-0.213,-0.243,-0.213,-0.256,-9.75%
2019/2/1,-0.236,-0.212,-0.212,-0.272,1.29%
2019/1/31,-0.233,-0.2,-0.2,-0.27,16.50%
2019/1/30,-0.2,-0.2,-0.2,-0.237,0.00%
2019/1/29,-0.2,-0.2,-0.2,-0.204,0.00%
2019/1/28,-0.2,-0.143,-0.143,-0.2,9.89%
2019/1/25,-0.182,-0.197,-0.181,-0.197,-7.61%
2019/1/24,-0.197,-0.174,-0.174,-0.174,27.10%
2019/1/23,-0.155,-0.163,-0.155,-0.173,1.31%
2019/1/22,-0.153,-0.114,-0.114,-0.167,5.52%
2019/1/21,-0.145,-0.134,-0.134,-0.157,2.11%
2019/1/18,-0.142,-0.096,-0.096,-0.144,3.65%
2019/1/17,-0.137,-0.116,-0.116,-0.171,-1.44%
2019/1/16,-0.139,-0.159,-0.139,-0.176,-11.46%
2019/1/15,-0.157,-0.122,-0.122,-0.183,1.29%
2019/1/14,-0.155,-0.152,-0.152,-0.184,6.16%
2019/1/11,-0.146,-0.165,-0.146,-0.176,2.82%
2019/1/10,-0.142,-0.11,-0.11,-0.175,-7.19%
2019/1/9,-0.153,-0.14,-0.127,-0.156,0.66%
2019/1/8,-0.152,-0.148,-0.148,-0.189,-16.48%
2019/1/7,-0.182,-0.168,-0.168,-0.217,27.27%
2019/1/4,-0.143,-0.194,-0.143,-0.225,-29.90%
2019/1/3,-0.204,-0.197,-0.197,-0.24,21.43%
2018/12/28,-0.168,-0.156,-0.156,-0.183,3.70%
2018/12/27,-0.162,-0.171,-0.162,-0.182,20.90%
2018/12/21,-0.134,-0.154,-0.134,-0.176,-19.28%
2018/12/20,-0.166,-0.123,-0.123,-0.17,34.96%
2018/12/19,-0.123,-0.112,-0.097,-0.156,9.82%
2018/12/18,-0.112,-0.096,-0.094,-0.139,27.27%
2018/12/17,-0.088,-0.079,-0.079,-0.139,3.53%
2018/12/14,-0.085,-0.07,-0.005,-0.139,37.10%
2018/12/13,-0.062,-0.064,-0.002,-0.076,16.98%
2018/12/12,-0.053,-0.029,-0.002,-0.094,-39.77%
2018/12/11,-0.088,-0.103,-0.009,-0.103,-41.72%
2018/12/10,-0.151,-0.156,-0.122,-0.156,5.59%
2018/12/7,-0.143,-0.155,-0.124,-0.157,-13.33%
2018/12/6,-0.165,-0.14,-0.132,-0.165,26.92%
2018/12/5,-0.13,-0.133,-0.124,-0.16,-12.16%
2018/12/4,-0.148,-0.103,-0.097,-0.151,38.32%
2018/12/3,-0.107,-0.098,-0.07,-0.111,12.63%
2018/11/30,-0.095,-0.09,-0.08,-0.102,6.74%
2018/11/29,-0.089,-0.065,-0.065,-0.092,53.45%
2018/11/28,-0.058,-0.082,-0.058,-0.088,-22.67%
2018/11/27,-0.075,-0.076,-0.061,-0.083,29.31%
2018/11/26,-0.058,-0.074,-0.052,-0.074,-25.64%
2018/11/23,-0.078,-0.06,-0.048,-0.078,32.20%
2018/11/22,-0.059,-0.049,-0.047,-0.067,34.09%
2018/11/21,-0.044,-0.042,-0.034,-0.051,-2.22%
2018/11/20,-0.045,-0.026,-0.025,-0.047,60.71%
2018/11/19,-0.028,-0.021,-0.01,-0.031,12.00%
2018/11/16,-0.025,-0.019,-0.015,-0.031,-16.67%
2018/11/15,-0.03,0.039,0.039,-0.032,-1600.00%
2018/11/14,0.002,-0.002,0.032,-0.008,-66.67%
2018/11/13,0.006,0.004,0.011,-0.006,-250.00%
2018/11/12,-0.004,0.019,0.037,-0.01,-166.67%
2018/11/9,0.006,0.033,0.033,0.006,-78.57%
2018/11/8,0.028,0.02,0.051,0.02,47.37%
2018/11/7,0.019,0.006,0.033,0.006,26.67%
2018/11/6,0.015,0.009,0.022,0.003,87.50%
2018/11/5,0.008,0.014,0.016,0.002,-46.67%
2018/11/2,0.015,0.008,0.027,0.008,-600.00%
2018/11/1,-0.003,-0.014,0.009,-0.014,-72.73%
2018/10/31,-0.011,-0.025,-0.002,-0.025,-54.17%
2018/10/30,-0.024,-0.029,-0.01,-0.029,-14.29%
2018/10/29,-0.028,-0.035,-0.013,-0.035,-20.00%
2018/10/26,-0.035,-0.006,-0.006,-0.041,3400.00%
2018/10/25,-0.001,-0.011,0.009,-0.013,-66.67%
2018/10/24,-0.003,0.006,0.01,-0.015,-200.00%
2018/10/23,0.003,0.034,0.034,0.001,-91.43%
2018/10/22,0.035,0.025,0.048,0.024,52.17%
2018/10/19,0.023,0.02,0.024,-0.005,9.52%
2018/10/18,0.021,0.044,0.051,0.014,-44.74%
2018/10/17,0.038,0.065,0.065,0.037,-40.63%
2018/10/16,0.064,0.076,0.086,0.064,-14.67%
2018/10/15,0.075,0.073,0.083,0.071,-10.71%
2018/10/12,0.084,0.099,0.108,0.079,-6.67%
2018/10/11,0.09,0.085,0.1,0.071,-15.09%
2018/10/10,0.106,0.105,0.118,0.085,7.07%
2018/10/9,0.099,0.073,0.099,0.073,33.78%
2018/10/8,0.074,0.092,0.092,0.07,-9.76%
2018/10/5,0.082,0.079,0.086,0.07,7.89%
2018/10/4,0.076,0.045,0.084,0.045,105.41%
2018/10/3,0.037,0.037,0.037,0.011,105.56%
2018/10/2,0.018,0.033,0.053,0.002,-58.14%
2018/10/1,0.043,0.041,0.055,0.033,4.88%
2018/9/28,0.041,0.052,0.053,0.015,-35.94%
2018/9/27,0.064,0.056,0.065,0.03,-1.54%
2018/9/26,0.065,0.081,0.081,0.052,-1.52%
2018/9/25,0.066,0.042,0.07,0.039,69.23%
2018/9/24,0.039,0.01,0.039,0.006,387.50%
2018/9/21,0.008,0.02,0.023,0.005,-52.94%
2018/9/20,0.017,0.026,0.038,0.009,-37.04%
2018/9/19,0.027,0.016,0.027,0.009,58.82%
2018/9/18,0.017,-0.002,0.017,-0.015,-950.00%
2018/9/17,-0.002,-0.02,0.003,-0.034,-94.12%
2018/9/16,-0.034,-0.034,-0.034,-0.034,126.67%
2018/9/14,-0.015,-0.04,-0.014,-0.042,-57.14%
2018/9/13,-0.035,-0.044,-0.028,-0.051,-18.60%
2018/9/12,-0.043,-0.031,-0.03,-0.051,53.57%
2018/9/11,-0.028,-0.052,-0.028,-0.052,-46.15%
2018/9/10,-0.052,-0.066,-0.047,-0.076,-20.00%
2018/9/7,-0.065,-0.086,-0.064,-0.089,-18.75%
2018/9/6,-0.08,-0.068,-0.066,-0.09,11.11%
2018/9/5,-0.072,-0.087,-0.063,-0.089,-16.28%
2018/9/4,-0.086,-0.095,-0.059,-0.098,-9.47%
2018/9/3,-0.095,-0.1,-0.094,-0.111,-3.06%
2018/8/31,-0.098,-0.091,-0.091,-0.116,-2.00%
2018/8/30,-0.1,-0.069,-0.066,-0.102,21.95%
2018/8/29,-0.082,-0.084,-0.067,-0.102,-13.68%
2018/8/28,-0.095,-0.077,-0.077,-0.111,-1.04%
2018/8/27,-0.096,-0.106,-0.089,-0.117,-8.57%
2018/8/24,-0.105,-0.097,-0.094,-0.122,0.00%
2018/8/23,-0.105,-0.069,-0.067,-0.123,-11.02%
2018/8/22,-0.118,-0.118,-0.108,-0.13,1.72%
2018/8/21,-0.116,-0.123,-0.112,-0.15,-6.45%
2018/8/20,-0.124,-0.111,-0.107,-0.125,-3.88%
2018/8/17,-0.129,-0.102,-0.099,-0.149,24.04%
2018/8/16,-0.104,-0.128,-0.076,-0.135,-17.46%
2018/8/15,-0.126,-0.097,-0.084,-0.139,32.63%
2018/8/14,-0.095,-0.104,-0.08,-0.104,-8.65%
2018/8/13,-0.104,-0.095,-0.088,-0.116,-1.89%
2018/8/10,-0.106,-0.07,-0.062,-0.106,96.30%
2018/8/9,-0.054,-0.048,-0.043,-0.069,17.39%
2018/8/8,-0.046,-0.026,-0.025,-0.05,58.62%
2018/8/7,-0.029,-0.038,-0.027,-0.047,-29.27%
2018/8/6,-0.041,-0.033,0.009,-0.041,28.12%
2018/8/3,-0.032,-0.011,0.002,-0.041,433.33%
2018/8/2,-0.006,-0.001,0.016,-0.023,20.00%
2018/8/1,-0.005,-0.005,-0.005,-0.005,0.00%
2018/7/31,-0.005,0.003,0.01,-0.035,-225.00%
2018/7/30,0.004,-0.038,0.014,-0.041,-109.76%
2018/7/27,-0.041,-0.034,-0.025,-0.041,-19.61%
2018/7/26,-0.051,-0.056,-0.029,-0.059,-3.77%
2018/7/25,-0.053,-0.044,-0.043,-0.057,23.26%
2018/7/24,-0.043,-0.029,-0.024,-0.052,10.26%
2018/7/23,-0.039,-0.029,-0.009,-0.053,-23.53%
2018/7/20,-0.051,-0.074,-0.045,-0.086,-29.17%
2018/7/19,-0.072,-0.059,-0.055,-0.088,18.03%
2018/7/18,-0.061,-0.035,-0.035,-0.086,69.44%
2018/7/17,-0.036,-0.036,-0.036,-0.084,16.13%
2018/7/16,-0.031,-0.054,-0.031,-0.084,-48.33%
2018/7/13,-0.06,-0.069,-0.06,-0.092,-22.08%
2018/7/12,-0.077,-0.062,-0.06,-0.082,5.48%
2018/7/11,-0.073,-0.059,-0.05,-0.088,-6.41%
2018/7/10,-0.078,-0.085,-0.072,-0.085,-8.24%
2018/7/9,-0.085,-0.1,-0.072,-0.108,-27.97%
2018/7/6,-0.118,-0.103,-0.094,-0.118,16.83%
2018/7/5,-0.101,-0.107,-0.075,-0.108,-9.01%
2018/7/4,-0.111,-0.09,-0.089,-0.118,14.43%
2018/7/3,-0.097,-0.093,-0.076,-0.11,1.04%
2018/7/2,-0.096,-0.074,-0.054,-0.108,41.18%
2018/6/29,-0.068,-0.046,-0.042,-0.083,9.68%
2018/6/28,-0.062,-0.036,-0.036,-0.092,67.57%
2018/6/27,-0.037,-0.032,-0.014,-0.05,94.74%
2018/6/26,-0.019,-0.024,-0.013,-0.042,-45.71%
2018/6/25,-0.035,-0.038,-0.032,-0.064,-18.60%
2018/6/22,-0.043,-0.036,-0.021,-0.043,22.86%
2018/6/21,-0.035,-0.032,-0.019,-0.04,20.69%
2018/6/20,-0.029,-0.034,-0.02,-0.037,-12.12%
2018/6/19,-0.033,-0.034,-0.033,-0.053,3.12%
2018/6/18,-0.032,-0.015,-0.009,-0.037,10.34%
2018/6/15,-0.029,-0.006,-0.004,-0.04,866.67%
2018/6/14,-0.003,0.056,0.061,-0.003,-108.33%
2018/6/13,0.036,0.066,0.066,0.033,-32.08%
2018/6/12,0.053,0.051,0.092,0.051,-14.52%
2018/6/11,0.062,0.054,0.067,0.043,226.32%
2018/6/8,0.019,0.036,0.046,-0.006,-62.00%
2018/6/7,0.05,0.032,0.074,0.031,163.16%
2018/6/6,0.019,-0.029,0.03,-0.045,-154.29%
2018/6/5,-0.035,-0.023,-0.019,-0.075,84.21%
2018/6/4,-0.019,-0.062,0.01,-0.062,-71.21%
2018/6/1,-0.066,-0.054,-0.032,-0.073,-9.59%
2018/5/31,-0.073,-0.073,-0.035,-0.079,-3.95%
2018/5/30,-0.076,-0.122,-0.049,-0.122,-37.70%
2018/5/29,-0.122,-0.066,-0.056,-0.159,100.00%
2018/5/28,-0.061,0.039,0.039,-0.072,-6200.00%
2018/5/25,0.001,0.051,0.054,-0.026,-97.30%
2018/5/24,0.037,0.053,0.093,0.031,-31.48%
2018/5/23,0.054,0.097,0.104,0.041,-41.94%
2018/5/22,0.093,0.118,0.118,0.069,-4.12%
2018/5/20,0.097,0.097,0.097,0.097,-2.02%
2018/5/18,0.099,0.137,0.137,0.094,-27.74%
2018/5/17,0.137,0.11,0.138,0.107,10.48%
2018/5/16,0.124,0.123,0.124,0.091,-2.36%
2018/5/15,0.127,0.101,0.127,0.097,39.56%
2018/5/14,0.091,0.061,0.098,0.061,26.39%
2018/5/11,0.072,0.06,0.081,0.045,35.85%
2018/5/10,0.053,0.079,0.079,0.053,0.00%
2018/5/9,0.053,0.073,0.08,0.052,0.00%
2018/5/8,0.053,0.039,0.056,0.034,55.88%
2018/5/7,0.034,0.046,0.056,0.028,-29.17%
2018/5/4,0.048,0.05,0.058,0.008,-2.04%
2018/5/3,0.049,0.091,0.101,0.039,-44.32%
2018/5/2,0.088,0.086,0.102,0.077,-2.22%
2018/4/30,0.09,0.085,0.105,0.062,-2.17%
2018/4/27,0.092,0.126,0.126,0.082,-26.40%
2018/4/26,0.125,0.163,0.167,0.108,-20.38%
2018/4/25,0.157,0.134,0.176,0.134,6.08%
2018/4/24,0.148,0.112,0.15,0.112,10.45%
2018/4/23,0.134,0.115,0.14,0.115,15.52%
2018/4/20,0.116,0.103,0.13,0.092,33.33%
2018/4/19,0.087,0.062,0.12,0.047,81.25%
2018/4/18,0.048,0.03,0.048,0.021,100.00%
2018/4/17,0.024,0.027,0.044,0.013,-27.27%
2018/4/16,0.033,0.019,0.045,0.015,83.33%
2018/4/13,0.018,0.012,0.026,0.005,50.00%
2018/4/12,0.012,0.026,0.026,-0.007,200.00%
2018/4/11,0.004,0.004,0.034,-0.011,-55.56%
2018/4/10,0.009,0.028,0.037,-0.009,800.00%
2018/4/9,0.001,0.031,0.031,-0.007,-116.67%
2018/4/6,-0.006,0.031,0.043,-0.01,-160.00%
2018/4/5,0.01,-0.011,0.023,-0.012,-200.00%
2018/4/4,-0.01,0.018,0.039,-0.023,-155.56%
2018/4/3,0.018,0.031,0.041,0.007,-25.00%
2018/3/29,0.024,0.057,0.057,0.02,-17.24%
2018/3/28,0.029,0.044,0.055,0.013,-29.27%
2018/3/27,0.041,0.087,0.087,0.039,-42.25%
2018/3/26,0.071,0.074,0.087,0.052,20.34%
2018/3/23,0.059,0.061,0.067,0.033,31.11%
2018/3/22,0.045,0.102,0.102,0.031,-50.55%
2018/3/21,0.091,0.098,0.098,0.081,-7.14%
2018/3/20,0.098,0.073,0.098,0.062,34.25%
2018/3/19,0.073,0.104,0.104,0.062,-2.67%
2018/3/16,0.075,0.112,0.112,0.069,-21.05%
2018/3/15,0.095,0.094,0.123,0.089,-2.06%
2018/3/14,0.097,0.11,0.124,0.088,-8.49%
2018/3/13,0.106,0.103,0.137,0.089,3.92%
2018/3/12,0.102,0.11,0.111,0.086,0.99%
2018/3/9,0.101,0.089,0.109,0.088,2.02%
2018/3/8,0.099,0.108,0.133,0.095,1.02%
2018/3/7,0.098,0.098,0.118,0.094,-6.67%
2018/3/6,0.105,0.081,0.117,0.074,50.00%
2018/3/5,0.07,0.061,0.073,0.047,-5.41%
2018/3/2,0.074,0.075,0.076,0.042,-1.33%
2018/3/1,0.075,0.135,0.135,0.062,-5.06%
2018/2/28,0.079,0.103,0.11,0.079,-24.04%
2018/2/27,0.104,0.09,0.144,0.09,15.56%
2018/2/26,0.09,0.104,0.141,0.09,-15.09%
2018/2/23,0.106,0.134,0.178,0.096,-21.48%
2018/2/22,0.135,0.14,0.158,0.135,-10.60%
2018/2/21,0.151,0.168,0.186,0.13,-5.63%
2018/2/20,0.16,0.175,0.202,0.153,-8.57%
2018/2/19,0.175,0.15,0.178,0.147,6.71%
2018/2/18,0.164,0.164,0.164,0.164,4.46%
2018/2/16,0.157,0.19,0.207,0.142,-11.30%
2018/2/15,0.177,0.172,0.222,0.172,-2.75%
2018/2/14,0.182,0.195,0.2,0.156,-4.21%
2018/2/13,0.19,0.185,0.196,0.162,7.34%
2018/2/12,0.177,0.184,0.199,0.152,0.57%
2018/2/9,0.176,0.182,0.218,0.158,-8.33%
2018/2/8,0.192,0.165,0.202,0.15,23.08%
2018/2/7,0.156,0.124,0.17,0.124,24.80%
2018/2/6,0.125,0.155,0.155,0.101,-21.38%
2018/2/5,0.159,0.164,0.169,0.148,1.92%
2018/2/2,0.156,0.116,0.171,0.116,30.00%
2018/2/1,0.12,0.107,0.134,0.098,26.32%
2018/1/31,0.095,0.104,0.11,0.072,-8.65%
2018/1/30,0.104,0.115,0.121,0.094,-3.70%
2018/1/29,0.108,0.079,0.12,0.071,52.11%
2018/1/26,0.071,0.069,0.072,0.046,18.33%
2018/1/25,0.06,0.053,0.092,0.029,17.65%
2018/1/24,0.051,0.043,0.064,0.037,24.39%
2018/1/23,0.041,0.033,0.046,0.003,32.26%
2018/1/22,0.031,0.002,0.036,0.002,675.00%
2018/1/19,0.004,0.001,0.025,-0.004,-144.44%
2018/1/18,-0.009,-0.006,0.012,-0.012,-52.63%
2018/1/17,-0.019,-0.013,-0.011,-0.036,-2000.00%
2018/1/16,0.001,0.01,0.014,-0.03,-87.50%
2018/1/15,0.008,0.003,0.018,-0.003,33.33%
2018/1/12,0.006,0.001,0.044,-0.006,-166.67%
2018/1/11,-0.009,-0.052,-0.009,-0.071,-81.25%
2018/1/10,-0.048,-0.069,-0.046,-0.079,-36.00%
2018/1/9,-0.075,-0.1,-0.075,-0.117,-20.21%
2018/1/8,-0.094,-0.095,-0.078,-0.148,-3.09%
2018/1/5,-0.097,-0.098,-0.072,-0.108,3.19%
2018/1/4,-0.094,-0.109,-0.087,-0.109,-9.62%
2018/1/3,-0.104,-0.089,-0.062,-0.112,18.18%
2018/1/2,-0.088,-0.088,-0.088,-0.088,27.54%
2017/12/29,-0.069,-0.072,-0.066,-0.077,-1.43%
2017/12/28,-0.07,-0.09,-0.064,-0.095,-13.58%
2017/12/27,-0.081,-0.071,-0.071,-0.094,39.66%
2017/12/22,-0.058,-0.059,-0.058,-0.08,-23.68%
2017/12/21,-0.076,-0.066,-0.056,-0.087,-5.00%
2017/12/20,-0.08,-0.092,-0.059,-0.106,-50.00%
2017/12/19,-0.16,-0.174,-0.143,-0.216,-9.60%
2017/12/18,-0.177,-0.173,-0.171,-0.221,4.73%
2017/12/16,-0.169,-0.169,-0.169,-0.169,0.00%
2017/12/15,-0.169,-0.172,-0.169,-0.216,-0.59%
2017/12/14,-0.17,-0.156,-0.149,-0.186,11.84%
2017/12/13,-0.152,-0.149,-0.143,-0.187,2.01%
2017/12/12,-0.149,-0.175,-0.146,-0.195,-14.86%
2017/12/11,-0.175,-0.161,-0.161,-0.198,10.76%
2017/12/8,-0.158,-0.181,-0.158,-0.183,-6.51%
2017/12/7,-0.169,-0.166,-0.15,-0.192,1.20%
2017/12/6,-0.167,-0.16,-0.153,-0.184,9.87%
2017/12/5,-0.152,-0.134,-0.133,-0.168,12.59%
2017/12/4,-0.135,-0.143,-0.117,-0.176,-6.90%
2017/12/1,-0.145,-0.11,-0.11,-0.154,27.19%
2017/11/30,-0.114,-0.103,-0.097,-0.13,5.56%
2017/11/29,-0.108,-0.111,-0.094,-0.136,-10.00%
2017/11/28,-0.12,-0.14,-0.12,-0.149,-13.04%
2017/11/27,-0.138,-0.141,-0.122,-0.159,10.40%
2017/11/24,-0.125,-0.135,-0.123,-0.15,-11.97%
2017/11/23,-0.142,-0.14,-0.135,-0.15,2.90%
2017/11/22,-0.138,-0.141,-0.12,-0.157,0.00%
2017/11/21,-0.138,-0.125,-0.125,-0.16,8.66%
2017/11/20,-0.127,-0.13,-0.125,-0.14,3.25%
2017/11/17,-0.123,-0.099,-0.089,-0.139,26.80%
2017/11/16,-0.097,-0.098,-0.089,-0.113,7.78%
2017/11/15,-0.09,-0.065,-0.065,-0.112,-2.17%
2017/11/14,-0.092,-0.062,-0.062,-0.097,9.52%
2017/11/13,-0.084,-0.062,-0.058,-0.104,21.74%
2017/11/10,-0.069,-0.078,-0.061,-0.097,-31.00%
2017/11/9,-0.1,-0.127,-0.078,-0.135,-22.48%
2017/11/8,-0.129,-0.124,-0.121,-0.147,7.50%
2017/11/7,-0.12,-0.103,-0.103,-0.131,16.50%
2017/11/6,-0.103,-0.09,-0.09,-0.118,21.18%
2017/11/3,-0.085,-0.09,-0.084,-0.103,7.59%
2017/11/2,-0.079,-0.07,-0.049,-0.098,16.18%
2017/11/1,-0.068,-0.079,-0.054,-0.09,-5.56%
2017/10/31,-0.072,-0.061,-0.061,-0.083,9.09%
2017/10/30,-0.066,-0.059,-0.059,-0.07,34.69%
2017/10/29,-0.049,-0.049,-0.049,-0.049,0.00%
2017/10/27,-0.049,-0.022,-0.021,-0.054,96.00%
2017/10/26,-0.025,-0.001,0.007,-0.039,733.33%
2017/10/25,-0.003,-0.011,0.013,-0.029,-76.92%
2017/10/24,-0.013,-0.033,0.001,-0.051,-58.06%
2017/10/23,-0.031,-0.037,-0.025,-0.063,-18.42%
2017/10/22,-0.038,-0.038,-0.038,-0.038,26.67%
2017/10/20,-0.03,-0.073,-0.014,-0.073,-58.33%
2017/10/19,-0.072,-0.065,-0.058,-0.086,5.88%
2017/10/18,-0.068,-0.074,-0.058,-0.099,-13.92%
2017/10/17,-0.079,-0.075,-0.057,-0.096,23.44%
2017/10/16,-0.064,-0.049,-0.038,-0.079,52.38%
2017/10/13,-0.042,-0.027,-0.023,-0.064,61.54%
2017/10/12,-0.026,-0.028,-0.014,-0.043,30.00%
2017/10/11,-0.02,-0.029,-0.011,-0.055,-60.78%
2017/10/10,-0.051,-0.041,-0.019,-0.059,50.00%
2017/10/9,-0.034,-0.016,-0.006,-0.054,17.24%
2017/10/6,-0.029,-0.02,0.004,-0.04,-23.68%
2017/10/5,-0.038,-0.011,0.003,-0.04,375.00%
2017/10/4,-0.008,-0.005,0.001,-0.039,-260.00%
2017/10/3,0.005,-0.044,0.005,-0.044,-119.23%
2017/10/2,-0.026,-0.008,0.004,-0.042,136.36%
2017/9/29,-0.011,-0.021,-0.011,-0.043,1000.00%
2017/9/28,-0.001,0.03,0.03,-0.018,-91.67%
2017/9/27,-0.012,-0.045,-0.006,-0.05,-66.67%
2017/9/26,-0.036,-0.064,-0.036,-0.068,-42.86%
2017/9/25,-0.063,-0.043,-0.043,-0.073,75.00%
2017/9/22,-0.036,-0.026,-0.026,-0.052,-18.18%
2017/9/21,-0.044,-0.028,-0.018,-0.044,-12.00%
2017/9/20,-0.05,-0.04,-0.04,-0.054,8.70%
2017/9/19,-0.046,-0.04,-0.04,-0.063,31.43%
2017/9/18,-0.035,-0.045,-0.035,-0.054,-37.50%
2017/9/15,-0.056,-0.079,-0.056,-0.094,-39.13%
2017/9/14,-0.092,-0.078,-0.078,-0.111,-8.91%
2017/9/13,-0.101,-0.092,-0.092,-0.134,-21.09%
2017/9/12,-0.128,-0.139,-0.128,-0.149,-18.99%
2017/9/11,-0.158,-0.152,-0.15,-0.161,-5.95%
2017/9/8,-0.168,-0.142,-0.142,-0.185,0.60%
2017/9/7,-0.167,-0.124,-0.124,-0.167,9.87%
2017/9/6,-0.152,-0.144,-0.144,-0.161,4.11%
2017/9/5,-0.146,-0.122,-0.122,-0.147,12.31%
2017/9/4,-0.13,-0.126,-0.126,-0.14,5.69%
2017/9/1,-0.123,-0.133,-0.121,-0.14,-12.77%
2017/8/31,-0.141,-0.13,-0.126,-0.157,3.68%
2017/8/30,-0.136,-0.155,-0.135,-0.155,-12.82%
2017/8/29,-0.156,-0.147,-0.147,-0.167,9.09%
2017/8/28,-0.143,-0.133,-0.133,-0.147,5.93%
2017/8/25,-0.135,-0.137,-0.123,-0.141,-9.40%
2017/8/24,-0.149,-0.148,-0.144,-0.164,1.36%
2017/8/23,-0.147,-0.14,-0.132,-0.169,5.76%
2017/8/22,-0.139,-0.139,-0.126,-0.147,1.46%
2017/8/21,-0.137,-0.112,-0.112,-0.139,13.22%
2017/8/18,-0.121,-0.103,-0.103,-0.123,19.80%
2017/8/17,-0.101,-0.089,-0.087,-0.111,18.82%
2017/8/16,-0.085,-0.093,-0.073,-0.1,-18.27%
2017/8/15,-0.104,-0.146,-0.089,-0.146,-33.33%
2017/8/14,-0.156,-0.177,-0.151,-0.177,-11.86%
2017/8/11,-0.177,-0.15,-0.15,-0.184,22.07%
2017/8/10,-0.145,-0.123,-0.12,-0.152,15.08%
2017/8/9,-0.126,-0.073,-0.073,-0.126,70.27%
2017/8/8,-0.074,-0.074,-0.067,-0.08,7.25%
2017/8/7,-0.069,-0.058,-0.058,-0.075,4.55%
2017/8/6,-0.066,-0.066,-0.066,-0.066,3.12%
2017/8/4,-0.064,-0.039,-0.039,-0.083,30.61%
2017/8/3,-0.049,-0.012,-0.01,-0.051,308.33%
2017/8/2,-0.012,0.025,0.025,-0.012,-133.33%
2017/7/31,0.036,0.045,0.058,0.031,-14.29%
2017/7/28,0.042,0.025,0.072,0.02,55.56%
2017/7/27,0.027,0.022,0.031,0.004,-12.90%
2017/7/26,0.031,0.041,0.041,0.029,-13.89%
2017/7/25,0.036,-0.001,0.041,-0.002,-1900.00%
2017/7/24,-0.002,-0.006,0.001,-0.01,-80.00%
2017/7/21,-0.01,0.007,0.007,-0.013,-600.00%
2017/7/20,0.002,-0.011,0.003,-0.023,-110.53%
2017/7/19,-0.019,0.004,0.004,-0.021,-733.33%
2017/7/18,0.003,0.004,0.012,-0.001,-250.00%
2017/7/17,-0.002,0.017,0.019,-0.005,-110.53%
2017/7/16,0.019,0.019,0.019,0.019,46.15%
2017/7/14,0.013,0.025,0.025,0.003,-38.10%
2017/7/13,0.021,0.015,0.021,-0.013,23.53%
2017/7/12,0.017,0.013,0.017,-0.006,183.33%
2017/7/11,0.006,0.001,0.012,-0.002,-175.00%
2017/7/10,-0.008,0.028,0.028,-0.013,-260.00%
2017/7/7,0.005,0.021,0.021,0.005,-28.57%
2017/7/6,0.007,-0.012,0.012,-0.036,-115.91%
2017/7/5,-0.044,-0.02,-0.018,-0.046,41.94%
2017/7/4,-0.031,-0.022,-0.022,-0.038,-11.43%
2017/7/3,-0.035,-0.023,-0.023,-0.048,29.63%
2017/7/2,-0.027,-0.027,-0.027,-0.027,0.00%
2017/7/1,-0.027,-0.027,-0.027,-0.027,0.00%
2017/6/30,-0.027,-0.05,-0.027,-0.059,-59.09%
2017/6/29,-0.066,-0.095,-0.06,-0.095,-30.53%
2017/6/28,-0.095,-0.095,-0.09,-0.117,-26.92%
2017/6/27,-0.13,-0.165,-0.13,-0.166,-22.16%
2017/6/26,-0.167,-0.16,-0.16,-0.173,7.05%
2017/6/25,-0.156,-0.156,-0.156,-0.156,-3.11%
2017/6/23,-0.161,-0.161,-0.153,-0.164,-4.17%
2017/6/22,-0.168,-0.152,-0.152,-0.176,12.00%
2017/6/21,-0.15,-0.148,-0.147,-0.176,-1.32%
2017/6/20,-0.152,-0.142,-0.142,-0.158,3.40%
2017/6/19,-0.147,-0.149,-0.147,-0.157,-4.55%
2017/6/16,-0.154,-0.163,-0.144,-0.163,-4.35%
2017/6/15,-0.161,-0.166,-0.158,-0.194,-11.54%
2017/6/14,-0.182,-0.173,-0.166,-0.184,5.81%
2017/6/13,-0.172,-0.166,-0.166,-0.187,-8.02%
2017/6/12,-0.187,-0.179,-0.178,-0.191,7.47%
2017/6/9,-0.174,-0.189,-0.174,-0.189,-4.40%
2017/6/8,-0.182,-0.161,-0.161,-0.188,-1.09%
2017/6/7,-0.184,-0.179,-0.179,-0.223,-1.08%
2017/6/6,-0.186,-0.155,-0.155,-0.196,16.25%
2017/6/5,-0.16,-0.16,-0.16,-0.16,-13.51%
2017/6/2,-0.185,-0.179,-0.171,-0.192,5.71%
2017/6/1,-0.175,-0.164,-0.164,-0.184,2.34%
2017/5/31,-0.171,-0.141,-0.141,-0.181,3.01%
2017/5/30,-0.166,-0.149,-0.134,-0.166,12.93%
2017/5/29,-0.147,-0.138,-0.132,-0.151,8.09%
2017/5/26,-0.136,-0.121,-0.119,-0.139,15.25%
2017/5/24,-0.118,-0.098,-0.098,-0.124,3.51%
2017/5/23,-0.114,-0.095,-0.094,-0.114,14.00%
2017/5/22,-0.1,-0.081,-0.081,-0.129,-10.71%
2017/5/19,-0.112,-0.107,-0.103,-0.115,-5.08%
2017/5/18,-0.118,-0.081,-0.081,-0.141,21.65%
2017/5/17,-0.097,-0.058,-0.058,-0.098,70.18%
2017/5/16,-0.057,-0.058,-0.046,-0.061,-6.56%
2017/5/15,-0.061,-0.06,-0.06,-0.072,0.00%
2017/5/12,-0.061,-0.054,-0.038,-0.061,45.24%
2017/5/11,-0.042,-0.029,-0.023,-0.052,-4.55%
2017/5/10,-0.044,-0.043,-0.024,-0.054,15.79%
2017/5/9,-0.038,-0.048,-0.038,-0.052,-43.28%
2017/5/8,-0.067,-0.048,-0.047,-0.086,67.50%
2017/5/7,-0.04,-0.04,-0.04,-0.04,-36.51%
2017/5/5,-0.063,-0.084,-0.063,-0.091,-21.25%
2017/5/4,-0.08,-0.111,-0.075,-0.117,-37.01%
2017/5/3,-0.127,-0.116,-0.116,-0.138,-0.78%
2017/5/2,-0.128,-0.088,-0.088,-0.128,4.07%
2017/4/28,-0.123,-0.115,-0.103,-0.125,0.82%
2017/4/27,-0.122,-0.101,-0.078,-0.122,25.77%
2017/4/26,-0.097,-0.091,-0.089,-0.105,-3.96%
2017/4/25,-0.101,-0.113,-0.101,-0.138,-25.19%
2017/4/24,-0.135,-0.154,-0.116,-0.158,-31.82%
2017/4/22,-0.198,-0.198,-0.198,-0.198,-7.91%
2017/4/21,-0.215,-0.179,-0.179,-0.219,8.59%
2017/4/20,-0.198,-0.209,-0.195,-0.224,-6.16%
2017/4/19,-0.211,-0.215,-0.21,-0.22,-1.40%
2017/4/18,-0.214,-0.17,-0.17,-0.215,18.23%
2017/4/17,-0.181,-0.181,-0.181,-0.181,-4.74%
2017/4/13,-0.19,-0.183,-0.182,-0.198,7.34%
2017/4/12,-0.177,-0.162,-0.162,-0.18,5.36%
2017/4/11,-0.168,-0.173,-0.163,-0.184,-4.00%
2017/4/10,-0.175,-0.151,-0.151,-0.175,10.76%
2017/4/7,-0.158,-0.141,-0.141,-0.165,12.86%
2017/4/6,-0.14,-0.15,-0.14,-0.153,-1.41%
2017/4/5,-0.142,-0.13,-0.13,-0.149,4.41%
2017/4/4,-0.136,-0.128,-0.128,-0.146,15.25%
2017/4/3,-0.118,-0.103,-0.103,-0.12,10.28%
2017/3/31,-0.107,-0.1,-0.096,-0.113,2.88%
2017/3/30,-0.104,-0.103,-0.1,-0.117,-16.13%
2017/3/29,-0.124,-0.07,-0.06,-0.124,85.07%
2017/3/28,-0.067,-0.035,-0.035,-0.073,52.27%
2017/3/27,-0.044,-0.033,-0.033,-0.052,51.72%
2017/3/26,-0.029,-0.029,-0.029,-0.029,0.00%
2017/3/24,-0.029,-0.017,-0.008,-0.029,38.10%
2017/3/23,-0.021,-0.024,-0.021,-0.039,-16.00%
2017/3/22,-0.025,-0.007,-0.005,-0.035,316.67%
2017/3/21,-0.006,-0.014,0.024,-0.016,-66.67%
2017/3/20,-0.018,-0.026,-0.015,-0.026,-25.00%
2017/3/18,-0.024,-0.024,-0.024,-0.024,0.00%
2017/3/17,-0.024,-0.007,0.005,-0.024,-22.58%
2017/3/16,-0.031,-0.04,-0.009,-0.042,-41.51%
2017/3/15,-0.053,0.003,0.011,-0.053,-5400.00%
2017/3/14,0.001,0.029,0.046,0.001,-95.65%
2017/3/13,0.023,0.046,0.051,-0.011,-28.13%
2017/3/10,0.032,-0.025,0.034,-0.025,-218.52%
2017/3/9,-0.027,-0.07,-0.027,-0.077,-66.25%
2017/3/8,-0.08,-0.132,-0.079,-0.136,-40.74%
2017/3/7,-0.135,-0.12,-0.12,-0.135,6.30%
2017/3/6,-0.127,-0.127,-0.125,-0.14,-3.79%
2017/3/3,-0.132,-0.182,-0.132,-0.184,-25.42%
2017/3/2,-0.177,-0.203,-0.176,-0.207,-12.81%
2017/3/1,-0.203,-0.223,-0.202,-0.224,-15.42%
2017/2/28,-0.24,-0.217,-0.211,-0.24,11.11%
2017/2/27,-0.216,-0.219,-0.209,-0.219,1.89%
2017/2/24,-0.212,-0.194,-0.194,-0.213,13.37%
2017/2/23,-0.187,-0.16,-0.154,-0.195,11.31%
2017/2/22,-0.168,-0.137,-0.137,-0.173,25.37%
2017/2/21,-0.134,-0.135,-0.119,-0.147,-8.22%
2017/2/20,-0.146,-0.142,-0.141,-0.153,-5.81%
2017/2/17,-0.155,-0.117,-0.117,-0.16,26.02%
2017/2/16,-0.123,-0.09,-0.09,-0.132,19.42%
2017/2/15,-0.103,-0.09,-0.09,-0.106,11.96%
2017/2/14,-0.092,-0.116,-0.09,-0.125,-24.59%
2017/2/13,-0.122,-0.111,-0.111,-0.129,-3.94%
2017/2/10,-0.127,-0.125,-0.117,-0.136,-9.29%
2017/2/9,-0.14,-0.121,-0.121,-0.153,6.06%
2017/2/8,-0.132,-0.078,-0.078,-0.132,43.48%
2017/2/7,-0.092,-0.092,-0.076,-0.105,3.37%
2017/2/6,-0.089,-0.058,-0.058,-0.101,21.92%
2017/2/3,-0.073,-0.043,-0.033,-0.073,37.74%
2017/2/2,-0.053,-0.032,-0.023,-0.053,82.76%
2017/2/1,-0.029,-0.063,-0.027,-0.063,-56.72%
2017/1/31,-0.067,-0.079,-0.064,-0.096,-23.86%
2017/1/30,-0.088,-0.072,-0.054,-0.088,25.71%
2017/1/27,-0.07,-0.05,-0.046,-0.075,45.83%
2017/1/26,-0.048,-0.05,-0.043,-0.07,-28.36%
2017/1/25,-0.067,-0.07,-0.046,-0.083,-35.58%
2017/1/24,-0.104,-0.111,-0.094,-0.113,-3.70%
2017/1/23,-0.108,-0.079,-0.078,-0.11,28.57%
2017/1/20,-0.084,-0.09,-0.073,-0.09,-5.62%
2017/1/19,-0.089,-0.133,-0.077,-0.136,-35.97%
2017/1/18,-0.139,-0.159,-0.139,-0.171,-16.27%
2017/1/17,-0.166,-0.18,-0.156,-0.187,-7.26%
2017/1/16,-0.179,-0.161,-0.161,-0.183,11.88%
2017/1/13,-0.16,-0.182,-0.157,-0.182,-13.98%
2017/1/12,-0.186,-0.194,-0.164,-0.194,9.41%
2017/1/11,-0.17,-0.157,-0.157,-0.17,-26.09%
2017/1/10,-0.23,-0.216,-0.202,-0.241,9.52%
2017/1/9,-0.21,-0.178,-0.17,-0.235,13.51%
2017/1/6,-0.185,-0.205,-0.185,-0.226,-7.50%
2017/1/5,-0.2,-0.188,-0.181,-0.245,6.95%
2017/1/4,-0.187,-0.182,-0.174,-0.215,4.47%
2017/1/3,-0.179,-0.198,-0.174,-0.244,-4.79%
2017/1/2,-0.188,-0.219,-0.188,-0.232,-8.74%
2016/12/30,-0.206,-0.129,-0.116,-0.207,-10.04%
2016/12/29,-0.229,-0.192,-0.11,-0.243,25.82%
2016/12/28,-0.182,-0.186,-0.171,-0.211,0.55%
2016/12/27,-0.181,-0.137,-0.095,-0.186,15.29%
2016/12/23,-0.157,-0.146,-0.132,-0.166,3.97%
2016/12/22,-0.151,-0.097,-0.082,-0.151,33.63%
2016/12/21,-0.113,-0.072,-0.072,-0.125,2.73%
2016/12/20,-0.11,-0.111,-0.089,-0.134,-7.56%
2016/12/19,-0.119,-0.079,-0.079,-0.119,20.20%
2016/12/16,-0.099,-0.081,-0.067,-0.104,28.57%
2016/12/15,-0.077,-0.078,-0.04,-0.089,-28.04%
2016/12/14,-0.107,-0.083,-0.068,-0.122,37.18%
2016/12/13,-0.078,-0.05,-0.033,-0.092,62.50%
2016/12/12,-0.048,-0.092,-0.002,-0.092,-47.83%
2016/12/9,-0.092,-0.087,-0.059,-0.106,6.98%
2016/12/8,-0.086,-0.096,-0.047,-0.111,-21.82%
2016/12/7,-0.11,-0.088,-0.083,-0.117,7.84%
2016/12/6,-0.102,-0.104,-0.092,-0.125,-8.93%
2016/12/5,-0.112,-0.158,-0.093,-0.158,-25.83%
2016/12/2,-0.151,-0.116,-0.048,-0.151,46.60%
2016/12/1,-0.103,-0.16,-0.09,-0.161,-41.14%
2016/11/30,-0.175,-0.18,-0.15,-0.199,0.00%
2016/11/29,-0.175,-0.206,-0.157,-0.211,-15.05%
2016/11/28,-0.206,-0.175,-0.174,-0.206,24.85%
2016/11/25,-0.165,-0.164,-0.156,-0.191,2.48%
2016/11/24,-0.161,-0.164,-0.149,-0.193,18.38%
2016/11/23,-0.136,-0.158,-0.125,-0.202,-27.27%
2016/11/22,-0.187,-0.158,-0.143,-0.196,13.33%
2016/11/21,-0.165,-0.115,-0.097,-0.165,46.02%
2016/11/18,-0.113,-0.118,-0.081,-0.133,3.67%
2016/11/17,-0.109,-0.128,-0.103,-0.147,-6.03%
2016/11/16,-0.116,-0.116,-0.09,-0.126,-8.66%
2016/11/15,-0.127,-0.112,-0.098,-0.135,19.81%
2016/11/14,-0.106,-0.174,-0.08,-0.174,-39.43%
2016/11/11,-0.175,-0.208,-0.15,-0.209,-18.98%
2016/11/10,-0.216,-0.322,-0.188,-0.322,-32.92%
2016/11/9,-0.322,-0.325,-0.292,-0.377,-3.59%
2016/11/8,-0.334,-0.331,-0.315,-0.348,3.41%
2016/11/7,-0.323,-0.32,-0.306,-0.348,-9.52%
2016/11/4,-0.357,-0.338,-0.314,-0.357,5.62%
2016/11/3,-0.338,-0.373,-0.314,-0.373,-7.40%
2016/11/2,-0.365,-0.351,-0.321,-0.393,4.29%
2016/11/1,-0.35,-0.39,-0.332,-0.39,-11.62%
2016/10/31,-0.396,-0.4,-0.385,-0.411,-1.74%
2016/10/28,-0.403,-0.368,-0.347,-0.419,4.13%
2016/10/27,-0.387,-0.449,-0.387,-0.452,-14.19%
2016/10/26,-0.451,-0.498,-0.442,-0.502,-9.07%
2016/10/25,-0.496,-0.507,-0.471,-0.511,-1.00%
2016/10/24,-0.501,-0.515,-0.465,-0.529,1.21%
2016/10/21,-0.495,-0.496,-0.472,-0.515,-1.98%
2016/10/20,-0.505,-0.496,-0.472,-0.514,1.20%
2016/10/19,-0.499,-0.481,-0.455,-0.508,2.25%
2016/10/18,-0.488,-0.432,-0.418,-0.489,4.72%
2016/10/17,-0.466,-0.428,-0.414,-0.476,1.08%
2016/10/15,-0.461,-0.461,-0.461,-0.461,-3.56%
2016/10/14,-0.478,-0.5,-0.434,-0.502,-5.16%
2016/10/13,-0.504,-0.444,-0.444,-0.514,3.70%
2016/10/12,-0.486,-0.519,-0.44,-0.519,-5.45%
2016/10/11,-0.514,-0.497,-0.447,-0.523,5.76%
2016/10/10,-0.486,-0.495,-0.439,-0.532,-5.26%
2016/10/7,-0.513,-0.522,-0.462,-0.533,0.20%
2016/10/6,-0.512,-0.465,-0.451,-0.549,4.92%
2016/10/5,-0.488,-0.539,-0.468,-0.548,-8.79%
2016/10/4,-0.535,-0.555,-0.526,-0.566,-4.12%
2016/10/3,-0.558,-0.582,-0.54,-0.582,-2.28%
2016/9/30,-0.571,-0.546,-0.542,-0.58,2.15%
2016/9/29,-0.559,-0.55,-0.517,-0.559,1.82%
2016/9/28,-0.549,-0.542,-0.506,-0.565,0.18%
2016/9/27,-0.548,-0.491,-0.478,-0.562,7.87%
2016/9/26,-0.508,-0.432,-0.418,-0.532,4.10%
2016/9/25,-0.488,-0.488,-0.488,-0.488,0.00%
2016/9/24,-0.488,-0.488,-0.488,-0.488,1.67%
2016/9/23,-0.48,-0.482,-0.46,-0.497,0.84%
2016/9/22,-0.476,-0.433,-0.419,-0.487,9.43%
2016/9/21,-0.435,-0.431,-0.373,-0.437,1.16%
2016/9/20,-0.43,-0.393,-0.367,-0.44,13.76%
2016/9/19,-0.378,-0.388,-0.378,-0.417,-5.74%
2016/9/17,-0.401,-0.401,-0.401,-0.401,-0.74%
2016/9/16,-0.404,-0.349,-0.335,-0.424,12.53%
2016/9/15,-0.359,-0.378,-0.338,-0.378,-6.99%
2016/9/14,-0.386,-0.371,-0.329,-0.386,0.52%
2016/9/13,-0.384,-0.404,-0.356,-0.404,-0.26%
2016/9/12,-0.385,-0.43,-0.371,-0.436,-13.09%
2016/9/9,-0.443,-0.481,-0.426,-0.485,-12.28%
2016/9/8,-0.505,-0.502,-0.472,-0.518,-1.37%
2016/9/7,-0.512,-0.492,-0.492,-0.518,0.99%
2016/9/6,-0.507,-0.463,-0.454,-0.51,9.50%
2016/9/5,-0.463,-0.488,-0.437,-0.488,-0.22%
2016/9/2,-0.464,-0.464,-0.451,-0.481,-1.49%
2016/9/1,-0.471,-0.478,-0.45,-0.497,-2.08%
2016/8/31,-0.481,-0.508,-0.472,-0.509,-3.61%
2016/8/30,-0.499,-0.521,-0.476,-0.521,0.20%
2016/8/29,-0.498,-0.525,-0.484,-0.525,-3.49%
2016/8/26,-0.516,-0.525,-0.502,-0.527,0.00%
2016/8/25,-0.516,-0.534,-0.498,-0.534,-1.53%
2016/8/24,-0.524,-0.513,-0.499,-0.528,1.16%
2016/8/23,-0.518,-0.488,-0.488,-0.523,3.60%
2016/8/22,-0.5,-0.495,-0.477,-0.523,2.46%
2016/8/19,-0.488,-0.518,-0.481,-0.529,-3.56%
2016/8/18,-0.506,-0.499,-0.485,-0.522,1.61%
2016/8/17,-0.498,-0.479,-0.468,-0.502,3.97%
2016/8/16,-0.479,-0.511,-0.479,-0.524,-8.59%
2016/8/15,-0.524,-0.542,-0.507,-0.555,-5.59%
2016/8/14,-0.555,-0.555,-0.555,-0.555,0.00%
2016/8/13,-0.555,-0.555,-0.555,-0.555,0.54%
2016/8/12,-0.552,-0.534,-0.518,-0.559,3.76%
2016/8/11,-0.532,-0.548,-0.53,-0.564,-0.56%
2016/8/10,-0.535,-0.54,-0.506,-0.557,4.70%
2016/8/9,-0.511,-0.521,-0.486,-0.544,-3.58%
2016/8/8,-0.53,-0.539,-0.517,-0.539,-3.11%
2016/8/6,-0.547,-0.547,-0.547,-0.547,4.59%
2016/8/5,-0.523,-0.542,-0.505,-0.561,-2.24%
2016/8/4,-0.535,-0.511,-0.495,-0.553,3.28%
2016/8/3,-0.518,-0.535,-0.496,-0.535,-0.77%
2016/8/2,-0.522,-0.565,-0.506,-0.572,-7.12%
2016/8/1,-0.562,-0.597,-0.562,-0.597,-2.60%
2016/7/29,-0.577,-0.55,-0.536,-0.577,3.59%
2016/7/28,-0.557,-0.503,-0.503,-0.572,2.77%
2016/7/27,-0.542,-0.529,-0.467,-0.547,2.46%
2016/7/26,-0.529,-0.524,-0.502,-0.538,2.12%
2016/7/25,-0.518,-0.524,-0.501,-0.534,2.37%
2016/7/22,-0.506,-0.521,-0.496,-0.537,-0.78%
2016/7/21,-0.51,-0.54,-0.493,-0.549,-4.49%
2016/7/20,-0.534,-0.544,-0.508,-0.582,-0.93%
2016/7/19,-0.539,-0.557,-0.539,-0.581,-5.93%
2016/7/18,-0.573,-0.552,-0.538,-0.576,2.87%
2016/7/15,-0.557,-0.57,-0.542,-0.581,0.36%
2016/7/14,-0.555,-0.609,-0.537,-0.604,-6.09%
2016/7/13,-0.591,-0.59,-0.581,-0.638,-1.66%
2016/7/12,-0.601,-0.635,-0.562,-0.635,-4.30%
2016/7/11,-0.628,-0.584,-0.573,-0.642,5.37%
2016/7/8,-0.596,-0.579,-0.565,-0.621,2.76%
2016/7/7,-0.58,-0.605,-0.558,-0.619,-3.65%
2016/7/6,-0.602,-0.622,-0.599,-0.652,0.00%
2016/7/5,-0.602,-0.6,-0.59,-0.618,3.79%
2016/7/4,-0.58,-0.563,-0.563,-0.594,-0.68%
2016/7/1,-0.584,-0.571,-0.524,-0.612,3.18%
2016/6/30,-0.566,-0.513,-0.502,-0.566,9.69%
2016/6/29,-0.516,-0.498,-0.472,-0.53,0.98%
2016/6/28,-0.511,-0.51,-0.489,-0.534,-0.20%
2016/6/27,-0.512,-0.484,-0.447,-0.532,12.04%
2016/6/24,-0.457,-0.488,-0.416,-0.537,21.87%
2016/6/23,-0.375,-0.415,-0.366,-0.42,-6.02%
2016/6/22,-0.399,-0.417,-0.396,-0.445,-7.42%
2016/6/21,-0.431,-0.429,-0.41,-0.456,0.70%
2016/6/20,-0.428,-0.445,-0.422,-0.467,-16.24%
2016/6/17,-0.511,-0.525,-0.511,-0.525,-3.77%
2016/6/16,-0.531,-0.493,-0.493,-0.534,5.15%
2016/6/15,-0.505,-0.483,-0.483,-0.505,5.65%
2016/6/14,-0.478,-0.487,-0.472,-0.494,1.06%
2016/6/13,-0.473,-0.46,-0.45,-0.49,4.19%
2016/6/10,-0.454,-0.454,-0.441,-0.459,4.13%
2016/6/9,-0.436,-0.413,-0.413,-0.441,5.83%
2016/6/8,-0.412,-0.426,-0.402,-0.445,-4.63%
2016/6/7,-0.432,-0.394,-0.394,-0.432,7.20%
2016/6/6,-0.403,-0.407,-0.398,-0.42,1.00%
2016/6/3,-0.399,-0.384,-0.374,-0.425,3.91%
2016/6/2,-0.384,-0.37,-0.357,-0.387,-1.79%
2016/6/1,-0.391,-0.333,-0.333,-0.394,25.72%
2016/5/31,-0.311,-0.314,-0.294,-0.328,2.64%
2016/5/30,-0.303,-0.305,-0.291,-0.317,-4.11%
2016/5/27,-0.316,-0.305,-0.305,-0.329,-0.63%
2016/5/26,-0.318,-0.299,-0.282,-0.323,8.53%
2016/5/25,-0.293,-0.298,-0.269,-0.299,7.33%
2016/5/24,-0.273,-0.294,-0.273,-0.306,-6.83%
2016/5/23,-0.293,-0.294,-0.292,-0.313,0.00%
2016/5/20,-0.293,-0.304,-0.281,-0.325,-5.79%
2016/5/19,-0.311,-0.302,-0.278,-0.316,1.97%
2016/5/18,-0.305,-0.306,-0.282,-0.337,-2.24%
2016/5/17,-0.312,-0.323,-0.293,-0.325,-0.95%
2016/5/13,-0.315,-0.306,-0.304,-0.337,3.62%
2016/5/12,-0.304,-0.31,-0.278,-0.335,2.01%
2016/5/11,-0.298,-0.304,-0.29,-0.32,-4.18%
2016/5/10,-0.311,-0.311,-0.287,-0.318,2.30%
2016/5/9,-0.304,-0.288,-0.288,-0.304,2.70%
2016/5/6,-0.296,-0.277,-0.272,-0.302,0.00%
2016/5/5,-0.296,-0.278,-0.278,-0.296,12.12%
2016/5/4,-0.264,-0.264,-0.255,-0.273,-5.71%
2016/5/3,-0.28,-0.223,-0.223,-0.282,14.75%
2016/5/2,-0.244,-0.255,-0.242,-0.267,-2.40%
2016/4/29,-0.25,-0.252,-0.238,-0.279,-4.58%
2016/4/28,-0.262,-0.233,-0.23,-0.28,11.02%
2016/4/27,-0.236,-0.229,-0.218,-0.25,11.85%
2016/4/26,-0.211,-0.238,-0.211,-0.258,-14.23%
2016/4/25,-0.246,-0.27,-0.226,-0.284,-9.56%
2016/4/22,-0.272,-0.28,-0.257,-0.288,-3.55%
2016/4/21,-0.282,-0.333,-0.264,-0.333,-15.06%
2016/4/20,-0.332,-0.328,-0.325,-0.341,0.91%
2016/4/19,-0.329,-0.346,-0.326,-0.353,-2.66%
2016/4/18,-0.338,-0.352,-0.332,-0.363,-3.43%
2016/4/15,-0.35,-0.34,-0.331,-0.359,3.86%
2016/4/14,-0.337,-0.332,-0.325,-0.366,-1.75%
2016/4/13,-0.343,-0.34,-0.32,-0.354,-3.38%
2016/4/12,-0.355,-0.362,-0.317,-0.362,-1.66%
2016/4/11,-0.361,-0.371,-0.358,-0.389,1.69%
2016/4/8,-0.355,-0.37,-0.349,-0.38,-8.27%
2016/4/7,-0.387,-0.346,-0.339,-0.388,3.75%
2016/4/6,-0.373,-0.364,-0.352,-0.382,2.75%
2016/4/5,-0.363,-0.346,-0.346,-0.375,0.83%
2016/4/4,-0.36,-0.368,-0.345,-0.368,7.14%
2016/4/1,-0.336,-0.34,-0.314,-0.349,0.60%
2016/3/31,-0.334,-0.333,-0.324,-0.351,-1.76%
2016/3/30,-0.34,-0.34,-0.329,-0.37,2.41%
2016/3/29,-0.332,-0.327,-0.322,-0.354,-0.30%
2016/3/24,-0.333,-0.311,-0.311,-0.343,6.73%
2016/3/23,-0.312,-0.329,-0.277,-0.329,-4.59%
2016/3/22,-0.327,-0.321,-0.318,-0.347,2.83%
2016/3/21,-0.318,-0.306,-0.298,-0.322,7.43%
2016/3/18,-0.296,-0.282,-0.282,-0.316,4.23%
2016/3/17,-0.284,-0.317,-0.282,-0.347,-8.97%
2016/3/16,-0.312,-0.273,-0.273,-0.312,13.04%
2016/3/15,-0.276,-0.307,-0.269,-0.309,-7.07%
2016/3/14,-0.297,-0.329,-0.291,-0.329,-9.73%
2016/3/11,-0.329,-0.329,-0.329,-0.329,0.00%
2016/3/10,-0.329,-0.336,-0.322,-0.346,1.23%
2016/3/9,-0.325,-0.393,-0.32,-0.394,-20.15%
2016/3/8,-0.407,-0.387,-0.385,-0.423,3.30%
2016/3/7,-0.394,-0.405,-0.387,-0.412,-2.48%
2016/3/4,-0.404,-0.423,-0.402,-0.425,-2.18%
2016/3/3,-0.413,-0.406,-0.398,-0.418,-0.48%
2016/3/2,-0.415,-0.426,-0.407,-0.429,-4.38%
2016/3/1,-0.434,-0.446,-0.425,-0.452,-2.25%
2016/2/29,-0.444,-0.424,-0.41,-0.451,6.73%
2016/2/26,-0.416,-0.421,-0.392,-0.424,0.48%
2016/2/25,-0.414,-0.414,-0.382,-0.421,0.98%
2016/2/24,-0.41,-0.37,-0.37,-0.414,13.26%
2016/2/23,-0.362,-0.358,-0.34,-0.381,1.12%
2016/2/22,-0.358,-0.312,-0.312,-0.363,11.53%
2016/2/19,-0.321,-0.333,-0.295,-0.338,2.56%
2016/2/18,-0.313,-0.307,-0.279,-0.313,7.56%
2016/2/17,-0.291,-0.282,-0.282,-0.335,-4.59%
2016/2/16,-0.305,-0.295,-0.273,-0.315,2.35%
2016/2/15,-0.298,-0.25,-0.247,-0.298,8.36%
2016/2/14,-0.275,-0.275,-0.275,-0.275,3.00%
2016/2/12,-0.267,-0.294,-0.265,-0.301,-11.88%
2016/2/11,-0.303,-0.27,-0.27,-0.33,13.48%
2016/2/10,-0.267,-0.316,-0.227,-0.316,-13.03%
2016/2/9,-0.307,-0.334,-0.299,-0.343,-4.36%
2016/2/8,-0.321,-0.261,-0.261,-0.338,18.89%
2016/2/5,-0.27,-0.289,-0.247,-0.293,-1.82%
2016/2/4,-0.275,-0.314,-0.255,-0.314,-10.13%
2016/2/3,-0.306,-0.281,-0.271,-0.321,7.75%
2016/2/2,-0.284,-0.276,-0.259,-0.299,-0.35%
2016/2/1,-0.285,-0.259,-0.259,-0.305,2.52%
2016/1/29,-0.278,-0.245,-0.239,-0.285,24.11%
2016/1/28,-0.224,-0.225,-0.204,-0.245,8.74%
2016/1/27,-0.206,-0.226,-0.179,-0.24,-9.25%
2016/1/26,-0.227,-0.209,-0.209,-0.244,7.58%
2016/1/25,-0.211,-0.184,-0.184,-0.229,13.44%
2016/1/22,-0.186,-0.193,-0.175,-0.216,-8.82%
2016/1/21,-0.204,-0.184,-0.164,-0.229,16.57%
2016/1/20,-0.175,-0.138,-0.138,-0.193,41.13%
2016/1/19,-0.124,-0.147,-0.116,-0.152,-10.79%
2016/1/18,-0.139,-0.151,-0.124,-0.154,-7.95%
2016/1/15,-0.151,-0.126,-0.118,-0.173,26.89%
2016/1/14,-0.119,-0.132,-0.118,-0.15,-4.03%
2016/1/13,-0.124,-0.077,-0.074,-0.138,40.91%
2016/1/12,-0.088,-0.077,-0.05,-0.088,17.33%
2016/1/11,-0.075,-0.099,-0.071,-0.104,-24.24%
2016/1/10,-0.099,-0.099,-0.099,-0.099,2.06%
2016/1/8,-0.097,-0.069,-0.051,-0.1,38.57%
2016/1/7,-0.07,-0.083,-0.057,-0.145,-32.04%
2016/1/6,-0.103,-0.089,-0.08,-0.122,-32.68%
2016/1/5,-0.153,-0.122,-0.122,-0.164,20.47%
2016/1/4,-0.127,-0.088,-0.088,-0.129,84.06%
2015/12/31,-0.069,-0.069,-0.069,-0.069,-8.00%
2015/12/30,-0.075,-0.077,-0.058,-0.077,-3.85%
2015/12/29,-0.078,-0.096,-0.076,-0.101,-18.75%
2015/12/28,-0.096,-0.098,-0.077,-0.098,5.49%
2015/12/23,-0.091,-0.112,-0.074,-0.112,-20.87%
2015/12/22,-0.115,-0.147,-0.111,-0.147,-22.82%
2015/12/21,-0.149,-0.162,-0.149,-0.163,-9.15%
2015/12/18,-0.164,-0.147,-0.147,-0.164,14.69%
2015/12/17,-0.143,-0.129,-0.129,-0.159,12.60%
2015/12/16,-0.127,-0.119,-0.118,-0.13,-0.78%
2015/12/15,-0.128,-0.19,-0.119,-0.19,-32.28%
2015/12/14,-0.189,-0.218,-0.184,-0.218,-12.90%
2015/12/11,-0.217,-0.193,-0.185,-0.219,3.83%
2015/12/10,-0.209,-0.239,-0.196,-0.239,-11.44%
2015/12/9,-0.236,-0.263,-0.226,-0.263,-10.94%
2015/12/8,-0.265,-0.284,-0.239,-0.289,-7.02%
2015/12/7,-0.285,-0.235,-0.235,-0.294,17.28%
2015/12/4,-0.243,-0.272,-0.217,-0.278,-10.33%
2015/12/3,-0.271,-0.383,-0.257,-0.39,-32.92%
2015/12/2,-0.404,-0.384,-0.384,-0.412,3.86%
2015/12/1,-0.389,-0.362,-0.353,-0.407,0.00%
2015/11/30,-0.389,-0.356,-0.35,-0.389,2.64%
2015/11/27,-0.379,-0.357,-0.354,-0.379,6.46%
2015/11/26,-0.356,-0.36,-0.356,-0.368,-5.07%
2015/11/25,-0.375,-0.317,-0.317,-0.379,13.98%
2015/11/24,-0.329,-0.306,-0.305,-0.33,9.67%
2015/11/23,-0.3,-0.324,-0.289,-0.324,-7.41%
2015/11/22,-0.324,-0.324,-0.324,-0.324,0.00%
2015/11/20,-0.324,-0.314,-0.314,-0.327,3.18%
2015/11/19,-0.314,-0.322,-0.305,-0.33,-2.18%
2015/11/18,-0.321,-0.313,-0.313,-0.353,3.22%
2015/11/17,-0.311,-0.315,-0.311,-0.331,0.32%
2015/11/16,-0.31,-0.318,-0.308,-0.326,0.65%
2015/11/13,-0.308,-0.281,-0.281,-0.313,10.00%
2015/11/12,-0.28,-0.28,-0.275,-0.29,0.72%
2015/11/11,-0.278,-0.318,-0.245,-0.319,-12.30%
2015/11/10,-0.317,-0.296,-0.284,-0.318,11.23%
2015/11/9,-0.285,-0.277,-0.265,-0.285,3.64%
2015/11/6,-0.275,-0.274,-0.273,-0.346,-5.82%
2015/11/5,-0.292,-0.257,-0.257,-0.294,6.96%
2015/11/4,-0.273,-0.266,-0.266,-0.286,2.63%
2015/11/3,-0.266,-0.246,-0.246,-0.281,-1.48%
2015/11/2,-0.27,-0.273,-0.251,-0.275,-0.74%
2015/10/30,-0.272,-0.263,-0.263,-0.282,1.12%
2015/10/29,-0.269,-0.309,-0.269,-0.321,-17.99%
2015/10/28,-0.328,-0.331,-0.322,-0.352,-4.09%
2015/10/27,-0.342,-0.296,-0.296,-0.352,12.87%
2015/10/26,-0.303,-0.29,-0.29,-0.31,0.66%
2015/10/23,-0.301,-0.282,-0.282,-0.308,1.69%
2015/10/22,-0.296,-0.239,-0.239,-0.299,20.33%
2015/10/21,-0.246,-0.216,-0.216,-0.252,14.42%
2015/10/20,-0.215,-0.229,-0.211,-0.249,-7.33%
2015/10/19,-0.232,-0.213,-0.201,-0.233,9.43%
2015/10/18,-0.212,-0.212,-0.212,-0.212,-3.64%
2015/10/16,-0.22,-0.203,-0.203,-0.23,11.11%
2015/10/15,-0.198,-0.205,-0.198,-0.221,-2.94%
2015/10/14,-0.204,-0.184,-0.184,-0.211,14.61%
2015/10/13,-0.178,-0.197,-0.178,-0.208,-15.24%
2015/10/12,-0.21,-0.168,-0.168,-0.21,19.32%
2015/10/9,-0.176,-0.179,-0.169,-0.197,-10.20%
2015/10/8,-0.196,-0.195,-0.191,-0.215,8.29%
2015/10/7,-0.181,-0.16,-0.16,-0.209,-9.95%
2015/10/6,-0.201,-0.194,-0.178,-0.219,-0.99%
2015/10/5,-0.203,-0.207,-0.203,-0.223,-10.18%
2015/10/3,-0.226,-0.226,-0.226,-0.226,0.89%
2015/10/2,-0.224,-0.178,-0.168,-0.231,34.94%
2015/10/1,-0.166,-0.119,-0.119,-0.172,36.07%
2015/9/30,-0.122,-0.114,-0.103,-0.144,-0.81%
2015/9/29,-0.123,-0.123,-0.115,-0.144,0.82%
2015/9/28,-0.122,-0.089,-0.087,-0.122,43.53%
2015/9/27,-0.085,-0.085,-0.085,-0.085,0.00%
2015/9/25,-0.085,-0.08,-0.067,-0.092,-16.67%
2015/9/24,-0.102,-0.073,-0.069,-0.108,17.24%
2015/9/23,-0.087,-0.089,-0.072,-0.092,4.82%
2015/9/22,-0.083,-0.03,-0.03,-0.083,196.43%
2015/9/21,-0.028,-0.042,-0.028,-0.042,-41.67%
2015/9/18,-0.048,-0.003,-0.003,-0.053,-284.62%
2015/9/17,0.026,0.027,0.042,0.02,225.00%
2015/9/16,0.008,0.017,0.017,-0.016,-900.00%
2015/9/15,-0.001,-0.077,-0.001,-0.077,-98.73%
2015/9/14,-0.079,-0.081,-0.069,-0.084,-1.25%
2015/9/11,-0.08,-0.089,-0.071,-0.092,-8.05%
2015/9/10,-0.087,-0.099,-0.078,-0.113,-3.33%
2015/9/9,-0.09,-0.125,-0.087,-0.142,-33.82%
2015/9/8,-0.136,-0.153,-0.13,-0.158,-15.00%
2015/9/7,-0.16,-0.148,-0.148,-0.16,11.89%
2015/9/4,-0.143,-0.124,-0.124,-0.144,16.26%
2015/9/3,-0.123,-0.106,-0.105,-0.128,18.27%
2015/9/2,-0.104,-0.09,-0.087,-0.119,2.97%
2015/9/1,-0.101,-0.119,-0.078,-0.122,-25.19%
2015/8/31,-0.135,-0.145,-0.12,-0.145,-6.90%
2015/8/28,-0.145,-0.131,-0.118,-0.157,9.02%
2015/8/27,-0.133,-0.153,-0.119,-0.166,-12.50%
2015/8/26,-0.152,-0.15,-0.131,-0.178,0.00%
2015/8/25,-0.152,-0.229,-0.137,-0.229,-35.04%
2015/8/24,-0.234,-0.21,-0.21,-0.255,14.15%
2015/8/21,-0.205,-0.21,-0.198,-0.219,1.49%
2015/8/20,-0.202,-0.208,-0.176,-0.21,12.85%
2015/8/19,-0.179,-0.188,-0.164,-0.206,-2.19%
2015/8/18,-0.183,-0.196,-0.168,-0.22,-2.66%
2015/8/17,-0.188,-0.162,-0.162,-0.208,18.24%
2015/8/14,-0.159,-0.161,-0.153,-0.192,-0.63%
2015/8/13,-0.16,-0.198,-0.155,-0.198,-18.37%
2015/8/12,-0.196,-0.158,-0.158,-0.205,22.50%
2015/8/11,-0.16,-0.114,-0.114,-0.164,30.08%
2015/8/10,-0.123,-0.11,-0.105,-0.136,-1.60%
2015/8/7,-0.125,-0.096,-0.09,-0.136,38.89%
2015/8/6,-0.09,-0.045,-0.045,-0.098,34.33%
2015/8/5,-0.067,-0.067,-0.024,-0.098,-17.28%
2015/8/4,-0.081,-0.051,-0.051,-0.095,30.65%
2015/8/3,-0.062,-0.037,-0.021,-0.062,72.22%
2015/7/31,-0.036,-0.033,-0.009,-0.051,24.14%
2015/7/30,-0.029,-0.004,-0.004,-0.029,262.50%
2015/7/29,-0.008,-0.03,0.007,-0.047,-68.00%
2015/7/28,-0.025,-0.059,-0.02,-0.059,-50.00%
2015/7/27,-0.05,-0.035,-0.032,-0.095,2.04%
2015/7/24,-0.049,-0.007,0.002,-0.067,-2550.00%
2015/7/23,0.002,0.041,0.041,-0.011,-71.43%
2015/7/22,0.007,0.045,0.047,0.007,-84.09%
2015/7/21,0.044,0.04,0.051,0.022,22.22%
2015/7/20,0.036,0.079,0.079,0.029,-54.43%
2015/7/18,0.079,0.079,0.079,0.079,14.49%
2015/7/17,0.069,0.096,0.099,0.063,-25.81%
2015/7/16,0.093,0.081,0.108,0.072,12.05%
2015/7/15,0.083,0.106,0.106,0.069,-13.54%
2015/7/14,0.096,0.114,0.133,0.078,-7.69%
2015/7/13,0.104,0.105,0.152,0.104,14.29%
2015/7/10,0.091,0.05,0.107,0.033,1200.00%
2015/7/9,0.007,0.004,0.033,-0.008,-216.67%
2015/7/8,-0.006,0.007,0.02,-0.02,50.00%
2015/7/7,-0.004,0.103,0.103,-0.004,-104.49%
2015/7/6,0.089,0.1,0.1,0.062,-4.30%
2015/7/3,0.093,0.161,0.161,0.093,-32.12%
2015/7/2,0.137,0.15,0.173,0.127,11.38%
2015/7/1,0.123,0.104,0.136,0.09,18.27%
2015/6/30,0.104,0.131,0.131,0.074,-5.45%
2015/6/29,0.11,0.144,0.144,0.082,-34.13%
2015/6/26,0.167,0.133,0.179,0.112,19.29%
2015/6/25,0.14,0.155,0.155,0.118,-9.68%
2015/6/24,0.155,0.159,0.181,0.122,-16.67%
2015/6/23,0.186,0.172,0.188,0.162,0.00%
2015/6/22,0.186,0.158,0.191,0.145,30.07%
2015/6/19,0.143,0.147,0.147,0.112,-1.38%
2015/6/18,0.145,0.119,0.145,0.102,13.28%
2015/6/17,0.128,0.132,0.146,0.094,6.67%
2015/6/16,0.12,0.127,0.133,0.095,-1.64%
2015/6/15,0.122,0.146,0.146,0.105,-25.61%
2015/6/12,0.164,0.172,0.195,0.148,0.61%
2015/6/11,0.163,0.242,0.264,0.158,-29.74%
2015/6/10,0.232,0.238,0.284,0.215,11.54%
2015/6/9,0.208,0.136,0.226,0.131,29.19%
2015/6/8,0.161,0.106,0.161,0.082,56.31%
2015/6/7,0.103,0.103,0.103,0.103,5.10%
2015/6/5,0.098,0.087,0.131,0.066,68.97%
2015/6/4,0.058,0.073,0.143,0.056,7.41%
2015/6/3,0.054,-0.009,0.066,-0.018,-280.00%
2015/6/2,-0.03,-0.06,-0.01,-0.068,-62.50%
2015/6/1,-0.08,-0.074,-0.041,-0.08,17.65%
2015/5/30,-0.068,-0.068,-0.068,-0.068,6.25%
2015/5/29,-0.064,-0.037,-0.023,-0.067,178.26%
2015/5/28,-0.023,-0.028,-0.013,-0.047,-32.35%
2015/5/27,-0.034,-0.013,0.004,-0.057,1600.00%
2015/5/26,-0.002,0.021,0.021,-0.025,-114.29%
2015/5/22,0.014,0.015,0.035,0.005,600.00%
2015/5/21,0.002,0.033,0.038,-0.004,-95.35%
2015/5/20,0.043,0.024,0.045,-0.011,138.89%
2015/5/19,0.018,0.054,0.054,-0.008,-70.00%
2015/5/18,0.06,0.064,0.071,0.046,7.14%
2015/5/15,0.056,0.104,0.118,0.055,-50.44%
2015/5/14,0.113,0.104,0.113,0.104,5.61%
2015/5/13,0.107,0.108,0.13,0.056,-1.83%
2015/5/12,0.109,0.083,0.16,0.083,34.57%
2015/5/11,0.081,0.068,0.109,0.063,15.71%
2015/5/8,0.07,0.133,0.139,0.07,-48.91%
2015/5/7,0.137,0.144,0.291,0.134,3.79%
2015/5/6,0.132,0.09,0.145,0.09,46.67%
2015/5/5,0.09,0.048,0.097,0.043,55.17%
2015/5/4,0.058,0.035,0.065,0.025,241.18%
2015/4/30,0.017,-0.01,0.045,-0.02,-148.57%
2015/4/29,-0.035,-0.065,-0.017,-0.085,-55.70%
2015/4/28,-0.079,-0.085,-0.079,-0.102,-15.05%
2015/4/27,-0.093,-0.083,-0.083,-0.113,17.72%
2015/4/24,-0.079,-0.1,-0.059,-0.113,-26.17%
2015/4/23,-0.107,-0.14,-0.1,-0.145,-19.55%
2015/4/22,-0.133,-0.149,-0.124,-0.186,-17.90%
2015/4/21,-0.162,-0.155,-0.131,-0.194,-11.96%
2015/4/20,-0.184,-0.135,-0.135,-0.191,4.55%
2015/4/17,-0.176,-0.113,-0.113,-0.195,18.92%
2015/4/16,-0.148,-0.157,-0.133,-0.194,-0.67%
2015/4/15,-0.149,-0.11,-0.097,-0.16,16.41%
2015/4/14,-0.128,-0.104,-0.097,-0.133,18.52%
2015/4/13,-0.108,-0.098,-0.088,-0.117,11.34%
2015/4/10,-0.097,-0.084,-0.072,-0.118,4.30%
2015/4/9,-0.093,-0.051,-0.044,-0.11,50.00%
2015/4/8,-0.062,-0.053,-0.015,-0.07,37.78%
2015/4/7,-0.045,-0.047,-0.04,-0.072,-28.57%
2015/4/2,-0.063,-0.046,-0.046,-0.08,-19.23%
2015/4/1,-0.078,-0.045,-0.035,-0.078,85.71%
2015/3/31,-0.042,-0.013,-0.013,-0.061,-19.23%
2015/3/30,-0.052,-0.018,0.002,-0.052,57.58%
2015/3/27,-0.033,-0.036,-0.016,-0.052,-17.50%
2015/3/26,-0.04,-0.044,-0.04,-0.088,-29.82%
2015/3/25,-0.057,-0.059,-0.049,-0.096,-18.57%
2015/3/24,-0.07,-0.053,-0.049,-0.094,42.86%
2015/3/23,-0.049,-0.062,-0.047,-0.086,-18.33%
2015/3/20,-0.06,-0.04,-0.033,-0.075,50.00%
2015/3/19,-0.04,-0.096,-0.039,-0.109,-42.03%
2015/3/18,-0.069,-0.042,-0.026,-0.089,16.95%
2015/3/17,-0.059,-0.039,-0.021,-0.066,73.53%
2015/3/16,-0.034,-0.016,-0.014,-0.067,466.67%
2015/3/13,-0.006,-0.048,0.002,-0.059,-90.16%
2015/3/12,-0.061,-0.082,-0.043,-0.098,-32.97%
2015/3/11,-0.091,-0.072,-0.03,-0.121,22.97%
2015/3/10,-0.074,-0.046,-0.037,-0.095,111.43%
2015/3/9,-0.035,0.007,0.007,-0.079,0.00%
2015/3/6,0,0.023,0.034,-0.038,-100.00%
2015/3/5,-0.015,0.021,0.05,-0.015,-175.00%
2015/3/4,0.02,-0.001,0.025,-0.028,122.22%
2015/3/3,0.009,0.001,0.012,-0.038,-128.12%
2015/3/2,-0.032,0.026,0.035,-0.045,-223.08%
2015/2/27,0.026,0.032,0.049,0.002,0.00%
2015/2/26,0.026,0.053,0.066,-0.009,-25.71%
2015/2/25,0.035,0.105,0.105,0.035,-65.00%
2015/2/24,0.1,0.103,0.116,0.069,-8.26%
2015/2/23,0.109,0.08,0.08,0.068,67.69%
2015/2/20,0.065,0.054,0.096,0.029,20.37%
2015/2/19,0.054,0.093,0.097,0.045,-43.16%
2015/2/18,0.095,0.103,0.103,0.043,7.95%
2015/2/17,0.088,0.092,0.111,0.035,-3.30%
2015/2/16,0.091,0.064,0.097,0.025,89.58%
2015/2/13,0.048,0.031,0.067,0.005,45.45%
2015/2/12,0.033,0.075,0.075,0.001,-45.90%
2015/2/11,0.061,0.02,0.069,0.007,306.67%
2015/2/10,0.015,-0.058,0.016,-0.082,-124.19%
2015/2/9,-0.062,-0.065,-0.04,-0.1,6.90%
2015/2/6,-0.058,-0.093,-0.053,-0.119,-35.56%
2015/2/5,-0.09,-0.111,-0.085,-0.157,-25.62%
2015/2/4,-0.121,-0.115,-0.094,-0.14,-15.97%
2015/2/3,-0.144,-0.131,-0.119,-0.152,5.88%
2015/2/2,-0.136,-0.029,-0.014,-0.167,1600.00%
2015/2/1,-0.008,-0.008,-0.008,-0.008,-69.23%
2015/1/30,-0.026,-0.004,0.025,-0.067,13.04%
2015/1/29,-0.023,-0.002,0.009,-0.056,666.67%
2015/1/28,-0.003,-0.04,0.037,-0.044,-93.02%
2015/1/27,-0.043,-0.063,0.01,-0.088,-84.86%
2015/1/26,-0.284,-0.282,-0.277,-0.284,10.51%
2015/1/23,-0.257,-0.258,-0.257,-0.263,27.23%
2015/1/22,-0.202,-0.205,-0.176,-0.207,16.09%
2015/1/21,-0.174,-0.094,-0.089,-0.19,85.11%
2015/1/20,-0.094,-0.066,-0.037,-0.094,36.23%
2015/1/19,-0.069,-0.07,-0.015,-0.096,-206.15%
2015/1/16,0.065,0.067,0.075,0.065,-5.80%
2015/1/15,0.069,0.175,0.192,0.062,-58.68%
2015/1/14,0.167,0.21,0.21,0.155,-18.54%
2015/1/13,0.205,0.202,0.224,0.188,1.49%
2015/1/12,0.202,0.212,0.234,0.201,-14.41%
2015/1/9,0.236,0.205,0.251,0.197,17.41%
2015/1/8,0.201,0.192,0.213,0.192,5.24%
2015/1/7,0.191,0.219,0.233,0.172,-13.57%
2015/1/6,0.221,0.291,0.291,0.213,-21.07%
2015/1/5,0.28,0.328,0.329,0.275,-23.91%
2015/1/2,0.368,0.366,0.368,0.366,0.00%
2014/12/30,0.368,0.359,0.379,0.359,1.10%
2014/12/29,0.364,0.368,0.385,0.363,-4.46%
2014/12/28,0.381,0.381,0.381,0.381,0.00%
2014/12/24,0.381,0.381,0.381,0.381,0.53%
2014/12/23,0.379,0.377,0.394,0.366,5.57%
2014/12/22,0.359,0.34,0.377,0.323,6.21%
2014/12/19,0.338,0.333,0.345,0.324,23.81%
2014/12/18,0.273,0.265,0.273,0.235,-5.21%
2014/12/17,0.288,0.284,0.294,0.283,5.11%
2014/12/16,0.274,0.278,0.281,0.258,-3.18%
2014/12/15,0.283,0.296,0.299,0.272,4.81%
2014/12/14,0.27,0.27,0.27,0.27,0.00%
2014/12/12,0.27,0.277,0.277,0.256,0.75%
2014/12/11,0.268,0.295,0.295,0.266,-1.83%
2014/12/10,0.273,0.309,0.309,0.272,-2.85%
2014/12/9,0.281,0.305,0.305,0.277,-7.57%
2014/12/8,0.304,0.311,0.311,0.304,0.00%
2014/12/5,0.304,0.306,0.312,0.288,1.00%
2014/12/4,0.301,0.297,0.302,0.287,0.67%
2014/12/3,0.299,0.305,0.305,0.292,-1.32%
2014/12/2,0.303,0.319,0.319,0.3,0.66%
2014/12/1,0.301,0.309,0.313,0.301,-2.27%
2014/11/30,0.308,0.308,0.308,0.308,0.00%
2014/11/28,0.308,0.337,0.337,0.308,-5.81%
2014/11/27,0.327,0.351,0.351,0.327,-5.22%
2014/11/26,0.345,0.369,0.369,0.345,-5.22%
2014/11/25,0.364,0.38,0.38,0.364,-2.41%
2014/11/24,0.373,0.381,0.381,0.368,-0.80%
2014/11/21,0.376,0.39,0.39,0.371,0.00%
2014/11/20,0.376,0.403,0.403,0.369,-6.23%
2014/11/19,0.401,0.386,0.405,0.383,5.25%
2014/11/18,0.381,0.398,0.398,0.37,-2.06%
2014/11/17,0.389,0.385,0.391,0.376,1.83%
2014/11/16,0.382,0.382,0.382,0.382,0.00%
2014/11/14,0.382,0.381,0.384,0.371,-1.04%
2014/11/13,0.386,0.395,0.404,0.38,-0.52%
2014/11/12,0.388,0.417,0.417,0.378,-5.60%
2014/11/11,0.411,0.432,0.437,0.411,-1.67%
2014/11/10,0.418,0.423,0.423,0.418,-4.35%
2014/11/7,0.437,0.454,0.454,0.437,-2.24%
2014/11/6,0.447,0.459,0.459,0.445,-0.89%
2014/11/5,0.451,0.461,0.461,0.443,-0.44%
2014/11/4,0.453,0.473,0.473,0.442,-2.16%
2014/11/3,0.463,0.46,0.465,0.45,0.43%
2014/10/31,0.461,0.46,0.473,0.457,0.00%
2014/10/30,0.461,0.495,0.496,0.461,-6.11%
2014/10/29,0.491,0.486,0.494,0.476,0.82%
2014/10/28,0.487,0.489,0.489,0.474,0.21%
2014/10/27,0.486,0.486,0.49,0.475,3.18%
2014/10/24,0.471,0.456,0.471,0.437,4.43%
2014/10/23,0.451,0.44,0.461,0.435,-0.22%
2014/10/22,0.452,0.46,0.46,0.439,-0.44%
2014/10/21,0.454,0.438,0.458,0.416,1.57%
2014/10/20,0.447,0.463,0.463,0.442,-1.54%
2014/10/17,0.454,0.428,0.459,0.428,6.57%
2014/10/16,0.426,0.399,0.426,0.365,7.30%
2014/10/15,0.397,0.431,0.433,0.383,-7.46%
2014/10/14,0.429,0.449,0.45,0.424,-0.23%
2014/10/13,0.43,0.438,0.448,0.426,-3.59%
2014/10/10,0.446,0.451,0.462,0.433,2.29%
2014/10/9,0.436,0.465,0.465,0.413,-3.75%
2014/10/8,0.453,0.459,0.471,0.437,-1.31%
2014/10/7,0.459,0.476,0.476,0.448,2.00%
2014/10/6,0.45,0.478,0.478,0.443,-5.86%
2014/10/3,0.478,0.476,0.481,0.471,3.24%
2014/10/2,0.463,0.454,0.473,0.444,3.58%
2014/10/1,0.447,0.477,0.485,0.447,-6.49%
2014/9/30,0.478,0.498,0.498,0.474,-1.24%
2014/9/29,0.484,0.473,0.491,0.473,2.54%
2014/9/27,0.472,0.472,0.472,0.472,-0.63%
2014/9/26,0.475,0.486,0.486,0.463,0.64%
2014/9/25,0.472,0.492,0.492,0.471,-0.84%
2014/9/24,0.476,0.465,0.483,0.462,0.42%
2014/9/23,0.474,0.479,0.479,0.446,-3.07%
2014/9/22,0.489,0.489,0.499,0.481,-3.36%
2014/9/19,0.506,0.544,0.55,0.504,-2.13%
2014/9/18,0.517,0.507,0.536,0.502,2.78%
2014/9/17,0.503,0.537,0.537,0.503,-2.33%
2014/9/16,0.515,0.523,0.528,0.496,0.98%
2014/9/15,0.51,0.539,0.554,0.51,-3.23%
2014/9/13,0.527,0.527,0.527,0.527,-0.19%
2014/9/12,0.528,0.509,0.537,0.509,1.93%
2014/9/11,0.518,0.522,0.524,0.496,-0.58%
2014/9/10,0.521,0.547,0.56,0.521,-1.88%
2014/9/9,0.531,0.513,0.542,0.496,13.70%
2014/9/8,0.467,0.497,0.497,0.456,-2.91%
2014/9/5,0.481,0.503,0.52,0.478,-3.61%
2014/9/4,0.499,0.503,0.504,0.462,1.42%
2014/9/3,0.492,0.48,0.51,0.462,4.24%
2014/9/2,0.472,0.446,0.477,0.425,13.19%
2014/9/1,0.417,0.447,0.447,0.405,-4.14%
2014/8/31,0.435,0.435,0.435,0.435,0.00%
2014/8/29,0.435,0.433,0.446,0.425,0.93%
2014/8/28,0.431,0.45,0.452,0.425,-5.90%
2014/8/27,0.458,0.482,0.482,0.44,-4.98%
2014/8/26,0.482,0.486,0.49,0.459,3.66%
2014/8/25,0.465,0.488,0.495,0.435,-5.68%
2014/8/22,0.493,0.482,0.494,0.459,5.12%
2014/8/21,0.469,0.484,0.484,0.461,1.96%
2014/8/20,0.46,0.492,0.492,0.46,-1.71%
2014/8/19,0.468,0.485,0.485,0.456,-1.27%
2014/8/18,0.474,0.46,0.477,0.452,3.49%
2014/8/15,0.458,0.468,0.482,0.453,-1.51%
2014/8/14,0.465,0.429,0.473,0.408,11.24%
2014/8/13,0.418,0.437,0.448,0.416,-3.02%
2014/8/12,0.431,0.448,0.448,0.389,-2.71%
2014/8/11,0.443,0.445,0.452,0.436,-2.42%
2014/8/10,0.454,0.454,0.454,0.454,0.00%
2014/8/8,0.454,0.466,0.468,0.446,-4.02%
2014/8/7,0.473,0.494,0.494,0.473,-3.47%
2014/8/6,0.49,0.527,0.527,0.477,-6.49%
2014/8/5,0.524,0.524,0.529,0.516,0.00%
2014/8/4,0.524,0.522,0.526,0.512,-5.07%
2014/8/2,0.552,0.552,0.552,0.552,0.00%
2014/8/1,0.552,0.552,0.552,0.552,0.00%
2014/7/31,0.552,0.547,0.561,0.534,5.54%
2014/7/30,0.523,0.498,0.526,0.491,7.61%
2014/7/29,0.486,0.518,0.518,0.481,-4.14%
2014/7/28,0.507,0.524,0.527,0.505,-1.17%
2014/7/27,0.513,0.513,0.513,0.513,-0.39%
2014/7/25,0.515,0.533,0.534,0.515,-3.01%
2014/7/24,0.531,0.529,0.534,0.519,2.91%
2014/7/23,0.516,0.543,0.543,0.516,-4.09%
2014/7/22,0.538,0.545,0.546,0.536,0.00%
2014/7/21,0.538,0.55,0.55,0.538,-0.55%
2014/7/20,0.541,0.541,0.541,0.541,0.37%
2014/7/18,0.539,0.595,0.598,0.539,-8.80%
2014/7/17,0.591,0.609,0.609,0.587,-2.64%
2014/7/16,0.607,0.613,0.613,0.607,-0.33%
2014/7/15,0.609,0.611,0.613,0.608,-0.33%
2014/7/14,0.611,0.614,0.614,0.61,1.33%
2014/7/12,0.603,0.603,0.603,0.603,0.00%
2014/7/11,0.603,0.614,0.614,0.598,0.84%
2014/7/10,0.598,0.614,0.614,0.586,-2.92%
2014/7/9,0.616,0.622,0.622,0.61,0.49%
2014/7/8,0.613,0.645,0.645,0.613,-4.07%
2014/7/7,0.639,0.652,0.652,0.639,-1.54%
2014/7/4,0.649,0.663,0.663,0.642,-1.52%
2014/7/3,0.659,0.662,0.686,0.659,0.46%
2014/7/2,0.656,0.645,0.659,0.633,2.18%
2014/7/1,0.642,0.661,0.663,0.639,-0.47%
2014/6/30,0.645,0.667,0.667,0.642,-1.07%
2014/6/27,0.652,0.655,0.663,0.646,0.62%
2014/6/26,0.648,0.664,0.667,0.647,-3.57%
2014/6/25,0.672,0.708,0.708,0.67,-4.00%
2014/6/24,0.7,0.707,0.712,0.698,-0.14%
2014/6/23,0.701,0.724,0.724,0.7,-1.68%
2014/6/20,0.713,0.723,0.723,0.706,0.42%
2014/6/19,0.71,0.74,0.741,0.703,-4.70%
2014/6/18,0.745,0.77,0.773,0.745,-2.10%
2014/6/17,0.761,0.745,0.761,0.732,3.26%
2014/6/16,0.737,0.759,0.759,0.728,-3.28%
2014/6/13,0.762,0.772,0.775,0.747,0.26%
2014/6/12,0.76,0.756,0.777,0.751,-0.78%
2014/6/11,0.766,0.78,0.807,0.762,-1.67%
2014/6/10,0.779,0.717,0.779,0.711,10.50%
2014/6/9,0.705,0.705,0.705,0.705,0.43%
2014/6/6,0.702,0.733,0.733,0.69,-6.02%
2014/6/5,0.747,0.745,0.773,0.727,0.67%
2014/6/4,0.742,0.737,0.748,0.715,1.50%
2014/6/3,0.731,0.693,0.735,0.69,5.18%
2014/6/2,0.695,0.736,0.736,0.691,-3.87%
2014/5/30,0.723,0.727,0.73,0.712,1.26%
2014/5/29,0.714,0.714,0.714,0.714,-0.83%
2014/5/28,0.72,0.757,0.757,0.72,-4.64%
2014/5/27,0.755,0.792,0.792,0.751,-3.08%
2014/5/26,0.779,0.782,0.796,0.777,-1.64%
2014/5/25,0.792,0.792,0.792,0.792,0.00%
2014/5/23,0.792,0.786,0.802,0.774,-0.25%
2014/5/22,0.794,0.799,0.811,0.781,-2.10%
2014/5/21,0.811,0.798,0.813,0.775,1.63%
2014/5/20,0.798,0.767,0.805,0.753,4.04%
2014/5/19,0.767,0.738,0.769,0.727,2.54%
2014/5/16,0.748,0.71,0.752,0.7,7.16%
2014/5/15,0.698,0.733,0.74,0.688,-4.51%
2014/5/14,0.731,0.782,0.787,0.725,-6.40%
2014/5/13,0.781,0.815,0.824,0.773,-3.82%
2014/5/12,0.812,0.825,0.831,0.806,0.00%
2014/5/9,0.812,0.815,0.823,0.807,-0.61%
2014/5/8,0.817,0.851,0.851,0.813,-3.54%
2014/5/7,0.847,0.859,0.859,0.834,0.12%
2014/5/6,0.846,0.855,0.867,0.841,1.44%
2014/5/5,0.834,0.852,0.856,0.833,-0.83%
2014/5/2,0.841,0.837,0.867,0.836,-0.36%
2014/4/30,0.844,0.854,0.86,0.839,-2.20%
2014/4/29,0.863,0.856,0.888,0.856,1.41%
2014/4/28,0.851,0.858,0.86,0.842,-0.23%
2014/4/25,0.853,0.866,0.866,0.849,-1.61%
2014/4/24,0.867,0.876,0.876,0.858,-0.23%
2014/4/23,0.869,0.89,0.91,0.863,-3.66%
2014/4/22,0.902,0.879,0.91,0.875,3.80%
2014/4/17,0.869,0.857,0.884,0.853,0.46%
2014/4/16,0.865,0.855,0.88,0.845,2.49%
2014/4/15,0.844,0.871,0.888,0.844,-2.65%
2014/4/14,0.867,0.874,0.891,0.858,-0.57%
2014/4/11,0.872,0.891,0.9,0.863,-2.46%
2014/4/10,0.894,0.909,0.911,0.882,-2.93%
2014/4/9,0.921,0.922,0.924,0.906,0.77%
2014/4/8,0.914,0.911,0.917,0.897,1.33%
2014/4/7,0.902,0.913,0.92,0.891,-1.31%
2014/4/4,0.914,0.951,0.951,0.911,-2.87%
2014/4/3,0.941,0.976,0.981,0.935,-1.88%
2014/4/2,0.959,0.954,0.959,0.946,0.63%
2014/4/1,0.953,0.954,0.963,0.946,-0.31%
2014/3/31,0.956,0.937,0.968,0.937,1.49%
2014/3/28,0.942,0.925,0.948,0.924,1.73%
2014/3/27,0.926,0.97,0.97,0.926,-3.24%
2014/3/26,0.957,0.951,0.964,0.938,1.70%
2014/3/25,0.941,0.971,0.971,0.93,-4.56%
2014/3/24,0.986,1.016,1.023,0.986,-2.57%
2014/3/21,1.012,1.016,1.017,1.001,-0.39%
2014/3/20,1.016,1.017,1.021,1.003,3.67%
2014/3/19,0.98,0.973,0.98,0.966,0.72%
2014/3/18,0.973,0.975,0.976,0.962,0.52%
2014/3/17,0.968,0.959,0.971,0.959,0.31%
2014/3/14,0.965,0.947,0.967,0.937,1.47%
2014/3/13,0.951,0.978,0.98,0.951,-3.65%
2014/3/12,0.987,1.008,1.008,0.975,-2.28%
2014/3/11,1.01,1.02,1.02,0.993,0.10%
2014/3/10,1.009,1.016,1.026,1.009,-1.56%
2014/3/9,1.025,1.025,1.025,1.025,-1.06%
2014/3/7,1.036,1.02,1.052,1.013,0.78%
2014/3/6,1.028,1.013,1.028,1.013,6.31%
2014/3/5,0.967,0.954,0.979,0.954,2.65%
2014/3/4,0.942,0.934,0.945,0.925,2.28%
2014/3/3,0.921,0.981,0.981,0.921,-7.81%
2014/2/28,0.999,0.964,1.003,0.959,4.39%
2014/2/27,0.957,0.97,0.971,0.947,-3.04%
2014/2/26,0.987,1.006,1.015,0.974,-2.08%
2014/2/25,1.008,1.01,1.015,1.003,0.00%
2014/2/24,1.008,1.019,1.019,0.99,-0.69%
2014/2/21,1.015,1.021,1.029,1.006,-1.26%
2014/2/20,1.028,1.001,1.028,0.987,2.49%
2014/2/19,1.003,1.021,1.023,0.998,-1.57%
2014/2/18,1.019,1.04,1.04,1.014,-0.97%
2014/2/17,1.029,1.032,1.043,1.029,-0.58%
2014/2/14,1.035,1.031,1.035,1.026,-0.38%
2014/2/13,1.039,1.068,1.068,1.039,-0.67%
2014/2/12,1.046,1.034,1.056,1.034,0.87%
2014/2/11,1.037,1.039,1.044,1.034,0.78%
2014/2/10,1.029,1.009,1.03,1.004,0.98%
2014/2/7,1.019,1.026,1.027,1.008,-0.68%
2014/2/6,1.026,0.987,1.03,0.984,4.06%
2014/2/5,0.986,0.991,0.992,0.978,-0.40%
2014/2/4,0.99,0.978,0.994,0.975,-0.90%
2014/2/3,0.999,0.983,1.018,0.978,1.42%
2014/1/31,0.985,1.019,1.026,0.978,-4.09%
2014/1/30,1.027,1.031,1.038,1.019,-1.25%
2014/1/29,1.04,1.069,1.077,1.03,-1.61%
2014/1/28,1.057,1.06,1.076,1.046,0.86%
2014/1/27,1.048,1.05,1.064,1.042,-0.38%
2014/1/24,1.052,1.066,1.071,1.038,-2.14%
2014/1/23,1.075,1.112,1.112,1.068,-1.74%
2014/1/22,1.094,1.114,1.123,1.094,-1.26%
2014/1/21,1.108,1.142,1.146,1.108,-2.12%
2014/1/20,1.132,1.144,1.152,1.128,-1.48%
2014/1/17,1.149,1.159,1.171,1.147,-0.61%
2014/1/16,1.156,1.208,1.213,1.154,-3.51%
2014/1/15,1.198,1.204,1.224,1.197,-0.50%
2014/1/14,1.204,1.2,1.212,1.196,-1.63%
2014/1/13,1.224,1.235,1.236,1.21,-0.24%
2014/1/10,1.227,1.257,1.257,1.224,-2.08%
2014/1/9,1.253,1.247,1.28,1.236,0.72%
2014/1/8,1.244,1.198,1.256,1.198,3.93%
2014/1/7,1.197,1.207,1.208,1.193,-1.40%
2014/1/6,1.214,1.249,1.249,1.204,12.72%
2014/1/3,1.077,1.1,1.102,1.077,-0.28%
2014/1/2,1.08,1.08,1.08,1.079,-0.83%
2013/12/31,1.089,1.089,1.089,1.089,0.00%
2013/12/30,1.089,1.081,1.099,1.081,-0.27%
2013/12/27,1.092,1.069,1.096,1.069,2.54%
2013/12/25,1.065,1.065,1.065,1.065,0.00%
2013/12/24,1.065,1.065,1.065,1.065,0.09%
2013/12/23,1.064,1.054,1.066,1.044,0.47%
2013/12/20,1.059,1.054,1.069,1.045,-1.40%
2013/12/19,1.074,1.037,1.079,1.025,5.09%
2013/12/18,1.022,1.014,1.022,1.006,-0.10%
2013/12/17,1.023,1.009,1.04,1.003,0.69%
2013/12/16,1.016,0.984,1.016,0.977,2.83%
2013/12/13,0.988,0.982,0.999,0.979,1.23%
2013/12/12,0.976,0.98,0.992,0.97,0.10%
2013/12/11,0.975,0.99,0.99,0.971,-0.81%
2013/12/10,0.983,0.984,0.993,0.968,-1.11%
2013/12/9,0.994,0.991,0.997,0.974,2.16%
2013/12/6,0.973,0.98,1,0.962,1.25%
2013/12/5,0.961,0.959,0.983,0.936,1.91%
2013/12/4,0.943,0.928,0.944,0.911,3.06%
2013/12/3,0.915,0.915,0.93,0.901,2.23%
2013/12/2,0.895,0.886,0.915,0.886,1.59%
2013/11/29,0.881,0.89,0.892,0.874,-0.11%
2013/11/28,0.882,0.898,0.899,0.88,-0.45%
2013/11/27,0.886,0.891,0.891,0.866,1.49%
2013/11/26,0.873,0.913,0.913,0.873,-3.75%
2013/11/25,0.907,0.934,0.935,0.907,-0.87%
2013/11/22,0.915,0.943,0.959,0.915,-2.66%
2013/11/21,0.94,0.967,0.97,0.94,0.53%
2013/11/20,0.935,0.974,0.974,0.926,-4.49%
2013/11/19,0.979,0.953,0.979,0.933,4.37%
2013/11/18,0.938,0.961,0.983,0.938,-2.19%
2013/11/17,0.959,0.959,0.959,0.959,0.00%
2013/11/15,0.959,0.973,0.977,0.946,-1.03%
2013/11/14,0.969,0.996,1.007,0.965,-1.92%
2013/11/13,0.988,1.005,1.009,0.985,-0.20%
2013/11/12,0.99,0.978,0.992,0.975,3.02%
2013/11/11,0.961,0.968,0.987,0.951,-1.44%
2013/11/8,0.975,0.932,0.982,0.921,3.72%
2013/11/7,0.94,1.053,1.053,0.927,-6.28%
2013/11/6,1.003,0.978,1.003,0.949,1.31%
2013/11/5,0.99,0.965,0.99,0.947,6.00%
2013/11/4,0.934,0.981,0.981,0.931,-0.53%
2013/11/3,0.939,0.939,0.939,0.939,-4.86%
2013/11/1,0.987,0.96,0.992,0.929,1.44%
2013/10/31,0.973,0.98,0.982,0.919,4.18%
2013/10/30,0.934,0.993,0.993,0.932,-7.06%
2013/10/29,1.005,1,1.02,0.975,0.50%
2013/10/28,1,1.069,1.069,0.981,1.11%
2013/10/27,0.989,0.989,0.989,0.989,-0.20%
2013/10/25,0.991,0.993,1.023,0.983,-2.08%
2013/10/24,1.012,0.943,1.016,0.923,1.30%
2013/10/23,0.999,1.012,1.027,0.99,-1.96%
2013/10/22,1.019,1.113,1.123,1.004,-2.11%
2013/10/21,1.041,1.035,1.064,1.027,0.00%
2013/10/18,1.041,1.085,1.085,1.021,-3.70%
2013/10/17,1.081,1.096,1.101,1.066,-1.73%
2013/10/16,1.1,1.089,1.116,1.077,0.09%
2013/10/15,1.099,1.079,1.104,1.064,3.19%
2013/10/14,1.065,1.026,1.065,1.019,1.33%
2013/10/11,1.051,1.056,1.06,1.019,2.84%
2013/10/10,1.022,1.051,1.066,1.016,-0.97%
2013/10/9,1.032,1.103,1.139,0.991,-1.62%
2013/10/8,1.049,1.054,1.059,1.019,2.94%
2013/10/7,1.019,1.045,1.068,1.019,-4.41%
2013/10/4,1.066,1.056,1.07,1.026,3.80%
2013/10/3,1.027,1.042,1.066,1.017,-1.44%
2013/10/2,1.042,1.045,1.052,1.022,-0.67%
2013/10/1,1.049,1.04,1.049,1.023,2.84%
2013/9/30,1.02,1.045,1.045,1.012,-1.54%
2013/9/29,1.036,1.036,1.036,1.036,1.47%
2013/9/27,1.021,1.072,1.09,1.021,-5.11%
2013/9/26,1.076,1.086,1.086,1.046,2.48%
2013/9/25,1.05,1.063,1.097,1.046,-2.69%
2013/9/24,1.079,1.116,1.123,1.064,-4.00%
2013/9/23,1.124,1.119,1.144,1.085,4.17%
2013/9/22,1.079,1.079,1.079,1.079,-3.66%
2013/9/20,1.12,1.1,1.125,1.074,2.85%
2013/9/19,1.089,1.156,1.158,1.044,-5.80%
2013/9/18,1.156,1.118,1.166,1.114,2.85%
2013/9/17,1.124,1.143,1.148,1.105,1.54%
2013/9/16,1.107,1.129,1.149,1.105,-2.64%
2013/9/15,1.137,1.137,1.137,1.137,-2.74%
2013/9/13,1.169,1.18,1.199,1.15,1.21%
2013/9/12,1.155,1.175,1.194,1.145,-3.35%
2013/9/11,1.195,1.28,1.29,1.173,-1.81%
2013/9/10,1.217,1.164,1.222,1.156,6.47%
2013/9/9,1.143,1.153,1.163,1.121,1.60%
2013/9/8,1.125,1.125,1.125,1.125,0.00%
2013/9/7,1.125,1.125,1.125,1.125,0.72%
2013/9/6,1.117,1.167,1.184,1.117,-3.79%
2013/9/5,1.161,1.16,1.194,1.13,1.31%
2013/9/4,1.146,1.132,1.151,1.098,0.26%
2013/9/3,1.143,1.084,1.143,1.066,3.91%
2013/9/2,1.1,1.114,1.134,1.089,2.80%
2013/9/1,1.07,1.07,1.07,1.07,-1.47%
2013/8/30,1.086,1.095,1.1,1.077,-1.36%
2013/8/29,1.101,1.12,1.14,1.096,0.82%
2013/8/28,1.092,1.111,1.131,1.092,-2.33%
2013/8/27,1.118,1.127,1.137,1.082,-2.19%
2013/8/26,1.143,1.07,1.163,1.07,-1.30%
2013/8/23,1.158,1.119,1.183,1.091,6.63%
2013/8/22,1.086,1.095,1.115,1.067,0.84%
2013/8/21,1.077,1.052,1.082,1.022,2.18%
2013/8/20,1.054,1.093,1.093,1.021,-4.09%
2013/8/19,1.099,1.07,1.104,1.07,6.18%
2013/8/16,1.035,1.075,1.075,1.024,-4.26%
2013/8/15,1.081,1.035,1.081,0.998,6.61%
2013/8/14,1.014,1.053,1.062,1,-1.65%
2013/8/13,1.031,0.987,1.035,0.964,7.62%
2013/8/12,0.958,0.998,1.007,0.949,-0.42%
2013/8/11,0.962,0.962,0.962,0.962,0.00%
2013/8/10,0.962,0.962,0.962,0.962,-2.24%
2013/8/9,0.984,0.998,0.998,0.947,-1.50%
2013/8/8,0.999,0.982,1.018,0.964,-0.99%
2013/8/7,1.009,1.058,1.059,0.99,-1.18%
2013/8/6,1.021,1.074,1.084,1.021,-4.13%
2013/8/5,1.065,1.03,1.075,0.994,0.38%
2013/8/2,1.061,1.066,1.105,1.047,3.61%
2013/8/1,1.024,1.033,1.033,1.024,-1.06%
2013/7/31,1.035,1.052,1.067,0.997,-1.71%
2013/7/30,1.053,1.105,1.105,1.015,-0.19%
2013/7/29,1.055,1.029,1.069,1.029,0.96%
2013/7/26,1.045,1.065,1.084,1.026,-0.57%
2013/7/25,1.051,1.048,1.085,1.039,-1.50%
2013/7/24,1.067,1.019,1.067,1.019,6.38%
2013/7/23,1.003,1.05,1.05,0.965,1.01%
2013/7/22,0.993,1.002,1.007,0.975,1.85%
2013/7/19,0.975,0.981,0.998,0.971,-3.37%
2013/7/18,1.009,1.008,1.028,0.994,-2.32%
2013/7/17,1.033,1.033,1.067,1.007,2.08%
2013/7/16,1.012,1.04,1.04,0.995,-2.79%
2013/7/15,1.041,1.026,1.041,1.017,2.26%
2013/7/12,1.018,1.046,1.046,0.995,-3.23%
2013/7/11,1.052,1.052,1.071,1.043,-1.87%
2013/7/10,1.072,1.067,1.072,1.045,1.23%
2013/7/9,1.059,1.074,1.084,1.059,0.00%
2013/7/8,1.059,1.017,1.091,1.017,1.63%
2013/7/5,1.042,1.069,1.078,0.996,4.30%
2013/7/4,0.999,1.012,1.02,0.961,-2.92%
2013/7/3,1.029,1.034,1.034,0.994,-1.15%
2013/7/2,1.041,1.034,1.06,1.024,-0.48%
2013/7/1,1.046,1.051,1.07,1.046,0.48%
2013/6/28,1.041,1.015,1.048,0.997,1.07%
2013/6/27,1.03,1.115,1.122,1.011,-1.90%
2013/6/26,1.05,1.096,1.096,1.027,-4.81%
2013/6/25,1.103,1.177,1.186,1.05,0.36%
2013/6/24,1.099,1.018,1.115,1.013,12.95%
2013/6/23,0.973,0.973,0.973,0.973,0.93%
2013/6/21,0.964,0.971,0.98,0.924,0.63%
2013/6/20,0.958,0.939,0.958,0.911,9.11%
2013/6/19,0.878,0.878,0.887,0.838,5.02%
2013/6/18,0.836,0.824,0.853,0.82,1.21%
2013/6/17,0.826,0.863,0.863,0.821,0.36%
2013/6/16,0.823,0.823,0.823,0.823,-0.48%
2013/6/14,0.827,0.873,0.873,0.827,-4.17%
2013/6/13,0.863,0.869,0.891,0.843,-3.90%
2013/6/12,0.898,0.892,0.912,0.874,0.67%
2013/6/11,0.892,0.802,0.909,0.802,7.34%
2013/6/10,0.831,0.808,0.831,0.794,4.53%
2013/6/8,0.795,0.795,0.795,0.795,-1.61%
2013/6/7,0.808,0.794,0.822,0.752,1.64%
2013/6/6,0.795,0.785,0.823,0.757,1.92%
2013/6/5,0.78,0.801,0.817,0.78,-1.14%
2013/6/4,0.789,0.766,0.796,0.762,6.91%
2013/6/3,0.738,0.739,0.781,0.708,0.27%
2013/5/31,0.736,0.736,0.754,0.697,3.23%
2013/5/30,0.713,0.727,0.746,0.703,-4.42%
2013/5/29,0.746,0.733,0.756,0.709,0.00%
2013/5/28,0.746,0.684,0.746,0.651,8.91%
2013/5/27,0.685,0.676,0.685,0.647,4.42%
2013/5/25,0.656,0.656,0.656,0.656,-4.09%
2013/5/24,0.684,0.667,0.705,0.635,-1.44%
2013/5/23,0.694,0.654,0.694,0.634,0.43%
2013/5/22,0.691,0.664,0.691,0.642,8.14%
2013/5/21,0.639,0.628,0.691,0.624,3.73%
2013/5/20,0.616,0.636,0.636,0.616,-2.07%
2013/5/17,0.629,0.658,0.666,0.629,-5.41%
2013/5/16,0.665,0.655,0.673,0.618,0.15%
2013/5/15,0.664,0.655,0.678,0.634,6.58%
2013/5/14,0.623,0.65,0.65,0.601,2.81%
2013/5/13,0.606,0.65,0.65,0.606,-3.66%
2013/5/10,0.629,0.651,0.651,0.576,8.82%
2013/5/9,0.578,0.578,0.601,0.578,-3.99%
2013/5/8,0.602,0.652,0.652,0.589,1.01%
2013/5/7,0.596,0.576,0.623,0.565,4.56%
2013/5/6,0.57,0.646,0.646,0.551,-1.04%
2013/5/3,0.576,0.549,0.612,0.549,2.31%
2013/5/2,0.563,0.599,0.622,0.544,-3.92%
2013/5/1,0.586,0.586,0.586,0.586,-2.33%
2013/4/30,0.6,0.582,0.606,0.57,0.33%
2013/4/29,0.598,0.575,0.614,0.575,0.67%
2013/4/26,0.594,0.611,0.63,0.588,-4.65%
2013/4/25,0.623,0.627,0.632,0.601,2.30%
2013/4/24,0.609,0.632,0.661,0.596,-2.72%
2013/4/23,0.626,0.628,0.63,0.589,0.64%
2013/4/22,0.622,0.64,0.644,0.622,-2.96%
2013/4/19,0.641,0.636,0.641,0.627,0.63%
2013/4/18,0.637,0.628,0.646,0.62,0.63%
2013/4/17,0.633,0.651,0.665,0.633,-3.21%
2013/4/16,0.654,0.658,0.658,0.64,-0.76%
2013/4/15,0.659,0.656,0.692,0.646,-3.37%
2013/4/12,0.682,0.727,0.727,0.682,-2.85%
2013/4/11,0.702,0.705,0.722,0.667,0.72%
2013/4/10,0.697,0.697,0.715,0.692,0.29%
2013/4/9,0.695,0.681,0.713,0.681,2.51%
2013/4/8,0.678,0.664,0.681,0.646,7.96%
2013/4/5,0.628,0.687,0.696,0.628,-7.51%
2013/4/4,0.679,0.671,0.688,0.653,-2.02%
2013/4/3,0.693,0.679,0.711,0.668,-2.26%
2013/4/2,0.709,0.691,0.723,0.679,-1.94%
2013/3/29,0.723,0.723,0.723,0.723,-0.69%
2013/3/28,0.728,0.737,0.741,0.723,-1.89%
2013/3/27,0.742,0.747,0.774,0.742,-1.33%
2013/3/26,0.752,0.722,0.756,0.716,3.30%
2013/3/25,0.728,0.741,0.764,0.728,-3.06%
2013/3/22,0.751,0.747,0.751,0.733,0.54%
2013/3/21,0.747,0.743,0.747,0.704,-0.13%
2013/3/20,0.748,0.748,0.771,0.739,2.05%
2013/3/19,0.733,0.812,0.812,0.733,-4.18%
2013/3/18,0.765,0.76,0.774,0.742,-2.17%
2013/3/17,0.782,0.782,0.782,0.782,0.00%
2013/3/15,0.782,0.816,0.819,0.782,-5.21%
2013/3/14,0.825,0.807,0.834,0.802,2.23%
2013/3/13,0.807,0.771,0.812,0.771,2.54%
2013/3/12,0.787,0.778,0.792,0.774,3.42%
2013/3/11,0.761,0.774,0.779,0.759,-2.44%
2013/3/8,0.78,0.728,0.784,0.726,5.41%
2013/3/7,0.74,0.731,0.753,0.713,1.09%
2013/3/6,0.732,0.732,0.745,0.723,0.27%
2013/3/5,0.73,0.703,0.73,0.685,3.69%
2013/3/4,0.704,0.676,0.708,0.676,-0.14%
2013/3/1,0.705,0.709,0.722,0.686,0.00%
2013/2/28,0.705,0.719,0.736,0.705,-0.70%
2013/2/27,0.71,0.737,0.746,0.686,-4.57%
2013/2/26,0.744,0.728,0.788,0.721,-5.46%
2013/2/25,0.787,0.791,0.805,0.768,0.00%
2013/2/22,0.787,0.787,0.796,0.778,-0.13%
2013/2/21,0.788,0.81,0.81,0.766,-2.84%
2013/2/20,0.811,0.787,0.824,0.775,2.01%
2013/2/19,0.795,0.791,0.8,0.769,0.51%
2013/2/18,0.791,0.791,0.796,0.778,2.73%
2013/2/17,0.77,0.77,0.77,0.77,-3.39%
2013/2/15,0.797,0.788,0.797,0.783,0.50%
2013/2/14,0.793,0.806,0.82,0.788,-2.34%
2013/2/13,0.812,0.78,0.82,0.77,3.84%
2013/2/12,0.782,0.756,0.787,0.734,4.55%
2013/2/11,0.748,0.761,0.761,0.734,-2.98%
2013/2/9,0.771,0.771,0.771,0.771,0.00%
2013/2/8,0.771,0.771,0.775,0.756,-0.64%
2013/2/7,0.776,0.771,0.785,0.736,0.52%
2013/2/6,0.772,0.768,0.772,0.759,-0.26%
2013/2/5,0.774,0.765,0.774,0.743,0.39%
2013/2/4,0.771,0.774,0.797,0.74,-1.78%
2013/2/1,0.785,0.816,0.82,0.767,-2.24%
2013/1/31,0.803,0.794,0.808,0.748,-1.23%
2013/1/30,0.813,0.804,0.822,0.79,3.70%
2013/1/29,0.784,0.793,0.797,0.766,-1.63%
2013/1/28,0.797,0.757,0.806,0.719,5.15%
2013/1/25,0.758,0.71,0.767,0.705,9.54%
2013/1/24,0.692,0.701,0.715,0.679,-0.86%
2013/1/23,0.698,0.693,0.706,0.685,-0.29%
2013/1/22,0.7,0.709,0.757,0.7,-0.71%
2013/1/21,0.705,0.71,0.718,0.696,-0.70%
2013/1/18,0.71,0.737,0.772,0.689,3.20%
2013/1/17,0.688,0.672,0.729,0.628,1.62%
2013/1/16,0.677,0.628,0.677,0.628,1.65%
2013/1/15,0.666,0.653,0.67,0.638,3.26%
2013/1/14,0.645,0.671,0.68,0.645,-4.59%
2013/1/13,0.676,0.676,0.676,0.676,0.00%
2013/1/11,0.676,0.663,0.68,0.628,2.58%
2013/1/10,0.659,0.594,0.659,0.573,15.01%
2013/1/9,0.573,0.599,0.612,0.573,11.26%
2013/1/8,0.515,0.5,0.52,0.472,1.98%
2013/1/7,0.505,0.507,0.511,0.49,-3.07%
2013/1/4,0.521,0.486,0.526,0.486,7.87%
2013/1/3,0.483,0.473,0.501,0.451,6.86%
2013/1/1,0.452,0.452,0.452,0.452,0.00%
2012/12/31,0.452,0.452,0.452,0.452,0.00%
2012/12/30,0.452,0.452,0.452,0.452,0.00%
2012/12/28,0.452,0.447,0.462,0.431,-0.22%
2012/12/27,0.453,0.524,0.524,0.453,-6.60%
2012/12/24,0.485,0.485,0.485,0.485,0.00%
2012/12/23,0.485,0.485,0.485,0.485,0.00%
2012/12/22,0.485,0.485,0.485,0.485,0.00%
2012/12/21,0.485,0.48,0.5,0.43,-1.02%
2012/12/20,0.49,0.485,0.49,0.48,0.82%
2012/12/19,0.486,0.492,0.492,0.476,1.67%
2012/12/18,0.478,0.473,0.478,0.463,5.52%
2012/12/17,0.453,0.473,0.473,0.453,0.00%
2012/12/14,0.453,0.448,0.494,0.448,-0.22%
2012/12/13,0.454,0.424,0.459,0.414,8.35%
2012/12/12,0.419,0.389,0.419,0.389,8.83%
2012/12/11,0.385,0.385,0.39,0.375,2.39%
2012/12/10,0.376,0.396,0.396,0.376,-6.23%
2012/12/7,0.401,0.386,0.411,0.386,2.30%
2012/12/6,0.392,0.417,0.422,0.392,-6.00%
2012/12/5,0.417,0.452,0.452,0.412,-5.87%
2012/12/4,0.443,0.453,0.463,0.433,0.68%
2012/12/3,0.44,0.44,0.44,0.44,4.51%
2012/11/30,0.421,0.439,0.439,0.421,-4.32%
2012/11/29,0.44,0.433,0.444,0.433,4.02%
2012/11/28,0.423,0.523,0.525,0.423,-8.24%
2012/11/27,0.461,0.488,0.488,0.461,-1.28%
2012/11/26,0.467,0.495,0.495,0.467,-4.11%
2012/11/23,0.487,0.552,0.557,0.471,1.67%
2012/11/22,0.479,0.55,0.55,0.479,-0.21%
2012/11/21,0.48,0.474,0.505,0.47,1.27%
2012/11/20,0.474,0.431,0.474,0.431,7.24%
2012/11/19,0.442,0.49,0.49,0.438,2.31%
2012/11/16,0.432,0.431,0.432,0.431,-2.26%
2012/11/15,0.442,0.468,0.468,0.417,8.07%
2012/11/14,0.409,0.43,0.43,0.409,-2.15%
2012/11/13,0.418,0.44,0.44,0.418,-3.02%
2012/11/12,0.431,0.492,0.495,0.431,-0.23%
2012/11/9,0.432,0.449,0.449,0.422,-5.88%
2012/11/8,0.459,0.461,0.462,0.44,1.10%
2012/11/7,0.454,0.538,0.541,0.454,-3.61%
2012/11/6,0.471,0.485,0.488,0.469,1.51%
2012/11/5,0.464,0.484,0.484,0.464,-4.53%
2012/11/3,0.486,0.486,0.486,0.486,0.00%
2012/11/2,0.486,0.549,0.549,0.479,0.00%
2012/11/1,0.486,0.487,0.496,0.482,0.00%
2012/10/31,0.486,0.551,0.551,0.486,-2.02%
2012/10/30,0.496,0.533,0.533,0.486,1.22%
2012/10/29,0.49,0.544,0.544,0.49,-3.16%
2012/10/26,0.506,0.501,0.506,0.496,-1.17%
2012/10/25,0.512,0.515,0.527,0.512,3.23%
2012/10/24,0.496,0.493,0.506,0.491,2.48%
2012/10/23,0.484,0.51,0.51,0.484,-5.65%
2012/10/22,0.513,0.58,0.58,0.513,-2.29%
2012/10/19,0.525,0.595,0.595,0.525,-2.60%
2012/10/18,0.539,0.596,0.596,0.536,2.28%
2012/10/17,0.527,0.523,0.532,0.518,4.15%
2012/10/16,0.506,0.488,0.506,0.483,6.53%
2012/10/15,0.475,0.491,0.501,0.475,-4.43%
2012/10/12,0.497,0.541,0.545,0.497,-2.55%
2012/10/11,0.51,0.505,0.51,0.486,1.39%
2012/10/10,0.503,0.508,0.522,0.498,0.80%
2012/10/9,0.499,0.528,0.529,0.494,-2.54%
2012/10/8,0.512,0.567,0.567,0.512,-5.01%
2012/10/5,0.539,0.512,0.546,0.506,6.94%
2012/10/4,0.504,0.546,0.549,0.497,1.41%
2012/10/3,0.497,0.544,0.544,0.495,-6.75%
2012/10/2,0.533,0.562,0.562,0.521,2.11%
2012/10/1,0.522,0.528,0.54,0.522,-1.14%
2012/9/28,0.528,0.595,0.595,0.512,-2.58%
2012/9/27,0.542,0.618,0.618,0.542,-4.24%
2012/9/26,0.566,0.611,0.611,0.566,-4.07%
2012/9/25,0.59,0.584,0.59,0.583,-0.67%
2012/9/24,0.594,0.6,0.608,0.593,-2.46%
2012/9/23,0.609,0.609,0.609,0.609,0.00%
2012/9/22,0.609,0.609,0.609,0.609,0.00%
2012/9/21,0.609,0.662,0.662,0.6,-0.33%
2012/9/20,0.611,0.656,0.658,0.597,-0.33%
2012/9/19,0.613,0.676,0.676,0.612,-1.45%
2012/9/18,0.622,0.662,0.672,0.614,-0.80%
2012/9/17,0.627,0.713,0.716,0.61,-3.39%
2012/9/14,0.649,0.679,0.68,0.607,8.17%
2012/9/13,0.6,0.683,0.683,0.586,-3.23%
2012/9/12,0.62,0.629,0.659,0.616,2.31%
2012/9/11,0.606,0.614,0.615,0.588,0.83%
2012/9/10,0.601,0.614,0.615,0.599,2.04%
2012/9/7,0.589,0.598,0.615,0.559,8.47%
2012/9/6,0.543,0.577,0.577,0.514,6.89%
2012/9/5,0.508,0.515,0.517,0.484,2.42%
2012/9/4,0.496,0.558,0.558,0.496,-0.40%
2012/9/3,0.498,0.55,0.554,0.497,-1.78%
2012/8/31,0.507,0.544,0.544,0.494,5.85%
2012/8/30,0.479,0.521,0.521,0.479,-8.06%
2012/8/29,0.521,0.585,0.585,0.501,-1.14%
2012/8/28,0.527,0.583,0.583,0.518,-3.48%
2012/8/27,0.546,0.533,0.546,0.533,5.20%
2012/8/24,0.519,0.589,0.589,0.514,-5.29%
2012/8/23,0.548,0.591,0.593,0.537,-4.70%
2012/8/22,0.575,0.566,0.58,0.56,-0.52%
2012/8/21,0.578,0.591,0.593,0.56,2.66%
2012/8/20,0.563,0.621,0.621,0.563,0.18%
2012/8/17,0.562,0.622,0.622,0.562,-0.18%
2012/8/16,0.563,0.603,0.603,0.539,-3.43%
2012/8/15,0.583,0.598,0.598,0.583,1.04%
2012/8/14,0.577,0.599,0.599,0.576,1.05%
2012/8/13,0.571,0.599,0.599,0.569,-0.87%
2012/8/10,0.576,0.591,0.592,0.576,-3.52%
2012/8/9,0.597,0.601,0.601,0.588,4.74%
2012/8/8,0.57,0.626,0.626,0.57,-2.40%
2012/8/7,0.584,0.583,0.587,0.52,12.96%
2012/8/6,0.517,0.544,0.544,0.498,1.77%
2012/8/5,0.508,0.508,0.508,0.508,-0.39%
2012/8/3,0.51,0.515,0.52,0.44,12.33%
2012/8/2,0.454,0.545,0.545,0.453,-2.16%
2012/8/1,0.464,0.464,0.464,0.464,0.43%
2012/7/31,0.462,0.555,0.558,0.462,-9.06%
2012/7/30,0.508,0.518,0.528,0.502,-4.15%
2012/7/27,0.53,0.52,0.53,0.516,2.32%
2012/7/26,0.518,0.559,0.559,0.493,3.39%
2012/7/25,0.501,0.506,0.521,0.495,-1.18%
2012/7/24,0.507,0.493,0.515,0.493,2.42%
2012/7/23,0.495,0.469,0.5,0.469,3.34%
2012/7/20,0.479,0.525,0.528,0.479,-5.52%
2012/7/19,0.507,0.565,0.565,0.502,-2.87%
2012/7/18,0.522,0.545,0.545,0.516,-0.57%
2012/7/17,0.525,0.53,0.548,0.52,1.35%
2012/7/16,0.518,0.524,0.529,0.515,-3.72%
2012/7/13,0.538,0.519,0.54,0.512,3.26%
2012/7/12,0.521,0.541,0.541,0.509,-1.88%
2012/7/11,0.531,0.606,0.606,0.526,-4.84%
2012/7/10,0.558,0.597,0.597,0.532,2.20%
2012/7/9,0.546,0.545,0.55,0.532,-0.36%
2012/7/8,0.548,0.548,0.548,0.548,0.00%
2012/7/7,0.548,0.548,0.548,0.548,0.00%
2012/7/6,0.548,0.57,0.57,0.54,-3.52%
2012/7/5,0.568,0.664,0.664,0.567,-7.79%
2012/7/4,0.616,0.685,0.685,0.607,-1.75%
2012/7/3,0.627,0.62,0.632,0.608,3.81%
2012/7/2,0.604,0.642,0.658,0.598,-8.21%
2012/7/1,0.658,0.658,0.658,0.658,0.00%
2012/6/29,0.658,0.659,0.659,0.618,9.85%
2012/6/28,0.599,0.612,0.638,0.581,-1.80%
2012/6/27,0.61,0.614,0.616,0.607,-1.13%
2012/6/26,0.617,0.58,0.617,0.576,7.30%
2012/6/25,0.575,0.56,0.575,0.547,0.88%
2012/6/22,0.57,0.595,0.595,0.539,3.45%
2012/6/21,0.551,0.58,0.596,0.551,-7.71%
2012/6/20,0.597,0.613,0.621,0.563,8.94%
2012/6/19,0.548,0.536,0.552,0.506,2.43%
2012/6/18,0.535,0.553,0.608,0.535,-6.14%
2012/6/15,0.57,0.553,0.57,0.538,5.36%
2012/6/14,0.541,0.552,0.553,0.528,-2.17%
2012/6/13,0.553,0.582,0.606,0.553,2.41%
2012/6/12,0.54,0.543,0.563,0.538,-2.35%
2012/6/11,0.553,0.646,0.649,0.542,-9.34%
2012/6/8,0.61,0.665,0.665,0.583,-5.13%
2012/6/7,0.643,0.665,0.666,0.622,6.63%
2012/6/6,0.603,0.589,0.603,0.524,15.74%
2012/6/5,0.521,0.532,0.532,0.495,-1.51%
2012/6/4,0.529,0.552,0.552,0.481,6.44%
2012/6/1,0.497,0.567,0.567,0.475,-8.64%
2012/5/31,0.544,0.668,0.668,0.536,-5.06%
2012/5/30,0.573,0.668,0.668,0.571,-7.13%
2012/5/29,0.617,0.669,0.669,0.608,-3.29%
2012/5/28,0.638,0.638,0.638,0.638,0.00%
2012/5/25,0.638,0.652,0.655,0.636,-0.47%
2012/5/24,0.641,0.67,0.67,0.623,5.25%
2012/5/23,0.609,0.67,0.67,0.609,-10.31%
2012/5/22,0.679,0.653,0.687,0.653,4.95%
2012/5/21,0.647,0.618,0.653,0.616,5.03%
2012/5/18,0.616,0.597,0.635,0.577,-5.08%
2012/5/17,0.649,0.649,0.649,0.649,-0.92%
2012/5/16,0.655,0.668,0.672,0.614,5.48%
2012/5/15,0.621,0.602,0.634,0.6,5.97%
2012/5/14,0.586,0.618,0.626,0.575,-8.15%
2012/5/11,0.638,0.633,0.646,0.625,-0.16%
2012/5/10,0.639,0.639,0.67,0.613,1.11%
2012/5/9,0.632,0.713,0.717,0.609,-2.92%
2012/5/8,0.651,0.707,0.707,0.651,-1.66%
2012/5/7,0.662,0.655,0.663,0.655,-0.75%
2012/5/6,0.667,0.667,0.667,0.667,0.60%
2012/5/4,0.663,0.674,0.675,0.65,-2.21%
2012/5/3,0.678,0.688,0.695,0.672,-0.15%
2012/5/2,0.679,0.729,0.736,0.669,-4.77%
2012/5/1,0.713,0.713,0.713,0.713,0.00%
2012/4/30,0.713,0.723,0.728,0.705,-0.97%
2012/4/27,0.72,0.762,0.762,0.692,-0.14%
2012/4/26,0.721,0.753,0.755,0.701,-3.87%
2012/4/25,0.75,0.77,0.773,0.749,-0.66%
2012/4/24,0.755,0.743,0.762,0.735,3.00%
2012/4/23,0.733,0.76,0.76,0.727,-4.31%
2012/4/20,0.766,0.728,0.766,0.728,5.36%
2012/4/19,0.727,0.746,0.751,0.726,-0.82%
2012/4/18,0.733,0.828,0.828,0.729,-3.04%
2012/4/17,0.756,0.79,0.79,0.737,3.70%
2012/4/16,0.729,0.79,0.79,0.726,-3.06%
2012/4/13,0.752,0.815,0.815,0.752,-1.70%
2012/4/12,0.765,0.774,0.786,0.752,-2.42%
2012/4/11,0.784,0.823,0.83,0.756,6.52%
2012/4/10,0.736,0.745,0.745,0.725,-9.25%
2012/4/8,0.811,0.811,0.811,0.811,0.00%
2012/4/6,0.811,0.811,0.811,0.811,0.00%
2012/4/5,0.811,0.906,0.906,0.804,-4.59%
2012/4/4,0.85,0.929,0.929,0.85,-1.39%
2012/4/3,0.862,0.922,0.927,0.862,0.94%
2012/4/2,0.854,0.878,0.893,0.843,-0.35%
2012/3/30,0.857,0.862,0.868,0.85,0.71%
2012/3/29,0.851,0.889,0.907,0.851,-4.70%
2012/3/28,0.893,0.912,0.92,0.88,-2.40%
2012/3/27,0.915,0.917,0.917,0.898,-0.76%
2012/3/26,0.922,0.961,0.961,0.915,2.90%
2012/3/23,0.896,0.959,0.961,0.876,-0.88%
2012/3/22,0.904,0.922,0.922,0.895,-1.63%
2012/3/21,0.919,0.956,0.962,0.917,-1.39%
2012/3/20,0.932,0.973,0.973,0.924,0.87%
2012/3/19,0.924,0.988,0.988,0.918,-1.28%
2012/3/16,0.936,0.913,0.981,0.911,3.65%
2012/3/15,0.903,0.92,0.93,0.862,10.66%
2012/3/14,0.816,0.827,0.828,0.788,9.68%
2012/3/13,0.744,0.778,0.778,0.716,6.44%
2012/3/12,0.699,0.76,0.76,0.698,-1.83%
2012/3/9,0.712,0.77,0.776,0.699,1.14%
2012/3/8,0.704,0.753,0.753,0.686,2.03%
2012/3/7,0.69,0.7,0.7,0.67,2.53%
2012/3/6,0.673,0.739,0.739,0.663,-2.75%
2012/3/5,0.692,0.686,0.692,0.673,0.29%
2012/3/2,0.69,0.721,0.721,0.685,-4.17%
2012/3/1,0.72,0.698,0.728,0.698,-5.39%
2012/2/29,0.761,0.72,0.761,0.694,7.03%
2012/2/28,0.711,0.72,0.729,0.702,-8.14%
2012/2/27,0.774,0.767,0.774,0.718,0.52%
2012/2/24,0.77,0.769,0.772,0.757,-0.52%
2012/2/23,0.774,0.824,0.833,0.773,-0.77%
2012/2/22,0.78,0.824,0.824,0.779,-3.35%
2012/2/21,0.807,0.818,0.834,0.792,0.37%
2012/2/20,0.804,0.794,0.828,0.786,2.03%
2012/2/19,0.788,0.788,0.788,0.788,0.00%
2012/2/17,0.788,0.835,0.835,0.774,1.16%
2012/2/16,0.779,0.805,0.807,0.755,0.00%
2012/2/15,0.779,0.805,0.809,0.761,0.00%
2012/2/14,0.779,0.81,0.815,0.779,-4.30%
2012/2/13,0.814,0.89,0.893,0.794,-0.37%
2012/2/10,0.817,0.883,0.886,0.795,-2.39%
2012/2/9,0.837,0.818,0.838,0.79,2.57%
2012/2/8,0.816,0.848,0.848,0.797,4.75%
2012/2/7,0.779,0.766,0.784,0.728,7.15%
2012/2/6,0.727,0.787,0.787,0.708,-3.58%
2012/2/3,0.754,0.699,0.787,0.678,6.20%
2012/2/2,0.71,0.699,0.71,0.682,1.87%
2012/2/1,0.697,0.739,0.739,0.677,-0.29%
2012/1/31,0.699,0.784,0.789,0.699,-4.51%
2012/1/30,0.732,0.805,0.816,0.73,-3.17%
2012/1/27,0.756,0.756,0.775,0.756,-2.45%
2012/1/26,0.775,0.793,0.803,0.775,-3.25%
2012/1/25,0.801,0.875,0.875,0.799,-0.74%
2012/1/24,0.807,0.841,0.841,0.779,-0.62%
2012/1/23,0.812,0.817,0.819,0.767,2.14%
2012/1/20,0.795,0.805,0.813,0.729,5.72%
2012/1/19,0.752,0.737,0.752,0.722,-3.22%
2012/1/18,0.777,0.744,0.777,0.701,5.71%
2012/1/17,0.735,0.741,0.819,0.735,13.78%
2012/1/16,0.646,0.672,0.672,0.638,-3.73%
2012/1/13,0.671,0.644,0.698,0.644,5.67%
2012/1/12,0.635,0.656,0.656,0.617,-2.61%
2012/1/11,0.652,0.687,0.705,0.652,-5.23%
2012/1/10,0.688,0.68,0.696,0.68,1.03%
2012/1/9,0.681,0.652,0.692,0.652,4.13%
2012/1/6,0.654,0.605,0.679,0.605,9.18%
2012/1/5,0.599,0.696,0.707,0.563,-5.22%
2012/1/4,0.632,0.672,0.672,0.629,-5.53%
2012/1/3,0.669,0.689,0.732,0.667,-3.04%
2011/12/30,0.69,0.698,0.7,0.684,-1.00%
2011/12/29,0.697,0.715,0.735,0.695,-3.19%
2011/12/28,0.72,0.712,0.734,0.71,1.41%
2011/12/27,0.71,0.688,0.738,0.685,-1.80%
2011/12/23,0.723,0.743,0.743,0.687,0.42%
2011/12/22,0.72,0.741,0.756,0.702,-2.17%
2011/12/21,0.736,0.765,0.766,0.724,-3.29%
2011/12/20,0.761,0.712,0.761,0.712,7.64%
2011/12/19,0.707,0.716,0.722,0.689,0.00%
2011/12/16,0.707,0.732,0.737,0.692,-3.81%
2011/12/15,0.735,0.702,0.742,0.702,2.08%
2011/12/14,0.72,0.712,0.72,0.68,0.56%
2011/12/13,0.716,0.762,0.762,0.697,-6.28%
2011/12/12,0.764,0.74,0.805,0.74,1.73%
2011/12/9,0.751,0.738,0.769,0.738,-1.18%
2011/12/8,0.76,0.781,0.796,0.76,-3.18%
2011/12/7,0.785,0.839,0.839,0.779,-5.76%
2011/12/6,0.833,0.871,0.872,0.827,-2.80%
2011/12/5,0.857,0.842,0.885,0.836,3.75%
2011/12/2,0.826,0.871,0.896,0.826,-7.50%
2011/12/1,0.893,0.91,0.92,0.888,-1.87%
2011/11/30,0.91,0.917,0.922,0.891,-1.09%
2011/11/29,0.92,0.906,0.925,0.891,1.43%
2011/11/28,0.907,0.893,0.925,0.891,1.68%
2011/11/25,0.892,0.882,0.893,0.868,2.29%
2011/11/24,0.872,0.888,0.909,0.867,-2.46%
2011/11/23,0.894,0.844,0.906,0.844,3.71%
2011/11/22,0.862,0.921,0.921,0.835,2.38%
2011/11/21,0.842,0.916,0.916,0.82,-5.61%
2011/11/18,0.892,0.895,0.895,0.863,2.29%
2011/11/17,0.872,0.877,0.882,0.837,3.32%
2011/11/16,0.844,0.887,0.909,0.844,-3.54%
2011/11/15,0.875,0.952,0.952,0.871,-1.69%
2011/11/14,0.89,0.929,0.937,0.89,1.83%
2011/11/11,0.874,0.904,0.917,0.867,-1.80%
2011/11/10,0.89,0.884,0.909,0.869,6.21%
2011/11/9,0.838,0.899,0.899,0.816,-2.67%
2011/11/8,0.861,0.884,0.894,0.836,0.00%
2011/11/7,0.861,0.87,0.872,0.834,-2.71%
2011/11/4,0.885,0.94,0.977,0.868,-4.63%
2011/11/3,0.928,0.936,0.941,0.899,-2.42%
2011/11/2,0.951,0.938,0.971,0.923,4.85%
2011/11/1,0.907,0.978,0.978,0.901,-10.90%
2011/10/31,1.018,1.049,1.049,0.974,-4.41%
2011/10/28,1.065,1.081,1.093,1.027,0.09%
2011/10/27,1.064,1.022,1.064,1.004,8.35%
2011/10/26,0.982,1.01,1.05,0.982,-5.39%
2011/10/25,1.038,1.028,1.063,1.028,-0.29%
2011/10/24,1.041,1.01,1.041,1.003,1.46%
2011/10/21,1.026,1.013,1.026,1.013,0.59%
2011/10/20,1.02,0.994,1.035,0.994,0.69%
2011/10/19,1.013,1.037,1.037,1.013,-8.57%
2011/10/18,1.108,1.108,1.108,1.108,2.59%
2011/10/17,1.08,1.08,1.08,1.08,-4.85%
2011/10/14,1.135,1.135,1.135,1.135,2.90%
2011/10/13,1.103,1.103,1.103,1.103,-0.09%
2011/10/12,1.104,1.104,1.104,1.104,1.47%
2011/10/11,1.088,1.088,1.088,1.088,-1.63%
2011/10/10,1.106,1.106,1.106,1.106,0.09%
2011/10/7,1.105,1.105,1.105,1.105,7.39%
2011/10/6,1.029,1.029,1.029,1.029,5.21%
2011/10/5,0.978,0.978,0.978,0.978,0.00%
2011/10/4,0.978,0.978,0.978,0.978,-1.71%
2011/10/3,0.995,0.995,0.995,0.995,-3.40%
2011/9/30,1.03,1.03,1.03,1.03,-3.10%
2011/9/29,1.063,1.063,1.063,1.063,5.98%
2011/9/28,1.003,1.003,1.003,1.003,-0.50%
2011/9/27,1.008,1.008,1.008,1.008,4.13%
2011/9/26,0.968,0.968,0.968,0.968,-0.41%
2011/9/23,0.972,0.972,0.972,0.972,-1.92%
2011/9/22,0.991,0.991,0.991,0.991,-2.27%
2011/9/21,1.014,1.014,1.014,1.014,-2.97%
2011/9/20,1.045,1.045,1.045,1.045,-2.97%
2011/9/19,1.077,1.077,1.077,1.077,-3.41%
2011/9/16,1.115,1.115,1.115,1.115,-1.93%
2011/9/15,1.137,1.137,1.137,1.137,5.77%
2011/9/14,1.075,1.075,1.075,1.075,-1.19%
2011/9/13,1.088,1.088,1.088,1.088,2.35%
2011/9/12,1.063,1.063,1.063,1.063,-3.54%
2011/9/9,1.102,1.102,1.102,1.102,-2.82%
2011/9/8,1.134,1.134,1.134,1.134,1.07%
2011/9/7,1.122,1.122,1.122,1.122,7.37%
2011/9/6,1.045,1.045,1.045,1.045,5.13%
2011/9/5,0.994,0.994,0.994,0.994,-7.19%
2011/9/2,1.071,1.071,1.071,1.071,-8.15%
2011/9/1,1.166,1.166,1.166,1.166,-4.58%
2011/8/31,1.222,1.222,1.222,1.222,4.09%
2011/8/30,1.174,1.174,1.174,1.174,1.03%
2011/8/29,1.162,1.162,1.162,1.162,6.31%
2011/8/26,1.093,1.093,1.093,1.093,0.00%
2011/8/25,1.093,1.093,1.093,1.093,1.02%
2011/8/24,1.082,1.082,1.082,1.082,1.03%
2011/8/23,1.071,1.071,1.071,1.071,1.52%
2011/8/22,1.055,1.055,1.055,1.055,3.74%
2011/8/19,1.017,1.017,1.017,1.017,6.60%
2011/8/18,0.954,0.954,0.954,0.954,-18.32%
2011/8/17,1.168,1.168,1.168,1.168,-6.78%
2011/8/16,1.253,1.253,1.253,1.253,-1.88%
2011/8/15,1.277,1.277,1.277,1.277,-1.16%
2011/8/12,1.292,1.292,1.292,1.292,4.03%
2011/8/11,1.242,1.242,1.242,1.242,0.49%
2011/8/10,1.236,1.236,1.236,1.236,-1.28%
2011/8/9,1.252,1.252,1.252,1.252,-0.16%
2011/8/8,1.254,1.254,1.254,1.254,-5.57%
2011/8/5,1.328,1.328,1.328,1.328,-1.41%
2011/8/4,1.347,1.347,1.347,1.347,-1.82%
2011/8/3,1.372,1.372,1.372,1.372,0.22%
2011/8/2,1.369,1.369,1.369,1.369,-4.67%
2011/7/29,1.436,1.436,1.436,1.436,-4.27%
2011/7/28,1.5,1.5,1.5,1.5,0.87%
2011/7/27,1.487,1.487,1.487,1.487,-3.75%
2011/7/26,1.545,1.545,1.545,1.545,-1.65%
2011/7/25,1.571,1.571,1.571,1.571,-2.60%
2011/7/22,1.613,1.613,1.613,1.613,-3.64%
2011/7/21,1.674,1.674,1.674,1.674,4.56%
2011/7/20,1.601,1.601,1.601,1.601,-0.37%
2011/7/19,1.607,1.607,1.607,1.607,3.88%
2011/7/18,1.547,1.547,1.547,1.547,-1.40%
2011/7/15,1.569,1.569,1.569,1.569,-2.49%
2011/7/14,1.609,1.609,1.609,1.609,-0.37%
2011/7/13,1.615,1.615,1.615,1.615,-1.16%
2011/7/12,1.634,1.634,1.634,1.634,-1.80%
2011/7/11,1.664,1.664,1.664,1.664,-4.31%
2011/7/8,1.739,1.739,1.739,1.739,-2.79%
2011/7/7,1.789,1.789,1.789,1.789,3.83%
2011/7/6,1.723,1.723,1.723,1.723,-2.98%
2011/7/5,1.776,1.776,1.776,1.776,-0.45%
2011/7/4,1.784,1.784,1.784,1.784,0.06%
2011/7/1,1.783,1.783,1.783,1.783,-0.45%
2011/6/30,1.791,1.791,1.791,1.791,1.42%
2011/6/29,1.766,1.766,1.766,1.766,1.15%
2011/6/28,1.746,1.746,1.746,1.746,-0.11%
2011/6/27,1.748,1.748,1.748,1.748,1.10%
2011/6/24,1.729,1.729,1.729,1.729,0.52%
2011/6/23,1.72,1.72,1.72,1.72,-2.38%
2011/6/22,1.762,1.762,1.762,1.762,4.63%
2011/6/21,1.684,1.677,1.684,1.667,-4.43%
2011/6/20,1.762,1.762,1.762,1.762,1.26%
2011/6/17,1.74,1.74,1.74,1.74,-1.14%
2011/6/16,1.76,1.76,1.76,1.76,1.68%
2011/6/15,1.731,1.731,1.731,1.731,-0.12%
2011/6/14,1.733,1.733,1.733,1.733,0.87%
2011/6/10,1.718,1.718,1.718,1.718,-3.43%
2011/6/9,1.779,1.779,1.779,1.779,2.18%
2011/6/8,1.741,1.821,1.821,1.741,-4.71%
2011/6/7,1.827,1.827,1.827,1.827,1.95%
2011/6/6,1.792,1.792,1.792,1.792,-0.83%
2011/6/3,1.807,1.807,1.807,1.807,2.21%
2011/6/1,1.768,1.768,1.768,1.768,-1.56%
2011/5/31,1.796,1.796,1.796,1.796,-0.33%
2011/5/30,1.802,1.802,1.802,1.802,0.50%
2011/5/27,1.793,1.793,1.793,1.793,-0.99%
2011/5/26,1.811,1.811,1.811,1.811,-1.58%
2011/5/25,1.84,1.84,1.84,1.84,-1.34%
2011/5/24,1.865,1.865,1.865,1.865,2.59%
2011/5/23,1.818,1.818,1.818,1.818,-3.35%
2011/5/20,1.881,1.881,1.881,1.881,-2.84%
2011/5/19,1.936,1.936,1.936,1.936,1.57%
2011/5/18,1.906,1.906,1.906,1.906,0.32%
2011/5/17,1.9,1.9,1.9,1.9,-0.89%
2011/5/16,1.917,1.917,1.917,1.917,0.47%
2011/5/13,1.908,1.908,1.908,1.908,1.49%
2011/5/12,1.88,1.88,1.88,1.88,-1.62%
2011/5/11,1.911,1.911,1.911,1.911,0.26%
2011/5/10,1.906,1.906,1.906,1.906,1.44%
2011/5/9,1.879,1.879,1.879,1.879,-6.10%
2011/5/6,2.001,2.001,2.001,2.001,-1.53%
2011/5/5,2.032,2.032,2.032,2.032,1.04%
2011/5/4,2.011,2.011,2.011,2.011,-1.47%
2011/5/3,2.041,2.041,2.041,2.041,0.29%
2011/5/2,2.035,2.035,2.035,2.035,0.00%
2011/4/29,2.035,2.035,2.035,2.035,-1.45%
2011/4/28,2.065,2.065,2.065,2.065,0.05%
2011/4/27,2.064,2.064,2.064,2.064,1.13%
2011/4/26,2.041,2.041,2.041,2.041,-0.97%
2011/4/21,2.061,2.061,2.061,2.061,0.88%
2011/4/20,2.043,2.043,2.043,2.043,-0.44%
2011/4/19,2.052,2.052,2.052,2.052,-1.54%
2011/4/18,2.084,2.084,2.084,2.084,-0.19%
2011/4/15,2.088,2.088,2.088,2.088,-0.33%
2011/4/14,2.095,2.095,2.095,2.095,-2.01%
2011/4/12,2.138,2.138,2.138,2.138,0.28%
2011/4/11,2.132,2.132,2.132,2.132,0.61%
2011/4/8,2.119,2.119,2.119,2.119,3.52%
2011/4/7,2.047,2.047,2.047,2.047,-0.49%
2011/4/6,2.057,2.057,2.057,2.057,2.85%
2011/4/5,2,2,2,2,0.10%
2011/4/4,1.998,1.998,1.998,1.998,0.30%
2011/4/1,1.992,1.992,1.992,1.992,2.05%
2011/3/31,1.952,1.952,1.952,1.952,0.62%
2011/3/30,1.94,1.94,1.94,1.94,1.41%
2011/3/29,1.913,1.913,1.913,1.913,0.53%
2011/3/28,1.903,1.903,1.903,1.903,2.64%
2011/3/25,1.854,1.854,1.854,1.854,0.93%
2011/3/24,1.837,1.837,1.837,1.837,0.82%
2011/3/23,1.822,1.822,1.822,1.822,-2.04%
2011/3/22,1.86,1.86,1.86,1.86,0.27%
2011/3/21,1.855,1.855,1.855,1.855,3.63%
2011/3/18,1.79,1.79,1.79,1.79,-0.83%
2011/3/17,1.805,1.805,1.805,1.805,1.52%
2011/3/16,1.778,1.778,1.778,1.778,-1.55%
2011/3/15,1.806,1.806,1.806,1.806,-1.85%
2011/3/14,1.84,1.84,1.84,1.84,0.71%
2011/3/11,1.827,1.827,1.827,1.827,-1.67%
2011/3/10,1.858,1.858,1.858,1.858,-2.62%
2011/3/9,1.908,1.908,1.908,1.908,0.74%
2011/3/8,1.894,1.894,1.894,1.894,0.69%
2011/3/7,1.881,1.881,1.881,1.881,1.18%
2011/3/4,1.859,1.859,1.859,1.859,-0.96%
2011/3/3,1.877,1.877,1.877,1.877,1.08%
2011/3/2,1.857,1.857,1.857,1.857,-0.48%
2011/3/1,1.866,1.866,1.866,1.866,-1.48%
2011/2/28,1.894,1.894,1.894,1.894,0.42%
2011/2/25,1.886,1.886,1.886,1.886,2.06%
2011/2/24,1.848,1.848,1.848,1.848,-2.27%
2011/2/23,1.891,1.891,1.891,1.891,0.16%
2011/2/22,1.888,1.888,1.888,1.888,-1.56%
2011/2/21,1.918,1.918,1.918,1.918,0.10%
2011/2/18,1.916,1.916,1.916,1.916,1.75%
2011/2/17,1.883,1.883,1.883,1.883,-2.08%
2011/2/16,1.923,1.923,1.923,1.923,0.21%
2011/2/15,1.919,1.919,1.919,1.919,-0.16%
2011/2/14,1.922,1.922,1.922,1.922,0.16%
2011/2/11,1.919,1.919,1.919,1.919,-2.54%
2011/2/10,1.969,1.969,1.969,1.969,-0.56%
2011/2/9,1.98,1.98,1.98,1.98,2.11%
2011/2/8,1.939,1.939,1.939,1.939,1.04%
2011/2/7,1.919,1.919,1.919,1.919,0.37%
2011/2/4,1.912,1.912,1.912,1.912,1.32%
2011/2/3,1.887,1.887,1.887,1.887,-0.68%
2011/2/2,1.9,1.9,1.9,1.9,-1.35%
2011/2/1,1.926,1.926,1.926,1.926,4.50%
2011/1/31,1.843,1.843,1.843,1.843,-0.75%
2011/1/28,1.857,1.857,1.857,1.857,-0.80%
2011/1/27,1.872,1.872,1.872,1.872,0.16%
2011/1/26,1.869,1.869,1.869,1.869,0.05%
2011/1/25,1.868,1.868,1.868,1.868,-0.11%
2011/1/24,1.87,1.87,1.87,1.87,-1.53%
2011/1/21,1.899,1.899,1.899,1.899,-1.40%
2011/1/20,1.926,1.926,1.926,1.926,2.94%
2011/1/19,1.871,1.871,1.871,1.871,-1.06%
2011/1/18,1.891,1.891,1.891,1.891,1.18%
2011/1/17,1.869,1.869,1.869,1.869,-0.27%
2011/1/14,1.874,1.874,1.874,1.874,2.18%
2011/1/13,1.834,1.834,1.834,1.834,0.11%
2011/1/12,1.832,1.832,1.832,1.832,5.83%
2011/1/11,1.731,1.731,1.731,1.731,0.35%
2011/1/10,1.725,1.725,1.725,1.725,-2.98%
2011/1/7,1.778,1.778,1.778,1.778,-1.33%
2011/1/6,1.802,1.802,1.802,1.802,4.16%
2011/1/5,1.73,1.73,1.73,1.73,2.79%
2011/1/4,1.683,1.683,1.683,1.683,-0.59%
2011/1/3,1.693,1.693,1.693,1.693,-3.97%
2010/12/30,1.763,1.763,1.763,1.763,-1.01%
2010/12/29,1.781,1.781,1.781,1.781,3.91%
2010/12/28,1.714,1.714,1.714,1.714,-1.95%
2010/12/27,1.748,1.748,1.748,1.748,1.92%
2010/12/23,1.715,1.715,1.715,1.715,0.88%
2010/12/22,1.7,1.7,1.7,1.7,-6.85%
2010/12/21,1.825,1.825,1.825,1.825,-0.54%
2010/12/20,1.835,1.835,1.835,1.835,-3.98%
2010/12/17,1.911,1.911,1.911,1.911,-4.21%
2010/12/16,1.995,1.995,1.995,1.995,1.73%
2010/12/15,1.961,1.961,1.961,1.961,2.35%
2010/12/14,1.916,1.916,1.916,1.916,5.97%
2010/12/13,1.808,1.808,1.808,1.808,2.84%
2010/12/10,1.758,1.758,1.758,1.758,-0.11%
2010/12/9,1.76,1.76,1.76,1.76,0.00%
2010/12/8,1.76,1.76,1.76,1.76,4.39%
2010/12/7,1.686,1.686,1.686,1.686,1.02%
2010/12/6,1.669,1.669,1.669,1.669,-2.97%
2010/12/3,1.72,1.72,1.72,1.72,2.08%
2010/12/2,1.685,1.685,1.685,1.685,0.24%
2010/12/1,1.681,1.681,1.681,1.681,4.41%
2010/11/30,1.61,1.61,1.61,1.61,-3.88%
2010/11/29,1.675,1.675,1.675,1.675,-0.24%
2010/11/26,1.679,1.679,1.679,1.679,0.00%
2010/11/25,1.679,1.679,1.679,1.679,3.51%
2010/11/24,1.622,1.622,1.622,1.622,6.71%
2010/11/23,1.52,1.52,1.52,1.52,-1.87%
2010/11/22,1.549,1.549,1.549,1.549,-0.32%
2010/11/19,1.554,1.554,1.554,1.554,-0.96%
2010/11/18,1.569,1.569,1.569,1.569,2.82%
2010/11/17,1.526,1.526,1.526,1.526,-0.84%
2010/11/16,1.539,1.539,1.539,1.539,-1.16%
2010/11/15,1.557,1.557,1.557,1.557,0.84%
2010/11/12,1.544,1.544,1.544,1.544,2.18%
2010/11/11,1.511,1.511,1.511,1.511,-1.31%
2010/11/10,1.531,1.531,1.531,1.531,5.51%
2010/11/9,1.451,1.451,1.451,1.451,-0.34%
2010/11/8,1.456,1.456,1.456,1.456,-0.34%
2010/11/5,1.461,1.461,1.461,1.461,-1.88%
2010/11/4,1.489,1.489,1.489,1.489,-0.20%
2010/11/3,1.492,1.492,1.492,1.492,1.02%
2010/11/2,1.477,1.477,1.477,1.477,-1.86%
2010/11/1,1.505,1.505,1.505,1.505,-1.95%
2010/10/29,1.535,1.535,1.535,1.535,-2.35%
2010/10/28,1.572,1.572,1.572,1.572,-2.48%
2010/10/27,1.612,1.612,1.612,1.612,1.70%
2010/10/26,1.585,1.585,1.585,1.585,2.26%
2010/10/25,1.55,1.55,1.55,1.55,0.13%
2010/10/22,1.548,1.548,1.548,1.548,-0.32%
2010/10/21,1.553,1.553,1.553,1.553,2.17%
2010/10/20,1.52,1.52,1.52,1.52,-1.62%
2010/10/19,1.545,1.545,1.545,1.545,1.78%
2010/10/18,1.518,1.518,1.518,1.518,0.66%
2010/10/15,1.508,1.508,1.508,1.508,4.65%
2010/10/14,1.441,1.441,1.441,1.441,-1.37%
2010/10/13,1.461,1.461,1.461,1.461,1.74%
2010/10/12,1.436,1.436,1.436,1.436,-0.69%
2010/10/11,1.446,1.446,1.446,1.446,3.80%
2010/10/8,1.393,1.393,1.393,1.393,-3.67%
2010/10/7,1.446,1.446,1.446,1.446,4.18%
2010/10/6,1.388,1.388,1.388,1.388,-0.79%
2010/10/5,1.399,1.399,1.399,1.399,0.36%
2010/10/4,1.394,1.394,1.394,1.394,-1.13%
2010/10/1,1.41,1.41,1.41,1.41,1.88%
2010/9/30,1.384,1.384,1.384,1.384,3.13%
2010/9/29,1.342,1.342,1.342,1.342,1.98%
2010/9/28,1.316,1.316,1.316,1.316,-2.73%
2010/9/27,1.353,1.353,1.353,1.353,-3.77%
2010/9/24,1.406,1.406,1.406,1.406,3.46%
2010/9/23,1.359,1.359,1.359,1.359,-1.52%
2010/9/22,1.38,1.38,1.38,1.38,-3.02%
2010/9/21,1.423,1.423,1.423,1.423,-3.59%
2010/9/20,1.476,1.476,1.476,1.476,1.44%
2010/9/17,1.455,1.455,1.455,1.455,-0.75%
2010/9/16,1.466,1.466,1.466,1.466,-1.81%
2010/9/15,1.493,1.493,1.493,1.493,2.12%
2010/9/14,1.462,1.462,1.462,1.462,-4.51%
2010/9/13,1.531,1.531,1.531,1.531,2.89%
2010/9/10,1.488,1.488,1.488,1.488,4.79%
2010/9/9,1.42,1.42,1.42,1.42,2.23%
2010/9/8,1.389,1.389,1.389,1.389,4.67%
2010/9/7,1.327,1.327,1.327,1.327,-1.56%
2010/9/6,1.348,1.348,1.348,1.348,6.56%
2010/9/3,1.265,1.265,1.265,1.265,0.00%
2010/9/2,1.265,1.265,1.265,1.265,6.93%
2010/9/1,1.183,1.183,1.183,1.183,3.05%
2010/8/31,1.148,1.148,1.148,1.148,-3.85%
2010/8/30,1.194,1.194,1.194,1.194,2.14%
2010/8/27,1.169,1.169,1.169,1.169,3.63%
2010/8/26,1.128,1.128,1.128,1.128,3.68%
2010/8/25,1.088,1.088,1.088,1.088,1.87%
2010/8/24,1.068,1.068,1.068,1.068,-7.93%
2010/8/23,1.16,1.16,1.16,1.16,1.31%
2010/8/20,1.145,1.145,1.145,1.145,-2.22%
2010/8/19,1.171,1.171,1.171,1.171,-0.43%
2010/8/18,1.176,1.176,1.176,1.176,-1.75%
2010/8/17,1.197,1.197,1.197,1.197,1.27%
2010/8/16,1.182,1.182,1.182,1.182,-6.12%
2010/8/13,1.259,1.259,1.259,1.259,-1.64%
2010/8/12,1.28,1.28,1.28,1.28,3.31%
2010/8/11,1.239,1.239,1.239,1.239,-10.86%
2010/8/9,1.39,1.39,1.39,1.39,-0.43%
2010/8/6,1.396,1.396,1.396,1.396,-2.17%
2010/8/5,1.427,1.427,1.427,1.427,-1.45%
2010/8/4,1.448,1.448,1.448,1.448,-1.83%
2010/8/3,1.475,1.475,1.475,1.475,-2.45%
2010/8/2,1.512,1.512,1.512,1.512,2.09%
2010/7/30,1.481,1.481,1.481,1.481,-1.73%
2010/7/29,1.507,1.507,1.507,1.507,0.33%
2010/7/28,1.502,1.502,1.502,1.502,-0.73%
2010/7/27,1.513,1.513,1.513,1.513,0.00%
2010/7/26,1.513,1.513,1.513,1.513,2.44%
2010/7/23,1.477,1.477,1.477,1.477,1.44%
2010/7/22,1.456,1.456,1.456,1.456,1.11%
2010/7/21,1.44,1.44,1.44,1.44,0.63%
2010/7/20,1.431,1.431,1.431,1.431,-0.69%
2010/7/19,1.441,1.441,1.441,1.441,-0.41%
2010/7/16,1.447,1.447,1.447,1.447,-1.77%
2010/7/15,1.473,1.473,1.473,1.473,-0.34%
2010/7/14,1.478,1.478,1.478,1.478,2.85%
2010/7/13,1.437,1.437,1.437,1.437,1.05%
2010/7/12,1.422,1.422,1.422,1.422,-2.13%
2010/7/9,1.453,1.453,1.453,1.453,-0.75%
2010/7/8,1.464,1.464,1.464,1.464,1.04%
2010/7/7,1.449,1.449,1.449,1.449,0.00%
2010/7/6,1.449,1.449,1.449,1.449,-1.09%
2010/7/5,1.465,1.465,1.465,1.465,-0.68%
2010/7/2,1.475,1.475,1.475,1.475,-3.15%
2010/6/30,1.523,1.523,1.523,1.523,0.99%
2010/6/29,1.508,1.508,1.508,1.508,-0.98%
2010/6/28,1.523,1.523,1.523,1.523,-1.74%
2010/6/25,1.55,1.55,1.55,1.55,-0.64%
2010/6/24,1.56,1.56,1.56,1.56,-1.39%
2010/6/23,1.582,1.582,1.582,1.582,-1.31%
2010/6/22,1.603,1.603,1.603,1.603,-2.91%
2010/6/21,1.651,1.651,1.651,1.651,1.98%
2010/6/18,1.619,1.619,1.619,1.619,2.34%
2010/6/17,1.582,1.582,1.582,1.582,0.64%
2010/6/16,1.572,1.572,1.572,1.572,-1.69%
2010/6/15,1.599,1.599,1.599,1.599,1.65%
2010/6/14,1.573,1.573,1.573,1.573,1.03%
2010/6/11,1.557,1.557,1.557,1.557,-0.70%
2010/6/10,1.568,1.568,1.568,1.568,2.35%
2010/6/9,1.532,1.532,1.532,1.532,4.93%
2010/6/8,1.46,1.46,1.46,1.46,-1.75%
2010/6/7,1.486,1.486,1.486,1.486,-3.07%
2010/6/4,1.533,1.533,1.533,1.533,-1.35%
2010/6/3,1.554,1.554,1.554,1.554,2.78%
2010/6/2,1.512,1.512,1.512,1.512,-1.75%
2010/6/1,1.539,1.539,1.539,1.539,-1.97%
2010/5/31,1.57,1.57,1.57,1.57,0.00%
2010/5/28,1.57,1.57,1.57,1.57,-1.01%
2010/5/27,1.586,1.586,1.586,1.586,4.14%
2010/5/26,1.523,1.523,1.523,1.523,4.53%
2010/5/25,1.457,1.457,1.457,1.457,-4.08%
2010/5/21,1.519,1.519,1.519,1.519,-3.98%
2010/5/20,1.582,1.582,1.582,1.582,-4.41%
2010/5/19,1.655,1.655,1.655,1.655,-1.55%
2010/5/18,1.681,1.681,1.681,1.681,-0.94%
2010/5/17,1.697,1.697,1.697,1.697,-1.85%
2010/5/14,1.729,1.729,1.729,1.729,-2.43%
2010/5/12,1.772,1.772,1.772,1.772,0.34%
2010/5/11,1.766,1.766,1.766,1.766,-1.51%
2010/5/10,1.793,1.793,1.793,1.793,8.21%
2010/5/7,1.657,1.657,1.657,1.657,-0.30%
2010/5/6,1.662,1.662,1.662,1.662,-0.66%
2010/5/5,1.673,1.673,1.673,1.673,-6.74%
2010/5/4,1.794,1.794,1.794,1.794,-2.87%
2010/5/3,1.847,1.847,1.847,1.847,0.87%
2010/4/30,1.831,1.831,1.831,1.831,-1.19%
2010/4/29,1.853,1.853,1.853,1.853,1.15%
2010/4/28,1.832,1.832,1.832,1.832,-1.40%
2010/4/27,1.858,1.858,1.858,1.858,-0.85%
2010/4/26,1.874,1.874,1.874,1.874,-0.85%
2010/4/23,1.89,1.89,1.89,1.89,0.53%
2010/4/22,1.88,1.88,1.88,1.88,-1.42%
2010/4/21,1.907,1.907,1.907,1.907,-0.26%
2010/4/20,1.912,1.912,1.912,1.912,0.53%
2010/4/19,1.902,1.902,1.902,1.902,-1.91%
2010/4/15,1.939,1.939,1.939,1.939,0.00%
2010/4/14,1.939,1.939,1.939,1.939,-0.31%
2010/4/13,1.945,1.945,1.945,1.945,-1.62%
2010/4/12,1.977,1.977,1.977,1.977,2.22%
2010/4/9,1.934,1.934,1.934,1.934,0.83%
2010/4/8,1.918,1.918,1.918,1.918,-1.69%
2010/4/7,1.951,1.951,1.951,1.951,-0.26%
2010/4/6,1.956,1.956,1.956,1.956,1.66%
2010/4/1,1.924,1.924,1.924,1.924,1.69%
2010/3/31,1.892,1.892,1.892,1.892,-1.66%
2010/3/30,1.924,1.924,1.924,1.924,-0.31%
2010/3/29,1.93,1.93,1.93,1.93,0.31%
2010/3/26,1.924,1.924,1.924,1.924,0.26%
2010/3/24,1.919,1.919,1.919,1.919,-0.31%
2010/3/23,1.925,1.925,1.925,1.925,0.84%
2010/3/22,1.909,1.909,1.909,1.909,-1.90%
2010/3/19,1.946,1.946,1.946,1.946,1.35%
2010/3/18,1.92,1.92,1.92,1.92,-0.26%
2010/3/17,1.925,1.925,1.925,1.925,-0.57%
2010/3/16,1.936,1.936,1.936,1.936,0.26%
2010/3/15,1.931,1.931,1.931,1.931,-0.57%
2010/3/12,1.942,1.942,1.942,1.942,1.68%
2010/3/11,1.91,1.91,1.91,1.91,0.58%
2010/3/10,1.899,1.899,1.899,1.899,1.93%
2010/3/9,1.863,1.863,1.863,1.863,-1.64%
2010/3/8,1.894,1.894,1.894,1.894,0.26%
2010/3/5,1.889,1.889,1.889,1.889,1.12%
2010/3/4,1.868,1.868,1.868,1.868,-0.85%
2010/3/3,1.884,1.884,1.884,1.884,-0.84%
2010/3/2,1.9,1.9,1.9,1.9,-0.31%
2010/3/1,1.906,1.906,1.906,1.906,-0.52%
2010/2/26,1.916,1.916,1.916,1.916,-0.83%
2010/2/25,1.932,1.932,1.932,1.932,-0.82%
2010/2/24,1.948,1.948,1.948,1.948,-0.56%
2010/2/23,1.959,1.959,1.959,1.959,-1.61%
2010/2/19,1.991,1.991,1.991,1.991,1.89%
2010/2/18,1.954,1.954,1.954,1.954,1.93%
2010/2/17,1.917,1.917,1.917,1.917,-0.83%
2010/2/16,1.933,1.933,1.933,1.933,-0.26%
2010/2/15,1.938,1.938,1.938,1.938,-0.82%
2010/2/12,1.954,1.954,1.954,1.954,0.77%
2010/2/11,1.939,1.939,1.939,1.939,0.00%
2010/2/10,1.939,1.939,1.939,1.939,0.26%
2010/2/9,1.934,1.934,1.934,1.934,-0.77%
2010/2/8,1.949,1.949,1.949,1.949,-1.12%
2010/2/5,1.971,1.971,1.971,1.971,-1.05%
2010/2/4,1.992,1.992,1.992,1.992,-1.04%
2010/2/3,2.013,2.013,2.013,2.013,0.00%
2010/2/2,2.013,2.013,2.013,2.013,0.00%
2010/2/1,2.013,2.013,2.013,2.013,0.50%
2010/1/29,2.003,2.003,2.003,2.003,0.30%
2010/1/28,1.997,1.997,1.997,1.997,-0.55%
2010/1/27,2.008,2.008,2.008,2.008,-0.30%
2010/1/26,2.014,2.014,2.014,2.014,-0.79%
2010/1/25,2.03,2.03,2.03,2.03,0.79%
2010/1/22,2.014,2.014,2.014,2.014,-0.49%
2010/1/21,2.024,2.024,2.024,2.024,1.05%
2010/1/20,2.003,2.003,2.003,2.003,-2.34%
2010/1/19,2.051,2.051,2.051,2.051,-0.53%
2010/1/18,2.062,2.062,2.062,2.062,-0.24%
2010/1/15,2.067,2.067,2.067,2.067,0.78%
2010/1/14,2.051,2.051,2.051,2.051,0.49%
2010/1/13,2.041,2.041,2.041,2.041,-2.53%
2010/1/12,2.094,2.094,2.094,2.094,-1.23%
2010/1/11,2.12,2.12,2.12,2.12,-0.28%
2010/1/8,2.126,2.126,2.126,2.126,1.00%
2010/1/7,2.105,2.105,2.105,2.105,-0.47%
2010/1/6,2.115,2.115,2.115,2.115,0.48%
2010/1/5,2.105,2.105,2.105,2.105,1.79%
2010/1/4,2.068,2.068,2.068,2.068,2.12%
2009/12/30,2.025,2.025,2.025,2.025,1.55%
2009/12/29,1.994,1.994,1.994,1.994,1.06%
2009/12/28,1.973,1.973,1.973,1.973,1.34%
2009/12/23,1.947,1.947,1.947,1.947,-0.82%
2009/12/22,1.963,1.963,1.963,1.963,1.08%
2009/12/21,1.942,1.942,1.942,1.942,0.52%
2009/12/18,1.932,1.932,1.932,1.932,3.04%
2009/12/17,1.875,1.875,1.875,1.875,-1.47%
2009/12/16,1.903,1.903,1.903,1.903,-1.19%
2009/12/15,1.926,1.926,1.926,1.926,1.16%
2009/12/14,1.904,1.904,1.904,1.904,0.00%
2009/12/11,1.904,1.904,1.904,1.904,0.85%
2009/12/10,1.888,1.888,1.888,1.888,0.91%
2009/12/9,1.871,1.871,1.871,1.871,-2.65%
2009/12/8,1.922,1.922,1.922,1.922,1.16%
2009/12/7,1.9,1.9,1.9,1.9,-0.58%
2009/12/4,1.911,1.911,1.911,1.911,1.11%
2009/12/3,1.89,1.89,1.89,1.89,0.59%
2009/12/2,1.879,1.879,1.879,1.879,2.34%
2009/12/1,1.836,1.836,1.836,1.836,-0.86%
2009/11/30,1.852,1.852,1.852,1.852,-1.80%
2009/11/27,1.886,1.886,1.886,1.886,-0.58%
2009/11/26,1.897,1.897,1.897,1.897,-0.89%
2009/11/25,1.914,1.914,1.914,1.914,-3.43%
2009/11/23,1.982,1.982,1.982,1.982,-1.10%
2009/11/19,2.004,2.004,2.004,2.004,0.25%
2009/11/18,1.999,1.999,1.999,1.999,1.37%
2009/11/17,1.972,1.972,1.972,1.972,-0.30%
2009/11/16,1.978,1.978,1.978,1.978,-0.85%
2009/11/13,1.995,1.995,1.995,1.995,0.00%
2009/11/12,1.995,1.995,1.995,1.995,0.81%
2009/11/11,1.979,1.979,1.979,1.979,-1.15%
2009/11/10,2.002,2.002,2.002,2.002,0.30%
2009/11/9,1.996,1.996,1.996,1.996,-0.84%
2009/11/6,2.013,2.013,2.013,2.013,0.00%
2009/11/5,2.013,2.013,2.013,2.013,-2.99%
2009/11/4,2.075,2.075,2.075,2.075,1.42%
2009/11/3,2.046,2.046,2.046,2.046,0.15%
2009/11/2,2.043,2.043,2.043,2.043,-0.58%
2009/10/30,2.055,2.055,2.055,2.055,-2.61%
2009/10/29,2.11,2.11,2.11,2.11,-2.09%
2009/10/28,2.155,2.155,2.155,2.155,-0.14%
2009/10/27,2.158,2.158,2.158,2.158,0.05%
2009/10/26,2.157,2.157,2.157,2.157,0.00%
2009/10/23,2.157,2.157,2.157,2.157,0.65%
2009/10/22,2.143,2.143,2.143,2.143,-0.92%
2009/10/21,2.163,2.163,2.163,2.163,2.41%
2009/10/20,2.112,2.112,2.112,2.112,-1.63%
2009/10/19,2.147,2.147,2.147,2.147,1.13%
2009/10/16,2.123,2.123,2.123,2.123,1.97%
2009/10/15,2.082,2.082,2.082,2.082,1.46%
2009/10/14,2.052,2.052,2.052,2.052,1.68%
2009/10/13,2.018,2.018,2.018,2.018,0.05%
2009/10/12,2.017,2.017,2.017,2.017,-0.74%
2009/10/9,2.032,2.032,2.032,2.032,2.83%
2009/10/8,1.976,1.976,1.976,1.976,0.30%
2009/10/7,1.97,1.97,1.97,1.97,-0.71%
2009/10/6,1.984,1.984,1.984,1.984,0.51%
2009/10/5,1.974,1.974,1.974,1.974,0.15%
2009/10/2,1.971,1.971,1.971,1.971,-1.60%
2009/10/1,2.003,2.003,2.003,2.003,-0.74%
2009/9/30,2.018,2.018,2.018,2.018,-1.70%
2009/9/29,2.053,2.053,2.053,2.053,-0.48%
2009/9/28,2.063,2.063,2.063,2.063,-0.82%
2009/9/25,2.08,2.08,2.08,2.08,0.43%
2009/9/24,2.071,2.071,2.071,2.071,-1.89%
2009/9/23,2.111,2.111,2.111,2.111,-1.45%
2009/9/22,2.142,2.142,2.142,2.142,0.47%
2009/9/21,2.132,2.132,2.132,2.132,-1.71%
2009/9/18,2.169,2.169,2.169,2.169,-0.46%
2009/9/17,2.179,2.179,2.179,2.179,0.41%
2009/9/16,2.17,2.17,2.17,2.17,1.02%
2009/9/15,2.148,2.148,2.148,2.148,0.56%
2009/9/14,2.136,2.136,2.136,2.136,0.99%
2009/9/11,2.115,2.115,2.115,2.115,-2.76%
2009/9/10,2.175,2.175,2.175,2.175,0.42%
2009/9/9,2.166,2.166,2.166,2.166,1.98%
2009/9/8,2.124,2.124,2.124,2.124,1.24%
2009/9/7,2.098,2.098,2.098,2.098,0.96%
2009/9/4,2.078,2.078,2.078,2.078,0.14%
2009/9/3,2.075,2.075,2.075,2.075,1.17%
2009/9/2,2.051,2.051,2.051,2.051,-0.97%
2009/9/1,2.071,2.071,2.071,2.071,0.15%
2009/8/31,2.068,2.068,2.068,2.068,2.02%
2009/8/28,2.027,2.027,2.027,2.027,0.95%
2009/8/27,2.008,2.008,2.008,2.008,0.20%
2009/8/26,2.004,2.004,2.004,2.004,-0.74%
2009/8/25,2.019,2.019,2.019,2.019,-1.32%
2009/8/24,2.046,2.046,2.046,2.046,-0.20%
2009/8/21,2.05,2.05,2.05,2.05,2.04%
2009/8/20,2.009,2.009,2.009,2.009,1.26%
2009/8/19,1.984,1.984,1.984,1.984,-0.45%
2009/8/18,1.993,1.993,1.993,1.993,-0.80%
2009/8/17,2.009,2.009,2.009,2.009,0.70%
2009/8/14,1.995,1.995,1.995,1.995,-2.16%
2009/8/13,2.039,2.039,2.039,2.039,-1.12%
2009/8/12,2.062,2.062,2.062,2.062,-3.15%
2009/8/11,2.129,2.129,2.129,2.129,0.00%
2009/8/10,2.129,2.129,2.129,2.129,-0.47%
2009/8/7,2.139,2.139,2.139,2.139,3.28%
2009/8/6,2.071,2.071,2.071,2.071,-0.43%
2009/8/5,2.08,2.08,2.08,2.08,0.10%
2009/8/4,2.078,2.078,2.078,2.078,1.07%
2009/8/3,2.056,2.056,2.056,2.056,2.14%
2009/7/31,2.013,2.013,2.013,2.013,-3.13%
2009/7/30,2.078,2.078,2.078,2.078,0.87%
2009/7/29,2.06,2.06,2.06,2.06,-3.01%
2009/7/28,2.124,2.124,2.124,2.124,-1.76%
2009/7/27,2.162,2.162,2.162,2.162,-0.87%
2009/7/24,2.181,2.181,2.181,2.181,-0.86%
2009/7/23,2.2,2.2,2.2,2.2,-0.14%
2009/7/22,2.203,2.203,2.203,2.203,-2.13%
2009/7/21,2.251,2.251,2.251,2.251,-1.79%
2009/7/20,2.292,2.292,2.292,2.292,-0.04%
2009/7/17,2.293,2.293,2.293,2.293,1.06%
2009/7/16,2.269,2.269,2.269,2.269,-1.69%
2009/7/15,2.308,2.308,2.308,2.308,3.50%
2009/7/13,2.23,2.23,2.23,2.23,-1.33%
2009/7/10,2.26,2.26,2.26,2.26,-0.79%
2009/7/9,2.278,2.278,2.278,2.278,0.04%
2009/7/8,2.277,2.277,2.277,2.277,-0.78%
2009/7/7,2.295,2.295,2.295,2.295,-0.43%
2009/7/6,2.305,2.305,2.305,2.305,-0.65%
2009/7/3,2.32,2.32,2.32,2.32,0.00%
2009/7/2,2.32,2.32,2.32,2.32,-2.27%
2009/7/1,2.374,2.374,2.374,2.374,0.34%
2009/6/30,2.366,2.366,2.366,2.366,1.37%
2009/6/29,2.334,2.334,2.334,2.334,-0.68%
2009/6/26,2.35,2.35,2.35,2.35,-0.34%
2009/6/25,2.358,2.358,2.358,2.358,-1.21%
2009/6/24,2.387,2.387,2.387,2.387,-0.25%
2009/6/23,2.393,2.393,2.393,2.393,0.93%
2009/6/22,2.371,2.371,2.371,2.371,-1.17%
2009/6/19,2.399,2.399,2.399,2.399,0.33%
2009/6/18,2.391,2.391,2.391,2.391,1.27%
2009/6/17,2.361,2.361,2.361,2.361,-1.63%
2009/6/16,2.4,2.4,2.4,2.4,0.08%
2009/6/15,2.398,2.398,2.398,2.398,-4.19%
2009/6/12,2.503,2.503,2.503,2.503,-1.38%
2009/6/11,2.538,2.538,2.538,2.538,0.24%
2009/6/10,2.532,2.532,2.532,2.532,2.47%
2009/6/9,2.471,2.471,2.471,2.471,-1.12%
2009/6/8,2.499,2.499,2.499,2.499,-0.48%
2009/6/2,2.511,2.511,2.511,2.511,2.49%
2009/5/29,2.45,2.45,2.45,2.45,-4.15%
2009/5/28,2.556,2.556,2.556,2.556,1.79%
2009/5/27,2.511,2.511,2.511,2.511,4.23%
2009/5/26,2.409,2.409,2.409,2.409,0.79%
2009/5/22,2.39,2.39,2.39,2.39,1.31%
2009/5/20,2.359,2.359,2.359,2.359,-0.30%
2009/5/19,2.366,2.366,2.366,2.366,2.56%
2009/5/18,2.307,2.307,2.307,2.307,-1.66%
2009/5/15,2.346,2.346,2.346,2.346,1.96%
2009/5/14,2.301,2.301,2.301,2.301,-0.52%
2009/5/13,2.313,2.313,2.313,2.313,-4.06%
2009/5/12,2.411,2.411,2.411,2.411,1.90%
2009/5/11,2.366,2.366,2.366,2.366,-1.17%
2009/5/8,2.394,2.394,2.394,2.394,2.66%
2009/5/7,2.332,2.332,2.332,2.332,4.25%
2009/5/6,2.237,2.237,2.237,2.237,0.86%
2009/5/5,2.218,2.218,2.218,2.218,-2.03%
2009/5/4,2.264,2.264,2.264,2.264,4.00%
2009/4/30,2.177,2.177,2.177,2.177,2.69%
2009/4/29,2.12,2.12,2.12,2.12,0.62%
2009/4/28,2.107,2.107,2.107,2.107,1.25%
2009/4/27,2.081,2.081,2.081,2.081,-0.81%
2009/4/24,2.098,2.098,2.098,2.098,-1.64%
2009/4/23,2.133,2.133,2.133,2.133,1.86%
2009/4/22,2.094,2.094,2.094,2.094,3.00%
2009/4/21,2.033,2.033,2.033,2.033,-4.24%
2009/4/20,2.123,2.123,2.123,2.123,-2.93%
2009/4/17,2.187,2.187,2.187,2.187,0.97%
2009/4/16,2.166,2.166,2.166,2.166,-0.37%
2009/4/15,2.174,2.174,2.174,2.174,-2.20%
2009/4/14,2.223,2.223,2.223,2.223,-0.98%
2009/4/9,2.245,2.245,2.245,2.245,1.68%
2009/4/8,2.208,2.208,2.208,2.208,-1.47%
2009/4/7,2.241,2.241,2.241,2.241,1.13%
2009/4/6,2.216,2.216,2.216,2.216,-1.20%
2009/4/3,2.243,2.243,2.243,2.243,1.95%
2009/4/2,2.2,2.2,2.2,2.2,2.18%
2009/4/1,2.153,2.153,2.153,2.153,0.33%
2009/3/31,2.146,2.146,2.146,2.146,-0.69%
2009/3/30,2.161,2.161,2.161,2.161,-1.28%
2009/3/27,2.189,2.189,2.189,2.189,-2.06%
2009/3/26,2.235,2.235,2.235,2.235,2.38%
2009/3/25,2.183,2.183,2.183,2.183,-0.37%
2009/3/24,2.191,2.191,2.191,2.191,2.57%
2009/3/23,2.136,2.136,2.136,2.136,3.24%
2009/3/20,2.069,2.069,2.069,2.069,0.58%
2009/3/19,2.057,2.057,2.057,2.057,-2.51%
2009/3/18,2.11,2.11,2.11,2.11,-3.21%
2009/3/17,2.18,2.18,2.18,2.18,-1.49%
2009/3/16,2.213,2.213,2.213,2.213,0.23%
2009/3/13,2.208,2.208,2.208,2.208,0.91%
2009/3/12,2.188,2.188,2.188,2.188,-5.49%
2009/3/11,2.315,2.315,2.315,2.315,2.98%
2009/3/10,2.248,2.248,2.248,2.248,3.88%
2009/3/9,2.164,2.164,2.164,2.164,2.08%
2009/3/6,2.12,2.12,2.12,2.12,-7.46%
2009/3/5,2.291,2.291,2.291,2.291,-0.04%
2009/3/3,2.292,2.292,2.292,2.292,-0.61%
2009/3/2,2.306,2.306,2.306,2.306,1.05%
2009/2/27,2.282,2.282,2.282,2.282,-1.04%
2009/2/26,2.306,2.306,2.306,2.306,2.99%
2009/2/25,2.239,2.239,2.239,2.239,1.63%
2009/2/24,2.203,2.203,2.203,2.203,2.23%
2009/2/23,2.155,2.155,2.155,2.155,1.99%
2009/2/20,2.113,2.113,2.113,2.113,0.48%
2009/2/19,2.103,2.103,2.103,2.103,4.52%
2009/2/18,2.012,2.012,2.012,2.012,-0.30%
2009/2/17,2.018,2.018,2.018,2.018,-1.27%
2009/2/16,2.044,2.044,2.044,2.044,-2.15%
2009/2/13,2.089,2.089,2.089,2.089,3.21%
2009/2/12,2.024,2.024,2.024,2.024,-4.08%
2009/2/11,2.11,2.11,2.11,2.11,-4.74%
2009/2/10,2.215,2.215,2.215,2.215,-1.38%
2009/2/9,2.246,2.246,2.246,2.246,2.65%
2009/2/6,2.188,2.188,2.188,2.188,0.14%
2009/2/5,2.185,2.185,2.185,2.185,0.00%
2009/2/4,2.185,2.185,2.185,2.185,1.58%
2009/2/3,2.151,2.151,2.151,2.151,1.75%
2009/2/2,2.114,2.114,2.114,2.114,-5.16%
2009/1/30,2.229,2.229,2.229,2.229,1.27%
2009/1/29,2.201,2.201,2.201,2.201,-0.86%
2009/1/28,2.22,2.22,2.22,2.22,-2.37%
2009/1/27,2.274,2.274,2.274,2.274,-3.44%
2009/1/26,2.355,2.355,2.355,2.355,5.70%
2009/1/23,2.228,2.228,2.228,2.228,1.23%
2009/1/22,2.201,2.201,2.201,2.201,-0.27%
2009/1/21,2.207,2.207,2.207,2.207,-2.39%
2009/1/20,2.261,2.261,2.261,2.261,-0.70%
2009/1/19,2.277,2.277,2.277,2.277,1.56%
2009/1/16,2.242,2.242,2.242,2.242,2.61%
2009/1/15,2.185,2.185,2.185,2.185,-0.86%
2009/1/14,2.204,2.204,2.204,2.204,0.14%
2009/1/13,2.201,2.201,2.201,2.201,-1.65%
2009/1/12,2.238,2.238,2.238,2.238,-0.31%
2009/1/9,2.245,2.245,2.245,2.245,-5.03%
2009/1/8,2.364,2.364,2.364,2.364,-2.88%
2009/1/7,2.434,2.434,2.434,2.434,2.01%
2009/1/6,2.386,2.386,2.386,2.386,4.65%
2009/1/5,2.28,2.28,2.28,2.28,2.33%
2008/12/30,2.228,2.228,2.228,2.228,2.63%
2008/12/29,2.171,2.171,2.171,2.171,-3.51%
2008/12/23,2.25,2.25,2.25,2.25,0.67%
2008/12/19,2.235,2.235,2.235,2.235,0.04%
2008/12/18,2.234,2.234,2.234,2.234,1.68%
2008/12/17,2.197,2.197,2.197,2.197,-2.49%
2008/12/16,2.253,2.253,2.253,2.253,-0.44%
2008/12/15,2.263,2.263,2.263,2.263,0.94%
2008/12/12,2.242,2.242,2.242,2.242,-1.23%
2008/12/11,2.27,2.27,2.27,2.27,-1.48%
2008/12/10,2.304,2.304,2.304,2.304,1.95%
2008/12/9,2.26,2.26,2.26,2.26,8.24%
2008/12/8,2.088,2.088,2.088,2.088,4.71%
2008/12/5,1.994,1.994,1.994,1.994,-4.18%
2008/12/4,2.081,2.081,2.081,2.081,0.43%
2008/12/3,2.072,2.072,2.072,2.072,-3.54%
2008/12/2,2.148,2.148,2.148,2.148,-2.50%
2008/12/1,2.203,2.203,2.203,2.203,-1.70%
2008/11/28,2.241,2.241,2.241,2.241,2.19%
2008/11/27,2.193,2.193,2.193,2.193,0.60%
2008/11/26,2.18,2.18,2.18,2.18,-1.40%
2008/11/25,2.211,2.211,2.211,2.211,1.14%
2008/11/24,2.186,2.186,2.186,2.186,2.82%
2008/11/21,2.126,2.126,2.126,2.126,-2.43%
2008/11/20,2.179,2.179,2.179,2.179,-9.73%
2008/11/19,2.414,2.414,2.414,2.414,-4.28%
2008/11/18,2.522,2.522,2.522,2.522,-0.24%
2008/11/17,2.528,2.528,2.528,2.528,-1.75%
2008/11/14,2.573,2.573,2.573,2.573,-2.80%
2008/11/13,2.647,2.647,2.647,2.647,2.36%
2008/11/12,2.586,2.586,2.586,2.586,-0.50%
2008/11/11,2.599,2.599,2.599,2.599,-1.81%
2008/11/10,2.647,2.647,2.647,2.647,0.11%
2008/11/7,2.644,2.644,2.644,2.644,-2.44%
2008/11/6,2.71,2.71,2.71,2.71,-3.04%
2008/11/5,2.795,2.795,2.795,2.795,0.76%
2008/11/4,2.774,2.774,2.774,2.774,-0.29%
2008/10/31,2.782,2.782,2.782,2.782,0.14%
2008/10/30,2.778,2.778,2.778,2.778,0.40%
2008/10/29,2.767,2.767,2.767,2.767,1.62%
2008/10/28,2.723,2.723,2.723,2.723,0.41%
2008/10/27,2.712,2.712,2.712,2.712,-1.53%
2008/10/24,2.754,2.754,2.754,2.754,-0.29%
2008/10/23,2.762,2.762,2.762,2.762,-1.43%
2008/10/22,2.802,2.802,2.802,2.802,-3.31%
2008/10/21,2.898,2.898,2.898,2.898,-2.13%
2008/10/20,2.961,2.961,2.961,2.961,0.78%
2008/10/17,2.938,2.938,2.938,2.938,-1.41%
2008/10/16,2.98,2.98,2.98,2.98,-1.42%
2008/10/15,3.023,3.023,3.023,3.023,1.00%
2008/10/14,2.993,2.993,2.993,2.993,1.66%
2008/10/13,2.944,2.944,2.944,2.944,6.55%
2008/10/10,2.763,2.763,2.763,2.763,5.50%
2008/10/9,2.619,2.619,2.619,2.619,2.11%
2008/10/8,2.565,2.565,2.565,2.565,0.12%
2008/10/7,2.562,2.562,2.562,2.562,5.39%
2008/10/6,2.431,2.431,2.431,2.431,-9.26%
2008/10/2,2.679,2.679,2.679,2.679,2.88%
2008/10/1,2.604,2.604,2.604,2.604,-0.99%
2008/9/30,2.63,2.63,2.63,2.63,-4.12%
2008/9/29,2.743,2.743,2.743,2.743,-0.54%
2008/9/26,2.758,2.758,2.758,2.758,-3.06%
2008/9/25,2.845,2.845,2.845,2.845,1.10%
2008/9/24,2.814,2.814,2.814,2.814,-1.05%
2008/9/23,2.844,2.844,2.844,2.844,-0.46%
2008/9/22,2.857,2.857,2.857,2.857,0.74%
2008/9/19,2.836,2.836,2.836,2.836,3.96%
2008/9/18,2.728,2.728,2.728,2.728,-3.16%
2008/9/16,2.817,2.817,2.817,2.817,-0.35%
2008/9/15,2.827,2.827,2.827,2.827,-1.33%
2008/9/12,2.865,2.865,2.865,2.865,1.67%
2008/9/11,2.818,2.818,2.818,2.818,-0.63%
2008/9/10,2.836,2.836,2.836,2.836,1.65%
2008/9/9,2.79,2.79,2.79,2.79,-0.36%
2008/9/8,2.8,2.8,2.8,2.8,0.39%
2008/9/5,2.789,2.789,2.789,2.789,-1.41%
2008/9/4,2.829,2.829,2.829,2.829,-1.84%
2008/9/3,2.882,2.882,2.882,2.882,-0.21%
2008/9/2,2.888,2.888,2.888,2.888,0.52%
2008/9/1,2.873,2.873,2.873,2.873,-0.97%
2008/8/29,2.901,2.901,2.901,2.901,-0.34%
2008/8/28,2.911,2.911,2.911,2.911,0.31%
2008/8/27,2.902,2.902,2.902,2.902,1.93%
2008/8/26,2.847,2.847,2.847,2.847,-1.28%
2008/8/25,2.884,2.884,2.884,2.884,-1.23%
2008/8/22,2.92,2.92,2.92,2.92,1.60%
2008/8/21,2.874,2.874,2.874,2.874,2.13%
2008/8/20,2.814,2.814,2.814,2.814,-2.19%
2008/8/19,2.877,2.877,2.877,2.877,0.00%
2008/8/18,2.877,2.877,2.877,2.877,-0.69%
2008/8/15,2.897,2.897,2.897,2.897,-1.02%
2008/8/14,2.927,2.927,2.927,2.927,1.00%
2008/8/13,2.898,2.898,2.898,2.898,-2.16%
2008/8/12,2.962,2.962,2.962,2.962,-1.59%
2008/8/11,3.01,3.01,3.01,3.01,0.50%
2008/8/8,2.995,2.995,2.995,2.995,-0.20%
2008/8/7,3.001,3.001,3.001,3.001,-2.02%
2008/8/6,3.063,3.063,3.063,3.063,-0.33%
2008/8/5,3.073,3.073,3.073,3.073,-0.19%
2008/8/4,3.079,3.079,3.079,3.079,0.75%
2008/7/31,3.056,3.056,3.056,3.056,-2.21%
2008/7/30,3.125,3.125,3.125,3.125,-2.19%
2008/7/29,3.195,3.195,3.195,3.195,-1.02%
2008/7/28,3.228,3.228,3.228,3.228,0.16%
2008/7/25,3.223,3.223,3.223,3.223,-1.04%
2008/7/24,3.257,3.257,3.257,3.257,-1.63%
2008/7/23,3.311,3.311,3.311,3.311,0.67%
2008/7/22,3.289,3.289,3.289,3.289,5.28%
2008/7/17,3.124,3.124,3.124,3.124,0.26%
2008/7/16,3.116,3.116,3.116,3.116,0.03%
2008/7/15,3.115,3.115,3.115,3.115,-1.14%
2008/7/14,3.151,3.151,3.151,3.151,-0.16%
2008/7/11,3.156,3.156,3.156,3.156,0.99%
2008/7/10,3.125,3.125,3.125,3.125,-1.57%
2008/7/9,3.175,3.175,3.175,3.175,-0.38%
2008/7/8,3.187,3.187,3.187,3.187,-0.81%
2008/7/7,3.213,3.213,3.213,3.213,-1.56%
2008/7/4,3.264,3.264,3.264,3.264,-1.00%
2008/7/3,3.297,3.297,3.297,3.297,-1.14%
2008/7/2,3.335,3.335,3.335,3.335,0.66%
2008/7/1,3.313,3.313,3.313,3.313,0.12%
2008/6/30,3.309,3.309,3.309,3.309,0.27%
2008/6/27,3.3,3.3,3.3,3.3,-1.05%
2008/6/26,3.335,3.335,3.335,3.335,-1.48%
2008/6/25,3.385,3.385,3.385,3.385,0.89%
2008/6/24,3.355,3.355,3.355,3.355,0.03%
2008/6/23,3.354,3.354,3.354,3.354,-1.12%
2008/6/20,3.392,3.392,3.392,3.392,-1.65%
2008/6/19,3.449,3.449,3.449,3.449,1.65%
2008/6/18,3.393,3.393,3.393,3.393,-0.18%
2008/6/17,3.399,3.399,3.399,3.399,-0.35%
2008/6/16,3.411,3.411,3.411,3.411,-0.93%
2008/6/13,3.443,3.443,3.443,3.443,0.55%
2008/6/12,3.424,3.424,3.424,3.424,1.27%
2008/6/11,3.381,3.381,3.381,3.381,0.36%
2008/6/10,3.369,3.369,3.369,3.369,1.02%
2008/6/9,3.335,3.335,3.335,3.335,2.87%
2008/6/6,3.242,3.242,3.242,3.242,-1.22%
2008/6/5,3.282,3.282,3.282,3.282,1.48%
2008/6/4,3.234,3.234,3.234,3.234,-1.61%
2008/6/3,3.287,3.287,3.287,3.287,2.33%
2008/6/2,3.212,3.212,3.212,3.212,-0.46%
2008/5/30,3.227,3.227,3.227,3.227,0.59%
2008/5/29,3.208,3.208,3.208,3.208,1.36%
2008/5/28,3.165,3.165,3.165,3.165,1.31%
2008/5/27,3.124,3.124,3.124,3.124,0.87%
2008/5/26,3.097,3.097,3.097,3.097,0.78%
2008/5/23,3.073,3.073,3.073,3.073,-0.77%
2008/5/22,3.097,3.097,3.097,3.097,1.37%
2008/5/21,3.055,3.055,3.055,3.055,0.69%
2008/5/20,3.034,3.034,3.034,3.034,-1.08%
2008/5/19,3.067,3.067,3.067,3.067,0.49%
2008/5/16,3.052,3.052,3.052,3.052,-2.05%
2008/5/15,3.116,3.116,3.116,3.116,0.91%
2008/5/14,3.088,3.088,3.088,3.088,1.35%
2008/5/13,3.047,3.047,3.047,3.047,1.60%
2008/5/9,2.999,2.999,2.999,2.999,-2.03%
2008/5/8,3.061,3.061,3.061,3.061,-2.83%
2008/5/7,3.15,3.15,3.15,3.15,1.55%
2008/5/6,3.102,3.102,3.102,3.102,-0.67%
2008/5/5,3.123,3.123,3.123,3.123,-1.23%
2008/5/2,3.162,3.162,3.162,3.162,1.05%
2008/4/30,3.129,3.129,3.129,3.129,-0.89%
2008/4/29,3.157,3.157,3.157,3.157,-1.22%
2008/4/28,3.196,3.196,3.196,3.196,0.50%
2008/4/25,3.18,3.18,3.18,3.18,0.98%
2008/4/24,3.149,3.149,3.149,3.149,0.41%
2008/4/23,3.136,3.136,3.136,3.136,-0.88%
2008/4/22,3.164,3.164,3.164,3.164,-0.75%
2008/4/21,3.188,3.188,3.188,3.188,-0.96%
2008/4/18,3.219,3.219,3.219,3.219,1.90%
2008/4/17,3.159,3.159,3.159,3.159,0.70%
2008/4/16,3.137,3.137,3.137,3.137,3.57%
2008/4/15,3.029,3.029,3.029,3.029,1.85%
2008/4/14,2.974,2.974,2.974,2.974,0.44%
2008/4/11,2.961,2.961,2.961,2.961,-1.30%
2008/4/10,3,3,3,3,-0.17%
2008/4/9,3.005,3.005,3.005,3.005,0.17%
2008/4/8,3,3,3,3,-0.89%
2008/4/7,3.027,3.027,3.027,3.027,1.71%
2008/4/4,2.976,2.976,2.976,2.976,-0.33%
2008/4/3,2.986,2.986,2.986,2.986,-0.37%
2008/4/2,2.997,2.997,2.997,2.997,0.20%
2008/4/1,2.991,2.991,2.991,2.991,2.22%
2008/3/31,2.926,2.926,2.926,2.926,-0.75%
2008/3/28,2.948,2.948,2.948,2.948,1.55%
2008/3/27,2.903,2.903,2.903,2.903,0.94%
2008/3/26,2.876,2.876,2.876,2.876,1.02%
2008/3/25,2.847,2.847,2.847,2.847,3.26%
2008/3/20,2.757,2.757,2.757,2.757,-2.30%
2008/3/19,2.822,2.822,2.822,2.822,-0.32%
2008/3/18,2.831,2.831,2.831,2.831,1.29%
2008/3/17,2.795,2.795,2.795,2.795,-3.45%
2008/3/14,2.895,2.895,2.895,2.895,-0.86%
2008/3/13,2.92,2.92,2.92,2.92,-0.54%
2008/3/12,2.936,2.936,2.936,2.936,-0.74%
2008/3/11,2.958,2.958,2.958,2.958,0.00%
2008/3/10,2.958,2.958,2.958,2.958,-0.67%
2008/3/7,2.978,2.978,2.978,2.978,0.27%
2008/3/6,2.97,2.97,2.97,2.97,-0.34%
2008/3/5,2.98,2.98,2.98,2.98,1.88%
2008/3/4,2.925,2.925,2.925,2.925,-1.22%
2008/3/3,2.961,2.961,2.961,2.961,-0.74%
2008/2/29,2.983,2.983,2.983,2.983,-1.45%
2008/2/28,3.027,3.027,3.027,3.027,-1.11%
2008/2/27,3.061,3.061,3.061,3.061,1.80%
2008/2/26,3.007,3.007,3.007,3.007,0.30%
2008/2/25,2.998,2.998,2.998,2.998,2.67%
2008/2/22,2.92,2.92,2.92,2.92,-0.10%
2008/2/21,2.923,2.923,2.923,2.923,0.31%
2008/2/20,2.914,2.914,2.914,2.914,1.04%
2008/2/19,2.884,2.884,2.884,2.884,-0.93%
2008/2/18,2.911,2.911,2.911,2.911,1.71%
2008/2/15,2.862,2.862,2.862,2.862,-0.31%
2008/2/14,2.871,2.871,2.871,2.871,1.27%
2008/2/13,2.835,2.835,2.835,2.835,-0.87%
2008/2/12,2.86,2.86,2.86,2.86,3.03%
2008/2/11,2.776,2.776,2.776,2.776,-0.14%
2008/2/8,2.78,2.78,2.78,2.78,0.51%
2008/2/7,2.766,2.766,2.766,2.766,0.55%
2008/2/6,2.751,2.751,2.751,2.751,1.21%
2008/2/5,2.718,2.718,2.718,2.718,-3.03%
2008/2/4,2.803,2.803,2.803,2.803,-0.74%
2008/2/1,2.824,2.824,2.824,2.824,0.04%
2008/1/31,2.823,2.823,2.823,2.823,-2.69%
2008/1/30,2.901,2.901,2.901,2.901,0.69%
2008/1/29,2.881,2.881,2.881,2.881,2.16%
2008/1/28,2.82,2.82,2.82,2.82,0.71%
2008/1/25,2.8,2.8,2.8,2.8,-0.39%
2008/1/24,2.811,2.811,2.811,2.811,2.18%
2008/1/23,2.751,2.751,2.751,2.751,-2.65%
2008/1/22,2.826,2.826,2.826,2.826,1.87%
2008/1/21,2.774,2.774,2.774,2.774,-2.84%
2008/1/18,2.855,2.855,2.855,2.855,-0.21%
2008/1/17,2.861,2.861,2.861,2.861,0.49%
2008/1/16,2.847,2.847,2.847,2.847,-1.90%
2008/1/15,2.902,2.902,2.902,2.902,-0.89%
2008/1/14,2.928,2.928,2.928,2.928,-1.05%
2008/1/11,2.959,2.959,2.959,2.959,1.09%
2008/1/10,2.927,2.927,2.927,2.927,1.92%
2008/1/9,2.872,2.872,2.872,2.872,-3.07%
2008/1/8,2.963,2.963,2.963,2.963,0.65%
2008/1/7,2.944,2.944,2.944,2.944,-0.88%
2008/1/4,2.97,2.97,2.97,2.97,0.24%
2008/1/3,2.963,2.963,2.963,2.963,-3.33%
2007/12/28,3.065,3.065,3.065,3.065,-0.39%
2007/12/27,3.077,3.077,3.077,3.077,1.45%
2007/12/21,3.033,3.033,3.033,3.033,1.00%
2007/12/20,3.003,3.003,3.003,3.003,-0.63%
2007/12/19,3.022,3.022,3.022,3.022,-0.13%
2007/12/18,3.026,3.026,3.026,3.026,-0.59%
2007/12/17,3.044,3.044,3.044,3.044,-0.88%
2007/12/14,3.071,3.071,3.071,3.071,0.69%
2007/12/13,3.05,3.05,3.05,3.05,-1.20%
2007/12/12,3.087,3.087,3.087,3.087,0.75%
2007/12/11,3.064,3.064,3.064,3.064,0.56%
2007/12/10,3.047,3.047,3.047,3.047,1.26%
2007/12/7,3.009,3.009,3.009,3.009,1.83%
2007/12/6,2.955,2.955,2.955,2.955,1.30%
2007/12/5,2.917,2.917,2.917,2.917,2.06%
2007/12/4,2.858,2.858,2.858,2.858,-0.03%
2007/12/3,2.859,2.859,2.859,2.859,-1.00%
2007/11/30,2.888,2.888,2.888,2.888,1.91%
2007/11/29,2.834,2.834,2.834,2.834,-2.01%
2007/11/28,2.892,2.892,2.892,2.892,1.76%
2007/11/27,2.842,2.842,2.842,2.842,0.21%
2007/11/26,2.836,2.836,2.836,2.836,0.32%
2007/11/23,2.827,2.827,2.827,2.827,-0.18%
2007/11/22,2.832,2.832,2.832,2.832,-0.88%
2007/11/21,2.857,2.857,2.857,2.857,-1.65%
2007/11/20,2.905,2.905,2.905,2.905,0.14%
2007/11/19,2.901,2.901,2.901,2.901,-1.46%
2007/11/16,2.944,2.944,2.944,2.944,-0.27%
2007/11/15,2.952,2.952,2.952,2.952,-1.14%
2007/11/14,2.986,2.986,2.986,2.986,0.91%
2007/11/13,2.959,2.959,2.959,2.959,0.61%
2007/11/12,2.941,2.941,2.941,2.941,-0.17%
2007/11/9,2.946,2.946,2.946,2.946,-0.51%
2007/11/8,2.961,2.961,2.961,2.961,-0.10%
2007/11/7,2.964,2.964,2.964,2.964,-0.80%
2007/11/6,2.988,2.988,2.988,2.988,1.12%
2007/11/5,2.955,2.955,2.955,2.955,0.72%
2007/11/2,2.934,2.934,2.934,2.934,-1.01%
2007/11/1,2.964,2.964,2.964,2.964,-0.64%
2007/10/31,2.983,2.983,2.983,2.983,0.37%
2007/10/30,2.972,2.972,2.972,2.972,0.54%
2007/10/29,2.956,2.956,2.956,2.956,-0.24%
2007/10/26,2.963,2.963,2.963,2.963,0.85%
2007/10/25,2.938,2.938,2.938,2.938,1.17%
2007/10/24,2.904,2.904,2.904,2.904,-1.09%
2007/10/23,2.936,2.936,2.936,2.936,0.14%
2007/10/22,2.932,2.932,2.932,2.932,-1.61%
2007/10/19,2.98,2.98,2.98,2.98,-2.55%
2007/10/18,3.058,3.058,3.058,3.058,-2.77%
2007/10/17,3.145,3.145,3.145,3.145,-0.44%
2007/10/16,3.159,3.159,3.159,3.159,0.73%
2007/10/15,3.136,3.136,3.136,3.136,0.55%
2007/10/12,3.119,3.119,3.119,3.119,-0.06%
2007/10/11,3.121,3.121,3.121,3.121,0.74%
2007/10/10,3.098,3.098,3.098,3.098,1.18%
2007/10/9,3.062,3.062,3.062,3.062,-1.19%
2007/10/8,3.099,3.099,3.099,3.099,0.39%
2007/10/5,3.087,3.087,3.087,3.087,1.31%
2007/10/4,3.047,3.047,3.047,3.047,-1.01%
2007/10/3,3.078,3.078,3.078,3.078,1.32%
2007/10/2,3.038,3.038,3.038,3.038,-0.20%
2007/10/1,3.044,3.044,3.044,3.044,0.86%
2007/9/28,3.018,3.018,3.018,3.018,-1.34%
2007/9/27,3.059,3.059,3.059,3.059,-0.49%
2007/9/26,3.074,3.074,3.074,3.074,0.75%
2007/9/25,3.051,3.051,3.051,3.051,-2.15%
2007/9/24,3.118,3.118,3.118,3.118,1.07%
2007/9/21,3.085,3.085,3.085,3.085,1.58%
2007/9/20,3.037,3.037,3.037,3.037,1.71%
2007/9/19,2.986,2.986,2.986,2.986,4.26%
2007/9/18,2.864,2.864,2.864,2.864,1.24%
2007/9/17,2.829,2.829,2.829,2.829,-0.46%
2007/9/14,2.842,2.842,2.842,2.842,0.14%
2007/9/13,2.838,2.838,2.838,2.838,-0.70%
2007/9/12,2.858,2.858,2.858,2.858,0.78%
2007/9/11,2.836,2.836,2.836,2.836,-0.87%
2007/9/10,2.861,2.861,2.861,2.861,-1.95%
2007/9/7,2.918,2.918,2.918,2.918,-2.51%
2007/9/6,2.993,2.993,2.993,2.993,0.77%
2007/9/5,2.97,2.97,2.97,2.97,-2.08%
2007/9/4,3.033,3.033,3.033,3.033,-0.75%
2007/9/3,3.056,3.056,3.056,3.056,0.23%
2007/8/31,3.049,3.049,3.049,3.049,0.79%
2007/8/30,3.025,3.025,3.025,3.025,-0.03%
2007/8/29,3.026,3.026,3.026,3.026,0.60%
2007/8/28,3.008,3.008,3.008,3.008,-0.86%
2007/8/27,3.034,3.034,3.034,3.034,1.10%
2007/8/24,3.001,3.001,3.001,3.001,-0.30%
2007/8/23,3.01,3.01,3.01,3.01,1.31%
2007/8/22,2.971,2.971,2.971,2.971,2.34%
2007/8/21,2.903,2.903,2.903,2.903,-1.76%
2007/8/20,2.955,2.955,2.955,2.955,-1.37%
2007/8/17,2.996,2.996,2.996,2.996,-1.38%
2007/8/16,3.038,3.038,3.038,3.038,-0.82%
2007/8/15,3.063,3.063,3.063,3.063,-0.55%
2007/8/14,3.08,3.08,3.08,3.08,-0.71%
2007/8/13,3.102,3.102,3.102,3.102,1.08%
2007/8/10,3.069,3.069,3.069,3.069,-1.51%
2007/8/9,3.116,3.116,3.116,3.116,0.58%
2007/8/8,3.098,3.098,3.098,3.098,1.18%
2007/8/7,3.062,3.062,3.062,3.062,0.33%
2007/8/6,3.052,3.052,3.052,3.052,-0.62%
2007/8/3,3.071,3.071,3.071,3.071,-1.54%
2007/8/2,3.119,3.119,3.119,3.119,-0.80%
2007/7/31,3.144,3.144,3.144,3.144,0.93%
2007/7/30,3.115,3.115,3.115,3.115,0.35%
2007/7/27,3.104,3.104,3.104,3.104,-0.29%
2007/7/26,3.113,3.113,3.113,3.113,-1.64%
2007/7/25,3.165,3.165,3.165,3.165,-0.97%
2007/7/24,3.196,3.196,3.196,3.196,0.57%
2007/7/23,3.178,3.178,3.178,3.178,-0.09%
2007/7/20,3.181,3.181,3.181,3.181,-2.57%
2007/7/19,3.265,3.265,3.265,3.265,-0.70%
2007/7/18,3.288,3.288,3.288,3.288,-1.67%
2007/7/17,3.344,3.344,3.344,3.344,0.00%
2007/7/16,3.344,3.344,3.344,3.344,-1.33%
2007/7/13,3.389,3.389,3.389,3.389,0.50%
2007/7/12,3.372,3.372,3.372,3.372,0.12%
2007/7/11,3.368,3.368,3.368,3.368,0.33%
2007/7/10,3.357,3.357,3.357,3.357,-1.21%
2007/7/9,3.398,3.398,3.398,3.398,0.83%
2007/7/6,3.37,3.37,3.37,3.37,0.57%
2007/7/5,3.351,3.351,3.351,3.351,1.58%
2007/7/4,3.299,3.299,3.299,3.299,0.98%
2007/7/3,3.267,3.267,3.267,3.267,1.18%
2007/7/2,3.229,3.229,3.229,3.229,-0.03%
2007/6/29,3.23,3.23,3.23,3.23,0.65%
2007/6/28,3.209,3.209,3.209,3.209,0.72%
2007/6/27,3.186,3.186,3.186,3.186,-0.03%
2007/6/26,3.187,3.187,3.187,3.187,0.00%
2007/6/25,3.187,3.187,3.187,3.187,-0.81%
2007/6/22,3.213,3.213,3.213,3.213,0.19%
2007/6/21,3.207,3.207,3.207,3.207,0.22%
2007/6/20,3.2,3.2,3.2,3.2,0.63%
2007/6/19,3.18,3.18,3.18,3.18,-2.24%
2007/6/18,3.253,3.253,3.253,3.253,0.00%
2007/6/15,3.253,3.253,3.253,3.253,1.12%
2007/6/14,3.217,3.217,3.217,3.217,-0.56%
2007/6/13,3.235,3.235,3.235,3.235,1.09%
2007/6/12,3.2,3.2,3.2,3.2,1.56%
2007/6/11,3.151,3.151,3.151,3.151,-1.07%
2007/6/8,3.185,3.185,3.185,3.185,1.34%
2007/6/7,3.143,3.143,3.143,3.143,2.21%
2007/6/6,3.075,3.075,3.075,3.075,-1.13%
2007/6/5,3.11,3.11,3.11,3.11,0.55%
2007/6/4,3.093,3.093,3.093,3.093,-0.29%
2007/6/1,3.102,3.102,3.102,3.102,0.42%
2007/5/31,3.089,3.089,3.089,3.089,0.62%
2007/5/30,3.07,3.07,3.07,3.07,-0.71%
2007/5/29,3.092,3.092,3.092,3.092,1.05%
2007/5/25,3.06,3.06,3.06,3.06,0.59%
2007/5/24,3.042,3.042,3.042,3.042,0.13%
2007/5/23,3.038,3.038,3.038,3.038,2.64%
2007/5/22,2.96,2.96,2.96,2.96,-0.03%
2007/5/21,2.961,2.961,2.961,2.961,0.99%
2007/5/18,2.932,2.932,2.932,2.932,1.14%
2007/5/16,2.899,2.899,2.899,2.899,-0.10%
2007/5/15,2.902,2.902,2.902,2.902,1.01%
2007/5/14,2.873,2.873,2.873,2.873,1.52%
2007/5/11,2.83,2.83,2.83,2.83,-0.14%
2007/5/10,2.834,2.834,2.834,2.834,0.11%
2007/5/9,2.831,2.831,2.831,2.831,0.53%
2007/5/8,2.816,2.816,2.816,2.816,-1.09%
2007/5/7,2.847,2.847,2.847,2.847,1.24%
2007/5/4,2.812,2.812,2.812,2.812,-1.02%
2007/5/3,2.841,2.841,2.841,2.841,1.57%
2007/5/2,2.797,2.797,2.797,2.797,1.41%
2007/4/30,2.758,2.758,2.758,2.758,-1.04%
2007/4/27,2.787,2.787,2.787,2.787,0.11%
2007/4/26,2.784,2.784,2.784,2.784,0.11%
2007/4/25,2.781,2.781,2.781,2.781,0.91%
2007/4/24,2.756,2.756,2.756,2.756,-0.51%
2007/4/23,2.77,2.77,2.77,2.77,-0.07%
2007/4/20,2.772,2.772,2.772,2.772,0.18%
2007/4/19,2.767,2.767,2.767,2.767,1.13%
2007/4/18,2.736,2.736,2.736,2.736,-1.16%
2007/4/17,2.768,2.768,2.768,2.768,-1.25%
2007/4/13,2.803,2.803,2.803,2.803,1.05%
2007/4/12,2.774,2.774,2.774,2.774,0.29%
2007/4/11,2.766,2.766,2.766,2.766,0.69%
2007/4/10,2.747,2.747,2.747,2.747,0.73%
2007/4/5,2.727,2.727,2.727,2.727,0.44%
2007/4/4,2.715,2.715,2.715,2.715,0.07%
2007/4/3,2.713,2.713,2.713,2.713,0.26%
2007/4/2,2.706,2.706,2.706,2.706,0.93%
2007/3/30,2.681,2.681,2.681,2.681,-0.26%
2007/3/29,2.688,2.688,2.688,2.688,1.93%
2007/3/28,2.637,2.637,2.637,2.637,-0.34%
2007/3/27,2.646,2.646,2.646,2.646,-0.38%
2007/3/26,2.656,2.656,2.656,2.656,0.45%
2007/3/23,2.644,2.644,2.644,2.644,0.65%
2007/3/22,2.627,2.627,2.627,2.627,0.19%
2007/3/21,2.622,2.622,2.622,2.622,0.34%
2007/3/20,2.613,2.613,2.613,2.613,-0.46%
2007/3/19,2.625,2.625,2.625,2.625,1.27%
2007/3/16,2.592,2.592,2.592,2.592,0.19%
2007/3/15,2.587,2.587,2.587,2.587,0.58%
2007/3/14,2.572,2.572,2.572,2.572,-0.92%
2007/3/13,2.596,2.596,2.596,2.596,-0.61%
2007/3/12,2.612,2.612,2.612,2.612,-0.65%
2007/3/9,2.629,2.629,2.629,2.629,0.61%
2007/3/8,2.613,2.613,2.613,2.613,1.87%
2007/3/7,2.565,2.565,2.565,2.565,0.35%
2007/3/6,2.556,2.556,2.556,2.556,0.51%
2007/3/5,2.543,2.543,2.543,2.543,0.04%
2007/3/2,2.542,2.542,2.542,2.542,0.39%
2007/3/1,2.532,2.532,2.532,2.532,-0.39%
2007/2/28,2.542,2.542,2.542,2.542,0.00%
2007/2/27,2.542,2.542,2.542,2.542,-0.78%
2007/2/26,2.562,2.562,2.562,2.562,-2.06%
2007/2/23,2.616,2.616,2.616,2.616,-0.46%
2007/2/22,2.628,2.628,2.628,2.628,1.12%
2007/2/21,2.599,2.599,2.599,2.599,0.15%
2007/2/20,2.595,2.595,2.595,2.595,-0.88%
2007/2/19,2.618,2.618,2.618,2.618,0.58%
2007/2/16,2.603,2.603,2.603,2.603,1.21%
2007/2/15,2.572,2.572,2.572,2.572,-1.79%
2007/2/14,2.619,2.619,2.619,2.619,-0.23%
2007/2/13,2.625,2.625,2.625,2.625,0.42%
2007/2/12,2.614,2.614,2.614,2.614,1.08%
2007/2/9,2.586,2.586,2.586,2.586,1.17%
2007/2/8,2.556,2.556,2.556,2.556,-0.04%
2007/2/7,2.557,2.557,2.557,2.557,0.20%
2007/2/6,2.552,2.552,2.552,2.552,-0.55%
2007/2/5,2.566,2.566,2.566,2.566,-0.74%
2007/2/2,2.585,2.585,2.585,2.585,-0.81%
2007/2/1,2.606,2.606,2.606,2.606,-1.21%
2007/1/31,2.638,2.638,2.638,2.638,0.42%
2007/1/30,2.627,2.627,2.627,2.627,0.00%
2007/1/29,2.627,2.627,2.627,2.627,1.12%
2007/1/26,2.598,2.598,2.598,2.598,0.39%
2007/1/25,2.588,2.588,2.588,2.588,0.82%
2007/1/24,2.567,2.567,2.567,2.567,0.90%
2007/1/23,2.544,2.544,2.544,2.544,-0.27%
2007/1/22,2.551,2.551,2.551,2.551,-1.16%
2007/1/19,2.581,2.581,2.581,2.581,-0.65%
2007/1/18,2.598,2.598,2.598,2.598,0.35%
2007/1/17,2.589,2.589,2.589,2.589,-1.33%
2007/1/16,2.624,2.624,2.624,2.624,-2.42%
2007/1/15,2.689,2.689,2.689,2.689,0.49%
2007/1/12,2.676,2.676,2.676,2.676,2.29%
2007/1/11,2.616,2.616,2.616,2.616,-0.11%
2007/1/10,2.619,2.619,2.619,2.619,0.96%
2007/1/9,2.594,2.594,2.594,2.594,2.33%
2007/1/8,2.535,2.535,2.535,2.535,1.08%
2007/1/5,2.508,2.508,2.508,2.508,2.12%
2007/1/4,2.456,2.456,2.456,2.456,0.29%
2007/1/3,2.449,2.449,2.449,2.449,-1.41%
2007/1/2,2.484,2.484,2.484,2.484,0.12%
2006/12/29,2.481,2.481,2.481,2.481,0.45%
2006/12/28,2.47,2.47,2.47,2.47,0.82%
2006/12/27,2.45,2.45,2.45,2.45,0.08%
2006/12/22,2.448,2.448,2.448,2.448,-0.77%
2006/12/21,2.467,2.467,2.467,2.467,-0.04%
2006/12/20,2.468,2.468,2.468,2.468,-1.36%
2006/12/19,2.502,2.502,2.502,2.502,0.60%
2006/12/18,2.487,2.487,2.487,2.487,1.39%
2006/12/15,2.453,2.453,2.453,2.453,0.41%
2006/12/14,2.443,2.443,2.443,2.443,0.49%
2006/12/13,2.431,2.431,2.431,2.431,0.25%
2006/12/12,2.425,2.425,2.425,2.425,-0.08%
2006/12/11,2.427,2.427,2.427,2.427,1.55%
2006/12/8,2.39,2.39,2.39,2.39,1.27%
2006/12/7,2.36,2.36,2.36,2.36,1.20%
2006/12/6,2.332,2.332,2.332,2.332,0.30%
2006/12/5,2.325,2.325,2.325,2.325,1.31%
2006/12/4,2.295,2.295,2.295,2.295,-0.30%
2006/12/1,2.302,2.302,2.302,2.302,0.00%
2006/11/30,2.302,2.302,2.302,2.302,-0.86%
2006/11/29,2.322,2.322,2.322,2.322,0.13%
2006/11/28,2.319,2.319,2.319,2.319,-0.17%
2006/11/27,2.323,2.323,2.323,2.323,0.30%
2006/11/24,2.316,2.316,2.316,2.316,-0.13%
2006/11/23,2.319,2.319,2.319,2.319,0.09%
2006/11/22,2.317,2.317,2.317,2.317,1.31%
2006/11/21,2.287,2.287,2.287,2.287,-0.91%
2006/11/20,2.308,2.308,2.308,2.308,-0.47%
2006/11/17,2.319,2.319,2.319,2.319,-0.47%
2006/11/16,2.33,2.33,2.33,2.33,-0.17%
2006/11/15,2.334,2.334,2.334,2.334,1.21%
2006/11/14,2.306,2.306,2.306,2.306,-1.16%
2006/11/13,2.333,2.333,2.333,2.333,1.13%
2006/11/10,2.307,2.307,2.307,2.307,-1.24%
2006/11/9,2.336,2.336,2.336,2.336,-0.64%
2006/11/8,2.351,2.351,2.351,2.351,0.99%
2006/11/7,2.328,2.328,2.328,2.328,-2.96%
2006/11/6,2.399,2.399,2.399,2.399,0.29%
2006/11/3,2.392,2.392,2.392,2.392,-0.25%
2006/11/2,2.398,2.398,2.398,2.398,0.76%
2006/11/1,2.38,2.38,2.38,2.38,-1.82%
2006/10/31,2.424,2.424,2.424,2.424,-3.43%
2006/10/30,2.51,2.51,2.51,2.51,0.16%
2006/10/27,2.506,2.506,2.506,2.506,-1.73%
2006/10/26,2.55,2.55,2.55,2.55,-0.66%
2006/10/25,2.567,2.567,2.567,2.567,-0.16%
2006/10/24,2.571,2.571,2.571,2.571,1.30%
2006/10/23,2.538,2.538,2.538,2.538,1.40%
2006/10/20,2.503,2.503,2.503,2.503,-0.79%
2006/10/19,2.523,2.523,2.523,2.523,1.00%
2006/10/18,2.498,2.498,2.498,2.498,1.01%
2006/10/17,2.473,2.473,2.473,2.473,-1.20%
2006/10/16,2.503,2.503,2.503,2.503,0.20%
2006/10/13,2.498,2.498,2.498,2.498,1.46%
2006/10/12,2.462,2.462,2.462,2.462,0.61%
2006/10/11,2.447,2.447,2.447,2.447,0.41%
2006/10/10,2.437,2.437,2.437,2.437,1.67%
2006/10/9,2.397,2.397,2.397,2.397,0.38%
2006/10/6,2.388,2.388,2.388,2.388,0.29%
2006/10/5,2.381,2.381,2.381,2.381,0.25%
2006/10/4,2.375,2.375,2.375,2.375,-1.57%
2006/10/3,2.413,2.413,2.413,2.413,1.56%
2006/10/2,2.376,2.376,2.376,2.376,-1.37%
2006/9/29,2.409,2.409,2.409,2.409,1.65%
2006/9/28,2.37,2.37,2.37,2.37,0.00%
2006/9/27,2.37,2.37,2.37,2.37,0.94%
2006/9/26,2.348,2.348,2.348,2.348,-1.26%
2006/9/25,2.378,2.378,2.378,2.378,-0.42%
2006/9/22,2.388,2.388,2.388,2.388,-2.05%
2006/9/21,2.438,2.438,2.438,2.438,0.08%
2006/9/20,2.436,2.436,2.436,2.436,-1.62%
2006/9/19,2.476,2.476,2.476,2.476,-0.92%
2006/9/18,2.499,2.499,2.499,2.499,1.96%
2006/9/15,2.451,2.451,2.451,2.451,-0.45%
2006/9/14,2.462,2.462,2.462,2.462,0.57%
2006/9/13,2.448,2.448,2.448,2.448,-0.89%
2006/9/12,2.47,2.47,2.47,2.47,-0.40%
2006/9/11,2.48,2.48,2.48,2.48,0.49%
2006/9/8,2.468,2.468,2.468,2.468,-0.44%
2006/9/7,2.479,2.479,2.479,2.479,-1.00%
2006/9/6,2.504,2.504,2.504,2.504,1.05%
2006/9/5,2.478,2.478,2.478,2.478,0.49%
2006/9/4,2.466,2.466,2.466,2.466,-0.08%
2006/9/1,2.468,2.468,2.468,2.468,-0.20%
2006/8/31,2.473,2.473,2.473,2.473,-1.75%
2006/8/30,2.517,2.517,2.517,2.517,-1.02%
2006/8/29,2.543,2.543,2.543,2.543,1.07%
2006/8/28,2.516,2.516,2.516,2.516,-0.04%
2006/8/25,2.517,2.517,2.517,2.517,-0.67%
2006/8/24,2.534,2.534,2.534,2.534,-0.59%
2006/8/23,2.549,2.549,2.549,2.549,0.91%
2006/8/22,2.526,2.526,2.526,2.526,-0.90%
2006/8/21,2.549,2.549,2.549,2.549,-1.77%
2006/8/18,2.595,2.595,2.595,2.595,-1.11%
2006/8/17,2.624,2.624,2.624,2.624,-0.57%
2006/8/16,2.639,2.639,2.639,2.639,-2.40%
2006/8/15,2.704,2.704,2.704,2.704,-0.84%
2006/8/14,2.727,2.727,2.727,2.727,1.22%
2006/8/11,2.694,2.694,2.694,2.694,0.56%
2006/8/10,2.679,2.679,2.679,2.679,-0.33%
2006/8/9,2.688,2.688,2.688,2.688,0.04%
2006/8/8,2.687,2.687,2.687,2.687,-0.37%
2006/8/7,2.697,2.697,2.697,2.697,0.22%
2006/8/4,2.691,2.691,2.691,2.691,-1.75%
2006/8/3,2.739,2.739,2.739,2.739,1.52%
2006/8/2,2.698,2.698,2.698,2.698,-0.11%
2006/7/31,2.701,2.701,2.701,2.701,-0.44%
2006/7/28,2.713,2.713,2.713,2.713,-0.51%
2006/7/27,2.727,2.727,2.727,2.727,-0.66%
2006/7/26,2.745,2.745,2.745,2.745,1.40%
2006/7/25,2.707,2.707,2.707,2.707,-1.88%
2006/7/24,2.759,2.759,2.759,2.759,-0.54%
2006/7/21,2.774,2.774,2.774,2.774,-0.32%
2006/7/20,2.783,2.783,2.783,2.783,0.04%
2006/7/19,2.782,2.782,2.782,2.782,-0.71%
2006/7/18,2.802,2.802,2.802,2.802,0.65%
2006/7/17,2.784,2.784,2.784,2.784,-0.04%
2006/7/14,2.785,2.785,2.785,2.785,-1.52%
2006/7/13,2.828,2.828,2.828,2.828,-0.67%
2006/7/12,2.847,2.847,2.847,2.847,0.49%
2006/7/11,2.833,2.833,2.833,2.833,-1.08%
2006/7/10,2.864,2.864,2.864,2.864,0.95%
2006/7/7,2.837,2.837,2.837,2.837,-0.25%
2006/7/6,2.844,2.844,2.844,2.844,-1.39%
2006/7/5,2.884,2.884,2.884,2.884,1.16%
2006/7/4,2.851,2.851,2.851,2.851,0.21%
2006/7/3,2.845,2.845,2.845,2.845,0.67%
2006/6/30,2.826,2.826,2.826,2.826,-0.39%
2006/6/29,2.837,2.837,2.837,2.837,-0.11%
2006/6/28,2.84,2.84,2.84,2.84,0.25%
2006/6/27,2.833,2.833,2.833,2.833,-0.07%
2006/6/26,2.835,2.835,2.835,2.835,1.54%
2006/6/23,2.792,2.792,2.792,2.792,1.38%
2006/6/22,2.754,2.754,2.754,2.754,1.70%
2006/6/21,2.708,2.708,2.708,2.708,0.11%
2006/6/20,2.705,2.705,2.705,2.705,0.67%
2006/6/19,2.687,2.687,2.687,2.687,2.25%
2006/6/16,2.628,2.628,2.628,2.628,-0.76%
2006/6/15,2.648,2.648,2.648,2.648,2.24%
2006/6/14,2.59,2.59,2.59,2.59,-0.58%
2006/6/13,2.605,2.605,2.605,2.605,-0.65%
2006/6/12,2.622,2.622,2.622,2.622,-0.76%
2006/6/9,2.642,2.642,2.642,2.642,-0.08%
2006/6/8,2.644,2.644,2.644,2.644,-1.45%
2006/6/7,2.683,2.683,2.683,2.683,-0.45%
2006/6/6,2.695,2.695,2.695,2.695,1.35%
2006/6/2,2.659,2.659,2.659,2.659,-2.31%
2006/6/1,2.722,2.722,2.722,2.722,0.67%
2006/5/31,2.704,2.704,2.704,2.704,0.52%
2006/5/30,2.69,2.69,2.69,2.69,0.26%
2006/5/29,2.683,2.683,2.683,2.683,1.13%
2006/5/26,2.653,2.653,2.653,2.653,-1.01%
2006/5/24,2.68,2.68,2.68,2.68,-0.85%
2006/5/23,2.703,2.703,2.703,2.703,0.63%
2006/5/22,2.686,2.686,2.686,2.686,-2.50%
2006/5/19,2.755,2.755,2.755,2.755,-1.15%
2006/5/18,2.787,2.787,2.787,2.787,-1.24%
2006/5/17,2.822,2.822,2.822,2.822,2.14%
2006/5/16,2.763,2.763,2.763,2.763,-2.13%
2006/5/15,2.823,2.823,2.823,2.823,-1.71%
2006/5/12,2.872,2.872,2.872,2.872,1.88%
2006/5/11,2.819,2.819,2.819,2.819,1.48%
2006/5/10,2.778,2.778,2.778,2.778,0.18%
2006/5/9,2.773,2.773,2.773,2.773,1.13%
2006/5/8,2.742,2.742,2.742,2.742,0.07%
2006/5/5,2.74,2.74,2.74,2.74,-0.87%
2006/5/4,2.764,2.764,2.764,2.764,-0.07%
2006/5/3,2.766,2.766,2.766,2.766,1.99%
2006/5/2,2.712,2.712,2.712,2.712,0.26%
2006/4/28,2.705,2.705,2.705,2.705,-0.62%
2006/4/27,2.722,2.722,2.722,2.722,-0.22%
2006/4/26,2.728,2.728,2.728,2.728,0.70%
2006/4/25,2.709,2.709,2.709,2.709,1.65%
2006/4/24,2.665,2.665,2.665,2.665,0.45%
2006/4/21,2.653,2.653,2.653,2.653,0.84%
2006/4/20,2.631,2.631,2.631,2.631,0.15%
2006/4/19,2.627,2.627,2.627,2.627,0.23%
2006/4/18,2.621,2.621,2.621,2.621,0.23%
2006/4/13,2.615,2.615,2.615,2.615,3.07%
2006/4/12,2.537,2.537,2.537,2.537,0.28%
2006/4/11,2.53,2.53,2.53,2.53,-0.90%
2006/4/10,2.553,2.553,2.553,2.553,-0.08%
2006/4/7,2.555,2.555,2.555,2.555,-0.54%
2006/4/6,2.569,2.569,2.569,2.569,0.55%
2006/4/5,2.555,2.555,2.555,2.555,0.75%
2006/4/4,2.536,2.536,2.536,2.536,-0.04%
2006/4/3,2.537,2.537,2.537,2.537,1.93%
2006/3/31,2.489,2.489,2.489,2.489,-0.24%
2006/3/30,2.495,2.495,2.495,2.495,0.04%
2006/3/29,2.494,2.494,2.494,2.494,1.34%
2006/3/28,2.461,2.461,2.461,2.461,2.20%
2006/3/27,2.408,2.408,2.408,2.408,-0.21%
2006/3/24,2.413,2.413,2.413,2.413,0.58%
2006/3/23,2.399,2.399,2.399,2.399,1.48%
2006/3/22,2.364,2.364,2.364,2.364,-0.21%
2006/3/21,2.369,2.369,2.369,2.369,0.04%
2006/3/20,2.368,2.368,2.368,2.368,-0.84%
2006/3/17,2.388,2.388,2.388,2.388,1.83%
2006/3/16,2.345,2.345,2.345,2.345,-1.92%
2006/3/15,2.391,2.391,2.391,2.391,0.72%
2006/3/14,2.374,2.374,2.374,2.374,-1.62%
2006/3/13,2.413,2.413,2.413,2.413,0.79%
2006/3/10,2.394,2.394,2.394,2.394,1.35%
2006/3/9,2.362,2.362,2.362,2.362,2.12%
2006/3/8,2.313,2.313,2.313,2.313,0.87%
2006/3/7,2.293,2.293,2.293,2.293,0.26%
2006/3/6,2.287,2.287,2.287,2.287,-0.17%
2006/3/3,2.291,2.291,2.291,2.291,-0.78%
2006/3/2,2.309,2.309,2.309,2.309,2.67%
2006/3/1,2.249,2.249,2.249,2.249,0.76%
2006/2/28,2.232,2.232,2.232,2.232,-0.49%
2006/2/27,2.243,2.243,2.243,2.243,0.54%
2006/2/24,2.231,2.231,2.231,2.231,1.04%
2006/2/23,2.208,2.208,2.208,2.208,1.70%
2006/2/22,2.171,2.171,2.171,2.171,-0.73%
2006/2/21,2.187,2.187,2.187,2.187,1.02%
2006/2/20,2.165,2.165,2.165,2.165,-0.69%
2006/2/17,2.18,2.18,2.18,2.18,-1.27%
2006/2/16,2.208,2.208,2.208,2.208,0.96%
2006/2/15,2.187,2.187,2.187,2.187,0.46%
2006/2/14,2.177,2.177,2.177,2.177,-0.59%
2006/2/13,2.19,2.19,2.19,2.19,0.32%
2006/2/10,2.183,2.183,2.183,2.183,-0.59%
2006/2/9,2.196,2.196,2.196,2.196,-0.23%
2006/2/8,2.201,2.201,2.201,2.201,-0.36%
2006/2/7,2.209,2.209,2.209,2.209,1.24%
2006/2/6,2.182,2.182,2.182,2.182,-0.82%
2006/2/3,2.2,2.2,2.2,2.2,-0.77%
2006/2/2,2.217,2.217,2.217,2.217,0.09%
2006/2/1,2.215,2.215,2.215,2.215,0.96%
2006/1/31,2.194,2.194,2.194,2.194,-0.36%
2006/1/30,2.202,2.202,2.202,2.202,-0.54%
2006/1/27,2.214,2.214,2.214,2.214,0.68%
2006/1/26,2.199,2.199,2.199,2.199,3.14%
2006/1/25,2.132,2.132,2.132,2.132,0.85%
2006/1/24,2.114,2.114,2.114,2.114,0.33%
2006/1/23,2.107,2.107,2.107,2.107,1.64%
2006/1/20,2.073,2.073,2.073,2.073,1.52%
2006/1/19,2.042,2.042,2.042,2.042,2.61%
2006/1/18,1.99,1.99,1.99,1.99,-2.36%
2006/1/17,2.038,2.038,2.038,2.038,1.14%
2006/1/16,2.015,2.015,2.015,2.015,0.25%
2006/1/13,2.01,2.01,2.01,2.01,0.65%
2006/1/12,1.997,1.997,1.997,1.997,-2.39%
2006/1/11,2.046,2.046,2.046,2.046,0.84%
2006/1/10,2.029,2.029,2.029,2.029,0.59%
2006/1/9,2.017,2.017,2.017,2.017,-0.84%
2006/1/6,2.034,2.034,2.034,2.034,0.79%
2006/1/5,2.018,2.018,2.018,2.018,-0.35%
2006/1/4,2.025,2.025,2.025,2.025,3.42%
2006/1/3,1.958,1.958,1.958,1.958,2.19%
2005/12/30,1.916,1.916,1.916,1.916,-2.39%
2005/12/29,1.963,1.963,1.963,1.963,1.60%
2005/12/28,1.932,1.932,1.932,1.932,-4.97%
2005/12/27,2.033,2.033,2.033,2.033,0.40%
2005/12/23,2.025,2.025,2.025,2.025,-1.12%
2005/12/22,2.048,2.048,2.048,2.048,-0.78%
2005/12/21,2.064,2.064,2.064,2.064,0.63%
2005/12/20,2.051,2.051,2.051,2.051,-0.77%
2005/12/19,2.067,2.067,2.067,2.067,-0.34%
2005/12/16,2.074,2.074,2.074,2.074,-1.43%
2005/12/15,2.104,2.104,2.104,2.104,-0.05%
2005/12/14,2.105,2.105,2.105,2.105,1.10%
2005/12/13,2.082,2.082,2.082,2.082,0.43%
2005/12/12,2.073,2.073,2.073,2.073,-4.91%
2005/12/9,2.18,2.18,2.18,2.18,1.35%
2005/12/8,2.151,2.151,2.151,2.151,1.75%
2005/12/7,2.114,2.114,2.114,2.114,1.05%
2005/12/6,2.092,2.092,2.092,2.092,-3.64%
2005/12/5,2.171,2.171,2.171,2.171,-0.55%
2005/12/2,2.183,2.183,2.183,2.183,-1.09%
2005/12/1,2.207,2.207,2.207,2.207,-0.09%
2005/11/30,2.209,2.209,2.209,2.209,1.52%
2005/11/29,2.176,2.176,2.176,2.176,0.23%
2005/11/28,2.171,2.171,2.171,2.171,0.05%
2005/11/25,2.17,2.17,2.17,2.17,0.23%
2005/11/24,2.165,2.165,2.165,2.165,-1.99%
2005/11/23,2.209,2.209,2.209,2.209,-0.54%
2005/11/22,2.221,2.221,2.221,2.221,0.54%
2005/11/21,2.209,2.209,2.209,2.209,-0.90%
2005/11/18,2.229,2.229,2.229,2.229,1.92%
2005/11/17,2.187,2.187,2.187,2.187,0.83%
2005/11/16,2.169,2.169,2.169,2.169,-3.21%
2005/11/15,2.241,2.241,2.241,2.241,-0.40%
2005/11/14,2.25,2.25,2.25,2.25,-0.04%
2005/11/11,2.251,2.251,2.251,2.251,-0.49%
2005/11/10,2.262,2.262,2.262,2.262,-0.88%
2005/11/9,2.282,2.282,2.282,2.282,2.56%
2005/11/8,2.225,2.225,2.225,2.225,-0.85%
2005/11/7,2.244,2.244,2.244,2.244,-0.49%
2005/11/4,2.255,2.255,2.255,2.255,2.69%
2005/11/3,2.196,2.196,2.196,2.196,1.06%
2005/11/2,2.173,2.173,2.173,2.173,1.88%
2005/11/1,2.133,2.133,2.133,2.133,0.14%
2005/10/31,2.13,2.13,2.13,2.13,1.72%
2005/10/28,2.094,2.094,2.094,2.094,-0.85%
2005/10/27,2.112,2.112,2.112,2.112,1.78%
2005/10/26,2.075,2.075,2.075,2.075,2.47%
2005/10/25,2.025,2.025,2.025,2.025,3.37%
2005/10/24,1.959,1.959,1.959,1.959,1.19%
2005/10/21,1.936,1.936,1.936,1.936,-1.17%
2005/10/20,1.959,1.959,1.959,1.959,1.24%
2005/10/19,1.935,1.935,1.935,1.935,0.36%
2005/10/18,1.928,1.928,1.928,1.928,-0.16%
2005/10/17,1.931,1.931,1.931,1.931,0.26%
2005/10/14,1.926,1.926,1.926,1.926,-0.41%
2005/10/13,1.934,1.934,1.934,1.934,1.10%
2005/10/12,1.913,1.913,1.913,1.913,0.63%
2005/10/11,1.901,1.901,1.901,1.901,-1.20%
2005/10/10,1.924,1.924,1.924,1.924,-0.36%
2005/10/7,1.931,1.931,1.931,1.931,1.05%
2005/10/6,1.911,1.911,1.911,1.911,1.81%
2005/10/5,1.877,1.877,1.877,1.877,-1.00%
2005/10/4,1.896,1.896,1.896,1.896,-0.89%
2005/10/3,1.913,1.913,1.913,1.913,0.68%
2005/9/30,1.9,1.9,1.9,1.9,-1.20%
2005/9/29,1.923,1.923,1.923,1.923,0.84%
2005/9/28,1.907,1.907,1.907,1.907,-0.37%
2005/9/27,1.914,1.914,1.914,1.914,2.30%
2005/9/26,1.871,1.871,1.871,1.871,1.57%
2005/9/23,1.842,1.842,1.842,1.842,2.85%
2005/9/22,1.791,1.791,1.791,1.791,-0.22%
2005/9/21,1.795,1.795,1.795,1.795,-2.07%
2005/9/20,1.833,1.833,1.833,1.833,-0.16%
2005/9/19,1.836,1.836,1.836,1.836,-1.66%
2005/9/16,1.867,1.867,1.867,1.867,2.08%
2005/9/15,1.829,1.829,1.829,1.829,0.33%
2005/9/14,1.823,1.823,1.823,1.823,-0.60%
2005/9/13,1.834,1.834,1.834,1.834,-0.38%
2005/9/12,1.841,1.841,1.841,1.841,0.99%
2005/9/9,1.823,1.823,1.823,1.823,0.50%
2005/9/8,1.814,1.814,1.814,1.814,-0.44%
2005/9/7,1.822,1.822,1.822,1.822,-0.27%
2005/9/6,1.827,1.827,1.827,1.827,-0.11%
2005/9/5,1.829,1.829,1.829,1.829,-0.16%
2005/9/2,1.832,1.832,1.832,1.832,-0.43%
2005/9/1,1.84,1.84,1.84,1.84,-2.75%
2005/8/31,1.892,1.892,1.892,1.892,-0.89%
2005/8/30,1.909,1.909,1.909,1.909,0.05%
2005/8/29,1.908,1.908,1.908,1.908,-0.99%
2005/8/26,1.927,1.927,1.927,1.927,0.00%
2005/8/25,1.927,1.927,1.927,1.927,0.10%
2005/8/24,1.925,1.925,1.925,1.925,0.26%
2005/8/23,1.92,1.92,1.92,1.92,0.95%
2005/8/22,1.902,1.902,1.902,1.902,0.05%
2005/8/19,1.901,1.901,1.901,1.901,-0.89%
2005/8/18,1.918,1.918,1.918,1.918,-1.49%
2005/8/17,1.947,1.947,1.947,1.947,-0.56%
2005/8/16,1.958,1.958,1.958,1.958,-2.20%
2005/8/15,2.002,2.002,2.002,2.002,-0.20%
2005/8/12,2.006,2.006,2.006,2.006,-2.57%
2005/8/11,2.059,2.059,2.059,2.059,0.44%
2005/8/10,2.05,2.05,2.05,2.05,0.34%
2005/8/9,2.043,2.043,2.043,2.043,1.49%
2005/8/8,2.013,2.013,2.013,2.013,-0.05%
2005/8/5,2.014,2.014,2.014,2.014,1.72%
2005/8/4,1.98,1.98,1.98,1.98,-0.20%
2005/8/3,1.984,1.984,1.984,1.984,-1.29%
2005/8/2,2.01,2.01,2.01,2.01,3.02%
2005/7/29,1.951,1.951,1.951,1.951,1.35%
2005/7/28,1.925,1.925,1.925,1.925,-0.67%
2005/7/27,1.938,1.938,1.938,1.938,-0.51%
2005/7/26,1.948,1.948,1.948,1.948,2.04%
2005/7/25,1.909,1.909,1.909,1.909,0.63%
2005/7/22,1.897,1.897,1.897,1.897,-2.72%
2005/7/21,1.95,1.95,1.95,1.95,-1.91%
2005/7/20,1.988,1.988,1.988,1.988,-0.20%
2005/7/19,1.992,1.992,1.992,1.992,0.91%
2005/7/18,1.974,1.974,1.974,1.974,-0.65%
2005/7/15,1.987,1.987,1.987,1.987,-0.55%
2005/7/14,1.998,1.998,1.998,1.998,0.65%
2005/7/13,1.985,1.985,1.985,1.985,0.15%
2005/7/12,1.982,1.982,1.982,1.982,-0.40%
2005/7/11,1.99,1.99,1.99,1.99,3.27%
2005/7/8,1.927,1.927,1.927,1.927,2.07%
2005/7/7,1.888,1.888,1.888,1.888,-1.15%
2005/7/6,1.91,1.91,1.91,1.91,-0.10%
2005/7/5,1.912,1.912,1.912,1.912,-1.34%
2005/7/4,1.938,1.938,1.938,1.938,0.00%
2005/7/1,1.938,1.938,1.938,1.938,-1.97%
2005/6/30,1.977,1.977,1.977,1.977,-1.69%
2005/6/29,2.011,2.011,2.011,2.011,-1.32%
2005/6/28,2.038,2.038,2.038,2.038,0.74%
2005/6/27,2.023,2.023,2.023,2.023,-0.20%
2005/6/24,2.027,2.027,2.027,2.027,-6.85%
2005/1/7,2.176,2.176,2.176,2.176,-1.23%
2005/1/6,2.203,2.203,2.203,2.203,-0.86%
2005/1/5,2.222,2.222,2.222,2.222,-0.63%
2005/1/4,2.236,2.236,2.236,2.236,0.04%
2005/1/3,2.235,2.235,2.235,2.235,-3.12%
2004/12/30,2.307,2.307,2.307,2.307,2.99%
2004/12/29,2.24,2.24,2.24,2.24,1.36%
2004/12/28,2.21,2.21,2.21,2.21,-0.05%
2004/12/27,2.211,2.211,2.211,2.211,-1.38%
2004/12/23,2.242,2.242,2.242,2.242,-1.19%
2004/12/22,2.269,2.269,2.269,2.269,-0.22%
2004/12/21,2.274,2.274,2.274,2.274,1.97%
2004/12/20,2.23,2.23,2.23,2.23,-1.24%
2004/12/17,2.258,2.258,2.258,2.258,1.80%
2004/12/16,2.218,2.218,2.218,2.218,-0.09%
2004/12/15,2.22,2.22,2.22,2.22,0.32%
2004/12/14,2.213,2.213,2.213,2.213,1.19%
2004/12/13,2.187,2.187,2.187,2.187,-0.23%
2004/12/10,2.192,2.192,2.192,2.192,-0.09%
2004/12/9,2.194,2.194,2.194,2.194,-0.32%
2004/12/8,2.201,2.201,2.201,2.201,-0.59%
2004/12/7,2.214,2.214,2.214,2.214,-1.34%
2004/12/6,2.244,2.244,2.244,2.244,-2.18%
2004/12/3,2.294,2.294,2.294,2.294,-1.46%
2004/12/2,2.328,2.328,2.328,2.328,0.61%
2004/12/1,2.314,2.314,2.314,2.314,-0.26%
2004/11/30,2.32,2.32,2.32,2.32,-0.17%
2004/11/29,2.324,2.324,2.324,2.324,1.00%
2004/11/26,2.301,2.301,2.301,2.301,-0.65%
2004/11/25,2.316,2.316,2.316,2.316,-0.86%
2004/11/24,2.336,2.336,2.336,2.336,-0.72%
2004/11/23,2.353,2.353,2.353,2.353,-1.59%
2004/11/22,2.391,2.391,2.391,2.391,-1.73%
2004/11/19,2.433,2.433,2.433,2.433,-0.45%
2004/11/18,2.444,2.444,2.444,2.444,2.60%
2004/11/17,2.382,2.382,2.382,2.382,0.85%
2004/11/16,2.362,2.362,2.362,2.362,-0.42%
2004/11/15,2.372,2.372,2.372,2.372,0.25%
2004/11/12,2.366,2.366,2.366,2.366,-1.13%
2004/11/11,2.393,2.393,2.393,2.393,-2.33%
2004/11/10,2.45,2.45,2.45,2.45,-0.16%
2004/11/9,2.454,2.454,2.454,2.454,-1.21%
2004/11/8,2.484,2.484,2.484,2.484,0.81%
2004/11/5,2.464,2.464,2.464,2.464,0.98%
2004/11/4,2.44,2.44,2.44,2.44,-1.17%
2004/11/3,2.469,2.469,2.469,2.469,-0.36%
2004/11/2,2.478,2.478,2.478,2.478,1.56%
2004/11/1,2.44,2.44,2.44,2.44,-1.29%
2004/10/29,2.472,2.472,2.472,2.472,-0.28%
2004/10/28,2.479,2.479,2.479,2.479,1.72%
2004/10/27,2.437,2.437,2.437,2.437,-0.41%
2004/10/26,2.447,2.447,2.447,2.447,-0.97%
2004/10/25,2.471,2.471,2.471,2.471,-0.60%
2004/10/22,2.486,2.486,2.486,2.486,-0.24%
2004/10/21,2.492,2.492,2.492,2.492,1.18%
2004/10/20,2.463,2.463,2.463,2.463,-0.89%
2004/10/19,2.485,2.485,2.485,2.485,0.77%
2004/10/18,2.466,2.466,2.466,2.466,-1.20%
2004/10/15,2.496,2.496,2.496,2.496,0.60%
2004/10/14,2.481,2.481,2.481,2.481,-0.32%
2004/10/13,2.489,2.489,2.489,2.489,0.28%
2004/10/12,2.482,2.482,2.482,2.482,-1.63%
2004/10/11,2.523,2.523,2.523,2.523,-2.62%
2004/10/7,2.591,2.591,2.591,2.591,1.45%
2004/10/6,2.554,2.554,2.554,2.554,0.04%
2004/10/5,2.553,2.553,2.553,2.553,-2.07%
2004/10/4,2.607,2.607,2.607,2.607,-0.04%
2004/9/30,2.608,2.608,2.608,2.608,0.08%
2004/9/29,2.606,2.606,2.606,2.606,0.27%
2004/9/28,2.599,2.599,2.599,2.599,-1.29%
2004/9/24,2.633,2.633,2.633,2.633,0.69%
2004/9/23,2.615,2.615,2.615,2.615,-0.46%
2004/9/22,2.627,2.627,2.627,2.627,-0.11%
2004/9/21,2.63,2.63,2.63,2.63,0.92%
2004/9/20,2.606,2.606,2.606,2.606,-0.38%
2004/9/17,2.616,2.616,2.616,2.616,0.11%
2004/9/16,2.613,2.613,2.613,2.613,-0.50%
2004/9/15,2.626,2.626,2.626,2.626,0.15%
2004/9/14,2.622,2.622,2.622,2.622,-0.61%
2004/9/13,2.638,2.638,2.638,2.638,0.57%
2004/9/10,2.623,2.623,2.623,2.623,-0.46%
2004/9/9,2.635,2.635,2.635,2.635,-0.64%
2004/9/8,2.652,2.652,2.652,2.652,-0.86%
2004/9/7,2.675,2.675,2.675,2.675,-0.56%
2004/9/6,2.69,2.69,2.69,2.69,-0.19%
2004/9/3,2.695,2.695,2.695,2.695,1.85%
2004/9/2,2.646,2.646,2.646,2.646,1.03%
2004/9/1,2.619,2.619,2.619,2.619,0.15%
2004/8/31,2.615,2.615,2.615,2.615,-1.21%
2004/8/30,2.647,2.647,2.647,2.647,-1.30%
2004/8/27,2.682,2.682,2.682,2.682,-0.56%
2004/8/26,2.697,2.697,2.697,2.697,-0.48%
2004/8/24,2.71,2.71,2.71,2.71,3.12%
2004/8/20,2.628,2.628,2.628,2.628,-0.64%
2004/8/19,2.645,2.645,2.645,2.645,1.07%
2004/8/18,2.617,2.617,2.617,2.617,-1.58%
2004/8/17,2.659,2.659,2.659,2.659,0.68%
2004/8/16,2.641,2.641,2.641,2.641,1.30%
2004/8/13,2.607,2.607,2.607,2.607,-0.95%
2004/8/12,2.632,2.632,2.632,2.632,-0.83%
2004/8/11,2.654,2.654,2.654,2.654,0.64%
2004/8/10,2.637,2.637,2.637,2.637,0.19%
2004/8/9,2.632,2.632,2.632,2.632,-1.46%
2004/8/6,2.671,2.671,2.671,2.671,-0.52%
2004/8/5,2.685,2.685,2.685,2.685,-1.10%
2004/8/4,2.715,2.715,2.715,2.715,-1.81%
2004/8/3,2.765,2.765,2.765,2.765,-0.79%
2004/8/2,2.787,2.787,2.787,2.787,-0.75%
2004/7/30,2.808,2.808,2.808,2.808,-2.36%
2004/7/29,2.876,2.876,2.876,2.876,-0.48%
2004/7/28,2.89,2.89,2.89,2.89,1.51%
2004/7/27,2.847,2.847,2.847,2.847,0.89%
2004/7/26,2.822,2.822,2.822,2.822,0.32%
2004/7/23,2.813,2.813,2.813,2.813,0.46%
2004/7/22,2.8,2.8,2.8,2.8,-0.67%
2004/7/21,2.819,2.819,2.819,2.819,0.68%
2004/7/20,2.8,2.8,2.8,2.8,-0.36%
2004/7/19,2.81,2.81,2.81,2.81,0.54%
2004/7/16,2.795,2.795,2.795,2.795,-1.20%
2004/7/15,2.829,2.829,2.829,2.829,0.04%
2004/7/14,2.828,2.828,2.828,2.828,-0.49%
2004/7/13,2.842,2.842,2.842,2.842,1.90%
2004/7/12,2.789,2.789,2.789,2.789,-1.17%
2004/7/9,2.822,2.822,2.822,2.822,-0.21%
2004/7/8,2.828,2.828,2.828,2.828,-0.28%
2004/7/7,2.836,2.836,2.836,2.836,-0.28%
2004/7/6,2.844,2.844,2.844,2.844,-0.77%
2004/7/5,2.866,2.866,2.866,2.866,0.24%
2004/7/2,2.859,2.859,2.859,2.859,-1.28%
2004/7/1,2.896,2.896,2.896,2.896,0.14%
2004/6/30,2.892,2.892,2.892,2.892,-2.33%
2004/6/29,2.961,2.961,2.961,2.961,0.34%
2004/6/28,2.951,2.951,2.951,2.951,1.34%
2004/6/25,2.912,2.912,2.912,2.912,1.75%
2004/6/24,2.862,2.862,2.862,2.862,-1.04%
2004/6/23,2.892,2.892,2.892,2.892,0.56%
2004/6/22,2.876,2.876,2.876,2.876,1.13%
2004/6/21,2.844,2.844,2.844,2.844,-0.18%
2004/6/18,2.849,2.849,2.849,2.849,-2.06%
2004/6/17,2.909,2.909,2.909,2.909,1.08%
2004/6/16,2.878,2.878,2.878,2.878,0.28%
2004/6/15,2.87,2.87,2.87,2.87,-1.58%
2004/6/14,2.916,2.916,2.916,2.916,-0.51%
2004/6/11,2.931,2.931,2.931,2.931,0.31%
2004/6/10,2.922,2.922,2.922,2.922,-0.41%
2004/6/9,2.934,2.934,2.934,2.934,0.86%
2004/6/8,2.909,2.909,2.909,2.909,0.87%
2004/6/7,2.884,2.884,2.884,2.884,-0.17%
2004/6/4,2.889,2.889,2.889,2.889,0.38%
2004/6/3,2.878,2.878,2.878,2.878,0.98%
2004/6/2,2.85,2.85,2.85,2.85,0.85%
2004/6/1,2.826,2.826,2.826,2.826,1.18%
2004/5/28,2.793,2.793,2.793,2.793,1.16%
2004/5/27,2.761,2.761,2.761,2.761,-0.47%
2004/5/26,2.774,2.774,2.774,2.774,-0.47%
2004/5/25,2.787,2.787,2.787,2.787,-0.18%
2004/5/24,2.792,2.792,2.792,2.792,1.34%
2004/5/21,2.755,2.755,2.755,2.755,-1.01%
2004/5/19,2.783,2.783,2.783,2.783,1.53%
2004/5/18,2.741,2.741,2.741,2.741,0.18%
2004/5/17,2.736,2.736,2.736,2.736,-1.76%
2004/5/14,2.785,2.785,2.785,2.785,-0.64%
2004/5/13,2.803,2.803,2.803,2.803,0.68%
2004/5/12,2.784,2.784,2.784,2.784,1.02%
2004/5/11,2.756,2.756,2.756,2.756,-0.33%
2004/5/10,2.765,2.765,2.765,2.765,0.55%
2004/5/7,2.75,2.75,2.75,2.75,2.23%
2004/5/6,2.69,2.69,2.69,2.69,1.93%
2004/5/5,2.639,2.639,2.639,2.639,0.30%
2004/5/4,2.631,2.631,2.631,2.631,-0.15%
2004/5/3,2.635,2.635,2.635,2.635,-0.60%
2004/4/30,2.651,2.651,2.651,2.651,-1.85%
2004/4/29,2.701,2.701,2.701,2.701,-0.59%
2004/4/28,2.717,2.717,2.717,2.717,-0.18%
2004/4/27,2.722,2.722,2.722,2.722,-0.58%
2004/4/26,2.738,2.738,2.738,2.738,1.33%
2004/4/23,2.702,2.702,2.702,2.702,0.71%
2004/4/22,2.683,2.683,2.683,2.683,0.94%
2004/4/21,2.658,2.658,2.658,2.658,0.19%
2004/4/20,2.653,2.653,2.653,2.653,2.12%
2004/4/19,2.598,2.598,2.598,2.598,-0.88%
2004/4/16,2.621,2.621,2.621,2.621,-0.64%
2004/4/15,2.638,2.638,2.638,2.638,-0.60%
2004/4/14,2.654,2.654,2.654,2.654,0.45%
2004/4/13,2.642,2.642,2.642,2.642,2.13%
2004/4/8,2.587,2.587,2.587,2.587,0.47%
2004/4/7,2.575,2.575,2.575,2.575,-0.69%
2004/4/6,2.593,2.593,2.593,2.593,-1.18%
2004/4/5,2.624,2.624,2.624,2.624,0.19%
2004/4/2,2.619,2.619,2.619,2.619,3.27%
2004/4/1,2.536,2.536,2.536,2.536,1.44%
2004/3/31,2.5,2.5,2.5,2.5,-0.28%
2004/3/30,2.507,2.507,2.507,2.507,-1.72%
2004/3/29,2.551,2.551,2.551,2.551,3.49%
2004/3/26,2.465,2.465,2.465,2.465,-0.04%
2004/3/25,2.466,2.466,2.466,2.466,0.82%
2004/3/24,2.446,2.446,2.446,2.446,-0.69%
2004/3/23,2.463,2.463,2.463,2.463,1.07%
2004/3/22,2.437,2.437,2.437,2.437,-0.41%
2004/3/19,2.447,2.447,2.447,2.447,0.25%
2004/3/18,2.441,2.441,2.441,2.441,0.33%
2004/3/17,2.433,2.433,2.433,2.433,0.08%
2004/3/16,2.431,2.431,2.431,2.431,1.80%
2004/3/15,2.388,2.388,2.388,2.388,-0.95%
2004/3/12,2.411,2.411,2.411,2.411,-0.25%
2004/3/11,2.417,2.417,2.417,2.417,-0.94%
2004/3/10,2.44,2.44,2.44,2.44,0.25%
2004/3/9,2.434,2.434,2.434,2.434,-0.33%
2004/3/8,2.442,2.442,2.442,2.442,-1.89%
2004/3/5,2.489,2.489,2.489,2.489,-2.81%
2004/3/4,2.561,2.561,2.561,2.561,-0.08%
2004/3/3,2.563,2.563,2.563,2.563,0.00%
2004/3/2,2.563,2.563,2.563,2.563,0.20%
2004/3/1,2.558,2.558,2.558,2.558,0.24%
2004/2/27,2.552,2.552,2.552,2.552,-1.73%
2004/2/26,2.597,2.597,2.597,2.597,0.43%
2004/2/25,2.586,2.586,2.586,2.586,0.00%
2004/2/24,2.586,2.586,2.586,2.586,-1.00%
2004/2/23,2.612,2.612,2.612,2.612,1.12%
2004/2/20,2.583,2.583,2.583,2.583,0.43%
2004/2/19,2.572,2.572,2.572,2.572,3.84%
2004/2/18,2.477,2.477,2.477,2.477,-1.08%
2004/2/17,2.504,2.504,2.504,2.504,-0.67%
2004/2/16,2.521,2.521,2.521,2.521,0.20%
2004/2/13,2.516,2.516,2.516,2.516,-1.72%
2004/2/12,2.56,2.56,2.56,2.56,-1.84%
2004/2/11,2.608,2.608,2.608,2.608,0.38%
2004/2/10,2.598,2.598,2.598,2.598,-0.42%
2004/2/6,2.609,2.609,2.609,2.609,-0.99%
2004/2/5,2.635,2.635,2.635,2.635,-0.15%
2004/2/4,2.639,2.639,2.639,2.639,0.11%
2004/2/3,2.636,2.636,2.636,2.636,-1.09%
2004/2/2,2.665,2.665,2.665,2.665,-1.59%
2004/1/30,2.708,2.708,2.708,2.708,-0.73%
2004/1/29,2.728,2.728,2.728,2.728,2.52%
2004/1/28,2.661,2.661,2.661,2.661,0.04%
2004/1/27,2.66,2.66,2.66,2.66,-0.78%
2004/1/26,2.681,2.681,2.681,2.681,2.09%
2004/1/23,2.626,2.626,2.626,2.626,-1.09%
2004/1/22,2.655,2.655,2.655,2.655,-0.19%
2004/1/21,2.66,2.66,2.66,2.66,0.68%
2004/1/20,2.642,2.642,2.642,2.642,-0.23%
2004/1/19,2.648,2.648,2.648,2.648,-0.04%
2004/1/16,2.649,2.649,2.649,2.649,-0.82%
2004/1/15,2.671,2.671,2.671,2.671,-0.52%
2004/1/14,2.685,2.685,2.685,2.685,0.49%
2004/1/13,2.672,2.672,2.672,2.672,0.15%
2004/1/12,2.668,2.668,2.668,2.668,-0.15%
2004/1/9,2.672,2.672,2.672,2.672,-1.51%
2004/1/8,2.713,2.713,2.713,2.713,-0.40%
2004/1/7,2.724,2.724,2.724,2.724,3.50%
2004/1/6,2.632,2.632,2.632,2.632,-1.02%
2004/1/5,2.659,2.659,2.659,2.659,1.26%
2003/12/30,2.626,2.626,2.626,2.626,0.61%
2003/12/29,2.61,2.61,2.61,2.61,1.56%
2003/12/23,2.57,2.57,2.57,2.57,0.43%
2003/12/22,2.559,2.559,2.559,2.559,-0.62%
2003/12/19,2.575,2.575,2.575,2.575,0.39%
2003/12/18,2.565,2.565,2.565,2.565,-0.31%
2003/12/17,2.573,2.573,2.573,2.573,-0.27%
2003/12/16,2.58,2.58,2.58,2.58,-0.62%
2003/12/15,2.596,2.596,2.596,2.596,-0.38%
2003/12/12,2.606,2.606,2.606,2.606,-2.40%
2003/12/11,2.67,2.67,2.67,2.67,0.98%
2003/12/10,2.644,2.644,2.644,2.644,-1.45%
2003/12/9,2.683,2.683,2.683,2.683,0.22%
2003/12/8,2.677,2.677,2.677,2.677,-0.11%
2003/12/5,2.68,2.68,2.68,2.68,-3.39%
2003/12/4,2.774,2.774,2.774,2.774,0.14%
2003/12/3,2.77,2.77,2.77,2.77,-0.82%
2003/12/2,2.793,2.793,2.793,2.793,-1.48%
2003/12/1,2.835,2.835,2.835,2.835,0.43%
2003/11/28,2.823,2.823,2.823,2.823,-0.32%
2003/11/27,2.832,2.832,2.832,2.832,1.14%
2003/11/26,2.8,2.8,2.8,2.8,1.23%
2003/11/25,2.766,2.766,2.766,2.766,1.50%
2003/11/24,2.725,2.725,2.725,2.725,1.95%
2003/11/21,2.673,2.673,2.673,2.673,-0.93%
2003/11/20,2.698,2.698,2.698,2.698,-0.37%
2003/11/19,2.708,2.708,2.708,2.708,-0.48%
2003/11/18,2.721,2.721,2.721,2.721,0.22%
2003/11/17,2.715,2.715,2.715,2.715,-1.67%
2003/11/14,2.761,2.761,2.761,2.761,-0.58%
2003/11/13,2.777,2.777,2.777,2.777,-0.96%
2003/11/12,2.804,2.804,2.804,2.804,-0.32%
2003/11/11,2.813,2.813,2.813,2.813,-0.35%
2003/11/10,2.823,2.823,2.823,2.823,-0.39%
2003/11/7,2.834,2.834,2.834,2.834,1.80%
2003/11/6,2.784,2.784,2.784,2.784,1.53%
2003/11/5,2.742,2.742,2.742,2.742,0.26%
2003/11/4,2.735,2.735,2.735,2.735,-0.18%
2003/11/3,2.74,2.74,2.74,2.74,2.05%
2003/10/31,2.685,2.685,2.685,2.685,-1.86%
2003/10/30,2.736,2.736,2.736,2.736,0.33%
2003/10/29,2.727,2.727,2.727,2.727,0.59%
2003/10/28,2.711,2.711,2.711,2.711,0.48%
2003/10/27,2.698,2.698,2.698,2.698,1.93%
2003/10/24,2.647,2.647,2.647,2.647,0.00%
2003/10/23,2.647,2.647,2.647,2.647,1.46%
2003/10/22,2.609,2.609,2.609,2.609,-2.32%
2003/10/21,2.671,2.671,2.671,2.671,-1.22%
2003/10/20,2.704,2.704,2.704,2.704,-0.52%
2003/10/17,2.718,2.718,2.718,2.718,0.85%
2003/10/16,2.695,2.695,2.695,2.695,-0.26%
2003/10/15,2.702,2.702,2.702,2.702,1.05%
2003/10/14,2.674,2.674,2.674,2.674,0.22%
2003/10/13,2.668,2.668,2.668,2.668,0.95%
2003/10/10,2.643,2.643,2.643,2.643,-0.60%
2003/10/9,2.659,2.659,2.659,2.659,0.91%
2003/10/8,2.635,2.635,2.635,2.635,-0.34%
2003/10/7,2.644,2.644,2.644,2.644,-1.64%
2003/10/3,2.688,2.688,2.688,2.688,3.07%
2003/10/2,2.608,2.608,2.608,2.608,3.37%
2003/10/1,2.523,2.523,2.523,2.523,-0.51%
2003/9/30,2.536,2.536,2.536,2.536,-2.84%
2003/9/29,2.61,2.61,2.61,2.61,0.35%
2003/9/26,2.601,2.601,2.601,2.601,-0.57%
2003/9/25,2.616,2.616,2.616,2.616,-2.75%
2003/9/24,2.69,2.69,2.69,2.69,1.24%
2003/9/23,2.657,2.657,2.657,2.657,-0.64%
2003/9/22,2.674,2.674,2.674,2.674,-0.59%
2003/9/19,2.69,2.69,2.69,2.69,-2.04%
2003/9/18,2.746,2.746,2.746,2.746,1.74%
2003/9/17,2.699,2.699,2.699,2.699,0.82%
2003/9/16,2.677,2.677,2.677,2.677,0.26%
2003/9/15,2.67,2.67,2.67,2.67,0.26%
2003/9/12,2.663,2.663,2.663,2.663,-3.69%
2003/9/11,2.765,2.765,2.765,2.765,0.07%
2003/9/10,2.763,2.763,2.763,2.763,-0.58%
2003/9/9,2.779,2.779,2.779,2.779,0.69%
2003/9/8,2.76,2.76,2.76,2.76,-1.99%
2003/9/5,2.816,2.816,2.816,2.816,-1.16%
2003/9/4,2.849,2.849,2.849,2.849,-0.94%
2003/9/3,2.876,2.876,2.876,2.876,3.94%
2003/9/2,2.767,2.767,2.767,2.767,2.67%
2003/9/1,2.695,2.695,2.695,2.695,0.07%
2003/8/29,2.693,2.693,2.693,2.693,-0.11%
2003/8/28,2.696,2.696,2.696,2.696,1.13%
2003/8/27,2.666,2.666,2.666,2.666,-0.86%
2003/8/26,2.689,2.689,2.689,2.689,1.28%
2003/8/25,2.655,2.655,2.655,2.655,-0.04%
2003/8/22,2.656,2.656,2.656,2.656,-0.41%
2003/8/21,2.667,2.667,2.667,2.667,0.83%
2003/8/20,2.645,2.645,2.645,2.645,-0.60%
2003/8/19,2.661,2.661,2.661,2.661,0.68%
2003/8/18,2.643,2.643,2.643,2.643,0.95%
2003/8/15,2.618,2.618,2.618,2.618,-0.23%
2003/8/14,2.624,2.624,2.624,2.624,1.94%
2003/8/13,2.574,2.574,2.574,2.574,3.21%
2003/8/12,2.494,2.494,2.494,2.494,0.32%
2003/8/11,2.486,2.486,2.486,2.486,0.97%
2003/8/8,2.462,2.462,2.462,2.462,-3.72%
2003/8/7,2.557,2.557,2.557,2.557,-0.97%
2003/8/6,2.582,2.582,2.582,2.582,-0.50%
2003/8/5,2.595,2.595,2.595,2.595,1.92%
2003/8/4,2.546,2.546,2.546,2.546,1.03%
2003/7/31,2.52,2.52,2.52,2.52,0.64%
2003/7/30,2.504,2.504,2.504,2.504,1.13%
2003/7/29,2.476,2.476,2.476,2.476,-0.92%
2003/7/28,2.499,2.499,2.499,2.499,1.75%
2003/7/25,2.456,2.456,2.456,2.456,-1.41%
2003/7/24,2.491,2.491,2.491,2.491,0.65%
2003/7/23,2.475,2.475,2.475,2.475,-1.82%
2003/7/22,2.521,2.521,2.521,2.521,-0.47%
2003/7/21,2.533,2.533,2.533,2.533,4.11%
2003/7/18,2.433,2.433,2.433,2.433,-0.86%
2003/7/17,2.454,2.454,2.454,2.454,2.68%
2003/7/16,2.39,2.39,2.39,2.39,0.34%
2003/7/15,2.382,2.382,2.382,2.382,4.84%
2003/7/14,2.272,2.272,2.272,2.272,-0.96%
2003/7/11,2.294,2.294,2.294,2.294,-1.46%
2003/7/10,2.328,2.328,2.328,2.328,-0.43%
2003/7/9,2.338,2.338,2.338,2.338,-1.06%
2003/7/8,2.363,2.363,2.363,2.363,0.30%
2003/7/7,2.356,2.356,2.356,2.356,0.47%
2003/7/4,2.345,2.345,2.345,2.345,-3.02%
2003/7/3,2.418,2.418,2.418,2.418,1.26%
2003/7/2,2.388,2.388,2.388,2.388,-0.21%
2003/7/1,2.393,2.393,2.393,2.393,-0.62%
2003/6/30,2.408,2.408,2.408,2.408,-0.25%
2003/6/27,2.414,2.414,2.414,2.414,-1.67%
2003/6/26,2.455,2.455,2.455,2.455,3.32%
2003/6/25,2.376,2.376,2.376,2.376,-1.41%
2003/6/24,2.41,2.41,2.41,2.41,-1.31%
2003/6/23,2.442,2.442,2.442,2.442,0.78%
2003/6/20,2.423,2.423,2.423,2.423,-0.16%
2003/6/19,2.427,2.427,2.427,2.427,3.72%
2003/6/18,2.34,2.34,2.34,2.34,6.75%
2003/6/17,2.192,2.192,2.192,2.192,1.34%
2003/6/16,2.163,2.163,2.163,2.163,0.37%
2003/6/13,2.155,2.155,2.155,2.155,1.32%
2003/6/12,2.127,2.127,2.127,2.127,1.97%
2003/6/11,2.086,2.086,2.086,2.086,0.58%
2003/6/10,2.074,2.074,2.074,2.074,-3.45%
2003/6/6,2.148,2.148,2.148,2.148,2.48%
2003/6/5,2.096,2.096,2.096,2.096,-2.51%
2003/6/4,2.15,2.15,2.15,2.15,-0.51%
2003/6/3,2.161,2.161,2.161,2.161,-5.18%
2003/6/2,2.279,2.279,2.279,2.279,1.70%
2003/5/30,2.241,2.241,2.241,2.241,-1.58%
2003/5/28,2.277,2.277,2.277,2.277,5.51%
2003/5/27,2.158,2.158,2.158,2.158,0.23%
2003/5/26,2.153,2.153,2.153,2.153,-0.05%
2003/5/23,2.154,2.154,2.154,2.154,-1.01%
2003/5/22,2.176,2.176,2.176,2.176,0.51%
2003/5/21,2.165,2.165,2.165,2.165,0.00%
2003/5/20,2.165,2.165,2.165,2.165,0.46%
2003/5/19,2.155,2.155,2.155,2.155,-1.91%
2003/5/16,2.197,2.197,2.197,2.197,-2.23%
2003/5/15,2.247,2.247,2.247,2.247,-1.83%
2003/5/14,2.289,2.289,2.289,2.289,-0.13%
2003/5/13,2.292,2.292,2.292,2.292,-0.82%
2003/5/12,2.311,2.311,2.311,2.311,-1.24%
2003/5/9,2.34,2.34,2.34,2.34,-0.26%
2003/5/8,2.346,2.346,2.346,2.346,-1.59%
2003/5/7,2.384,2.384,2.384,2.384,-3.09%
2003/5/6,2.46,2.46,2.46,2.46,0.00%
2003/5/5,2.46,2.46,2.46,2.46,-0.04%
2003/5/2,2.461,2.461,2.461,2.461,-3.11%
2003/4/30,2.54,2.54,2.54,2.54,1.40%
2003/4/29,2.505,2.505,2.505,2.505,1.71%
2003/4/28,2.463,2.463,2.463,2.463,-0.24%
2003/4/25,2.469,2.469,2.469,2.469,0.20%
2003/4/24,2.464,2.464,2.464,2.464,-2.42%
2003/4/23,2.525,2.525,2.525,2.525,1.73%
2003/4/22,2.482,2.482,2.482,2.482,0.45%
2003/4/17,2.471,2.471,2.471,2.471,-1.32%
2003/4/16,2.504,2.504,2.504,2.504,-1.49%
2003/4/15,2.542,2.542,2.542,2.542,-1.13%
2003/4/14,2.571,2.571,2.571,2.571,0.63%
2003/4/11,2.555,2.555,2.555,2.555,1.91%
2003/4/10,2.507,2.507,2.507,2.507,-2.11%
2003/4/9,2.561,2.561,2.561,2.561,-1.31%
2003/4/8,2.595,2.595,2.595,2.595,-0.65%
2003/4/7,2.612,2.612,2.612,2.612,3.65%
2003/4/4,2.52,2.52,2.52,2.52,1.74%
2003/4/3,2.477,2.477,2.477,2.477,3.04%
2003/4/2,2.404,2.404,2.404,2.404,2.25%
2003/4/1,2.351,2.351,2.351,2.351,-0.97%
2003/3/31,2.374,2.374,2.374,2.374,-4.04%
2003/3/28,2.474,2.474,2.474,2.474,0.00%
2003/3/27,2.474,2.474,2.474,2.474,-2.52%
2003/3/26,2.538,2.538,2.538,2.538,0.36%
2003/3/25,2.529,2.529,2.529,2.529,0.64%
2003/3/24,2.513,2.513,2.513,2.513,-1.14%
2003/3/21,2.542,2.542,2.542,2.542,3.76%
2003/3/20,2.45,2.45,2.45,2.45,-3.39%
2003/3/19,2.536,2.536,2.536,2.536,3.26%
2003/3/18,2.456,2.456,2.456,2.456,3.06%
2003/3/17,2.383,2.383,2.383,2.383,6.38%
2003/3/14,2.24,2.24,2.24,2.24,3.80%
2003/3/13,2.158,2.158,2.158,2.158,3.85%
2003/3/12,2.078,2.078,2.078,2.078,1.81%
2003/3/11,2.041,2.041,2.041,2.041,-1.73%
2003/3/10,2.077,2.077,2.077,2.077,-0.10%
2003/3/7,2.079,2.079,2.079,2.079,-2.44%
2003/3/6,2.131,2.131,2.131,2.131,-2.61%
2003/3/5,2.188,2.188,2.188,2.188,-2.15%
2003/3/4,2.236,2.236,2.236,2.236,-1.02%
2003/3/3,2.259,2.259,2.259,2.259,-0.48%
2003/2/28,2.27,2.27,2.27,2.27,0.13%
2003/2/27,2.267,2.267,2.267,2.267,0.62%
2003/2/26,2.253,2.253,2.253,2.253,1.21%
2003/2/25,2.226,2.226,2.226,2.226,0.72%
2003/2/24,2.21,2.21,2.21,2.21,-0.58%
2003/2/21,2.223,2.223,2.223,2.223,0.59%
2003/2/20,2.21,2.21,2.21,2.21,-0.81%
2003/2/19,2.228,2.228,2.228,2.228,-1.02%
2003/2/18,2.251,2.251,2.251,2.251,1.08%
2003/2/17,2.227,2.227,2.227,2.227,-0.62%
2003/2/14,2.241,2.241,2.241,2.241,1.08%
2003/2/13,2.217,2.217,2.217,2.217,-1.12%
2003/2/12,2.242,2.242,2.242,2.242,-1.71%
2003/2/11,2.281,2.281,2.281,2.281,-0.13%
2003/2/10,2.284,2.284,2.284,2.284,0.18%
2003/2/7,2.28,2.28,2.28,2.28,-1.60%
2003/2/5,2.317,2.317,2.317,2.317,0.13%
2003/2/4,2.314,2.314,2.314,2.314,-1.32%
2003/2/3,2.345,2.345,2.345,2.345,0.86%
2003/1/31,2.325,2.325,2.325,2.325,-0.43%
2003/1/30,2.335,2.335,2.335,2.335,1.92%
2003/1/29,2.291,2.291,2.291,2.291,0.13%
2003/1/28,2.288,2.288,2.288,2.288,0.44%
2003/1/27,2.278,2.278,2.278,2.278,-0.44%
2003/1/24,2.288,2.288,2.288,2.288,-1.51%
2003/1/23,2.323,2.323,2.323,2.323,-0.81%
2003/1/22,2.342,2.342,2.342,2.342,-0.26%
2003/1/21,2.348,2.348,2.348,2.348,0.38%
2003/1/20,2.339,2.339,2.339,2.339,-0.09%
2003/1/17,2.341,2.341,2.341,2.341,-1.47%
2003/1/16,2.376,2.376,2.376,2.376,0.59%
2003/1/15,2.362,2.362,2.362,2.362,-1.71%
2003/1/13,2.403,2.403,2.403,2.403,6.33%
2003/1/10,2.26,2.26,2.26,2.26,0.67%
2003/1/9,2.245,2.245,2.245,2.245,1.95%
2003/1/8,2.202,2.202,2.202,2.202,-0.41%
2003/1/7,2.211,2.211,2.211,2.211,-0.67%
2003/1/6,2.226,2.226,2.226,2.226,0.00%
2003/1/3,2.226,2.226,2.226,2.226,0.77%
2002/12/30,2.209,2.209,2.209,2.209,0.73%
2002/12/27,2.193,2.193,2.193,2.193,-1.39%
2002/12/23,2.224,2.224,2.224,2.224,-0.94%
2002/12/20,2.245,2.245,2.245,2.245,1.08%
2002/12/19,2.221,2.221,2.221,2.221,-0.09%
2002/12/18,2.223,2.223,2.223,2.223,-2.63%
2002/12/17,2.283,2.283,2.283,2.283,-1.25%
2002/12/16,2.312,2.312,2.312,2.312,0.61%
2002/12/13,2.298,2.298,2.298,2.298,-0.86%
2002/12/12,2.318,2.318,2.318,2.318,-1.19%
2002/12/11,2.346,2.346,2.346,2.346,-1.72%
2002/12/10,2.387,2.387,2.387,2.387,-1.81%
2002/12/9,2.431,2.431,2.431,2.431,-0.69%
2002/12/6,2.448,2.448,2.448,2.448,-2.70%
2002/12/5,2.516,2.516,2.516,2.516,-1.64%
2002/12/4,2.558,2.558,2.558,2.558,-0.04%
2002/12/3,2.559,2.559,2.559,2.559,-1.54%
2002/12/2,2.599,2.599,2.599,2.599,-0.80%
2002/11/28,2.62,2.62,2.62,2.62,0.04%
2002/11/27,2.619,2.619,2.619,2.619,1.79%
2002/11/26,2.573,2.573,2.573,2.573,-0.62%
2002/11/25,2.589,2.589,2.589,2.589,2.49%
2002/11/22,2.526,2.526,2.526,2.526,2.52%
2002/11/21,2.464,2.464,2.464,2.464,1.44%
2002/11/20,2.429,2.429,2.429,2.429,-1.94%
2002/11/19,2.477,2.477,2.477,2.477,-1.16%
2002/11/18,2.506,2.506,2.506,2.506,-0.36%
2002/11/15,2.515,2.515,2.515,2.515,-0.55%
2002/11/14,2.529,2.529,2.529,2.529,0.56%
2002/11/13,2.515,2.515,2.515,2.515,-1.14%
2002/11/12,2.544,2.544,2.544,2.544,-1.17%
2002/11/11,2.574,2.574,2.574,2.574,-0.73%
2002/11/8,2.593,2.593,2.593,2.593,-1.29%
2002/11/7,2.627,2.627,2.627,2.627,-1.31%
2002/11/6,2.662,2.662,2.662,2.662,0.11%
2002/11/5,2.659,2.659,2.659,2.659,0.26%
2002/11/4,2.652,2.652,2.652,2.652,0.72%
2002/11/1,2.633,2.633,2.633,2.633,-1.42%
2002/10/31,2.671,2.671,2.671,2.671,-0.71%
2002/10/30,2.69,2.69,2.69,2.69,1.17%
2002/10/29,2.659,2.659,2.659,2.659,-2.21%
2002/10/28,2.719,2.719,2.719,2.719,-1.31%
2002/10/25,2.755,2.755,2.755,2.755,-1.29%
2002/10/24,2.791,2.791,2.791,2.791,0.87%
2002/10/23,2.767,2.767,2.767,2.767,-0.65%
2002/10/22,2.785,2.785,2.785,2.785,-0.21%
2002/10/21,2.791,2.791,2.791,2.791,0.00%
2002/10/18,2.791,2.791,2.791,2.791,-0.64%
2002/10/17,2.809,2.809,2.809,2.809,0.36%
2002/10/16,2.799,2.799,2.799,2.799,2.79%
2002/10/15,2.723,2.723,2.723,2.723,-0.37%
2002/10/14,2.733,2.733,2.733,2.733,0.74%
2002/10/11,2.713,2.713,2.713,2.713,2.73%
2002/10/10,2.641,2.641,2.641,2.641,0.96%
2002/10/9,2.616,2.616,2.616,2.616,0.15%
2002/10/8,2.612,2.612,2.612,2.612,0.42%
2002/10/7,2.601,2.601,2.601,2.601,-1.03%
2002/10/4,2.628,2.628,2.628,2.628,-0.53%
2002/10/3,2.642,2.642,2.642,2.642,-0.68%
2002/10/2,2.66,2.66,2.66,2.66,1.72%
2002/10/1,2.615,2.615,2.615,2.615,0.73%
2002/9/30,2.596,2.596,2.596,2.596,-2.33%
2002/9/27,2.658,2.658,2.658,2.658,0.08%
2002/9/26,2.656,2.656,2.656,2.656,0.38%
2002/9/25,2.646,2.646,2.646,2.646,1.73%
2002/9/24,2.601,2.601,2.601,2.601,-0.27%
2002/9/23,2.608,2.608,2.608,2.608,-0.87%
2002/9/20,2.631,2.631,2.631,2.631,1.00%
2002/9/19,2.605,2.605,2.605,2.605,-0.34%
2002/9/18,2.614,2.614,2.614,2.614,-1.21%
2002/9/17,2.646,2.646,2.646,2.646,-0.34%
2002/9/16,2.655,2.655,2.655,2.655,-2.71%
2002/9/13,2.729,2.729,2.729,2.729,-1.62%
2002/9/12,2.774,2.774,2.774,2.774,-2.67%
2002/9/11,2.85,2.85,2.85,2.85,1.21%
2002/9/10,2.816,2.816,2.816,2.816,0.82%
2002/9/9,2.793,2.793,2.793,2.793,0.07%
2002/9/6,2.791,2.791,2.791,2.791,-0.21%
2002/9/5,2.797,2.797,2.797,2.797,-2.68%
2002/9/4,2.874,2.874,2.874,2.874,-1.03%
2002/9/3,2.904,2.904,2.904,2.904,-3.52%
2002/9/2,3.01,3.01,3.01,3.01,0.00%
2002/8/30,3.01,3.01,3.01,3.01,-0.30%
2002/8/29,3.019,3.019,3.019,3.019,-1.21%
2002/8/28,3.056,3.056,3.056,3.056,-2.02%
2002/8/27,3.119,3.119,3.119,3.119,-0.29%
2002/8/26,3.128,3.128,3.128,3.128,0.19%
2002/8/23,3.122,3.122,3.122,3.122,0.61%
2002/8/22,3.103,3.103,3.103,3.103,2.82%
2002/8/21,3.018,3.018,3.018,3.018,2.17%
2002/8/20,2.954,2.954,2.954,2.954,-1.63%
2002/8/19,3.003,3.003,3.003,3.003,0.50%
2002/8/16,2.988,2.988,2.988,2.988,0.34%
2002/8/15,2.978,2.978,2.978,2.978,2.87%
2002/8/14,2.895,2.895,2.895,2.895,-1.73%
2002/8/13,2.946,2.946,2.946,2.946,-1.21%
2002/8/12,2.982,2.982,2.982,2.982,-1.06%
2002/8/9,3.014,3.014,3.014,3.014,0.87%
2002/8/8,2.988,2.988,2.988,2.988,0.95%
2002/8/7,2.96,2.96,2.96,2.96,-0.67%
2002/8/6,2.98,2.98,2.98,2.98,1.15%
2002/8/5,2.946,2.946,2.946,2.946,-1.57%
2002/8/2,2.993,2.993,2.993,2.993,-2.35%
2002/7/31,3.065,3.065,3.065,3.065,-0.71%
2002/7/30,3.087,3.087,3.087,3.087,1.21%
2002/7/29,3.05,3.05,3.05,3.05,3.11%
2002/7/26,2.958,2.958,2.958,2.958,-0.17%
2002/7/25,2.963,2.963,2.963,2.963,0.41%
2002/7/24,2.951,2.951,2.951,2.951,-1.50%
2002/7/23,2.996,2.996,2.996,2.996,-0.17%
2002/7/22,3.001,3.001,3.001,3.001,-1.67%
2002/7/19,3.052,3.052,3.052,3.052,-1.93%
2002/7/18,3.112,3.112,3.112,3.112,-0.06%
2002/7/17,3.114,3.114,3.114,3.114,1.01%
2002/7/16,3.083,3.083,3.083,3.083,-0.10%
2002/7/15,3.086,3.086,3.086,3.086,-2.00%
2002/7/12,3.149,3.149,3.149,3.149,0.67%
2002/7/11,3.128,3.128,3.128,3.128,-1.60%
2002/7/10,3.179,3.179,3.179,3.179,-1.06%
2002/7/9,3.213,3.213,3.213,3.213,-0.19%
2002/7/8,3.219,3.219,3.219,3.219,-0.09%
2002/7/5,3.222,3.222,3.222,3.222,1.38%
2002/7/4,3.178,3.178,3.178,3.178,0.19%
2002/7/3,3.172,3.172,3.172,3.172,-0.53%
2002/7/2,3.189,3.189,3.189,3.189,-0.84%
2002/7/1,3.216,3.216,3.216,3.216,0.12%
2002/6/28,3.212,3.212,3.212,3.212,-0.16%
2002/6/27,3.217,3.217,3.217,3.217,0.85%
2002/6/26,3.19,3.19,3.19,3.19,-1.66%
2002/6/25,3.244,3.244,3.244,3.244,0.37%
2002/6/24,3.232,3.232,3.232,3.232,-1.16%
2002/6/21,3.27,3.27,3.27,3.27,-0.15%
2002/6/20,3.275,3.275,3.275,3.275,-0.06%
2002/6/19,3.277,3.277,3.277,3.277,-0.73%
2002/6/18,3.301,3.301,3.301,3.301,-0.84%
2002/6/17,3.329,3.329,3.329,3.329,1.06%
2002/6/14,3.294,3.294,3.294,3.294,-1.32%
2002/6/13,3.338,3.338,3.338,3.338,-0.83%
2002/6/12,3.366,3.366,3.366,3.366,-0.62%
2002/6/11,3.387,3.387,3.387,3.387,0.44%
2002/6/10,3.372,3.372,3.372,3.372,-0.41%
2002/6/7,3.386,3.386,3.386,3.386,-0.27%
2002/6/6,3.395,3.395,3.395,3.395,0.30%
2002/6/5,3.385,3.385,3.385,3.385,0.27%
2002/6/4,3.376,3.376,3.376,3.376,-0.35%
2002/6/3,3.388,3.388,3.388,3.388,-0.35%
2002/5/31,3.4,3.4,3.4,3.4,0.03%
2002/5/30,3.399,3.399,3.399,3.399,-0.21%
2002/5/29,3.406,3.406,3.406,3.406,-0.47%
2002/5/28,3.422,3.422,3.422,3.422,0.03%
2002/5/27,3.421,3.421,3.421,3.421,1.30%
2002/5/24,3.377,3.377,3.377,3.377,0.39%
2002/5/23,3.364,3.364,3.364,3.364,-0.27%
2002/5/22,3.373,3.373,3.373,3.373,-0.56%
2002/5/21,3.392,3.392,3.392,3.392,-1.37%
2002/5/17,3.439,3.439,3.439,3.439,0.76%
2002/5/16,3.413,3.413,3.413,3.413,0.06%
2002/5/15,3.411,3.411,3.411,3.411,-0.20%
2002/5/14,3.418,3.418,3.418,3.418,1.36%
2002/5/13,3.372,3.372,3.372,3.372,-0.30%
2002/5/10,3.382,3.382,3.382,3.382,0.39%
2002/5/8,3.369,3.369,3.369,3.369,0.72%
2002/5/7,3.345,3.345,3.345,3.345,-1.18%
2002/5/6,3.385,3.385,3.385,3.385,-0.41%
2002/5/3,3.399,3.399,3.399,3.399,-1.39%
2002/5/2,3.447,3.447,3.447,3.447,-0.17%
2002/4/26,3.453,3.453,3.453,3.453,-0.03%
2002/4/25,3.454,3.454,3.454,3.454,-1.23%
2002/4/24,3.497,3.497,3.497,3.497,0.11%
2002/4/23,3.493,3.493,3.493,3.493,0.29%
2002/4/22,3.483,3.483,3.483,3.483,-1.22%
2002/4/19,3.526,3.526,3.526,3.526,0.14%
2002/4/18,3.521,3.521,3.521,3.521,-0.45%
2002/4/17,3.537,3.537,3.537,3.537,-0.11%
2002/4/16,3.541,3.541,3.541,3.541,1.64%
2002/4/15,3.484,3.484,3.484,3.484,-0.71%
2002/4/12,3.509,3.509,3.509,3.509,-0.54%
2002/4/11,3.528,3.528,3.528,3.528,0.00%
2002/4/10,3.528,3.528,3.528,3.528,-0.06%
2002/4/9,3.53,3.53,3.53,3.53,0.40%
2002/4/8,3.516,3.516,3.516,3.516,0.74%
2002/4/5,3.49,3.49,3.49,3.49,-0.03%
2002/4/4,3.491,3.491,3.491,3.491,-1.63%
2002/4/3,3.549,3.549,3.549,3.549,-0.92%
2002/4/2,3.582,3.582,3.582,3.582,-0.36%
2002/3/28,3.595,3.595,3.595,3.595,-0.33%
2002/3/27,3.607,3.607,3.607,3.607,-1.12%
2002/3/26,3.648,3.648,3.648,3.648,-1.22%
2002/3/25,3.693,3.693,3.693,3.693,0.57%
2002/3/22,3.672,3.672,3.672,3.672,0.30%
2002/3/21,3.661,3.661,3.661,3.661,0.47%
2002/3/20,3.644,3.644,3.644,3.644,-0.44%
2002/3/19,3.66,3.66,3.66,3.66,-0.05%
2002/3/18,3.662,3.662,3.662,3.662,-0.44%
2002/3/15,3.678,3.678,3.678,3.678,-0.05%
2002/3/14,3.68,3.68,3.68,3.68,0.27%
2002/3/13,3.67,3.67,3.67,3.67,0.69%
2002/3/12,3.645,3.645,3.645,3.645,-0.36%
2002/3/11,3.658,3.658,3.658,3.658,-0.71%
2002/3/8,3.684,3.684,3.684,3.684,0.27%
2002/3/7,3.674,3.674,3.674,3.674,0.69%
2002/3/6,3.649,3.649,3.649,3.649,0.44%
2002/3/5,3.633,3.633,3.633,3.633,1.11%
2002/3/4,3.593,3.593,3.593,3.593,0.17%
2002/3/1,3.587,3.587,3.587,3.587,0.56%
2002/2/28,3.567,3.567,3.567,3.567,0.25%
2002/2/27,3.558,3.558,3.558,3.558,0.23%
2002/2/26,3.55,3.55,3.55,3.55,0.28%
2002/2/25,3.54,3.54,3.54,3.54,1.32%
2002/2/22,3.494,3.494,3.494,3.494,-0.91%
2002/2/21,3.526,3.526,3.526,3.526,0.31%
2002/2/20,3.515,3.515,3.515,3.515,0.34%
2002/2/19,3.503,3.503,3.503,3.503,-0.28%
2002/2/18,3.513,3.513,3.513,3.513,-0.14%
2002/2/15,3.518,3.518,3.518,3.518,-1.40%
2002/2/14,3.568,3.568,3.568,3.568,0.17%
2002/2/13,3.562,3.562,3.562,3.562,0.25%
2002/2/12,3.553,3.553,3.553,3.553,0.14%
2002/2/11,3.548,3.548,3.548,3.548,0.11%
2002/2/8,3.544,3.544,3.544,3.544,0.43%
2002/2/7,3.529,3.529,3.529,3.529,2.50%
2002/2/6,3.443,3.443,3.443,3.443,0.55%
2002/2/5,3.424,3.424,3.424,3.424,-0.35%
2002/2/4,3.436,3.436,3.436,3.436,-1.91%
2002/2/1,3.503,3.503,3.503,3.503,-1.16%
2002/1/31,3.544,3.544,3.544,3.544,0.11%
2002/1/30,3.54,3.54,3.54,3.54,-0.42%
2002/1/29,3.555,3.555,3.555,3.555,-0.42%
2002/1/28,3.57,3.57,3.57,3.57,1.59%
2002/1/25,3.514,3.514,3.514,3.514,1.12%
2002/1/24,3.475,3.475,3.475,3.475,0.46%
2002/1/23,3.459,3.459,3.459,3.459,0.76%
2002/1/22,3.433,3.433,3.433,3.433,1.00%
2002/1/21,3.399,3.399,3.399,3.399,-0.12%
2002/1/18,3.403,3.403,3.403,3.403,1.22%
2002/1/17,3.362,3.362,3.362,3.362,1.05%
2002/1/16,3.327,3.327,3.327,3.327,-0.24%
2002/1/15,3.335,3.335,3.335,3.335,1.15%
2002/1/14,3.297,3.297,3.297,3.297,-0.06%
2002/1/11,3.299,3.299,3.299,3.299,-0.18%
2002/1/10,3.305,3.305,3.305,3.305,-1.58%
2002/1/9,3.358,3.358,3.358,3.358,-0.33%
2002/1/8,3.369,3.369,3.369,3.369,-0.94%
2002/1/7,3.401,3.401,3.401,3.401,-0.32%
2002/1/4,3.412,3.412,3.412,3.412,0.26%
2002/1/3,3.403,3.403,3.403,3.403,-2.04%
2001/12/28,3.474,3.474,3.474,3.474,0.40%
2001/12/27,3.46,3.46,3.46,3.46,2.37%
2001/12/20,3.38,3.38,3.38,3.38,0.00%
2001/12/19,3.38,3.38,3.38,3.38,-0.03%
2001/12/18,3.381,3.381,3.381,3.381,0.03%
2001/12/17,3.38,3.38,3.38,3.38,1.78%
2001/12/14,3.321,3.321,3.321,3.321,0.12%
2001/12/13,3.317,3.317,3.317,3.317,0.18%
2001/12/12,3.311,3.311,3.311,3.311,-1.93%
2001/12/11,3.376,3.376,3.376,3.376,-0.18%
2001/12/7,3.382,3.382,3.382,3.382,0.74%
2001/12/6,3.357,3.357,3.357,3.357,4.35%
2001/12/5,3.217,3.217,3.217,3.217,3.14%
2001/12/4,3.119,3.119,3.119,3.119,-0.13%
2001/12/3,3.123,3.123,3.123,3.123,-0.60%
2001/11/30,3.142,3.142,3.142,3.142,-0.57%
2001/11/29,3.16,3.16,3.16,3.16,0.13%
2001/11/28,3.156,3.156,3.156,3.156,0.00%
2001/11/27,3.156,3.156,3.156,3.156,1.64%
2001/11/26,3.105,3.105,3.105,3.105,-0.22%
2001/11/23,3.112,3.112,3.112,3.112,-0.86%
2001/11/22,3.139,3.139,3.139,3.139,0.58%
2001/11/21,3.121,3.121,3.121,3.121,1.27%
2001/11/20,3.082,3.082,3.082,3.082,-0.84%
2001/11/19,3.108,3.108,3.108,3.108,-0.48%
2001/11/16,3.123,3.123,3.123,3.123,3.17%
2001/11/14,3.027,3.027,3.027,3.027,1.54%
2001/11/13,2.981,2.981,2.981,2.981,1.78%
2001/11/12,2.929,2.929,2.929,2.929,1.77%
2001/11/9,2.878,2.878,2.878,2.878,0.95%
2001/11/8,2.851,2.851,2.851,2.851,0.88%
2001/11/5,2.826,2.826,2.826,2.826,-0.91%
2001/11/2,2.852,2.852,2.852,2.852,1.42%
2001/11/1,2.812,2.812,2.812,2.812,-2.29%
2001/10/31,2.878,2.878,2.878,2.878,0.21%
2001/10/30,2.872,2.872,2.872,2.872,-1.24%
2001/10/29,2.908,2.908,2.908,2.908,-1.29%
2001/10/26,2.946,2.946,2.946,2.946,0.37%
2001/10/25,2.935,2.935,2.935,2.935,-1.11%
2001/10/24,2.968,2.968,2.968,2.968,-0.93%
2001/10/23,2.996,2.996,2.996,2.996,0.40%
2001/10/22,2.984,2.984,2.984,2.984,-0.30%
2001/10/19,2.993,2.993,2.993,2.993,-0.30%
2001/10/18,3.002,3.002,3.002,3.002,-0.53%
2001/10/17,3.018,3.018,3.018,3.018,0.23%
2001/10/16,3.011,3.011,3.011,3.011,-0.95%
2001/10/15,3.04,3.04,3.04,3.04,-0.59%
2001/10/10,3.058,3.058,3.058,3.058,0.30%
2001/10/9,3.049,3.049,3.049,3.049,0.43%
2001/10/8,3.036,3.036,3.036,3.036,-0.30%
2001/10/5,3.045,3.045,3.045,3.045,-2.09%
2001/10/4,3.11,3.11,3.11,3.11,-0.92%
2001/10/3,3.139,3.139,3.139,3.139,-0.70%
2001/10/2,3.161,3.161,3.161,3.161,-1.06%
2001/9/28,3.195,3.195,3.195,3.195,-0.50%
2001/9/27,3.211,3.211,3.211,3.211,-0.31%
2001/9/26,3.221,3.221,3.221,3.221,0.25%
2001/9/25,3.213,3.213,3.213,3.213,-0.59%
2001/9/24,3.232,3.232,3.232,3.232,0.37%
2001/9/21,3.22,3.22,3.22,3.22,0.72%
2001/9/20,3.197,3.197,3.197,3.197,0.28%
2001/9/19,3.188,3.188,3.188,3.188,0.25%
2001/9/18,3.18,3.18,3.18,3.18,0.13%
2001/9/17,3.176,3.176,3.176,3.176,-0.44%
2001/9/14,3.19,3.19,3.19,3.19,-1.21%
2001/9/13,3.229,3.229,3.229,3.229,0.25%
2001/9/12,3.221,3.221,3.221,3.221,-1.41%
2001/9/10,3.267,3.267,3.267,3.267,-0.15%
2001/9/7,3.272,3.272,3.272,3.272,-1.03%
2001/9/6,3.306,3.306,3.306,3.306,-0.60%
2001/9/5,3.326,3.326,3.326,3.326,0.94%
2001/9/4,3.295,3.295,3.295,3.295,0.92%
2001/9/3,3.265,3.265,3.265,3.265,-0.27%
2001/8/31,3.274,3.274,3.274,3.274,0.12%
2001/8/30,3.27,3.27,3.27,3.27,-0.34%
2001/8/29,3.281,3.281,3.281,3.281,0.00%
2001/8/28,3.281,3.281,3.281,3.281,-0.33%
2001/8/27,3.292,3.292,3.292,3.292,0.55%
2001/8/24,3.274,3.274,3.274,3.274,1.02%
2001/8/23,3.241,3.241,3.241,3.241,-0.22%
2001/8/22,3.248,3.248,3.248,3.248,0.74%
2001/8/21,3.224,3.224,3.224,3.224,0.22%
2001/8/20,3.217,3.217,3.217,3.217,-0.34%
2001/8/16,3.228,3.228,3.228,3.228,0.06%
2001/8/15,3.226,3.226,3.226,3.226,-0.34%
2001/8/14,3.237,3.237,3.237,3.237,0.72%
2001/8/13,3.214,3.214,3.214,3.214,-0.37%
2001/8/10,3.226,3.226,3.226,3.226,-0.74%
2001/8/9,3.25,3.25,3.25,3.25,-1.37%
2001/8/8,3.295,3.295,3.295,3.295,-0.18%
2001/8/7,3.301,3.301,3.301,3.301,0.09%
2001/8/6,3.298,3.298,3.298,3.298,-0.51%
2001/8/3,3.315,3.315,3.315,3.315,-0.15%
2001/8/2,3.32,3.32,3.32,3.32,0.15%
2001/7/31,3.315,3.315,3.315,3.315,-0.42%
2001/7/30,3.329,3.329,3.329,3.329,-0.75%
2001/7/27,3.354,3.354,3.354,3.354,-0.89%
2001/7/26,3.384,3.384,3.384,3.384,-0.06%
2001/7/25,3.386,3.386,3.386,3.386,0.09%
2001/7/24,3.383,3.383,3.383,3.383,0.21%
2001/7/23,3.376,3.376,3.376,3.376,0.00%
2001/7/20,3.376,3.376,3.376,3.376,-0.44%
2001/7/19,3.391,3.391,3.391,3.391,0.15%
2001/7/18,3.386,3.386,3.386,3.386,0.18%
2001/7/17,3.38,3.38,3.38,3.38,0.87%
2001/7/16,3.351,3.351,3.351,3.351,-0.06%
2001/7/13,3.353,3.353,3.353,3.353,-0.12%
2001/7/12,3.357,3.357,3.357,3.357,0.09%
2001/7/11,3.354,3.354,3.354,3.354,-0.65%
2001/7/10,3.376,3.376,3.376,3.376,-0.30%
2001/7/9,3.386,3.386,3.386,3.386,0.47%
2001/7/6,3.37,3.37,3.37,3.37,-0.41%
2001/7/5,3.384,3.384,3.384,3.384,0.00%
2001/7/4,3.384,3.384,3.384,3.384,0.39%
2001/7/3,3.371,3.371,3.371,3.371,0.21%
2001/7/2,3.364,3.364,3.364,3.364,0.75%
2001/6/29,3.339,3.339,3.339,3.339,0.57%
2001/6/28,3.32,3.32,3.32,3.32,0.70%
2001/6/27,3.297,3.297,3.297,3.297,-0.33%
2001/6/26,3.308,3.308,3.308,3.308,-0.57%
2001/6/25,3.327,3.327,3.327,3.327,-0.63%
2001/6/21,3.348,3.348,3.348,3.348,-0.12%
2001/6/20,3.352,3.352,3.352,3.352,-0.53%
2001/6/19,3.37,3.37,3.37,3.37,0.15%
2001/6/18,3.365,3.365,3.365,3.365,0.00%
2001/6/15,3.365,3.365,3.365,3.365,-0.56%
2001/6/14,3.384,3.384,3.384,3.384,-0.15%
2001/6/13,3.389,3.389,3.389,3.389,-0.44%
2001/6/12,3.404,3.404,3.404,3.404,-0.38%
2001/6/11,3.417,3.417,3.417,3.417,-0.78%
2001/6/8,3.444,3.444,3.444,3.444,0.03%
2001/6/7,3.443,3.443,3.443,3.443,-0.15%
2001/6/6,3.448,3.448,3.448,3.448,0.44%
2001/6/5,3.433,3.433,3.433,3.433,-0.92%
2001/6/1,3.465,3.465,3.465,3.465,-1.31%
2001/5/31,3.511,3.511,3.511,3.511,0.29%
2001/5/30,3.501,3.501,3.501,3.501,-0.45%
2001/5/29,3.517,3.517,3.517,3.517,-0.14%
2001/5/28,3.522,3.522,3.522,3.522,-0.25%
2001/5/25,3.531,3.531,3.531,3.531,0.48%
2001/5/23,3.514,3.514,3.514,3.514,0.51%
2001/5/22,3.496,3.496,3.496,3.496,0.58%
2001/5/21,3.476,3.476,3.476,3.476,0.64%
2001/5/18,3.454,3.454,3.454,3.454,-0.26%
2001/5/17,3.463,3.463,3.463,3.463,0.00%
2001/5/16,3.463,3.463,3.463,3.463,-0.40%
2001/5/15,3.477,3.477,3.477,3.477,0.20%
2001/5/14,3.47,3.47,3.47,3.47,1.40%
2001/5/11,3.422,3.422,3.422,3.422,1.06%
2001/5/10,3.386,3.386,3.386,3.386,0.09%
2001/5/9,3.383,3.383,3.383,3.383,-0.38%
2001/5/8,3.396,3.396,3.396,3.396,-0.35%
2001/5/7,3.408,3.408,3.408,3.408,-0.26%
2001/5/4,3.417,3.417,3.417,3.417,-0.84%
2001/5/3,3.446,3.446,3.446,3.446,-1.49%
2001/5/2,3.498,3.498,3.498,3.498,-0.77%
2001/4/30,3.525,3.525,3.525,3.525,1.09%
2001/4/27,3.487,3.487,3.487,3.487,0.84%
2001/4/26,3.458,3.458,3.458,3.458,-0.35%
2001/4/25,3.47,3.47,3.47,3.47,0.20%
2001/4/24,3.463,3.463,3.463,3.463,1.23%
2001/4/23,3.421,3.421,3.421,3.421,-0.93%
2001/4/20,3.453,3.453,3.453,3.453,-0.17%
2001/4/19,3.459,3.459,3.459,3.459,0.35%
2001/4/18,3.447,3.447,3.447,3.447,1.59%
2001/4/17,3.393,3.393,3.393,3.393,1.71%
2001/4/12,3.336,3.336,3.336,3.336,0.27%
2001/4/11,3.327,3.327,3.327,3.327,1.43%
2001/4/10,3.28,3.28,3.28,3.28,0.74%
2001/4/9,3.256,3.256,3.256,3.256,0.12%
2001/4/6,3.252,3.252,3.252,3.252,-0.64%
2001/4/5,3.273,3.273,3.273,3.273,0.71%
2001/4/4,3.25,3.25,3.25,3.25,0.53%
2001/4/3,3.233,3.233,3.233,3.233,-0.58%
2001/4/2,3.252,3.252,3.252,3.252,-0.64%
2001/3/30,3.273,3.273,3.273,3.273,0.09%
2001/3/29,3.27,3.27,3.27,3.27,1.11%
2001/3/28,3.234,3.234,3.234,3.234,1.03%
2001/3/27,3.201,3.201,3.201,3.201,-1.14%
2001/3/26,3.238,3.238,3.238,3.238,0.25%
2001/3/23,3.23,3.23,3.23,3.23,-3.18%
2001/3/21,3.336,3.336,3.336,3.336,-0.74%
2001/3/20,3.361,3.361,3.361,3.361,0.57%
2001/3/19,3.342,3.342,3.342,3.342,1.00%
2001/3/16,3.309,3.309,3.309,3.309,-1.43%
2001/3/15,3.357,3.357,3.357,3.357,0.48%
2001/3/14,3.341,3.341,3.341,3.341,-1.15%
2001/3/13,3.38,3.38,3.38,3.38,0.45%
2001/3/12,3.365,3.365,3.365,3.365,-0.38%
2001/3/9,3.378,3.378,3.378,3.378,0.12%
2001/3/8,3.374,3.374,3.374,3.374,-1.14%
2001/3/7,3.413,3.413,3.413,3.413,-0.32%
2001/3/6,3.424,3.424,3.424,3.424,-0.32%
2001/3/5,3.435,3.435,3.435,3.435,0.38%
2001/3/2,3.422,3.422,3.422,3.422,-0.55%
2001/3/1,3.441,3.441,3.441,3.441,-1.15%
2001/2/28,3.481,3.481,3.481,3.481,-0.34%
2001/2/27,3.493,3.493,3.493,3.493,-0.82%
2001/2/26,3.522,3.522,3.522,3.522,0.20%
2001/2/23,3.515,3.515,3.515,3.515,-0.26%
2001/2/22,3.524,3.524,3.524,3.524,0.80%
2001/2/21,3.496,3.496,3.496,3.496,0.60%
2001/2/20,3.475,3.475,3.475,3.475,0.55%
2001/2/19,3.456,3.456,3.456,3.456,0.09%
2001/2/16,3.453,3.453,3.453,3.453,-0.38%
2001/2/15,3.466,3.466,3.466,3.466,1.11%
2001/2/14,3.428,3.428,3.428,3.428,0.53%
2001/2/13,3.41,3.41,3.41,3.41,0.09%
2001/2/12,3.407,3.407,3.407,3.407,-0.15%
2001/2/9,3.412,3.412,3.412,3.412,-0.55%
2001/2/8,3.431,3.431,3.431,3.431,1.12%
2001/2/7,3.393,3.393,3.393,3.393,-0.67%
2001/2/6,3.416,3.416,3.416,3.416,0.00%
2001/2/5,3.416,3.416,3.416,3.416,-1.04%
2001/2/2,3.452,3.452,3.452,3.452,-0.12%
2001/2/1,3.456,3.456,3.456,3.456,-0.58%
2001/1/31,3.476,3.476,3.476,3.476,-0.57%
2001/1/30,3.496,3.496,3.496,3.496,-0.60%
2001/1/29,3.517,3.517,3.517,3.517,-0.03%
2001/1/26,3.518,3.518,3.518,3.518,-0.68%
2001/1/25,3.542,3.542,3.542,3.542,-0.17%
2001/1/24,3.548,3.548,3.548,3.548,0.28%
2001/1/23,3.538,3.538,3.538,3.538,-0.45%
2001/1/22,3.554,3.554,3.554,3.554,0.99%
2001/1/19,3.519,3.519,3.519,3.519,0.57%
2001/1/18,3.499,3.499,3.499,3.499,-0.34%
2001/1/17,3.511,3.511,3.511,3.511,0.89%
2001/1/16,3.48,3.48,3.48,3.48,0.14%
2001/1/15,3.475,3.475,3.475,3.475,0.35%
2001/1/12,3.463,3.463,3.463,3.463,1.20%
2001/1/11,3.422,3.422,3.422,3.422,-0.55%
2001/1/10,3.441,3.441,3.441,3.441,-0.35%
2001/1/9,3.453,3.453,3.453,3.453,1.32%
2001/1/8,3.408,3.408,3.408,3.408,-0.99%
2001/1/4,3.442,3.442,3.442,3.442,-1.77%
2000/12/27,3.504,3.504,3.504,3.504,0.17%
2000/12/22,3.498,3.498,3.498,3.498,0.00%
2000/12/21,3.498,3.498,3.498,3.498,0.72%
2000/12/20,3.473,3.473,3.473,3.473,-1.25%
2000/12/19,3.517,3.517,3.517,3.517,0.72%
2000/12/18,3.492,3.492,3.492,3.492,-1.41%
2000/12/15,3.542,3.542,3.542,3.542,-1.56%
2000/12/14,3.598,3.598,3.598,3.598,-2.04%
2000/12/13,3.673,3.673,3.673,3.673,-0.35%
2000/12/12,3.686,3.686,3.686,3.686,-0.57%
2000/12/11,3.707,3.707,3.707,3.707,0.32%
2000/12/8,3.695,3.695,3.695,3.695,-0.08%
2000/12/7,3.698,3.698,3.698,3.698,0.52%
2000/12/6,3.679,3.679,3.679,3.679,-0.67%
2000/12/5,3.704,3.704,3.704,3.704,0.33%
2000/12/4,3.692,3.692,3.692,3.692,-0.32%
2000/12/1,3.704,3.704,3.704,3.704,-0.19%
2000/11/30,3.711,3.711,3.711,3.711,-1.01%
2000/11/29,3.749,3.749,3.749,3.749,-0.66%
2000/11/28,3.774,3.774,3.774,3.774,-0.50%
2000/11/27,3.793,3.793,3.793,3.793,0.00%
2000/11/24,3.793,3.793,3.793,3.793,0.00%
2000/11/23,3.793,3.793,3.793,3.793,0.18%
2000/11/22,3.786,3.786,3.786,3.786,-0.50%
2000/11/21,3.805,3.805,3.805,3.805,0.85%
2000/11/17,3.773,3.773,3.773,3.773,0.16%
2000/11/16,3.767,3.767,3.767,3.767,0.51%
2000/11/15,3.748,3.748,3.748,3.748,0.19%
2000/11/14,3.741,3.741,3.741,3.741,0.00%
2000/11/13,3.741,3.741,3.741,3.741,-0.85%
2000/11/10,3.773,3.773,3.773,3.773,-0.50%
2000/11/9,3.792,3.792,3.792,3.792,-0.50%
2000/11/8,3.811,3.811,3.811,3.811,-0.16%
2000/11/7,3.817,3.817,3.817,3.817,-0.16%
2000/11/6,3.823,3.823,3.823,3.823,-0.34%
2000/11/3,3.836,3.836,3.836,3.836,0.34%
2000/11/2,3.823,3.823,3.823,3.823,-0.16%
2000/11/1,3.829,3.829,3.829,3.829,-0.65%
2000/10/31,3.854,3.854,3.854,3.854,-0.34%
2000/10/30,3.867,3.867,3.867,3.867,0.49%
2000/10/27,3.848,3.848,3.848,3.848,0.03%
2000/10/26,3.847,3.847,3.847,3.847,0.31%
2000/10/25,3.835,3.835,3.835,3.835,0.66%
2000/10/24,3.81,3.81,3.81,3.81,0.00%
2000/10/20,3.81,3.81,3.81,3.81,0.50%
2000/10/19,3.791,3.791,3.791,3.791,1.36%
2000/10/18,3.74,3.74,3.74,3.74,-0.51%
2000/10/17,3.759,3.759,3.759,3.759,0.35%
2000/10/16,3.746,3.746,3.746,3.746,0.83%
2000/10/13,3.715,3.715,3.715,3.715,-0.32%
2000/10/12,3.727,3.727,3.727,3.727,-0.35%
2000/10/11,3.74,3.74,3.74,3.74,-1.66%
2000/10/10,3.803,3.803,3.803,3.803,-0.81%
2000/10/9,3.834,3.834,3.834,3.834,-0.65%
2000/10/6,3.859,3.859,3.859,3.859,-0.16%
2000/10/5,3.865,3.865,3.865,3.865,-0.85%
2000/10/4,3.898,3.898,3.898,3.898,0.33%
2000/10/3,3.885,3.885,3.885,3.885,-0.79%
2000/10/2,3.916,3.916,3.916,3.916,0.18%
2000/9/29,3.909,3.909,3.909,3.909,-0.48%
2000/9/28,3.928,3.928,3.928,3.928,-0.66%
2000/9/27,3.954,3.954,3.954,3.954,0.66%
2000/9/26,3.928,3.928,3.928,3.928,0.49%
2000/9/25,3.909,3.909,3.909,3.909,0.98%
2000/9/22,3.871,3.871,3.871,3.871,0.18%
2000/9/21,3.864,3.864,3.864,3.864,0.31%
2000/9/20,3.852,3.852,3.852,3.852,0.68%
2000/9/19,3.826,3.826,3.826,3.826,-0.34%
2000/9/18,3.839,3.839,3.839,3.839,1.32%
2000/9/15,3.789,3.789,3.789,3.789,0.34%
2000/9/14,3.776,3.776,3.776,3.776,-1.00%
2000/9/13,3.814,3.814,3.814,3.814,-0.47%
2000/9/12,3.832,3.832,3.832,3.832,-0.83%
2000/9/11,3.864,3.864,3.864,3.864,-0.46%
2000/9/8,3.882,3.882,3.882,3.882,0.31%
2000/9/7,3.87,3.87,3.87,3.87,0.49%
2000/9/6,3.851,3.851,3.851,3.851,0.50%
2000/9/5,3.832,3.832,3.832,3.832,0.16%
2000/9/4,3.826,3.826,3.826,3.826,-0.16%
2000/9/1,3.832,3.832,3.832,3.832,-0.80%
2000/8/31,3.863,3.863,3.863,3.863,1.31%
2000/8/30,3.813,3.813,3.813,3.813,-0.16%
2000/8/29,3.819,3.819,3.819,3.819,-2.70%
2000/8/23,3.925,3.925,3.925,3.925,-0.33%
2000/8/22,3.938,3.938,3.938,3.938,-0.78%
2000/8/21,3.969,3.969,3.969,3.969,0.48%
2000/8/18,3.95,3.95,3.95,3.95,0.25%
2000/8/17,3.94,3.94,3.94,3.94,0.54%
2000/8/16,3.919,3.919,3.919,3.919,0.18%
2000/8/15,3.912,3.912,3.912,3.912,-1.41%
2000/8/10,3.968,3.968,3.968,3.968,0.00%
2000/8/9,3.968,3.968,3.968,3.968,0.15%
2000/8/8,3.962,3.962,3.962,3.962,-0.35%
2000/8/7,3.976,3.976,3.976,3.976,-0.28%
2000/8/4,3.987,3.987,3.987,3.987,0.43%
2000/8/3,3.97,3.97,3.97,3.97,0.68%
2000/8/2,3.943,3.943,3.943,3.943,-0.73%
2000/7/31,3.972,3.972,3.972,3.972,0.66%
2000/7/28,3.946,3.946,3.946,3.946,0.89%
2000/7/27,3.911,3.911,3.911,3.911,0.57%
2000/7/26,3.889,3.889,3.889,3.889,0.36%
2000/7/25,3.875,3.875,3.875,3.875,0.10%
2000/7/24,3.871,3.871,3.871,3.871,-0.36%
2000/7/21,3.885,3.885,3.885,3.885,-0.13%
2000/7/20,3.89,3.89,3.89,3.89,-0.46%
2000/7/19,3.908,3.908,3.908,3.908,0.39%
2000/7/18,3.893,3.893,3.893,3.893,-0.23%
2000/7/17,3.902,3.902,3.902,3.902,0.77%
2000/7/14,3.872,3.872,3.872,3.872,0.18%
2000/7/13,3.865,3.865,3.865,3.865,0.08%
2000/7/12,3.862,3.862,3.862,3.862,0.78%
2000/7/11,3.832,3.832,3.832,3.832,-1.29%
2000/7/10,3.882,3.882,3.882,3.882,-0.64%
2000/7/7,3.907,3.907,3.907,3.907,-0.51%
2000/7/6,3.927,3.927,3.927,3.927,-0.58%
2000/7/5,3.95,3.95,3.95,3.95,-1.45%
2000/7/4,4.008,4.008,4.008,4.008,0.25%
2000/7/3,3.998,3.998,3.998,3.998,0.03%
2000/6/30,3.997,3.997,3.997,3.997,-0.25%
2000/6/29,4.007,4.007,4.007,4.007,-0.62%
2000/6/28,4.032,4.032,4.032,4.032,0.10%
2000/6/27,4.028,4.028,4.028,4.028,-0.37%
2000/6/26,4.043,4.043,4.043,4.043,0.37%
2000/6/23,4.028,4.028,4.028,4.028,-0.62%
2000/6/22,4.053,4.053,4.053,4.053,0.35%
2000/6/21,4.039,4.039,4.039,4.039,1.53%
2000/6/20,3.978,3.978,3.978,3.978,0.38%
2000/6/19,3.963,3.963,3.963,3.963,0.10%
2000/6/16,3.959,3.959,3.959,3.959,-1.37%
2000/6/15,4.014,4.014,4.014,4.014,0.00%
2000/6/14,4.014,4.014,4.014,4.014,0.88%
2000/6/13,3.979,3.979,3.979,3.979,-0.40%
2000/6/9,3.995,3.995,3.995,3.995,-0.40%
2000/6/8,4.011,4.011,4.011,4.011,1.16%
2000/6/7,3.965,3.965,3.965,3.965,-1.73%
2000/6/6,4.035,4.035,4.035,4.035,-0.37%
2000/6/5,4.05,4.05,4.05,4.05,-0.61%
2000/6/2,4.075,4.075,4.075,4.075,-2.07%
2000/5/31,4.161,4.161,4.161,4.161,0.39%
2000/5/26,4.145,4.145,4.145,4.145,-0.26%
2000/5/25,4.156,4.156,4.156,4.156,-0.24%
2000/5/24,4.166,4.166,4.166,4.166,0.34%
2000/5/23,4.152,4.152,4.152,4.152,-0.24%
2000/5/22,4.162,4.162,4.162,4.162,-0.53%
2000/5/19,4.184,4.184,4.184,4.184,0.67%
2000/5/18,4.156,4.156,4.156,4.156,0.70%
2000/5/17,4.127,4.127,4.127,4.127,1.75%
2000/5/16,4.056,4.056,4.056,4.056,0.10%
2000/5/15,4.052,4.052,4.052,4.052,0.17%
2000/5/12,4.045,4.045,4.045,4.045,-0.61%
2000/5/11,4.07,4.07,4.07,4.07,0.94%
2000/5/10,4.032,4.032,4.032,4.032,-0.15%
2000/5/9,4.038,4.038,4.038,4.038,0.17%
2000/5/8,4.031,4.031,4.031,4.031,-0.93%
2000/5/5,4.069,4.069,4.069,4.069,0.17%
2000/5/4,4.062,4.062,4.062,4.062,-0.32%
2000/5/3,4.075,4.075,4.075,4.075,-0.15%
2000/5/2,4.081,4.081,4.081,4.081,-0.15%
2000/4/28,4.087,4.087,4.087,4.087,0.79%
2000/4/27,4.055,4.055,4.055,4.055,0.50%
2000/4/26,4.035,4.035,4.035,4.035,0.75%
2000/4/25,4.005,4.005,4.005,4.005,1.29%
2000/4/20,3.954,3.954,3.954,3.954,0.59%
2000/4/19,3.931,3.931,3.931,3.931,1.13%
2000/4/18,3.887,3.887,3.887,3.887,1.25%
2000/4/17,3.839,3.839,3.839,3.839,0.00%
2000/4/14,3.839,3.839,3.839,3.839,0.81%
2000/4/13,3.808,3.808,3.808,3.808,0.63%
2000/4/12,3.784,3.784,3.784,3.784,1.61%
2000/4/11,3.724,3.724,3.724,3.724,-1.12%
2000/4/10,3.766,3.766,3.766,3.766,-2.33%
2000/4/7,3.856,3.856,3.856,3.856,-1.83%
2000/4/6,3.928,3.928,3.928,3.928,0.74%
2000/4/5,3.899,3.899,3.899,3.899,-3.18%
2000/4/4,4.027,4.027,4.027,4.027,-2.40%
2000/4/3,4.126,4.126,4.126,4.126,-0.46%
2000/3/31,4.145,4.145,4.145,4.145,0.78%
2000/3/30,4.113,4.113,4.113,4.113,-0.17%
2000/3/29,4.12,4.12,4.12,4.12,1.28%
2000/3/28,4.068,4.068,4.068,4.068,0.27%
2000/3/27,4.057,4.057,4.057,4.057,1.07%
2000/3/24,4.014,4.014,4.014,4.014,1.57%
2000/3/23,3.952,3.952,3.952,3.952,0.15%
2000/3/22,3.946,3.946,3.946,3.946,1.15%
2000/3/21,3.901,3.901,3.901,3.901,0.10%
2000/3/20,3.897,3.897,3.897,3.897,0.59%
2000/3/17,3.874,3.874,3.874,3.874,0.03%
2000/3/16,3.873,3.873,3.873,3.873,-0.62%
2000/3/15,3.897,3.897,3.897,3.897,1.43%
2000/3/14,3.842,3.842,3.842,3.842,0.95%
2000/3/13,3.806,3.806,3.806,3.806,-0.16%
2000/3/10,3.812,3.812,3.812,3.812,0.79%
2000/3/9,3.782,3.782,3.782,3.782,-0.47%
2000/3/8,3.8,3.8,3.8,3.8,0.34%
2000/3/7,3.787,3.787,3.787,3.787,-0.63%
2000/3/6,3.811,3.811,3.811,3.811,-0.16%
2000/3/3,3.817,3.817,3.817,3.817,-0.31%
2000/3/2,3.829,3.829,3.829,3.829,0.16%
2000/3/1,3.823,3.823,3.823,3.823,-0.52%
2000/2/29,3.843,3.843,3.843,3.843,-0.41%
2000/2/28,3.859,3.859,3.859,3.859,0.94%
2000/2/25,3.823,3.823,3.823,3.823,0.29%
2000/2/24,3.812,3.812,3.812,3.812,0.37%
2000/2/23,3.798,3.798,3.798,3.798,1.91%
2000/2/22,3.727,3.727,3.727,3.727,-0.43%
2000/2/21,3.743,3.743,3.743,3.743,-0.66%
2000/2/18,3.768,3.768,3.768,3.768,-0.16%
2000/2/17,3.774,3.774,3.774,3.774,0.16%
2000/2/16,3.768,3.768,3.768,3.768,1.43%
2000/2/15,3.715,3.715,3.715,3.715,0.81%
2000/2/14,3.685,3.685,3.685,3.685,2.16%
2000/2/11,3.607,3.607,3.607,3.607,0.22%
2000/2/10,3.599,3.599,3.599,3.599,1.10%
2000/2/9,3.56,3.56,3.56,3.56,0.08%
2000/2/8,3.557,3.557,3.557,3.557,-0.64%
2000/2/7,3.58,3.58,3.58,3.58,0.96%
2000/2/4,3.546,3.546,3.546,3.546,-0.20%
2000/2/3,3.553,3.553,3.553,3.553,-0.92%
2000/2/2,3.586,3.586,3.586,3.586,0.20%
2000/2/1,3.579,3.579,3.579,3.579,-2.19%
2000/1/31,3.659,3.659,3.659,3.659,-1.82%
2000/1/28,3.727,3.727,3.727,3.727,1.66%
2000/1/27,3.666,3.666,3.666,3.666,1.16%
2000/1/26,3.624,3.624,3.624,3.624,-0.03%
2000/1/25,3.625,3.625,3.625,3.625,0.00%
2000/1/24,3.625,3.625,3.625,3.625,0.14%
2000/1/21,3.62,3.62,3.62,3.62,0.00%
2000/1/20,3.62,3.62,3.62,3.62,0.42%
2000/1/19,3.605,3.605,3.605,3.605,0.19%
2000/1/18,3.598,3.598,3.598,3.598,1.52%
2000/1/17,3.544,3.544,3.544,3.544,0.94%
2000/1/14,3.511,3.511,3.511,3.511,-1.68%
2000/1/13,3.571,3.571,3.571,3.571,-0.72%
2000/1/12,3.597,3.597,3.597,3.597,-0.91%
2000/1/11,3.63,3.63,3.63,3.63,1.85%
2000/1/10,3.564,3.564,3.564,3.564,-0.92%
2000/1/7,3.597,3.597,3.597,3.597,-0.91%
2000/1/6,3.63,3.63,3.63,3.63,0.95%
2000/1/5,3.596,3.596,3.596,3.596,1.50%
2000/1/4,3.543,3.543,3.543,3.543,1.14%
1999/12/30,3.503,3.503,3.503,3.503,0.17%
1999/12/29,3.497,3.497,3.497,3.497,-0.51%
1999/12/28,3.515,3.515,3.515,3.515,0.54%
1999/12/27,3.496,3.496,3.496,3.496,-1.30%
1999/12/24,3.542,3.542,3.542,3.542,0.94%
1999/12/23,3.509,3.509,3.509,3.509,-1.13%
1999/12/22,3.549,3.549,3.549,3.549,0.57%
1999/12/21,3.529,3.529,3.529,3.529,-0.17%
1999/12/20,3.535,3.535,3.535,3.535,0.94%
1999/12/17,3.502,3.502,3.502,3.502,1.33%
1999/12/16,3.456,3.456,3.456,3.456,2.70%
1999/12/15,3.365,3.365,3.365,3.365,-0.38%
1999/12/14,3.378,3.378,3.378,3.378,1.17%
1999/12/13,3.339,3.339,3.339,3.339,-0.39%
1999/12/10,3.352,3.352,3.352,3.352,-0.95%
1999/12/9,3.384,3.384,3.384,3.384,-0.53%
1999/12/8,3.402,3.402,3.402,3.402,1.10%
1999/12/7,3.365,3.365,3.365,3.365,-0.56%
1999/12/6,3.384,3.384,3.384,3.384,-2.05%
1999/12/3,3.455,3.455,3.455,3.455,0.17%
1999/12/2,3.449,3.449,3.449,3.449,1.14%
1999/12/1,3.41,3.41,3.41,3.41,-0.76%
1999/11/30,3.436,3.436,3.436,3.436,-2.02%
1999/11/29,3.507,3.507,3.507,3.507,1.33%
1999/11/26,3.461,3.461,3.461,3.461,1.50%
1999/11/25,3.41,3.41,3.41,3.41,-0.18%
1999/11/24,3.416,3.416,3.416,3.416,2.24%
1999/11/23,3.341,3.341,3.341,3.341,0.09%
1999/11/22,3.338,3.338,3.338,3.338,1.34%
1999/11/19,3.294,3.294,3.294,3.294,0.80%
1999/11/18,3.268,3.268,3.268,3.268,0.99%
1999/11/17,3.236,3.236,3.236,3.236,1.99%
1999/11/16,3.173,3.173,3.173,3.173,-0.38%
1999/11/15,3.185,3.185,3.185,3.185,0.00%
1999/11/12,3.185,3.185,3.185,3.185,-3.66%
1999/11/11,3.306,3.306,3.306,3.306,-0.78%
1999/11/10,3.332,3.332,3.332,3.332,1.18%
1999/11/9,3.293,3.293,3.293,3.293,-0.39%
1999/11/8,3.306,3.306,3.306,3.306,-1.90%
1999/11/5,3.37,3.37,3.37,3.37,0.00%
1999/11/4,3.37,3.37,3.37,3.37,-0.94%
1999/11/3,3.402,3.402,3.402,3.402,0.56%
1999/11/2,3.383,3.383,3.383,3.383,0.03%
1999/11/1,3.382,3.382,3.382,3.382,-0.97%
1999/10/29,3.415,3.415,3.415,3.415,-2.01%
1999/10/28,3.485,3.485,3.485,3.485,-2.19%
1999/10/27,3.563,3.563,3.563,3.563,-1.44%
1999/10/26,3.615,3.615,3.615,3.615,1.09%
1999/10/25,3.576,3.576,3.576,3.576,1.10%
1999/10/22,3.537,3.537,3.537,3.537,-1.26%
1999/10/21,3.582,3.582,3.582,3.582,-1.81%
1999/10/20,3.648,3.648,3.648,3.648,1.64%
1999/10/19,3.589,3.589,3.589,3.589,-1.07%
1999/10/18,3.628,3.628,3.628,3.628,-1.95%
1999/10/15,3.7,3.7,3.7,3.7,0.11%
1999/10/14,3.696,3.696,3.696,3.696,2.81%
1999/10/13,3.595,3.595,3.595,3.595,0.39%
1999/10/12,3.581,3.581,3.581,3.581,2.52%
1999/10/11,3.493,3.493,3.493,3.493,-0.11%
1999/10/8,3.497,3.497,3.497,3.497,0.00%
1999/10/7,3.497,3.497,3.497,3.497,1.30%
1999/10/6,3.452,3.452,3.452,3.452,3.04%
1999/10/5,3.35,3.35,3.35,3.35,0.21%
1999/10/4,3.343,3.343,3.343,3.343,0.94%
1999/10/1,3.312,3.312,3.312,3.312,1.94%
1999/9/30,3.249,3.249,3.249,3.249,-0.95%
1999/9/29,3.28,3.28,3.28,3.28,0.86%
1999/9/28,3.252,3.252,3.252,3.252,-1.25%
1999/9/27,3.293,3.293,3.293,3.293,0.58%
1999/9/24,3.274,3.274,3.274,3.274,-0.94%
1999/9/23,3.305,3.305,3.305,3.305,-0.18%
1999/9/22,3.311,3.311,3.311,3.311,2.13%
1999/9/21,3.242,3.242,3.242,3.242,0.59%
1999/9/20,3.223,3.223,3.223,3.223,1.32%
1999/9/17,3.181,3.181,3.181,3.181,-0.53%
1999/9/16,3.198,3.198,3.198,3.198,-0.40%
1999/9/15,3.211,3.211,3.211,3.211,1.65%
1999/9/14,3.159,3.159,3.159,3.159,0.03%
1999/9/13,3.158,3.158,3.158,3.158,1.90%
1999/9/10,3.099,3.099,3.099,3.099,-0.80%
1999/9/9,3.124,3.124,3.124,3.124,0.58%
1999/9/8,3.106,3.106,3.106,3.106,-0.99%
1999/9/7,3.137,3.137,3.137,3.137,2.22%
1999/9/6,3.069,3.069,3.069,3.069,0.20%
1999/9/3,3.063,3.063,3.063,3.063,-1.95%
1999/9/2,3.124,3.124,3.124,3.124,2.59%
1999/9/1,3.045,3.045,3.045,3.045,-0.59%
1999/8/31,3.063,3.063,3.063,3.063,2.03%
1999/8/30,3.002,3.002,3.002,3.002,1.83%
1999/8/27,2.948,2.948,2.948,2.948,1.73%
1999/8/26,2.898,2.898,2.898,2.898,-0.89%
1999/8/25,2.924,2.924,2.924,2.924,-1.22%
1999/8/24,2.96,2.96,2.96,2.96,-0.80%
1999/8/23,2.984,2.984,2.984,2.984,-0.70%
1999/8/20,3.005,3.005,3.005,3.005,-0.73%
1999/8/19,3.027,3.027,3.027,3.027,0.00%
1999/8/18,3.027,3.027,3.027,3.027,-0.20%
1999/8/17,3.033,3.033,3.033,3.033,-1.78%
1999/8/16,3.088,3.088,3.088,3.088,1.18%
1999/8/13,3.052,3.052,3.052,3.052,0.63%
1999/8/12,3.033,3.033,3.033,3.033,-0.82%
1999/8/11,3.058,3.058,3.058,3.058,-0.59%
1999/8/10,3.076,3.076,3.076,3.076,0.20%
1999/8/9,3.07,3.07,3.07,3.07,0.59%
1999/8/6,3.052,3.052,3.052,3.052,0.99%
1999/8/5,3.022,3.022,3.022,3.022,1.85%
1999/8/4,2.967,2.967,2.967,2.967,-0.24%
1999/8/3,2.974,2.974,2.974,2.974,1.02%
1999/8/2,2.944,2.944,2.944,2.944,1.45%
1999/7/30,2.902,2.902,2.902,2.902,-0.21%
1999/7/29,2.908,2.908,2.908,2.908,1.39%
1999/7/28,2.868,2.868,2.868,2.868,1.74%
1999/7/27,2.819,2.819,2.819,2.819,0.86%
1999/7/26,2.795,2.795,2.795,2.795,0.43%
1999/7/23,2.783,2.783,2.783,2.783,1.50%
1999/7/22,2.742,2.742,2.742,2.742,-1.51%
1999/7/21,2.784,2.784,2.784,2.784,-3.20%
1999/7/20,2.876,2.876,2.876,2.876,-0.93%
1999/7/19,2.903,2.903,2.903,2.903,0.00%
1999/7/16,2.903,2.903,2.903,2.903,0.00%
1999/7/15,2.903,2.903,2.903,2.903,0.66%
1999/7/14,2.884,2.884,2.884,2.884,-1.27%
1999/7/13,2.921,2.921,2.921,2.921,-2.21%
1999/7/12,2.987,2.987,2.987,2.987,0.00%
1999/7/9,2.987,2.987,2.987,2.987,-0.60%
1999/7/8,3.005,3.005,3.005,3.005,0.60%
1999/7/7,2.987,2.987,2.987,2.987,0.61%
1999/7/6,2.969,2.969,2.969,2.969,1.61%
1999/7/5,2.922,2.922,2.922,2.922,-0.20%
1999/7/2,2.928,2.928,2.928,2.928,1.67%
1999/7/1,2.88,2.88,2.88,2.88,0.59%
1999/6/30,2.863,2.863,2.863,2.863,0.21%
1999/6/29,2.857,2.857,2.857,2.857,-0.73%
1999/6/28,2.878,2.878,2.878,2.878,0.52%
1999/6/25,2.863,2.863,2.863,2.863,0.39%
1999/6/24,2.852,2.852,2.852,2.852,1.60%
1999/6/23,2.807,2.807,2.807,2.807,1.12%
1999/6/22,2.776,2.776,2.776,2.776,2.59%
1999/6/21,2.706,2.706,2.706,2.706,1.96%
1999/6/18,2.654,2.654,2.654,2.654,-0.23%
1999/6/17,2.66,2.66,2.66,2.66,-1.48%
1999/6/16,2.7,2.7,2.7,2.7,-0.44%
1999/6/15,2.712,2.712,2.712,2.712,-1.17%
1999/6/14,2.744,2.744,2.744,2.744,-0.76%
1999/6/11,2.765,2.765,2.765,2.765,-0.43%
1999/6/10,2.777,2.777,2.777,2.777,4.60%
1999/6/9,2.655,2.655,2.655,2.655,0.64%
1999/6/8,2.638,2.638,2.638,2.638,-0.68%
1999/6/7,2.656,2.656,2.656,2.656,-0.41%
1999/6/4,2.667,2.667,2.667,2.667,0.19%
1999/6/3,2.662,2.662,2.662,2.662,-0.63%
1999/6/2,2.679,2.679,2.679,2.679,2.17%
1999/6/1,2.622,2.622,2.622,2.622,2.22%
1999/5/31,2.565,2.565,2.565,2.565,0.67%
1999/5/28,2.548,2.548,2.548,2.548,-0.70%
1999/5/27,2.566,2.566,2.566,2.566,1.18%
1999/5/26,2.536,2.536,2.536,2.536,1.28%
1999/5/25,2.504,2.504,2.504,2.504,-1.11%
1999/5/21,2.532,2.532,2.532,2.532,-0.47%
1999/5/20,2.544,2.544,2.544,2.544,-0.08%
1999/5/19,2.546,2.546,2.546,2.546,0.63%
1999/5/18,2.53,2.53,2.53,2.53,-1.67%
1999/5/17,2.573,2.573,2.573,2.573,-0.46%
1999/5/14,2.585,2.585,2.585,2.585,1.13%
1999/5/12,2.556,2.556,2.556,2.556,1.31%
1999/5/11,2.523,2.523,2.523,2.523,-0.55%
1999/5/10,2.537,2.537,2.537,2.537,2.59%
1999/5/7,2.473,2.473,2.473,2.473,0.69%
1999/5/6,2.456,2.456,2.456,2.456,0.90%
1999/5/5,2.434,2.434,2.434,2.434,-0.61%
1999/5/4,2.449,2.449,2.449,2.449,0.95%
1999/5/3,2.426,2.426,2.426,2.426,0.92%
1999/4/30,2.404,2.404,2.404,2.404,1.74%
1999/4/29,2.363,2.363,2.363,2.363,-1.71%
1999/4/28,2.404,2.404,2.404,2.404,-0.66%
1999/4/27,2.42,2.42,2.42,2.42,-1.59%
1999/4/26,2.459,2.459,2.459,2.459,1.15%
1999/4/23,2.431,2.431,2.431,2.431,0.45%
1999/4/22,2.42,2.42,2.42,2.42,0.67%
1999/4/21,2.404,2.404,2.404,2.404,0.38%
1999/4/20,2.395,2.395,2.395,2.395,-0.87%
1999/4/19,2.416,2.416,2.416,2.416,0.83%
1999/4/16,2.396,2.396,2.396,2.396,0.55%
1999/4/15,2.383,2.383,2.383,2.383,1.19%
1999/4/14,2.355,2.355,2.355,2.355,0.17%
1999/4/13,2.351,2.351,2.351,2.351,0.94%
1999/4/12,2.329,2.329,2.329,2.329,0.47%
1999/4/9,2.318,2.318,2.318,2.318,-2.32%
1999/4/8,2.373,2.373,2.373,2.373,-0.50%
1999/4/7,2.385,2.385,2.385,2.385,-1.81%
1999/4/6,2.429,2.429,2.429,2.429,-1.38%
1999/4/1,2.463,2.463,2.463,2.463,0.00%
1999/3/31,2.463,2.463,2.463,2.463,-1.04%
1999/3/30,2.489,2.489,2.489,2.489,0.81%
1999/3/29,2.469,2.469,2.469,2.469,1.60%
1999/3/26,2.43,2.43,2.43,2.43,0.96%
1999/3/25,2.407,2.407,2.407,2.407,-0.33%
1999/3/24,2.415,2.415,2.415,2.415,-0.12%
1999/3/23,2.418,2.418,2.418,2.418,1.72%
1999/3/22,2.377,2.377,2.377,2.377,1.36%
1999/3/19,2.345,2.345,2.345,2.345,0.00%
1999/3/18,2.345,2.345,2.345,2.345,-0.47%
1999/3/17,2.356,2.356,2.356,2.356,0.21%
1999/3/16,2.351,2.351,2.351,2.351,-0.72%
1999/3/15,2.368,2.368,2.368,2.368,0.34%
1999/3/12,2.36,2.36,2.36,2.36,1.77%
1999/3/11,2.319,2.319,2.319,2.319,0.22%
1999/3/10,2.314,2.314,2.314,2.314,-1.87%
1999/3/9,2.358,2.358,2.358,2.358,-1.17%
1999/3/8,2.386,2.386,2.386,2.386,0.34%
1999/3/5,2.378,2.378,2.378,2.378,-3.25%
1999/3/4,2.458,2.458,2.458,2.458,-1.52%
1999/3/3,2.496,2.496,2.496,2.496,1.75%
1999/3/2,2.453,2.453,2.453,2.453,0.45%
1999/3/1,2.442,2.442,2.442,2.442,2.05%
1999/2/26,2.393,2.393,2.393,2.393,0.46%
1999/2/25,2.382,2.382,2.382,2.382,1.15%
1999/2/24,2.355,2.355,2.355,2.355,-0.51%
1999/2/23,2.367,2.367,2.367,2.367,-1.37%
1999/2/22,2.4,2.4,2.4,2.4,-2.24%
1999/2/19,2.455,2.455,2.455,2.455,-0.89%
1999/2/18,2.477,2.477,2.477,2.477,-0.36%
1999/2/17,2.486,2.486,2.486,2.486,-1.07%
1999/2/16,2.513,2.513,2.513,2.513,-0.71%
1999/2/15,2.531,2.531,2.531,2.531,0.88%
1999/2/12,2.509,2.509,2.509,2.509,1.66%
1999/2/11,2.468,2.468,2.468,2.468,0.24%
1999/2/10,2.462,2.462,2.462,2.462,-0.69%
1999/2/9,2.479,2.479,2.479,2.479,-1.78%
1999/2/8,2.524,2.524,2.524,2.524,1.32%
1999/2/5,2.491,2.491,2.491,2.491,-1.50%
1999/2/4,2.529,2.529,2.529,2.529,2.89%
1999/2/3,2.458,2.458,2.458,2.458,1.32%
1999/2/2,2.426,2.426,2.426,2.426,0.21%
1999/2/1,2.421,2.421,2.421,2.421,0.46%
1999/1/29,2.41,2.41,2.41,2.41,-1.35%
1999/1/28,2.443,2.443,2.443,2.443,-0.45%
1999/1/27,2.454,2.454,2.454,2.454,0.45%
1999/1/26,2.443,2.443,2.443,2.443,-0.89%
1999/1/25,2.465,2.465,2.465,2.465,0.08%
1999/1/22,2.463,2.463,2.463,2.463,-1.64%
1999/1/21,2.504,2.504,2.504,2.504,-1.42%
1999/1/20,2.54,2.54,2.54,2.54,0.83%
1999/1/19,2.519,2.519,2.519,2.519,-0.08%
1999/1/18,2.521,2.521,2.521,2.521,1.29%
1999/1/15,2.489,2.489,2.489,2.489,0.69%
1999/1/14,2.472,2.472,2.472,2.472,-0.24%
1999/1/13,2.478,2.478,2.478,2.478,-2.59%
1999/1/12,2.544,2.544,2.544,2.544,-0.43%
1999/1/11,2.555,2.555,2.555,2.555,2.40%
1999/1/8,2.495,2.495,2.495,2.495,7.31%
1999/1/7,2.325,2.325,2.325,2.325,0.35%
1999/1/6,2.317,2.317,2.317,2.317,0.52%
1999/1/5,2.305,2.305,2.305,2.305,0.48%
1999/1/4,2.294,2.294,2.294,2.294,-2.67%
