日付,終値,始値,高値,安値,変化率 %
2026/8/14,3.1988,3.1318,3.2025,3.1308,1.91%
2026/8/13,3.139,3.1617,3.1667,3.113,-0.57%
2026/8/12,3.157,3.1632,3.1654,3.1292,0.00%
2026/8/11,3.157,3.18,3.2044,3.18,-0.62%
2026/8/10,3.1767,3.1358,3.1785,3.1261,1.51%
2026/8/7,3.1295,3.1409,3.1515,3.118,0.12%
2026/8/6,3.1257,3.1056,3.1285,3.1012,0.71%
2026/8/5,3.1037,3.0943,3.1186,3.0892,-0.40%
2026/8/4,3.1163,3.1549,3.164,3.1029,-1.13%
2026/8/3,3.1519,3.2072,3.2081,3.1348,-1.61%
2026/7/31,3.2036,3.1475,3.2036,3.1453,1.12%
2026/7/30,3.1682,3.1619,3.1985,3.1596,0.39%
2026/7/29,3.1559,3.1178,3.1561,3.104,1.52%
2026/7/28,3.1087,3.1352,3.1352,3.1038,-0.60%
2026/7/27,3.1275,3.1398,3.1428,3.1221,-1.43%
2026/7/24,3.1728,3.2046,3.2046,3.172,-1.21%
2026/7/23,3.2115,3.1719,3.2118,3.1719,1.01%
2026/7/22,3.1795,3.1711,3.1921,3.1653,0.44%
2026/7/21,3.1655,3.1522,3.1847,3.1453,0.57%
2026/7/20,3.1477,3.1259,3.1523,3.1168,0.78%
2026/7/17,3.1234,3.13,3.1352,3.111,-0.45%
2026/7/16,3.1376,3.1238,3.1637,3.1217,1.69%
2026/7/15,3.0854,3.0972,3.1172,3.0826,0.50%
2026/7/14,3.0701,3.0799,3.1119,3.068,-0.10%
2026/7/13,3.0731,3.0358,3.0751,3.0358,1.27%
2026/7/10,3.0347,3.0532,3.0539,3.0279,-0.59%
2026/7/9,3.0528,3.0936,3.0936,3.0517,-1.15%
2026/7/8,3.0884,2.9944,3.0886,2.9934,3.38%
2026/7/7,2.9875,2.9582,2.9926,2.9471,1.44%
2026/7/6,2.9452,2.9346,2.9452,2.9158,0.44%
2026/7/3,2.9323,2.9081,2.9361,2.9065,1.17%
2026/7/2,2.8984,2.8786,2.9284,2.8786,0.75%
2026/7/1,2.8769,2.869,2.9085,2.8685,0.43%
2026/6/30,2.8645,2.8564,2.8679,2.8326,0.16%
2026/6/29,2.86,2.8524,2.8666,2.8474,0.42%
2026/6/26,2.848,2.8548,2.8624,2.8344,-0.38%
2026/6/25,2.859,2.8671,2.8758,2.8448,-0.40%
2026/6/24,2.8705,2.9206,2.9217,2.8593,-1.59%
2026/6/23,2.9168,2.9479,2.9497,2.9057,-1.17%
2026/6/22,2.9514,2.9729,2.977,2.9439,-1.10%
2026/6/19,2.9843,2.9627,2.9876,2.9511,2.09%
2026/6/18,2.9231,2.9334,2.9452,2.9177,-0.10%
2026/6/17,2.926,2.9267,2.934,2.9148,-0.48%
2026/6/16,2.94,2.9634,2.9653,2.92,-0.39%
2026/6/15,2.9514,2.9576,2.9628,2.9443,-1.60%
2026/6/12,2.9993,2.991,3.017,2.965,-0.87%
2026/6/11,3.0257,3.075,3.086,3.022,-1.40%
2026/6/10,3.0686,3.052,3.085,3.044,0.39%
2026/6/9,3.0567,3.061,3.067,3.035,0.02%
2026/6/8,3.0561,3.04,3.072,3.035,0.61%
2026/6/5,3.0376,3.023,3.052,3.017,0.46%
2026/6/4,3.0237,3.035,3.042,3.007,-0.43%
2026/6/3,3.0367,2.977,3.042,2.976,2.09%
2026/6/2,2.9744,3.004,3.004,2.947,-1.28%
2026/6/1,3.013,2.974,3.022,2.97,2.73%
2026/5/29,2.9328,2.959,2.975,2.926,-0.91%
2026/5/28,2.9596,2.986,3.013,2.945,-0.83%
2026/5/27,2.9843,2.981,2.989,2.951,0.02%
2026/5/26,2.9836,2.947,2.986,2.946,1.18%
2026/5/25,2.9489,2.986,2.993,2.93,-2.80%
2026/5/22,3.0338,3.066,3.079,3.022,-2.17%
2026/5/21,3.1012,3.099,3.118,3.071,0.22%
2026/5/20,3.0945,3.181,3.185,3.073,-2.95%
2026/5/19,3.1885,3.154,3.2,3.139,0.86%
2026/5/18,3.1614,3.176,3.193,3.125,0.25%
2026/5/15,3.1535,3.105,3.157,3.088,3.45%
2026/5/14,3.0484,3.092,3.095,3.045,-1.97%
2026/5/13,3.1098,3.103,3.116,3.089,0.43%
2026/5/12,3.0966,3.042,3.105,3.041,1.75%
2026/5/11,3.0433,3.006,3.047,3.006,1.28%
2026/5/8,3.0047,3.013,3.021,2.991,0.25%
2026/5/7,2.9972,2.999,3,2.957,0.10%
2026/5/6,2.9943,3.037,3.041,2.965,-2.35%
2026/5/5,3.0663,3.074,3.094,3.06,-0.54%
2026/5/4,3.0828,3.031,3.087,3.028,1.60%
2026/5/1,3.0342,3.0311,3.0342,3.0311,0.15%
2026/4/30,3.0297,3.111,3.133,3.024,-2.15%
2026/4/29,3.0964,3.068,3.1,3.058,1.15%
2026/4/28,3.0613,3.052,3.086,3.049,0.83%
2026/4/27,3.036,2.996,3.04,2.995,0.97%
2026/4/24,3.0068,3.012,3.045,2.998,0.09%
2026/4/23,3.0042,3.011,3.048,3,0.12%
2026/4/22,3.0005,3.003,3.018,2.988,-0.34%
2026/4/21,3.0108,2.971,3.013,2.961,1.15%
2026/4/20,2.9765,2.963,3.006,2.962,0.38%
2026/4/17,2.9651,3.043,3.056,2.947,-2.20%
2026/4/16,3.0319,3.036,3.036,2.997,-0.51%
2026/4/15,3.0474,3.014,3.05,2.998,0.58%
2026/4/14,3.0297,3.068,3.076,3.027,-1.96%
2026/4/13,3.0902,3.08,3.098,3.053,1.38%
2026/4/10,3.0481,3.017,3.054,3.007,1.26%
2026/4/9,3.0101,2.945,3.033,2.945,2.30%
2026/4/8,2.9423,3.086,3.086,2.901,-4.56%
2026/4/7,3.083,2.994,3.094,2.994,2.93%
2026/4/6,2.9951,2.9951,2.9951,2.9951,-0.27%
2026/4/3,3.0032,3.0113,3.0113,3.0032,0.26%
2026/4/2,2.9955,2.987,3.053,2.985,-0.02%
2026/4/1,2.9962,2.952,3.003,2.932,-0.38%
2026/3/31,3.0076,3.034,3.053,3.003,-1.03%
2026/3/30,3.039,3.09,3.102,3.031,-1.92%
2026/3/27,3.0985,3.087,3.13,3.077,1.16%
2026/3/26,3.0631,2.96,3.063,2.96,3.71%
2026/3/25,2.9535,2.997,3.001,2.945,-1.99%
2026/3/24,3.0135,3.008,3.044,2.985,-0.17%
2026/3/23,3.0186,3.06,3.077,2.953,-0.64%
2026/3/20,3.0381,2.964,3.038,2.938,2.90%
2026/3/19,2.9524,2.988,3.01,2.948,0.34%
2026/3/18,2.9425,2.907,2.953,2.877,1.37%
2026/3/17,2.9028,2.954,2.963,2.902,-1.56%
2026/3/16,2.9488,2.972,2.984,2.92,-0.94%
2026/3/13,2.9768,2.958,2.994,2.94,1.33%
2026/3/12,2.9378,2.933,2.963,2.923,0.20%
2026/3/11,2.9318,2.842,2.935,2.842,2.75%
2026/3/10,2.8533,2.851,2.867,2.813,-0.40%
2026/3/9,2.8649,2.931,2.931,2.857,0.02%
2026/3/6,2.8643,2.841,2.878,2.833,0.38%
2026/3/5,2.8535,2.75,2.853,2.75,3.92%
2026/3/4,2.7459,2.753,2.789,2.744,-1.06%
2026/3/3,2.7752,2.711,2.815,2.711,2.48%
2026/3/2,2.7081,2.637,2.717,2.637,2.09%
2026/2/27,2.6527,2.692,2.697,2.649,-1.69%
2026/2/26,2.6984,2.708,2.715,2.684,-0.39%
2026/2/25,2.709,2.711,2.722,2.708,0.05%
2026/2/24,2.7076,2.707,2.715,2.697,-0.28%
2026/2/23,2.7153,2.733,2.741,2.711,-0.85%
2026/2/20,2.7385,2.735,2.746,2.729,-0.24%
2026/2/19,2.7451,2.749,2.764,2.74,0.08%
2026/2/18,2.7428,2.74,2.755,2.738,0.03%
2026/2/17,2.742,2.748,2.75,2.725,-0.49%
2026/2/16,2.7556,2.757,2.767,2.729,-0.06%
2026/2/13,2.7573,2.763,2.779,2.738,-0.71%
2026/2/12,2.777,2.796,2.806,2.776,-0.68%
2026/2/11,2.796,2.809,2.823,2.793,-0.29%
2026/2/10,2.804,2.834,2.835,2.802,-1.25%
2026/2/9,2.8394,2.847,2.862,2.835,-0.29%
2026/2/6,2.8476,2.829,2.849,2.813,0.15%
2026/2/5,2.8434,2.858,2.88,2.839,-0.65%
2026/2/4,2.862,2.885,2.888,2.859,-0.93%
2026/2/3,2.8889,2.87,2.904,2.869,0.79%
2026/2/2,2.8663,2.839,2.872,2.825,0.76%
2026/1/30,2.8446,2.848,2.856,2.834,0.49%
2026/1/29,2.8308,2.864,2.868,2.822,-0.81%
2026/1/28,2.8538,2.869,2.869,2.845,-0.61%
2026/1/27,2.8713,2.873,2.887,2.861,0.07%
2026/1/26,2.8692,2.888,2.895,2.863,-1.16%
2026/1/23,2.903,2.888,2.907,2.878,0.68%
2026/1/22,2.8833,2.882,2.891,2.859,0.18%
2026/1/21,2.8781,2.854,2.885,2.836,0.62%
2026/1/20,2.8603,2.84,2.894,2.84,0.71%
2026/1/19,2.8402,2.83,2.841,2.81,0.07%
2026/1/16,2.8382,2.82,2.847,2.818,0.73%
2026/1/15,2.8177,2.824,2.835,2.811,1.30%
2026/1/14,2.7816,2.809,2.82,2.78,-1.13%
2026/1/13,2.8134,2.817,2.833,2.805,0.43%
2026/1/12,2.8014,2.827,2.835,2.798,-0.86%
2026/1/9,2.8256,2.825,2.843,2.819,-0.12%
2026/1/8,2.8289,2.814,2.844,2.806,0.76%
2026/1/7,2.8076,2.836,2.845,2.792,-1.37%
2026/1/6,2.8466,2.895,2.898,2.834,-0.92%
2026/1/5,2.873,2.899,2.905,2.871,-0.90%
2026/1/2,2.899,2.905,2.905,2.861,1.52%
2026/1/1,2.8557,2.8557,2.8557,2.8557,-0.23%
2025/12/31,2.8623,2.862,2.862,2.859,0.32%
2025/12/30,2.8533,2.846,2.862,2.833,0.98%
2025/12/29,2.8257,2.862,2.865,2.824,-1.28%
2025/12/26,2.8624,2.8624,2.8624,2.8624,0.00%
2025/12/25,2.8624,2.8624,2.8624,2.8624,-0.16%
2025/12/24,2.867,2.8716,2.8716,2.867,0.08%
2025/12/23,2.8647,2.907,2.907,2.859,-1.37%
2025/12/22,2.9044,2.913,2.917,2.891,0.41%
2025/12/19,2.8925,2.851,2.894,2.85,1.52%
2025/12/18,2.8491,2.859,2.895,2.841,-0.53%
2025/12/17,2.8642,2.843,2.867,2.826,0.62%
2025/12/16,2.8466,2.855,2.869,2.839,-0.15%
2025/12/15,2.8508,2.859,2.859,2.834,-0.36%
2025/12/12,2.8611,2.844,2.871,2.844,0.54%
2025/12/11,2.8456,2.852,2.865,2.835,-0.37%
2025/12/10,2.8563,2.858,2.894,2.855,0.15%
2025/12/9,2.8519,2.865,2.879,2.836,-0.51%
2025/12/8,2.8666,2.799,2.876,2.798,2.37%
2025/12/5,2.8001,2.772,2.8,2.77,1.06%
2025/12/4,2.7706,2.754,2.773,2.748,0.89%
2025/12/3,2.7461,2.75,2.756,2.735,-0.20%
2025/12/2,2.7515,2.748,2.768,2.745,0.08%
2025/12/1,2.7492,2.7,2.756,2.699,2.15%
2025/11/28,2.6913,2.681,2.697,2.671,0.52%
2025/11/27,2.6775,2.668,2.69,2.666,0.13%
2025/11/26,2.6741,2.673,2.689,2.661,0.05%
2025/11/25,2.6728,2.694,2.704,2.666,-0.90%
2025/11/24,2.697,2.703,2.708,2.681,-0.04%
2025/11/21,2.698,2.72,2.72,2.672,-0.79%
2025/11/20,2.7194,2.728,2.741,2.714,0.34%
2025/11/19,2.7103,2.707,2.714,2.683,0.03%
2025/11/18,2.7095,2.702,2.71,2.684,-0.13%
2025/11/17,2.713,2.716,2.718,2.7,-0.13%
2025/11/14,2.7166,2.701,2.718,2.682,1.09%
2025/11/13,2.6874,2.649,2.69,2.639,1.55%
2025/11/12,2.6465,2.66,2.68,2.645,-0.41%
2025/11/11,2.6574,2.678,2.681,2.652,-0.32%
2025/11/10,2.6658,2.697,2.699,2.659,-0.07%
2025/11/7,2.6676,2.652,2.681,2.649,0.38%
2025/11/6,2.6576,2.675,2.676,2.652,-0.55%
2025/11/5,2.6723,2.652,2.674,2.638,0.77%
2025/11/4,2.6518,2.657,2.66,2.64,-0.40%
2025/11/3,2.6625,2.637,2.666,2.635,0.97%
2025/10/31,2.6369,2.644,2.658,2.632,-0.02%
2025/10/30,2.6375,2.621,2.661,2.621,0.72%
2025/10/29,2.6186,2.626,2.629,2.615,-0.10%
2025/10/28,2.6212,2.614,2.621,2.603,0.17%
2025/10/27,2.6167,2.632,2.645,2.616,-0.29%
2025/10/24,2.6242,2.585,2.632,2.572,1.80%
2025/10/23,2.5779,2.566,2.582,2.565,0.73%
2025/10/22,2.5592,2.558,2.569,2.54,0.33%
2025/10/21,2.5508,2.577,2.582,2.549,-1.28%
2025/10/20,2.5839,2.592,2.599,2.575,0.21%
2025/10/17,2.5784,2.576,2.587,2.523,0.35%
2025/10/16,2.5694,2.578,2.586,2.563,0.45%
2025/10/15,2.558,2.604,2.604,2.557,-1.88%
2025/10/14,2.6071,2.637,2.637,2.587,-0.87%
2025/10/13,2.6301,2.653,2.656,2.622,-0.15%
2025/10/10,2.634,2.698,2.698,2.632,-2.59%
2025/10/9,2.704,2.683,2.706,2.677,1.01%
2025/10/8,2.6769,2.714,2.715,2.666,-1.25%
2025/10/7,2.7107,2.719,2.743,2.711,-0.25%
2025/10/6,2.7174,2.705,2.734,2.694,0.64%
2025/10/3,2.7,2.703,2.707,2.69,0.08%
2025/10/2,2.6978,2.717,2.728,2.696,-0.57%
2025/10/1,2.7134,2.716,2.743,2.693,0.05%
2025/9/30,2.712,2.708,2.724,2.693,0.21%
2025/9/29,2.7062,2.741,2.744,2.706,-1.42%
2025/9/26,2.7451,2.774,2.779,2.728,-0.97%
2025/9/25,2.7721,2.748,2.778,2.732,0.90%
2025/9/24,2.7474,2.74,2.754,2.73,-0.17%
2025/9/23,2.752,2.753,2.753,2.73,0.14%
2025/9/22,2.7481,2.762,2.762,2.729,-0.01%
2025/9/19,2.7485,2.73,2.751,2.726,1.20%
2025/9/18,2.716,2.684,2.724,2.666,1.48%
2025/9/17,2.6763,2.692,2.694,2.664,-0.68%
2025/9/16,2.6945,2.697,2.716,2.68,-0.05%
2025/9/15,2.6959,2.705,2.709,2.687,-0.64%
2025/9/12,2.7133,2.66,2.715,2.6603,2.37%
2025/9/11,2.6505,2.65,2.684,2.636,-0.13%
2025/9/10,2.6539,2.653,2.671,2.636,-0.39%
2025/9/9,2.6644,2.655,2.673,2.65,0.97%
2025/9/8,2.6387,2.665,2.677,2.638,-0.73%
2025/9/5,2.6582,2.716,2.717,2.653,-2.38%
2025/9/4,2.7229,2.741,2.741,2.701,-0.65%
2025/9/3,2.7406,2.793,2.8,2.74,-1.77%
2025/9/2,2.7899,2.752,2.8,2.752,1.49%
2025/9/1,2.749,2.733,2.758,2.728,0.98%
2025/8/29,2.7222,2.701,2.724,2.693,0.91%
2025/8/28,2.6977,2.699,2.716,2.679,0.14%
2025/8/27,2.694,2.724,2.732,2.685,-1.03%
2025/8/26,2.7219,2.751,2.751,2.716,-1.31%
2025/8/25,2.7581,2.749,2.778,2.74,1.43%
2025/8/22,2.7191,2.75,2.762,2.7181,-1.26%
2025/8/21,2.7537,2.73,2.761,2.707,1.37%
2025/8/20,2.7164,2.758,2.77,2.712,-1.38%
2025/8/19,2.7543,2.769,2.784,2.748,-0.78%
2025/8/18,2.7759,2.787,2.787,2.741,-0.10%
2025/8/15,2.7787,2.707,2.78,2.7,2.68%
2025/8/14,2.7062,2.684,2.707,2.655,0.97%
2025/8/13,2.6801,2.741,2.741,2.675,-2.30%
2025/8/12,2.7431,2.694,2.756,2.69,1.72%
2025/8/11,2.6966,2.691,2.698,2.66,0.34%
2025/8/8,2.6874,2.638,2.694,2.637,1.92%
2025/8/7,2.6369,2.653,2.665,2.623,-0.24%
2025/8/6,2.6432,2.624,2.65,2.623,0.80%
2025/8/5,2.6221,2.617,2.647,2.601,-0.23%
2025/8/4,2.6282,2.681,2.701,2.626,-1.82%
2025/8/1,2.677,2.701,2.737,2.639,-0.59%
2025/7/31,2.693,2.701,2.707,2.674,-0.44%
2025/7/30,2.705,2.691,2.714,2.674,0.56%
2025/7/29,2.69,2.69,2.712,2.683,0.07%
2025/7/28,2.688,2.729,2.73,2.679,-1.03%
2025/7/25,2.716,2.71,2.768,2.708,0.82%
2025/7/24,2.694,2.679,2.71,2.659,3.62%
2025/7/23,2.6,2.589,2.625,2.589,0.46%
2025/7/22,2.588,2.616,2.632,2.584,-1.15%
2025/7/21,2.618,2.69,2.69,2.61,-2.71%
2025/7/18,2.691,2.681,2.702,2.678,0.60%
2025/7/17,2.675,2.697,2.712,2.664,-0.63%
2025/7/16,2.692,2.696,2.727,2.679,-0.85%
2025/7/15,2.715,2.726,2.728,2.67,-0.62%
2025/7/14,2.732,2.726,2.737,2.707,1.71%
2025/7/11,2.686,2.655,2.695,2.643,0.90%
2025/7/10,2.662,2.628,2.667,2.615,1.14%
2025/7/9,2.632,2.648,2.653,2.622,-0.42%
2025/7/8,2.643,2.611,2.668,2.611,1.38%
2025/7/7,2.607,2.562,2.608,2.552,1.60%
2025/7/4,2.566,2.563,2.567,2.538,-0.52%
2025/7/3,2.5795,2.621,2.624,2.571,-1.47%
2025/7/2,2.618,2.571,2.632,2.571,1.99%
2025/7/1,2.567,2.593,2.593,2.543,-1.12%
2025/6/30,2.596,2.586,2.603,2.563,-0.04%
2025/6/27,2.597,2.559,2.605,2.548,1.29%
2025/6/26,2.564,2.55,2.573,2.533,0.10%
2025/6/25,2.5615,2.544,2.577,2.503,1.13%
2025/6/24,2.533,2.518,2.572,2.497,1.12%
2025/6/23,2.505,2.53,2.558,2.494,-0.32%
2025/6/20,2.513,2.519,2.539,2.487,-0.22%
2025/6/19,2.5185,2.511,2.538,2.501,0.80%
2025/6/18,2.4985,2.537,2.548,2.497,-1.42%
2025/6/17,2.5345,2.541,2.558,2.505,0.24%
2025/6/16,2.5285,2.539,2.588,2.516,-0.30%
2025/6/13,2.536,2.477,2.537,2.422,2.34%
2025/6/12,2.478,2.531,2.536,2.469,-2.38%
2025/6/11,2.5385,2.528,2.555,2.515,0.30%
2025/6/10,2.531,2.56,2.568,2.517,-1.50%
2025/6/9,2.5695,2.569,2.593,2.514,0.29%
2025/6/6,2.562,2.578,2.581,2.534,-0.95%
2025/6/5,2.5865,2.52,2.591,2.476,2.60%
2025/6/4,2.521,2.52,2.54,2.504,0.68%
2025/6/3,2.504,2.502,2.515,2.485,-0.73%
2025/6/2,2.5225,2.508,2.56,2.506,0.58%
2025/5/30,2.508,2.509,2.539,2.497,-0.16%
2025/5/29,2.512,2.583,2.594,2.512,-1.37%
2025/5/28,2.547,2.545,2.562,2.535,0.55%
2025/5/27,2.533,2.536,2.552,2.513,-1.04%
2025/5/26,2.5595,2.585,2.609,2.558,-0.56%
2025/5/23,2.574,2.64,2.644,2.539,-2.41%
2025/5/22,2.6375,2.66,2.665,2.636,-0.17%
2025/5/21,2.642,2.613,2.67,2.613,1.65%
2025/5/20,2.599,2.579,2.624,2.555,0.89%
2025/5/19,2.576,2.594,2.653,2.572,-0.39%
2025/5/16,2.586,2.614,2.614,2.563,-1.49%
2025/5/15,2.625,2.696,2.7,2.623,-2.49%
2025/5/14,2.692,2.683,2.694,2.656,0.64%
2025/5/13,2.675,2.663,2.68,2.653,1.25%
2025/5/12,2.642,2.563,2.65,2.562,3.57%
2025/5/9,2.551,2.541,2.588,2.541,1.33%
2025/5/8,2.5175,2.481,2.52,2.475,1.76%
2025/5/7,2.474,2.544,2.547,2.475,-2.27%
2025/5/6,2.5315,2.531,2.557,2.519,0.54%
2025/5/5,2.518,2.543,2.543,2.503,-0.08%
2025/5/2,2.52,2.46,2.522,2.458,3.28%
2025/4/30,2.44,2.491,2.498,2.439,-2.09%
2025/4/29,2.492,2.5,2.51,2.486,-0.58%
2025/4/28,2.5065,2.473,2.524,2.471,1.35%
2025/4/25,2.473,2.455,2.48,2.455,1.27%
2025/4/24,2.442,2.495,2.5,2.442,-2.07%
2025/4/23,2.4935,2.457,2.518,2.454,2.23%
2025/4/22,2.439,2.473,2.478,2.44,-1.03%
2025/4/17,2.4645,2.511,2.538,2.453,-1.50%
2025/4/16,2.502,2.536,2.536,2.479,-1.65%
2025/4/15,2.544,2.504,2.551,2.493,0.91%
2025/4/14,2.521,2.571,2.58,2.509,-0.24%
2025/4/11,2.527,2.612,2.632,2.49,-2.11%
2025/4/10,2.5815,2.707,2.715,2.568,0.08%
2025/4/9,2.5795,2.626,2.675,2.557,-1.71%
2025/4/8,2.6245,2.649,2.68,2.574,1.02%
2025/4/7,2.598,2.577,2.668,2.431,1.11%
2025/4/4,2.5695,2.623,2.63,2.487,-2.69%
2025/4/3,2.6405,2.654,2.672,2.625,-3.07%
2025/4/2,2.724,2.685,2.726,2.655,1.60%
2025/4/1,2.681,2.732,2.733,2.655,-1.69%
2025/3/31,2.727,2.728,2.734,2.659,-0.18%
2025/3/28,2.732,2.775,2.775,2.708,-1.50%
2025/3/27,2.7735,2.772,2.792,2.746,-0.57%
2025/3/26,2.7895,2.802,2.81,2.774,-0.13%
2025/3/25,2.793,2.776,2.831,2.773,0.83%
2025/3/24,2.77,2.79,2.8,2.763,0.18%
2025/3/21,2.765,2.784,2.786,2.746,-0.45%
2025/3/20,2.7775,2.766,2.791,2.748,-0.73%
2025/3/19,2.798,2.806,2.815,2.748,-0.60%
2025/3/18,2.815,2.826,2.855,2.808,0.46%
2025/3/17,2.802,2.869,2.878,2.8,-2.47%
2025/3/14,2.873,2.866,2.936,2.846,0.68%
2025/3/13,2.8535,2.869,2.909,2.845,-1.14%
2025/3/12,2.8865,2.903,2.938,2.875,0.50%
2025/3/11,2.872,2.831,2.877,2.82,1.66%
2025/3/10,2.825,2.879,2.879,2.773,-0.35%
2025/3/7,2.835,2.8,2.843,2.771,-1.72%
2025/3/6,2.8845,2.795,2.929,2.795,3.65%
2025/3/5,2.783,2.667,2.796,2.655,12.24%
2025/3/4,2.4795,2.463,2.504,2.423,-0.46%
2025/3/3,2.491,2.442,2.519,2.412,4.38%
2025/2/28,2.3865,2.415,2.415,2.374,-1.12%
2025/2/27,2.4135,2.433,2.452,2.412,-1.00%
2025/2/26,2.438,2.457,2.474,2.421,-0.53%
2025/2/25,2.451,2.499,2.499,2.446,-0.75%
2025/2/24,2.4695,2.48,2.499,2.453,0.28%
2025/2/21,2.4625,2.53,2.532,2.461,-2.80%
2025/2/20,2.5335,2.545,2.563,2.531,-0.61%
2025/2/19,2.549,2.502,2.555,2.494,2.35%
2025/2/18,2.4905,2.489,2.517,2.489,0.30%
2025/2/17,2.483,2.431,2.5,2.431,2.48%
2025/2/14,2.423,2.424,2.444,2.413,0.17%
2025/2/13,2.419,2.472,2.479,2.413,-2.38%
2025/2/12,2.478,2.44,2.488,2.431,2.10%
2025/2/11,2.427,2.379,2.437,2.377,2.84%
2025/2/10,2.36,2.374,2.385,2.35,-0.72%
2025/2/7,2.377,2.378,2.408,2.358,0.19%
2025/2/6,2.3725,2.373,2.393,2.355,0.57%
2025/2/5,2.359,2.398,2.398,2.345,-1.40%
2025/2/4,2.3925,2.419,2.433,2.39,0.23%
2025/2/3,2.387,2.46,2.461,2.359,-2.93%
2025/1/31,2.459,2.519,2.539,2.453,-2.30%
2025/1/30,2.517,2.562,2.573,2.496,-2.10%
2025/1/29,2.571,2.556,2.573,2.525,0.41%
2025/1/28,2.5605,2.531,2.565,2.531,2.30%
2025/1/27,2.503,2.496,2.524,2.466,-1.63%
2025/1/24,2.5445,2.509,2.569,2.501,1.25%
2025/1/23,2.513,2.498,2.537,2.486,0.58%
2025/1/22,2.4985,2.485,2.502,2.458,0.87%
2025/1/21,2.477,2.483,2.51,2.47,-0.62%
2025/1/20,2.4925,2.511,2.524,2.488,-0.42%
2025/1/17,2.503,2.52,2.522,2.481,-0.69%
2025/1/16,2.5205,2.526,2.57,2.519,-0.28%
2025/1/15,2.5275,2.622,2.63,2.513,-3.62%
2025/1/14,2.6225,2.585,2.625,2.564,1.24%
2025/1/13,2.5905,2.569,2.612,2.569,0.90%
2025/1/10,2.5675,2.54,2.597,2.54,1.44%
2025/1/9,2.531,2.518,2.543,2.509,0.28%
2025/1/8,2.524,2.48,2.53,2.469,1.55%
2025/1/7,2.4855,2.447,2.49,2.44,1.55%
2025/1/6,2.4475,2.446,2.469,2.429,0.95%
2025/1/3,2.4245,2.358,2.428,2.352,2.45%
2025/1/2,2.3665,2.369,2.375,2.31,0.19%
2024/12/31,2.362,2.369,2.369,2.364,0.13%
2024/12/30,2.359,2.399,2.404,2.345,-1.28%
2024/12/27,2.3895,2.325,2.405,2.325,2.97%
2024/12/24,2.3205,2.325,2.325,2.325,-0.28%
2024/12/23,2.327,2.287,2.329,2.287,1.77%
2024/12/20,2.2865,2.307,2.315,2.273,-0.78%
2024/12/19,2.3045,2.299,2.322,2.275,2.83%
2024/12/18,2.241,2.232,2.261,2.227,0.43%
2024/12/17,2.2315,2.246,2.259,2.217,-0.51%
2024/12/16,2.243,2.252,2.26,2.227,-0.18%
2024/12/13,2.247,2.219,2.248,2.198,2.65%
2024/12/12,2.189,2.132,2.19,2.122,2.75%
2024/12/11,2.1305,2.126,2.134,2.092,0.69%
2024/12/10,2.116,2.123,2.144,2.1,-0.07%
2024/12/9,2.1175,2.11,2.122,2.089,0.24%
2024/12/6,2.1125,2.117,2.129,2.088,0.40%
2024/12/5,2.104,2.054,2.124,2.049,2.56%
2024/12/4,2.0515,2.054,2.101,2.052,-0.17%
2024/12/3,2.055,2.042,2.077,2.03,1.06%
2024/12/2,2.0335,2.082,2.084,2.033,-2.56%
2024/11/29,2.087,2.127,2.128,2.088,-1.77%
2024/11/28,2.1245,2.163,2.166,2.125,-1.92%
2024/11/27,2.166,2.169,2.187,2.135,-1.46%
2024/11/26,2.198,2.21,2.222,2.19,-0.25%
2024/11/25,2.2035,2.242,2.257,2.197,-2.15%
2024/11/22,2.252,2.319,2.345,2.234,-2.57%
2024/11/21,2.3115,2.35,2.372,2.293,-1.26%
2024/11/20,2.341,2.337,2.389,2.336,0.15%
2024/11/19,2.3375,2.372,2.373,2.269,-1.43%
2024/11/18,2.3715,2.33,2.408,2.329,0.98%
2024/11/15,2.3485,2.36,2.384,2.322,0.28%
2024/11/14,2.342,2.423,2.424,2.337,-1.82%
2024/11/13,2.3855,2.397,2.407,2.356,1.40%
2024/11/12,2.3525,2.328,2.354,2.299,1.23%
2024/11/11,2.324,2.365,2.366,2.311,-1.69%
2024/11/8,2.364,2.445,2.445,2.355,-3.08%
2024/11/7,2.439,2.408,2.498,2.402,1.96%
2024/11/6,2.392,2.423,2.434,2.352,-1.56%
2024/11/5,2.43,2.396,2.44,2.391,1.72%
2024/11/4,2.389,2.406,2.438,2.378,-0.60%
2024/11/1,2.4035,2.39,2.42,2.351,0.50%
2024/10/31,2.3915,2.388,2.447,2.381,0.76%
2024/10/30,2.3735,2.299,2.385,2.286,1.76%
2024/10/29,2.3325,2.285,2.342,2.272,2.08%
2024/10/28,2.285,2.348,2.352,2.253,-0.26%
2024/10/25,2.291,2.266,2.296,2.245,1.51%
2024/10/24,2.257,2.303,2.307,2.241,-2.42%
2024/10/23,2.313,2.322,2.332,2.299,-0.17%
2024/10/22,2.317,2.285,2.334,2.281,1.71%
2024/10/21,2.278,2.189,2.282,2.184,4.35%
2024/10/18,2.183,2.209,2.229,2.178,-0.86%
2024/10/17,2.202,2.185,2.224,2.183,1.15%
2024/10/16,2.177,2.232,2.232,2.175,-2.29%
2024/10/15,2.228,2.279,2.279,2.218,-2.11%
2024/10/14,2.276,2.265,2.293,2.253,0.09%
2024/10/11,2.274,2.248,2.299,2.246,0.93%
2024/10/10,2.253,2.263,2.288,2.252,-0.18%
2024/10/9,2.257,2.244,2.257,2.226,0.45%
2024/10/8,2.247,2.256,2.265,2.229,-0.13%
2024/10/7,2.25,2.22,2.26,2.212,1.72%
2024/10/4,2.212,2.144,2.241,2.143,3.51%
2024/10/3,2.137,2.091,2.157,2.089,1.67%
2024/10/2,2.102,2.037,2.115,2.035,2.89%
2024/10/1,2.043,2.126,2.131,2.011,-4.17%
2024/9/30,2.132,2.133,2.176,2.114,-0.37%
2024/9/27,2.14,2.169,2.191,2.11,-1.47%
2024/9/26,2.172,2.181,2.183,2.126,-0.78%
2024/9/25,2.189,2.149,2.192,2.133,2.48%
2024/9/24,2.136,2.171,2.197,2.13,-1.79%
2024/9/23,2.175,2.212,2.216,2.143,-2.07%
2024/9/20,2.221,2.19,2.226,2.17,1.32%
2024/9/19,2.192,2.197,2.219,2.182,0.05%
2024/9/18,2.191,2.149,2.196,2.141,2.05%
2024/9/17,2.147,2.124,2.149,2.089,1.27%
2024/9/16,2.12,2.147,2.161,2.118,-1.35%
2024/9/13,2.149,2.128,2.161,2.109,-0.32%
2024/9/12,2.156,2.111,2.161,2.098,2.76%
2024/9/11,2.098,2.141,2.157,2.086,-2.33%
2024/9/10,2.148,2.165,2.187,2.148,-1.06%
2024/9/9,2.171,2.227,2.239,2.166,0.00%
2024/9/6,2.171,2.208,2.217,2.147,-1.68%
2024/9/5,2.208,2.206,2.236,2.192,-0.41%
2024/9/4,2.217,2.283,2.283,2.203,-2.51%
2024/9/3,2.274,2.33,2.342,2.259,-2.74%
2024/9/2,2.338,2.301,2.349,2.301,2.10%
2024/8/30,2.29,2.279,2.291,2.252,0.35%
2024/8/29,2.282,2.265,2.286,2.222,1.24%
2024/8/28,2.254,2.276,2.281,2.233,-1.10%
2024/8/27,2.279,2.257,2.3,2.243,1.33%
2024/8/26,2.249,2.23,2.266,2.211,1.08%
2024/8/23,2.225,2.245,2.261,2.216,-0.89%
2024/8/22,2.245,2.201,2.248,2.178,2.00%
2024/8/21,2.201,2.207,2.226,2.195,-0.63%
2024/8/20,2.215,2.26,2.26,2.21,-1.73%
2024/8/19,2.254,2.258,2.263,2.215,-0.18%
2024/8/16,2.258,2.267,2.267,2.213,-0.18%
2024/8/15,2.262,2.184,2.266,2.176,3.90%
2024/8/14,2.177,2.184,2.217,2.168,-0.23%
2024/8/13,2.182,2.226,2.232,2.178,-1.93%
2024/8/12,2.225,2.235,2.252,2.222,0.14%
2024/8/9,2.222,2.256,2.268,2.216,-2.07%
2024/8/8,2.269,2.268,2.283,2.216,-0.13%
2024/8/7,2.272,2.198,2.29,2.198,4.17%
2024/8/6,2.181,2.185,2.227,2.139,-0.05%
2024/8/5,2.182,2.1,2.184,2.074,1.02%
2024/8/2,2.16,2.231,2.235,2.149,-3.91%
2024/8/1,2.248,2.304,2.304,2.232,-2.35%
2024/7/31,2.302,2.339,2.339,2.301,-1.71%
2024/7/30,2.342,2.367,2.369,2.332,-0.76%
2024/7/29,2.36,2.407,2.408,2.344,-1.79%
2024/7/26,2.403,2.434,2.459,2.39,-0.41%
2024/7/25,2.413,2.453,2.456,2.39,-1.19%
2024/7/24,2.442,2.443,2.454,2.407,0.16%
2024/7/23,2.438,2.493,2.496,2.434,-1.81%
2024/7/22,2.483,2.461,2.484,2.443,0.81%
2024/7/19,2.463,2.422,2.475,2.418,2.16%
2024/7/18,2.411,2.422,2.45,2.401,-0.41%
2024/7/17,2.421,2.425,2.446,2.408,-0.45%
2024/7/16,2.432,2.468,2.472,2.417,-1.54%
2024/7/15,2.47,2.496,2.522,2.468,-1.04%
2024/7/12,2.496,2.493,2.524,2.483,1.01%
2024/7/11,2.471,2.54,2.558,2.463,-2.56%
2024/7/10,2.536,2.58,2.58,2.513,-0.94%
2024/7/9,2.56,2.517,2.561,2.516,1.63%
2024/7/8,2.519,2.533,2.566,2.511,-0.51%
2024/7/5,2.532,2.587,2.587,2.531,-2.05%
2024/7/4,2.585,2.566,2.587,2.564,1.02%
2024/7/3,2.559,2.601,2.616,2.543,-1.92%
2024/7/2,2.609,2.606,2.614,2.572,0.15%
2024/7/1,2.605,2.541,2.606,2.532,4.83%
2024/6/28,2.485,2.45,2.499,2.432,1.30%
2024/6/27,2.453,2.453,2.482,2.436,0.08%
2024/6/26,2.451,2.411,2.454,2.411,1.66%
2024/6/25,2.411,2.396,2.417,2.379,-0.41%
2024/6/24,2.421,2.399,2.433,2.387,0.50%
2024/6/21,2.409,2.423,2.425,2.354,-0.58%
2024/6/20,2.423,2.406,2.452,2.406,0.83%
2024/6/19,2.403,2.391,2.426,2.371,0.46%
2024/6/18,2.392,2.411,2.437,2.382,-0.87%
2024/6/17,2.413,2.352,2.436,2.352,2.38%
2024/6/14,2.357,2.48,2.48,2.341,-5.46%
2024/6/13,2.493,2.531,2.56,2.489,-1.66%
2024/6/12,2.535,2.624,2.625,2.53,-3.32%
2024/6/11,2.622,2.678,2.678,2.617,-1.94%
2024/6/10,2.674,2.619,2.682,2.619,2.22%
2024/6/7,2.616,2.547,2.636,2.547,2.95%
2024/6/6,2.541,2.502,2.575,2.501,1.72%
2024/6/5,2.498,2.545,2.554,2.494,-1.61%
2024/6/4,2.539,2.582,2.589,2.504,-1.78%
2024/6/3,2.585,2.666,2.666,2.57,-2.38%
2024/5/31,2.648,2.654,2.707,2.636,-0.26%
2024/5/30,2.655,2.687,2.691,2.653,-1.04%
2024/5/29,2.683,2.635,2.685,2.601,3.63%
2024/5/28,2.589,2.55,2.589,2.537,1.65%
2024/5/27,2.547,2.586,2.598,2.532,-1.39%
2024/5/24,2.583,2.598,2.618,2.571,-0.65%
2024/5/23,2.6,2.542,2.611,2.512,2.65%
2024/5/22,2.533,2.537,2.556,2.519,1.04%
2024/5/21,2.507,2.527,2.53,2.489,-0.99%
2024/5/20,2.532,2.517,2.542,2.507,0.68%
2024/5/17,2.515,2.469,2.518,2.461,2.86%
2024/5/16,2.445,2.425,2.451,2.398,0.91%
2024/5/15,2.423,2.55,2.552,2.419,-4.64%
2024/5/14,2.541,2.507,2.553,2.483,1.32%
2024/5/13,2.508,2.518,2.524,2.484,-0.48%
2024/5/10,2.52,2.493,2.524,2.458,0.88%
2024/5/9,2.498,2.465,2.507,2.465,1.50%
2024/5/8,2.461,2.421,2.474,2.421,1.65%
2024/5/7,2.421,2.44,2.462,2.417,-2.26%
2024/5/6,2.477,2.449,2.479,2.439,-1.31%
2024/5/3,2.51,2.546,2.546,2.451,-1.68%
2024/5/2,2.553,2.558,2.584,2.529,-1.14%
2024/5/1,2.5825,2.533,2.5835,2.582,0.02%
2024/4/30,2.582,2.533,2.597,2.511,2.14%
2024/4/29,2.528,2.578,2.581,2.507,-1.79%
2024/4/26,2.574,2.625,2.632,2.552,-1.91%
2024/4/25,2.624,2.59,2.647,2.568,1.47%
2024/4/24,2.586,2.531,2.599,2.517,3.19%
2024/4/23,2.506,2.486,2.527,2.467,0.60%
2024/4/22,2.491,2.502,2.554,2.486,-0.56%
2024/4/19,2.505,2.499,2.523,2.432,0.48%
2024/4/18,2.493,2.467,2.494,2.425,0.89%
2024/4/17,2.471,2.489,2.509,2.451,-0.60%
2024/4/16,2.486,2.432,2.511,2.419,2.14%
2024/4/15,2.434,2.364,2.454,2.361,3.22%
2024/4/12,2.358,2.468,2.468,2.318,-4.77%
2024/4/11,2.476,2.455,2.483,2.416,1.93%
2024/4/10,2.429,2.371,2.441,2.342,2.58%
2024/4/9,2.368,2.43,2.436,2.361,-2.95%
2024/4/8,2.44,2.402,2.457,2.401,1.67%
2024/4/5,2.4,2.365,2.407,2.336,1.74%
2024/4/4,2.359,2.384,2.394,2.34,-1.63%
2024/4/3,2.398,2.406,2.43,2.36,-0.54%
2024/4/2,2.411,2.295,2.432,2.295,4.96%
2024/4/1,2.297,2.292,2.297,2.297,0.20%
2024/3/29,2.2925,2.292,2.2925,2.2915,-0.02%
2024/3/28,2.293,2.292,2.325,2.288,0.09%
2024/3/27,2.291,2.355,2.355,2.288,-2.43%
2024/3/26,2.348,2.375,2.375,2.339,-1.14%
2024/3/25,2.375,2.318,2.376,2.317,2.33%
2024/3/22,2.321,2.383,2.387,2.316,-3.21%
2024/3/21,2.398,2.437,2.44,2.376,-1.52%
2024/3/20,2.435,2.452,2.455,2.405,-0.61%
2024/3/19,2.45,2.458,2.465,2.427,-0.28%
2024/3/18,2.457,2.436,2.468,2.429,0.82%
2024/3/15,2.437,2.427,2.455,2.423,0.70%
2024/3/14,2.42,2.367,2.432,2.357,2.76%
2024/3/13,2.355,2.33,2.363,2.295,1.25%
2024/3/12,2.326,2.304,2.342,2.275,1.26%
2024/3/11,2.297,2.269,2.318,2.241,1.23%
2024/3/8,2.269,2.292,2.297,2.233,-1.09%
2024/3/7,2.294,2.332,2.35,2.25,-1.59%
2024/3/6,2.331,2.323,2.362,2.315,0.39%
2024/3/5,2.322,2.394,2.394,2.293,-3.13%
2024/3/4,2.397,2.414,2.428,2.385,-0.66%
2024/3/1,2.413,2.442,2.472,2.392,0.50%
2024/2/29,2.401,2.455,2.513,2.401,-2.48%
2024/2/28,2.462,2.466,2.469,2.435,0.24%
2024/2/27,2.456,2.44,2.456,2.411,1.03%
2024/2/26,2.431,2.378,2.431,2.374,2.92%
2024/2/23,2.362,2.441,2.478,2.362,-3.00%
2024/2/22,2.435,2.45,2.5,2.411,-0.25%
2024/2/21,2.441,2.374,2.441,2.367,3.00%
2024/2/20,2.37,2.409,2.41,2.358,-1.70%
2024/2/19,2.411,2.394,2.418,2.387,0.42%
2024/2/16,2.401,2.359,2.422,2.359,2.04%
2024/2/15,2.353,2.337,2.353,2.292,0.21%
2024/2/14,2.348,2.393,2.393,2.345,-1.84%
2024/2/13,2.392,2.362,2.415,2.333,1.10%
2024/2/12,2.366,2.368,2.372,2.364,-0.59%
2024/2/9,2.38,2.367,2.39,2.333,1.02%
2024/2/8,2.356,2.317,2.36,2.295,2.48%
2024/2/7,2.299,2.292,2.314,2.272,0.09%
2024/2/6,2.297,2.318,2.343,2.281,-1.16%
2024/2/5,2.324,2.242,2.333,2.237,4.26%
2024/2/2,2.229,2.174,2.247,2.153,4.26%
2024/2/1,2.138,2.185,2.217,2.119,-1.06%
2024/1/31,2.161,2.27,2.27,2.154,-4.93%
2024/1/30,2.273,2.235,2.293,2.198,1.52%
2024/1/29,2.239,2.266,2.271,2.228,-2.53%
2024/1/26,2.297,2.251,2.314,2.237,0.61%
2024/1/25,2.283,2.352,2.371,2.279,-2.19%
2024/1/24,2.334,2.324,2.34,2.294,-0.64%
2024/1/23,2.349,2.298,2.35,2.293,3.98%
2024/1/22,2.259,2.273,2.287,2.244,-1.95%
2024/1/19,2.304,2.322,2.326,2.277,-0.13%
2024/1/18,2.307,2.277,2.312,2.263,1.45%
2024/1/17,2.274,2.251,2.293,2.223,2.62%
2024/1/16,2.216,2.192,2.226,2.174,0.77%
2024/1/15,2.199,2.15,2.218,2.15,2.61%
2024/1/12,2.143,2.16,2.187,2.131,-2.90%
2024/1/11,2.207,2.21,2.225,2.165,-0.27%
2024/1/10,2.213,2.195,2.214,2.16,1.10%
2024/1/9,2.189,2.137,2.199,2.137,3.11%
2024/1/8,2.123,2.156,2.208,2.12,-0.93%
2024/1/5,2.143,2.125,2.211,2.118,1.85%
2024/1/4,2.104,1.993,2.14,1.975,4.31%
2024/1/3,2.017,2.077,2.105,2.014,-2.42%
2024/1/2,2.067,2.068,2.11,2.045,2.30%
2024/1/1,2.0205,1.946,2.0205,2.017,-0.37%
2023/12/29,2.028,1.946,2.034,1.926,4.48%
2023/12/28,1.941,1.907,1.954,1.896,2.16%
2023/12/27,1.9,1.96,1.972,1.898,-3.92%
2023/12/26,1.9775,1.983,1.9775,1.9775,0.15%
2023/12/25,1.9745,1.983,1.9745,1.97,0.28%
2023/12/22,1.969,1.983,1.989,1.949,0.77%
2023/12/21,1.954,1.977,1.989,1.94,-1.21%
2023/12/20,1.978,1.998,2.003,1.954,-1.88%
2023/12/19,2.016,2.042,2.045,2.009,-2.80%
2023/12/18,2.074,2.035,2.084,2.009,3.03%
2023/12/15,2.013,2.127,2.141,2.012,-5.32%
2023/12/14,2.126,2.072,2.151,2.029,-1.94%
2023/12/13,2.168,2.223,2.228,2.168,-2.78%
2023/12/12,2.23,2.231,2.243,2.195,-1.46%
2023/12/11,2.263,2.273,2.277,2.246,-0.22%
2023/12/8,2.268,2.201,2.286,2.196,3.23%
2023/12/7,2.197,2.2,2.235,2.166,-0.72%
2023/12/6,2.213,2.259,2.279,2.203,-1.12%
2023/12/5,2.238,2.289,2.324,2.236,-4.77%
2023/12/4,2.35,2.37,2.383,2.313,-0.47%
2023/12/1,2.361,2.459,2.461,2.361,-3.59%
2023/11/30,2.449,2.43,2.489,2.394,1.03%
2023/11/29,2.424,2.444,2.468,2.411,-2.85%
2023/11/28,2.495,2.542,2.568,2.488,-2.35%
2023/11/27,2.555,2.645,2.649,2.548,-3.40%
2023/11/24,2.645,2.634,2.663,2.624,0.84%
2023/11/23,2.623,2.555,2.625,2.55,2.26%
2023/11/22,2.565,2.571,2.596,2.516,0.39%
2023/11/21,2.555,2.613,2.613,2.547,-2.29%
2023/11/20,2.615,2.604,2.636,2.587,1.12%
2023/11/18,2.586,2.586,2.586,2.586,-0.15%
2023/11/17,2.59,2.588,2.591,2.517,0.19%
2023/11/16,2.585,2.605,2.628,2.56,-1.75%
2023/11/15,2.631,2.589,2.648,2.567,1.11%
2023/11/14,2.602,2.707,2.717,2.599,-4.34%
2023/11/13,2.72,2.726,2.747,2.688,0.37%
2023/11/10,2.71,2.708,2.742,2.68,2.15%
2023/11/9,2.653,2.614,2.664,2.612,1.49%
2023/11/8,2.614,2.666,2.667,2.606,-1.99%
2023/11/7,2.667,2.748,2.76,2.659,-2.59%
2023/11/6,2.738,2.681,2.739,2.675,3.79%
2023/11/3,2.638,2.716,2.731,2.629,-2.58%
2023/11/2,2.708,2.712,2.751,2.665,-1.81%
2023/11/1,2.758,2.841,2.853,2.748,-1.82%
2023/10/31,2.809,2.816,2.818,2.753,-0.64%
2023/10/30,2.827,2.784,2.851,2.763,-0.25%
2023/10/27,2.834,2.862,2.862,2.82,-0.56%
2023/10/26,2.85,2.919,2.929,2.833,-1.35%
2023/10/25,2.889,2.827,2.89,2.792,1.98%
2023/10/24,2.833,2.855,2.869,2.781,-1.08%
2023/10/23,2.864,2.919,2.968,2.864,-0.66%
2023/10/20,2.883,2.909,2.94,2.879,-1.54%
2023/10/19,2.928,2.929,2.958,2.905,0.21%
2023/10/18,2.922,2.878,2.931,2.863,1.35%
2023/10/17,2.883,2.795,2.892,2.786,3.63%
2023/10/16,2.782,2.743,2.8,2.741,1.70%
2023/10/14,2.7355,2.7355,2.7355,2.7355,0.13%
2023/10/13,2.732,2.793,2.793,2.704,-1.94%
2023/10/12,2.786,2.706,2.787,2.687,2.54%
2023/10/11,2.717,2.778,2.795,2.703,-2.30%
2023/10/10,2.781,2.769,2.833,2.759,0.65%
2023/10/9,2.763,2.885,2.892,2.763,-4.23%
2023/10/6,2.885,2.885,2.954,2.885,0.10%
2023/10/5,2.882,2.92,2.966,2.88,-2.01%
2023/10/4,2.941,3.006,3.024,2.931,-0.54%
2023/10/3,2.957,2.919,2.961,2.896,1.55%
2023/10/2,2.912,2.856,2.917,2.841,2.61%
2023/9/29,2.838,2.931,2.931,2.811,-4.38%
2023/9/28,2.968,2.834,2.98,2.834,4.77%
2023/9/27,2.833,2.807,2.836,2.772,1.21%
2023/9/26,2.799,2.812,2.821,2.764,0.36%
2023/9/25,2.789,2.746,2.811,2.743,1.97%
2023/9/22,2.735,2.734,2.766,2.68,-0.44%
2023/9/21,2.747,2.752,2.779,2.727,1.59%
2023/9/20,2.704,2.751,2.751,2.703,-1.35%
2023/9/19,2.741,2.699,2.751,2.692,0.88%
2023/9/18,2.717,2.689,2.722,2.677,1.76%
2023/9/15,2.67,2.583,2.678,2.583,2.89%
2023/9/14,2.595,2.652,2.658,2.564,-2.19%
2023/9/13,2.653,2.644,2.69,2.641,0.42%
2023/9/12,2.642,2.64,2.643,2.609,0.23%
2023/9/11,2.636,2.61,2.644,2.61,1.05%
2023/9/9,2.6085,2.6085,2.6085,2.6085,0.40%
2023/9/8,2.598,2.575,2.624,2.565,-0.88%
2023/9/7,2.621,2.664,2.664,2.61,-1.39%
2023/9/6,2.658,2.601,2.659,2.595,1.88%
2023/9/5,2.609,2.581,2.611,2.574,1.24%
2023/9/4,2.577,2.553,2.584,2.549,1.30%
2023/9/1,2.544,2.476,2.545,2.446,2.95%
2023/8/31,2.471,2.547,2.571,2.455,-2.56%
2023/8/30,2.536,2.527,2.587,2.519,1.04%
2023/8/29,2.51,2.536,2.576,2.507,-2.18%
2023/8/28,2.566,2.557,2.595,2.541,0.35%
2023/8/25,2.557,2.513,2.579,2.513,1.39%
2023/8/24,2.522,2.521,2.534,2.448,-0.04%
2023/8/23,2.523,2.641,2.648,2.518,-4.97%
2023/8/22,2.655,2.691,2.705,2.651,-1.92%
2023/8/21,2.707,2.622,2.709,2.622,3.28%
2023/8/18,2.621,2.684,2.684,2.591,-2.93%
2023/8/17,2.7,2.713,2.714,2.672,2.08%
2023/8/16,2.645,2.68,2.68,2.635,-1.23%
2023/8/15,2.678,2.652,2.729,2.648,1.52%
2023/8/14,2.638,2.629,2.65,2.601,0.69%
2023/8/11,2.62,2.597,2.626,2.556,4.63%
2023/8/10,2.504,2.494,2.511,2.463,1.50%
2023/8/9,2.467,2.42,2.492,2.42,1.07%
2023/8/8,2.441,2.526,2.536,2.412,-4.69%
2023/8/7,2.561,2.511,2.605,2.511,1.31%
2023/8/6,2.528,2.528,2.528,2.528,-0.51%
2023/8/4,2.541,2.572,2.62,2.533,-0.43%
2023/8/3,2.552,2.526,2.566,2.508,1.75%
2023/8/2,2.508,2.511,2.523,2.466,-0.71%
2023/8/1,2.526,2.456,2.529,2.448,2.47%
2023/7/31,2.465,2.493,2.503,2.45,0.28%
2023/7/28,2.458,2.488,2.554,2.426,0.94%
2023/7/27,2.435,2.425,2.468,2.374,-0.77%
2023/7/26,2.454,2.396,2.462,2.396,2.21%
2023/7/25,2.401,2.411,2.441,2.397,0.54%
2023/7/24,2.388,2.451,2.46,2.365,-1.49%
2023/7/23,2.424,2.424,2.424,2.424,-0.16%
2023/7/21,2.428,2.457,2.472,2.415,-0.86%
2023/7/20,2.449,2.393,2.457,2.381,2.17%
2023/7/19,2.397,2.297,2.401,2.285,2.00%
2023/7/18,2.35,2.43,2.434,2.336,-4.20%
2023/7/17,2.453,2.474,2.489,2.412,-0.93%
2023/7/16,2.476,2.476,2.476,2.476,-0.04%
2023/7/14,2.477,2.461,2.483,2.434,0.49%
2023/7/13,2.465,2.551,2.553,2.438,-3.33%
2023/7/12,2.55,2.636,2.636,2.547,-3.81%
2023/7/11,2.651,2.613,2.657,2.591,0.57%
2023/7/10,2.636,2.648,2.679,2.622,0.04%
2023/7/7,2.635,2.622,2.677,2.601,0.19%
2023/7/6,2.63,2.519,2.641,2.496,6.05%
2023/7/5,2.48,2.449,2.48,2.405,1.02%
2023/7/4,2.455,2.433,2.48,2.43,0.90%
2023/7/3,2.433,2.401,2.449,2.363,1.76%
2023/7/2,2.391,2.391,2.391,2.391,0.00%
2023/6/30,2.391,2.404,2.456,2.388,-0.95%
2023/6/29,2.414,2.343,2.434,2.326,4.32%
2023/6/28,2.314,2.372,2.372,2.3,-2.16%
2023/6/27,2.365,2.313,2.365,2.286,2.83%
2023/6/26,2.3,2.351,2.368,2.292,-2.11%
2023/6/25,2.3495,2.3495,2.3495,2.3495,-0.32%
2023/6/23,2.357,2.476,2.482,2.316,-5.27%
2023/6/22,2.488,2.407,2.5,2.406,2.30%
2023/6/21,2.432,2.408,2.452,2.394,1.08%
2023/6/20,2.406,2.509,2.509,2.398,-4.45%
2023/6/19,2.518,2.45,2.526,2.427,2.15%
2023/6/18,2.465,2.465,2.465,2.465,0.16%
2023/6/16,2.461,2.508,2.548,2.456,-1.60%
2023/6/15,2.501,2.48,2.548,2.44,2.37%
2023/6/14,2.443,2.445,2.467,2.419,0.70%
2023/6/13,2.426,2.357,2.426,2.337,1.85%
2023/6/12,2.382,2.389,2.398,2.325,0.06%
2023/6/11,2.3805,2.3805,2.3805,2.3805,0.06%
2023/6/9,2.379,2.417,2.432,2.367,-1.86%
2023/6/8,2.424,2.463,2.48,2.414,-0.82%
2023/6/7,2.444,2.356,2.445,2.347,3.21%
2023/6/6,2.368,2.403,2.407,2.309,-0.29%
2023/6/5,2.375,2.347,2.395,2.343,2.72%
2023/6/4,2.312,2.312,2.312,2.312,0.22%
2023/6/2,2.307,2.259,2.321,2.254,2.08%
2023/6/1,2.26,2.289,2.306,2.24,-0.53%
2023/5/31,2.272,2.287,2.3,2.24,-3.73%
2023/5/30,2.36,2.426,2.439,2.338,-3.00%
2023/5/29,2.433,2.526,2.534,2.423,-4.00%
2023/5/28,2.5345,2.5345,2.5345,2.5345,-0.14%
2023/5/26,2.538,2.533,2.556,2.495,2.01%
2023/5/25,2.488,2.484,2.492,2.438,1.43%
2023/5/24,2.453,2.444,2.501,2.417,-0.49%
2023/5/23,2.465,2.46,2.497,2.455,0.57%
2023/5/22,2.451,2.432,2.465,2.396,1.66%
2023/5/21,2.411,2.411,2.411,2.411,-0.70%
2023/5/19,2.428,2.457,2.499,2.421,0.62%
2023/5/18,2.413,2.35,2.458,2.347,3.12%
2023/5/17,2.34,2.337,2.346,2.292,0.00%
2023/5/16,2.34,2.291,2.346,2.253,1.34%
2023/5/15,2.309,2.307,2.318,2.282,1.90%
2023/5/12,2.266,2.233,2.273,2.227,2.16%
2023/5/11,2.218,2.296,2.297,2.174,-3.40%
2023/5/10,2.296,2.351,2.369,2.277,-1.80%
2023/5/9,2.338,2.322,2.342,2.292,0.86%
2023/5/8,2.318,2.276,2.349,2.27,1.29%
2023/5/7,2.2885,2.2885,2.2885,2.2885,-0.28%
2023/5/5,2.295,2.191,2.303,2.191,4.60%
2023/5/4,2.194,2.243,2.306,2.178,-2.36%
2023/5/3,2.247,2.272,2.274,2.218,-0.18%
2023/5/2,2.251,2.41,2.425,2.249,-2.70%
2023/5/1,2.3135,2.313,2.3205,2.313,-0.37%
2023/4/28,2.322,2.427,2.481,2.317,-5.34%
2023/4/27,2.453,2.416,2.458,2.392,2.81%
2023/4/26,2.386,2.369,2.39,2.311,0.34%
2023/4/25,2.378,2.478,2.487,2.358,-4.54%
2023/4/24,2.491,2.477,2.504,2.438,0.38%
2023/4/23,2.4815,2.4815,2.4815,2.4815,-0.14%
2023/4/21,2.485,2.443,2.494,2.42,1.68%
2023/4/20,2.444,2.499,2.512,2.443,-2.44%
2023/4/19,2.505,2.477,2.54,2.477,1.42%
2023/4/18,2.47,2.48,2.502,2.44,-0.44%
2023/4/17,2.481,2.435,2.495,2.419,1.99%
2023/4/16,2.4325,2.4325,2.4325,2.4325,-0.02%
2023/4/14,2.433,2.382,2.434,2.355,2.61%
2023/4/13,2.371,2.368,2.395,2.33,0.47%
2023/4/12,2.36,2.309,2.398,2.254,2.48%
2023/4/11,2.303,2.258,2.315,2.225,5.28%
2023/4/10,2.1875,2.1875,2.1875,2.1875,0.62%
2023/4/7,2.174,2.188,2.188,2.174,-0.32%
2023/4/6,2.181,2.194,2.208,2.122,0.05%
2023/4/5,2.18,2.265,2.303,2.164,-3.80%
2023/4/4,2.266,2.259,2.339,2.254,0.94%
2023/4/3,2.245,2.316,2.365,2.234,-1.77%
2023/4/2,2.2855,2.2855,2.2855,2.2855,-0.67%
2023/3/31,2.301,2.348,2.403,2.3,-2.83%
2023/3/30,2.368,2.293,2.396,2.228,2.64%
2023/3/29,2.307,2.324,2.336,2.268,1.01%
2023/3/28,2.284,2.258,2.327,2.236,2.56%
2023/3/27,2.227,2.126,2.276,2.126,4.90%
2023/3/26,2.123,2.123,2.123,2.123,0.05%
2023/3/24,2.122,2.159,2.187,1.994,-3.11%
2023/3/23,2.19,2.274,2.3,2.173,-5.97%
2023/3/22,2.329,2.277,2.39,2.277,2.24%
2023/3/21,2.278,2.127,2.286,2.096,8.37%
2023/3/20,2.102,1.976,2.13,1.923,0.17%
2023/3/19,2.0985,2.0985,2.0985,2.0985,-1.53%
2023/3/17,2.131,2.273,2.281,2.069,-5.08%
2023/3/16,2.245,2.256,2.292,2.117,6.10%
2023/3/15,2.116,2.434,2.503,2.112,-13.84%
2023/3/14,2.456,2.252,2.461,2.187,7.96%
2023/3/13,2.275,2.451,2.482,2.168,-8.87%
2023/3/12,2.4965,2.4965,2.4965,2.4965,-0.06%
2023/3/10,2.498,2.524,2.556,2.429,-5.31%
2023/3/9,2.638,2.661,2.702,2.629,-0.23%
2023/3/8,2.644,2.706,2.728,2.622,-1.78%
2023/3/7,2.692,2.732,2.741,2.643,-1.28%
2023/3/6,2.727,2.671,2.735,2.637,0.22%
2023/3/5,2.721,2.721,2.721,2.721,0.26%
2023/3/3,2.714,2.738,2.755,2.697,-1.27%
2023/3/2,2.749,2.728,2.77,2.702,1.14%
2023/3/1,2.718,2.688,2.728,2.662,2.84%
2023/2/28,2.643,2.581,2.71,2.58,2.16%
2023/2/27,2.587,2.536,2.591,2.513,2.41%
2023/2/26,2.526,2.526,2.526,2.526,-0.16%
2023/2/24,2.53,2.449,2.568,2.43,2.43%
2023/2/23,2.47,2.532,2.557,2.47,-1.71%
2023/2/22,2.513,2.548,2.57,2.503,-0.91%
2023/2/21,2.536,2.466,2.558,2.455,3.05%
2023/2/20,2.461,2.444,2.462,2.424,0.63%
2023/2/19,2.4455,2.4455,2.4455,2.4455,0.58%
2023/2/18,2.4315,2.4315,2.4315,2.4315,-1.04%
2023/2/17,2.457,2.515,2.565,2.441,-0.77%
2023/2/16,2.476,2.465,2.517,2.444,-0.16%
2023/2/15,2.48,2.424,2.483,2.399,1.39%
2023/2/14,2.446,2.35,2.447,2.319,2.99%
2023/2/13,2.375,2.349,2.396,2.34,0.49%
2023/2/12,2.3635,2.3635,2.3635,2.3635,-0.15%
2023/2/10,2.367,2.341,2.377,2.315,2.65%
2023/2/9,2.306,2.33,2.334,2.256,-2.49%
2023/2/8,2.365,2.346,2.396,2.338,2.29%
2023/2/7,2.312,2.282,2.334,2.278,1.23%
2023/2/6,2.284,2.195,2.297,2.195,4.70%
2023/2/5,2.1815,2.1815,2.1815,2.1815,-0.66%
2023/2/3,2.196,2.081,2.216,2.067,6.60%
2023/2/2,2.06,2.27,2.272,2.042,-10.28%
2023/2/1,2.296,2.271,2.303,2.244,0.70%
2023/1/31,2.28,2.307,2.316,2.252,-1.26%
2023/1/30,2.309,2.207,2.325,2.2,3.17%
2023/1/29,2.238,2.238,2.238,2.238,-0.09%
2023/1/27,2.24,2.233,2.283,2.227,1.13%
2023/1/26,2.215,2.155,2.216,2.144,2.55%
2023/1/25,2.16,2.161,2.173,2.079,0.05%
2023/1/24,2.159,2.2,2.224,2.154,-1.82%
2023/1/23,2.199,2.171,2.214,2.154,1.24%
2023/1/22,2.172,2.172,2.172,2.172,0.14%
2023/1/20,2.169,2.075,2.173,2.06,5.80%
2023/1/19,2.05,2.022,2.091,1.98,1.94%
2023/1/18,2.011,2.071,2.102,1.967,-3.55%
2023/1/17,2.085,2.191,2.208,2.065,-4.05%
2023/1/16,2.173,2.172,2.215,2.15,0.49%
2023/1/15,2.1625,2.1625,2.1625,2.1625,0.91%
2023/1/13,2.143,2.1,2.143,2.097,0.52%
2023/1/12,2.132,2.16,2.182,2.063,-2.38%
2023/1/11,2.184,2.266,2.273,2.174,-5.08%
2023/1/10,2.301,2.25,2.31,2.245,3.74%
2023/1/9,2.218,2.21,2.28,2.21,0.36%
2023/1/6,2.21,2.298,2.327,2.192,-4.20%
2023/1/5,2.307,2.281,2.347,2.272,1.72%
2023/1/4,2.268,2.362,2.393,2.264,-4.55%
2023/1/3,2.376,2.448,2.496,2.343,-2.74%
2023/1/2,2.443,2.55,2.569,2.426,-4.74%
2022/12/31,2.5645,2.565,2.565,2.5645,0.06%
2022/12/30,2.563,2.469,2.569,2.453,4.06%
2022/12/29,2.463,2.497,2.52,2.46,-1.79%
2022/12/28,2.508,2.515,2.526,2.456,-0.32%
2022/12/27,2.516,2.418,2.53,2.417,5.34%
2022/12/26,2.3885,2.3855,2.389,2.3855,-0.10%
2022/12/23,2.391,2.361,2.413,2.351,1.01%
2022/12/22,2.367,2.302,2.381,2.278,2.78%
2022/12/21,2.303,2.303,2.318,2.267,0.09%
2022/12/20,2.301,2.224,2.308,2.213,4.54%
2022/12/19,2.201,2.168,2.222,2.149,2.56%
2022/12/18,2.146,2.146,2.146,2.146,-0.60%
2022/12/16,2.159,2.103,2.208,2.096,3.20%
2022/12/15,2.092,1.957,2.118,1.909,7.95%
2022/12/14,1.938,1.906,1.995,1.885,1.57%
2022/12/13,1.908,1.951,1.986,1.849,-1.40%
2022/12/12,1.935,1.932,1.95,1.879,0.36%
2022/12/10,1.928,1.928,1.928,1.928,0.26%
2022/12/9,1.923,1.819,1.941,1.819,5.66%
2022/12/8,1.82,1.786,1.839,1.763,2.08%
2022/12/7,1.783,1.783,1.834,1.753,-0.72%
2022/12/6,1.796,1.891,1.916,1.794,-4.67%
2022/12/5,1.884,1.858,1.901,1.817,1.56%
2022/12/2,1.855,1.826,1.872,1.76,1.76%
2022/12/1,1.823,1.863,1.873,1.795,-6.22%
2022/11/30,1.944,1.918,1.973,1.915,1.62%
2022/11/29,1.913,1.956,1.974,1.876,-3.97%
2022/11/28,1.992,1.981,2.03,1.912,1.17%
2022/11/25,1.969,1.867,1.985,1.854,6.61%
2022/11/24,1.847,1.908,1.912,1.802,-3.90%
2022/11/23,1.922,1.985,2.03,1.908,-3.03%
2022/11/22,1.982,1.997,2.028,1.969,0.25%
2022/11/21,1.977,2.006,2.059,1.953,-1.64%
2022/11/19,2.01,2.01,2.01,2.01,-0.40%
2022/11/18,2.018,2.019,2.098,1.99,-0.59%
2022/11/17,2.03,1.998,2.05,1.949,1.45%
2022/11/16,2.001,2.109,2.137,1.987,-4.62%
2022/11/15,2.098,2.145,2.162,2.053,-2.83%
2022/11/14,2.159,2.166,2.174,2.098,0.05%
2022/11/11,2.158,2.003,2.162,2.003,7.74%
2022/11/10,2.003,2.157,2.2,1.979,-7.99%
2022/11/9,2.177,2.27,2.28,2.171,-4.18%
2022/11/8,2.272,2.343,2.378,2.252,-2.28%
2022/11/7,2.325,2.295,2.35,2.261,1.57%
2022/11/4,2.289,2.241,2.316,2.2,1.69%
2022/11/3,2.251,2.143,2.297,2.143,5.43%
2022/11/2,2.135,2.136,2.155,2.107,0.52%
2022/11/1,2.124,2.108,2.151,2.027,-1.21%
2022/10/31,2.15,2.098,2.168,2.095,3.07%
2022/10/28,2.086,1.963,2.16,1.963,5.46%
2022/10/27,1.978,2.148,2.206,1.978,-6.48%
2022/10/26,2.115,2.168,2.219,2.115,-2.53%
2022/10/25,2.17,2.279,2.291,2.166,-7.42%
2022/10/24,2.344,2.35,2.428,2.299,-3.82%
2022/10/21,2.437,2.494,2.532,2.414,1.80%
2022/10/20,2.394,2.375,2.458,2.356,1.06%
2022/10/19,2.369,2.285,2.381,2.278,3.99%
2022/10/18,2.278,2.273,2.36,2.217,0.31%
2022/10/17,2.271,2.344,2.344,2.212,-3.81%
2022/10/14,2.361,2.286,2.364,2.137,2.65%
2022/10/13,2.3,2.328,2.42,2.222,-1.96%
2022/10/12,2.346,2.339,2.423,2.301,1.65%
2022/10/11,2.308,2.329,2.38,2.279,-0.82%
2022/10/10,2.327,2.186,2.353,2.136,5.92%
2022/10/7,2.197,2.086,2.22,2.086,5.32%
2022/10/6,2.086,2.017,2.118,2.004,3.42%
2022/10/5,2.017,1.871,2.042,1.864,7.17%
2022/10/4,1.882,1.914,1.924,1.769,-0.63%
2022/10/3,1.894,2.114,2.155,1.884,-10.19%
2022/9/30,2.109,2.206,2.209,2.061,-4.48%
2022/9/29,2.208,2.233,2.297,2.177,2.46%
2022/9/28,2.155,2.231,2.352,2.13,-4.31%
2022/9/27,2.252,2.142,2.255,2.04,7.65%
2022/9/26,2.092,2.024,2.132,2.024,3.00%
2022/9/23,2.031,1.966,2.115,1.909,2.68%
2022/9/22,1.978,1.888,1.996,1.83,4.55%
2022/9/21,1.892,1.928,1.928,1.839,-2.42%
2022/9/20,1.939,1.804,1.954,1.804,8.26%
2022/9/19,1.791,1.756,1.818,1.744,1.47%
2022/9/16,1.765,1.766,1.817,1.747,1.38%
2022/9/15,1.741,1.716,1.768,1.704,2.53%
2022/9/14,1.698,1.731,1.779,1.683,-1.51%
2022/9/13,1.724,1.655,1.756,1.642,4.80%
2022/9/12,1.645,1.697,1.755,1.636,-3.24%
2022/9/9,1.7,1.741,1.796,1.639,-0.70%
2022/9/8,1.712,1.576,1.716,1.543,8.70%
2022/9/7,1.575,1.645,1.645,1.546,-1.87%
2022/9/6,1.605,1.562,1.64,1.485,2.49%
2022/9/5,1.566,1.522,1.591,1.478,3.03%
2022/9/2,1.52,1.563,1.609,1.474,-3.25%
2022/9/1,1.571,1.54,1.634,1.54,2.28%
2022/8/31,1.536,1.495,1.584,1.462,1.72%
2022/8/30,1.51,1.509,1.544,1.438,0.33%
2022/8/29,1.505,1.495,1.548,1.463,7.65%
2022/8/26,1.398,1.316,1.435,1.311,5.19%
2022/8/25,1.329,1.363,1.39,1.317,-2.49%
2022/8/24,1.363,1.331,1.39,1.311,3.18%
2022/8/23,1.321,1.301,1.375,1.249,1.54%
2022/8/22,1.301,1.225,1.311,1.181,5.43%
2022/8/19,1.234,1.102,1.242,1.1,12.39%
2022/8/18,1.098,1.091,1.15,1.066,1.86%
2022/8/17,1.078,0.967,1.11,0.967,10.11%
2022/8/16,0.979,0.897,1.005,0.897,8.42%
2022/8/15,0.903,0.987,1.017,0.886,-8.79%
2022/8/12,0.99,0.979,1.025,0.954,2.38%
2022/8/11,0.967,0.89,0.99,0.852,9.14%
2022/8/10,0.886,0.918,0.945,0.837,-4.01%
2022/8/9,0.923,0.89,0.964,0.871,2.90%
2022/8/8,0.897,0.926,0.94,0.865,-6.66%
2022/8/5,0.961,0.809,0.964,0.788,18.79%
2022/8/4,0.809,0.869,0.896,0.788,-7.44%
2022/8/3,0.874,0.826,0.914,0.785,11.76%
2022/8/2,0.782,0.78,0.802,0.678,2.76%
2022/8/1,0.761,0.818,0.885,0.758,-7.76%
2022/7/29,0.825,0.828,0.918,0.803,3.00%
2022/7/28,0.801,0.944,1.003,0.797,-14.61%
2022/7/27,0.938,0.946,0.976,0.92,1.08%
2022/7/26,0.928,1.018,1.033,0.91,-9.90%
2022/7/25,1.03,1.031,1.088,1.014,0.68%
2022/7/22,1.023,1.223,1.225,0.988,-16.15%
2022/7/21,1.22,1.241,1.369,1.195,-3.17%
2022/7/20,1.26,1.278,1.295,1.186,-1.41%
2022/7/19,1.278,1.192,1.308,1.164,5.27%
2022/7/18,1.214,1.128,1.243,1.115,7.62%
2022/7/15,1.128,1.129,1.176,1.071,-4.33%
2022/7/14,1.179,1.149,1.26,1.13,2.97%
2022/7/13,1.145,1.131,1.224,1.125,0.97%
2022/7/12,1.134,1.246,1.25,1.094,-9.28%
2022/7/11,1.25,1.327,1.328,1.219,-7.13%
2022/7/8,1.346,1.287,1.35,1.248,4.26%
2022/7/7,1.291,1.232,1.321,1.233,11.49%
2022/7/6,1.158,1.192,1.242,1.072,-2.44%
2022/7/5,1.187,1.338,1.354,1.177,-11.22%
2022/7/4,1.337,1.232,1.352,1.232,9.05%
2022/7/1,1.226,1.341,1.41,1.163,-10.38%
2022/6/30,1.368,1.53,1.53,1.348,-9.04%
2022/6/29,1.504,1.629,1.642,1.498,-8.01%
2022/6/28,1.635,1.549,1.673,1.535,5.89%
2022/6/27,1.544,1.44,1.572,1.44,7.41%
2022/6/25,1.4375,1.4375,1.4375,1.4375,-0.17%
2022/6/24,1.44,1.442,1.508,1.354,0.91%
2022/6/23,1.427,1.63,1.661,1.39,-11.91%
2022/6/22,1.62,1.77,1.77,1.588,-8.06%
2022/6/21,1.762,1.744,1.797,1.712,1.09%
2022/6/20,1.743,1.658,1.743,1.619,4.43%
2022/6/17,1.669,1.712,1.787,1.616,-2.00%
2022/6/16,1.703,1.641,1.926,1.608,3.09%
2022/6/15,1.652,1.76,1.773,1.585,-5.65%
2022/6/14,1.751,1.634,1.751,1.592,7.62%
2022/6/13,1.627,1.483,1.637,1.478,8.32%
2022/6/10,1.502,1.437,1.503,1.384,4.67%
2022/6/9,1.435,1.357,1.47,1.334,5.90%
2022/6/8,1.355,1.313,1.368,1.299,5.28%
2022/6/7,1.287,1.339,1.343,1.275,-2.65%
2022/6/6,1.322,1.253,1.334,1.248,4.09%
2022/6/3,1.27,1.236,1.289,1.225,2.83%
2022/6/2,1.235,1.183,1.248,1.173,4.57%
2022/6/1,1.181,1.119,1.184,1.105,4.79%
2022/5/31,1.127,1.055,1.148,1.027,7.95%
2022/5/30,1.044,1.006,1.072,0.997,8.41%
2022/5/27,0.963,0.996,1.004,0.932,-3.60%
2022/5/26,0.999,0.95,1.01,0.887,4.61%
2022/5/25,0.955,0.972,0.979,0.908,0.10%
2022/5/24,0.954,1.019,1.033,0.94,-6.47%
2022/5/23,1.02,0.967,1.024,0.93,8.28%
2022/5/20,0.942,0.981,1.001,0.933,0.21%
2022/5/19,0.94,1.033,1.044,0.9,-7.11%
2022/5/18,1.012,1.051,1.095,1.008,-4.17%
2022/5/17,1.056,0.94,1.063,0.936,12.70%
2022/5/16,0.937,0.945,1.014,0.926,-0.16%
2022/5/14,0.9385,0.9385,0.9385,0.9385,-0.90%
2022/5/13,0.947,0.89,0.963,0.874,8.98%
2022/5/12,0.869,0.927,0.931,0.846,-13.45%
2022/5/11,1.004,1.031,1.092,0.959,0.10%
2022/5/10,1.003,1.091,1.114,0.988,-7.81%
2022/5/9,1.088,1.135,1.189,1.086,-4.31%
2022/5/6,1.137,1.037,1.16,1.015,8.49%
2022/5/5,1.048,0.972,1.049,0.909,7.16%
2022/5/4,0.978,1.024,1.036,0.969,2.52%
2022/5/3,0.954,0.956,1.016,0.91,-0.93%
2022/5/2,0.963,0.942,0.974,0.904,2.99%
2022/4/29,0.935,0.901,0.956,0.866,4.47%
2022/4/28,0.895,0.804,0.915,0.77,10.49%
2022/4/27,0.81,0.829,0.853,0.779,1.00%
2022/4/26,0.802,0.882,0.891,0.789,-5.42%
2022/4/25,0.848,0.974,0.974,0.841,-11.94%
2022/4/22,0.963,0.945,0.973,0.918,4.11%
2022/4/21,0.925,0.857,0.939,0.857,7.31%
2022/4/20,0.862,0.922,0.944,0.835,-6.10%
2022/4/19,0.918,0.84,0.961,0.84,9.35%
2022/4/18,0.8395,0.8425,0.8425,0.8395,0.00%
2022/4/15,0.8395,0.8425,0.8425,0.8395,0.06%
2022/4/14,0.839,0.772,0.847,0.751,8.26%
2022/4/13,0.775,0.798,0.861,0.758,-1.90%
2022/4/12,0.79,0.825,0.879,0.767,-2.83%
2022/4/11,0.813,0.707,0.822,0.707,14.51%
2022/4/8,0.71,0.675,0.728,0.655,4.41%
2022/4/7,0.68,0.651,0.722,0.613,4.94%
2022/4/6,0.648,0.635,0.684,0.619,6.23%
2022/4/5,0.61,0.529,0.628,0.516,17.99%
2022/4/4,0.517,0.581,0.586,0.473,-8.66%
2022/4/1,0.566,0.58,0.626,0.558,3.47%
2022/3/31,0.547,0.665,0.671,0.525,-16.87%
2022/3/30,0.658,0.624,0.72,0.613,2.65%
2022/3/29,0.641,0.605,0.741,0.595,10.14%
2022/3/28,0.582,0.607,0.631,0.556,2.11%
2022/3/25,0.57,0.525,0.586,0.493,8.37%
2022/3/24,0.526,0.466,0.555,0.444,9.81%
2022/3/23,0.479,0.516,0.523,0.464,-5.15%
2022/3/22,0.505,0.478,0.53,0.467,10.02%
2022/3/21,0.459,0.372,0.465,0.372,25.07%
2022/3/18,0.367,0.399,0.408,0.337,-5.41%
2022/3/17,0.388,0.4,0.41,0.352,-1.27%
2022/3/16,0.393,0.331,0.403,0.331,18.73%
2022/3/15,0.331,0.369,0.37,0.315,-11.26%
2022/3/14,0.373,0.272,0.379,0.265,38.15%
2022/3/11,0.27,0.272,0.316,0.247,0.00%
2022/3/10,0.27,0.209,0.304,0.151,41.36%
2022/3/9,0.191,0.112,0.215,0.09,78.50%
2022/3/8,0.107,-0.024,0.138,-0.038,-923.08%
2022/3/7,-0.013,-0.068,0.0001,-0.101,-87.13%
2022/3/4,-0.101,0.011,0.017,-0.109,-559.09%
2022/3/3,0.022,0.014,0.077,-0.002,120.00%
2022/3/2,0.01,-0.068,0.023,-0.08,-114.49%
2022/3/1,-0.069,0.132,0.143,-0.072,-143.40%
2022/2/28,0.159,0.167,0.213,0.153,-29.02%
2022/2/25,0.224,0.17,0.235,0.145,30.99%
2022/2/24,0.171,0.223,0.223,0.111,-24.00%
2022/2/23,0.225,0.233,0.266,0.216,-7.41%
2022/2/22,0.243,0.146,0.28,0.146,21.50%
2022/2/21,0.2,0.201,0.237,0.174,-2.44%
2022/2/18,0.205,0.232,0.248,0.196,-12.02%
2022/2/17,0.233,0.254,0.279,0.226,-14.34%
2022/2/16,0.272,0.314,0.331,0.259,-12.54%
2022/2/15,0.311,0.258,0.326,0.252,13.92%
2022/2/14,0.273,0.24,0.274,0.19,-6.51%
2022/2/11,0.292,0.299,0.301,0.249,0.00%
2022/2/10,0.292,0.23,0.295,0.212,32.73%
2022/2/9,0.22,0.265,0.267,0.209,-16.67%
2022/2/8,0.264,0.243,0.275,0.203,17.86%
2022/2/7,0.224,0.187,0.25,0.183,7.69%
2022/2/4,0.208,0.142,0.229,0.141,34.19%
2022/2/3,0.155,0.035,0.159,0.032,342.86%
2022/2/2,0.035,0.029,0.058,0.009,-5.41%
2022/2/1,0.037,0.011,0.044,-0.015,164.29%
2022/1/31,0.014,-0.032,0.032,-0.04,-129.79%
2022/1/28,-0.047,-0.049,-0.008,-0.057,-17.54%
2022/1/27,-0.057,-0.06,-0.023,-0.06,-19.72%
2022/1/26,-0.071,-0.078,-0.062,-0.082,-12.35%
2022/1/25,-0.081,-0.107,-0.066,-0.107,-17.35%
2022/1/24,-0.098,-0.065,-0.06,-0.11,46.27%
2022/1/22,-0.067,-0.067,-0.067,-0.067,11.67%
2022/1/21,-0.06,-0.034,-0.034,-0.087,122.22%
2022/1/20,-0.027,0.003,0.008,-0.041,200.00%
2022/1/19,-0.009,0.004,0.025,-0.013,-50.00%
2022/1/18,-0.018,-0.016,-0.002,-0.031,-30.77%
2022/1/17,-0.026,-0.046,-0.02,-0.046,-46.94%
2022/1/14,-0.049,-0.088,-0.047,-0.105,-43.02%
2022/1/13,-0.086,-0.047,-0.034,-0.099,50.88%
2022/1/12,-0.057,-0.038,-0.026,-0.077,78.12%
2022/1/11,-0.032,-0.04,-0.014,-0.055,-11.11%
2022/1/10,-0.036,-0.038,-0.025,-0.056,24.14%
2022/1/7,-0.029,-0.057,-0.029,-0.067,-57.35%
2022/1/6,-0.068,-0.065,-0.031,-0.072,-45.16%
2022/1/5,-0.124,-0.122,-0.114,-0.138,-3.13%
2022/1/4,-0.128,-0.12,-0.116,-0.155,3.23%
2022/1/3,-0.124,-0.177,-0.123,-0.185,-30.73%
2021/12/31,-0.179,-0.179,-0.179,-0.179,1.70%
2021/12/30,-0.176,-0.18,-0.171,-0.205,-2.22%
2021/12/29,-0.18,-0.24,-0.179,-0.244,-24.69%
2021/12/28,-0.239,-0.241,-0.221,-0.249,-2.05%
2021/12/27,-0.244,-0.254,-0.222,-0.257,-2.79%
2021/12/24,-0.251,-0.251,-0.251,-0.251,-0.40%
2021/12/23,-0.252,-0.285,-0.235,-0.293,-13.99%
2021/12/22,-0.293,-0.31,-0.268,-0.314,-3.30%
2021/12/21,-0.303,-0.369,-0.299,-0.373,-17.21%
2021/12/20,-0.366,-0.378,-0.352,-0.402,-2.40%
2021/12/17,-0.375,-0.351,-0.347,-0.386,8.38%
2021/12/16,-0.346,-0.362,-0.309,-0.371,-4.42%
2021/12/15,-0.362,-0.368,-0.343,-0.377,-0.28%
2021/12/14,-0.363,-0.38,-0.35,-0.384,-4.47%
2021/12/13,-0.38,-0.345,-0.339,-0.385,8.57%
2021/12/10,-0.35,-0.355,-0.328,-0.359,-0.28%
2021/12/9,-0.351,-0.317,-0.313,-0.364,13.59%
2021/12/8,-0.309,-0.372,-0.306,-0.409,-17.60%
2021/12/7,-0.375,-0.356,-0.348,-0.384,-3.10%
2021/12/6,-0.387,-0.39,-0.366,-0.394,2.38%
2021/12/3,-0.378,-0.373,-0.351,-0.387,1.34%
2021/12/2,-0.373,-0.346,-0.333,-0.394,12.69%
2021/12/1,-0.331,-0.349,-0.299,-0.35,-3.50%
2021/11/30,-0.343,-0.317,-0.317,-0.363,6.19%
2021/11/29,-0.323,-0.336,-0.294,-0.341,-5.42%
2021/11/27,-0.3415,-0.3415,-0.3415,-0.3415,1.04%
2021/11/26,-0.338,-0.249,-0.249,-0.343,37.40%
2021/11/25,-0.246,-0.226,-0.219,-0.25,12.33%
2021/11/24,-0.219,-0.25,-0.199,-0.25,-3.95%
2021/11/23,-0.228,-0.299,-0.225,-0.299,-22.97%
2021/11/22,-0.296,-0.342,-0.295,-0.356,-13.95%
2021/11/20,-0.344,-0.344,-0.344,-0.344,0.88%
2021/11/19,-0.341,-0.275,-0.252,-0.344,21.79%
2021/11/18,-0.28,-0.246,-0.245,-0.282,14.75%
2021/11/17,-0.244,-0.24,-0.229,-0.256,0.00%
2021/11/16,-0.244,-0.233,-0.219,-0.252,-0.41%
2021/11/15,-0.245,-0.263,-0.237,-0.29,-4.30%
2021/11/12,-0.256,-0.232,-0.217,-0.269,13.27%
2021/11/11,-0.226,-0.248,-0.217,-0.26,-8.87%
2021/11/10,-0.248,-0.297,-0.243,-0.298,-16.22%
2021/11/9,-0.296,-0.253,-0.24,-0.299,19.84%
2021/11/8,-0.247,-0.277,-0.244,-0.282,-11.79%
2021/11/5,-0.28,-0.22,-0.216,-0.285,24.44%
2021/11/4,-0.225,-0.165,-0.156,-0.231,34.73%
2021/11/3,-0.167,-0.162,-0.15,-0.194,4.37%
2021/11/2,-0.16,-0.104,-0.104,-0.171,55.34%
2021/11/1,-0.103,-0.11,-0.065,-0.119,-3.29%
2021/10/30,-0.1065,-0.1065,-0.1065,-0.1065,13.30%
2021/10/29,-0.094,-0.11,-0.064,-0.127,-37.33%
2021/10/28,-0.15,-0.177,-0.1,-0.182,-14.77%
2021/10/27,-0.176,-0.12,-0.116,-0.184,46.67%
2021/10/26,-0.12,-0.106,-0.102,-0.141,7.14%
2021/10/25,-0.112,-0.109,-0.078,-0.121,8.21%
2021/10/23,-0.1035,-0.1035,-0.1035,-0.1035,6.70%
2021/10/22,-0.097,-0.09,-0.069,-0.107,0.00%
2021/10/21,-0.097,-0.117,-0.085,-0.129,-21.14%
2021/10/20,-0.123,-0.094,-0.092,-0.134,7.89%
2021/10/19,-0.114,-0.147,-0.096,-0.173,-22.97%
2021/10/18,-0.148,-0.167,-0.116,-0.169,-13.45%
2021/10/15,-0.171,-0.183,-0.146,-0.19,-7.07%
2021/10/14,-0.184,-0.123,-0.109,-0.192,42.64%
2021/10/13,-0.129,-0.091,-0.085,-0.146,34.37%
2021/10/12,-0.096,-0.122,-0.088,-0.136,-19.33%
2021/10/11,-0.119,-0.147,-0.108,-0.147,-19.05%
2021/10/8,-0.147,-0.184,-0.146,-0.185,-21.39%
2021/10/7,-0.187,-0.17,-0.166,-0.208,2.75%
2021/10/6,-0.182,-0.159,-0.147,-0.201,-3.19%
2021/10/5,-0.188,-0.21,-0.181,-0.233,-13.36%
2021/10/4,-0.217,-0.224,-0.201,-0.236,-0.91%
2021/10/1,-0.219,-0.197,-0.197,-0.243,14.66%
2021/9/30,-0.191,-0.209,-0.177,-0.221,-10.33%
2021/9/29,-0.213,-0.188,-0.183,-0.227,7.58%
2021/9/28,-0.198,-0.201,-0.172,-0.211,-12.39%
2021/9/27,-0.226,-0.241,-0.191,-0.242,-1.09%
2021/9/25,-0.2285,-0.229,-0.2285,-0.229,0.22%
2021/9/24,-0.228,-0.244,-0.218,-0.249,-9.52%
2021/9/23,-0.252,-0.323,-0.249,-0.323,-22.70%
2021/9/22,-0.326,-0.313,-0.304,-0.332,-0.61%
2021/9/21,-0.328,-0.314,-0.295,-0.34,4.13%
2021/9/20,-0.315,-0.288,-0.276,-0.333,11.90%
2021/9/18,-0.2815,-0.2815,-0.2815,-0.2815,0.90%
2021/9/17,-0.279,-0.294,-0.265,-0.302,-8.52%
2021/9/16,-0.305,-0.309,-0.283,-0.316,-0.97%
2021/9/15,-0.308,-0.337,-0.307,-0.35,-9.41%
2021/9/14,-0.34,-0.326,-0.301,-0.353,3.66%
2021/9/13,-0.328,-0.333,-0.32,-0.346,-0.91%
2021/9/12,-0.331,-0.331,-0.331,-0.331,0.00%
2021/9/11,-0.331,-0.331,-0.331,-0.331,-0.30%
2021/9/10,-0.332,-0.364,-0.331,-0.37,-8.79%
2021/9/9,-0.364,-0.327,-0.319,-0.368,13.75%
2021/9/8,-0.32,-0.318,-0.31,-0.345,0.95%
2021/9/7,-0.317,-0.358,-0.313,-0.364,-13.86%
2021/9/6,-0.368,-0.364,-0.347,-0.377,2.79%
2021/9/3,-0.358,-0.384,-0.347,-0.398,-6.77%
2021/9/2,-0.384,-0.373,-0.371,-0.401,3.50%
2021/9/1,-0.371,-0.373,-0.354,-0.386,-2.37%
2021/8/31,-0.38,-0.433,-0.376,-0.442,-13.44%
2021/8/30,-0.439,-0.427,-0.407,-0.441,4.77%
2021/8/27,-0.419,-0.413,-0.402,-0.425,0.48%
2021/8/26,-0.417,-0.421,-0.401,-0.431,0.00%
2021/8/25,-0.417,-0.472,-0.415,-0.478,-12.58%
2021/8/24,-0.477,-0.471,-0.464,-0.489,-0.21%
2021/8/23,-0.478,-0.482,-0.457,-0.496,-3.43%
2021/8/20,-0.495,-0.489,-0.485,-0.499,1.23%
2021/8/19,-0.489,-0.492,-0.475,-0.502,1.45%
2021/8/18,-0.482,-0.47,-0.469,-0.49,3.21%
2021/8/17,-0.467,-0.474,-0.465,-0.501,0.21%
2021/8/16,-0.466,-0.467,-0.452,-0.489,0.65%
2021/8/13,-0.463,-0.455,-0.44,-0.472,0.43%
2021/8/12,-0.461,-0.461,-0.443,-0.468,0.22%
2021/8/11,-0.46,-0.453,-0.435,-0.465,1.32%
2021/8/10,-0.454,-0.463,-0.447,-0.482,-1.09%
2021/8/9,-0.459,-0.463,-0.45,-0.48,0.88%
2021/8/6,-0.455,-0.496,-0.451,-0.498,-7.71%
2021/8/5,-0.493,-0.492,-0.489,-0.524,0.00%
2021/8/4,-0.493,-0.485,-0.475,-0.517,2.49%
2021/8/3,-0.481,-0.476,-0.464,-0.493,0.00%
2021/8/2,-0.481,-0.459,-0.444,-0.481,5.02%
2021/7/30,-0.458,-0.46,-0.44,-0.461,1.55%
2021/7/29,-0.451,-0.449,-0.424,-0.465,0.89%
2021/7/28,-0.447,-0.443,-0.436,-0.456,1.36%
2021/7/27,-0.441,-0.421,-0.415,-0.444,6.52%
2021/7/26,-0.414,-0.424,-0.4,-0.449,0.24%
2021/7/23,-0.413,-0.426,-0.396,-0.426,-1.90%
2021/7/22,-0.421,-0.402,-0.375,-0.423,6.31%
2021/7/21,-0.396,-0.417,-0.386,-0.43,-3.41%
2021/7/20,-0.41,-0.392,-0.385,-0.44,5.94%
2021/7/19,-0.387,-0.351,-0.351,-0.402,10.26%
2021/7/16,-0.351,-0.334,-0.332,-0.354,6.04%
2021/7/15,-0.331,-0.328,-0.319,-0.342,6.09%
2021/7/14,-0.312,-0.293,-0.273,-0.318,4.35%
2021/7/13,-0.299,-0.294,-0.288,-0.314,-0.66%
2021/7/12,-0.301,-0.292,-0.29,-0.316,3.08%
2021/7/9,-0.292,-0.303,-0.287,-0.317,-6.71%
2021/7/8,-0.313,-0.309,-0.298,-0.344,8.30%
2021/7/7,-0.289,-0.266,-0.259,-0.313,7.43%
2021/7/6,-0.269,-0.21,-0.198,-0.273,29.33%
2021/7/5,-0.208,-0.235,-0.207,-0.235,-12.42%
2021/7/4,-0.2375,-0.2375,-0.2375,-0.2375,1.06%
2021/7/2,-0.235,-0.203,-0.199,-0.241,17.50%
2021/7/1,-0.2,-0.198,-0.179,-0.21,-1.48%
2021/6/30,-0.203,-0.169,-0.167,-0.214,17.34%
2021/6/29,-0.173,-0.19,-0.16,-0.19,-6.99%
2021/6/28,-0.186,-0.154,-0.153,-0.187,18.85%
2021/6/26,-0.1565,-0.1565,-0.1565,-0.1565,0.32%
2021/6/25,-0.156,-0.187,-0.149,-0.188,-16.13%
2021/6/24,-0.186,-0.18,-0.159,-0.192,3.91%
2021/6/23,-0.179,-0.163,-0.153,-0.195,11.18%
2021/6/22,-0.161,-0.169,-0.146,-0.18,-6.94%
2021/6/21,-0.173,-0.2,-0.16,-0.219,-14.36%
2021/6/20,-0.202,-0.202,-0.202,-0.202,0.00%
2021/6/19,-0.202,-0.202,-0.202,-0.202,-0.49%
2021/6/18,-0.203,-0.195,-0.186,-0.222,6.84%
2021/6/17,-0.19,-0.2,-0.149,-0.2,-22.76%
2021/6/16,-0.246,-0.231,-0.23,-0.249,6.96%
2021/6/15,-0.23,-0.254,-0.228,-0.264,-9.45%
2021/6/14,-0.254,-0.272,-0.251,-0.279,-5.58%
2021/6/11,-0.269,-0.257,-0.255,-0.287,8.91%
2021/6/10,-0.247,-0.242,-0.213,-0.257,0.00%
2021/6/9,-0.247,-0.222,-0.219,-0.268,10.76%
2021/6/8,-0.223,-0.2,-0.195,-0.234,13.20%
2021/6/7,-0.197,-0.209,-0.193,-0.214,-7.08%
2021/6/5,-0.212,-0.212,-0.212,-0.212,1.44%
2021/6/4,-0.209,-0.183,-0.177,-0.217,14.21%
2021/6/3,-0.183,-0.194,-0.174,-0.2,-6.63%
2021/6/2,-0.196,-0.177,-0.177,-0.2,12.00%
2021/6/1,-0.175,-0.177,-0.162,-0.197,-4.37%
2021/5/31,-0.183,-0.181,-0.15,-0.185,-0.54%
2021/5/28,-0.184,-0.17,-0.153,-0.192,6.98%
2021/5/27,-0.172,-0.206,-0.163,-0.212,-15.27%
2021/5/26,-0.203,-0.168,-0.166,-0.213,23.78%
2021/5/25,-0.164,-0.145,-0.138,-0.168,17.14%
2021/5/24,-0.14,-0.128,-0.119,-0.146,10.24%
2021/5/21,-0.127,-0.107,-0.103,-0.14,18.69%
2021/5/20,-0.107,-0.108,-0.083,-0.109,-2.73%
2021/5/19,-0.11,-0.109,-0.074,-0.127,0.00%
2021/5/18,-0.11,-0.108,-0.102,-0.132,-5.17%
2021/5/17,-0.116,-0.138,-0.1,-0.152,-5.69%
2021/5/14,-0.123,-0.125,-0.108,-0.137,8.85%
2021/5/13,-0.113,-0.117,-0.096,-0.13,-9.60%
2021/5/12,-0.125,-0.154,-0.119,-0.178,-21.87%
2021/5/11,-0.16,-0.209,-0.152,-0.211,-24.17%
2021/5/10,-0.211,-0.203,-0.192,-0.217,-3.65%
2021/5/7,-0.219,-0.227,-0.209,-0.259,-4.78%
2021/5/6,-0.23,-0.235,-0.209,-0.252,-0.43%
2021/5/5,-0.231,-0.236,-0.21,-0.238,-2.94%
2021/5/4,-0.238,-0.203,-0.19,-0.251,17.24%
2021/5/3,-0.203,-0.201,-0.162,-0.221,1.50%
2021/4/30,-0.2,-0.195,-0.189,-0.212,4.17%
2021/4/29,-0.192,-0.23,-0.177,-0.233,-16.88%
2021/4/28,-0.231,-0.238,-0.203,-0.244,-8.33%
2021/4/27,-0.252,-0.251,-0.243,-0.262,-1.18%
2021/4/26,-0.255,-0.25,-0.231,-0.264,-0.78%
2021/4/23,-0.257,-0.267,-0.247,-0.276,0.78%
2021/4/22,-0.255,-0.283,-0.238,-0.287,-1.54%
2021/4/21,-0.259,-0.26,-0.243,-0.277,0.78%
2021/4/20,-0.257,-0.217,-0.215,-0.259,8.90%
2021/4/19,-0.236,-0.269,-0.216,-0.276,-9.92%
2021/4/16,-0.262,-0.289,-0.259,-0.293,-10.58%
2021/4/15,-0.293,-0.258,-0.249,-0.295,11.41%
2021/4/14,-0.263,-0.31,-0.26,-0.312,-9.00%
2021/4/13,-0.289,-0.286,-0.271,-0.302,-1.37%
2021/4/12,-0.293,-0.301,-0.288,-0.33,-1.35%
2021/4/9,-0.297,-0.332,-0.283,-0.335,-11.08%
2021/4/8,-0.334,-0.317,-0.317,-0.347,5.03%
2021/4/7,-0.318,-0.317,-0.314,-0.343,0.95%
2021/4/6,-0.315,-0.322,-0.294,-0.333,-4.11%
2021/4/5,-0.3285,-0.327,-0.327,-0.3285,0.00%
2021/4/2,-0.3285,-0.327,-0.326,-0.3285,1.08%
2021/4/1,-0.325,-0.289,-0.286,-0.331,11.30%
2021/3/31,-0.292,-0.281,-0.267,-0.302,5.42%
2021/3/30,-0.277,-0.294,-0.258,-0.302,-13.44%
2021/3/29,-0.32,-0.353,-0.315,-0.37,-8.31%
2021/3/26,-0.349,-0.382,-0.337,-0.385,-9.35%
2021/3/25,-0.385,-0.352,-0.352,-0.39,8.15%
2021/3/24,-0.356,-0.358,-0.339,-0.375,4.09%
2021/3/23,-0.342,-0.319,-0.311,-0.357,10.32%
2021/3/22,-0.31,-0.294,-0.294,-0.333,5.44%
2021/3/19,-0.294,-0.287,-0.278,-0.31,10.94%
2021/3/18,-0.265,-0.297,-0.249,-0.302,-9.56%
2021/3/17,-0.293,-0.331,-0.285,-0.339,-13.57%
2021/3/16,-0.339,-0.342,-0.328,-0.351,0.59%
2021/3/15,-0.337,-0.306,-0.3,-0.346,14.24%
2021/3/12,-0.295,-0.318,-0.291,-0.324,-10.88%
2021/3/11,-0.331,-0.315,-0.308,-0.367,6.43%
2021/3/10,-0.311,-0.3,-0.291,-0.322,2.64%
2021/3/9,-0.303,-0.277,-0.277,-0.334,8.21%
2021/3/8,-0.28,-0.301,-0.273,-0.302,-7.89%
2021/3/5,-0.304,-0.312,-0.273,-0.313,-2.25%
2021/3/4,-0.311,-0.293,-0.286,-0.33,4.71%
2021/3/3,-0.297,-0.355,-0.28,-0.361,-14.66%
2021/3/2,-0.348,-0.335,-0.306,-0.352,4.50%
2021/3/1,-0.333,-0.296,-0.279,-0.346,29.57%
2021/2/26,-0.257,-0.221,-0.203,-0.287,13.22%
2021/2/25,-0.227,-0.295,-0.214,-0.304,-25.33%
2021/2/24,-0.304,-0.328,-0.274,-0.334,-4.70%
2021/2/23,-0.319,-0.337,-0.287,-0.339,-7.80%
2021/2/22,-0.346,-0.284,-0.278,-0.362,10.54%
2021/2/19,-0.313,-0.322,-0.306,-0.338,-8.48%
2021/2/18,-0.342,-0.366,-0.323,-0.372,-5.79%
2021/2/17,-0.363,-0.342,-0.329,-0.373,4.01%
2021/2/16,-0.349,-0.388,-0.346,-0.398,-9.11%
2021/2/15,-0.384,-0.396,-0.376,-0.402,-10.70%
2021/2/12,-0.43,-0.457,-0.421,-0.467,-6.11%
2021/2/11,-0.458,-0.435,-0.435,-0.474,4.57%
2021/2/10,-0.438,-0.442,-0.427,-0.459,-2.23%
2021/2/9,-0.448,-0.439,-0.428,-0.458,1.13%
2021/2/8,-0.443,-0.427,-0.412,-0.446,0.00%
2021/2/5,-0.443,-0.46,-0.413,-0.468,-2.85%
2021/2/4,-0.456,-0.463,-0.442,-0.474,-2.36%
2021/2/3,-0.467,-0.475,-0.462,-0.486,-4.30%
2021/2/2,-0.488,-0.507,-0.477,-0.516,-4.87%
2021/2/1,-0.513,-0.519,-0.498,-0.527,-1.35%
2021/1/29,-0.52,-0.536,-0.492,-0.54,-4.06%
2021/1/28,-0.542,-0.551,-0.534,-0.56,-1.28%
2021/1/27,-0.549,-0.53,-0.523,-0.567,3.39%
2021/1/26,-0.531,-0.556,-0.525,-0.561,-3.45%
2021/1/25,-0.55,-0.512,-0.508,-0.555,7.21%
2021/1/22,-0.513,-0.492,-0.486,-0.52,3.01%
2021/1/21,-0.498,-0.533,-0.486,-0.537,-5.86%
2021/1/20,-0.529,-0.522,-0.517,-0.533,0.38%
2021/1/19,-0.527,-0.519,-0.508,-0.529,0.38%
2021/1/18,-0.525,-0.545,-0.515,-0.552,-3.14%
2021/1/15,-0.542,-0.554,-0.529,-0.56,-1.09%
2021/1/14,-0.548,-0.525,-0.521,-0.562,4.58%
2021/1/13,-0.524,-0.485,-0.481,-0.527,11.73%
2021/1/12,-0.469,-0.488,-0.459,-0.496,-4.48%
2021/1/11,-0.491,-0.526,-0.49,-0.535,-5.03%
2021/1/8,-0.517,-0.512,-0.51,-0.533,-5.31%
2021/1/7,-0.546,-0.546,-0.536,-0.574,0.00%
2021/1/6,-0.546,-0.538,-0.53,-0.565,-6.51%
2021/1/5,-0.584,-0.601,-0.576,-0.607,-2.50%
2021/1/4,-0.599,-0.57,-0.56,-0.615,4.72%
2021/1/1,-0.572,-0.572,-0.572,-0.572,-0.52%
2020/12/31,-0.575,-0.575,-0.568,-0.575,0.88%
2020/12/30,-0.57,-0.576,-0.545,-0.582,-1.04%
2020/12/29,-0.576,-0.568,-0.56,-0.58,2.31%
2020/12/28,-0.563,-0.541,-0.539,-0.564,2.55%
2020/12/24,-0.549,-0.548,-0.548,-0.549,1.10%
2020/12/23,-0.543,-0.598,-0.531,-0.606,-8.12%
2020/12/22,-0.591,-0.586,-0.567,-0.6,1.72%
2020/12/21,-0.581,-0.599,-0.576,-0.62,1.57%
2020/12/18,-0.572,-0.581,-0.545,-0.583,-0.87%
2020/12/17,-0.577,-0.562,-0.548,-0.593,1.58%
2020/12/16,-0.568,-0.61,-0.546,-0.613,-6.89%
2020/12/15,-0.61,-0.618,-0.602,-0.63,-1.29%
2020/12/14,-0.618,-0.616,-0.599,-0.635,-3.13%
2020/12/11,-0.638,-0.606,-0.601,-0.643,5.98%
2020/12/10,-0.602,-0.613,-0.579,-0.631,-0.50%
2020/12/9,-0.605,-0.594,-0.584,-0.61,-1.31%
2020/12/8,-0.613,-0.58,-0.576,-0.617,4.79%
2020/12/7,-0.585,-0.556,-0.547,-0.587,7.73%
2020/12/4,-0.543,-0.557,-0.535,-0.566,-0.91%
2020/12/3,-0.548,-0.528,-0.517,-0.552,5.18%
2020/12/2,-0.521,-0.518,-0.505,-0.532,-0.57%
2020/12/1,-0.524,-0.572,-0.516,-0.582,-8.23%
2020/11/30,-0.571,-0.586,-0.562,-0.6,-2.39%
2020/11/27,-0.585,-0.588,-0.573,-0.595,-0.34%
2020/11/26,-0.587,-0.566,-0.556,-0.589,2.62%
2020/11/25,-0.572,-0.561,-0.546,-0.581,1.24%
2020/11/24,-0.565,-0.562,-0.558,-0.581,-2.25%
2020/11/23,-0.578,-0.59,-0.562,-0.592,-1.03%
2020/11/21,-0.584,-0.584,-0.584,-0.584,0.17%
2020/11/20,-0.583,-0.572,-0.562,-0.588,2.46%
2020/11/19,-0.569,-0.56,-0.551,-0.576,2.71%
2020/11/18,-0.554,-0.577,-0.544,-0.579,-1.25%
2020/11/17,-0.561,-0.544,-0.535,-0.566,2.94%
2020/11/16,-0.545,-0.554,-0.509,-0.569,-0.55%
2020/11/13,-0.548,-0.546,-0.53,-0.562,2.43%
2020/11/12,-0.535,-0.522,-0.497,-0.535,6.36%
2020/11/11,-0.503,-0.483,-0.456,-0.514,4.79%
2020/11/10,-0.48,-0.516,-0.473,-0.519,-5.51%
2020/11/9,-0.508,-0.619,-0.496,-0.644,-17.67%
2020/11/6,-0.617,-0.637,-0.601,-0.647,-2.68%
2020/11/5,-0.634,-0.646,-0.617,-0.658,-0.63%
2020/11/4,-0.638,-0.645,-0.615,-0.671,2.74%
2020/11/3,-0.621,-0.632,-0.601,-0.638,-2.66%
2020/11/2,-0.638,-0.626,-0.607,-0.639,2.08%
2020/10/30,-0.625,-0.639,-0.606,-0.639,-1.88%
2020/10/29,-0.637,-0.611,-0.611,-0.646,1.43%
2020/10/28,-0.628,-0.621,-0.61,-0.646,2.61%
2020/10/27,-0.612,-0.576,-0.566,-0.615,7.18%
2020/10/26,-0.571,-0.588,-0.552,-0.597,-0.17%
2020/10/23,-0.572,-0.571,-0.545,-0.584,0.70%
2020/10/22,-0.568,-0.586,-0.556,-0.598,-3.40%
2020/10/21,-0.588,-0.578,-0.568,-0.606,-2.49%
2020/10/20,-0.603,-0.627,-0.59,-0.633,-3.83%
2020/10/19,-0.627,-0.62,-0.6,-0.628,0.64%
2020/10/16,-0.623,-0.613,-0.604,-0.637,1.96%
2020/10/15,-0.611,-0.584,-0.572,-0.637,6.26%
2020/10/14,-0.575,-0.559,-0.552,-0.586,3.79%
2020/10/13,-0.554,-0.544,-0.534,-0.561,2.03%
2020/10/12,-0.543,-0.538,-0.527,-0.546,2.07%
2020/10/9,-0.532,-0.526,-0.523,-0.547,2.11%
2020/10/8,-0.521,-0.496,-0.486,-0.525,5.68%
2020/10/7,-0.493,-0.517,-0.479,-0.528,-2.76%
2020/10/6,-0.507,-0.507,-0.492,-0.519,-0.98%
2020/10/5,-0.512,-0.537,-0.501,-0.549,-4.66%
2020/10/3,-0.537,-0.537,-0.537,-0.537,0.56%
2020/10/2,-0.534,-0.542,-0.524,-0.555,1.14%
2020/10/1,-0.528,-0.512,-0.497,-0.537,1.34%
2020/9/30,-0.521,-0.545,-0.514,-0.552,-3.87%
2020/9/29,-0.542,-0.525,-0.524,-0.546,3.04%
2020/9/28,-0.526,-0.523,-0.501,-0.53,0.19%
2020/9/25,-0.525,-0.499,-0.493,-0.531,3.75%
2020/9/24,-0.506,-0.511,-0.499,-0.53,0.80%
2020/9/23,-0.502,-0.511,-0.491,-0.525,0.00%
2020/9/22,-0.502,-0.52,-0.495,-0.531,-4.74%
2020/9/21,-0.527,-0.489,-0.475,-0.539,8.21%
2020/9/19,-0.487,-0.487,-0.487,-0.487,0.83%
2020/9/18,-0.483,-0.485,-0.473,-0.511,-1.83%
2020/9/17,-0.492,-0.485,-0.461,-0.512,2.29%
2020/9/16,-0.481,-0.479,-0.472,-0.501,0.00%
2020/9/15,-0.481,-0.485,-0.462,-0.491,0.84%
2020/9/14,-0.477,-0.484,-0.473,-0.502,-1.24%
2020/9/11,-0.483,-0.455,-0.447,-0.484,13.38%
2020/9/10,-0.426,-0.456,-0.417,-0.477,-7.59%
2020/9/9,-0.461,-0.492,-0.451,-0.508,-6.68%
2020/9/8,-0.494,-0.465,-0.45,-0.506,7.39%
2020/9/7,-0.46,-0.439,-0.436,-0.482,-3.77%
2020/9/4,-0.478,-0.479,-0.461,-0.495,-2.45%
2020/9/3,-0.49,-0.478,-0.454,-0.502,3.59%
2020/9/2,-0.473,-0.43,-0.424,-0.476,13.98%
2020/9/1,-0.415,-0.395,-0.372,-0.419,4.27%
2020/8/31,-0.398,-0.412,-0.375,-0.415,-2.21%
2020/8/28,-0.407,-0.386,-0.372,-0.417,0.99%
2020/8/27,-0.403,-0.416,-0.384,-0.471,-1.95%
2020/8/26,-0.411,-0.425,-0.394,-0.427,-3.52%
2020/8/25,-0.426,-0.49,-0.412,-0.491,-13.77%
2020/8/24,-0.494,-0.511,-0.476,-0.513,-2.76%
2020/8/21,-0.508,-0.491,-0.484,-0.523,2.63%
2020/8/20,-0.495,-0.471,-0.462,-0.512,4.21%
2020/8/19,-0.475,-0.458,-0.458,-0.493,4.17%
2020/8/18,-0.456,-0.45,-0.437,-0.47,0.66%
2020/8/17,-0.453,-0.418,-0.412,-0.455,8.11%
2020/8/14,-0.419,-0.397,-0.392,-0.426,2.20%
2020/8/13,-0.41,-0.457,-0.396,-0.469,-8.69%
2020/8/12,-0.449,-0.48,-0.428,-0.481,-4.87%
2020/8/11,-0.472,-0.516,-0.463,-0.527,-10.10%
2020/8/10,-0.525,-0.5,-0.486,-0.535,3.96%
2020/8/7,-0.505,-0.533,-0.503,-0.543,-6.31%
2020/8/6,-0.539,-0.512,-0.491,-0.55,6.52%
2020/8/5,-0.506,-0.549,-0.496,-0.558,-8.00%
2020/8/4,-0.55,-0.525,-0.51,-0.56,5.16%
2020/8/3,-0.523,-0.522,-0.5,-0.533,-1.51%
2020/7/31,-0.531,-0.56,-0.516,-0.561,-2.57%
2020/7/30,-0.545,-0.505,-0.5,-0.553,9.22%
2020/7/29,-0.499,-0.515,-0.488,-0.521,-2.16%
2020/7/28,-0.51,-0.476,-0.47,-0.517,3.66%
2020/7/27,-0.492,-0.449,-0.432,-0.493,10.56%
2020/7/24,-0.445,-0.49,-0.432,-0.499,-7.68%
2020/7/23,-0.482,-0.487,-0.47,-0.494,-2.23%
2020/7/22,-0.493,-0.458,-0.445,-0.498,6.71%
2020/7/21,-0.462,-0.444,-0.438,-0.467,-0.22%
2020/7/20,-0.463,-0.444,-0.418,-0.472,2.32%
2020/7/19,-0.4525,-0.4525,-0.4525,-0.4525,-0.55%
2020/7/17,-0.455,-0.467,-0.447,-0.48,-2.99%
2020/7/16,-0.469,-0.443,-0.434,-0.481,5.87%
2020/7/15,-0.443,-0.44,-0.423,-0.463,-0.89%
2020/7/14,-0.447,-0.419,-0.412,-0.449,7.45%
2020/7/13,-0.416,-0.454,-0.4,-0.465,-11.11%
2020/7/10,-0.468,-0.471,-0.464,-0.492,1.96%
2020/7/9,-0.459,-0.439,-0.427,-0.472,4.56%
2020/7/8,-0.439,-0.433,-0.422,-0.457,2.33%
2020/7/7,-0.429,-0.43,-0.411,-0.457,-0.69%
2020/7/6,-0.432,-0.426,-0.409,-0.443,0.00%
2020/7/3,-0.432,-0.433,-0.422,-0.448,0.70%
2020/7/2,-0.429,-0.39,-0.382,-0.436,8.06%
2020/7/1,-0.397,-0.455,-0.384,-0.455,-12.36%
2020/6/30,-0.453,-0.471,-0.452,-0.488,-3.62%
2020/6/29,-0.47,-0.474,-0.456,-0.477,-2.49%
2020/6/27,-0.482,-0.483,-0.482,-0.483,0.21%
2020/6/26,-0.481,-0.462,-0.46,-0.484,3.44%
2020/6/25,-0.465,-0.44,-0.44,-0.48,5.92%
2020/6/24,-0.439,-0.408,-0.383,-0.444,8.40%
2020/6/23,-0.405,-0.434,-0.399,-0.439,-7.11%
2020/6/22,-0.436,-0.414,-0.408,-0.459,5.06%
2020/6/19,-0.415,-0.411,-0.39,-0.42,-6.11%
2020/6/18,-0.442,-0.428,-0.417,-0.454,3.76%
2020/6/17,-0.426,-0.428,-0.394,-0.446,-0.47%
2020/6/16,-0.428,-0.418,-0.405,-0.443,-3.60%
2020/6/15,-0.444,-0.452,-0.436,-0.47,-0.45%
2020/6/13,-0.446,-0.446,-0.446,-0.446,1.83%
2020/6/12,-0.438,-0.412,-0.404,-0.447,6.05%
2020/6/11,-0.413,-0.373,-0.364,-0.431,25.53%
2020/6/10,-0.329,-0.31,-0.302,-0.336,5.79%
2020/6/9,-0.311,-0.322,-0.303,-0.345,-2.20%
2020/6/8,-0.318,-0.279,-0.267,-0.322,14.80%
2020/6/5,-0.277,-0.322,-0.257,-0.324,-13.98%
2020/6/4,-0.322,-0.343,-0.303,-0.372,-9.30%
2020/6/3,-0.355,-0.385,-0.34,-0.412,-14.25%
2020/6/2,-0.414,-0.416,-0.397,-0.43,2.73%
2020/6/1,-0.403,-0.437,-0.383,-0.437,-10.04%
2020/5/29,-0.448,-0.435,-0.419,-0.458,6.92%
2020/5/28,-0.419,-0.414,-0.399,-0.44,1.21%
2020/5/27,-0.414,-0.433,-0.386,-0.456,-3.72%
2020/5/26,-0.43,-0.484,-0.419,-0.484,-12.96%
2020/5/25,-0.494,-0.488,-0.483,-0.503,1.23%
2020/5/22,-0.488,-0.509,-0.482,-0.52,-1.41%
2020/5/21,-0.495,-0.484,-0.458,-0.502,5.77%
2020/5/20,-0.468,-0.463,-0.448,-0.477,0.86%
2020/5/19,-0.464,-0.473,-0.434,-0.49,-1.69%
2020/5/18,-0.472,-0.537,-0.456,-0.556,-10.61%
2020/5/15,-0.528,-0.533,-0.524,-0.566,-2.58%
2020/5/14,-0.542,-0.55,-0.517,-0.557,2.85%
2020/5/13,-0.527,-0.508,-0.508,-0.547,3.94%
2020/5/12,-0.507,-0.504,-0.473,-0.513,-1.17%
2020/5/11,-0.513,-0.529,-0.5,-0.537,-4.65%
2020/5/8,-0.538,-0.545,-0.528,-0.57,-1.47%
2020/5/7,-0.546,-0.505,-0.479,-0.553,8.55%
2020/5/6,-0.503,-0.559,-0.502,-0.568,-12.82%
2020/5/5,-0.577,-0.555,-0.517,-0.591,2.85%
2020/5/4,-0.561,-0.589,-0.537,-0.593,-4.27%
2020/5/1,-0.586,-0.5855,-0.572,-0.586,-0.51%
2020/4/30,-0.589,-0.496,-0.492,-0.593,19.23%
2020/4/29,-0.494,-0.466,-0.461,-0.507,5.33%
2020/4/28,-0.469,-0.447,-0.421,-0.476,3.99%
2020/4/27,-0.451,-0.474,-0.432,-0.481,-4.85%
2020/4/24,-0.474,-0.465,-0.444,-0.478,12.32%
2020/4/23,-0.422,-0.419,-0.376,-0.442,3.69%
2020/4/22,-0.407,-0.481,-0.406,-0.486,-14.32%
2020/4/21,-0.475,-0.469,-0.454,-0.51,6.03%
2020/4/20,-0.448,-0.476,-0.438,-0.495,-5.08%
2020/4/17,-0.472,-0.45,-0.45,-0.488,0.21%
2020/4/16,-0.471,-0.445,-0.425,-0.486,1.95%
2020/4/15,-0.462,-0.377,-0.377,-0.477,22.55%
2020/4/14,-0.377,-0.322,-0.314,-0.402,7.87%
2020/4/13,-0.3495,-0.3495,-0.3495,-0.3495,1.30%
2020/4/9,-0.345,-0.315,-0.287,-0.36,11.65%
2020/4/8,-0.309,-0.36,-0.289,-0.372,-0.32%
2020/4/7,-0.31,-0.403,-0.304,-0.406,-26.89%
2020/4/6,-0.424,-0.412,-0.391,-0.433,-3.85%
2020/4/3,-0.441,-0.441,-0.425,-0.46,1.15%
2020/4/2,-0.436,-0.454,-0.406,-0.458,-5.83%
2020/4/1,-0.463,-0.51,-0.451,-0.529,-1.28%
2020/3/31,-0.469,-0.497,-0.453,-0.509,-5.44%
2020/3/30,-0.496,-0.476,-0.472,-0.552,4.42%
2020/3/27,-0.475,-0.394,-0.388,-0.502,31.94%
2020/3/26,-0.36,-0.288,-0.286,-0.384,36.36%
2020/3/25,-0.264,-0.335,-0.257,-0.348,-18.77%
2020/3/24,-0.325,-0.36,-0.314,-0.377,-13.79%
2020/3/23,-0.377,-0.335,-0.333,-0.403,15.64%
2020/3/20,-0.326,-0.254,-0.236,-0.341,69.79%
2020/3/19,-0.192,-0.365,-0.142,-0.384,-16.52%
2020/3/18,-0.23,-0.383,-0.2,-0.387,-46.76%
2020/3/17,-0.432,-0.431,-0.373,-0.475,-6.29%
2020/3/16,-0.461,-0.598,-0.449,-0.601,-15.88%
2020/3/13,-0.548,-0.673,-0.539,-0.683,-26.24%
2020/3/12,-0.743,-0.791,-0.709,-0.802,-0.40%
2020/3/11,-0.746,-0.792,-0.734,-0.818,-6.87%
2020/3/10,-0.801,-0.733,-0.703,-0.819,-6.21%
2020/3/9,-0.854,-0.795,-0.795,-0.909,19.86%
2020/3/7,-0.7125,-0.7125,-0.7125,-0.7125,-0.07%
2020/3/6,-0.713,-0.706,-0.699,-0.746,4.39%
2020/3/5,-0.683,-0.62,-0.61,-0.689,7.05%
2020/3/4,-0.638,-0.643,-0.609,-0.648,1.75%
2020/3/3,-0.627,-0.612,-0.569,-0.642,0.97%
2020/3/2,-0.621,-0.619,-0.578,-0.667,2.14%
2020/2/28,-0.608,-0.573,-0.569,-0.627,12.38%
2020/2/27,-0.541,-0.518,-0.504,-0.567,6.92%
2020/2/26,-0.506,-0.509,-0.472,-0.531,-0.78%
2020/2/25,-0.51,-0.468,-0.465,-0.52,6.25%
2020/2/24,-0.48,-0.466,-0.456,-0.5,12.15%
2020/2/21,-0.428,-0.452,-0.427,-0.465,-3.39%
2020/2/20,-0.443,-0.419,-0.41,-0.447,5.48%
2020/2/19,-0.42,-0.403,-0.391,-0.423,3.45%
2020/2/18,-0.406,-0.421,-0.391,-0.432,1.25%
2020/2/17,-0.401,-0.391,-0.378,-0.407,0.00%
2020/2/14,-0.401,-0.393,-0.379,-0.411,3.89%
2020/2/13,-0.386,-0.399,-0.375,-0.414,2.93%
2020/2/12,-0.375,-0.376,-0.355,-0.386,-4.34%
2020/2/11,-0.392,-0.397,-0.38,-0.408,-4.62%
2020/2/10,-0.411,-0.379,-0.377,-0.413,6.75%
2020/2/7,-0.385,-0.369,-0.368,-0.4,4.90%
2020/2/6,-0.367,-0.355,-0.339,-0.37,1.94%
2020/2/5,-0.36,-0.406,-0.355,-0.416,-9.32%
2020/2/4,-0.397,-0.427,-0.391,-0.434,-10.38%
2020/2/3,-0.443,-0.431,-0.43,-0.447,2.07%
2020/1/31,-0.434,-0.399,-0.397,-0.445,7.16%
2020/1/30,-0.405,-0.395,-0.391,-0.413,7.14%
2020/1/29,-0.378,-0.352,-0.35,-0.384,-0.26%
2020/1/28,-0.379,-0.377,-0.376,-0.404,-1.56%
2020/1/27,-0.385,-0.335,-0.333,-0.391,14.58%
2020/1/24,-0.336,-0.299,-0.28,-0.337,9.80%
2020/1/23,-0.306,-0.26,-0.258,-0.313,17.24%
2020/1/22,-0.261,-0.238,-0.238,-0.274,5.67%
2020/1/21,-0.247,-0.234,-0.208,-0.256,13.30%
2020/1/20,-0.218,-0.214,-0.205,-0.222,1.87%
2020/1/17,-0.214,-0.205,-0.201,-0.226,-0.93%
2020/1/16,-0.216,-0.2,-0.195,-0.225,9.09%
2020/1/15,-0.198,-0.171,-0.169,-0.223,-4.35%
2020/1/14,-0.207,-0.191,-0.188,-0.215,6.15%
2020/1/13,-0.195,-0.233,-0.19,-0.236,-17.02%
2020/1/10,-0.235,-0.224,-0.201,-0.239,7.80%
2020/1/9,-0.218,-0.233,-0.213,-0.246,-9.92%
2020/1/8,-0.242,-0.296,-0.239,-0.299,-14.49%
2020/1/7,-0.283,-0.28,-0.269,-0.297,-1.05%
2020/1/6,-0.286,-0.293,-0.279,-0.311,2.14%
2020/1/3,-0.28,-0.252,-0.248,-0.302,26.70%
2020/1/2,-0.221,-0.18,-0.157,-0.239,18.18%
2019/12/31,-0.187,-0.187,-0.187,-0.187,2.75%
2019/12/30,-0.182,-0.251,-0.172,-0.252,-27.78%
2019/12/27,-0.252,-0.259,-0.237,-0.259,2.86%
2019/12/26,-0.245,-0.246,-0.245,-0.246,0.00%
2019/12/25,-0.245,-0.246,-0.245,-0.246,0.20%
2019/12/24,-0.2445,-0.246,-0.2445,-0.246,2.30%
2019/12/23,-0.239,-0.256,-0.235,-0.272,-4.40%
2019/12/20,-0.25,-0.236,-0.218,-0.253,6.84%
2019/12/19,-0.234,-0.247,-0.208,-0.251,-5.65%
2019/12/18,-0.248,-0.292,-0.237,-0.306,-15.36%
2019/12/17,-0.293,-0.294,-0.276,-0.299,6.55%
2019/12/16,-0.275,-0.284,-0.266,-0.308,-5.17%
2019/12/13,-0.29,-0.221,-0.215,-0.297,7.81%
2019/12/12,-0.269,-0.325,-0.259,-0.342,-16.46%
2019/12/11,-0.322,-0.296,-0.293,-0.323,8.78%
2019/12/10,-0.296,-0.305,-0.283,-0.311,-3.58%
2019/12/9,-0.307,-0.289,-0.287,-0.322,6.97%
2019/12/6,-0.287,-0.293,-0.272,-0.312,-3.37%
2019/12/5,-0.297,-0.33,-0.276,-0.33,-5.11%
2019/12/4,-0.313,-0.345,-0.313,-0.365,-10.06%
2019/12/3,-0.348,-0.269,-0.26,-0.352,24.29%
2019/12/2,-0.28,-0.323,-0.269,-0.323,-22.22%
2019/11/29,-0.36,-0.363,-0.34,-0.374,0.00%
2019/11/28,-0.36,-0.37,-0.356,-0.386,-3.23%
2019/11/27,-0.372,-0.37,-0.355,-0.381,0.27%
2019/11/26,-0.371,-0.352,-0.339,-0.379,6.30%
2019/11/25,-0.349,-0.356,-0.343,-0.362,-2.79%
2019/11/22,-0.359,-0.321,-0.303,-0.365,10.12%
2019/11/21,-0.326,-0.355,-0.32,-0.361,-6.05%
2019/11/20,-0.347,-0.363,-0.346,-0.384,2.36%
2019/11/19,-0.339,-0.336,-0.323,-0.343,0.89%
2019/11/18,-0.336,-0.336,-0.314,-0.352,0.30%
2019/11/16,-0.335,-0.336,-0.335,-0.336,0.00%
2019/11/15,-0.335,-0.325,-0.325,-0.348,-4.29%
2019/11/14,-0.35,-0.303,-0.3,-0.353,17.45%
2019/11/13,-0.298,-0.257,-0.253,-0.308,18.25%
2019/11/12,-0.252,-0.236,-0.227,-0.256,3.28%
2019/11/11,-0.244,-0.268,-0.241,-0.274,-8.79%
2019/11/9,-0.2675,-0.2675,-0.2675,-0.2675,2.49%
2019/11/8,-0.261,-0.254,-0.218,-0.27,11.54%
2019/11/7,-0.234,-0.333,-0.232,-0.342,-29.94%
2019/11/6,-0.334,-0.31,-0.295,-0.335,8.09%
2019/11/5,-0.309,-0.339,-0.302,-0.345,-11.46%
2019/11/4,-0.349,-0.377,-0.345,-0.377,-8.40%
2019/11/1,-0.381,-0.407,-0.374,-0.417,-5.46%
2019/10/31,-0.403,-0.373,-0.373,-0.421,13.52%
2019/10/30,-0.355,-0.355,-0.337,-0.369,1.14%
2019/10/29,-0.351,-0.332,-0.327,-0.359,6.04%
2019/10/28,-0.331,-0.359,-0.32,-0.375,-9.07%
2019/10/25,-0.364,-0.397,-0.357,-0.403,-10.34%
2019/10/24,-0.406,-0.388,-0.36,-0.415,4.10%
2019/10/23,-0.39,-0.387,-0.384,-0.414,6.27%
2019/10/22,-0.367,-0.34,-0.336,-0.382,6.38%
2019/10/21,-0.345,-0.376,-0.334,-0.378,-9.21%
2019/10/18,-0.38,-0.406,-0.367,-0.408,-6.86%
2019/10/17,-0.408,-0.405,-0.333,-0.409,5.97%
2019/10/16,-0.385,-0.413,-0.377,-0.436,-7.67%
2019/10/15,-0.417,-0.458,-0.405,-0.473,-8.15%
2019/10/14,-0.454,-0.465,-0.452,-0.482,2.02%
2019/10/11,-0.445,-0.465,-0.427,-0.499,-5.12%
2019/10/10,-0.469,-0.548,-0.466,-0.554,-14.57%
2019/10/9,-0.549,-0.586,-0.544,-0.591,-7.58%
2019/10/8,-0.594,-0.556,-0.544,-0.599,3.30%
2019/10/7,-0.575,-0.585,-0.57,-0.602,-1.71%
2019/10/5,-0.585,-0.585,-0.585,-0.585,-0.34%
2019/10/4,-0.587,-0.584,-0.575,-0.604,0.00%
2019/10/3,-0.587,-0.552,-0.552,-0.604,7.31%
2019/10/2,-0.547,-0.543,-0.525,-0.557,-2.67%
2019/10/1,-0.562,-0.549,-0.509,-0.569,-1.75%
2019/9/30,-0.572,-0.58,-0.542,-0.583,-0.17%
2019/9/28,-0.573,-0.577,-0.573,-0.577,-0.35%
2019/9/27,-0.575,-0.581,-0.563,-0.597,-1.37%
2019/9/26,-0.583,-0.573,-0.564,-0.594,1.22%
2019/9/25,-0.576,-0.602,-0.569,-0.622,-4.00%
2019/9/24,-0.6,-0.571,-0.559,-0.608,2.92%
2019/9/23,-0.583,-0.525,-0.508,-0.597,11.69%
2019/9/20,-0.522,-0.505,-0.5,-0.526,2.96%
2019/9/19,-0.507,-0.501,-0.476,-0.512,-0.20%
2019/9/18,-0.508,-0.469,-0.469,-0.513,7.17%
2019/9/17,-0.474,-0.483,-0.462,-0.495,-1.25%
2019/9/16,-0.48,-0.463,-0.444,-0.492,7.87%
2019/9/13,-0.445,-0.502,-0.434,-0.514,-15.08%
2019/9/12,-0.524,-0.554,-0.508,-0.647,-6.60%
2019/9/11,-0.561,-0.542,-0.527,-0.574,2.37%
2019/9/10,-0.548,-0.573,-0.541,-0.587,-5.84%
2019/9/9,-0.582,-0.636,-0.565,-0.64,-8.78%
2019/9/7,-0.638,-0.638,-0.638,-0.638,0.16%
2019/9/6,-0.637,-0.585,-0.573,-0.64,7.06%
2019/9/5,-0.595,-0.657,-0.571,-0.67,-11.85%
2019/9/4,-0.675,-0.691,-0.635,-0.698,-3.98%
2019/9/3,-0.703,-0.699,-0.694,-0.743,0.14%
2019/9/2,-0.702,-0.703,-0.674,-0.705,-0.14%
2019/8/30,-0.703,-0.698,-0.677,-0.718,1.30%
2019/8/29,-0.694,-0.713,-0.677,-0.72,-2.25%
2019/8/28,-0.71,-0.697,-0.693,-0.728,2.31%
2019/8/27,-0.694,-0.668,-0.665,-0.698,4.68%
2019/8/26,-0.663,-0.704,-0.652,-0.704,-2.07%
2019/8/23,-0.677,-0.623,-0.603,-0.683,4.96%
2019/8/22,-0.645,-0.677,-0.614,-0.695,-3.87%
2019/8/21,-0.671,-0.68,-0.645,-0.686,-2.89%
2019/8/20,-0.691,-0.654,-0.649,-0.711,6.14%
2019/8/19,-0.651,-0.673,-0.624,-0.691,-4.82%
2019/8/16,-0.684,-0.708,-0.645,-0.727,-3.80%
2019/8/15,-0.711,-0.661,-0.641,-0.714,9.55%
2019/8/14,-0.649,-0.608,-0.608,-0.657,6.74%
2019/8/13,-0.608,-0.604,-0.587,-0.619,2.53%
2019/8/12,-0.593,-0.572,-0.571,-0.597,3.13%
2019/8/9,-0.575,-0.595,-0.565,-0.598,3.05%
2019/8/8,-0.558,-0.576,-0.523,-0.581,-4.12%
2019/8/7,-0.582,-0.549,-0.537,-0.61,8.38%
2019/8/6,-0.537,-0.511,-0.509,-0.544,4.07%
2019/8/5,-0.516,-0.522,-0.504,-0.537,4.24%
2019/8/2,-0.495,-0.478,-0.471,-0.502,10.24%
2019/8/1,-0.449,-0.433,-0.412,-0.466,1.58%
2019/7/31,-0.442,-0.402,-0.397,-0.442,11.34%
2019/7/30,-0.397,-0.395,-0.388,-0.406,2.06%
2019/7/29,-0.389,-0.385,-0.377,-0.401,3.18%
2019/7/27,-0.377,-0.377,-0.377,-0.377,0.00%
2019/7/26,-0.377,-0.368,-0.358,-0.382,4.43%
2019/7/25,-0.361,-0.379,-0.33,-0.422,-4.50%
2019/7/24,-0.378,-0.35,-0.343,-0.39,7.08%
2019/7/23,-0.353,-0.335,-0.332,-0.359,2.62%
2019/7/22,-0.344,-0.319,-0.314,-0.347,6.17%
2019/7/20,-0.324,-0.324,-0.324,-0.324,0.62%
2019/7/19,-0.322,-0.31,-0.31,-0.332,3.87%
2019/7/18,-0.31,-0.307,-0.295,-0.327,8.01%
2019/7/17,-0.287,-0.273,-0.263,-0.297,-0.69%
2019/7/16,-0.289,-0.3,-0.282,-0.316,-1.70%
2019/7/15,-0.294,-0.245,-0.243,-0.299,16.67%
2019/7/13,-0.252,-0.252,-0.252,-0.252,1.61%
2019/7/12,-0.248,-0.249,-0.224,-0.266,-6.06%
2019/7/11,-0.264,-0.317,-0.253,-0.321,-13.73%
2019/7/10,-0.306,-0.335,-0.279,-0.354,-13.56%
2019/7/9,-0.354,-0.37,-0.345,-0.374,-3.28%
2019/7/8,-0.366,-0.384,-0.363,-0.387,1.39%
2019/7/5,-0.361,-0.401,-0.34,-0.403,-9.52%
2019/7/4,-0.399,-0.385,-0.38,-0.409,3.64%
2019/7/3,-0.385,-0.386,-0.375,-0.399,4.62%
2019/7/2,-0.368,-0.361,-0.341,-0.37,4.25%
2019/7/1,-0.353,-0.311,-0.304,-0.363,7.62%
2019/6/28,-0.328,-0.323,-0.305,-0.331,2.50%
2019/6/27,-0.32,-0.293,-0.27,-0.321,5.61%
2019/6/26,-0.303,-0.319,-0.299,-0.331,-8.46%
2019/6/25,-0.331,-0.312,-0.304,-0.336,8.17%
2019/6/24,-0.306,-0.287,-0.285,-0.314,7.75%
2019/6/21,-0.284,-0.311,-0.273,-0.322,-10.13%
2019/6/20,-0.316,-0.313,-0.3,-0.323,9.34%
2019/6/19,-0.289,-0.313,-0.28,-0.32,-8.83%
2019/6/18,-0.317,-0.249,-0.244,-0.329,29.39%
2019/6/17,-0.245,-0.25,-0.233,-0.256,-4.30%
2019/6/14,-0.256,-0.25,-0.241,-0.271,5.79%
2019/6/13,-0.242,-0.24,-0.232,-0.252,2.11%
2019/6/12,-0.237,-0.237,-0.228,-0.248,1.72%
2019/6/11,-0.233,-0.215,-0.214,-0.236,6.39%
2019/6/10,-0.219,-0.247,-0.211,-0.248,-14.79%
2019/6/7,-0.257,-0.23,-0.225,-0.262,7.08%
2019/6/6,-0.24,-0.226,-0.189,-0.24,5.73%
2019/6/5,-0.227,-0.206,-0.201,-0.23,9.13%
2019/6/4,-0.208,-0.201,-0.2,-0.219,3.48%
2019/6/3,-0.201,-0.206,-0.192,-0.219,-0.99%
2019/5/31,-0.203,-0.191,-0.188,-0.213,16.00%
2019/5/30,-0.175,-0.161,-0.148,-0.179,-0.57%
2019/5/29,-0.176,-0.161,-0.157,-0.179,10.00%
2019/5/28,-0.16,-0.14,-0.135,-0.164,12.68%
2019/5/27,-0.142,-0.114,-0.11,-0.147,22.41%
2019/5/25,-0.116,-0.111,-0.111,-0.117,0.00%
2019/5/24,-0.116,-0.113,-0.104,-0.122,-3.33%
2019/5/23,-0.12,-0.097,-0.086,-0.121,44.58%
2019/5/22,-0.083,-0.065,-0.058,-0.089,43.10%
2019/5/21,-0.058,-0.082,-0.051,-0.093,-34.09%
2019/5/20,-0.088,-0.097,-0.072,-0.106,-14.56%
2019/5/17,-0.103,-0.111,-0.089,-0.129,11.96%
2019/5/16,-0.092,-0.108,-0.083,-0.12,-7.07%
2019/5/15,-0.099,-0.074,-0.069,-0.132,41.43%
2019/5/14,-0.07,-0.059,-0.052,-0.083,-2.78%
2019/5/13,-0.072,-0.049,-0.034,-0.075,46.94%
2019/5/11,-0.049,-0.049,-0.049,-0.049,11.36%
2019/5/10,-0.044,-0.051,-0.024,-0.054,-8.33%
2019/5/9,-0.048,-0.046,-0.039,-0.069,4.35%
2019/5/8,-0.046,-0.029,-0.023,-0.063,15.00%
2019/5/7,-0.04,0.004,0.025,-0.04,-766.67%
2019/5/6,0.006,-0.003,0.02,-0.008,-66.67%
2019/5/4,0.018,0.018,0.018,0.018,-25.00%
2019/5/3,0.024,0.028,0.05,0.009,-17.24%
2019/5/2,0.029,0.03,0.042,0.004,123.08%
2019/5/1,0.013,0.013,0.013,0.013,0.00%
2019/4/30,0.013,-0.005,0.051,-0.01,225.00%
2019/4/29,0.004,-0.012,0.017,-0.015,-119.05%
2019/4/26,-0.021,-0.012,-0.003,-0.027,133.33%
2019/4/25,-0.009,-0.011,0,-0.019,-30.77%
2019/4/24,-0.013,0.023,0.036,-0.018,-132.50%
2019/4/23,0.04,0.033,0.058,0.028,66.67%
2019/4/22,0.024,0.024,0.024,0.024,4.35%
2019/4/19,0.023,0.024,0.024,0.023,0.00%
2019/4/18,0.023,0.076,0.085,0.017,-71.60%
2019/4/17,0.081,0.086,0.102,0.072,24.62%
2019/4/16,0.065,0.06,0.073,0.037,14.04%
2019/4/15,0.057,0.058,0.08,0.048,0.00%
2019/4/12,0.057,-0.01,0.061,-0.024,-812.50%
2019/4/11,-0.008,-0.026,-0.004,-0.032,-69.23%
2019/4/10,-0.026,-0.01,0.002,-0.039,188.89%
2019/4/9,-0.009,0.009,0.021,-0.015,-250.00%
2019/4/8,0.006,-0.002,0.012,-0.007,0.00%
2019/4/5,0.006,0.016,0.024,-0.007,-200.00%
2019/4/4,-0.006,0.006,0.007,-0.016,-175.00%
2019/4/3,0.008,-0.023,0.013,-0.024,-116.33%
2019/4/2,-0.049,-0.037,-0.024,-0.055,81.48%
2019/4/1,-0.027,-0.049,-0.018,-0.053,-60.29%
2019/3/30,-0.068,-0.068,-0.068,-0.068,-4.23%
2019/3/29,-0.071,-0.061,-0.045,-0.075,0.00%
2019/3/28,-0.071,-0.087,-0.059,-0.092,-12.35%
2019/3/27,-0.081,-0.031,-0.029,-0.094,440.00%
2019/3/26,-0.015,-0.014,-0.004,-0.032,-46.43%
2019/3/25,-0.028,-0.02,0.004,-0.032,133.33%
2019/3/22,-0.012,0.049,0.054,-0.033,-128.57%
2019/3/21,0.042,0.069,0.072,0.034,-49.40%
2019/3/20,0.083,0.102,0.111,0.076,-17.82%
2019/3/19,0.101,0.082,0.124,0.074,18.82%
2019/3/18,0.085,0.086,0.102,0.072,1.19%
2019/3/16,0.084,0.084,0.084,0.084,1.20%
2019/3/15,0.083,0.077,0.104,0.066,-2.35%
2019/3/14,0.085,0.078,0.096,0.066,34.92%
2019/3/13,0.063,0.055,0.076,0.054,16.67%
2019/3/12,0.054,0.08,0.107,0.052,-19.40%
2019/3/11,0.067,0.065,0.078,0.055,-5.63%
2019/3/9,0.071,0.071,0.071,0.071,0.00%
2019/3/8,0.071,0.06,0.079,0.048,7.58%
2019/3/7,0.066,0.123,0.139,0.061,-48.44%
2019/3/6,0.128,0.17,0.17,0.123,-23.35%
2019/3/5,0.167,0.166,0.187,0.158,1.83%
2019/3/4,0.164,0.193,0.195,0.154,-13.23%
2019/3/2,0.189,0.189,0.189,0.189,2.72%
2019/3/1,0.184,0.189,0.208,0.179,1.10%
2019/2/28,0.182,0.146,0.195,0.138,22.97%
2019/2/27,0.148,0.11,0.168,0.103,24.37%
2019/2/26,0.119,0.104,0.127,0.091,9.17%
2019/2/25,0.109,0.1,0.123,0.1,15.96%
2019/2/22,0.094,0.125,0.127,0.092,-27.13%
2019/2/21,0.129,0.105,0.146,0.098,30.30%
2019/2/20,0.099,0.104,0.112,0.089,-5.71%
2019/2/19,0.105,0.107,0.119,0.084,-6.25%
2019/2/18,0.112,0.104,0.118,0.097,13.13%
2019/2/16,0.099,0.099,0.099,0.099,-4.81%
2019/2/15,0.104,0.101,0.117,0.092,-0.95%
2019/2/14,0.105,0.133,0.133,0.086,-14.63%
2019/2/13,0.123,0.14,0.145,0.119,-6.82%
2019/2/12,0.132,0.128,0.146,0.118,10.92%
2019/2/11,0.119,0.094,0.122,0.09,35.23%
2019/2/8,0.088,0.103,0.118,0.077,-24.14%
2019/2/7,0.116,0.158,0.166,0.105,-28.40%
2019/2/6,0.162,0.166,0.175,0.154,-4.71%
2019/2/5,0.17,0.174,0.206,0.164,-3.41%
2019/2/4,0.176,0.168,0.185,0.16,6.02%
2019/2/1,0.166,0.151,0.17,0.147,11.41%
2019/1/31,0.149,0.172,0.183,0.148,-21.16%
2019/1/30,0.189,0.196,0.206,0.185,-5.03%
2019/1/29,0.199,0.21,0.215,0.196,-2.93%
2019/1/28,0.205,0.186,0.225,0.186,7.89%
2019/1/26,0.19,0.19,0.19,0.19,-1.04%
2019/1/25,0.192,0.186,0.205,0.177,6.67%
2019/1/24,0.18,0.225,0.229,0.178,-19.64%
2019/1/23,0.224,0.235,0.249,0.218,-4.68%
2019/1/22,0.235,0.248,0.261,0.225,-7.48%
2019/1/21,0.254,0.255,0.264,0.247,-3.42%
2019/1/18,0.263,0.246,0.276,0.24,8.23%
2019/1/17,0.243,0.218,0.246,0.205,8.48%
2019/1/16,0.224,0.208,0.239,0.207,7.69%
2019/1/15,0.208,0.239,0.241,0.199,-10.73%
2019/1/14,0.233,0.239,0.239,0.204,27.32%
2019/1/11,0.183,0.193,0.199,0.167,-7.11%
2019/1/10,0.197,0.201,0.213,0.185,-10.05%
2019/1/9,0.219,0.225,0.247,0.204,-3.10%
2019/1/8,0.226,0.221,0.247,0.218,2.26%
2019/1/7,0.221,0.215,0.224,0.19,7.28%
2019/1/4,0.206,0.163,0.221,0.159,35.53%
2019/1/3,0.152,0.152,0.189,0.146,-7.88%
2019/1/2,0.165,0.227,0.231,0.148,-31.82%
2019/1/1,0.242,0.242,0.242,0.242,-1.63%
2018/12/31,0.246,0.243,0.246,0.243,5.13%
2018/12/28,0.234,0.236,0.25,0.221,4.00%
2018/12/27,0.225,0.251,0.251,0.218,-10.00%
2018/12/26,0.25,0.25,0.25,0.25,0.81%
2018/12/25,0.248,0.25,0.25,0.248,-0.40%
2018/12/24,0.249,0.249,0.249,0.249,-0.40%
2018/12/21,0.25,0.253,0.255,0.236,7.76%
2018/12/20,0.232,0.224,0.244,0.203,-3.73%
2018/12/19,0.241,0.242,0.254,0.233,-0.82%
2018/12/18,0.243,0.246,0.254,0.229,-5.45%
2018/12/17,0.257,0.264,0.271,0.247,0.39%
2018/12/14,0.256,0.268,0.272,0.246,-10.18%
2018/12/13,0.285,0.279,0.298,0.255,2.89%
2018/12/12,0.277,0.242,0.28,0.229,18.88%
2018/12/11,0.233,0.255,0.277,0.224,-5.28%
2018/12/10,0.246,0.235,0.267,0.232,-1.99%
2018/12/7,0.251,0.248,0.27,0.235,6.36%
2018/12/6,0.236,0.252,0.271,0.224,-14.49%
2018/12/5,0.276,0.253,0.278,0.242,5.34%
2018/12/4,0.262,0.279,0.301,0.261,-14.10%
2018/12/3,0.305,0.338,0.347,0.304,-5.28%
2018/12/1,0.322,0.322,0.322,0.322,2.22%
2018/11/30,0.315,0.323,0.329,0.305,-1.87%
2018/11/29,0.321,0.345,0.345,0.316,-7.76%
2018/11/28,0.348,0.346,0.358,0.332,-0.85%
2018/11/27,0.351,0.347,0.359,0.33,-3.04%
2018/11/26,0.362,0.35,0.371,0.345,6.47%
2018/11/23,0.34,0.366,0.38,0.331,-8.11%
2018/11/22,0.37,0.37,0.378,0.353,-1.86%
2018/11/21,0.377,0.362,0.381,0.359,7.71%
2018/11/20,0.35,0.371,0.377,0.341,-5.91%
2018/11/19,0.372,0.37,0.398,0.368,1.36%
2018/11/16,0.367,0.369,0.376,0.36,1.94%
2018/11/15,0.36,0.402,0.407,0.348,-9.77%
2018/11/14,0.399,0.391,0.415,0.383,-2.68%
2018/11/13,0.41,0.398,0.412,0.382,2.50%
2018/11/12,0.4,0.414,0.416,0.378,-1.96%
2018/11/11,0.408,0.408,0.408,0.408,0.25%
2018/11/9,0.407,0.446,0.447,0.406,-11.33%
2018/11/8,0.459,0.459,0.469,0.445,2.68%
2018/11/7,0.447,0.426,0.459,0.417,3.47%
2018/11/6,0.432,0.428,0.437,0.405,1.65%
2018/11/5,0.425,0.435,0.438,0.412,-0.23%
2018/11/2,0.426,0.399,0.44,0.399,6.50%
2018/11/1,0.4,0.387,0.422,0.385,3.63%
2018/10/31,0.386,0.392,0.403,0.377,4.61%
2018/10/30,0.369,0.38,0.407,0.366,-3.15%
2018/10/29,0.381,0.357,0.399,0.347,6.72%
2018/10/26,0.357,0.38,0.388,0.339,-10.53%
2018/10/25,0.399,0.382,0.415,0.378,1.01%
2018/10/24,0.395,0.42,0.423,0.385,-3.66%
2018/10/23,0.41,0.431,0.442,0.402,-8.69%
2018/10/22,0.449,0.463,0.482,0.437,1.13%
2018/10/20,0.444,0.444,0.444,0.444,-3.27%
2018/10/19,0.459,0.417,0.465,0.389,10.87%
2018/10/18,0.414,0.476,0.484,0.412,-10.58%
2018/10/17,0.463,0.487,0.489,0.45,-5.70%
2018/10/16,0.491,0.506,0.518,0.482,-1.60%
2018/10/15,0.499,0.491,0.51,0.478,0.20%
2018/10/12,0.498,0.529,0.545,0.494,-4.41%
2018/10/11,0.521,0.502,0.534,0.491,-6.13%
2018/10/10,0.555,0.534,0.581,0.53,0.73%
2018/10/9,0.551,0.548,0.571,0.531,4.55%
2018/10/8,0.527,0.57,0.576,0.521,-8.67%
2018/10/5,0.577,0.535,0.578,0.53,8.87%
2018/10/4,0.53,0.551,0.551,0.504,11.34%
2018/10/3,0.476,0.457,0.483,0.433,12.53%
2018/10/2,0.423,0.472,0.472,0.409,-10.95%
2018/10/1,0.475,0.475,0.508,0.468,0.64%
2018/9/28,0.472,0.491,0.505,0.447,-10.44%
2018/9/27,0.527,0.492,0.533,0.478,0.57%
2018/9/26,0.524,0.539,0.542,0.523,-3.32%
2018/9/25,0.542,0.518,0.55,0.518,6.48%
2018/9/24,0.509,0.46,0.514,0.451,10.41%
2018/9/21,0.461,0.477,0.485,0.454,-2.33%
2018/9/20,0.472,0.48,0.506,0.472,-3.48%
2018/9/19,0.489,0.485,0.502,0.47,1.45%
2018/9/18,0.482,0.455,0.485,0.442,5.24%
2018/9/17,0.458,0.442,0.473,0.44,10.63%
2018/9/16,0.414,0.415,0.416,0.409,-6.97%
2018/9/14,0.445,0.424,0.46,0.421,4.95%
2018/9/13,0.424,0.409,0.443,0.402,3.67%
2018/9/12,0.409,0.43,0.432,0.398,-4.88%
2018/9/11,0.43,0.41,0.441,0.406,6.70%
2018/9/10,0.403,0.387,0.417,0.375,3.07%
2018/9/7,0.391,0.358,0.396,0.351,9.83%
2018/9/6,0.356,0.388,0.391,0.349,-6.81%
2018/9/5,0.382,0.356,0.401,0.345,6.11%
2018/9/4,0.36,0.339,0.363,0.333,6.82%
2018/9/3,0.337,0.341,0.347,0.314,1.81%
2018/8/31,0.331,0.357,0.364,0.328,-4.34%
2018/8/30,0.346,0.405,0.412,0.345,-14.78%
2018/8/29,0.406,0.382,0.414,0.373,6.56%
2018/8/28,0.381,0.373,0.397,0.359,0.79%
2018/8/27,0.378,0.338,0.382,0.324,8.00%
2018/8/25,0.35,0.35,0.35,0.35,1.74%
2018/8/24,0.344,0.347,0.364,0.338,0.88%
2018/8/23,0.341,0.339,0.356,0.337,-1.16%
2018/8/22,0.345,0.324,0.357,0.319,2.99%
2018/8/21,0.335,0.31,0.335,0.3,9.48%
2018/8/20,0.306,0.302,0.32,0.298,-1.92%
2018/8/18,0.312,0.312,0.312,0.312,1.96%
2018/8/17,0.306,0.312,0.318,0.287,-4.37%
2018/8/16,0.32,0.313,0.322,0.301,4.92%
2018/8/15,0.305,0.324,0.339,0.29,-7.01%
2018/8/14,0.328,0.323,0.339,0.316,4.79%
2018/8/13,0.313,0.318,0.331,0.301,-2.49%
2018/8/10,0.321,0.36,0.36,0.316,-14.85%
2018/8/9,0.377,0.398,0.401,0.372,-5.51%
2018/8/8,0.399,0.409,0.419,0.396,-2.68%
2018/8/7,0.41,0.4,0.417,0.387,4.59%
2018/8/6,0.392,0.414,0.427,0.386,-3.92%
2018/8/4,0.408,0.408,0.408,0.408,-0.49%
2018/8/3,0.41,0.452,0.46,0.406,-11.06%
2018/8/2,0.461,0.475,0.482,0.446,-3.56%
2018/8/1,0.478,0.455,0.495,0.455,7.42%
2018/7/31,0.445,0.417,0.456,0.409,-0.45%
2018/7/30,0.447,0.406,0.461,0.393,11.75%
2018/7/28,0.4,0.4,0.4,0.4,-1.23%
2018/7/27,0.405,0.413,0.418,0.397,-0.49%
2018/7/26,0.407,0.42,0.424,0.389,2.78%
2018/7/25,0.396,0.388,0.398,0.38,-0.50%
2018/7/24,0.398,0.405,0.424,0.389,-2.45%
2018/7/23,0.408,0.381,0.41,0.371,9.38%
2018/7/20,0.373,0.332,0.377,0.313,12.35%
2018/7/19,0.332,0.355,0.361,0.329,-3.21%
2018/7/18,0.343,0.354,0.355,0.324,-0.87%
2018/7/17,0.346,0.364,0.37,0.344,13.82%
2018/7/16,0.304,0.282,0.316,0.28,7.04%
2018/7/13,0.284,0.301,0.302,0.263,-4.05%
2018/7/12,0.296,0.315,0.317,0.289,-4.82%
2018/7/11,0.311,0.303,0.319,0.292,-2.51%
2018/7/10,0.319,0.312,0.33,0.306,5.63%
2018/7/9,0.302,0.297,0.324,0.295,2.03%
2018/7/6,0.296,0.311,0.315,0.281,-0.34%
2018/7/5,0.297,0.321,0.343,0.292,-2.94%
2018/7/4,0.306,0.3,0.313,0.286,4.44%
2018/7/3,0.293,0.316,0.331,0.289,-3.93%
2018/7/2,0.305,0.302,0.315,0.284,0.66%
2018/6/29,0.303,0.339,0.354,0.3,-5.02%
2018/6/28,0.319,0.316,0.332,0.299,-1.54%
2018/6/27,0.324,0.336,0.341,0.305,-5.26%
2018/6/26,0.342,0.334,0.359,0.317,4.59%
2018/6/25,0.327,0.319,0.343,0.304,-2.68%
2018/6/23,0.336,0.336,0.336,0.336,0.00%
2018/6/22,0.336,0.331,0.356,0.326,0.60%
2018/6/21,0.334,0.388,0.388,0.317,-11.41%
2018/6/20,0.377,0.384,0.388,0.362,1.07%
2018/6/19,0.373,0.389,0.389,0.35,-6.75%
2018/6/18,0.4,0.396,0.409,0.381,-0.50%
2018/6/16,0.402,0.402,0.402,0.402,-0.25%
2018/6/15,0.403,0.425,0.428,0.376,-6.50%
2018/6/14,0.431,0.481,0.513,0.423,-10.95%
2018/6/13,0.484,0.493,0.497,0.462,-1.22%
2018/6/12,0.49,0.495,0.519,0.486,-0.81%
2018/6/11,0.494,0.475,0.508,0.461,10.76%
2018/6/8,0.446,0.451,0.462,0.397,-6.69%
2018/6/7,0.478,0.483,0.517,0.478,3.02%
2018/6/6,0.464,0.401,0.468,0.386,19.90%
2018/6/5,0.387,0.418,0.418,0.361,-7.86%
2018/6/4,0.42,0.391,0.424,0.382,9.09%
2018/6/1,0.385,0.366,0.41,0.353,13.24%
2018/5/31,0.34,0.357,0.412,0.322,-8.11%
2018/5/30,0.37,0.29,0.373,0.282,43.97%
2018/5/29,0.257,0.343,0.343,0.192,-25.51%
2018/5/28,0.345,0.44,0.461,0.339,-15.02%
2018/5/25,0.406,0.474,0.479,0.386,-13.62%
2018/5/24,0.47,0.51,0.533,0.461,-7.11%
2018/5/23,0.506,0.547,0.551,0.496,-9.64%
2018/5/22,0.56,0.523,0.573,0.523,7.49%
2018/5/21,0.521,0.581,0.581,0.518,-8.60%
2018/5/20,0.57,0.57,0.57,0.57,-1.04%
2018/5/18,0.576,0.637,0.639,0.573,-9.58%
2018/5/17,0.637,0.636,0.647,0.598,5.12%
2018/5/16,0.606,0.635,0.639,0.589,-6.34%
2018/5/15,0.647,0.617,0.65,0.613,5.72%
2018/5/14,0.612,0.557,0.619,0.551,9.48%
2018/5/11,0.559,0.556,0.569,0.541,0.18%
2018/5/10,0.558,0.557,0.565,0.533,-0.36%
2018/5/9,0.56,0.567,0.586,0.558,-0.18%
2018/5/8,0.561,0.532,0.565,0.528,5.85%
2018/5/7,0.53,0.544,0.544,0.518,-2.75%
2018/5/4,0.545,0.538,0.547,0.522,2.06%
2018/5/3,0.534,0.578,0.592,0.525,-8.25%
2018/5/2,0.582,0.571,0.59,0.568,3.56%
2018/4/30,0.562,0.578,0.593,0.557,-1.40%
2018/4/27,0.57,0.592,0.592,0.564,-4.20%
2018/4/26,0.595,0.633,0.636,0.585,-6.00%
2018/4/25,0.633,0.628,0.655,0.625,0.64%
2018/4/24,0.629,0.626,0.655,0.61,-0.94%
2018/4/23,0.635,0.613,0.639,0.61,7.63%
2018/4/20,0.59,0.588,0.613,0.58,-1.34%
2018/4/19,0.598,0.538,0.604,0.538,12.41%
2018/4/18,0.532,0.513,0.535,0.496,4.93%
2018/4/17,0.507,0.527,0.539,0.506,-3.24%
2018/4/16,0.524,0.516,0.551,0.515,2.34%
2018/4/14,0.512,0.511,0.512,0.511,0.20%
2018/4/13,0.511,0.512,0.537,0.506,-0.78%
2018/4/12,0.515,0.502,0.518,0.493,2.79%
2018/4/11,0.501,0.515,0.516,0.483,-2.91%
2018/4/10,0.516,0.507,0.529,0.488,2.18%
2018/4/9,0.505,0.5,0.512,0.494,1.00%
2018/4/6,0.5,0.516,0.52,0.492,-4.94%
2018/4/5,0.526,0.51,0.538,0.508,4.78%
2018/4/4,0.502,0.509,0.511,0.479,0.00%
2018/4/3,0.502,0.48,0.521,0.479,1.62%
2018/3/30,0.494,0.497,0.497,0.494,0.20%
2018/3/29,0.493,0.505,0.513,0.49,-1.99%
2018/3/28,0.503,0.496,0.506,0.473,0.20%
2018/3/27,0.502,0.532,0.539,0.5,-3.83%
2018/3/26,0.522,0.531,0.548,0.52,-1.14%
2018/3/24,0.528,0.525,0.528,0.525,0.57%
2018/3/23,0.525,0.525,0.55,0.517,-0.76%
2018/3/22,0.529,0.579,0.582,0.516,-10.64%
2018/3/21,0.592,0.587,0.604,0.58,1.37%
2018/3/20,0.584,0.577,0.592,0.574,2.64%
2018/3/19,0.569,0.571,0.607,0.563,-0.35%
2018/3/16,0.571,0.567,0.585,0.559,-0.52%
2018/3/15,0.574,0.594,0.597,0.566,-3.04%
2018/3/14,0.592,0.61,0.63,0.583,-4.52%
2018/3/13,0.62,0.629,0.64,0.608,-2.36%
2018/3/12,0.635,0.655,0.657,0.623,-1.40%
2018/3/9,0.644,0.637,0.66,0.631,2.22%
2018/3/8,0.63,0.667,0.703,0.626,-3.67%
2018/3/7,0.654,0.661,0.676,0.647,-3.25%
2018/3/6,0.676,0.662,0.702,0.64,4.64%
2018/3/5,0.646,0.618,0.646,0.596,-0.15%
2018/3/2,0.647,0.63,0.653,0.606,0.78%
2018/3/1,0.642,0.655,0.658,0.621,-1.83%
2018/2/28,0.654,0.677,0.689,0.654,-3.40%
2018/2/27,0.677,0.663,0.685,0.653,3.68%
2018/2/26,0.653,0.644,0.671,0.639,-0.15%
2018/2/23,0.654,0.707,0.707,0.651,-7.63%
2018/2/22,0.708,0.749,0.75,0.698,-2.07%
2018/2/21,0.723,0.729,0.729,0.697,-1.90%
2018/2/20,0.737,0.747,0.764,0.716,0.41%
2018/2/19,0.734,0.721,0.743,0.716,3.82%
2018/2/18,0.707,0.707,0.707,0.707,0.00%
2018/2/16,0.707,0.774,0.779,0.699,-7.58%
2018/2/15,0.765,0.772,0.796,0.751,0.66%
2018/2/14,0.76,0.738,0.774,0.724,1.33%
2018/2/13,0.75,0.751,0.757,0.718,-1.06%
2018/2/12,0.758,0.751,0.786,0.738,1.47%
2018/2/9,0.747,0.753,0.776,0.723,-1.97%
2018/2/8,0.762,0.758,0.808,0.738,2.42%
2018/2/7,0.744,0.707,0.748,0.686,7.20%
2018/2/6,0.694,0.704,0.717,0.664,-5.58%
2018/2/5,0.735,0.771,0.774,0.72,-4.30%
2018/2/2,0.768,0.736,0.771,0.724,6.52%
2018/2/1,0.721,0.706,0.738,0.693,3.44%
2018/1/31,0.697,0.682,0.699,0.656,1.75%
2018/1/30,0.685,0.698,0.7,0.668,-0.87%
2018/1/29,0.691,0.654,0.707,0.639,9.34%
2018/1/27,0.632,0.627,0.632,0.627,0.96%
2018/1/26,0.626,0.608,0.634,0.593,2.79%
2018/1/25,0.609,0.574,0.64,0.57,4.10%
2018/1/24,0.585,0.565,0.596,0.565,4.46%
2018/1/23,0.56,0.569,0.569,0.539,-1.23%
2018/1/22,0.567,0.577,0.591,0.561,-0.18%
2018/1/19,0.568,0.588,0.596,0.559,-0.53%
2018/1/18,0.571,0.575,0.595,0.567,1.60%
2018/1/17,0.562,0.559,0.565,0.547,0.54%
2018/1/16,0.559,0.585,0.586,0.545,-4.77%
2018/1/15,0.587,0.58,0.594,0.563,13.98%
2018/1/12,0.515,0.526,0.543,0.507,-0.58%
2018/1/11,0.518,0.46,0.533,0.447,9.51%
2018/1/10,0.473,0.473,0.486,0.459,1.50%
2018/1/9,0.466,0.44,0.466,0.414,7.37%
2018/1/8,0.434,0.437,0.457,0.409,-1.36%
2018/1/5,0.44,0.436,0.447,0.423,1.62%
2018/1/4,0.433,0.453,0.463,0.432,-1.37%
2018/1/3,0.439,0.464,0.47,0.426,-5.39%
2018/1/2,0.464,0.432,0.467,0.424,8.92%
2018/1/1,0.426,0.424,0.427,0.424,-0.23%
2017/12/29,0.427,0.426,0.442,0.416,0.95%
2017/12/28,0.423,0.39,0.426,0.379,11.32%
2017/12/27,0.38,0.421,0.424,0.377,-9.95%
2017/12/26,0.422,0.421,0.422,0.421,0.00%
2017/12/25,0.422,0.421,0.422,0.418,0.00%
2017/12/22,0.422,0.412,0.427,0.408,1.20%
2017/12/21,0.417,0.418,0.432,0.403,3.22%
2017/12/20,0.404,0.386,0.426,0.359,6.32%
2017/12/19,0.38,0.311,0.384,0.299,23.38%
2017/12/18,0.308,0.303,0.315,0.294,2.33%
2017/12/16,0.301,0.301,0.301,0.301,-0.33%
2017/12/15,0.302,0.306,0.31,0.287,-2.89%
2017/12/14,0.311,0.314,0.339,0.303,-0.96%
2017/12/13,0.314,0.317,0.34,0.301,-1.26%
2017/12/12,0.318,0.294,0.32,0.289,8.53%
2017/12/11,0.293,0.306,0.312,0.276,-5.18%
2017/12/8,0.309,0.312,0.327,0.295,4.75%
2017/12/7,0.295,0.309,0.32,0.289,-0.34%
2017/12/6,0.296,0.309,0.319,0.288,-6.62%
2017/12/5,0.317,0.34,0.352,0.317,-7.85%
2017/12/4,0.344,0.338,0.347,0.326,12.05%
2017/12/1,0.307,0.379,0.381,0.286,-16.35%
2017/11/30,0.367,0.384,0.415,0.362,-5.17%
2017/11/29,0.387,0.35,0.397,0.345,13.82%
2017/11/28,0.34,0.34,0.349,0.329,-0.87%
2017/11/27,0.343,0.366,0.37,0.335,-5.25%
2017/11/25,0.362,0.361,0.362,0.361,0.28%
2017/11/24,0.361,0.357,0.381,0.351,4.03%
2017/11/23,0.347,0.351,0.365,0.346,-0.86%
2017/11/22,0.35,0.34,0.383,0.336,-0.57%
2017/11/21,0.352,0.366,0.368,0.335,-2.76%
2017/11/20,0.362,0.353,0.372,0.346,0.00%
2017/11/17,0.362,0.375,0.391,0.359,-3.47%
2017/11/16,0.375,0.375,0.398,0.366,-0.27%
2017/11/15,0.376,0.383,0.389,0.349,-5.53%
2017/11/14,0.398,0.417,0.431,0.392,-4.78%
2017/11/13,0.418,0.405,0.421,0.384,1.95%
2017/11/10,0.41,0.399,0.414,0.385,9.63%
2017/11/9,0.374,0.333,0.391,0.325,13.68%
2017/11/8,0.329,0.333,0.338,0.308,-0.30%
2017/11/7,0.33,0.348,0.357,0.326,-2.08%
2017/11/6,0.337,0.36,0.365,0.331,-7.42%
2017/11/3,0.364,0.37,0.375,0.353,-1.89%
2017/11/2,0.371,0.378,0.4,0.367,0.27%
2017/11/1,0.37,0.372,0.39,0.361,1.65%
2017/10/31,0.364,0.363,0.386,0.359,-1.09%
2017/10/30,0.368,0.386,0.399,0.363,-5.88%
2017/10/29,0.391,0.391,0.391,0.391,1.82%
2017/10/27,0.384,0.43,0.44,0.382,-7.91%
2017/10/26,0.417,0.475,0.489,0.415,-13.31%
2017/10/25,0.481,0.479,0.502,0.461,0.63%
2017/10/24,0.478,0.435,0.485,0.432,10.14%
2017/10/23,0.434,0.446,0.449,0.427,-3.34%
2017/10/22,0.449,0.449,0.449,0.449,0.00%
2017/10/21,0.449,0.45,0.45,0.449,-1.32%
2017/10/20,0.455,0.401,0.461,0.401,14.90%
2017/10/19,0.396,0.402,0.411,0.372,-2.46%
2017/10/18,0.406,0.366,0.406,0.356,10.63%
2017/10/17,0.367,0.379,0.387,0.356,-0.81%
2017/10/16,0.37,0.405,0.417,0.369,-8.64%
2017/10/13,0.405,0.449,0.449,0.401,-9.19%
2017/10/12,0.446,0.46,0.467,0.438,-4.29%
2017/10/11,0.466,0.456,0.47,0.448,5.43%
2017/10/10,0.442,0.451,0.467,0.432,-0.45%
2017/10/9,0.444,0.468,0.47,0.442,-3.48%
2017/10/6,0.46,0.448,0.505,0.447,0.44%
2017/10/5,0.458,0.457,0.47,0.42,1.10%
2017/10/4,0.453,0.447,0.457,0.41,-2.16%
2017/10/3,0.463,0.462,0.495,0.451,2.21%
2017/10/2,0.453,0.471,0.493,0.441,-2.37%
2017/9/29,0.464,0.472,0.481,0.447,-2.52%
2017/9/28,0.476,0.499,0.518,0.47,2.15%
2017/9/27,0.466,0.417,0.488,0.413,14.50%
2017/9/26,0.407,0.398,0.42,0.396,1.50%
2017/9/25,0.401,0.444,0.453,0.394,-10.29%
2017/9/22,0.447,0.447,0.47,0.442,-1.54%
2017/9/21,0.454,0.466,0.485,0.447,2.71%
2017/9/20,0.442,0.45,0.457,0.43,-1.78%
2017/9/19,0.45,0.454,0.463,0.431,-1.32%
2017/9/18,0.456,0.442,0.467,0.427,5.56%
2017/9/15,0.432,0.403,0.456,0.401,4.10%
2017/9/14,0.415,0.408,0.432,0.386,2.98%
2017/9/13,0.403,0.384,0.413,0.383,0.25%
2017/9/12,0.402,0.337,0.407,0.335,19.29%
2017/9/11,0.337,0.329,0.341,0.322,8.01%
2017/9/8,0.312,0.29,0.328,0.287,2.30%
2017/9/7,0.305,0.362,0.367,0.297,-12.10%
2017/9/6,0.347,0.329,0.356,0.324,3.58%
2017/9/5,0.335,0.368,0.385,0.332,-8.97%
2017/9/4,0.368,0.375,0.379,0.361,-2.90%
2017/9/1,0.379,0.358,0.404,0.354,5.57%
2017/8/31,0.359,0.363,0.379,0.349,0.00%
2017/8/30,0.359,0.348,0.374,0.345,4.66%
2017/8/29,0.343,0.36,0.364,0.316,-8.29%
2017/8/28,0.374,0.381,0.392,0.364,-1.58%
2017/8/25,0.38,0.384,0.408,0.378,1.33%
2017/8/24,0.375,0.373,0.386,0.369,-0.53%
2017/8/23,0.377,0.407,0.416,0.37,-6.22%
2017/8/22,0.402,0.405,0.421,0.396,-0.50%
2017/8/21,0.404,0.422,0.427,0.392,-2.88%
2017/8/18,0.416,0.415,0.418,0.395,-1.65%
2017/8/17,0.423,0.427,0.446,0.42,-4.94%
2017/8/16,0.445,0.44,0.466,0.423,3.01%
2017/8/15,0.432,0.427,0.462,0.416,6.67%
2017/8/14,0.405,0.391,0.43,0.391,5.19%
2017/8/11,0.385,0.399,0.407,0.372,-7.00%
2017/8/10,0.414,0.43,0.443,0.397,-2.59%
2017/8/9,0.425,0.462,0.465,0.415,-9.96%
2017/8/8,0.472,0.46,0.479,0.452,3.06%
2017/8/7,0.458,0.47,0.491,0.454,-2.14%
2017/8/6,0.468,0.468,0.468,0.468,-0.64%
2017/8/4,0.471,0.447,0.491,0.446,4.43%
2017/8/3,0.451,0.486,0.499,0.449,-7.58%
2017/8/2,0.488,0.494,0.503,0.477,-0.20%
2017/8/1,0.489,0.54,0.557,0.485,-8.26%
2017/7/31,0.533,0.529,0.563,0.528,-1.66%
2017/7/28,0.542,0.527,0.586,0.517,1.31%
2017/7/27,0.535,0.541,0.541,0.507,-4.29%
2017/7/26,0.559,0.553,0.568,0.542,-0.71%
2017/7/25,0.563,0.499,0.568,0.495,11.05%
2017/7/24,0.507,0.513,0.516,0.488,0.40%
2017/7/21,0.505,0.533,0.534,0.496,-4.90%
2017/7/20,0.531,0.546,0.561,0.524,-1.85%
2017/7/19,0.541,0.562,0.564,0.531,-2.35%
2017/7/18,0.554,0.577,0.588,0.549,-4.32%
2017/7/17,0.579,0.6,0.6,0.569,-2.53%
2017/7/16,0.594,0.594,0.594,0.594,0.00%
2017/7/14,0.594,0.59,0.6,0.558,-1.66%
2017/7/13,0.604,0.576,0.605,0.545,4.32%
2017/7/12,0.579,0.641,0.643,0.577,4.89%
2017/7/11,0.552,0.549,0.573,0.545,1.66%
2017/7/10,0.543,0.572,0.576,0.529,-5.07%
2017/7/8,0.572,0.571,0.572,0.571,-0.17%
2017/7/7,0.573,0.569,0.58,0.555,2.32%
2017/7/6,0.56,0.478,0.574,0.472,19.40%
2017/7/5,0.469,0.482,0.498,0.457,-1.26%
2017/7/4,0.475,0.464,0.481,0.451,0.21%
2017/7/3,0.474,0.489,0.493,0.439,1.50%
2017/7/2,0.467,0.467,0.467,0.467,0.00%
2017/7/1,0.467,0.467,0.467,0.467,0.43%
2017/6/30,0.465,0.46,0.481,0.421,3.10%
2017/6/29,0.451,0.374,0.457,0.374,22.55%
2017/6/28,0.368,0.375,0.41,0.327,0.00%
2017/6/27,0.368,0.249,0.371,0.237,50.82%
2017/6/26,0.244,0.259,0.263,0.229,-5.43%
2017/6/25,0.258,0.258,0.258,0.258,0.78%
2017/6/23,0.256,0.254,0.267,0.249,0.79%
2017/6/22,0.254,0.261,0.27,0.243,-3.79%
2017/6/21,0.264,0.262,0.276,0.241,1.93%
2017/6/20,0.259,0.284,0.288,0.259,-8.48%
2017/6/19,0.283,0.279,0.298,0.272,2.17%
2017/6/18,0.277,0.277,0.277,0.277,0.00%
2017/6/17,0.277,0.276,0.277,0.276,0.00%
2017/6/16,0.277,0.291,0.318,0.274,-3.15%
2017/6/15,0.286,0.241,0.299,0.23,25.99%
2017/6/14,0.227,0.254,0.273,0.225,-14.66%
2017/6/13,0.266,0.25,0.28,0.249,8.57%
2017/6/12,0.245,0.266,0.27,0.243,-6.84%
2017/6/9,0.263,0.247,0.278,0.246,2.73%
2017/6/8,0.256,0.264,0.29,0.244,-5.88%
2017/6/7,0.272,0.262,0.273,0.244,5.43%
2017/6/6,0.258,0.279,0.286,0.25,-10.10%
2017/6/5,0.287,0.279,0.302,0.275,5.13%
2017/6/2,0.273,0.308,0.309,0.268,-11.36%
2017/6/1,0.308,0.307,0.328,0.297,-0.96%
2017/5/31,0.311,0.292,0.317,0.286,4.36%
2017/5/30,0.298,0.294,0.315,0.287,-1.00%
2017/5/29,0.301,0.339,0.342,0.293,-9.61%
2017/5/26,0.333,0.362,0.369,0.322,-9.02%
2017/5/25,0.366,0.383,0.39,0.358,-10.07%
2017/5/24,0.407,0.403,0.418,0.382,-1.21%
2017/5/23,0.412,0.382,0.422,0.367,4.04%
2017/5/22,0.396,0.379,0.409,0.352,5.32%
2017/5/19,0.376,0.353,0.382,0.349,9.62%
2017/5/18,0.343,0.371,0.384,0.313,-9.26%
2017/5/17,0.378,0.41,0.428,0.373,-12.30%
2017/5/16,0.431,0.416,0.45,0.413,2.86%
2017/5/15,0.419,0.399,0.428,0.394,6.35%
2017/5/12,0.394,0.428,0.438,0.387,-8.58%
2017/5/11,0.431,0.436,0.461,0.411,2.62%
2017/5/10,0.42,0.424,0.441,0.391,-2.55%
2017/5/9,0.431,0.423,0.447,0.42,2.86%
2017/5/8,0.419,0.43,0.438,0.383,-1.18%
2017/5/7,0.424,0.424,0.424,0.424,2.17%
2017/5/5,0.415,0.382,0.426,0.369,4.01%
2017/5/4,0.399,0.342,0.399,0.342,22.02%
2017/5/3,0.327,0.321,0.334,0.311,-0.30%
2017/5/2,0.328,0.33,0.348,0.321,3.14%
2017/5/1,0.318,0.319,0.319,0.318,-1.85%
2017/4/28,0.324,0.311,0.361,0.301,8.00%
2017/4/27,0.3,0.356,0.374,0.292,-16.20%
2017/4/26,0.358,0.394,0.394,0.346,-5.29%
2017/4/25,0.378,0.337,0.393,0.333,13.86%
2017/4/24,0.332,0.357,0.364,0.323,31.23%
2017/4/22,0.253,0.253,0.253,0.253,0.00%
2017/4/21,0.253,0.231,0.257,0.228,2.02%
2017/4/20,0.248,0.197,0.258,0.189,19.81%
2017/4/19,0.207,0.168,0.213,0.164,34.42%
2017/4/18,0.154,0.176,0.201,0.153,-18.09%
2017/4/17,0.188,0.182,0.194,0.162,0.00%
2017/4/14,0.188,0.182,0.194,0.162,-0.53%
2017/4/13,0.189,0.182,0.194,0.162,-6.44%
2017/4/12,0.202,0.204,0.22,0.187,-1.94%
2017/4/11,0.206,0.199,0.229,0.192,-1.44%
2017/4/10,0.209,0.245,0.246,0.206,-8.33%
2017/4/7,0.228,0.236,0.254,0.216,-13.31%
2017/4/6,0.263,0.24,0.271,0.238,1.15%
2017/4/5,0.26,0.252,0.286,0.231,-0.76%
2017/4/4,0.262,0.271,0.279,0.235,-6.09%
2017/4/3,0.279,0.331,0.338,0.275,-15.71%
2017/3/31,0.331,0.338,0.345,0.321,-3.22%
2017/3/30,0.342,0.345,0.354,0.321,-1.16%
2017/3/29,0.346,0.407,0.416,0.337,-11.05%
2017/3/28,0.389,0.411,0.418,0.368,-3.95%
2017/3/27,0.405,0.388,0.41,0.355,0.50%
2017/3/26,0.403,0.403,0.403,0.403,-0.74%
2017/3/24,0.406,0.432,0.447,0.403,-5.80%
2017/3/23,0.431,0.411,0.435,0.387,5.90%
2017/3/22,0.407,0.44,0.451,0.401,-11.33%
2017/3/21,0.459,0.454,0.488,0.437,4.56%
2017/3/20,0.439,0.433,0.465,0.422,1.15%
2017/3/18,0.434,0.434,0.434,0.434,-0.46%
2017/3/17,0.436,0.466,0.485,0.423,-2.90%
2017/3/16,0.449,0.385,0.469,0.384,8.45%
2017/3/15,0.414,0.452,0.461,0.408,-7.59%
2017/3/14,0.448,0.486,0.51,0.441,-5.08%
2017/3/13,0.472,0.48,0.495,0.442,-2.48%
2017/3/10,0.484,0.44,0.497,0.43,13.88%
2017/3/9,0.425,0.377,0.433,0.362,15.18%
2017/3/8,0.369,0.317,0.379,0.317,15.31%
2017/3/7,0.32,0.34,0.35,0.301,-5.88%
2017/3/6,0.34,0.343,0.35,0.319,-4.23%
2017/3/3,0.355,0.301,0.363,0.294,9.23%
2017/3/2,0.325,0.288,0.327,0.28,15.25%
2017/3/1,0.282,0.232,0.296,0.218,35.58%
2017/2/28,0.208,0.214,0.231,0.195,4.52%
2017/2/27,0.199,0.191,0.211,0.185,9.34%
2017/2/24,0.182,0.225,0.234,0.177,-21.55%
2017/2/23,0.232,0.266,0.285,0.227,-16.85%
2017/2/22,0.279,0.318,0.319,0.238,-7.31%
2017/2/21,0.301,0.301,0.333,0.296,1.35%
2017/2/20,0.297,0.318,0.325,0.291,-1.66%
2017/2/17,0.302,0.355,0.364,0.292,-13.96%
2017/2/16,0.351,0.373,0.383,0.348,-6.15%
2017/2/15,0.374,0.36,0.394,0.357,1.91%
2017/2/14,0.367,0.332,0.379,0.316,10.54%
2017/2/13,0.332,0.328,0.346,0.321,5.73%
2017/2/10,0.314,0.323,0.34,0.314,0.32%
2017/2/9,0.313,0.305,0.32,0.289,5.74%
2017/2/8,0.296,0.354,0.362,0.289,-15.67%
2017/2/7,0.351,0.342,0.397,0.335,-5.14%
2017/2/6,0.37,0.414,0.423,0.36,-10.19%
2017/2/3,0.412,0.441,0.452,0.406,-3.29%
2017/2/2,0.426,0.451,0.476,0.415,-9.17%
2017/2/1,0.469,0.457,0.483,0.449,7.32%
2017/1/31,0.437,0.444,0.487,0.431,-2.89%
2017/1/30,0.45,0.463,0.496,0.431,-2.81%
2017/1/27,0.463,0.485,0.485,0.454,-4.34%
2017/1/26,0.484,0.486,0.503,0.458,4.09%
2017/1/25,0.465,0.41,0.473,0.409,13.69%
2017/1/24,0.409,0.364,0.412,0.361,12.36%
2017/1/23,0.364,0.393,0.417,0.357,-13.95%
2017/1/20,0.423,0.362,0.431,0.356,11.02%
2017/1/19,0.381,0.369,0.401,0.365,6.72%
2017/1/18,0.357,0.32,0.361,0.318,11.91%
2017/1/17,0.319,0.324,0.324,0.272,-1.54%
2017/1/16,0.324,0.306,0.341,0.306,-4.71%
2017/1/13,0.34,0.331,0.357,0.302,8.28%
2017/1/12,0.314,0.313,0.332,0.289,25.10%
2017/1/11,0.251,0.286,0.294,0.238,-12.24%
2017/1/10,0.286,0.278,0.299,0.267,2.88%
2017/1/9,0.278,0.299,0.326,0.268,-7.02%
2017/1/6,0.299,0.247,0.308,0.242,22.54%
2017/1/5,0.244,0.259,0.304,0.24,-11.59%
2017/1/4,0.276,0.266,0.282,0.246,3.76%
2017/1/3,0.266,0.19,0.289,0.182,40.00%
2017/1/2,0.19,0.198,0.209,0.152,-8.65%
2016/12/30,0.208,0.175,0.21,0.174,18.18%
2016/12/29,0.176,0.18,0.192,0.163,-10.20%
2016/12/28,0.196,0.192,0.21,0.179,-5.31%
2016/12/27,0.207,0.229,0.233,0.189,-6.76%
2016/12/26,0.222,0.222,0.222,0.222,0.00%
2016/12/23,0.222,0.261,0.262,0.215,-14.94%
2016/12/22,0.261,0.246,0.277,0.233,6.10%
2016/12/21,0.246,0.269,0.269,0.238,-8.21%
2016/12/20,0.268,0.247,0.28,0.246,8.50%
2016/12/19,0.247,0.327,0.336,0.244,-21.59%
2016/12/16,0.315,0.364,0.364,0.299,-13.46%
2016/12/15,0.364,0.358,0.394,0.346,20.93%
2016/12/14,0.301,0.34,0.346,0.294,-16.16%
2016/12/13,0.359,0.398,0.4,0.339,-10.03%
2016/12/12,0.399,0.382,0.422,0.381,9.02%
2016/12/9,0.366,0.396,0.398,0.319,-4.19%
2016/12/8,0.382,0.347,0.453,0.344,10.72%
2016/12/7,0.345,0.375,0.382,0.329,-6.25%
2016/12/6,0.368,0.333,0.383,0.309,10.84%
2016/12/5,0.332,0.253,0.376,0.252,18.57%
2016/12/2,0.28,0.37,0.37,0.276,-23.71%
2016/12/1,0.367,0.277,0.371,0.273,33.94%
2016/11/30,0.274,0.206,0.284,0.193,23.98%
2016/11/29,0.221,0.205,0.242,0.191,7.80%
2016/11/28,0.205,0.24,0.243,0.184,-14.94%
2016/11/25,0.241,0.258,0.263,0.219,-6.95%
2016/11/24,0.259,0.249,0.273,0.234,-1.52%
2016/11/23,0.263,0.221,0.311,0.208,19.00%
2016/11/22,0.221,0.275,0.284,0.219,-19.34%
2016/11/21,0.274,0.276,0.299,0.263,0.74%
2016/11/18,0.272,0.322,0.336,0.254,-2.16%
2016/11/17,0.278,0.297,0.308,0.264,-6.71%
2016/11/16,0.298,0.309,0.345,0.29,-3.25%
2016/11/15,0.308,0.324,0.324,0.286,-3.45%
2016/11/14,0.319,0.349,0.397,0.317,3.24%
2016/11/11,0.309,0.276,0.345,0.276,12.36%
2016/11/10,0.275,0.229,0.32,0.212,34.80%
2016/11/9,0.204,0.12,0.205,0.093,8.51%
2016/11/8,0.188,0.154,0.189,0.14,21.29%
2016/11/7,0.155,0.135,0.174,0.135,14.81%
2016/11/4,0.135,0.158,0.164,0.127,-15.09%
2016/11/3,0.159,0.129,0.176,0.119,21.37%
2016/11/2,0.131,0.156,0.161,0.113,-27.22%
2016/11/1,0.18,0.163,0.206,0.163,10.43%
2016/10/31,0.163,0.165,0.179,0.15,-2.98%
2016/10/28,0.168,0.172,0.219,0.158,-1.18%
2016/10/27,0.17,0.09,0.192,0.083,100.00%
2016/10/26,0.085,0.032,0.105,0.019,174.19%
2016/10/25,0.031,0.025,0.042,0.01,14.81%
2016/10/24,0.027,0.009,0.032,-0.02,575.00%
2016/10/21,0.004,0.005,0.019,-0.005,-42.86%
2016/10/20,0.007,0.036,0.059,-0.002,-77.42%
2016/10/19,0.031,0.039,0.042,0.016,-16.22%
2016/10/18,0.037,0.059,0.068,0.033,-33.93%
2016/10/17,0.056,0.067,0.103,0.053,-18.84%
2016/10/15,0.069,0.069,0.069,0.069,16.95%
2016/10/14,0.059,0.037,0.068,0.035,47.50%
2016/10/13,0.04,0.033,0.056,0.021,-41.18%
2016/10/12,0.068,0.047,0.075,0.029,172.00%
2016/10/11,0.025,0.056,0.058,0.023,-56.14%
2016/10/10,0.057,0.012,0.065,0.001,171.43%
2016/10/7,0.021,-0.007,0.031,-0.011,-223.53%
2016/10/6,-0.017,-0.012,0.008,-0.049,466.67%
2016/10/5,-0.003,-0.051,0,-0.064,-94.34%
2016/10/4,-0.053,-0.093,-0.043,-0.112,-43.62%
2016/10/3,-0.094,-0.117,-0.093,-0.125,-21.67%
2016/9/30,-0.12,-0.138,-0.115,-0.161,2.56%
2016/9/29,-0.117,-0.126,-0.108,-0.135,-19.31%
2016/9/28,-0.145,-0.142,-0.124,-0.154,5.07%
2016/9/27,-0.138,-0.113,-0.105,-0.161,20.00%
2016/9/26,-0.115,-0.085,-0.081,-0.119,35.29%
2016/9/25,-0.085,-0.085,-0.085,-0.085,0.00%
2016/9/24,-0.085,-0.084,-0.084,-0.085,4.94%
2016/9/23,-0.081,-0.085,-0.072,-0.093,-14.74%
2016/9/22,-0.095,0.005,0.005,-0.095,-3266.67%
2016/9/21,0.003,-0.014,0.014,-0.021,-117.65%
2016/9/20,-0.017,0.021,0.021,-0.021,-194.44%
2016/9/19,0.018,0.007,0.025,-0.009,800.00%
2016/9/17,0.002,0.002,0.002,0.002,-71.43%
2016/9/16,0.007,0.031,0.032,-0.024,-79.41%
2016/9/15,0.034,0.026,0.065,0.019,54.55%
2016/9/14,0.022,0.076,0.081,0.018,-69.44%
2016/9/13,0.072,0.033,0.073,0.001,94.59%
2016/9/12,0.037,0.022,0.058,0.015,208.33%
2016/9/9,0.012,-0.053,0.021,-0.053,-119.35%
2016/9/8,-0.062,-0.115,-0.054,-0.123,-46.55%
2016/9/7,-0.116,-0.11,-0.104,-0.127,6.42%
2016/9/6,-0.109,-0.051,-0.044,-0.112,131.91%
2016/9/5,-0.047,-0.049,-0.043,-0.064,11.90%
2016/9/2,-0.042,-0.061,-0.03,-0.079,-36.36%
2016/9/1,-0.066,-0.058,-0.035,-0.07,1.54%
2016/8/31,-0.065,-0.092,-0.06,-0.093,-28.57%
2016/8/30,-0.091,-0.083,-0.068,-0.101,12.35%
2016/8/29,-0.081,-0.039,-0.034,-0.083,14.08%
2016/8/26,-0.071,-0.077,-0.064,-0.095,2.90%
2016/8/25,-0.069,-0.086,-0.052,-0.089,-22.47%
2016/8/24,-0.089,-0.093,-0.076,-0.097,-4.30%
2016/8/23,-0.093,-0.08,-0.072,-0.103,5.68%
2016/8/22,-0.088,-0.04,-0.04,-0.09,158.82%
2016/8/19,-0.034,-0.089,-0.03,-0.089,-58.54%
2016/8/18,-0.082,-0.072,-0.059,-0.086,67.35%
2016/8/17,-0.049,-0.036,-0.025,-0.058,68.97%
2016/8/16,-0.029,-0.079,-0.026,-0.091,-60.27%
2016/8/15,-0.073,-0.109,-0.062,-0.11,-23.96%
2016/8/14,-0.096,-0.096,-0.096,-0.096,0.00%
2016/8/13,-0.096,-0.096,-0.096,-0.096,-10.28%
2016/8/12,-0.107,-0.089,-0.078,-0.116,16.30%
2016/8/11,-0.092,-0.113,-0.091,-0.121,-14.81%
2016/8/10,-0.108,-0.082,-0.082,-0.117,42.11%
2016/8/9,-0.076,-0.072,-0.045,-0.089,15.15%
2016/8/8,-0.066,-0.058,-0.036,-0.074,10.00%
2016/8/6,-0.06,-0.06,-0.06,-0.06,-10.45%
2016/8/5,-0.067,-0.1,-0.057,-0.102,-28.72%
2016/8/4,-0.094,-0.037,-0.028,-0.105,147.37%
2016/8/3,-0.038,-0.034,-0.019,-0.046,8.57%
2016/8/2,-0.035,-0.099,-0.017,-0.101,-63.54%
2016/8/1,-0.096,-0.111,-0.084,-0.116,-20.00%
2016/7/29,-0.12,-0.061,-0.052,-0.122,33.33%
2016/7/28,-0.09,-0.083,-0.065,-0.097,15.38%
2016/7/27,-0.078,-0.023,-0.014,-0.084,178.57%
2016/7/26,-0.028,-0.038,-0.019,-0.064,-30.00%
2016/7/25,-0.04,-0.019,-0.004,-0.048,37.93%
2016/7/22,-0.029,-0.013,0.007,-0.033,81.25%
2016/7/21,-0.016,-0.012,0.03,-0.02,60.00%
2016/7/20,-0.01,-0.032,-0.005,-0.045,-60.00%
2016/7/19,-0.025,-0.033,-0.014,-0.052,66.67%
2016/7/18,-0.015,-0.015,-0.003,-0.037,-314.29%
2016/7/15,0.007,-0.044,0.012,-0.047,-105.43%
2016/7/14,-0.129,-0.113,-0.113,-0.142,-9.35%
2016/7/13,-0.1423,-0.106,-0.101,-0.148,53.34%
2016/7/12,-0.0928,-0.157,-0.09,-0.161,-44.33%
2016/7/11,-0.1667,-0.19,-0.161,-0.199,-9.40%
2016/7/8,-0.184,-0.168,-0.153,-0.187,10.84%
2016/7/7,-0.166,-0.18,-0.144,-0.183,-7.16%
2016/7/6,-0.1788,-0.189,-0.167,-0.204,-1.00%
2016/7/5,-0.1806,-0.142,-0.139,-0.181,34.08%
2016/7/4,-0.1347,-0.125,-0.106,-0.135,3.54%
2016/7/1,-0.1301,-0.083,-0.063,-0.146,2.76%
2016/6/30,-0.1266,-0.111,-0.088,-0.14,0.32%
2016/6/29,-0.1262,-0.113,-0.102,-0.135,7.13%
2016/6/28,-0.1178,-0.112,-0.076,-0.12,8.07%
2016/6/27,-0.109,-0.075,-0.065,-0.117,110.83%
2016/6/24,-0.0517,-0.151,-0.047,-0.17,-152.33%
2016/6/23,0.0988,0.063,0.116,0.04,68.31%
2016/6/22,0.0587,0.06,0.071,0.042,25.97%
2016/6/21,0.0466,0.053,0.076,0.041,-24.23%
2016/6/20,0.0615,0.043,0.071,0.031,207.50%
2016/6/17,0.02,0.006,0.033,-0.009,-189.29%
2016/6/16,-0.0224,-0.029,-0.005,-0.038,60.00%
2016/6/15,-0.014,0.007,0.019,-0.016,1300.00%
2016/6/14,-0.001,0.017,0.029,-0.034,-103.33%
2016/6/13,0.03,0.014,0.037,0.011,42.86%
2016/6/10,0.021,0.034,0.042,0.01,-43.24%
2016/6/9,0.037,0.047,0.053,0.023,-38.33%
2016/6/8,0.06,0.056,0.071,0.033,9.09%
2016/6/7,0.055,0.082,0.093,0.046,-36.05%
2016/6/6,0.086,0.07,0.088,0.067,16.22%
2016/6/3,0.074,0.12,0.123,0.065,-33.93%
2016/6/2,0.112,0.139,0.16,0.109,-16.42%
2016/6/1,0.134,0.136,0.144,0.119,-8.84%
2016/5/31,0.147,0.167,0.192,0.146,-11.98%
2016/5/30,0.167,0.151,0.181,0.149,16.78%
2016/5/27,0.143,0.143,0.152,0.12,-0.69%
2016/5/26,0.144,0.154,0.177,0.14,-5.26%
2016/5/25,0.152,0.177,0.206,0.147,-13.64%
2016/5/24,0.176,0.167,0.184,0.159,-3.83%
2016/5/23,0.183,0.17,0.19,0.137,7.02%
2016/5/20,0.171,0.165,0.191,0.159,-1.72%
2016/5/19,0.174,0.192,0.21,0.161,6.75%
2016/5/18,0.163,0.145,0.186,0.142,23.48%
2016/5/17,0.132,0.15,0.175,0.126,-6.38%
2016/5/16,0.141,0.123,0.157,0.119,9.30%
2016/5/13,0.129,0.152,0.155,0.124,-16.23%
2016/5/12,0.154,0.121,0.163,0.099,22.22%
2016/5/11,0.126,0.117,0.136,0.108,4.13%
2016/5/10,0.121,0.129,0.145,0.108,-7.63%
2016/5/9,0.131,0.167,0.17,0.125,-10.27%
2016/5/6,0.146,0.148,0.175,0.141,-10.43%
2016/5/5,0.163,0.202,0.224,0.159,-20.10%
2016/5/4,0.204,0.208,0.225,0.195,3.55%
2016/5/3,0.197,0.272,0.281,0.192,-28.36%
2016/5/2,0.275,0.272,0.284,0.243,-2.48%
2016/4/29,0.282,0.245,0.305,0.232,13.25%
2016/4/28,0.249,0.25,0.259,0.218,-14.14%
2016/4/27,0.29,0.297,0.306,0.28,-3.97%
2016/4/26,0.302,0.259,0.304,0.25,12.69%
2016/4/25,0.268,0.224,0.278,0.212,15.52%
2016/4/22,0.232,0.221,0.242,0.219,-0.43%
2016/4/21,0.233,0.176,0.242,0.172,55.33%
2016/4/20,0.15,0.157,0.171,0.143,-15.73%
2016/4/19,0.178,0.167,0.189,0.153,4.71%
2016/4/18,0.17,0.127,0.17,0.114,27.82%
2016/4/15,0.133,0.173,0.173,0.126,-18.40%
2016/4/14,0.163,0.131,0.182,0.124,18.98%
2016/4/13,0.137,0.172,0.174,0.134,-14.38%
2016/4/12,0.16,0.123,0.166,0.117,36.75%
2016/4/11,0.117,0.091,0.135,0.075,20.62%
2016/4/8,0.097,0.099,0.112,0.09,11.49%
2016/4/7,0.087,0.113,0.125,0.085,-25.00%
2016/4/6,0.116,0.105,0.131,0.093,10.48%
2016/4/5,0.105,0.12,0.12,0.081,-17.97%
2016/4/4,0.128,0.12,0.151,0.119,-11.72%
2016/4/1,0.145,0.15,0.164,0.128,-7.05%
2016/3/31,0.156,0.14,0.18,0.137,-4.88%
2016/3/30,0.164,0.133,0.173,0.123,16.31%
2016/3/29,0.141,0.178,0.178,0.139,-21.23%
2016/3/24,0.179,0.187,0.194,0.159,-9.60%
2016/3/23,0.198,0.227,0.238,0.197,-5.71%
2016/3/22,0.21,0.221,0.233,0.183,-9.09%
2016/3/21,0.231,0.213,0.241,0.185,5.96%
2016/3/18,0.218,0.214,0.232,0.198,-6.44%
2016/3/17,0.233,0.253,0.266,0.225,-24.84%
2016/3/16,0.31,0.311,0.317,0.277,-1.90%
2016/3/15,0.316,0.291,0.32,0.27,12.86%
2016/3/14,0.28,0.273,0.283,0.238,0.00%
2016/3/11,0.28,0.314,0.321,0.251,-5.72%
2016/3/10,0.297,0.242,0.33,0.16,24.79%
2016/3/9,0.238,0.207,0.242,0.196,32.96%
2016/3/8,0.179,0.208,0.208,0.164,-17.89%
2016/3/7,0.218,0.216,0.222,0.198,-8.79%
2016/3/4,0.239,0.172,0.242,0.17,39.77%
2016/3/3,0.171,0.222,0.239,0.171,-19.72%
2016/3/2,0.213,0.162,0.216,0.16,42.00%
2016/3/1,0.15,0.108,0.161,0.108,38.89%
2016/2/29,0.108,0.138,0.151,0.103,-26.03%
2016/2/27,0.146,0.149,0.149,0.146,0.00%
2016/2/26,0.146,0.137,0.16,0.136,6.57%
2016/2/25,0.137,0.163,0.171,0.131,-8.05%
2016/2/24,0.149,0.172,0.178,0.127,-19.46%
2016/2/23,0.185,0.185,0.229,0.175,3.35%
2016/2/22,0.179,0.214,0.218,0.173,-12.68%
2016/2/19,0.205,0.207,0.22,0.179,-4.21%
2016/2/18,0.214,0.261,0.268,0.209,-22.18%
2016/2/17,0.275,0.249,0.286,0.242,4.96%
2016/2/16,0.262,0.254,0.281,0.24,9.17%
2016/2/15,0.24,0.278,0.299,0.226,-9.09%
2016/2/14,0.264,0.264,0.264,0.264,-0.38%
2016/2/12,0.265,0.223,0.267,0.198,49.72%
2016/2/11,0.177,0.217,0.217,0.132,-29.20%
2016/2/10,0.25,0.227,0.269,0.227,4.60%
2016/2/9,0.239,0.203,0.271,0.194,6.22%
2016/2/8,0.225,0.296,0.302,0.22,-25.25%
2016/2/5,0.301,0.289,0.329,0.281,-2.27%
2016/2/4,0.308,0.297,0.329,0.289,12.00%
2016/2/3,0.275,0.301,0.328,0.265,-12.42%
2016/2/2,0.314,0.336,0.34,0.301,-12.78%
2016/2/1,0.36,0.336,0.362,0.306,7.78%
2016/1/29,0.334,0.378,0.382,0.33,-17.73%
2016/1/28,0.406,0.427,0.437,0.382,-8.76%
2016/1/27,0.445,0.443,0.46,0.421,0.45%
2016/1/26,0.443,0.456,0.465,0.433,-7.13%
2016/1/25,0.477,0.487,0.493,0.466,-1.65%
2016/1/22,0.485,0.466,0.499,0.455,6.59%
2016/1/21,0.455,0.501,0.51,0.433,-6.57%
2016/1/20,0.487,0.524,0.525,0.476,0.74%
2016/1/19,0.4834,0.484,0.507,0.472,2.79%
2016/1/18,0.4703,0.486,0.497,0.465,-0.47%
2016/1/17,0.4725,0.4725,0.4725,0.4725,-0.02%
2016/1/15,0.4726,0.498,0.509,0.457,-6.84%
2016/1/14,0.5073,0.502,0.517,0.471,-0.33%
2016/1/13,0.509,0.538,0.554,0.501,-4.00%
2016/1/12,0.5302,0.542,0.583,0.528,-2.45%
2016/1/11,0.5435,0.514,0.551,0.509,7.31%
2016/1/10,0.5065,0.5066,0.5066,0.5065,-0.53%
2016/1/8,0.5092,0.539,0.556,0.5,-6.53%
2016/1/7,0.5448,0.491,0.557,0.475,6.20%
2016/1/6,0.513,0.539,0.55,0.492,-6.46%
2016/1/5,0.5484,0.589,0.596,0.543,-2.68%
2016/1/4,0.5635,0.597,0.597,0.557,-10.30%
2016/1/3,0.6282,0.6288,0.6288,0.6276,-0.10%
2016/1/1,0.6288,0.6345,0.6345,0.6288,-0.90%
2015/12/31,0.6345,0.631,0.6351,0.6288,-0.02%
2015/12/30,0.6346,0.644,0.654,0.608,10.60%
2015/12/29,0.5738,0.5738,0.641,0.567,3.26%
2015/12/28,0.5557,0.618,0.632,0.553,-11.12%
2015/12/27,0.6252,0.6252,0.6252,0.6252,-0.02%
2015/12/24,0.6253,0.6307,0.6353,0.6253,-0.49%
2015/12/23,0.6284,0.592,0.642,0.588,5.19%
2015/12/22,0.5974,0.562,0.608,0.552,7.78%
2015/12/21,0.5543,0.562,0.593,0.538,0.65%
2015/12/20,0.5507,0.5507,0.5507,0.5507,-0.05%
2015/12/18,0.551,0.589,0.596,0.545,-8.26%
2015/12/17,0.6006,0.666,0.668,0.593,-11.69%
2015/12/16,0.6801,0.654,0.683,0.631,4.15%
2015/12/15,0.653,0.577,0.673,0.574,15.68%
2015/12/14,0.5645,0.552,0.586,0.539,3.92%
2015/12/11,0.5432,0.584,0.584,0.529,-4.69%
2015/12/10,0.5699,0.588,0.6,0.557,-6.13%
2015/12/9,0.6071,0.575,0.619,0.566,6.43%
2015/12/8,0.5704,0.596,0.609,0.557,-2.48%
2015/12/7,0.5849,0.686,0.689,0.583,-15.89%
2015/12/6,0.6954,0.686,0.6954,0.686,0.83%
2015/12/4,0.6897,0.696,0.742,0.642,3.03%
2015/12/3,0.6694,0.483,0.672,0.46,43.00%
2015/12/2,0.4681,0.469,0.484,0.448,-0.26%
2015/12/1,0.4693,0.484,0.521,0.456,-1.30%
2015/11/30,0.4755,0.462,0.487,0.458,4.44%
2015/11/27,0.4553,0.464,0.474,0.437,-3.82%
2015/11/26,0.4734,0.477,0.485,0.459,-0.65%
2015/11/25,0.4765,0.513,0.525,0.464,-7.12%
2015/11/24,0.513,0.52,0.529,0.486,-3.99%
2015/11/23,0.5343,0.491,0.549,0.485,10.21%
2015/11/22,0.4848,0.4849,0.4849,0.4848,1.13%
2015/11/20,0.4794,0.489,0.5,0.469,-0.12%
2015/11/19,0.48,0.5,0.511,0.476,-5.46%
2015/11/18,0.5077,0.515,0.532,0.495,-4.39%
2015/11/17,0.531,0.542,0.544,0.517,0.09%
2015/11/16,0.5305,0.543,0.576,0.528,-4.62%
2015/11/15,0.5562,0.5562,0.5562,0.5562,-0.02%
2015/11/14,0.5563,0.5563,0.5563,0.5563,-1.03%
2015/11/13,0.5621,0.609,0.613,0.553,-7.41%
2015/11/12,0.6071,0.617,0.625,0.59,-0.74%
2015/11/11,0.6116,0.631,0.644,0.59,-1.66%
2015/11/10,0.6219,0.661,0.679,0.62,-7.21%
2015/11/9,0.6702,0.694,0.725,0.666,-2.95%
2015/11/8,0.6906,0.6917,0.6921,0.6906,-0.93%
2015/11/6,0.6971,0.602,0.702,0.589,13.85%
2015/11/5,0.6123,0.597,0.621,0.58,1.37%
2015/11/4,0.604,0.574,0.605,0.551,5.04%
2015/11/3,0.575,0.564,0.582,0.538,2.13%
2015/11/2,0.563,0.512,0.582,0.51,8.27%
2015/11/1,0.52,0.52,0.52,0.52,0.00%
2015/10/31,0.52,0.52,0.52,0.52,-0.57%
2015/10/30,0.523,0.528,0.546,0.5,-2.79%
2015/10/29,0.538,0.465,0.544,0.449,20.90%
2015/10/28,0.445,0.445,0.474,0.424,0.00%
2015/10/27,0.445,0.497,0.501,0.441,-11.00%
2015/10/26,0.5,0.51,0.515,0.489,-2.91%
2015/10/25,0.515,0.514,0.515,0.514,1.38%
2015/10/23,0.508,0.502,0.531,0.482,0.99%
2015/10/22,0.503,0.568,0.585,0.498,-12.06%
2015/10/21,0.572,0.634,0.639,0.568,-9.21%
2015/10/20,0.63,0.551,0.633,0.549,10.72%
2015/10/19,0.569,0.552,0.582,0.545,3.45%
2015/10/18,0.55,0.549,0.551,0.549,0.18%
2015/10/17,0.549,0.549,0.549,0.549,0.00%
2015/10/16,0.549,0.559,0.562,0.53,-1.26%
2015/10/15,0.556,0.551,0.564,0.528,1.83%
2015/10/14,0.546,0.58,0.58,0.534,-7.61%
2015/10/13,0.591,0.583,0.604,0.557,1.90%
2015/10/12,0.58,0.614,0.623,0.576,-5.23%
2015/10/11,0.612,0.612,0.612,0.612,-1.45%
2015/10/9,0.621,0.601,0.629,0.589,5.43%
2015/10/8,0.589,0.582,0.592,0.552,-0.51%
2015/10/7,0.592,0.597,0.632,0.59,-1.50%
2015/10/6,0.601,0.564,0.617,0.558,6.18%
2015/10/5,0.566,0.516,0.571,0.512,9.48%
2015/10/3,0.517,0.517,0.517,0.517,0.19%
2015/10/2,0.516,0.557,0.576,0.48,-4.80%
2015/10/1,0.542,0.594,0.611,0.539,-8.14%
2015/9/30,0.59,0.591,0.617,0.583,0.51%
2015/9/29,0.587,0.577,0.615,0.567,-2.00%
2015/9/28,0.599,0.641,0.65,0.598,-6.70%
2015/9/27,0.642,0.642,0.642,0.642,-1.38%
2015/9/25,0.651,0.626,0.671,0.616,9.97%
2015/9/24,0.592,0.594,0.622,0.568,-1.00%
2015/9/23,0.598,0.587,0.624,0.583,-0.33%
2015/9/22,0.6,0.68,0.687,0.592,-11.76%
2015/9/21,0.68,0.67,0.696,0.659,2.26%
2015/9/18,0.665,0.697,0.712,0.651,-15.18%
2015/9/17,0.784,0.785,0.791,0.765,0.64%
2015/9/16,0.779,0.762,0.796,0.736,5.41%
2015/9/15,0.739,0.653,0.75,0.648,11.97%
2015/9/14,0.66,0.655,0.674,0.635,0.30%
2015/9/11,0.658,0.691,0.694,0.65,-5.05%
2015/9/10,0.693,0.681,0.707,0.663,-1.42%
2015/9/9,0.703,0.7,0.722,0.683,3.23%
2015/9/8,0.681,0.669,0.697,0.66,0.89%
2015/9/7,0.675,0.669,0.689,0.649,1.66%
2015/9/4,0.664,0.702,0.717,0.662,-9.17%
2015/9/3,0.731,0.792,0.801,0.728,-8.05%
2015/9/2,0.795,0.798,0.816,0.769,-1.24%
2015/9/1,0.805,0.791,0.822,0.767,1.26%
2015/8/31,0.795,0.739,0.804,0.717,9.50%
2015/8/28,0.726,0.735,0.739,0.688,-2.16%
2015/8/27,0.742,0.724,0.748,0.703,4.80%
2015/8/26,0.708,0.735,0.749,0.67,-5.98%
2015/8/25,0.753,0.606,0.761,0.593,30.73%
2015/8/24,0.576,0.557,0.583,0.512,0.70%
2015/8/21,0.572,0.565,0.601,0.56,-2.22%
2015/8/20,0.585,0.593,0.612,0.572,-7.58%
2015/8/19,0.633,0.639,0.665,0.626,-1.09%
2015/8/18,0.64,0.63,0.662,0.606,1.43%
2015/8/17,0.631,0.647,0.663,0.62,-3.96%
2015/8/14,0.657,0.631,0.663,0.615,3.79%
2015/8/13,0.633,0.637,0.661,0.615,4.63%
2015/8/12,0.605,0.604,0.641,0.586,-3.82%
2015/8/11,0.629,0.674,0.679,0.627,-9.89%
2015/8/10,0.698,0.661,0.708,0.661,6.08%
2015/8/7,0.658,0.713,0.728,0.655,-6.93%
2015/8/6,0.707,0.747,0.752,0.703,-5.98%
2015/8/5,0.752,0.667,0.76,0.652,18.24%
2015/8/4,0.636,0.632,0.652,0.597,0.32%
2015/8/3,0.634,0.654,0.675,0.627,-2.16%
2015/7/31,0.648,0.653,0.707,0.643,-1.07%
2015/7/30,0.655,0.719,0.733,0.652,-8.13%
2015/7/29,0.713,0.697,0.731,0.688,3.03%
2015/7/28,0.692,0.692,0.737,0.688,-0.43%
2015/7/27,0.695,0.694,0.705,0.665,-0.71%
2015/7/24,0.7,0.731,0.736,0.693,-6.17%
2015/7/23,0.746,0.751,0.761,0.726,-0.13%
2015/7/22,0.747,0.763,0.785,0.738,-4.11%
2015/7/21,0.779,0.765,0.798,0.733,1.70%
2015/7/20,0.766,0.794,0.813,0.738,-3.89%
2015/7/18,0.797,0.797,0.797,0.797,0.89%
2015/7/17,0.79,0.831,0.832,0.786,-0.25%
2015/7/16,0.792,0.768,0.824,0.751,2.46%
2015/7/15,0.773,0.84,0.847,0.77,-8.30%
2015/7/14,0.843,0.859,0.877,0.81,-0.59%
2015/7/13,0.848,0.87,0.971,0.844,-5.36%
2015/7/10,0.896,0.816,0.899,0.796,22.74%
2015/7/9,0.73,0.696,0.737,0.672,6.73%
2015/7/8,0.684,0.647,0.695,0.608,7.38%
2015/7/7,0.637,0.741,0.765,0.624,-17.38%
2015/7/6,0.771,0.725,0.782,0.718,-2.90%
2015/7/3,0.794,0.858,0.859,0.784,-6.26%
2015/7/2,0.847,0.844,0.903,0.84,2.79%
2015/7/1,0.824,0.774,0.844,0.757,7.01%
2015/6/30,0.77,0.756,0.814,0.742,-3.99%
2015/6/29,0.802,0.917,0.917,0.707,-13.30%
2015/6/27,0.925,0.925,0.925,0.925,0.33%
2015/6/26,0.922,0.853,0.944,0.843,6.84%
2015/6/25,0.863,0.824,0.884,0.819,2.25%
2015/6/24,0.844,0.877,0.877,0.808,-2.54%
2015/6/23,0.866,0.901,0.921,0.857,-2.04%
2015/6/22,0.884,0.793,0.895,0.791,16.01%
2015/6/19,0.762,0.809,0.809,0.743,-5.34%
2015/6/18,0.805,0.76,0.815,0.727,-1.11%
2015/6/17,0.814,0.797,0.822,0.777,1.24%
2015/6/16,0.804,0.818,0.826,0.75,-2.55%
2015/6/15,0.825,0.812,0.845,0.785,-3.17%
2015/6/12,0.852,0.868,0.924,0.826,-5.23%
2015/6/11,0.899,0.997,1.035,0.875,-9.19%
2015/6/10,0.99,0.962,1.059,0.951,3.77%
2015/6/9,0.954,0.88,0.969,0.855,7.19%
2015/6/8,0.89,0.853,0.902,0.821,4.58%
2015/6/7,0.851,0.851,0.851,0.851,0.00%
2015/6/6,0.851,0.848,0.851,0.848,0.24%
2015/6/5,0.849,0.854,0.919,0.822,2.04%
2015/6/4,0.832,0.903,0.998,0.813,-5.02%
2015/6/3,0.876,0.707,0.887,0.697,25.32%
2015/6/2,0.699,0.545,0.702,0.545,31.39%
2015/6/1,0.532,0.497,0.532,0.473,8.79%
2015/5/31,0.489,0.489,0.489,0.489,0.00%
2015/5/30,0.489,0.489,0.489,0.489,0.62%
2015/5/29,0.486,0.508,0.526,0.484,-9.16%
2015/5/28,0.535,0.53,0.546,0.512,-2.01%
2015/5/27,0.546,0.545,0.579,0.516,-1.09%
2015/5/26,0.552,0.589,0.603,0.53,-8.46%
2015/5/22,0.603,0.637,0.639,0.589,-5.04%
2015/5/21,0.635,0.624,0.681,0.603,1.28%
2015/5/20,0.627,0.608,0.63,0.571,2.45%
2015/5/19,0.612,0.652,0.652,0.555,-5.56%
2015/5/18,0.648,0.651,0.671,0.624,1.41%
2015/5/15,0.639,0.683,0.692,0.632,-8.71%
2015/5/14,0.7,0.758,0.774,0.68,-2.91%
2015/5/13,0.721,0.685,0.724,0.599,5.87%
2015/5/12,0.681,0.668,0.74,0.642,13.69%
2015/5/11,0.599,0.534,0.619,0.52,9.91%
2015/5/8,0.545,0.575,0.636,0.526,-8.56%
2015/5/7,0.596,0.614,0.796,0.579,1.53%
2015/5/6,0.587,0.528,0.601,0.513,13.32%
2015/5/5,0.518,0.455,0.535,0.406,14.60%
2015/5/4,0.452,0.379,0.455,0.362,24.18%
2015/4/30,0.364,0.284,0.386,0.273,28.17%
2015/4/29,0.284,0.168,0.291,0.165,74.23%
2015/4/28,0.163,0.161,0.173,0.141,-0.61%
2015/4/27,0.164,0.144,0.174,0.134,8.61%
2015/4/25,0.151,0.152,0.152,0.151,-4.43%
2015/4/24,0.158,0.163,0.182,0.148,-2.47%
2015/4/23,0.162,0.158,0.173,0.133,1.25%
2015/4/22,0.16,0.104,0.164,0.09,55.34%
2015/4/21,0.103,0.078,0.107,0.067,33.77%
2015/4/20,0.077,0.071,0.082,0.063,-2.53%
2015/4/17,0.079,0.081,0.086,0.049,-7.06%
2015/4/16,0.085,0.108,0.111,0.072,-22.02%
2015/4/15,0.109,0.141,0.146,0.105,-22.14%
2015/4/14,0.14,0.146,0.156,0.13,-10.83%
2015/4/13,0.157,0.154,0.171,0.142,-1.87%
2015/4/12,0.16,0.16,0.16,0.16,2.56%
2015/4/10,0.156,0.168,0.172,0.144,-1.27%
2015/4/9,0.158,0.161,0.169,0.14,-5.39%
2015/4/8,0.167,0.174,0.174,0.156,-10.70%
2015/4/7,0.187,0.183,0.197,0.175,-4.10%
2015/4/3,0.195,0.189,0.195,0.189,6.56%
2015/4/2,0.183,0.173,0.19,0.16,6.40%
2015/4/1,0.172,0.186,0.201,0.152,-7.03%
2015/3/31,0.185,0.204,0.218,0.177,-13.55%
2015/3/30,0.214,0.206,0.214,0.178,2.39%
2015/3/28,0.209,0.209,0.209,0.209,0.00%
2015/3/27,0.209,0.212,0.239,0.201,-4.57%
2015/3/26,0.219,0.227,0.233,0.204,-0.45%
2015/3/25,0.22,0.223,0.238,0.206,-5.98%
2015/3/24,0.234,0.215,0.24,0.197,6.85%
2015/3/23,0.219,0.18,0.23,0.171,18.38%
2015/3/20,0.185,0.185,0.198,0.168,-1.60%
2015/3/19,0.188,0.172,0.208,0.171,-3.59%
2015/3/18,0.195,0.271,0.28,0.191,-30.60%
2015/3/17,0.281,0.268,0.291,0.265,1.08%
2015/3/16,0.278,0.251,0.294,0.25,7.34%
2015/3/15,0.259,0.259,0.259,0.259,0.00%
2015/3/14,0.259,0.259,0.259,0.259,0.00%
2015/3/13,0.259,0.249,0.281,0.236,4.44%
2015/3/12,0.248,0.201,0.256,0.187,21.57%
2015/3/11,0.204,0.226,0.243,0.192,-14.29%
2015/3/10,0.238,0.314,0.32,0.23,-22.73%
2015/3/9,0.308,0.397,0.398,0.308,-21.83%
2015/3/7,0.394,0.394,0.394,0.394,-1.50%
2015/3/6,0.4,0.345,0.404,0.33,11.73%
2015/3/5,0.358,0.381,0.429,0.322,-6.04%
2015/3/4,0.381,0.38,0.387,0.359,4.38%
2015/3/3,0.365,0.355,0.373,0.342,2.82%
2015/3/2,0.355,0.326,0.36,0.314,9.91%
2015/2/28,0.323,0.323,0.323,0.323,-0.31%
2015/2/27,0.324,0.306,0.346,0.304,7.28%
2015/2/26,0.302,0.323,0.324,0.284,-9.04%
2015/2/25,0.332,0.364,0.369,0.32,-11.23%
2015/2/24,0.374,0.359,0.393,0.359,2.19%
2015/2/23,0.366,0.385,0.395,0.358,-1.61%
2015/2/20,0.372,0.382,0.393,0.336,-2.36%
2015/2/19,0.381,0.372,0.404,0.357,-0.52%
2015/2/18,0.383,0.379,0.409,0.365,3.51%
2015/2/17,0.37,0.351,0.382,0.317,5.71%
2015/2/16,0.35,0.352,0.365,0.339,-1.41%
2015/2/14,0.355,0.355,0.355,0.355,1.72%
2015/2/13,0.349,0.328,0.363,0.326,7.38%
2015/2/12,0.325,0.352,0.382,0.318,-9.22%
2015/2/11,0.358,0.366,0.377,0.353,-3.24%
2015/2/10,0.37,0.368,0.401,0.349,4.52%
2015/2/9,0.354,0.371,0.38,0.324,-5.09%
2015/2/8,0.373,0.373,0.373,0.373,0.00%
2015/2/7,0.373,0.373,0.373,0.373,-0.27%
2015/2/6,0.374,0.361,0.387,0.337,-1.06%
2015/2/5,0.378,0.33,0.391,0.325,3.56%
2015/2/4,0.365,0.365,0.38,0.336,5.19%
2015/2/3,0.347,0.31,0.357,0.307,11.94%
2015/2/2,0.31,0.316,0.323,0.299,1.97%
2015/2/1,0.304,0.304,0.304,0.304,-2.88%
2015/1/30,0.313,0.358,0.367,0.306,-12.32%
2015/1/29,0.357,0.334,0.367,0.329,0.56%
2015/1/28,0.355,0.398,0.424,0.35,-7.79%
2015/1/27,0.385,0.388,0.401,0.372,-2.04%
2015/1/26,0.393,0.354,0.398,0.342,7.38%
2015/1/23,0.366,0.444,0.446,0.346,-19.38%
2015/1/22,0.454,0.53,0.584,0.43,-12.52%
2015/1/21,0.519,0.449,0.525,0.443,15.08%
2015/1/20,0.451,0.446,0.463,0.432,2.27%
2015/1/19,0.441,0.46,0.472,0.433,-3.71%
2015/1/16,0.458,0.466,0.473,0.438,10.36%
2015/1/15,0.415,0.45,0.454,0.402,-3.94%
2015/1/14,0.432,0.458,0.466,0.424,-9.43%
2015/1/13,0.477,0.479,0.488,0.456,-0.62%
2015/1/12,0.48,0.493,0.513,0.466,-0.41%
2015/1/9,0.482,0.506,0.527,0.479,-5.86%
2015/1/8,0.512,0.485,0.516,0.474,8.47%
2015/1/7,0.472,0.464,0.486,0.432,4.19%
2015/1/6,0.453,0.507,0.514,0.442,-11.70%
2015/1/5,0.513,0.499,0.522,0.492,3.01%
2015/1/2,0.498,0.546,0.555,0.493,-7.95%
2014/12/31,0.541,0.541,0.544,0.54,0.19%
2014/12/30,0.54,0.545,0.566,0.536,-2.17%
2014/12/29,0.552,0.594,0.601,0.542,-6.44%
2014/12/28,0.59,0.59,0.59,0.59,0.00%
2014/12/24,0.59,0.596,0.597,0.59,-0.84%
2014/12/23,0.595,0.6,0.604,0.582,-1.49%
2014/12/22,0.604,0.596,0.613,0.59,1.68%
2014/12/19,0.594,0.614,0.635,0.59,-3.26%
2014/12/18,0.614,0.597,0.633,0.57,3.89%
2014/12/17,0.591,0.596,0.605,0.566,-2.15%
2014/12/16,0.604,0.628,0.637,0.566,-3.97%
2014/12/15,0.629,0.632,0.65,0.622,0.64%
2014/12/14,0.625,0.625,0.625,0.625,-0.16%
2014/12/12,0.626,0.663,0.664,0.618,-8.08%
2014/12/11,0.681,0.674,0.685,0.657,-0.29%
2014/12/10,0.683,0.695,0.697,0.672,-1.30%
2014/12/9,0.692,0.714,0.726,0.688,-3.49%
2014/12/8,0.717,0.777,0.789,0.714,-8.43%
2014/12/5,0.783,0.749,0.79,0.745,1.56%
2014/12/4,0.771,0.751,0.787,0.734,3.07%
2014/12/3,0.748,0.75,0.765,0.734,0.13%
2014/12/2,0.747,0.754,0.756,0.724,2.75%
2014/12/1,0.727,0.694,0.73,0.691,3.41%
2014/11/30,0.703,0.703,0.703,0.703,0.14%
2014/11/28,0.702,0.699,0.713,0.695,-0.28%
2014/11/27,0.704,0.737,0.74,0.697,-4.35%
2014/11/26,0.736,0.743,0.758,0.731,-2.00%
2014/11/25,0.751,0.775,0.778,0.748,-4.09%
2014/11/24,0.783,0.773,0.79,0.765,1.56%
2014/11/21,0.771,0.8,0.807,0.766,-3.75%
2014/11/20,0.801,0.839,0.845,0.79,-5.32%
2014/11/19,0.846,0.796,0.855,0.789,5.49%
2014/11/18,0.802,0.799,0.805,0.781,0.50%
2014/11/17,0.798,0.774,0.81,0.767,1.66%
2014/11/16,0.785,0.785,0.785,0.785,-0.76%
2014/11/14,0.791,0.798,0.802,0.783,-1.25%
2014/11/13,0.801,0.823,0.828,0.788,-1.23%
2014/11/12,0.811,0.823,0.824,0.793,-2.41%
2014/11/11,0.831,0.843,0.853,0.822,0.48%
2014/11/10,0.827,0.821,0.828,0.801,0.24%
2014/11/7,0.825,0.835,0.865,0.823,-0.60%
2014/11/6,0.83,0.819,0.858,0.817,0.48%
2014/11/5,0.826,0.819,0.834,0.814,1.85%
2014/11/4,0.811,0.84,0.851,0.802,-5.70%
2014/11/3,0.86,0.83,0.865,0.811,2.26%
2014/10/31,0.841,0.857,0.875,0.833,-0.59%
2014/10/30,0.846,0.897,0.903,0.832,-5.58%
2014/10/29,0.896,0.875,0.897,0.867,2.28%
2014/10/28,0.876,0.875,0.902,0.861,0.92%
2014/10/27,0.868,0.897,0.913,0.861,-2.25%
2014/10/24,0.888,0.888,0.894,0.859,-0.67%
2014/10/23,0.894,0.852,0.9,0.841,3.00%
2014/10/22,0.868,0.866,0.893,0.848,-0.80%
2014/10/21,0.875,0.836,0.892,0.824,2.46%
2014/10/20,0.854,0.858,0.862,0.823,-1.27%
2014/10/17,0.865,0.816,0.873,0.811,4.85%
2014/10/16,0.825,0.778,0.838,0.716,7.56%
2014/10/15,0.767,0.842,0.845,0.724,-8.69%
2014/10/14,0.84,0.891,0.902,0.837,-6.04%
2014/10/13,0.894,0.865,0.904,0.865,0.11%
2014/10/10,0.893,0.897,0.92,0.878,-1.00%
2014/10/9,0.902,0.893,0.906,0.859,-0.22%
2014/10/8,0.904,0.904,0.908,0.885,-0.33%
2014/10/7,0.907,0.9,0.929,0.892,-0.22%
2014/10/6,0.909,0.922,0.922,0.902,-2.47%
2014/10/3,0.932,0.925,0.95,0.919,1.97%
2014/10/2,0.914,0.899,0.936,0.897,0.88%
2014/10/1,0.906,0.949,0.955,0.897,-4.23%
2014/9/30,0.946,0.967,0.982,0.943,-1.97%
2014/9/29,0.965,0.968,0.989,0.951,-0.72%
2014/9/27,0.972,0.972,0.972,0.972,0.41%
2014/9/26,0.968,0.961,0.985,0.95,-1.12%
2014/9/25,0.979,1.013,1.015,0.968,-3.07%
2014/9/24,1.01,1.012,1.025,0.993,-0.20%
2014/9/23,1.012,1.013,1.022,1.01,-0.69%
2014/9/22,1.019,1.02,1.039,1.017,-2.39%
2014/9/19,1.044,1.097,1.113,1.04,-3.78%
2014/9/18,1.085,1.074,1.104,1.045,2.84%
2014/9/17,1.055,1.068,1.079,1.045,-0.94%
2014/9/16,1.065,1.058,1.069,1.031,-0.37%
2014/9/15,1.069,1.086,1.097,1.051,-1.84%
2014/9/13,1.089,1.089,1.089,1.089,0.28%
2014/9/12,1.086,1.054,1.099,1.054,8.17%
2014/9/11,1.004,1.003,1.01,0.973,0.40%
2014/9/10,1,1.003,1.032,0.996,-0.20%
2014/9/9,1.002,0.982,1.019,0.976,6.14%
2014/9/8,0.944,0.942,0.947,0.918,1.07%
2014/9/5,0.934,0.973,0.98,0.931,-3.21%
2014/9/4,0.965,0.946,0.983,0.903,0.84%
2014/9/3,0.957,0.935,0.971,0.927,2.90%
2014/9/2,0.93,0.89,0.945,0.887,5.20%
2014/9/1,0.884,0.892,0.897,0.88,-0.11%
2014/8/31,0.885,0.885,0.885,0.885,-0.34%
2014/8/29,0.888,0.876,0.91,0.873,0.57%
2014/8/28,0.883,0.901,0.915,0.868,-2.75%
2014/8/27,0.908,0.936,0.94,0.896,-3.81%
2014/8/26,0.944,0.942,0.953,0.932,-1.05%
2014/8/25,0.954,0.992,0.992,0.926,-3.34%
2014/8/22,0.987,0.991,1.005,0.964,-0.90%
2014/8/21,0.996,1,1.013,0.98,1.01%
2014/8/20,0.986,1.003,1.014,0.98,-1.79%
2014/8/19,1.004,1.021,1.022,0.988,-0.89%
2014/8/18,1.013,0.99,1.018,0.986,4.65%
2014/8/15,0.968,1.018,1.021,0.96,-4.72%
2014/8/14,1.016,1.022,1.025,1,-1.26%
2014/8/13,1.029,1.073,1.087,1.027,-3.11%
2014/8/12,1.062,1.069,1.072,1.048,-0.28%
2014/8/11,1.065,1.074,1.077,1.049,1.24%
2014/8/10,1.052,1.052,1.052,1.052,-0.09%
2014/8/8,1.053,1.04,1.066,1.023,-1.59%
2014/8/7,1.07,1.101,1.104,1.069,-3.08%
2014/8/6,1.104,1.155,1.159,1.096,-6.12%
2014/8/5,1.176,1.139,1.186,1.134,3.52%
2014/8/4,1.136,1.138,1.147,1.127,0.71%
2014/8/2,1.128,1.128,1.128,1.128,-1.05%
2014/8/1,1.14,1.172,1.195,1.134,-2.56%
2014/7/31,1.17,1.169,1.2,1.149,0.26%
2014/7/30,1.167,1.122,1.169,1.116,4.20%
2014/7/29,1.12,1.154,1.157,1.111,-2.69%
2014/7/28,1.151,1.149,1.167,1.135,0.26%
2014/7/27,1.148,1.148,1.148,1.148,0.17%
2014/7/25,1.146,1.172,1.186,1.143,-2.80%
2014/7/24,1.179,1.15,1.188,1.141,2.70%
2014/7/23,1.148,1.163,1.175,1.139,-2.30%
2014/7/22,1.175,1.153,1.183,1.15,2.35%
2014/7/21,1.148,1.153,1.161,1.139,-1.46%
2014/7/20,1.165,1.165,1.165,1.165,0.43%
2014/7/18,1.16,1.151,1.165,1.136,0.17%
2014/7/17,1.158,1.181,1.188,1.152,-3.18%
2014/7/16,1.196,1.216,1.216,1.19,-1.16%
2014/7/15,1.21,1.207,1.221,1.184,-0.08%
2014/7/14,1.211,1.217,1.218,1.202,0.50%
2014/7/12,1.205,1.205,1.205,1.205,0.08%
2014/7/11,1.204,1.203,1.223,1.196,0.25%
2014/7/10,1.201,1.216,1.216,1.168,-2.44%
2014/7/9,1.231,1.222,1.234,1.211,0.57%
2014/7/8,1.224,1.265,1.268,1.221,-2.70%
2014/7/7,1.258,1.267,1.277,1.254,-0.63%
2014/7/4,1.266,1.292,1.293,1.252,-2.31%
2014/7/3,1.296,1.289,1.334,1.288,0.93%
2014/7/2,1.284,1.254,1.287,1.236,2.88%
2014/7/1,1.248,1.256,1.265,1.239,-0.24%
2014/6/30,1.251,1.263,1.271,1.242,-0.95%
2014/6/27,1.263,1.243,1.266,1.241,1.69%
2014/6/26,1.242,1.269,1.276,1.238,-1.90%
2014/6/25,1.266,1.308,1.317,1.26,-4.16%
2014/6/24,1.321,1.33,1.334,1.312,-0.30%
2014/6/23,1.325,1.347,1.357,1.311,-1.78%
2014/6/20,1.349,1.329,1.362,1.327,1.43%
2014/6/19,1.33,1.349,1.354,1.306,-3.48%
2014/6/18,1.378,1.404,1.419,1.37,-1.85%
2014/6/17,1.404,1.356,1.409,1.352,3.69%
2014/6/16,1.354,1.362,1.365,1.343,-1.24%
2014/6/13,1.371,1.381,1.415,1.357,-1.22%
2014/6/12,1.388,1.412,1.418,1.379,-0.57%
2014/6/11,1.396,1.419,1.445,1.387,-1.06%
2014/6/10,1.411,1.37,1.415,1.367,2.25%
2014/6/9,1.38,1.371,1.386,1.351,1.69%
2014/6/6,1.357,1.39,1.399,1.332,-4.23%
2014/6/5,1.417,1.435,1.492,1.398,-1.39%
2014/6/4,1.437,1.411,1.444,1.401,1.84%
2014/6/3,1.411,1.361,1.421,1.36,3.22%
2014/6/2,1.367,1.36,1.369,1.334,0.74%
2014/5/30,1.357,1.372,1.381,1.352,0.37%
2014/5/29,1.352,1.334,1.356,1.331,1.12%
2014/5/28,1.337,1.381,1.388,1.334,-3.40%
2014/5/27,1.384,1.419,1.428,1.376,-2.19%
2014/5/26,1.415,1.413,1.433,1.401,0.21%
2014/5/25,1.412,1.412,1.412,1.412,0.00%
2014/5/24,1.412,1.419,1.419,1.412,0.00%
2014/5/23,1.412,1.417,1.422,1.402,3.82%
2014/5/22,1.36,1.383,1.388,1.348,-1.02%
2014/5/21,1.374,1.343,1.384,1.339,1.40%
2014/5/20,1.355,1.352,1.367,1.34,1.04%
2014/5/19,1.341,1.33,1.355,1.312,0.30%
2014/5/17,1.337,1.337,1.337,1.337,0.07%
2014/5/16,1.336,1.312,1.34,1.298,2.30%
2014/5/15,1.306,1.383,1.386,1.302,-5.16%
2014/5/14,1.377,1.426,1.426,1.371,-3.16%
2014/5/13,1.422,1.47,1.474,1.417,-3.00%
2014/5/12,1.466,1.466,1.475,1.456,0.48%
2014/5/9,1.459,1.448,1.466,1.439,0.90%
2014/5/8,1.446,1.476,1.492,1.443,-1.77%
2014/5/7,1.472,1.454,1.495,1.444,0.55%
2014/5/6,1.464,1.46,1.482,1.451,0.27%
2014/5/5,1.46,1.447,1.463,1.439,0.55%
2014/5/2,1.452,1.457,1.506,1.448,-1.22%
2014/4/30,1.47,1.497,1.522,1.468,-2.39%
2014/4/29,1.506,1.505,1.538,1.501,0.40%
2014/4/28,1.5,1.494,1.513,1.485,1.15%
2014/4/25,1.483,1.514,1.517,1.477,-3.26%
2014/4/24,1.533,1.533,1.558,1.509,0.92%
2014/4/23,1.519,1.531,1.549,1.513,-1.56%
2014/4/22,1.543,1.528,1.551,1.522,1.85%
2014/4/17,1.515,1.487,1.515,1.481,1.95%
2014/4/16,1.486,1.49,1.503,1.482,0.75%
2014/4/15,1.475,1.528,1.532,1.472,-3.47%
2014/4/14,1.528,1.493,1.533,1.493,1.46%
2014/4/11,1.506,1.541,1.541,1.49,-1.25%
2014/4/10,1.525,1.553,1.557,1.516,-3.42%
2014/4/9,1.579,1.559,1.589,1.555,1.15%
2014/4/8,1.561,1.554,1.571,1.542,1.10%
2014/4/7,1.544,1.548,1.571,1.535,-0.83%
2014/4/4,1.557,1.608,1.628,1.552,-2.93%
2014/4/3,1.604,1.614,1.64,1.6,-0.74%
2014/4/2,1.616,1.582,1.621,1.581,2.21%
2014/4/1,1.581,1.573,1.588,1.567,0.70%
2014/3/31,1.57,1.561,1.597,1.55,1.23%
2014/3/28,1.551,1.539,1.566,1.513,1.04%
2014/3/27,1.535,1.559,1.564,1.527,-2.23%
2014/3/26,1.57,1.58,1.583,1.553,-0.25%
2014/3/25,1.574,1.58,1.591,1.568,-0.51%
2014/3/24,1.582,1.642,1.656,1.581,-3.12%
2014/3/21,1.633,1.644,1.65,1.631,-1.09%
2014/3/20,1.651,1.637,1.67,1.626,3.25%
2014/3/19,1.599,1.569,1.605,1.569,1.78%
2014/3/18,1.571,1.567,1.584,1.551,0.26%
2014/3/17,1.567,1.547,1.572,1.541,1.29%
2014/3/14,1.547,1.527,1.554,1.506,-0.06%
2014/3/13,1.548,1.595,1.602,1.547,-3.07%
2014/3/12,1.597,1.623,1.624,1.577,-2.56%
2014/3/11,1.639,1.639,1.661,1.611,0.68%
2014/3/10,1.628,1.634,1.657,1.618,-1.63%
2014/3/9,1.655,1.655,1.655,1.655,0.12%
2014/3/7,1.653,1.648,1.683,1.632,0.12%
2014/3/6,1.651,1.615,1.672,1.613,3.06%
2014/3/5,1.602,1.605,1.63,1.6,0.12%
2014/3/4,1.6,1.584,1.607,1.576,2.50%
2014/3/3,1.561,1.58,1.588,1.555,-4.06%
2014/2/28,1.627,1.568,1.64,1.557,3.76%
2014/2/27,1.568,1.603,1.606,1.547,-2.97%
2014/2/26,1.616,1.656,1.663,1.609,-2.12%
2014/2/25,1.651,1.678,1.695,1.649,-1.67%
2014/2/24,1.679,1.662,1.686,1.657,0.72%
2014/2/21,1.667,1.69,1.694,1.658,-1.65%
2014/2/20,1.695,1.664,1.702,1.635,1.86%
2014/2/19,1.664,1.668,1.676,1.633,-0.54%
2014/2/18,1.673,1.696,1.698,1.656,-0.77%
2014/2/17,1.686,1.682,1.704,1.682,-0.06%
2014/2/14,1.687,1.67,1.694,1.666,0.96%
2014/2/13,1.671,1.696,1.702,1.654,-3.07%
2014/2/12,1.724,1.692,1.726,1.68,2.19%
2014/2/11,1.687,1.694,1.702,1.677,0.30%
2014/2/10,1.682,1.667,1.686,1.655,1.26%
2014/2/7,1.661,1.691,1.693,1.649,-2.01%
2014/2/6,1.695,1.649,1.705,1.638,3.29%
2014/2/5,1.641,1.647,1.652,1.599,-0.61%
2014/2/4,1.651,1.633,1.659,1.63,0.12%
2014/2/3,1.649,1.659,1.681,1.644,-0.60%
2014/1/31,1.659,1.699,1.702,1.645,2.47%
2014/1/30,1.619,1.63,1.644,1.603,-1.52%
2014/1/29,1.644,1.689,1.699,1.637,-1.97%
2014/1/28,1.677,1.678,1.696,1.67,0.36%
2014/1/27,1.671,1.662,1.683,1.657,0.97%
2014/1/24,1.655,1.683,1.695,1.638,-3.44%
2014/1/23,1.714,1.75,1.765,1.704,-2.34%
2014/1/22,1.755,1.75,1.768,1.738,0.69%
2014/1/21,1.743,1.75,1.773,1.739,0.17%
2014/1/20,1.74,1.752,1.76,1.729,-0.85%
2014/1/17,1.755,1.778,1.78,1.751,-1.24%
2014/1/16,1.777,1.825,1.827,1.774,-2.74%
2014/1/15,1.827,1.828,1.843,1.807,0.61%
2014/1/14,1.816,1.806,1.822,1.802,-0.06%
2014/1/13,1.817,1.841,1.854,1.815,-1.57%
2014/1/10,1.846,1.903,1.904,1.839,-3.35%
2014/1/9,1.91,1.907,1.93,1.883,0.26%
2014/1/8,1.905,1.893,1.91,1.873,0.85%
2014/1/7,1.889,1.907,1.912,1.881,-1.00%
2014/1/6,1.908,1.927,1.928,1.905,-1.85%
2014/1/3,1.944,1.941,1.958,1.929,-0.10%
2014/1/2,1.946,1.963,1.971,1.933,0.26%
2013/12/31,1.941,1.941,1.941,1.941,0.00%
2013/12/30,1.941,1.961,1.964,1.937,-0.51%
2013/12/27,1.951,1.902,1.954,1.902,3.67%
2013/12/25,1.882,1.882,1.882,1.882,0.00%
2013/12/24,1.882,1.882,1.882,1.882,0.00%
2013/12/23,1.882,1.877,1.894,1.869,0.86%
2013/12/20,1.866,1.879,1.906,1.862,-0.53%
2013/12/19,1.876,1.854,1.89,1.84,1.90%
2013/12/18,1.841,1.83,1.848,1.817,0.71%
2013/12/17,1.828,1.838,1.846,1.82,-0.33%
2013/12/16,1.834,1.817,1.842,1.812,0.33%
2013/12/13,1.828,1.837,1.852,1.827,-0.76%
2013/12/12,1.842,1.84,1.855,1.816,0.93%
2013/12/11,1.825,1.837,1.845,1.822,-0.60%
2013/12/10,1.836,1.845,1.845,1.815,-0.33%
2013/12/9,1.842,1.847,1.855,1.829,0.27%
2013/12/6,1.837,1.875,1.891,1.835,-1.29%
2013/12/5,1.861,1.813,1.869,1.8,2.31%
2013/12/4,1.819,1.74,1.82,1.735,5.45%
2013/12/3,1.725,1.738,1.76,1.715,-0.81%
2013/12/2,1.739,1.702,1.753,1.697,2.90%
2013/11/29,1.69,1.691,1.714,1.683,-0.59%
2013/11/28,1.7,1.713,1.746,1.695,-0.29%
2013/11/27,1.705,1.703,1.714,1.689,0.83%
2013/11/26,1.691,1.722,1.732,1.688,-2.08%
2013/11/25,1.727,1.759,1.76,1.719,-1.26%
2013/11/22,1.749,1.74,1.777,1.734,0.46%
2013/11/21,1.741,1.775,1.784,1.74,1.10%
2013/11/20,1.722,1.734,1.762,1.702,0.12%
2013/11/19,1.72,1.683,1.725,1.679,2.14%
2013/11/18,1.684,1.707,1.722,1.68,-1.46%
2013/11/17,1.709,1.709,1.709,1.709,0.00%
2013/11/15,1.709,1.712,1.734,1.7,0.41%
2013/11/14,1.702,1.722,1.731,1.695,-2.01%
2013/11/13,1.737,1.78,1.793,1.73,-2.85%
2013/11/12,1.788,1.759,1.796,1.757,2.00%
2013/11/11,1.753,1.757,1.76,1.732,-0.57%
2013/11/8,1.763,1.69,1.771,1.679,4.38%
2013/11/7,1.689,1.742,1.758,1.678,-3.32%
2013/11/6,1.747,1.728,1.756,1.722,0.11%
2013/11/5,1.745,1.686,1.75,1.681,3.56%
2013/11/4,1.685,1.693,1.693,1.671,-0.41%
2013/11/3,1.692,1.692,1.692,1.692,-0.06%
2013/11/1,1.693,1.674,1.703,1.663,0.83%
2013/10/31,1.679,1.71,1.712,1.651,-0.65%
2013/10/30,1.69,1.717,1.724,1.688,-2.99%
2013/10/29,1.742,1.752,1.767,1.734,-0.57%
2013/10/28,1.752,1.763,1.766,1.74,-0.06%
2013/10/27,1.753,1.753,1.753,1.753,-0.06%
2013/10/25,1.754,1.768,1.773,1.749,-0.79%
2013/10/24,1.768,1.779,1.781,1.737,0.11%
2013/10/23,1.766,1.786,1.795,1.762,-1.67%
2013/10/22,1.796,1.849,1.857,1.79,-2.76%
2013/10/21,1.847,1.836,1.855,1.83,0.60%
2013/10/20,1.836,1.831,1.836,1.831,0.00%
2013/10/18,1.836,1.867,1.878,1.818,-1.71%
2013/10/17,1.868,1.891,1.906,1.862,-3.26%
2013/10/16,1.931,1.917,1.946,1.906,1.05%
2013/10/15,1.911,1.902,1.913,1.876,2.80%
2013/10/14,1.859,1.857,1.872,1.845,-0.16%
2013/10/11,1.862,1.85,1.883,1.848,-0.32%
2013/10/10,1.868,1.847,1.88,1.825,3.03%
2013/10/9,1.813,1.814,1.824,1.778,0.11%
2013/10/8,1.811,1.811,1.835,1.809,0.50%
2013/10/7,1.802,1.817,1.821,1.79,-1.64%
2013/10/6,1.832,1.832,1.832,1.832,-0.05%
2013/10/4,1.833,1.814,1.845,1.799,1.33%
2013/10/3,1.809,1.814,1.852,1.806,0.11%
2013/10/2,1.807,1.804,1.837,1.786,0.06%
2013/10/1,1.806,1.783,1.816,1.77,1.46%
2013/9/30,1.78,1.76,1.805,1.743,0.00%
2013/9/29,1.78,1.78,1.78,1.78,0.00%
2013/9/27,1.78,1.833,1.839,1.772,-2.63%
2013/9/26,1.828,1.83,1.843,1.809,0.33%
2013/9/25,1.822,1.843,1.863,1.82,-1.62%
2013/9/24,1.852,1.919,1.922,1.849,-3.44%
2013/9/23,1.918,1.944,1.981,1.914,-1.49%
2013/9/22,1.947,1.947,1.947,1.947,-0.31%
2013/9/20,1.953,1.927,1.971,1.905,1.40%
2013/9/19,1.926,1.868,1.935,1.864,-3.89%
2013/9/18,2.004,1.967,2.016,1.954,1.57%
2013/9/17,1.973,1.951,1.977,1.934,2.23%
2013/9/16,1.93,1.934,1.949,1.915,-2.23%
2013/9/15,1.974,1.974,1.974,1.974,-0.05%
2013/9/13,1.975,2.033,2.048,1.962,1.33%
2013/9/12,1.949,1.962,1.978,1.928,-2.70%
2013/9/11,2.003,2.035,2.037,1.992,-1.18%
2013/9/10,2.027,1.992,2.047,1.982,3.74%
2013/9/9,1.954,1.96,1.977,1.942,0.26%
2013/9/8,1.949,1.949,1.949,1.949,0.00%
2013/9/7,1.949,1.949,1.949,1.949,0.10%
2013/9/6,1.947,2.048,2.05,1.934,-4.61%
2013/9/5,2.041,1.971,2.048,1.964,5.48%
2013/9/4,1.935,1.934,1.955,1.918,-0.62%
2013/9/3,1.947,1.903,1.955,1.891,2.26%
2013/9/2,1.904,1.902,1.932,1.891,2.53%
2013/9/1,1.857,1.857,1.857,1.857,0.11%
2013/8/30,1.855,1.859,1.872,1.829,-0.16%
2013/8/29,1.858,1.888,1.903,1.847,-1.06%
2013/8/28,1.878,1.832,1.888,1.822,1.57%
2013/8/27,1.849,1.904,1.907,1.84,-2.43%
2013/8/26,1.895,1.93,1.934,1.885,-1.92%
2013/8/23,1.932,1.916,1.981,1.912,0.52%
2013/8/22,1.922,1.917,1.945,1.899,2.56%
2013/8/21,1.874,1.854,1.893,1.836,1.90%
2013/8/20,1.839,1.873,1.883,1.836,-3.01%
2013/8/19,1.896,1.909,1.921,1.873,1.01%
2013/8/16,1.877,1.885,1.886,1.861,-0.42%
2013/8/15,1.885,1.814,1.907,1.801,4.14%
2013/8/14,1.81,1.824,1.842,1.794,-0.17%
2013/8/13,1.813,1.726,1.819,1.721,6.58%
2013/8/12,1.701,1.676,1.72,1.676,1.61%
2013/8/11,1.674,1.674,1.674,1.674,0.00%
2013/8/10,1.674,1.674,1.674,1.674,-0.48%
2013/8/9,1.682,1.704,1.705,1.664,0.12%
2013/8/8,1.68,1.673,1.706,1.648,-0.83%
2013/8/7,1.694,1.698,1.724,1.663,-0.59%
2013/8/6,1.704,1.692,1.72,1.684,0.77%
2013/8/5,1.691,1.649,1.696,1.625,1.99%
2013/8/2,1.658,1.678,1.734,1.642,-0.84%
2013/8/1,1.672,1.625,1.684,1.595,-0.24%
2013/7/31,1.676,1.663,1.713,1.635,0.60%
2013/7/30,1.666,1.669,1.682,1.655,0.06%
2013/7/29,1.665,1.658,1.689,1.646,-0.06%
2013/7/26,1.666,1.664,1.693,1.646,-0.89%
2013/7/25,1.681,1.657,1.696,1.641,2.06%
2013/7/24,1.647,1.545,1.651,1.539,6.05%
2013/7/23,1.553,1.517,1.573,1.512,2.24%
2013/7/22,1.519,1.516,1.533,1.508,-0.39%
2013/7/19,1.525,1.515,1.538,1.504,0.53%
2013/7/18,1.517,1.541,1.541,1.505,-1.56%
2013/7/17,1.541,1.548,1.593,1.535,-0.45%
2013/7/16,1.548,1.572,1.589,1.546,-1.78%
2013/7/15,1.576,1.548,1.587,1.548,1.42%
2013/7/12,1.554,1.6,1.605,1.537,-4.31%
2013/7/11,1.624,1.609,1.64,1.602,-1.75%
2013/7/10,1.653,1.637,1.665,1.625,0.12%
2013/7/9,1.651,1.699,1.707,1.646,-3.11%
2013/7/8,1.704,1.707,1.731,1.694,-1.10%
2013/7/5,1.723,1.658,1.738,1.651,4.42%
2013/7/4,1.65,1.68,1.683,1.598,-1.26%
2013/7/3,1.671,1.675,1.676,1.629,-2.28%
2013/7/2,1.71,1.72,1.731,1.69,-0.64%
2013/7/1,1.721,1.74,1.768,1.711,-0.52%
2013/6/28,1.73,1.715,1.77,1.696,0.12%
2013/6/27,1.728,1.769,1.78,1.696,-2.15%
2013/6/26,1.766,1.803,1.81,1.735,-1.94%
2013/6/25,1.801,1.791,1.832,1.76,-1.21%
2013/6/24,1.823,1.775,1.855,1.761,5.31%
2013/6/23,1.731,1.731,1.731,1.731,-0.52%
2013/6/21,1.74,1.673,1.742,1.668,4.57%
2013/6/20,1.664,1.668,1.679,1.627,6.53%
2013/6/19,1.562,1.564,1.571,1.533,-0.57%
2013/6/18,1.571,1.541,1.581,1.532,3.15%
2013/6/17,1.523,1.541,1.547,1.506,0.53%
2013/6/16,1.515,1.515,1.515,1.515,0.13%
2013/6/14,1.513,1.542,1.543,1.509,-3.38%
2013/6/13,1.566,1.572,1.586,1.551,-1.76%
2013/6/12,1.594,1.607,1.621,1.584,-0.75%
2013/6/11,1.606,1.602,1.657,1.59,1.13%
2013/6/10,1.588,1.555,1.596,1.523,2.78%
2013/6/8,1.545,1.545,1.545,1.545,-0.06%
2013/6/7,1.546,1.52,1.556,1.485,0.65%
2013/6/6,1.536,1.517,1.569,1.494,1.39%
2013/6/5,1.515,1.54,1.557,1.512,-2.32%
2013/6/4,1.551,1.549,1.57,1.538,1.97%
2013/6/3,1.521,1.503,1.577,1.5,0.66%
2013/5/31,1.511,1.502,1.537,1.454,-0.40%
2013/5/30,1.517,1.517,1.533,1.501,-1.56%
2013/5/29,1.541,1.523,1.552,1.506,2.12%
2013/5/28,1.509,1.478,1.513,1.451,3.50%
2013/5/27,1.458,1.436,1.461,1.424,1.67%
2013/5/25,1.434,1.434,1.434,1.434,0.21%
2013/5/24,1.431,1.439,1.474,1.411,1.85%
2013/5/23,1.405,1.387,1.415,1.34,2.33%
2013/5/22,1.373,1.382,1.405,1.335,-2.28%
2013/5/21,1.405,1.363,1.418,1.359,2.33%
2013/5/20,1.373,1.357,1.376,1.325,4.33%
2013/5/17,1.316,1.336,1.337,1.289,-1.05%
2013/5/16,1.33,1.368,1.394,1.322,-3.55%
2013/5/15,1.379,1.39,1.408,1.35,0.36%
2013/5/14,1.374,1.368,1.38,1.347,1.25%
2013/5/13,1.357,1.389,1.391,1.341,-2.09%
2013/5/10,1.386,1.292,1.386,1.292,9.22%
2013/5/9,1.269,1.272,1.277,1.236,-0.08%
2013/5/8,1.27,1.301,1.306,1.265,-2.08%
2013/5/7,1.297,1.246,1.31,1.233,4.34%
2013/5/6,1.243,1.245,1.26,1.226,-0.16%
2013/5/3,1.245,1.169,1.257,1.161,6.59%
2013/5/2,1.168,1.194,1.241,1.153,-3.55%
2013/4/30,1.211,1.212,1.213,1.182,1.00%
2013/4/29,1.199,1.209,1.231,1.192,-0.83%
2013/4/26,1.209,1.224,1.231,1.204,-2.66%
2013/4/25,1.242,1.245,1.253,1.224,0.24%
2013/4/24,1.239,1.267,1.29,1.232,-1.04%
2013/4/23,1.252,1.231,1.264,1.194,1.87%
2013/4/22,1.229,1.262,1.281,1.221,-1.84%
2013/4/19,1.252,1.24,1.268,1.231,1.46%
2013/4/18,1.234,1.23,1.265,1.219,0.33%
2013/4/17,1.23,1.273,1.306,1.224,-3.45%
2013/4/16,1.274,1.245,1.279,1.24,2.08%
2013/4/15,1.248,1.257,1.28,1.238,-0.87%
2013/4/12,1.259,1.303,1.308,1.248,-3.75%
2013/4/11,1.308,1.304,1.336,1.286,0.31%
2013/4/10,1.304,1.276,1.307,1.273,3.33%
2013/4/9,1.262,1.247,1.286,1.237,2.02%
2013/4/8,1.237,1.217,1.25,1.215,2.23%
2013/4/5,1.21,1.249,1.261,1.199,-3.20%
2013/4/4,1.25,1.278,1.29,1.237,-3.10%
2013/4/3,1.29,1.308,1.317,1.278,-1.15%
2013/4/2,1.305,1.276,1.319,1.27,1.79%
2013/3/28,1.282,1.269,1.295,1.249,0.31%
2013/3/27,1.278,1.332,1.338,1.267,-4.70%
2013/3/26,1.341,1.35,1.368,1.332,-0.22%
2013/3/25,1.344,1.406,1.415,1.326,-2.47%
2013/3/22,1.378,1.342,1.389,1.335,1.03%
2013/3/21,1.364,1.386,1.4,1.349,-1.66%
2013/3/20,1.387,1.352,1.407,1.352,2.74%
2013/3/19,1.35,1.397,1.407,1.342,-3.85%
2013/3/18,1.404,1.363,1.411,1.36,-3.31%
2013/3/15,1.452,1.475,1.487,1.445,-1.56%
2013/3/14,1.475,1.478,1.502,1.467,-0.07%
2013/3/13,1.476,1.491,1.496,1.456,-0.34%
2013/3/12,1.481,1.513,1.524,1.464,-1.92%
2013/3/11,1.51,1.5,1.512,1.491,-1.05%
2013/3/8,1.526,1.502,1.542,1.483,2.14%
2013/3/7,1.494,1.456,1.51,1.439,2.75%
2013/3/6,1.454,1.459,1.477,1.446,0.28%
2013/3/5,1.45,1.432,1.459,1.424,2.18%
2013/3/4,1.419,1.397,1.431,1.391,0.42%
2013/3/1,1.413,1.442,1.468,1.404,-3.09%
2013/2/28,1.458,1.455,1.471,1.436,0.55%
2013/2/27,1.45,1.448,1.469,1.419,-0.48%
2013/2/26,1.457,1.473,1.499,1.448,-7.61%
2013/2/25,1.577,1.572,1.635,1.562,0.57%
2013/2/22,1.568,1.584,1.605,1.558,-0.76%
2013/2/21,1.58,1.629,1.637,1.574,-4.93%
2013/2/20,1.662,1.642,1.68,1.637,2.59%
2013/2/19,1.62,1.627,1.642,1.607,-0.67%
2013/2/18,1.631,1.648,1.648,1.613,-1.69%
2013/2/15,1.659,1.628,1.666,1.599,1.41%
2013/2/14,1.636,1.677,1.697,1.63,-2.50%
2013/2/13,1.678,1.635,1.699,1.633,2.25%
2013/2/12,1.641,1.605,1.653,1.596,1.86%
2013/2/11,1.611,1.589,1.632,1.588,0.06%
2013/2/8,1.61,1.616,1.631,1.585,0.31%
2013/2/7,1.605,1.635,1.665,1.593,-1.77%
2013/2/6,1.634,1.657,1.661,1.612,-1.63%
2013/2/5,1.661,1.617,1.681,1.597,2.53%
2013/2/4,1.62,1.714,1.715,1.615,-2.70%
2013/2/1,1.665,1.702,1.707,1.634,-0.72%
2013/1/31,1.677,1.679,1.709,1.656,-2.33%
2013/1/30,1.717,1.703,1.734,1.677,1.48%
2013/1/29,1.692,1.689,1.699,1.654,-0.24%
2013/1/28,1.696,1.658,1.712,1.636,3.54%
2013/1/25,1.638,1.577,1.653,1.556,4.07%
2013/1/24,1.574,1.549,1.582,1.505,1.88%
2013/1/23,1.545,1.563,1.585,1.536,-1.97%
2013/1/22,1.576,1.594,1.627,1.569,-1.19%
2013/1/21,1.595,1.57,1.6,1.558,2.37%
2013/1/18,1.558,1.627,1.642,1.557,1.10%
2013/1/17,1.541,1.479,1.561,1.472,2.73%
2013/1/16,1.5,1.513,1.518,1.473,-0.13%
2013/1/15,1.502,1.539,1.549,1.496,-2.91%
2013/1/14,1.547,1.572,1.574,1.533,-2.34%
2013/1/11,1.584,1.564,1.612,1.551,1.93%
2013/1/10,1.554,1.482,1.57,1.471,4.93%
2013/1/9,1.481,1.505,1.513,1.462,-0.54%
2013/1/8,1.489,1.503,1.522,1.482,-1.85%
2013/1/7,1.517,1.533,1.544,1.508,-1.81%
2013/1/4,1.545,1.505,1.564,1.488,4.82%
2013/1/3,1.474,1.446,1.484,1.429,2.22%
2013/1/2,1.442,1.372,1.451,1.371,10.41%
2012/12/28,1.306,1.324,1.326,1.292,-1.58%
2012/12/27,1.327,1.388,1.395,1.317,-3.84%
2012/12/21,1.38,1.394,1.409,1.376,-2.82%
2012/12/20,1.42,1.42,1.432,1.402,-0.28%
2012/12/19,1.424,1.421,1.46,1.411,0.42%
2012/12/18,1.418,1.393,1.423,1.373,3.50%
2012/12/17,1.37,1.381,1.383,1.358,1.11%
2012/12/14,1.355,1.379,1.381,1.338,0.30%
2012/12/13,1.351,1.354,1.37,1.312,0.97%
2012/12/12,1.338,1.324,1.352,1.322,1.29%
2012/12/11,1.321,1.304,1.335,1.289,1.30%
2012/12/10,1.304,1.296,1.308,1.258,0.62%
2012/12/7,1.296,1.299,1.318,1.281,0.00%
2012/12/6,1.296,1.339,1.357,1.29,-3.14%
2012/12/5,1.338,1.407,1.411,1.333,-3.88%
2012/12/4,1.392,1.415,1.428,1.387,-1.21%
2012/12/3,1.409,1.369,1.451,1.361,1.88%
2012/11/30,1.383,1.382,1.389,1.356,0.51%
2012/11/29,1.376,1.382,1.4,1.372,0.15%
2012/11/28,1.374,1.428,1.431,1.35,-4.32%
2012/11/27,1.436,1.459,1.462,1.42,1.70%
2012/11/26,1.412,1.436,1.439,1.407,-1.81%
2012/11/23,1.438,1.441,1.45,1.407,0.21%
2012/11/22,1.435,1.432,1.449,1.427,-0.07%
2012/11/21,1.436,1.398,1.439,1.397,1.41%
2012/11/20,1.416,1.347,1.419,1.338,4.58%
2012/11/19,1.354,1.342,1.368,1.34,2.73%
2012/11/16,1.318,1.336,1.355,1.315,-1.72%
2012/11/15,1.341,1.33,1.362,1.325,0.00%
2012/11/14,1.341,1.344,1.373,1.332,-0.45%
2012/11/13,1.347,1.334,1.358,1.316,0.07%
2012/11/12,1.346,1.346,1.357,1.334,0.15%
2012/11/9,1.344,1.361,1.363,1.315,-1.54%
2012/11/8,1.365,1.379,1.399,1.35,-0.94%
2012/11/7,1.378,1.453,1.467,1.365,-3.84%
2012/11/6,1.433,1.442,1.443,1.414,0.49%
2012/11/5,1.426,1.437,1.446,1.416,-1.79%
2012/11/2,1.452,1.469,1.494,1.437,-0.68%
2012/11/1,1.462,1.468,1.487,1.458,0.21%
2012/10/31,1.459,1.48,1.512,1.459,-1.15%
2012/10/30,1.476,1.456,1.495,1.452,1.44%
2012/10/29,1.455,1.511,1.523,1.45,-5.76%
2012/10/26,1.544,1.553,1.568,1.509,-2.22%
2012/10/25,1.579,1.589,1.627,1.572,0.57%
2012/10/24,1.57,1.594,1.602,1.554,0.06%
2012/10/23,1.569,1.569,1.569,1.569,-3.45%
2012/10/22,1.625,1.625,1.625,1.625,1.31%
2012/10/19,1.604,1.604,1.604,1.604,-0.31%
2012/10/18,1.609,1.609,1.609,1.609,-1.17%
2012/10/17,1.628,1.628,1.628,1.628,5.51%
2012/10/16,1.543,1.543,1.543,1.543,5.61%
2012/10/15,1.461,1.461,1.461,1.461,0.07%
2012/10/12,1.46,1.46,1.46,1.46,-3.69%
2012/10/11,1.516,1.516,1.516,1.516,0.40%
2012/10/10,1.51,1.51,1.51,1.51,0.94%
2012/10/9,1.496,1.496,1.496,1.496,1.22%
2012/10/8,1.478,1.478,1.478,1.478,-3.02%
2012/10/5,1.524,1.524,1.524,1.524,4.38%
2012/10/4,1.46,1.46,1.46,1.46,0.97%
2012/10/3,1.446,1.446,1.446,1.446,-1.03%
2012/10/2,1.461,1.461,1.461,1.461,-1.22%
2012/10/1,1.479,1.479,1.479,1.479,3.94%
2012/9/28,1.423,1.423,1.423,1.423,-2.13%
2012/9/27,1.454,1.454,1.454,1.454,-0.62%
2012/9/26,1.463,1.463,1.463,1.463,-6.46%
2012/9/25,1.564,1.564,1.564,1.564,-0.06%
2012/9/24,1.565,1.565,1.565,1.565,-2.37%
2012/9/21,1.603,1.603,1.603,1.603,1.97%
2012/9/20,1.572,1.572,1.572,1.572,-1.69%
2012/9/19,1.599,1.599,1.599,1.599,-1.90%
2012/9/18,1.63,1.63,1.63,1.63,-3.44%
2012/9/17,1.688,1.688,1.688,1.688,-1.29%
2012/9/14,1.71,1.71,1.71,1.71,9.62%
2012/9/13,1.56,1.56,1.56,1.56,-5.05%
2012/9/12,1.643,1.643,1.643,1.643,6.55%
2012/9/11,1.542,1.542,1.542,1.542,-0.39%
2012/9/10,1.548,1.548,1.548,1.548,1.38%
2012/9/7,1.527,1.527,1.527,1.527,-1.74%
2012/9/6,1.554,1.554,1.554,1.554,10.06%
2012/9/5,1.412,1.412,1.412,1.412,2.77%
2012/9/4,1.374,1.374,1.374,1.374,1.55%
2012/9/3,1.353,1.353,1.353,1.353,0.45%
2012/8/31,1.347,1.347,1.347,1.347,1.81%
2012/8/30,1.323,1.323,1.323,1.323,-3.78%
2012/8/29,1.375,1.375,1.375,1.375,2.38%
2012/8/28,1.343,1.343,1.343,1.343,-1.03%
2012/8/27,1.357,1.357,1.357,1.357,1.80%
2012/8/24,1.333,1.333,1.333,1.333,-2.42%
2012/8/23,1.366,1.366,1.366,1.366,-6.69%
2012/8/22,1.464,1.464,1.464,1.464,-5.85%
2012/8/21,1.555,1.555,1.555,1.555,4.01%
2012/8/20,1.495,1.495,1.495,1.495,0.07%
2012/8/17,1.494,1.494,1.494,1.494,-2.23%
2012/8/16,1.528,1.528,1.528,1.528,-1.23%
2012/8/15,1.547,1.547,1.547,1.547,5.38%
2012/8/14,1.468,1.468,1.468,1.468,4.26%
2012/8/13,1.408,1.408,1.408,1.408,2.40%
2012/8/10,1.375,1.375,1.375,1.375,-5.37%
2012/8/9,1.453,1.453,1.453,1.453,3.12%
2012/8/8,1.409,1.409,1.409,1.409,-4.80%
2012/8/7,1.48,1.48,1.48,1.48,6.40%
2012/8/6,1.391,1.391,1.391,1.391,-1.49%
2012/8/3,1.412,1.412,1.412,1.412,9.97%
2012/8/2,1.284,1.284,1.284,1.284,-7.96%
2012/8/1,1.395,1.395,1.395,1.395,7.97%
2012/7/31,1.292,1.292,1.292,1.292,-7.32%
2012/7/30,1.394,1.394,1.394,1.394,0.14%
2012/7/27,1.392,1.392,1.392,1.392,4.74%
2012/7/26,1.329,1.329,1.329,1.329,5.39%
2012/7/25,1.261,1.261,1.261,1.261,1.12%
2012/7/24,1.247,1.247,1.247,1.247,6.22%
2012/7/23,1.174,1.174,1.174,1.174,1.03%
2012/7/20,1.162,1.162,1.162,1.162,-4.83%
2012/7/19,1.221,1.221,1.221,1.221,1.08%
2012/7/18,1.208,1.208,1.208,1.208,-2.11%
2012/7/17,1.234,1.234,1.234,1.234,1.15%
2012/7/16,1.22,1.22,1.22,1.22,-3.40%
2012/7/13,1.263,1.263,1.263,1.263,1.45%
2012/7/12,1.245,1.245,1.245,1.245,-2.89%
2012/7/11,1.282,1.282,1.282,1.282,-3.46%
2012/7/10,1.328,1.328,1.328,1.328,0.61%
2012/7/9,1.32,1.32,1.32,1.32,-1.27%
2012/7/6,1.337,1.337,1.337,1.337,-4.98%
2012/7/5,1.407,1.407,1.407,1.407,-4.29%
2012/7/4,1.47,1.47,1.47,1.47,-3.10%
2012/7/3,1.517,1.517,1.517,1.517,0.40%
2012/7/2,1.511,1.511,1.511,1.511,-5.86%
2012/6/29,1.605,1.605,1.605,1.605,6.79%
2012/6/28,1.503,1.503,1.503,1.503,-3.65%
2012/6/27,1.56,1.56,1.56,1.56,2.90%
2012/6/26,1.516,1.516,1.516,1.516,3.20%
2012/6/25,1.469,1.469,1.469,1.469,-6.85%
2012/6/22,1.577,1.577,1.577,1.577,2.27%
2012/6/21,1.542,1.542,1.542,1.542,-5.34%
2012/6/20,1.629,1.629,1.629,1.629,7.88%
2012/6/19,1.51,1.51,1.51,1.51,6.71%
2012/6/18,1.415,1.415,1.415,1.415,-1.32%
2012/6/15,1.434,1.434,1.434,1.434,-3.17%
2012/6/14,1.481,1.481,1.481,1.481,-0.54%
2012/6/13,1.489,1.489,1.489,1.489,6.13%
2012/6/12,1.403,1.403,1.403,1.403,5.89%
2012/6/11,1.325,1.325,1.325,1.325,0.68%
2012/6/8,1.316,1.316,1.316,1.316,-4.78%
2012/6/7,1.382,1.382,1.382,1.382,6.97%
2012/6/6,1.292,1.292,1.292,1.292,5.90%
2012/6/5,1.22,1.22,1.22,1.22,-0.25%
2012/6/4,1.223,1.223,1.223,1.223,3.82%
2012/6/1,1.178,1.178,1.178,1.178,-3.36%
2012/5/31,1.219,1.219,1.219,1.219,-5.21%
2012/5/30,1.286,1.286,1.286,1.286,-5.99%
2012/5/29,1.368,1.368,1.368,1.368,0.59%
2012/5/28,1.36,1.36,1.36,1.36,-1.16%
2012/5/25,1.376,1.376,1.376,1.376,-1.36%
2012/5/24,1.395,1.395,1.395,1.395,0.79%
2012/5/23,1.384,1.384,1.384,1.384,-6.36%
2012/5/22,1.478,1.478,1.478,1.478,2.21%
2012/5/21,1.446,1.446,1.446,1.446,1.47%
2012/5/18,1.425,1.425,1.425,1.425,-0.42%
2012/5/17,1.431,1.431,1.431,1.431,-4.79%
2012/5/16,1.503,1.503,1.503,1.503,2.45%
2012/5/15,1.467,1.467,1.467,1.467,1.87%
2012/5/14,1.44,1.44,1.44,1.44,-5.64%
2012/5/11,1.526,1.526,1.526,1.526,-1.36%
2012/5/10,1.547,1.547,1.547,1.547,2.93%
2012/5/9,1.503,1.503,1.503,1.503,-3.28%
2012/5/8,1.554,1.554,1.554,1.554,-1.40%
2012/5/7,1.576,1.576,1.576,1.576,-0.69%
2012/5/4,1.587,1.587,1.587,1.587,-1.49%
2012/5/3,1.611,1.611,1.611,1.611,0.44%
2012/5/2,1.604,1.604,1.604,1.604,-3.61%
2012/4/30,1.664,1.664,1.664,1.664,-1.89%
2012/4/27,1.696,1.696,1.696,1.696,0.59%
2012/4/26,1.686,1.686,1.686,1.686,-3.21%
2012/4/25,1.742,1.742,1.742,1.742,2.59%
2012/4/24,1.698,1.698,1.698,1.698,3.60%
2012/4/23,1.639,1.639,1.639,1.639,-4.88%
2012/4/20,1.723,1.723,1.723,1.723,1.29%
2012/4/19,1.701,1.701,1.701,1.701,-1.33%
2012/4/18,1.724,1.724,1.724,1.724,-1.71%
2012/4/17,1.754,1.754,1.754,1.754,2.15%
2012/4/16,1.717,1.717,1.717,1.717,-0.69%
2012/4/13,1.729,1.729,1.729,1.729,-3.08%
2012/4/12,1.784,1.784,1.784,1.784,4.21%
2012/4/11,1.712,1.712,1.712,1.712,3.13%
2012/4/10,1.66,1.66,1.66,1.66,-4.60%
2012/4/5,1.74,1.74,1.74,1.74,-3.23%
2012/4/4,1.798,1.798,1.798,1.798,-0.77%
2012/4/3,1.812,1.812,1.812,1.812,0.78%
2012/4/2,1.798,1.798,1.798,1.798,-0.39%
2012/3/30,1.805,1.805,1.805,1.805,0.11%
2012/3/29,1.803,1.803,1.803,1.803,-1.69%
2012/3/28,1.834,1.834,1.834,1.834,-2.55%
2012/3/27,1.882,1.882,1.882,1.882,-3.19%
2012/3/26,1.944,1.944,1.944,1.944,3.79%
2012/3/23,1.873,1.873,1.873,1.873,-2.24%
2012/3/22,1.916,1.916,1.916,1.916,-3.48%
2012/3/21,1.985,1.985,1.985,1.985,-3.17%
2012/3/20,2.05,2.05,2.05,2.05,0.49%
2012/3/19,2.04,2.04,2.04,2.04,-0.44%
2012/3/16,2.049,2.049,2.049,2.049,4.06%
2012/3/15,1.969,1.969,1.969,1.969,1.86%
2012/3/14,1.933,1.933,1.933,1.933,6.21%
2012/3/13,1.82,1.82,1.82,1.82,4.00%
2012/3/12,1.75,1.75,1.75,1.75,-2.83%
2012/3/9,1.801,1.801,1.801,1.801,0.73%
2012/3/8,1.788,1.788,1.788,1.788,0.68%
2012/3/7,1.776,1.776,1.776,1.776,-0.17%
2012/3/6,1.779,1.779,1.779,1.779,-1.66%
2012/3/5,1.809,1.809,1.809,1.809,0.22%
2012/3/2,1.805,1.805,1.805,1.805,-3.22%
2012/3/1,1.865,1.865,1.865,1.865,1.69%
2012/2/29,1.834,1.834,1.834,1.834,2.34%
2012/2/28,1.792,1.792,1.792,1.792,-1.97%
2012/2/27,1.828,1.828,1.828,1.828,-2.82%
2012/2/24,1.881,1.881,1.881,1.881,-0.32%
2012/2/23,1.887,1.887,1.887,1.887,-1.87%
2012/2/22,1.923,1.923,1.923,1.923,-2.04%
2012/2/21,1.963,1.963,1.963,1.963,0.05%
2012/2/20,1.962,1.962,1.962,1.962,1.71%
2012/2/17,1.929,1.929,1.929,1.929,2.66%
2012/2/16,1.879,1.879,1.879,1.879,0.97%
2012/2/15,1.861,1.861,1.861,1.861,-2.51%
2012/2/14,1.909,1.909,1.909,1.909,-0.78%
2012/2/13,1.924,1.924,1.924,1.924,-1.18%
2012/2/10,1.947,1.947,1.947,1.947,-3.37%
2012/2/9,2.015,2.015,2.015,2.015,1.66%
2012/2/8,1.982,1.982,1.982,1.982,2.22%
2012/2/7,1.939,1.939,1.939,1.939,1.95%
2012/2/6,1.902,1.902,1.902,1.902,-2.01%
2012/2/3,1.941,1.941,1.941,1.941,4.98%
2012/2/2,1.849,1.849,1.849,1.849,0.71%
2012/2/1,1.836,1.836,1.836,1.836,1.49%
2012/1/31,1.809,1.809,1.809,1.809,0.61%
2012/1/30,1.798,1.798,1.798,1.798,-3.28%
2012/1/27,1.859,1.859,1.859,1.859,-1.12%
2012/1/26,1.88,1.88,1.88,1.88,-4.52%
2012/1/25,1.969,1.969,1.969,1.969,-1.15%
2012/1/24,1.992,1.992,1.992,1.992,0.45%
2012/1/23,1.983,1.983,1.983,1.983,2.43%
2012/1/20,1.936,1.936,1.936,1.936,5.85%
2012/1/19,1.829,1.829,1.829,1.829,2.81%
2012/1/18,1.779,1.779,1.779,1.779,-0.67%
2012/1/17,1.791,1.791,1.791,1.791,1.02%
2012/1/16,1.773,1.773,1.773,1.773,0.51%
2012/1/13,1.764,1.764,1.764,1.764,-3.29%
2012/1/12,1.824,1.824,1.824,1.824,0.27%
2012/1/11,1.819,1.819,1.819,1.819,-2.57%
2012/1/10,1.867,1.867,1.867,1.867,0.38%
2012/1/9,1.86,1.86,1.86,1.86,0.54%
2012/1/6,1.85,1.85,1.85,1.85,-0.32%
2012/1/5,1.856,1.856,1.856,1.856,-2.47%
2012/1/4,1.903,1.903,1.903,1.903,-0.52%
2012/1/3,1.913,1.913,1.913,1.913,0.63%
2012/1/2,1.901,1.901,1.901,1.901,4.68%
2011/12/30,1.816,1.816,1.816,1.816,-2.73%
2011/12/29,1.867,1.867,1.867,1.867,-1.84%
2011/12/28,1.902,1.902,1.902,1.902,-1.09%
2011/12/27,1.923,1.923,1.923,1.923,-1.28%
2011/12/23,1.948,1.948,1.948,1.948,0.41%
2011/12/22,1.94,1.94,1.94,1.94,-0.10%
2011/12/21,1.942,1.942,1.942,1.942,-0.97%
2011/12/20,1.961,1.961,1.961,1.961,3.81%
2011/12/19,1.889,1.889,1.889,1.889,0.69%
2011/12/16,1.876,1.876,1.876,1.876,-3.35%
2011/12/15,1.941,1.941,1.941,1.941,-0.82%
2011/12/14,1.957,1.957,1.957,1.957,-5.60%
2011/12/13,2.073,2.073,2.073,2.073,1.42%
2011/12/12,2.044,2.044,2.044,2.044,-3.17%
2011/12/9,2.111,2.111,2.111,2.111,2.78%
2011/12/8,2.054,2.054,2.054,2.054,-0.53%
2011/12/7,2.065,2.065,2.065,2.065,-6.56%
2011/12/6,2.21,2.21,2.21,2.21,-0.09%
2011/12/5,2.212,2.212,2.212,2.212,1.94%
2011/12/2,2.17,2.17,2.17,2.17,-3.38%
2011/12/1,2.246,2.246,2.246,2.246,-1.53%
2011/11/30,2.281,2.281,2.281,2.281,-3.14%
2011/11/29,2.355,2.355,2.355,2.355,1.07%
2011/11/28,2.33,2.33,2.33,2.33,3.01%
2011/11/25,2.262,2.262,2.262,2.262,3.29%
2011/11/24,2.19,2.19,2.19,2.19,8.20%
2011/11/23,2.024,2.024,2.024,2.024,4.55%
2011/11/22,1.936,1.936,1.936,1.936,2.71%
2011/11/21,1.885,1.885,1.885,1.885,-4.27%
2011/11/18,1.969,1.969,1.969,1.969,5.13%
2011/11/17,1.873,1.873,1.873,1.873,3.48%
2011/11/16,1.81,1.81,1.81,1.81,2.43%
2011/11/15,1.767,1.767,1.767,1.767,-2.64%
2011/11/14,1.815,1.815,1.815,1.815,-2.05%
2011/11/11,1.853,1.853,1.853,1.853,6.68%
2011/11/10,1.737,1.737,1.737,1.737,1.76%
2011/11/9,1.707,1.707,1.707,1.707,-5.06%
2011/11/8,1.798,1.798,1.798,1.798,-0.33%
2011/11/7,1.804,1.804,1.804,1.804,-0.93%
2011/11/4,1.821,1.821,1.821,1.821,-4.21%
2011/11/3,1.901,1.901,1.901,1.901,3.09%
2011/11/2,1.844,1.844,1.844,1.844,5.79%
2011/11/1,1.743,1.743,1.743,1.743,-14.43%
2011/10/31,2.037,2.037,2.037,2.037,-7.24%
2011/10/28,2.196,2.196,2.196,2.196,-0.63%
2011/10/27,2.21,2.21,2.21,2.21,8.49%
2011/10/26,2.037,2.037,2.037,2.037,-1.21%
2011/10/25,2.062,2.062,2.062,2.062,-2.60%
2011/10/24,2.117,2.117,2.117,2.117,0.05%
2011/10/21,2.116,2.116,2.116,2.116,5.33%
2011/10/20,2.009,2.009,2.009,2.009,-2.85%
2011/10/19,2.068,2.068,2.068,2.068,2.89%
2011/10/18,2.01,2.01,2.01,2.01,-4.29%
2011/10/17,2.1,2.1,2.1,2.1,-4.46%
2011/10/14,2.198,2.198,2.198,2.198,4.12%
2011/10/13,2.111,2.111,2.111,2.111,-3.65%
2011/10/12,2.191,2.191,2.191,2.191,5.08%
2011/10/11,2.085,2.085,2.085,2.085,-0.10%
2011/10/10,2.087,2.087,2.087,2.087,4.09%
2011/10/7,2.005,2.005,2.005,2.005,3.24%
2011/10/6,1.942,1.942,1.942,1.942,5.54%
2011/10/5,1.84,1.84,1.84,1.84,7.04%
2011/10/4,1.719,1.719,1.719,1.719,-5.24%
2011/10/3,1.814,1.814,1.814,1.814,-3.82%
2011/9/30,1.886,1.886,1.886,1.886,-6.08%
2011/9/29,2.008,2.008,2.008,2.008,1.26%
2011/9/28,1.983,1.983,1.983,1.983,1.48%
2011/9/27,1.954,1.954,1.954,1.954,7.07%
2011/9/26,1.825,1.825,1.825,1.825,4.58%
2011/9/23,1.745,1.745,1.745,1.745,3.25%
2011/9/22,1.69,1.69,1.69,1.69,-4.47%
2011/9/21,1.769,1.769,1.769,1.769,-1.06%
2011/9/20,1.788,1.788,1.788,1.788,-0.50%
2011/9/19,1.797,1.797,1.797,1.797,-3.23%
2011/9/16,1.857,1.857,1.857,1.857,-3.93%
2011/9/15,1.933,1.933,1.933,1.933,3.54%
2011/9/14,1.867,1.867,1.867,1.867,4.71%
2011/9/13,1.783,1.783,1.783,1.783,2.65%
2011/9/12,1.737,1.737,1.737,1.737,-2.25%
2011/9/9,1.777,1.777,1.777,1.777,-5.43%
2011/9/8,1.879,1.879,1.879,1.879,-1.00%
2011/9/7,1.898,1.898,1.898,1.898,2.65%
2011/9/6,1.849,1.849,1.849,1.849,-1.07%
2011/9/5,1.869,1.869,1.869,1.869,-7.11%
2011/9/2,2.012,2.012,2.012,2.012,-6.72%
2011/9/1,2.157,2.157,2.157,2.157,-2.88%
2011/8/31,2.221,2.221,2.221,2.221,3.35%
2011/8/30,2.149,2.149,2.149,2.149,-3.37%
2011/8/29,2.224,2.224,2.224,2.224,3.35%
2011/8/26,2.152,2.152,2.152,2.152,-1.65%
2011/8/25,2.188,2.188,2.188,2.188,0.41%
2011/8/24,2.179,2.179,2.179,2.179,2.93%
2011/8/23,2.117,2.117,2.117,2.117,0.24%
2011/8/22,2.112,2.112,2.112,2.112,0.62%
2011/8/19,2.099,2.099,2.099,2.099,0.77%
2011/8/18,2.083,2.083,2.083,2.083,-6.80%
2011/8/17,2.235,2.235,2.235,2.235,-3.71%
2011/8/16,2.321,2.321,2.321,2.321,-0.17%
2011/8/15,2.325,2.325,2.325,2.325,-0.39%
2011/8/12,2.334,2.334,2.334,2.334,1.92%
2011/8/11,2.29,2.29,2.29,2.29,4.19%
2011/8/10,2.198,2.198,2.198,2.198,-6.98%
2011/8/9,2.363,2.363,2.363,2.363,4.01%
2011/8/8,2.272,2.272,2.272,2.272,-3.73%
2011/8/5,2.36,2.36,2.36,2.36,2.03%
2011/8/4,2.313,2.313,2.313,2.313,-4.18%
2011/8/3,2.414,2.414,2.414,2.414,0.12%
2011/8/2,2.411,2.411,2.411,2.411,-2.47%
2011/8/1,2.472,2.472,2.472,2.472,-2.83%
2011/7/29,2.544,2.544,2.544,2.544,-3.64%
2011/7/28,2.64,2.64,2.64,2.64,-0.71%
2011/7/27,2.659,2.659,2.659,2.659,-3.27%
2011/7/26,2.749,2.749,2.749,2.749,-0.51%
2011/7/25,2.763,2.763,2.763,2.763,-1.92%
2011/7/22,2.817,2.817,2.817,2.817,-2.22%
2011/7/21,2.881,2.881,2.881,2.881,4.16%
2011/7/20,2.766,2.766,2.766,2.766,3.21%
2011/7/19,2.68,2.68,2.68,2.68,0.94%
2011/7/18,2.655,2.655,2.655,2.655,-1.81%
2011/7/15,2.704,2.704,2.704,2.704,-1.53%
2011/7/14,2.746,2.746,2.746,2.746,-0.18%
2011/7/13,2.751,2.751,2.751,2.751,1.74%
2011/7/12,2.704,2.704,2.704,2.704,1.31%
2011/7/11,2.669,2.669,2.669,2.669,-5.86%
2011/7/8,2.835,2.835,2.835,2.835,-4.42%
2011/7/7,2.966,2.966,2.966,2.966,1.23%
2011/7/6,2.93,2.93,2.93,2.93,-2.69%
2011/7/5,3.011,3.011,3.011,3.011,-0.36%
2011/7/4,3.022,3.022,3.022,3.022,-1.05%
2011/7/1,3.054,3.054,3.054,3.054,0.86%
2011/6/30,3.028,3.028,3.028,3.028,1.30%
2011/6/29,2.989,2.989,2.989,2.989,1.98%
2011/6/28,2.931,2.931,2.931,2.931,1.49%
2011/6/27,2.888,2.888,2.888,2.888,1.91%
2011/6/24,2.834,2.834,2.834,2.834,-1.15%
2011/6/23,2.867,2.867,2.867,2.867,-3.01%
2011/6/22,2.956,2.956,2.956,2.956,-0.97%
2011/6/21,2.985,2.985,2.985,2.985,1.02%
2011/6/20,2.955,2.955,2.955,2.955,0.00%
2011/6/17,2.955,2.955,2.955,2.955,0.61%
2011/6/16,2.937,2.937,2.937,2.937,-1.44%
2011/6/15,2.98,2.98,2.98,2.98,-1.26%
2011/6/14,3.018,3.018,3.018,3.018,1.51%
2011/6/13,2.973,2.973,2.973,2.973,0.24%
2011/6/10,2.966,2.966,2.966,2.966,-2.08%
2011/6/9,3.029,3.029,3.029,3.029,-0.88%
2011/6/8,3.056,3.056,3.056,3.056,-1.13%
2011/6/7,3.091,3.091,3.091,3.091,2.08%
2011/6/6,3.028,3.028,3.028,3.028,-1.01%
2011/6/3,3.059,3.059,3.059,3.059,2.55%
2011/6/2,2.983,2.983,2.983,2.983,-0.60%
2011/6/1,3.001,3.001,3.001,3.001,-0.66%
2011/5/31,3.021,3.021,3.021,3.021,1.44%
2011/5/30,2.978,2.978,2.978,2.978,-0.03%
2011/5/27,2.979,2.979,2.979,2.979,-0.77%
2011/5/26,3.002,3.002,3.002,3.002,-1.25%
2011/5/25,3.04,3.04,3.04,3.04,-0.85%
2011/5/24,3.066,3.066,3.066,3.066,1.36%
2011/5/23,3.025,3.025,3.025,3.025,-1.40%
2011/5/20,3.068,3.068,3.068,3.068,-1.92%
2011/5/19,3.128,3.128,3.128,3.128,0.29%
2011/5/18,3.119,3.119,3.119,3.119,0.87%
2011/5/17,3.092,3.092,3.092,3.092,-0.90%
2011/5/16,3.12,3.12,3.12,3.12,1.17%
2011/5/13,3.084,3.084,3.084,3.084,-0.93%
2011/5/12,3.113,3.113,3.113,3.113,-0.99%
2011/5/11,3.144,3.144,3.144,3.144,0.54%
2011/5/10,3.127,3.127,3.127,3.127,0.87%
2011/5/9,3.1,3.1,3.1,3.1,-2.52%
2011/5/6,3.18,3.18,3.18,3.18,-0.97%
2011/5/5,3.211,3.211,3.211,3.211,-2.58%
2011/5/4,3.296,3.296,3.296,3.296,0.76%
2011/5/3,3.271,3.271,3.271,3.271,0.77%
2011/5/2,3.246,3.246,3.246,3.246,0.31%
2011/4/29,3.236,3.236,3.236,3.236,-0.43%
2011/4/28,3.25,3.25,3.25,3.25,-1.43%
2011/4/27,3.297,3.297,3.297,3.297,1.45%
2011/4/26,3.25,3.25,3.25,3.25,-0.61%
2011/4/21,3.27,3.27,3.27,3.27,-1.15%
2011/4/20,3.308,3.308,3.308,3.308,1.01%
2011/4/19,3.275,3.275,3.275,3.275,0.99%
2011/4/18,3.243,3.243,3.243,3.243,-4.14%
2011/4/15,3.383,3.383,3.383,3.383,-1.57%
2011/4/14,3.437,3.437,3.437,3.437,-0.38%
2011/4/13,3.45,3.45,3.45,3.45,0.15%
2011/4/12,3.445,3.445,3.445,3.445,-1.49%
2011/4/11,3.497,3.497,3.497,3.497,0.32%
2011/4/8,3.486,3.486,3.486,3.486,1.90%
2011/4/7,3.421,3.421,3.421,3.421,-0.32%
2011/4/6,3.432,3.432,3.432,3.432,1.18%
2011/4/5,3.392,3.392,3.392,3.392,0.68%
2011/4/4,3.369,3.369,3.369,3.369,-0.47%
2011/4/1,3.385,3.385,3.385,3.385,0.71%
2011/3/31,3.361,3.361,3.361,3.361,0.66%
2011/3/30,3.339,3.339,3.339,3.339,0.00%
2011/3/29,3.339,3.339,3.339,3.339,0.88%
2011/3/28,3.31,3.31,3.31,3.31,1.19%
2011/3/25,3.271,3.271,3.271,3.271,0.62%
2011/3/24,3.251,3.251,3.251,3.251,0.46%
2011/3/23,3.236,3.236,3.236,3.236,-0.89%
2011/3/22,3.265,3.265,3.265,3.265,0.74%
2011/3/21,3.241,3.241,3.241,3.241,1.63%
2011/3/18,3.189,3.189,3.189,3.189,0.16%
2011/3/17,3.184,3.184,3.184,3.184,3.11%
2011/3/16,3.088,3.088,3.088,3.088,-1.66%
2011/3/15,3.14,3.14,3.14,3.14,-2.70%
2011/3/14,3.227,3.227,3.227,3.227,0.72%
2011/3/11,3.204,3.204,3.204,3.204,-1.26%
2011/3/10,3.245,3.245,3.245,3.245,-1.61%
2011/3/9,3.298,3.298,3.298,3.298,-0.48%
2011/3/8,3.314,3.314,3.314,3.314,0.73%
2011/3/7,3.29,3.29,3.29,3.29,0.03%
2011/3/4,3.289,3.289,3.289,3.289,-1.08%
2011/3/3,3.325,3.325,3.325,3.325,3.55%
2011/3/2,3.211,3.211,3.211,3.211,0.97%
2011/3/1,3.18,3.18,3.18,3.18,0.06%
2011/2/28,3.178,3.178,3.178,3.178,1.05%
2011/2/25,3.145,3.145,3.145,3.145,0.35%
2011/2/24,3.134,3.134,3.134,3.134,-0.51%
2011/2/23,3.15,3.15,3.15,3.15,-0.28%
2011/2/22,3.159,3.159,3.159,3.159,-0.88%
2011/2/21,3.187,3.187,3.187,3.187,-2.03%
2011/2/18,3.253,3.253,3.253,3.253,2.36%
2011/2/17,3.178,3.178,3.178,3.178,-1.88%
2011/2/16,3.239,3.239,3.239,3.239,-1.64%
2011/2/15,3.293,3.293,3.293,3.293,0.03%
2011/2/14,3.292,3.292,3.292,3.292,0.09%
2011/2/11,3.289,3.289,3.289,3.289,-0.45%
2011/2/10,3.304,3.304,3.304,3.304,-0.15%
2011/2/9,3.309,3.309,3.309,3.309,1.63%
2011/2/8,3.256,3.256,3.256,3.256,-0.03%
2011/2/7,3.257,3.257,3.257,3.257,-0.06%
2011/2/4,3.259,3.259,3.259,3.259,1.56%
2011/2/3,3.209,3.209,3.209,3.209,-1.20%
2011/2/2,3.248,3.248,3.248,3.248,0.53%
2011/2/1,3.231,3.231,3.231,3.231,2.15%
2011/1/31,3.163,3.163,3.163,3.163,-0.22%
2011/1/28,3.17,3.17,3.17,3.17,-1.15%
2011/1/27,3.207,3.207,3.207,3.207,0.66%
2011/1/26,3.186,3.186,3.186,3.186,1.27%
2011/1/25,3.146,3.146,3.146,3.146,-0.03%
2011/1/24,3.147,3.147,3.147,3.147,-1.13%
2011/1/21,3.183,3.183,3.183,3.183,1.02%
2011/1/20,3.151,3.151,3.151,3.151,1.19%
2011/1/19,3.114,3.114,3.114,3.114,-0.13%
2011/1/18,3.118,3.118,3.118,3.118,2.57%
2011/1/17,3.04,3.04,3.04,3.04,0.23%
2011/1/14,3.033,3.033,3.033,3.033,-0.46%
2011/1/13,3.047,3.047,3.047,3.047,-0.36%
2011/1/12,3.058,3.058,3.058,3.058,4.30%
2011/1/11,2.932,2.932,2.932,2.932,2.02%
2011/1/10,2.874,2.874,2.874,2.874,0.42%
2011/1/7,2.862,2.862,2.862,2.862,-2.12%
2011/1/6,2.924,2.924,2.924,2.924,-1.02%
2011/1/5,2.954,2.954,2.954,2.954,2.18%
2011/1/4,2.891,2.891,2.891,2.891,-0.48%
2011/1/3,2.905,2.905,2.905,2.905,-1.49%
2010/12/30,2.949,2.949,2.949,2.949,-2.09%
2010/12/29,3.012,3.012,3.012,3.012,0.70%
2010/12/28,2.991,2.991,2.991,2.991,-1.32%
2010/12/27,3.031,3.031,3.031,3.031,1.64%
2010/12/23,2.982,2.982,2.982,2.982,0.74%
2010/12/22,2.96,2.96,2.96,2.96,-0.67%
2010/12/21,2.98,2.98,2.98,2.98,0.40%
2010/12/20,2.968,2.968,2.968,2.968,-1.82%
2010/12/17,3.023,3.023,3.023,3.023,-1.91%
2010/12/16,3.082,3.082,3.082,3.082,1.75%
2010/12/15,3.029,3.029,3.029,3.029,-0.23%
2010/12/14,3.036,3.036,3.036,3.036,2.08%
2010/12/13,2.974,2.974,2.974,2.974,0.71%
2010/12/10,2.953,2.953,2.953,2.953,-0.20%
2010/12/9,2.959,2.959,2.959,2.959,-2.18%
2010/12/8,3.025,3.025,3.025,3.025,2.65%
2010/12/7,2.947,2.947,2.947,2.947,3.04%
2010/12/6,2.86,2.86,2.86,2.86,-0.03%
2010/12/3,2.861,2.861,2.861,2.861,1.56%
2010/12/2,2.817,2.817,2.817,2.817,1.62%
2010/12/1,2.772,2.772,2.772,2.772,3.63%
2010/11/30,2.675,2.675,2.675,2.675,-3.11%
2010/11/29,2.761,2.761,2.761,2.761,0.84%
2010/11/26,2.738,2.738,2.738,2.738,1.29%
2010/11/25,2.703,2.703,2.703,2.703,1.50%
2010/11/24,2.663,2.663,2.663,2.663,4.35%
2010/11/23,2.552,2.552,2.552,2.552,-4.10%
2010/11/22,2.661,2.661,2.661,2.661,-1.63%
2010/11/19,2.705,2.705,2.705,2.705,-0.11%
2010/11/18,2.708,2.708,2.708,2.708,4.07%
2010/11/17,2.602,2.602,2.602,2.602,-0.91%
2010/11/16,2.626,2.626,2.626,2.626,2.34%
2010/11/15,2.566,2.566,2.566,2.566,1.99%
2010/11/12,2.516,2.516,2.516,2.516,3.88%
2010/11/11,2.422,2.422,2.422,2.422,-0.66%
2010/11/10,2.438,2.438,2.438,2.438,0.95%
2010/11/9,2.415,2.415,2.415,2.415,1.09%
2010/11/8,2.389,2.389,2.389,2.389,-1.40%
2010/11/5,2.423,2.423,2.423,2.423,1.47%
2010/11/4,2.388,2.388,2.388,2.388,-1.32%
2010/11/3,2.42,2.42,2.42,2.42,-2.14%
2010/11/2,2.473,2.473,2.473,2.473,-0.16%
2010/11/1,2.477,2.477,2.477,2.477,-1.78%
2010/10/29,2.522,2.522,2.522,2.522,-1.56%
2010/10/28,2.562,2.562,2.562,2.562,-0.23%
2010/10/27,2.568,2.568,2.568,2.568,2.43%
2010/10/26,2.507,2.507,2.507,2.507,2.24%
2010/10/25,2.452,2.452,2.452,2.452,-1.09%
2010/10/22,2.479,2.479,2.479,2.479,-0.56%
2010/10/21,2.493,2.493,2.493,2.493,2.13%
2010/10/20,2.441,2.441,2.441,2.441,0.74%
2010/10/19,2.423,2.423,2.423,2.423,1.59%
2010/10/18,2.385,2.385,2.385,2.385,0.29%
2010/10/15,2.378,2.378,2.378,2.378,3.26%
2010/10/14,2.303,2.303,2.303,2.303,1.01%
2010/10/13,2.28,2.28,2.28,2.28,1.24%
2010/10/12,2.252,2.252,2.252,2.252,-0.84%
2010/10/11,2.271,2.271,2.271,2.271,0.71%
2010/10/8,2.255,2.255,2.255,2.255,-0.66%
2010/10/7,2.27,2.27,2.27,2.27,2.25%
2010/10/6,2.22,2.22,2.22,2.22,-3.10%
2010/10/5,2.291,2.291,2.291,2.291,1.73%
2010/10/4,2.252,2.252,2.252,2.252,-1.18%
2010/10/1,2.279,2.279,2.279,2.279,0.35%
2010/9/30,2.271,2.271,2.271,2.271,1.52%
2010/9/29,2.237,2.237,2.237,2.237,-0.58%
2010/9/28,2.25,2.25,2.25,2.25,-1.23%
2010/9/27,2.278,2.278,2.278,2.278,-2.98%
2010/9/24,2.348,2.348,2.348,2.348,2.22%
2010/9/23,2.297,2.297,2.297,2.297,-2.21%
2010/9/22,2.349,2.349,2.349,2.349,-4.20%
2010/9/21,2.452,2.452,2.452,2.452,-1.01%
2010/9/20,2.477,2.477,2.477,2.477,2.27%
2010/9/17,2.422,2.422,2.422,2.422,-2.57%
2010/9/16,2.486,2.486,2.486,2.486,3.33%
2010/9/15,2.406,2.406,2.406,2.406,1.26%
2010/9/14,2.376,2.376,2.376,2.376,-2.46%
2010/9/13,2.436,2.436,2.436,2.436,1.12%
2010/9/10,2.409,2.409,2.409,2.409,2.99%
2010/9/9,2.339,2.339,2.339,2.339,1.92%
2010/9/8,2.295,2.295,2.295,2.295,0.97%
2010/9/7,2.273,2.273,2.273,2.273,-3.11%
2010/9/6,2.346,2.346,2.346,2.346,-0.38%
2010/9/3,2.355,2.355,2.355,2.355,3.38%
2010/9/2,2.278,2.278,2.278,2.278,2.47%
2010/9/1,2.223,2.223,2.223,2.223,5.11%
2010/8/31,2.115,2.115,2.115,2.115,-0.66%
2010/8/30,2.129,2.129,2.129,2.129,-3.36%
2010/8/27,2.203,2.203,2.203,2.203,2.66%
2010/8/26,2.146,2.146,2.146,2.146,0.14%
2010/8/25,2.143,2.143,2.143,2.143,-1.70%
2010/8/24,2.18,2.18,2.18,2.18,-4.60%
2010/8/23,2.285,2.285,2.285,2.285,0.79%
2010/8/20,2.267,2.267,2.267,2.267,-1.56%
2010/8/19,2.303,2.303,2.303,2.303,-0.86%
2010/8/18,2.323,2.323,2.323,2.323,-1.90%
2010/8/17,2.368,2.368,2.368,2.368,1.76%
2010/8/16,2.327,2.327,2.327,2.327,-2.80%
2010/8/13,2.394,2.394,2.394,2.394,-1.28%
2010/8/12,2.425,2.425,2.425,2.425,-0.08%
2010/8/11,2.427,2.427,2.427,2.427,-4.41%
2010/8/10,2.539,2.539,2.539,2.539,0.40%
2010/8/9,2.529,2.529,2.529,2.529,0.52%
2010/8/6,2.516,2.516,2.516,2.516,-1.72%
2010/8/5,2.56,2.56,2.56,2.56,-1.61%
2010/8/4,2.602,2.602,2.602,2.602,-0.31%
2010/8/3,2.61,2.61,2.61,2.61,-3.44%
2010/8/2,2.703,2.703,2.703,2.703,1.20%
2010/7/30,2.671,2.671,2.671,2.671,-1.51%
2010/7/29,2.712,2.712,2.712,2.712,-1.35%
2010/7/28,2.749,2.749,2.749,2.749,-0.87%
2010/7/27,2.773,2.773,2.773,2.773,0.29%
2010/7/26,2.765,2.765,2.765,2.765,2.10%
2010/7/23,2.708,2.708,2.708,2.708,1.12%
2010/7/22,2.678,2.678,2.678,2.678,1.55%
2010/7/21,2.637,2.637,2.637,2.637,0.04%
2010/7/20,2.636,2.636,2.636,2.636,-0.86%
2010/7/19,2.659,2.659,2.659,2.659,2.11%
2010/7/16,2.604,2.604,2.604,2.604,-1.92%
2010/7/15,2.655,2.655,2.655,2.655,-0.34%
2010/7/14,2.664,2.664,2.664,2.664,0.68%
2010/7/13,2.646,2.646,2.646,2.646,2.12%
2010/7/12,2.591,2.591,2.591,2.591,-1.71%
2010/7/9,2.636,2.636,2.636,2.636,0.11%
2010/7/8,2.633,2.633,2.633,2.633,1.19%
2010/7/7,2.602,2.602,2.602,2.602,0.50%
2010/7/6,2.589,2.589,2.589,2.589,1.77%
2010/7/5,2.544,2.544,2.544,2.544,-1.66%
2010/7/2,2.587,2.587,2.587,2.587,0.94%
2010/7/1,2.563,2.563,2.563,2.563,0.43%
2010/6/30,2.552,2.552,2.552,2.552,-0.43%
2010/6/29,2.563,2.563,2.563,2.563,-1.00%
2010/6/28,2.589,2.589,2.589,2.589,-1.11%
2010/6/25,2.618,2.618,2.618,2.618,0.81%
2010/6/24,2.597,2.597,2.597,2.597,-1.96%
2010/6/23,2.649,2.649,2.649,2.649,-1.71%
2010/6/22,2.695,2.695,2.695,2.695,-2.81%
2010/6/21,2.773,2.773,2.773,2.773,1.58%
2010/6/18,2.73,2.73,2.73,2.73,2.44%
2010/6/17,2.665,2.665,2.665,2.665,-0.37%
2010/6/16,2.675,2.675,2.675,2.675,0.19%
2010/6/15,2.67,2.67,2.67,2.67,1.02%
2010/6/14,2.643,2.643,2.643,2.643,2.72%
2010/6/11,2.573,2.573,2.573,2.573,-1.38%
2010/6/10,2.609,2.609,2.609,2.609,1.68%
2010/6/9,2.566,2.566,2.566,2.566,2.11%
2010/6/8,2.513,2.513,2.513,2.513,-1.80%
2010/6/7,2.559,2.559,2.559,2.559,-0.35%
2010/6/4,2.568,2.568,2.568,2.568,-3.96%
2010/6/3,2.674,2.674,2.674,2.674,0.68%
2010/6/2,2.656,2.656,2.656,2.656,-0.97%
2010/6/1,2.682,2.682,2.682,2.682,1.02%
2010/5/31,2.655,2.655,2.655,2.655,-0.78%
2010/5/28,2.676,2.676,2.676,2.676,-1.11%
2010/5/27,2.706,2.706,2.706,2.706,2.81%
2010/5/26,2.632,2.632,2.632,2.632,2.09%
2010/5/25,2.578,2.578,2.578,2.578,-2.83%
2010/5/24,2.653,2.653,2.653,2.653,-0.45%
2010/5/21,2.665,2.665,2.665,2.665,-1.15%
2010/5/20,2.696,2.696,2.696,2.696,-2.32%
2010/5/19,2.76,2.76,2.76,2.76,-2.44%
2010/5/18,2.829,2.829,2.829,2.829,-1.15%
2010/5/17,2.862,2.862,2.862,2.862,-0.21%
2010/5/14,2.868,2.868,2.868,2.868,-2.45%
2010/5/13,2.94,2.94,2.94,2.94,0.00%
2010/5/12,2.94,2.94,2.94,2.94,0.20%
2010/5/11,2.934,2.934,2.934,2.934,-0.64%
2010/5/10,2.953,2.953,2.953,2.953,6.03%
2010/5/7,2.785,2.785,2.785,2.785,-0.32%
2010/5/6,2.794,2.794,2.794,2.794,-2.27%
2010/5/5,2.859,2.859,2.859,2.859,-3.15%
2010/5/4,2.952,2.952,2.952,2.952,-3.40%
2010/5/3,3.056,3.056,3.056,3.056,1.23%
2010/4/30,3.019,3.019,3.019,3.019,0.33%
2010/4/29,3.009,3.009,3.009,3.009,1.28%
2010/4/28,2.971,2.971,2.971,2.971,1.02%
2010/4/27,2.941,2.941,2.941,2.941,-3.61%
2010/4/26,3.051,3.051,3.051,3.051,-0.07%
2010/4/23,3.053,3.053,3.053,3.053,0.10%
2010/4/22,3.05,3.05,3.05,3.05,-0.85%
2010/4/21,3.076,3.076,3.076,3.076,-0.81%
2010/4/20,3.101,3.101,3.101,3.101,0.62%
2010/4/19,3.082,3.082,3.082,3.082,-0.13%
2010/4/16,3.086,3.086,3.086,3.086,-1.28%
2010/4/15,3.126,3.126,3.126,3.126,-0.35%
2010/4/14,3.137,3.137,3.137,3.137,-0.32%
2010/4/13,3.147,3.147,3.147,3.147,-1.04%
2010/4/12,3.18,3.18,3.18,3.18,0.47%
2010/4/9,3.165,3.165,3.165,3.165,2.16%
2010/4/8,3.098,3.098,3.098,3.098,-0.74%
2010/4/7,3.121,3.121,3.121,3.121,-1.01%
2010/4/6,3.153,3.153,3.153,3.153,2.17%
2010/4/1,3.086,3.086,3.086,3.086,-0.39%
2010/3/31,3.098,3.098,3.098,3.098,-0.32%
2010/3/30,3.108,3.108,3.108,3.108,-0.80%
2010/3/29,3.133,3.133,3.133,3.133,-0.54%
2010/3/26,3.15,3.15,3.15,3.15,-0.82%
2010/3/25,3.176,3.176,3.176,3.176,2.65%
2010/3/24,3.094,3.094,3.094,3.094,1.14%
2010/3/23,3.059,3.059,3.059,3.059,-0.29%
2010/3/22,3.068,3.068,3.068,3.068,-1.32%
2010/3/19,3.109,3.109,3.109,3.109,-0.64%
2010/3/18,3.129,3.129,3.129,3.129,0.45%
2010/3/17,3.115,3.115,3.115,3.115,-0.54%
2010/3/16,3.132,3.132,3.132,3.132,-0.82%
2010/3/15,3.158,3.158,3.158,3.158,-0.13%
2010/3/12,3.162,3.162,3.162,3.162,-0.63%
2010/3/11,3.182,3.182,3.182,3.182,0.86%
2010/3/10,3.155,3.155,3.155,3.155,0.67%
2010/3/9,3.134,3.134,3.134,3.134,-0.92%
2010/3/8,3.163,3.163,3.163,3.163,0.48%
2010/3/5,3.148,3.148,3.148,3.148,0.96%
2010/3/4,3.118,3.118,3.118,3.118,-0.64%
2010/3/3,3.138,3.138,3.138,3.138,0.93%
2010/3/2,3.109,3.109,3.109,3.109,0.16%
2010/3/1,3.104,3.104,3.104,3.104,0.16%
2010/2/26,3.099,3.099,3.099,3.099,-0.32%
2010/2/25,3.109,3.109,3.109,3.109,-0.80%
2010/2/24,3.134,3.134,3.134,3.134,-1.01%
2010/2/23,3.166,3.166,3.166,3.166,-3.12%
2010/2/22,3.268,3.268,3.268,3.268,-0.64%
2010/2/19,3.289,3.289,3.289,3.289,1.14%
2010/2/18,3.252,3.252,3.252,3.252,1.82%
2010/2/17,3.194,3.194,3.194,3.194,-0.28%
2010/2/16,3.203,3.203,3.203,3.203,0.13%
2010/2/15,3.199,3.199,3.199,3.199,0.22%
2010/2/12,3.192,3.192,3.192,3.192,-1.36%
2010/2/11,3.236,3.236,3.236,3.236,0.87%
2010/2/10,3.208,3.208,3.208,3.208,0.00%
2010/2/9,3.208,3.208,3.208,3.208,1.91%
2010/2/8,3.148,3.148,3.148,3.148,1.09%
2010/2/5,3.114,3.114,3.114,3.114,-1.42%
2010/2/4,3.159,3.159,3.159,3.159,-2.08%
2010/2/3,3.226,3.226,3.226,3.226,0.81%
2010/2/2,3.2,3.2,3.2,3.2,0.47%
2010/2/1,3.185,3.185,3.185,3.185,-0.16%
2010/1/29,3.19,3.19,3.19,3.19,-0.28%
2010/1/28,3.199,3.199,3.199,3.199,-0.25%
2010/1/27,3.207,3.207,3.207,3.207,0.09%
2010/1/26,3.204,3.204,3.204,3.204,-0.31%
2010/1/25,3.214,3.214,3.214,3.214,-0.12%
2010/1/22,3.218,3.218,3.218,3.218,0.63%
2010/1/21,3.198,3.198,3.198,3.198,-0.68%
2010/1/20,3.22,3.22,3.22,3.22,-1.71%
2010/1/19,3.276,3.276,3.276,3.276,0.86%
2010/1/18,3.248,3.248,3.248,3.248,-0.31%
2010/1/15,3.258,3.258,3.258,3.258,-1.12%
2010/1/14,3.295,3.295,3.295,3.295,-0.24%
2010/1/13,3.303,3.303,3.303,3.303,-0.33%
2010/1/12,3.314,3.314,3.314,3.314,-0.93%
2010/1/11,3.345,3.345,3.345,3.345,-1.01%
2010/1/8,3.379,3.379,3.379,3.379,0.24%
2010/1/7,3.371,3.371,3.371,3.371,-0.59%
2010/1/6,3.391,3.391,3.391,3.391,0.65%
2010/1/5,3.369,3.369,3.369,3.369,-0.62%
2010/1/4,3.39,3.39,3.39,3.39,0.06%
2009/12/30,3.388,3.388,3.388,3.388,0.39%
2009/12/29,3.375,3.375,3.375,3.375,0.36%
2009/12/28,3.363,3.363,3.363,3.363,0.99%
2009/12/23,3.33,3.33,3.33,3.33,2.15%
2009/12/22,3.26,3.26,3.26,3.26,1.97%
2009/12/21,3.197,3.197,3.197,3.197,1.78%
2009/12/18,3.141,3.141,3.141,3.141,0.00%
2009/12/17,3.141,3.141,3.141,3.141,-1.38%
2009/12/16,3.185,3.185,3.185,3.185,-1.52%
2009/12/15,3.234,3.234,3.234,3.234,1.57%
2009/12/14,3.184,3.184,3.184,3.184,-0.66%
2009/12/11,3.205,3.205,3.205,3.205,0.63%
2009/12/10,3.185,3.185,3.185,3.185,1.34%
2009/12/9,3.143,3.143,3.143,3.143,-0.16%
2009/12/8,3.148,3.148,3.148,3.148,-1.07%
2009/12/7,3.182,3.182,3.182,3.182,-1.58%
2009/12/4,3.233,3.233,3.233,3.233,1.99%
2009/12/3,3.17,3.17,3.17,3.17,0.44%
2009/12/2,3.156,3.156,3.156,3.156,0.16%
2009/12/1,3.151,3.151,3.151,3.151,-0.19%
2009/11/30,3.157,3.157,3.157,3.157,-0.03%
2009/11/27,3.158,3.158,3.158,3.158,0.03%
2009/11/26,3.157,3.157,3.157,3.157,-3.40%
2009/11/25,3.268,3.268,3.268,3.268,0.46%
2009/11/24,3.253,3.253,3.253,3.253,-0.55%
2009/11/23,3.271,3.271,3.271,3.271,0.89%
2009/11/20,3.242,3.242,3.242,3.242,-0.89%
2009/11/19,3.271,3.271,3.271,3.271,-0.40%
2009/11/18,3.284,3.284,3.284,3.284,0.18%
2009/11/17,3.278,3.278,3.278,3.278,-1.12%
2009/11/16,3.315,3.315,3.315,3.315,-1.98%
2009/11/13,3.382,3.382,3.382,3.382,0.33%
2009/11/12,3.371,3.371,3.371,3.371,0.87%
2009/11/11,3.342,3.342,3.342,3.342,1.70%
2009/11/10,3.286,3.286,3.286,3.286,-0.90%
2009/11/9,3.316,3.316,3.316,3.316,-1.92%
2009/11/6,3.381,3.381,3.381,3.381,1.08%
2009/11/5,3.345,3.345,3.345,3.345,0.84%
2009/11/4,3.317,3.317,3.317,3.317,1.41%
2009/11/3,3.271,3.271,3.271,3.271,0.96%
2009/11/2,3.24,3.24,3.24,3.24,0.47%
2009/10/30,3.225,3.225,3.225,3.225,-3.12%
2009/10/29,3.329,3.329,3.329,3.329,2.30%
2009/10/28,3.254,3.254,3.254,3.254,-0.18%
2009/10/27,3.26,3.26,3.26,3.26,-2.83%
2009/10/26,3.355,3.355,3.355,3.355,0.09%
2009/10/23,3.352,3.352,3.352,3.352,1.58%
2009/10/22,3.3,3.3,3.3,3.3,-0.63%
2009/10/21,3.321,3.321,3.321,3.321,2.75%
2009/10/20,3.232,3.232,3.232,3.232,-1.91%
2009/10/19,3.295,3.295,3.295,3.295,0.12%
2009/10/16,3.291,3.291,3.291,3.291,-0.33%
2009/10/15,3.302,3.302,3.302,3.302,2.04%
2009/10/14,3.236,3.236,3.236,3.236,2.18%
2009/10/13,3.167,3.167,3.167,3.167,-0.44%
2009/10/12,3.181,3.181,3.181,3.181,-0.72%
2009/10/9,3.204,3.204,3.204,3.204,2.96%
2009/10/8,3.112,3.112,3.112,3.112,-0.29%
2009/10/7,3.121,3.121,3.121,3.121,-1.27%
2009/10/6,3.161,3.161,3.161,3.161,1.18%
2009/10/5,3.124,3.124,3.124,3.124,0.32%
2009/10/2,3.114,3.114,3.114,3.114,-1.21%
2009/10/1,3.152,3.152,3.152,3.152,-2.23%
2009/9/30,3.224,3.224,3.224,3.224,0.16%
2009/9/29,3.219,3.219,3.219,3.219,-1.23%
2009/9/28,3.259,3.259,3.259,3.259,0.56%
2009/9/25,3.241,3.241,3.241,3.241,-1.94%
2009/9/24,3.305,3.305,3.305,3.305,-2.10%
2009/9/23,3.376,3.376,3.376,3.376,-0.53%
2009/9/22,3.394,3.394,3.394,3.394,0.44%
2009/9/21,3.379,3.379,3.379,3.379,-0.38%
2009/9/18,3.392,3.392,3.392,3.392,0.80%
2009/9/17,3.365,3.365,3.365,3.365,0.66%
2009/9/16,3.343,3.343,3.343,3.343,1.49%
2009/9/15,3.294,3.294,3.294,3.294,1.14%
2009/9/14,3.257,3.257,3.257,3.257,0.71%
2009/9/11,3.234,3.234,3.234,3.234,-2.03%
2009/9/10,3.301,3.301,3.301,3.301,-2.11%
2009/9/9,3.372,3.372,3.372,3.372,2.93%
2009/9/8,3.276,3.276,3.276,3.276,1.36%
2009/9/7,3.232,3.232,3.232,3.232,-0.74%
2009/9/4,3.256,3.256,3.256,3.256,0.65%
2009/9/3,3.235,3.235,3.235,3.235,0.12%
2009/9/2,3.231,3.231,3.231,3.231,-0.09%
2009/9/1,3.234,3.234,3.234,3.234,-0.65%
2009/8/31,3.255,3.255,3.255,3.255,0.53%
2009/8/28,3.238,3.238,3.238,3.238,-0.34%
2009/8/27,3.249,3.249,3.249,3.249,0.43%
2009/8/26,3.235,3.235,3.235,3.235,-1.16%
2009/8/25,3.273,3.273,3.273,3.273,-0.85%
2009/8/24,3.301,3.301,3.301,3.301,-0.57%
2009/8/21,3.32,3.32,3.32,3.32,1.97%
2009/8/20,3.256,3.256,3.256,3.256,-0.21%
2009/8/19,3.263,3.263,3.263,3.263,-1.15%
2009/8/18,3.301,3.301,3.301,3.301,0.27%
2009/8/17,3.292,3.292,3.292,3.292,-0.69%
2009/8/14,3.315,3.315,3.315,3.315,-3.18%
2009/8/13,3.424,3.424,3.424,3.424,-0.72%
2009/8/12,3.449,3.449,3.449,3.449,-0.58%
2009/8/11,3.469,3.469,3.469,3.469,-0.23%
2009/8/10,3.477,3.477,3.477,3.477,-1.39%
2009/8/7,3.526,3.526,3.526,3.526,4.04%
2009/8/6,3.389,3.389,3.389,3.389,1.44%
2009/8/5,3.341,3.341,3.341,3.341,-0.39%
2009/8/4,3.354,3.354,3.354,3.354,0.24%
2009/8/3,3.346,3.346,3.346,3.346,1.73%
2009/7/31,3.289,3.289,3.289,3.289,-4.05%
2009/7/30,3.428,3.428,3.428,3.428,0.29%
2009/7/29,3.418,3.418,3.418,3.418,-0.12%
2009/7/28,3.422,3.422,3.422,3.422,-1.84%
2009/7/27,3.486,3.486,3.486,3.486,0.09%
2009/7/24,3.483,3.483,3.483,3.483,0.58%
2009/7/23,3.463,3.463,3.463,3.463,2.33%
2009/7/22,3.384,3.384,3.384,3.384,0.65%
2009/7/21,3.362,3.362,3.362,3.362,-1.64%
2009/7/20,3.418,3.418,3.418,3.418,0.26%
2009/7/17,3.409,3.409,3.409,3.409,2.71%
2009/7/16,3.319,3.319,3.319,3.319,-1.69%
2009/7/15,3.376,3.376,3.376,3.376,2.30%
2009/7/14,3.3,3.3,3.3,3.3,0.79%
2009/7/13,3.274,3.274,3.274,3.274,0.49%
2009/7/10,3.258,3.258,3.258,3.258,-1.36%
2009/7/9,3.303,3.303,3.303,3.303,1.10%
2009/7/8,3.267,3.267,3.267,3.267,-1.18%
2009/7/7,3.306,3.306,3.306,3.306,0.18%
2009/7/6,3.3,3.3,3.3,3.3,-1.05%
2009/7/3,3.335,3.335,3.335,3.335,0.39%
2009/7/2,3.322,3.322,3.322,3.322,-2.72%
2009/7/1,3.415,3.415,3.415,3.415,0.98%
2009/6/30,3.382,3.382,3.382,3.382,0.45%
2009/6/29,3.367,3.367,3.367,3.367,-0.71%
2009/6/26,3.391,3.391,3.391,3.391,-1.05%
2009/6/25,3.427,3.427,3.427,3.427,-0.52%
2009/6/24,3.445,3.445,3.445,3.445,-0.72%
2009/6/23,3.47,3.47,3.47,3.47,0.58%
2009/6/22,3.45,3.45,3.45,3.45,-1.37%
2009/6/19,3.498,3.498,3.498,3.498,-1.58%
2009/6/18,3.554,3.554,3.554,3.554,2.19%
2009/6/17,3.478,3.478,3.478,3.478,-1.17%
2009/6/16,3.519,3.519,3.519,3.519,0.06%
2009/6/15,3.517,3.517,3.517,3.517,-3.38%
2009/6/12,3.64,3.64,3.64,3.64,-1.46%
2009/6/11,3.694,3.694,3.694,3.694,-0.22%
2009/6/10,3.702,3.702,3.702,3.702,1.70%
2009/6/9,3.64,3.64,3.64,3.64,-0.74%
2009/6/8,3.667,3.667,3.667,3.667,-1.45%
2009/6/5,3.721,3.721,3.721,3.721,2.51%
2009/6/4,3.63,3.63,3.63,3.63,1.65%
2009/6/3,3.571,3.571,3.571,3.571,-2.16%
2009/6/2,3.65,3.65,3.65,3.65,-0.65%
2009/6/1,3.674,3.674,3.674,3.674,2.63%
2009/5/29,3.58,3.58,3.58,3.58,-2.77%
2009/5/28,3.682,3.682,3.682,3.682,1.54%
2009/5/27,3.626,3.626,3.626,3.626,-0.25%
2009/5/26,3.635,3.635,3.635,3.635,0.97%
2009/5/25,3.6,3.6,3.6,3.6,0.90%
2009/5/22,3.568,3.568,3.568,3.568,2.21%
2009/5/21,3.491,3.491,3.491,3.491,-0.34%
2009/5/20,3.503,3.503,3.503,3.503,2.10%
2009/5/19,3.431,3.431,3.431,3.431,1.66%
2009/5/18,3.375,3.375,3.375,3.375,0.21%
2009/5/15,3.368,3.368,3.368,3.368,1.88%
2009/5/14,3.306,3.306,3.306,3.306,-1.43%
2009/5/13,3.354,3.354,3.354,3.354,-1.53%
2009/5/12,3.406,3.406,3.406,3.406,0.47%
2009/5/11,3.39,3.39,3.39,3.39,-2.08%
2009/5/8,3.462,3.462,3.462,3.462,2.15%
2009/5/7,3.389,3.389,3.389,3.389,4.18%
2009/5/6,3.253,3.253,3.253,3.253,0.99%
2009/5/5,3.221,3.221,3.221,3.221,-0.86%
2009/5/4,3.249,3.249,3.249,3.249,2.65%
2009/4/30,3.165,3.165,3.165,3.165,1.15%
2009/4/29,3.129,3.129,3.129,3.129,-0.38%
2009/4/28,3.141,3.141,3.141,3.141,-0.76%
2009/4/27,3.165,3.165,3.165,3.165,-0.60%
2009/4/24,3.184,3.184,3.184,3.184,-1.42%
2009/4/23,3.23,3.23,3.23,3.23,0.37%
2009/4/22,3.218,3.218,3.218,3.218,2.39%
2009/4/21,3.143,3.143,3.143,3.143,0.13%
2009/4/20,3.139,3.139,3.139,3.139,-4.06%
2009/4/17,3.272,3.272,3.272,3.272,2.89%
2009/4/16,3.18,3.18,3.18,3.18,0.95%
2009/4/15,3.15,3.15,3.15,3.15,-1.32%
2009/4/14,3.192,3.192,3.192,3.192,-0.75%
2009/4/9,3.216,3.216,3.216,3.216,-0.31%
2009/4/8,3.226,3.226,3.226,3.226,0.37%
2009/4/7,3.214,3.214,3.214,3.214,-0.19%
2009/4/6,3.22,3.22,3.22,3.22,-0.49%
2009/4/3,3.236,3.236,3.236,3.236,2.21%
2009/4/2,3.166,3.166,3.166,3.166,5.92%
2009/4/1,2.989,2.989,2.989,2.989,-0.17%
2009/3/31,2.994,2.994,2.994,2.994,-1.77%
2009/3/30,3.048,3.048,3.048,3.048,-1.52%
2009/3/27,3.095,3.095,3.095,3.095,-1.34%
2009/3/26,3.137,3.137,3.137,3.137,0.00%
2009/3/25,3.137,3.137,3.137,3.137,-0.25%
2009/3/24,3.145,3.145,3.145,3.145,4.17%
2009/3/23,3.019,3.019,3.019,3.019,1.38%
2009/3/20,2.978,2.978,2.978,2.978,-2.07%
2009/3/19,3.041,3.041,3.041,3.041,-5.62%
2009/3/18,3.222,3.222,3.222,3.222,0.78%
2009/3/17,3.197,3.197,3.197,3.197,1.69%
2009/3/16,3.144,3.144,3.144,3.144,3.39%
2009/3/13,3.041,3.041,3.041,3.041,0.83%
2009/3/12,3.016,3.016,3.016,3.016,-1.69%
2009/3/11,3.068,3.068,3.068,3.068,1.83%
2009/3/10,3.013,3.013,3.013,3.013,1.82%
2009/3/9,2.959,2.959,2.959,2.959,1.30%
2009/3/6,2.921,2.921,2.921,2.921,-3.25%
2009/3/5,3.019,3.019,3.019,3.019,-3.95%
2009/3/4,3.143,3.143,3.143,3.143,3.22%
2009/3/3,3.045,3.045,3.045,3.045,0.53%
2009/3/2,3.029,3.029,3.029,3.029,-2.57%
2009/2/27,3.109,3.109,3.109,3.109,-0.73%
2009/2/26,3.132,3.132,3.132,3.132,4.75%
2009/2/25,2.99,2.99,2.99,2.99,0.13%
2009/2/24,2.986,2.986,2.986,2.986,-1.13%
2009/2/23,3.02,3.02,3.02,3.02,0.03%
2009/2/20,3.019,3.019,3.019,3.019,-2.17%
2009/2/19,3.086,3.086,3.086,3.086,3.11%
2009/2/18,2.993,2.993,2.993,2.993,0.61%
2009/2/17,2.975,2.975,2.975,2.975,-1.88%
2009/2/16,3.032,3.032,3.032,3.032,-2.51%
2009/2/13,3.11,3.11,3.11,3.11,0.81%
2009/2/12,3.085,3.085,3.085,3.085,-4.13%
2009/2/11,3.218,3.218,3.218,3.218,-3.91%
2009/2/10,3.349,3.349,3.349,3.349,-1.33%
2009/2/9,3.394,3.394,3.394,3.394,0.86%
2009/2/6,3.365,3.365,3.365,3.365,1.02%
2009/2/5,3.331,3.331,3.331,3.331,-1.01%
2009/2/4,3.365,3.365,3.365,3.365,0.48%
2009/2/3,3.349,3.349,3.349,3.349,2.01%
2009/2/2,3.283,3.283,3.283,3.283,-0.39%
2009/1/30,3.296,3.296,3.296,3.296,1.48%
2009/1/29,3.248,3.248,3.248,3.248,0.37%
2009/1/28,3.236,3.236,3.236,3.236,-0.77%
2009/1/27,3.261,3.261,3.261,3.261,-1.78%
2009/1/26,3.32,3.32,3.32,3.32,3.01%
2009/1/23,3.223,3.223,3.223,3.223,3.73%
2009/1/22,3.107,3.107,3.107,3.107,3.81%
2009/1/21,2.993,2.993,2.993,2.993,-0.83%
2009/1/20,3.018,3.018,3.018,3.018,0.90%
2009/1/19,2.991,2.991,2.991,2.991,1.91%
2009/1/16,2.935,2.935,2.935,2.935,1.56%
2009/1/15,2.89,2.89,2.89,2.89,-1.60%
2009/1/14,2.937,2.937,2.937,2.937,-2.03%
2009/1/13,2.998,2.998,2.998,2.998,0.44%
2009/1/12,2.985,2.985,2.985,2.985,-1.13%
2009/1/9,3.019,3.019,3.019,3.019,-3.36%
2009/1/8,3.124,3.124,3.124,3.124,-2.59%
2009/1/7,3.207,3.207,3.207,3.207,1.65%
2009/1/6,3.155,3.155,3.155,3.155,4.61%
2009/1/5,3.016,3.016,3.016,3.016,2.20%
2009/1/2,2.951,2.951,2.951,2.951,0.07%
2008/12/30,2.949,2.949,2.949,2.949,2.11%
2008/12/29,2.888,2.888,2.888,2.888,-1.94%
2008/12/23,2.945,2.945,2.945,2.945,-0.07%
2008/12/22,2.947,2.947,2.947,2.947,-2.09%
2008/12/19,3.01,3.01,3.01,3.01,1.01%
2008/12/18,2.98,2.98,2.98,2.98,-0.43%
2008/12/17,2.993,2.993,2.993,2.993,-4.62%
2008/12/16,3.138,3.138,3.138,3.138,-2.09%
2008/12/15,3.205,3.205,3.205,3.205,-2.70%
2008/12/12,3.294,3.294,3.294,3.294,2.81%
2008/12/11,3.204,3.204,3.204,3.204,0.25%
2008/12/10,3.196,3.196,3.196,3.196,-0.99%
2008/12/9,3.228,3.228,3.228,3.228,2.22%
2008/12/8,3.158,3.158,3.158,3.158,4.57%
2008/12/5,3.02,3.02,3.02,3.02,-2.42%
2008/12/4,3.095,3.095,3.095,3.095,1.64%
2008/12/3,3.045,3.045,3.045,3.045,-0.46%
2008/12/2,3.059,3.059,3.059,3.059,-3.26%
2008/12/1,3.162,3.162,3.162,3.162,-3.15%
2008/11/28,3.265,3.265,3.265,3.265,-0.82%
2008/11/27,3.292,3.292,3.292,3.292,0.40%
2008/11/26,3.279,3.279,3.279,3.279,-1.86%
2008/11/25,3.341,3.341,3.341,3.341,-2.20%
2008/11/24,3.416,3.416,3.416,3.416,1.12%
2008/11/21,3.378,3.378,3.378,3.378,-0.59%
2008/11/20,3.398,3.398,3.398,3.398,-3.74%
2008/11/19,3.53,3.53,3.53,3.53,-3.00%
2008/11/18,3.639,3.639,3.639,3.639,-0.33%
2008/11/17,3.651,3.651,3.651,3.651,-0.81%
2008/11/14,3.681,3.681,3.681,3.681,-0.78%
2008/11/13,3.71,3.71,3.71,3.71,0.16%
2008/11/12,3.704,3.704,3.704,3.704,0.95%
2008/11/11,3.669,3.669,3.669,3.669,-0.33%
2008/11/10,3.681,3.681,3.681,3.681,0.38%
2008/11/7,3.667,3.667,3.667,3.667,-1.42%
2008/11/6,3.72,3.72,3.72,3.72,-1.22%
2008/11/5,3.766,3.766,3.766,3.766,-1.23%
2008/11/4,3.813,3.813,3.813,3.813,-0.70%
2008/11/3,3.84,3.84,3.84,3.84,-1.61%
2008/10/31,3.903,3.903,3.903,3.903,3.39%
2008/10/30,3.775,3.775,3.775,3.775,-0.55%
2008/10/29,3.796,3.796,3.796,3.796,1.04%
2008/10/28,3.757,3.757,3.757,3.757,0.19%
2008/10/27,3.75,3.75,3.75,3.75,-0.40%
2008/10/24,3.765,3.765,3.765,3.765,-0.58%
2008/10/23,3.787,3.787,3.787,3.787,-0.34%
2008/10/22,3.8,3.8,3.8,3.8,-3.65%
2008/10/21,3.944,3.944,3.944,3.944,-1.55%
2008/10/20,4.006,4.006,4.006,4.006,-0.79%
2008/10/17,4.038,4.038,4.038,4.038,-0.79%
2008/10/16,4.07,4.07,4.07,4.07,-1.52%
2008/10/15,4.133,4.133,4.133,4.133,0.29%
2008/10/14,4.121,4.121,4.121,4.121,0.91%
2008/10/13,4.084,4.084,4.084,4.084,2.61%
2008/10/10,3.98,3.98,3.98,3.98,2.34%
2008/10/9,3.889,3.889,3.889,3.889,2.29%
2008/10/8,3.802,3.802,3.802,3.802,1.31%
2008/10/7,3.753,3.753,3.753,3.753,-0.05%
2008/10/6,3.755,3.755,3.755,3.755,-4.16%
2008/10/3,3.918,3.918,3.918,3.918,-0.46%
2008/10/2,3.936,3.936,3.936,3.936,-1.43%
2008/10/1,3.993,3.993,3.993,3.993,-0.40%
2008/9/30,4.009,4.009,4.009,4.009,0.68%
2008/9/29,3.982,3.982,3.982,3.982,-4.19%
2008/9/26,4.156,4.156,4.156,4.156,-1.84%
2008/9/25,4.234,4.234,4.234,4.234,1.56%
2008/9/24,4.169,4.169,4.169,4.169,-1.86%
2008/9/23,4.248,4.248,4.248,4.248,-0.05%
2008/9/22,4.25,4.25,4.25,4.25,0.45%
2008/9/19,4.231,4.231,4.231,4.231,5.27%
2008/9/18,4.019,4.019,4.019,4.019,0.95%
2008/9/17,3.981,3.981,3.981,3.981,-0.87%
2008/9/16,4.016,4.016,4.016,4.016,-0.94%
2008/9/15,4.054,4.054,4.054,4.054,-2.87%
2008/9/12,4.174,4.174,4.174,4.174,2.35%
2008/9/11,4.078,4.078,4.078,4.078,0.02%
2008/9/10,4.077,4.077,4.077,4.077,0.72%
2008/9/9,4.048,4.048,4.048,4.048,-0.44%
2008/9/8,4.066,4.066,4.066,4.066,0.79%
2008/9/5,4.034,4.034,4.034,4.034,-0.59%
2008/9/4,4.058,4.058,4.058,4.058,-1.98%
2008/9/3,4.14,4.14,4.14,4.14,0.00%
2008/9/2,4.14,4.14,4.14,4.14,0.41%
2008/9/1,4.123,4.123,4.123,4.123,-1.22%
2008/8/29,4.174,4.174,4.174,4.174,0.17%
2008/8/28,4.167,4.167,4.167,4.167,0.19%
2008/8/27,4.159,4.159,4.159,4.159,1.17%
2008/8/26,4.111,4.111,4.111,4.111,-0.32%
2008/8/25,4.124,4.124,4.124,4.124,-2.25%
2008/8/22,4.219,4.219,4.219,4.219,1.05%
2008/8/21,4.175,4.175,4.175,4.175,1.07%
2008/8/20,4.131,4.131,4.131,4.131,-0.82%
2008/8/19,4.165,4.165,4.165,4.165,0.63%
2008/8/18,4.139,4.139,4.139,4.139,-0.14%
2008/8/15,4.145,4.145,4.145,4.145,-1.40%
2008/8/14,4.204,4.204,4.204,4.204,-0.38%
2008/8/13,4.22,4.22,4.22,4.22,-0.40%
2008/8/12,4.237,4.237,4.237,4.237,-0.68%
2008/8/11,4.266,4.266,4.266,4.266,0.14%
2008/8/8,4.26,4.26,4.26,4.26,0.19%
2008/8/7,4.252,4.252,4.252,4.252,-2.41%
2008/8/6,4.357,4.357,4.357,4.357,1.14%
2008/8/5,4.308,4.308,4.308,4.308,-0.46%
2008/8/4,4.328,4.328,4.328,4.328,-0.07%
2008/8/1,4.331,4.331,4.331,4.331,-0.48%
2008/7/31,4.352,4.352,4.352,4.352,-0.98%
2008/7/30,4.395,4.395,4.395,4.395,-1.66%
2008/7/29,4.469,4.469,4.469,4.469,-1.06%
2008/7/28,4.517,4.517,4.517,4.517,-2.27%
2008/7/25,4.622,4.622,4.622,4.622,1.29%
2008/7/24,4.563,4.563,4.563,4.563,-2.06%
2008/7/23,4.659,4.659,4.659,4.659,0.47%
2008/7/22,4.637,4.637,4.637,4.637,0.11%
2008/7/21,4.632,4.632,4.632,4.632,1.00%
2008/7/18,4.586,4.586,4.586,4.586,2.89%
2008/7/17,4.457,4.457,4.457,4.457,1.23%
2008/7/16,4.403,4.403,4.403,4.403,0.09%
2008/7/15,4.399,4.399,4.399,4.399,0.09%
2008/7/14,4.395,4.395,4.395,4.395,-1.37%
2008/7/11,4.456,4.456,4.456,4.456,1.57%
2008/7/10,4.387,4.387,4.387,4.387,-0.68%
2008/7/9,4.417,4.417,4.417,4.417,0.18%
2008/7/8,4.409,4.409,4.409,4.409,-0.45%
2008/7/7,4.429,4.429,4.429,4.429,-1.49%
2008/7/4,4.496,4.496,4.496,4.496,-1.25%
2008/7/3,4.553,4.553,4.553,4.553,-2.25%
2008/7/2,4.658,4.658,4.658,4.658,0.95%
2008/7/1,4.614,4.614,4.614,4.614,-0.30%
2008/6/30,4.628,4.628,4.628,4.628,2.28%
2008/6/27,4.525,4.525,4.525,4.525,0.22%
2008/6/26,4.515,4.515,4.515,4.515,-2.06%
2008/6/25,4.61,4.61,4.61,4.61,0.24%
2008/6/24,4.599,4.599,4.599,4.599,-0.45%
2008/6/23,4.62,4.62,4.62,4.62,-0.13%
2008/6/20,4.626,4.626,4.626,4.626,-1.11%
2008/6/19,4.678,4.678,4.678,4.678,1.70%
2008/6/18,4.6,4.6,4.6,4.6,0.04%
2008/6/17,4.598,4.598,4.598,4.598,-0.61%
2008/6/16,4.626,4.626,4.626,4.626,-0.62%
2008/6/13,4.655,4.655,4.655,4.655,0.82%
2008/6/12,4.617,4.617,4.617,4.617,1.05%
2008/6/11,4.569,4.569,4.569,4.569,0.40%
2008/6/10,4.551,4.551,4.551,4.551,1.65%
2008/6/9,4.477,4.477,4.477,4.477,1.22%
2008/6/6,4.423,4.423,4.423,4.423,-1.60%
2008/6/5,4.495,4.495,4.495,4.495,1.40%
2008/6/4,4.433,4.433,4.433,4.433,-0.11%
2008/6/3,4.438,4.438,4.438,4.438,1.58%
2008/6/2,4.369,4.369,4.369,4.369,-1.91%
2008/5/30,4.454,4.454,4.454,4.454,-0.13%
2008/5/29,4.46,4.46,4.46,4.46,2.32%
2008/5/28,4.359,4.359,4.359,4.359,1.07%
2008/5/27,4.313,4.313,4.313,4.313,0.44%
2008/5/26,4.294,4.294,4.294,4.294,0.70%
2008/5/23,4.264,4.264,4.264,4.264,-1.00%
2008/5/22,4.307,4.307,4.307,4.307,0.94%
2008/5/21,4.267,4.267,4.267,4.267,1.79%
2008/5/20,4.192,4.192,4.192,4.192,-0.50%
2008/5/19,4.213,4.213,4.213,4.213,0.84%
2008/5/16,4.178,4.178,4.178,4.178,-0.69%
2008/5/15,4.207,4.207,4.207,4.207,0.84%
2008/5/14,4.172,4.172,4.172,4.172,1.91%
2008/5/13,4.094,4.094,4.094,4.094,2.07%
2008/5/12,4.011,4.011,4.011,4.011,0.50%
2008/5/9,3.991,3.991,3.991,3.991,-1.87%
2008/5/8,4.067,4.067,4.067,4.067,-2.80%
2008/5/7,4.184,4.184,4.184,4.184,1.16%
2008/5/6,4.136,4.136,4.136,4.136,-0.60%
2008/5/5,4.161,4.161,4.161,4.161,-0.88%
2008/5/2,4.198,4.198,4.198,4.198,1.99%
2008/4/30,4.116,4.116,4.116,4.116,-0.48%
2008/4/29,4.136,4.136,4.136,4.136,-1.78%
2008/4/28,4.211,4.211,4.211,4.211,0.74%
2008/4/25,4.18,4.18,4.18,4.18,-0.43%
2008/4/24,4.198,4.198,4.198,4.198,1.16%
2008/4/23,4.15,4.15,4.15,4.15,0.22%
2008/4/22,4.141,4.141,4.141,4.141,0.80%
2008/4/21,4.108,4.108,4.108,4.108,-0.75%
2008/4/18,4.139,4.139,4.139,4.139,1.35%
2008/4/17,4.084,4.084,4.084,4.084,1.01%
2008/4/16,4.043,4.043,4.043,4.043,1.76%
2008/4/15,3.973,3.973,3.973,3.973,1.33%
2008/4/14,3.921,3.921,3.921,3.921,-1.63%
2008/4/11,3.986,3.986,3.986,3.986,0.00%
2008/4/10,3.986,3.986,3.986,3.986,-0.92%
2008/4/9,4.023,4.023,4.023,4.023,0.35%
2008/4/8,4.009,4.009,4.009,4.009,1.47%
2008/4/7,3.951,3.951,3.951,3.951,-0.85%
2008/4/4,3.985,3.985,3.985,3.985,0.15%
2008/4/3,3.979,3.979,3.979,3.979,0.48%
2008/4/2,3.96,3.96,3.96,3.96,0.00%
2008/4/1,3.96,3.96,3.96,3.96,1.51%
2008/3/31,3.901,3.901,3.901,3.901,-0.36%
2008/3/28,3.915,3.915,3.915,3.915,1.29%
2008/3/27,3.865,3.865,3.865,3.865,-0.46%
2008/3/26,3.883,3.883,3.883,3.883,3.19%
2008/3/25,3.763,3.763,3.763,3.763,1.07%
2008/3/20,3.723,3.723,3.723,3.723,-1.14%
2008/3/19,3.766,3.766,3.766,3.766,1.98%
2008/3/18,3.693,3.693,3.693,3.693,-0.83%
2008/3/17,3.724,3.724,3.724,3.724,-0.96%
2008/3/14,3.76,3.76,3.76,3.76,0.13%
2008/3/13,3.755,3.755,3.755,3.755,-1.11%
2008/3/12,3.797,3.797,3.797,3.797,1.77%
2008/3/11,3.731,3.731,3.731,3.731,-1.14%
2008/3/10,3.774,3.774,3.774,3.774,-0.61%
2008/3/7,3.797,3.797,3.797,3.797,-1.53%
2008/3/6,3.856,3.856,3.856,3.856,1.18%
2008/3/5,3.811,3.811,3.811,3.811,-1.27%
2008/3/4,3.86,3.86,3.86,3.86,-0.36%
2008/3/3,3.874,3.874,3.874,3.874,-2.88%
2008/2/29,3.989,3.989,3.989,3.989,-2.28%
2008/2/28,4.082,4.082,4.082,4.082,0.10%
2008/2/27,4.078,4.078,4.078,4.078,0.97%
2008/2/26,4.039,4.039,4.039,4.039,1.10%
2008/2/25,3.995,3.995,3.995,3.995,0.03%
2008/2/22,3.994,3.994,3.994,3.994,-0.97%
2008/2/21,4.033,4.033,4.033,4.033,0.12%
2008/2/20,4.028,4.028,4.028,4.028,0.45%
2008/2/19,4.01,4.01,4.01,4.01,1.34%
2008/2/18,3.957,3.957,3.957,3.957,-1.27%
2008/2/15,4.008,4.008,4.008,4.008,0.55%
2008/2/14,3.986,3.986,3.986,3.986,1.68%
2008/2/13,3.92,3.92,3.92,3.92,1.14%
2008/2/12,3.876,3.876,3.876,3.876,0.62%
2008/2/11,3.852,3.852,3.852,3.852,-1.10%
2008/2/8,3.895,3.895,3.895,3.895,0.52%
2008/2/7,3.875,3.875,3.875,3.875,1.02%
2008/2/6,3.836,3.836,3.836,3.836,-2.37%
2008/2/5,3.929,3.929,3.929,3.929,0.51%
2008/2/4,3.909,3.909,3.909,3.909,-0.61%
2008/2/1,3.933,3.933,3.933,3.933,-1.94%
2008/1/31,4.011,4.011,4.011,4.011,0.63%
2008/1/30,3.986,3.986,3.986,3.986,0.91%
2008/1/29,3.95,3.95,3.95,3.95,-0.53%
2008/1/28,3.971,3.971,3.971,3.971,-1.00%
2008/1/25,4.011,4.011,4.011,4.011,2.61%
2008/1/24,3.909,3.909,3.909,3.909,-1.78%
2008/1/23,3.98,3.98,3.98,3.98,1.79%
2008/1/22,3.91,3.91,3.91,3.91,-1.71%
2008/1/21,3.978,3.978,3.978,3.978,0.76%
2008/1/18,3.948,3.948,3.948,3.948,-0.65%
2008/1/17,3.974,3.974,3.974,3.974,-1.19%
2008/1/16,4.022,4.022,4.022,4.022,-0.94%
2008/1/15,4.06,4.06,4.06,4.06,-0.37%
2008/1/14,4.075,4.075,4.075,4.075,-0.29%
2008/1/11,4.087,4.087,4.087,4.087,-0.20%
2008/1/10,4.095,4.095,4.095,4.095,-0.85%
2008/1/9,4.13,4.13,4.13,4.13,0.41%
2008/1/8,4.113,4.113,4.113,4.113,-0.51%
2008/1/7,4.134,4.134,4.134,4.134,-1.41%
2008/1/4,4.193,4.193,4.193,4.193,-0.47%
2008/1/3,4.213,4.213,4.213,4.213,-2.57%
2008/1/2,4.324,4.324,4.324,4.324,-1.01%
2007/12/28,4.368,4.368,4.368,4.368,0.92%
2007/12/27,4.328,4.328,4.328,4.328,1.41%
2007/12/21,4.268,4.268,4.268,4.268,-0.56%
2007/12/20,4.292,4.292,4.292,4.292,-0.30%
2007/12/19,4.305,4.305,4.305,4.305,-0.28%
2007/12/18,4.317,4.317,4.317,4.317,-0.51%
2007/12/17,4.339,4.339,4.339,4.339,0.81%
2007/12/14,4.304,4.304,4.304,4.304,-0.78%
2007/12/13,4.338,4.338,4.338,4.338,1.59%
2007/12/12,4.27,4.27,4.27,4.27,-0.30%
2007/12/11,4.283,4.283,4.283,4.283,1.52%
2007/12/10,4.219,4.219,4.219,4.219,2.78%
2007/12/7,4.105,4.105,4.105,4.105,1.81%
2007/12/6,4.032,4.032,4.032,4.032,-0.25%
2007/12/5,4.042,4.042,4.042,4.042,-0.98%
2007/12/4,4.082,4.082,4.082,4.082,-1.85%
2007/12/3,4.159,4.159,4.159,4.159,1.69%
2007/11/30,4.09,4.09,4.09,4.09,-1.06%
2007/11/29,4.134,4.134,4.134,4.134,1.82%
2007/11/28,4.06,4.06,4.06,4.06,0.42%
2007/11/27,4.043,4.043,4.043,4.043,0.15%
2007/11/26,4.037,4.037,4.037,4.037,0.30%
2007/11/23,4.025,4.025,4.025,4.025,-0.15%
2007/11/22,4.031,4.031,4.031,4.031,-1.01%
2007/11/21,4.072,4.072,4.072,4.072,0.49%
2007/11/20,4.052,4.052,4.052,4.052,-1.79%
2007/11/19,4.126,4.126,4.126,4.126,-0.29%
2007/11/16,4.138,4.138,4.138,4.138,0.12%
2007/11/15,4.133,4.133,4.133,4.133,-0.29%
2007/11/14,4.145,4.145,4.145,4.145,1.05%
2007/11/13,4.102,4.102,4.102,4.102,0.24%
2007/11/12,4.092,4.092,4.092,4.092,-0.94%
2007/11/9,4.131,4.131,4.131,4.131,0.02%
2007/11/8,4.13,4.13,4.13,4.13,-1.76%
2007/11/7,4.204,4.204,4.204,4.204,0.38%
2007/11/6,4.188,4.188,4.188,4.188,0.22%
2007/11/5,4.179,4.179,4.179,4.179,-0.17%
2007/11/2,4.186,4.186,4.186,4.186,-2.49%
2007/11/1,4.293,4.293,4.293,4.293,2.78%
2007/10/31,4.177,4.177,4.177,4.177,0.10%
2007/10/30,4.173,4.173,4.173,4.173,0.00%
2007/10/29,4.173,4.173,4.173,4.173,0.29%
2007/10/26,4.161,4.161,4.161,4.161,0.19%
2007/10/25,4.153,4.153,4.153,4.153,-0.84%
2007/10/24,4.188,4.188,4.188,4.188,0.14%
2007/10/23,4.182,4.182,4.182,4.182,-0.48%
2007/10/22,4.202,4.202,4.202,4.202,-2.82%
2007/10/19,4.324,4.324,4.324,4.324,-1.28%
2007/10/18,4.38,4.38,4.38,4.38,-1.28%
2007/10/17,4.437,4.437,4.437,4.437,0.16%
2007/10/16,4.43,4.43,4.43,4.43,-0.05%
2007/10/15,4.432,4.432,4.432,4.432,1.44%
2007/10/12,4.369,4.369,4.369,4.369,0.69%
2007/10/11,4.339,4.339,4.339,4.339,0.02%
2007/10/10,4.338,4.338,4.338,4.338,-0.09%
2007/10/9,4.342,4.342,4.342,4.342,-0.23%
2007/10/8,4.352,4.352,4.352,4.352,1.54%
2007/10/5,4.286,4.286,4.286,4.286,-1.08%
2007/10/4,4.333,4.333,4.333,4.333,0.42%
2007/10/3,4.315,4.315,4.315,4.315,-0.32%
2007/10/2,4.329,4.329,4.329,4.329,-0.35%
2007/10/1,4.344,4.344,4.344,4.344,-0.37%
2007/9/28,4.36,4.36,4.36,4.36,-0.34%
2007/9/27,4.375,4.375,4.375,4.375,0.76%
2007/9/26,4.342,4.342,4.342,4.342,-0.39%
2007/9/25,4.359,4.359,4.359,4.359,0.05%
2007/9/24,4.357,4.357,4.357,4.357,0.21%
2007/9/21,4.348,4.348,4.348,4.348,1.95%
2007/9/20,4.265,4.265,4.265,4.265,1.81%
2007/9/19,4.189,4.189,4.189,4.189,0.89%
2007/9/18,4.152,4.152,4.152,4.152,-0.36%
2007/9/17,4.167,4.167,4.167,4.167,0.00%
2007/9/14,4.167,4.167,4.167,4.167,1.09%
2007/9/13,4.122,4.122,4.122,4.122,0.22%
2007/9/12,4.113,4.113,4.113,4.113,0.73%
2007/9/11,4.083,4.083,4.083,4.083,-0.85%
2007/9/10,4.118,4.118,4.118,4.118,-2.28%
2007/9/7,4.214,4.214,4.214,4.214,-0.02%
2007/9/6,4.215,4.215,4.215,4.215,-1.54%
2007/9/5,4.281,4.281,4.281,4.281,0.40%
2007/9/4,4.264,4.264,4.264,4.264,0.35%
2007/9/3,4.249,4.249,4.249,4.249,0.78%
2007/8/31,4.216,4.216,4.216,4.216,-0.68%
2007/8/30,4.245,4.245,4.245,4.245,0.62%
2007/8/29,4.219,4.219,4.219,4.219,-0.71%
2007/8/28,4.249,4.249,4.249,4.249,-0.40%
2007/8/27,4.266,4.266,4.266,4.266,-0.07%
2007/8/24,4.269,4.269,4.269,4.269,-0.28%
2007/8/23,4.281,4.281,4.281,4.281,1.13%
2007/8/22,4.233,4.233,4.233,4.233,-1.03%
2007/8/21,4.277,4.277,4.277,4.277,-0.37%
2007/8/20,4.293,4.293,4.293,4.293,1.30%
2007/8/17,4.238,4.238,4.238,4.238,-1.67%
2007/8/16,4.31,4.31,4.31,4.31,-1.10%
2007/8/15,4.358,4.358,4.358,4.358,0.14%
2007/8/14,4.352,4.352,4.352,4.352,-0.30%
2007/8/13,4.365,4.365,4.365,4.365,-0.71%
2007/8/10,4.396,4.396,4.396,4.396,-0.88%
2007/8/9,4.435,4.435,4.435,4.435,2.35%
2007/8/8,4.333,4.333,4.333,4.333,0.21%
2007/8/7,4.324,4.324,4.324,4.324,0.42%
2007/8/6,4.306,4.306,4.306,4.306,-1.22%
2007/8/3,4.359,4.359,4.359,4.359,0.14%
2007/8/2,4.353,4.353,4.353,4.353,0.86%
2007/8/1,4.316,4.316,4.316,4.316,-0.28%
2007/7/31,4.328,4.328,4.328,4.328,-0.07%
2007/7/30,4.331,4.331,4.331,4.331,0.86%
2007/7/27,4.294,4.294,4.294,4.294,-2.59%
2007/7/26,4.408,4.408,4.408,4.408,-0.27%
2007/7/25,4.42,4.42,4.42,4.42,-0.27%
2007/7/24,4.432,4.432,4.432,4.432,-0.16%
2007/7/23,4.439,4.439,4.439,4.439,-2.33%
2007/7/20,4.545,4.545,4.545,4.545,0.13%
2007/7/19,4.539,4.539,4.539,4.539,-0.94%
2007/7/18,4.582,4.582,4.582,4.582,0.70%
2007/7/17,4.55,4.55,4.55,4.55,-1.47%
2007/7/16,4.618,4.618,4.618,4.618,-0.47%
2007/7/13,4.64,4.64,4.64,4.64,1.13%
2007/7/12,4.588,4.588,4.588,4.588,-0.07%
2007/7/11,4.591,4.591,4.591,4.591,-1.54%
2007/7/10,4.663,4.663,4.663,4.663,-0.51%
2007/7/9,4.687,4.687,4.687,4.687,0.71%
2007/7/6,4.654,4.654,4.654,4.654,0.91%
2007/7/5,4.612,4.612,4.612,4.612,1.05%
2007/7/4,4.564,4.564,4.564,4.564,1.78%
2007/7/3,4.484,4.484,4.484,4.484,-1.56%
2007/7/2,4.555,4.555,4.555,4.555,0.00%
2007/6/29,4.555,4.555,4.555,4.555,-0.07%
2007/6/28,4.558,4.558,4.558,4.558,-0.91%
2007/6/27,4.6,4.6,4.6,4.6,-0.07%
2007/6/26,4.603,4.603,4.603,4.603,-0.50%
2007/6/25,4.626,4.626,4.626,4.626,-0.52%
2007/6/22,4.65,4.65,4.65,4.65,0.22%
2007/6/21,4.64,4.64,4.64,4.64,1.02%
2007/6/20,4.593,4.593,4.593,4.593,-1.01%
2007/6/19,4.64,4.64,4.64,4.64,-0.11%
2007/6/18,4.645,4.645,4.645,4.645,0.22%
2007/6/15,4.635,4.635,4.635,4.635,0.04%
2007/6/14,4.633,4.633,4.633,4.633,0.46%
2007/6/13,4.612,4.612,4.612,4.612,1.03%
2007/6/12,4.565,4.565,4.565,4.565,0.26%
2007/6/11,4.553,4.553,4.553,4.553,0.15%
2007/6/8,4.546,4.546,4.546,4.546,2.16%
2007/6/7,4.45,4.45,4.45,4.45,-0.87%
2007/6/6,4.489,4.489,4.489,4.489,0.76%
2007/6/5,4.455,4.455,4.455,4.455,-0.13%
2007/6/4,4.461,4.461,4.461,4.461,1.11%
2007/6/1,4.412,4.412,4.412,4.412,0.55%
2007/5/31,4.388,4.388,4.388,4.388,-0.23%
2007/5/30,4.398,4.398,4.398,4.398,0.05%
2007/5/29,4.396,4.396,4.396,4.396,2.33%
2007/5/25,4.296,4.296,4.296,4.296,-1.81%
2007/5/24,4.375,4.375,4.375,4.375,0.53%
2007/5/23,4.352,4.352,4.352,4.352,0.90%
2007/5/22,4.313,4.313,4.313,4.313,-0.16%
2007/5/21,4.32,4.32,4.32,4.32,0.00%
2007/5/18,4.32,4.32,4.32,4.32,0.09%
2007/5/17,4.316,4.316,4.316,4.316,0.26%
2007/5/16,4.305,4.305,4.305,4.305,0.73%
2007/5/15,4.274,4.274,4.274,4.274,1.04%
2007/5/14,4.23,4.23,4.23,4.23,0.74%
2007/5/11,4.199,4.199,4.199,4.199,-0.69%
2007/5/10,4.228,4.228,4.228,4.228,0.48%
2007/5/9,4.208,4.208,4.208,4.208,0.02%
2007/5/8,4.207,4.207,4.207,4.207,0.24%
2007/5/7,4.197,4.197,4.197,4.197,-0.83%
2007/5/4,4.232,4.232,4.232,4.232,0.71%
2007/5/3,4.202,4.202,4.202,4.202,1.45%
2007/5/2,4.142,4.142,4.142,4.142,-1.83%
2007/4/30,4.219,4.219,4.219,4.219,0.12%
2007/4/27,4.214,4.214,4.214,4.214,0.86%
2007/4/26,4.178,4.178,4.178,4.178,0.19%
2007/4/25,4.17,4.17,4.17,4.17,-0.31%
2007/4/24,4.183,4.183,4.183,4.183,-0.29%
2007/4/23,4.195,4.195,4.195,4.195,-0.24%
2007/4/20,4.205,4.205,4.205,4.205,1.20%
2007/4/19,4.155,4.155,4.155,4.155,-0.62%
2007/4/18,4.181,4.181,4.181,4.181,-0.62%
2007/4/17,4.207,4.207,4.207,4.207,-0.66%
2007/4/16,4.235,4.235,4.235,4.235,0.86%
2007/4/13,4.199,4.199,4.199,4.199,0.94%
2007/4/12,4.16,4.16,4.16,4.16,0.75%
2007/4/11,4.129,4.129,4.129,4.129,0.88%
2007/4/10,4.093,4.093,4.093,4.093,0.27%
2007/4/5,4.082,4.082,4.082,4.082,-0.51%
2007/4/4,4.103,4.103,4.103,4.103,0.51%
2007/4/3,4.082,4.082,4.082,4.082,0.44%
2007/4/2,4.064,4.064,4.064,4.064,0.07%
2007/3/30,4.061,4.061,4.061,4.061,0.35%
2007/3/29,4.047,4.047,4.047,4.047,0.50%
2007/3/28,4.027,4.027,4.027,4.027,0.12%
2007/3/27,4.022,4.022,4.022,4.022,0.50%
2007/3/26,4.002,4.002,4.002,4.002,0.96%
2007/3/23,3.964,3.964,3.964,3.964,1.82%
2007/3/22,3.893,3.893,3.893,3.893,-0.51%
2007/3/21,3.913,3.913,3.913,3.913,0.03%
2007/3/20,3.912,3.912,3.912,3.912,0.23%
2007/3/19,3.903,3.903,3.903,3.903,-0.03%
2007/3/16,3.904,3.904,3.904,3.904,0.08%
2007/3/15,3.901,3.901,3.901,3.901,0.39%
2007/3/14,3.886,3.886,3.886,3.886,-1.07%
2007/3/13,3.928,3.928,3.928,3.928,-0.73%
2007/3/12,3.957,3.957,3.957,3.957,0.82%
2007/3/9,3.925,3.925,3.925,3.925,0.26%
2007/3/8,3.915,3.915,3.915,3.915,-0.33%
2007/3/7,3.928,3.928,3.928,3.928,0.56%
2007/3/6,3.906,3.906,3.906,3.906,-0.66%
2007/3/5,3.932,3.932,3.932,3.932,-0.58%
2007/3/2,3.955,3.955,3.955,3.955,-0.23%
2007/3/1,3.964,3.964,3.964,3.964,1.07%
2007/2/28,3.922,3.922,3.922,3.922,-1.80%
2007/2/27,3.994,3.994,3.994,3.994,-1.26%
2007/2/26,4.045,4.045,4.045,4.045,-1.22%
2007/2/23,4.095,4.095,4.095,4.095,1.21%
2007/2/22,4.046,4.046,4.046,4.046,-0.20%
2007/2/21,4.054,4.054,4.054,4.054,-0.32%
2007/2/20,4.067,4.067,4.067,4.067,0.47%
2007/2/19,4.048,4.048,4.048,4.048,0.00%
2007/2/16,4.048,4.048,4.048,4.048,-1.20%
2007/2/15,4.097,4.097,4.097,4.097,-0.75%
2007/2/14,4.128,4.128,4.128,4.128,0.32%
2007/2/13,4.115,4.115,4.115,4.115,0.49%
2007/2/12,4.095,4.095,4.095,4.095,1.14%
2007/2/9,4.049,4.049,4.049,4.049,0.67%
2007/2/8,4.022,4.022,4.022,4.022,0.02%
2007/2/7,4.021,4.021,4.021,4.021,-0.37%
2007/2/6,4.036,4.036,4.036,4.036,-0.52%
2007/2/5,4.057,4.057,4.057,4.057,-0.90%
2007/2/2,4.094,4.094,4.094,4.094,-0.02%
2007/2/1,4.095,4.095,4.095,4.095,-0.19%
2007/1/31,4.103,4.103,4.103,4.103,-0.24%
2007/1/30,4.113,4.113,4.113,4.113,0.56%
2007/1/29,4.09,4.09,4.09,4.09,0.57%
2007/1/26,4.067,4.067,4.067,4.067,0.97%
2007/1/25,4.028,4.028,4.028,4.028,0.10%
2007/1/24,4.024,4.024,4.024,4.024,0.32%
2007/1/23,4.011,4.011,4.011,4.011,-0.96%
2007/1/22,4.05,4.05,4.05,4.05,0.15%
2007/1/19,4.044,4.044,4.044,4.044,0.07%
2007/1/18,4.041,4.041,4.041,4.041,0.00%
2007/1/17,4.041,4.041,4.041,4.041,-0.39%
2007/1/16,4.057,4.057,4.057,4.057,-0.12%
2007/1/15,4.062,4.062,4.062,4.062,0.84%
2007/1/12,4.028,4.028,4.028,4.028,0.25%
2007/1/11,4.018,4.018,4.018,4.018,0.07%
2007/1/10,4.015,4.015,4.015,4.015,1.06%
2007/1/9,3.973,3.973,3.973,3.973,0.00%
2007/1/8,3.973,3.973,3.973,3.973,0.97%
2007/1/5,3.935,3.935,3.935,3.935,-0.08%
2007/1/4,3.938,3.938,3.938,3.938,0.25%
2007/1/3,3.928,3.928,3.928,3.928,-0.78%
2007/1/2,3.959,3.959,3.959,3.959,0.33%
2006/12/29,3.946,3.946,3.946,3.946,0.36%
2006/12/28,3.932,3.932,3.932,3.932,1.18%
2006/12/27,3.886,3.886,3.886,3.886,0.60%
2006/12/22,3.863,3.863,3.863,3.863,0.03%
2006/12/21,3.862,3.862,3.862,3.862,-0.05%
2006/12/20,3.864,3.864,3.864,3.864,0.99%
2006/12/19,3.826,3.826,3.826,3.826,0.53%
2006/12/18,3.806,3.806,3.806,3.806,0.55%
2006/12/15,3.785,3.785,3.785,3.785,0.85%
2006/12/14,3.753,3.753,3.753,3.753,0.46%
2006/12/13,3.736,3.736,3.736,3.736,-0.11%
2006/12/12,3.74,3.74,3.74,3.74,0.13%
2006/12/11,3.735,3.735,3.735,3.735,0.62%
2006/12/8,3.712,3.712,3.712,3.712,0.62%
2006/12/7,3.689,3.689,3.689,3.689,0.55%
2006/12/6,3.669,3.669,3.669,3.669,0.11%
2006/12/5,3.665,3.665,3.665,3.665,0.08%
2006/12/4,3.662,3.662,3.662,3.662,-0.81%
2006/12/1,3.692,3.692,3.692,3.692,0.03%
2006/11/30,3.691,3.691,3.691,3.691,-0.27%
2006/11/29,3.701,3.701,3.701,3.701,-0.43%
2006/11/28,3.717,3.717,3.717,3.717,0.65%
2006/11/27,3.693,3.693,3.693,3.693,-1.28%
2006/11/24,3.741,3.741,3.741,3.741,0.56%
2006/11/23,3.72,3.72,3.72,3.72,0.30%
2006/11/22,3.709,3.709,3.709,3.709,-0.13%
2006/11/21,3.714,3.714,3.714,3.714,-0.19%
2006/11/20,3.721,3.721,3.721,3.721,-1.06%
2006/11/17,3.761,3.761,3.761,3.761,0.53%
2006/11/16,3.741,3.741,3.741,3.741,0.56%
2006/11/15,3.72,3.72,3.72,3.72,-0.24%
2006/11/14,3.729,3.729,3.729,3.729,0.27%
2006/11/13,3.719,3.719,3.719,3.719,-0.67%
2006/11/10,3.744,3.744,3.744,3.744,-0.11%
2006/11/9,3.748,3.748,3.748,3.748,0.00%
2006/11/8,3.748,3.748,3.748,3.748,-0.93%
2006/11/7,3.783,3.783,3.783,3.783,0.05%
2006/11/6,3.781,3.781,3.781,3.781,1.02%
2006/11/3,3.743,3.743,3.743,3.743,1.08%
2006/11/2,3.703,3.703,3.703,3.703,-0.99%
2006/11/1,3.74,3.74,3.74,3.74,-1.24%
2006/10/31,3.787,3.787,3.787,3.787,-0.47%
2006/10/30,3.805,3.805,3.805,3.805,-1.30%
2006/10/27,3.855,3.855,3.855,3.855,-0.13%
2006/10/26,3.86,3.86,3.86,3.86,-0.49%
2006/10/25,3.879,3.879,3.879,3.879,0.00%
2006/10/24,3.879,3.879,3.879,3.879,1.07%
2006/10/23,3.838,3.838,3.838,3.838,0.05%
2006/10/20,3.836,3.836,3.836,3.836,0.42%
2006/10/19,3.82,3.82,3.82,3.82,0.21%
2006/10/18,3.812,3.812,3.812,3.812,-0.50%
2006/10/17,3.831,3.831,3.831,3.831,-0.05%
2006/10/16,3.833,3.833,3.833,3.833,0.58%
2006/10/13,3.811,3.811,3.811,3.811,-0.63%
2006/10/12,3.835,3.835,3.835,3.835,0.39%
2006/10/11,3.82,3.82,3.82,3.82,1.54%
2006/10/10,3.762,3.762,3.762,3.762,-0.11%
2006/10/9,3.766,3.766,3.766,3.766,1.32%
2006/10/6,3.717,3.717,3.717,3.717,0.73%
2006/10/5,3.69,3.69,3.69,3.69,-1.05%
2006/10/4,3.729,3.729,3.729,3.729,0.97%
2006/10/3,3.693,3.693,3.693,3.693,-0.35%
2006/10/2,3.706,3.706,3.706,3.706,0.68%
2006/9/29,3.681,3.681,3.681,3.681,0.11%
2006/9/28,3.677,3.677,3.677,3.677,0.63%
2006/9/27,3.654,3.654,3.654,3.654,-0.08%
2006/9/26,3.657,3.657,3.657,3.657,-0.81%
2006/9/25,3.687,3.687,3.687,3.687,-0.81%
2006/9/22,3.717,3.717,3.717,3.717,0.00%
2006/9/21,3.717,3.717,3.717,3.717,-1.48%
2006/9/20,3.773,3.773,3.773,3.773,-1.13%
2006/9/19,3.816,3.816,3.816,3.816,1.11%
2006/9/18,3.774,3.774,3.774,3.774,-0.84%
2006/9/15,3.806,3.806,3.806,3.806,0.77%
2006/9/14,3.777,3.777,3.777,3.777,-0.81%
2006/9/13,3.808,3.808,3.808,3.808,0.16%
2006/9/12,3.802,3.802,3.802,3.802,0.26%
2006/9/11,3.792,3.792,3.792,3.792,-0.45%
2006/9/8,3.809,3.809,3.809,3.809,-0.08%
2006/9/7,3.812,3.812,3.812,3.812,0.40%
2006/9/6,3.797,3.797,3.797,3.797,1.31%
2006/9/5,3.748,3.748,3.748,3.748,0.29%
2006/9/4,3.737,3.737,3.737,3.737,-0.48%
2006/9/1,3.755,3.755,3.755,3.755,-1.29%
2006/8/31,3.804,3.804,3.804,3.804,-0.05%
2006/8/30,3.806,3.806,3.806,3.806,0.21%
2006/8/29,3.798,3.798,3.798,3.798,0.24%
2006/8/28,3.789,3.789,3.789,3.789,-0.58%
2006/8/25,3.811,3.811,3.811,3.811,0.08%
2006/8/24,3.808,3.808,3.808,3.808,-0.16%
2006/8/23,3.814,3.814,3.814,3.814,-1.14%
2006/8/22,3.858,3.858,3.858,3.858,-0.95%
2006/8/21,3.895,3.895,3.895,3.895,-0.43%
2006/8/18,3.912,3.912,3.912,3.912,-0.58%
2006/8/17,3.935,3.935,3.935,3.935,-1.03%
2006/8/16,3.976,3.976,3.976,3.976,-0.62%
2006/8/15,4.001,4.001,4.001,4.001,0.48%
2006/8/14,3.982,3.982,3.982,3.982,1.27%
2006/8/11,3.932,3.932,3.932,3.932,0.05%
2006/8/10,3.93,3.93,3.93,3.93,1.00%
2006/8/9,3.891,3.891,3.891,3.891,-0.08%
2006/8/8,3.894,3.894,3.894,3.894,-0.36%
2006/8/7,3.908,3.908,3.908,3.908,-1.44%
2006/8/4,3.965,3.965,3.965,3.965,0.99%
2006/8/3,3.926,3.926,3.926,3.926,0.10%
2006/8/2,3.922,3.922,3.922,3.922,0.00%
2006/8/1,3.922,3.922,3.922,3.922,-0.03%
2006/7/31,3.923,3.923,3.923,3.923,-0.63%
2006/7/28,3.948,3.948,3.948,3.948,-0.55%
2006/7/27,3.97,3.97,3.97,3.97,0.15%
2006/7/26,3.964,3.964,3.964,3.964,0.08%
2006/7/25,3.961,3.961,3.961,3.961,-0.10%
2006/7/24,3.965,3.965,3.965,3.965,-0.03%
2006/7/21,3.966,3.966,3.966,3.966,-0.33%
2006/7/20,3.979,3.979,3.979,3.979,-0.85%
2006/7/19,4.013,4.013,4.013,4.013,0.73%
2006/7/18,3.984,3.984,3.984,3.984,0.10%
2006/7/17,3.98,3.98,3.98,3.98,-1.00%
2006/7/14,4.02,4.02,4.02,4.02,-1.23%
2006/7/13,4.07,4.07,4.07,4.07,0.72%
2006/7/12,4.041,4.041,4.041,4.041,-1.00%
2006/7/11,4.082,4.082,4.082,4.082,0.57%
2006/7/10,4.059,4.059,4.059,4.059,-1.36%
2006/7/7,4.115,4.115,4.115,4.115,-0.46%
2006/7/6,4.134,4.134,4.134,4.134,1.62%
2006/7/5,4.068,4.068,4.068,4.068,-0.32%
2006/7/4,4.081,4.081,4.081,4.081,0.57%
2006/7/3,4.058,4.058,4.058,4.058,0.10%
2006/6/30,4.054,4.054,4.054,4.054,-1.00%
2006/6/29,4.095,4.095,4.095,4.095,0.29%
2006/6/28,4.083,4.083,4.083,4.083,-0.10%
2006/6/27,4.087,4.087,4.087,4.087,0.22%
2006/6/26,4.078,4.078,4.078,4.078,0.47%
2006/6/23,4.059,4.059,4.059,4.059,1.10%
2006/6/22,4.015,4.015,4.015,4.015,0.45%
2006/6/21,3.997,3.997,3.997,3.997,0.81%
2006/6/20,3.965,3.965,3.965,3.965,0.41%
2006/6/19,3.949,3.949,3.949,3.949,-0.15%
2006/6/16,3.955,3.955,3.955,3.955,1.31%
2006/6/15,3.904,3.904,3.904,3.904,1.04%
2006/6/14,3.864,3.864,3.864,3.864,-0.97%
2006/6/13,3.902,3.902,3.902,3.902,-0.71%
2006/6/12,3.93,3.93,3.93,3.93,0.00%
2006/6/9,3.93,3.93,3.93,3.93,-1.70%
2006/6/8,3.998,3.998,3.998,3.998,0.00%
2006/6/7,3.998,3.998,3.998,3.998,0.96%
2006/6/6,3.96,3.96,3.96,3.96,0.92%
2006/6/5,3.924,3.924,3.924,3.924,-1.68%
2006/6/2,3.991,3.991,3.991,3.991,0.05%
2006/6/1,3.989,3.989,3.989,3.989,1.45%
2006/5/31,3.932,3.932,3.932,3.932,1.13%
2006/5/30,3.888,3.888,3.888,3.888,0.15%
2006/5/29,3.882,3.882,3.882,3.882,0.26%
2006/5/26,3.872,3.872,3.872,3.872,-0.56%
2006/5/25,3.894,3.894,3.894,3.894,-0.61%
2006/5/24,3.918,3.918,3.918,3.918,-0.28%
2006/5/23,3.929,3.929,3.929,3.929,-1.82%
2006/5/22,4.002,4.002,4.002,4.002,-0.12%
2006/5/19,4.007,4.007,4.007,4.007,-1.48%
2006/5/18,4.067,4.067,4.067,4.067,0.00%
2006/5/17,4.067,4.067,4.067,4.067,1.35%
2006/5/16,4.013,4.013,4.013,4.013,-1.13%
2006/5/15,4.059,4.059,4.059,4.059,-0.05%
2006/5/12,4.061,4.061,4.061,4.061,1.42%
2006/5/11,4.004,4.004,4.004,4.004,-0.30%
2006/5/10,4.016,4.016,4.016,4.016,0.27%
2006/5/9,4.005,4.005,4.005,4.005,0.15%
2006/5/8,3.999,3.999,3.999,3.999,-0.45%
2006/5/5,4.017,4.017,4.017,4.017,0.68%
2006/5/4,3.99,3.99,3.99,3.99,0.48%
2006/5/3,3.971,3.971,3.971,3.971,0.51%
2006/5/2,3.951,3.951,3.951,3.951,-0.48%
2006/4/28,3.97,3.97,3.97,3.97,-0.35%
2006/4/27,3.984,3.984,3.984,3.984,0.23%
2006/4/26,3.975,3.975,3.975,3.975,1.27%
2006/4/25,3.925,3.925,3.925,3.925,-0.46%
2006/4/24,3.943,3.943,3.943,3.943,0.46%
2006/4/21,3.925,3.925,3.925,3.925,-0.20%
2006/4/20,3.933,3.933,3.933,3.933,0.20%
2006/4/19,3.925,3.925,3.925,3.925,-0.66%
2006/4/18,3.951,3.951,3.951,3.951,1.91%
2006/4/13,3.877,3.877,3.877,3.877,0.65%
2006/4/12,3.852,3.852,3.852,3.852,-1.33%
2006/4/11,3.904,3.904,3.904,3.904,0.08%
2006/4/10,3.901,3.901,3.901,3.901,0.59%
2006/4/7,3.878,3.878,3.878,3.878,1.04%
2006/4/6,3.838,3.838,3.838,3.838,-0.18%
2006/4/5,3.845,3.845,3.845,3.845,0.95%
2006/4/4,3.809,3.809,3.809,3.809,0.63%
2006/4/3,3.785,3.785,3.785,3.785,-0.16%
2006/3/31,3.791,3.791,3.791,3.791,0.64%
2006/3/30,3.767,3.767,3.767,3.767,0.61%
2006/3/29,3.744,3.744,3.744,3.744,2.74%
2006/3/28,3.644,3.644,3.644,3.644,0.28%
2006/3/27,3.634,3.634,3.634,3.634,-1.17%
2006/3/24,3.677,3.677,3.677,3.677,1.18%
2006/3/23,3.634,3.634,3.634,3.634,-0.85%
2006/3/22,3.665,3.665,3.665,3.665,0.14%
2006/3/21,3.66,3.66,3.66,3.66,-0.44%
2006/3/20,3.676,3.676,3.676,3.676,1.16%
2006/3/17,3.634,3.634,3.634,3.634,-1.09%
2006/3/16,3.674,3.674,3.674,3.674,0.93%
2006/3/15,3.64,3.64,3.64,3.64,-1.33%
2006/3/14,3.689,3.689,3.689,3.689,0.57%
2006/3/13,3.668,3.668,3.668,3.668,1.07%
2006/3/10,3.629,3.629,3.629,3.629,-0.25%
2006/3/9,3.638,3.638,3.638,3.638,0.86%
2006/3/8,3.607,3.607,3.607,3.607,0.45%
2006/3/7,3.591,3.591,3.591,3.591,0.14%
2006/3/6,3.586,3.586,3.586,3.586,0.39%
2006/3/3,3.572,3.572,3.572,3.572,2.20%
2006/3/2,3.495,3.495,3.495,3.495,0.66%
2006/3/1,3.472,3.472,3.472,3.472,-1.56%
2006/2/28,3.527,3.527,3.527,3.527,0.94%
2006/2/27,3.494,3.494,3.494,3.494,0.37%
2006/2/24,3.481,3.481,3.481,3.481,2.35%
2006/2/23,3.401,3.401,3.401,3.401,-0.82%
2006/2/22,3.429,3.429,3.429,3.429,0.26%
2006/2/21,3.42,3.42,3.42,3.42,-0.96%
2006/2/20,3.453,3.453,3.453,3.453,-0.83%
2006/2/17,3.482,3.482,3.482,3.482,-0.17%
2006/2/16,3.488,3.488,3.488,3.488,0.06%
2006/2/15,3.486,3.486,3.486,3.486,0.14%
2006/2/14,3.481,3.481,3.481,3.481,-0.29%
2006/2/13,3.491,3.491,3.491,3.491,1.07%
2006/2/10,3.454,3.454,3.454,3.454,-1.12%
2006/2/9,3.493,3.493,3.493,3.493,0.06%
2006/2/8,3.491,3.491,3.491,3.491,0.75%
2006/2/7,3.465,3.465,3.465,3.465,-0.40%
2006/2/6,3.479,3.479,3.479,3.479,-0.71%
2006/2/3,3.504,3.504,3.504,3.504,-0.03%
2006/2/2,3.505,3.505,3.505,3.505,1.42%
2006/2/1,3.456,3.456,3.456,3.456,0.00%
2006/1/31,3.456,3.456,3.456,3.456,-0.69%
2006/1/30,3.48,3.48,3.48,3.48,0.26%
2006/1/27,3.471,3.471,3.471,3.471,1.31%
2006/1/26,3.426,3.426,3.426,3.426,1.78%
2006/1/25,3.366,3.366,3.366,3.366,0.45%
2006/1/24,3.351,3.351,3.351,3.351,-0.27%
2006/1/23,3.36,3.36,3.36,3.36,0.81%
2006/1/20,3.333,3.333,3.333,3.333,1.65%
2006/1/19,3.279,3.279,3.279,3.279,1.17%
2006/1/18,3.241,3.241,3.241,3.241,-0.34%
2006/1/17,3.252,3.252,3.252,3.252,0.34%
2006/1/16,3.241,3.241,3.241,3.241,-0.34%
2006/1/13,3.252,3.252,3.252,3.252,-1.28%
2006/1/12,3.294,3.294,3.294,3.294,0.83%
2006/1/11,3.267,3.267,3.267,3.267,0.93%
2006/1/10,3.237,3.237,3.237,3.237,-0.68%
2006/1/9,3.259,3.259,3.259,3.259,0.06%
2006/1/6,3.257,3.257,3.257,3.257,-0.55%
2006/1/5,3.275,3.275,3.275,3.275,-1.00%
2006/1/4,3.308,3.308,3.308,3.308,-0.90%
2006/1/3,3.338,3.338,3.338,3.338,0.97%
2006/1/2,3.306,3.306,3.306,3.306,0.33%
2005/12/30,3.295,3.295,3.295,3.295,0.06%
2005/12/29,3.293,3.293,3.293,3.293,-0.03%
2005/12/28,3.294,3.294,3.294,3.294,-0.30%
2005/12/27,3.304,3.304,3.304,3.304,-0.63%
2005/12/26,3.325,3.325,3.325,3.325,-0.06%
2005/12/23,3.327,3.327,3.327,3.327,-1.04%
2005/12/22,3.362,3.362,3.362,3.362,0.42%
2005/12/21,3.348,3.348,3.348,3.348,0.45%
2005/12/20,3.333,3.333,3.333,3.333,-0.36%
2005/12/19,3.345,3.345,3.345,3.345,-0.39%
2005/12/16,3.358,3.358,3.358,3.358,-0.36%
2005/12/15,3.37,3.37,3.37,3.37,-0.65%
2005/12/14,3.392,3.392,3.392,3.392,-0.93%
2005/12/13,3.424,3.424,3.424,3.424,-0.55%
2005/12/12,3.443,3.443,3.443,3.443,2.14%
2005/12/9,3.371,3.371,3.371,3.371,-1.00%
2005/12/8,3.405,3.405,3.405,3.405,1.10%
2005/12/7,3.368,3.368,3.368,3.368,-1.43%
2005/12/6,3.417,3.417,3.417,3.417,0.92%
2005/12/5,3.386,3.386,3.386,3.386,-0.21%
2005/12/2,3.393,3.393,3.393,3.393,-0.88%
2005/12/1,3.423,3.423,3.423,3.423,-0.81%
2005/11/30,3.451,3.451,3.451,3.451,1.77%
2005/11/29,3.391,3.391,3.391,3.391,-0.62%
2005/11/28,3.412,3.412,3.412,3.412,0.41%
2005/11/25,3.398,3.398,3.398,3.398,-2.19%
2005/11/24,3.474,3.474,3.474,3.474,0.00%
2005/11/23,3.474,3.474,3.474,3.474,-0.63%
2005/11/22,3.496,3.496,3.496,3.496,-0.74%
2005/11/21,3.522,3.522,3.522,3.522,2.65%
2005/11/18,3.431,3.431,3.431,3.431,0.26%
2005/11/17,3.422,3.422,3.422,3.422,-2.14%
2005/11/16,3.497,3.497,3.497,3.497,-1.55%
2005/11/15,3.552,3.552,3.552,3.552,1.02%
2005/11/14,3.516,3.516,3.516,3.516,-0.09%
2005/11/11,3.519,3.519,3.519,3.519,-0.14%
2005/11/10,3.524,3.524,3.524,3.524,1.88%
2005/11/9,3.459,3.459,3.459,3.459,-1.34%
2005/11/8,3.506,3.506,3.506,3.506,0.09%
2005/11/7,3.503,3.503,3.503,3.503,1.27%
2005/11/4,3.459,3.459,3.459,3.459,0.41%
2005/11/3,3.445,3.445,3.445,3.445,1.03%
2005/11/2,3.41,3.41,3.41,3.41,0.44%
2005/11/1,3.395,3.395,3.395,3.395,-0.47%
2005/10/31,3.411,3.411,3.411,3.411,0.00%
2005/10/28,3.411,3.411,3.411,3.411,1.16%
2005/10/27,3.372,3.372,3.372,3.372,1.23%
2005/10/26,3.331,3.331,3.331,3.331,2.33%
2005/10/25,3.255,3.255,3.255,3.255,0.77%
2005/10/24,3.23,3.23,3.23,3.23,-1.76%
2005/10/21,3.288,3.288,3.288,3.288,0.83%
2005/10/20,3.261,3.261,3.261,3.261,-0.55%
2005/10/19,3.279,3.279,3.279,3.279,-0.58%
2005/10/18,3.298,3.298,3.298,3.298,-0.33%
2005/10/17,3.309,3.309,3.309,3.309,0.61%
2005/10/14,3.289,3.289,3.289,3.289,1.86%
2005/10/13,3.229,3.229,3.229,3.229,1.16%
2005/10/12,3.192,3.192,3.192,3.192,0.85%
2005/10/11,3.165,3.165,3.165,3.165,-0.06%
2005/10/10,3.167,3.167,3.167,3.167,-0.85%
2005/10/7,3.194,3.194,3.194,3.194,0.22%
2005/10/6,3.187,3.187,3.187,3.187,0.38%
2005/10/5,3.175,3.175,3.175,3.175,-0.03%
2005/10/4,3.176,3.176,3.176,3.176,0.76%
2005/10/3,3.152,3.152,3.152,3.152,-0.06%
2005/9/30,3.154,3.154,3.154,3.154,1.15%
2005/9/29,3.118,3.118,3.118,3.118,0.10%
2005/9/28,3.115,3.115,3.115,3.115,0.00%
2005/9/27,3.115,3.115,3.115,3.115,1.76%
2005/9/26,3.061,3.061,3.061,3.061,1.69%
2005/9/23,3.01,3.01,3.01,3.01,0.03%
2005/9/22,3.009,3.009,3.009,3.009,-2.18%
2005/9/21,3.076,3.076,3.076,3.076,-0.49%
2005/9/20,3.091,3.091,3.091,3.091,-1.40%
2005/9/19,3.135,3.135,3.135,3.135,0.29%
2005/9/16,3.126,3.126,3.126,3.126,1.13%
2005/9/15,3.091,3.091,3.091,3.091,-0.10%
2005/9/14,3.094,3.094,3.094,3.094,-1.09%
2005/9/13,3.128,3.128,3.128,3.128,2.73%
2005/9/12,3.045,3.045,3.045,3.045,-0.91%
2005/9/9,3.073,3.073,3.073,3.073,-0.74%
2005/9/8,3.096,3.096,3.096,3.096,0.26%
2005/9/7,3.088,3.088,3.088,3.088,1.05%
2005/9/6,3.056,3.056,3.056,3.056,-0.10%
2005/9/5,3.059,3.059,3.059,3.059,-0.23%
2005/9/2,3.066,3.066,3.066,3.066,-1.19%
2005/9/1,3.103,3.103,3.103,3.103,-1.59%
2005/8/31,3.153,3.153,3.153,3.153,0.10%
2005/8/30,3.15,3.15,3.15,3.15,-0.03%
2005/8/29,3.151,3.151,3.151,3.151,0.41%
2005/8/26,3.138,3.138,3.138,3.138,-1.07%
2005/8/25,3.172,3.172,3.172,3.172,0.32%
2005/8/24,3.162,3.162,3.162,3.162,-0.03%
2005/8/23,3.163,3.163,3.163,3.163,-1.00%
2005/8/22,3.195,3.195,3.195,3.195,0.38%
2005/8/19,3.183,3.183,3.183,3.183,-1.52%
2005/8/18,3.232,3.232,3.232,3.232,0.00%
2005/8/17,3.232,3.232,3.232,3.232,-1.58%
2005/8/16,3.284,3.284,3.284,3.284,0.00%
2005/8/15,3.284,3.284,3.284,3.284,-1.94%
2005/8/12,3.349,3.349,3.349,3.349,0.18%
2005/8/11,3.343,3.343,3.343,3.343,-1.07%
2005/8/10,3.379,3.379,3.379,3.379,0.33%
2005/8/9,3.368,3.368,3.368,3.368,-0.33%
2005/8/8,3.379,3.379,3.379,3.379,1.08%
2005/8/5,3.343,3.343,3.343,3.343,0.57%
2005/8/4,3.324,3.324,3.324,3.324,-0.15%
2005/8/3,3.329,3.329,3.329,3.329,1.09%
2005/8/2,3.293,3.293,3.293,3.293,1.67%
2005/8/1,3.239,3.239,3.239,3.239,0.65%
2005/7/29,3.218,3.218,3.218,3.218,-0.06%
2005/7/28,3.22,3.22,3.22,3.22,-0.06%
2005/7/27,3.222,3.222,3.222,3.222,0.47%
2005/7/26,3.207,3.207,3.207,3.207,-0.80%
2005/7/25,3.233,3.233,3.233,3.233,-1.22%
2005/7/22,3.273,3.273,3.273,3.273,-0.21%
2005/7/21,3.28,3.28,3.28,3.28,0.28%
2005/7/20,3.271,3.271,3.271,3.271,0.15%
2005/7/19,3.266,3.266,3.266,3.266,-0.67%
2005/7/18,3.288,3.288,3.288,3.288,-0.27%
2005/7/15,3.297,3.297,3.297,3.297,1.32%
2005/7/14,3.254,3.254,3.254,3.254,0.53%
2005/7/13,3.237,3.237,3.237,3.237,0.28%
2005/7/12,3.228,3.228,3.228,3.228,1.38%
2005/7/11,3.184,3.184,3.184,3.184,0.06%
2005/7/8,3.182,3.182,3.182,3.182,-1.24%
2005/7/7,3.222,3.222,3.222,3.222,0.31%
2005/7/6,3.212,3.212,3.212,3.212,1.42%
2005/7/5,3.167,3.167,3.167,3.167,0.38%
2005/7/4,3.155,3.155,3.155,3.155,0.67%
2005/7/1,3.134,3.134,3.134,3.134,-1.88%
2005/6/30,3.194,3.194,3.194,3.194,1.01%
2005/6/29,3.162,3.162,3.162,3.162,1.44%
2005/6/28,3.117,3.117,3.117,3.117,-0.42%
2005/6/27,3.13,3.13,3.13,3.13,-0.76%
2005/6/24,3.154,3.154,3.154,3.154,0.06%
2005/6/23,3.152,3.152,3.152,3.152,-2.05%
2005/6/22,3.218,3.218,3.218,3.218,-2.54%
2005/6/21,3.302,3.302,3.302,3.302,0.55%
2005/6/20,3.284,3.284,3.284,3.284,-0.45%
2005/6/17,3.299,3.299,3.299,3.299,-0.69%
2005/6/16,3.322,3.322,3.322,3.322,3.46%
2005/6/15,3.211,3.211,3.211,3.211,0.66%
2005/6/14,3.19,3.19,3.19,3.19,1.79%
2005/6/13,3.134,3.134,3.134,3.134,0.38%
2005/6/10,3.122,3.122,3.122,3.122,-0.19%
2005/6/9,3.128,3.128,3.128,3.128,-0.86%
2005/6/8,3.155,3.155,3.155,3.155,-1.53%
2005/6/7,3.204,3.204,3.204,3.204,-0.87%
2005/6/6,3.232,3.232,3.232,3.232,0.31%
2005/6/3,3.222,3.222,3.222,3.222,-0.15%
2005/6/2,3.227,3.227,3.227,3.227,-1.35%
2005/6/1,3.271,3.271,3.271,3.271,-1.86%
2005/5/31,3.333,3.333,3.333,3.333,0.24%
2005/5/30,3.325,3.325,3.325,3.325,0.18%
2005/5/27,3.319,3.319,3.319,3.319,0.18%
2005/5/26,3.313,3.313,3.313,3.313,0.42%
2005/5/25,3.299,3.299,3.299,3.299,-0.27%
2005/5/24,3.308,3.308,3.308,3.308,-1.93%
2005/5/23,3.373,3.373,3.373,3.373,0.66%
2005/5/20,3.351,3.351,3.351,3.351,1.95%
2005/5/19,3.287,3.287,3.287,3.287,-0.57%
2005/5/18,3.306,3.306,3.306,3.306,0.00%
2005/5/17,3.306,3.306,3.306,3.306,-0.18%
2005/5/16,3.312,3.312,3.312,3.312,-0.90%
2005/5/13,3.342,3.342,3.342,3.342,0.69%
2005/5/12,3.319,3.319,3.319,3.319,-1.25%
2005/5/11,3.361,3.361,3.361,3.361,-1.49%
2005/5/10,3.412,3.412,3.412,3.412,-0.84%
2005/5/9,3.441,3.441,3.441,3.441,1.74%
2005/5/6,3.382,3.382,3.382,3.382,-0.59%
2005/5/5,3.402,3.402,3.402,3.402,0.83%
2005/5/4,3.374,3.374,3.374,3.374,-0.71%
2005/5/3,3.398,3.398,3.398,3.398,0.00%
2005/5/2,3.398,3.398,3.398,3.398,0.27%
2005/4/29,3.389,3.389,3.389,3.389,-0.76%
2005/4/28,3.415,3.415,3.415,3.415,-0.96%
2005/4/27,3.448,3.448,3.448,3.448,0.12%
2005/4/26,3.444,3.444,3.444,3.444,-0.63%
2005/4/25,3.466,3.466,3.466,3.466,-0.77%
2005/4/22,3.493,3.493,3.493,3.493,1.16%
2005/4/21,3.453,3.453,3.453,3.453,0.26%
2005/4/20,3.444,3.444,3.444,3.444,-0.72%
2005/4/19,3.469,3.469,3.469,3.469,-0.34%
2005/4/18,3.481,3.481,3.481,3.481,-1.42%
2005/4/15,3.531,3.531,3.531,3.531,0.60%
2005/4/14,3.51,3.51,3.51,3.51,-0.90%
2005/4/13,3.542,3.542,3.542,3.542,-0.48%
2005/4/12,3.559,3.559,3.559,3.559,-0.20%
2005/4/11,3.566,3.566,3.566,3.566,0.17%
2005/4/8,3.56,3.56,3.56,3.56,-1.06%
2005/4/7,3.598,3.598,3.598,3.598,-0.03%
2005/4/6,3.599,3.599,3.599,3.599,0.47%
2005/4/5,3.582,3.582,3.582,3.582,-0.94%
2005/4/4,3.616,3.616,3.616,3.616,-0.39%
2005/4/1,3.63,3.63,3.63,3.63,-1.04%
2005/3/31,3.668,3.668,3.668,3.668,-1.00%
2005/3/30,3.705,3.705,3.705,3.705,-0.19%
2005/3/29,3.712,3.712,3.712,3.712,0.16%
2005/3/25,3.706,3.706,3.706,3.706,-0.91%
2005/3/24,3.74,3.74,3.74,3.74,1.44%
2005/3/23,3.687,3.687,3.687,3.687,-1.02%
2005/3/22,3.725,3.725,3.725,3.725,0.73%
2005/3/21,3.698,3.698,3.698,3.698,0.30%
2005/3/18,3.687,3.687,3.687,3.687,0.55%
2005/3/17,3.667,3.667,3.667,3.667,-1.24%
2005/3/16,3.713,3.713,3.713,3.713,-1.54%
2005/3/15,3.771,3.771,3.771,3.771,0.03%
2005/3/14,3.77,3.77,3.77,3.77,-0.03%
2005/3/11,3.771,3.771,3.771,3.771,0.27%
2005/3/10,3.761,3.761,3.761,3.761,1.24%
2005/3/9,3.715,3.715,3.715,3.715,1.36%
2005/3/8,3.665,3.665,3.665,3.665,-0.89%
2005/3/7,3.698,3.698,3.698,3.698,-1.83%
2005/3/4,3.767,3.767,3.767,3.767,-0.26%
2005/3/3,3.777,3.777,3.777,3.777,1.12%
2005/3/2,3.735,3.735,3.735,3.735,-0.03%
2005/3/1,3.736,3.736,3.736,3.736,0.67%
2005/2/28,3.711,3.711,3.711,3.711,-0.48%
2005/2/25,3.729,3.729,3.729,3.729,-0.03%
2005/2/24,3.73,3.73,3.73,3.73,0.81%
2005/2/23,3.7,3.7,3.7,3.7,-0.03%
2005/2/22,3.701,3.701,3.701,3.701,0.68%
2005/2/21,3.676,3.676,3.676,3.676,2.74%
2005/2/18,3.578,3.578,3.578,3.578,0.48%
2005/2/17,3.561,3.561,3.561,3.561,1.16%
2005/2/16,3.52,3.52,3.52,3.52,1.03%
2005/2/15,3.484,3.484,3.484,3.484,0.58%
2005/2/14,3.464,3.464,3.464,3.464,0.93%
2005/2/11,3.432,3.432,3.432,3.432,-0.67%
2005/2/10,3.455,3.455,3.455,3.455,0.14%
2005/2/9,3.45,3.45,3.45,3.45,-0.98%
2005/2/8,3.484,3.484,3.484,3.484,-0.34%
2005/2/7,3.496,3.496,3.496,3.496,-1.77%
2005/2/4,3.559,3.559,3.559,3.559,-0.22%
2005/2/3,3.567,3.567,3.567,3.567,0.96%
2005/2/2,3.533,3.533,3.533,3.533,-0.28%
2005/2/1,3.543,3.543,3.543,3.543,0.08%
2005/1/31,3.54,3.54,3.54,3.54,-1.48%
2005/1/28,3.593,3.593,3.593,3.593,0.96%
2005/1/27,3.559,3.559,3.559,3.559,0.14%
2005/1/26,3.554,3.554,3.554,3.554,0.14%
2005/1/25,3.549,3.549,3.549,3.549,-0.34%
2005/1/24,3.561,3.561,3.561,3.561,-0.20%
2005/1/21,3.568,3.568,3.568,3.568,1.68%
2005/1/20,3.509,3.509,3.509,3.509,-0.93%
2005/1/19,3.542,3.542,3.542,3.542,-0.14%
2005/1/18,3.547,3.547,3.547,3.547,-0.31%
2005/1/17,3.558,3.558,3.558,3.558,-0.20%
2005/1/14,3.565,3.565,3.565,3.565,-0.94%
2005/1/13,3.599,3.599,3.599,3.599,0.00%
2005/1/12,3.599,3.599,3.599,3.599,-0.14%
2005/1/11,3.604,3.604,3.604,3.604,-0.03%
2005/1/10,3.605,3.605,3.605,3.605,-0.28%
2005/1/7,3.615,3.615,3.615,3.615,-0.55%
2005/1/6,3.635,3.635,3.635,3.635,-0.08%
2005/1/5,3.638,3.638,3.638,3.638,0.30%
2005/1/4,3.627,3.627,3.627,3.627,-1.31%
2005/1/3,3.675,3.675,3.675,3.675,-0.14%
2004/12/31,3.68,3.68,3.68,3.68,-0.89%
2004/12/30,3.713,3.713,3.713,3.713,0.98%
2004/12/29,3.677,3.677,3.677,3.677,1.35%
2004/12/28,3.628,3.628,3.628,3.628,0.72%
2004/12/27,3.602,3.602,3.602,3.602,0.03%
2004/12/24,3.601,3.601,3.601,3.601,-0.69%
2004/12/23,3.626,3.626,3.626,3.626,0.28%
2004/12/22,3.616,3.616,3.616,3.616,0.64%
2004/12/21,3.593,3.593,3.593,3.593,-0.58%
2004/12/20,3.614,3.614,3.614,3.614,1.29%
2004/12/17,3.568,3.568,3.568,3.568,0.85%
2004/12/16,3.538,3.538,3.538,3.538,-1.56%
2004/12/15,3.594,3.594,3.594,3.594,-0.14%
2004/12/14,3.599,3.599,3.599,3.599,-0.28%
2004/12/13,3.609,3.609,3.609,3.609,-0.14%
2004/12/10,3.614,3.614,3.614,3.614,-0.71%
2004/12/9,3.64,3.64,3.64,3.64,-0.87%
2004/12/8,3.672,3.672,3.672,3.672,-0.84%
2004/12/7,3.703,3.703,3.703,3.703,-1.04%
2004/12/6,3.742,3.742,3.742,3.742,-2.12%
2004/12/3,3.823,3.823,3.823,3.823,1.46%
2004/12/2,3.768,3.768,3.768,3.768,-0.53%
2004/12/1,3.788,3.788,3.788,3.788,-0.79%
2004/11/30,3.818,3.818,3.818,3.818,1.52%
2004/11/29,3.761,3.761,3.761,3.761,-0.40%
2004/11/26,3.776,3.776,3.776,3.776,-0.34%
2004/11/25,3.789,3.789,3.789,3.789,0.05%
2004/11/24,3.787,3.787,3.787,3.787,0.74%
2004/11/23,3.759,3.759,3.759,3.759,-0.53%
2004/11/22,3.779,3.779,3.779,3.779,-0.71%
2004/11/19,3.806,3.806,3.806,3.806,1.30%
2004/11/18,3.757,3.757,3.757,3.757,0.16%
2004/11/17,3.751,3.751,3.751,3.751,-0.45%
2004/11/16,3.768,3.768,3.768,3.768,-0.03%
2004/11/15,3.769,3.769,3.769,3.769,-1.31%
2004/11/12,3.819,3.819,3.819,3.819,-1.37%
2004/11/11,3.872,3.872,3.872,3.872,0.62%
2004/11/10,3.848,3.848,3.848,3.848,-1.23%
2004/11/9,3.896,3.896,3.896,3.896,-0.33%
2004/11/8,3.909,3.909,3.909,3.909,1.59%
2004/11/5,3.848,3.848,3.848,3.848,-0.88%
2004/11/4,3.882,3.882,3.882,3.882,-0.05%
2004/11/3,3.884,3.884,3.884,3.884,0.62%
2004/11/2,3.86,3.86,3.86,3.86,0.16%
2004/11/1,3.854,3.854,3.854,3.854,-0.16%
2004/10/29,3.86,3.86,3.86,3.86,-0.28%
2004/10/28,3.871,3.871,3.871,3.871,1.68%
2004/10/27,3.807,3.807,3.807,3.807,0.11%
2004/10/26,3.803,3.803,3.803,3.803,-0.91%
2004/10/25,3.838,3.838,3.838,3.838,-0.67%
2004/10/22,3.864,3.864,3.864,3.864,-0.08%
2004/10/21,3.867,3.867,3.867,3.867,-0.10%
2004/10/20,3.871,3.871,3.871,3.871,-0.39%
2004/10/19,3.886,3.886,3.886,3.886,-0.18%
2004/10/18,3.893,3.893,3.893,3.893,0.34%
2004/10/15,3.88,3.88,3.88,3.88,-0.18%
2004/10/14,3.887,3.887,3.887,3.887,-0.74%
2004/10/13,3.916,3.916,3.916,3.916,-0.36%
2004/10/12,3.93,3.93,3.93,3.93,0.18%
2004/10/11,3.923,3.923,3.923,3.923,-2.34%
2004/10/8,4.017,4.017,4.017,4.017,0.53%
2004/10/7,3.996,3.996,3.996,3.996,-0.05%
2004/10/6,3.998,3.998,3.998,3.998,-0.72%
2004/10/5,4.027,4.027,4.027,4.027,0.12%
2004/10/4,4.022,4.022,4.022,4.022,0.80%
2004/10/1,3.99,3.99,3.99,3.99,0.63%
2004/9/30,3.965,3.965,3.965,3.965,0.28%
2004/9/29,3.954,3.954,3.954,3.954,0.38%
2004/9/28,3.939,3.939,3.939,3.939,-0.58%
2004/9/27,3.962,3.962,3.962,3.962,0.48%
2004/9/24,3.943,3.943,3.943,3.943,-0.38%
2004/9/23,3.958,3.958,3.958,3.958,-1.40%
2004/9/22,4.014,4.014,4.014,4.014,0.22%
2004/9/21,4.005,4.005,4.005,4.005,-0.32%
2004/9/20,4.018,4.018,4.018,4.018,-0.47%
2004/9/17,4.037,4.037,4.037,4.037,-0.54%
2004/9/16,4.059,4.059,4.059,4.059,0.25%
2004/9/15,4.049,4.049,4.049,4.049,-0.32%
2004/9/14,4.062,4.062,4.062,4.062,-0.02%
2004/9/13,4.063,4.063,4.063,4.063,-0.39%
2004/9/10,4.079,4.079,4.079,4.079,-0.97%
2004/9/9,4.119,4.119,4.119,4.119,-0.51%
2004/9/8,4.14,4.14,4.14,4.14,-0.02%
2004/9/7,4.141,4.141,4.141,4.141,0.00%
2004/9/6,4.141,4.141,4.141,4.141,1.57%
2004/9/3,4.077,4.077,4.077,4.077,0.99%
2004/9/2,4.037,4.037,4.037,4.037,0.47%
2004/9/1,4.018,4.018,4.018,4.018,-1.28%
2004/8/31,4.07,4.07,4.07,4.07,0.15%
2004/8/30,4.064,4.064,4.064,4.064,0.02%
2004/8/27,4.063,4.063,4.063,4.063,-0.42%
2004/8/26,4.08,4.08,4.08,4.08,-0.75%
2004/8/25,4.111,4.111,4.111,4.111,0.15%
2004/8/24,4.105,4.105,4.105,4.105,1.16%
2004/8/23,4.058,4.058,4.058,4.058,-0.27%
2004/8/20,4.069,4.069,4.069,4.069,-0.34%
2004/8/19,4.083,4.083,4.083,4.083,0.42%
2004/8/18,4.066,4.066,4.066,4.066,-0.56%
2004/8/17,4.089,4.089,4.089,4.089,1.11%
2004/8/16,4.044,4.044,4.044,4.044,-0.42%
2004/8/13,4.061,4.061,4.061,4.061,-0.73%
2004/8/12,4.091,4.091,4.091,4.091,0.49%
2004/8/11,4.071,4.071,4.071,4.071,0.00%
2004/8/10,4.071,4.071,4.071,4.071,-0.07%
2004/8/9,4.074,4.074,4.074,4.074,-1.88%
2004/8/6,4.152,4.152,4.152,4.152,-0.46%
2004/8/5,4.171,4.171,4.171,4.171,-0.33%
2004/8/4,4.185,4.185,4.185,4.185,-0.43%
2004/8/3,4.203,4.203,4.203,4.203,-0.26%
2004/8/2,4.214,4.214,4.214,4.214,-1.31%
2004/7/30,4.27,4.27,4.27,4.27,-0.40%
2004/7/29,4.287,4.287,4.287,4.287,-0.16%
2004/7/28,4.294,4.294,4.294,4.294,0.56%
2004/7/27,4.27,4.27,4.27,4.27,0.57%
2004/7/26,4.246,4.246,4.246,4.246,-0.12%
2004/7/23,4.251,4.251,4.251,4.251,-0.89%
2004/7/22,4.289,4.289,4.289,4.289,1.83%
2004/7/21,4.212,4.212,4.212,4.212,0.48%
2004/7/20,4.192,4.192,4.192,4.192,-0.24%
2004/7/19,4.202,4.202,4.202,4.202,-1.22%
2004/7/16,4.254,4.254,4.254,4.254,0.00%
2004/7/15,4.254,4.254,4.254,4.254,-0.23%
2004/7/14,4.264,4.264,4.264,4.264,1.28%
2004/7/13,4.21,4.21,4.21,4.21,-0.33%
2004/7/12,4.224,4.224,4.224,4.224,-0.17%
2004/7/9,4.231,4.231,4.231,4.231,-0.05%
2004/7/8,4.233,4.233,4.233,4.233,-0.59%
2004/7/7,4.258,4.258,4.258,4.258,0.00%
2004/7/6,4.258,4.258,4.258,4.258,-0.23%
2004/7/5,4.268,4.268,4.268,4.268,-0.93%
2004/7/2,4.308,4.308,4.308,4.308,-0.12%
2004/7/1,4.313,4.313,4.313,4.313,-1.03%
2004/6/30,4.358,4.358,4.358,4.358,-0.39%
2004/6/29,4.375,4.375,4.375,4.375,1.25%
2004/6/28,4.321,4.321,4.321,4.321,0.51%
2004/6/25,4.299,4.299,4.299,4.299,-1.20%
2004/6/24,4.351,4.351,4.351,4.351,-0.16%
2004/6/23,4.358,4.358,4.358,4.358,0.58%
2004/6/22,4.333,4.333,4.333,4.333,-0.37%
2004/6/21,4.349,4.349,4.349,4.349,-0.62%
2004/6/18,4.376,4.376,4.376,4.376,0.25%
2004/6/17,4.365,4.365,4.365,4.365,1.21%
2004/6/16,4.313,4.313,4.313,4.313,-2.33%
2004/6/15,4.416,4.416,4.416,4.416,-0.34%
2004/6/14,4.431,4.431,4.431,4.431,0.68%
2004/6/11,4.401,4.401,4.401,4.401,0.14%
2004/6/10,4.395,4.395,4.395,4.395,0.87%
2004/6/9,4.357,4.357,4.357,4.357,-0.14%
2004/6/8,4.363,4.363,4.363,4.363,-0.64%
2004/6/7,4.391,4.391,4.391,4.391,0.32%
2004/6/4,4.377,4.377,4.377,4.377,-0.14%
2004/6/3,4.383,4.383,4.383,4.383,0.46%
2004/6/2,4.363,4.363,4.363,4.363,-0.30%
2004/6/1,4.376,4.376,4.376,4.376,1.30%
2004/5/31,4.32,4.32,4.32,4.32,1.03%
2004/5/28,4.276,4.276,4.276,4.276,-1.32%
2004/5/27,4.333,4.333,4.333,4.333,-0.34%
2004/5/26,4.348,4.348,4.348,4.348,0.60%
2004/5/25,4.322,4.322,4.322,4.322,-0.30%
2004/5/24,4.335,4.335,4.335,4.335,0.23%
2004/5/21,4.325,4.325,4.325,4.325,0.72%
2004/5/20,4.294,4.294,4.294,4.294,-0.02%
2004/5/19,4.295,4.295,4.295,4.295,0.51%
2004/5/18,4.273,4.273,4.273,4.273,-0.79%
2004/5/17,4.307,4.307,4.307,4.307,-0.92%
2004/5/14,4.347,4.347,4.347,4.347,0.42%
2004/5/13,4.329,4.329,4.329,4.329,0.82%
2004/5/12,4.294,4.294,4.294,4.294,0.19%
2004/5/11,4.286,4.286,4.286,4.286,-0.49%
2004/5/10,4.307,4.307,4.307,4.307,1.92%
2004/5/7,4.226,4.226,4.226,4.226,1.25%
2004/5/6,4.174,4.174,4.174,4.174,0.60%
2004/5/5,4.149,4.149,4.149,4.149,0.22%
2004/5/4,4.14,4.14,4.14,4.14,-1.73%
2004/5/3,4.213,4.213,4.213,4.213,0.02%
2004/4/30,4.212,4.212,4.212,4.212,0.33%
2004/4/29,4.198,4.198,4.198,4.198,0.29%
2004/4/28,4.186,4.186,4.186,4.186,-0.02%
2004/4/27,4.187,4.187,4.187,4.187,0.46%
2004/4/26,4.168,4.168,4.168,4.168,0.26%
2004/4/23,4.157,4.157,4.157,4.157,-0.41%
2004/4/22,4.174,4.174,4.174,4.174,0.89%
2004/4/21,4.137,4.137,4.137,4.137,0.53%
2004/4/20,4.115,4.115,4.115,4.115,-0.19%
2004/4/19,4.123,4.123,4.123,4.123,-0.36%
2004/4/16,4.138,4.138,4.138,4.138,-0.48%
2004/4/15,4.158,4.158,4.158,4.158,0.24%
2004/4/14,4.148,4.148,4.148,4.148,1.99%
2004/4/13,4.067,4.067,4.067,4.067,0.37%
2004/4/8,4.052,4.052,4.052,4.052,-0.54%
2004/4/7,4.074,4.074,4.074,4.074,-0.83%
2004/4/6,4.108,4.108,4.108,4.108,0.42%
2004/4/5,4.091,4.091,4.091,4.091,3.28%
2004/4/2,3.961,3.961,3.961,3.961,1.02%
2004/4/1,3.921,3.921,3.921,3.921,-0.43%
2004/3/31,3.938,3.938,3.938,3.938,1.08%
2004/3/30,3.896,3.896,3.896,3.896,0.00%
2004/3/29,3.896,3.896,3.896,3.896,1.59%
2004/3/26,3.835,3.835,3.835,3.835,-0.54%
2004/3/25,3.856,3.856,3.856,3.856,-0.67%
2004/3/24,3.882,3.882,3.882,3.882,0.28%
2004/3/23,3.871,3.871,3.871,3.871,-0.67%
2004/3/22,3.897,3.897,3.897,3.897,0.33%
2004/3/19,3.884,3.884,3.884,3.884,-0.28%
2004/3/18,3.895,3.895,3.895,3.895,-0.84%
2004/3/17,3.928,3.928,3.928,3.928,0.82%
2004/3/16,3.896,3.896,3.896,3.896,-0.36%
2004/3/15,3.91,3.91,3.91,3.91,-0.15%
2004/3/12,3.916,3.916,3.916,3.916,-0.13%
2004/3/11,3.921,3.921,3.921,3.921,0.18%
2004/3/10,3.914,3.914,3.914,3.914,-0.28%
2004/3/9,3.925,3.925,3.925,3.925,-1.11%
2004/3/8,3.969,3.969,3.969,3.969,-2.74%
2004/3/5,4.081,4.081,4.081,4.081,-0.85%
2004/3/4,4.116,4.116,4.116,4.116,0.86%
2004/3/3,4.081,4.081,4.081,4.081,0.91%
2004/3/2,4.044,4.044,4.044,4.044,0.15%
2004/3/1,4.038,4.038,4.038,4.038,-1.13%
2004/2/27,4.084,4.084,4.084,4.084,0.32%
2004/2/26,4.071,4.071,4.071,4.071,-0.32%
2004/2/25,4.084,4.084,4.084,4.084,-0.97%
2004/2/24,4.124,4.124,4.124,4.124,-0.43%
2004/2/23,4.142,4.142,4.142,4.142,0.93%
2004/2/20,4.104,4.104,4.104,4.104,0.39%
2004/2/19,4.088,4.088,4.088,4.088,0.10%
2004/2/18,4.084,4.084,4.084,4.084,-0.66%
2004/2/17,4.111,4.111,4.111,4.111,0.22%
2004/2/16,4.102,4.102,4.102,4.102,-0.39%
2004/2/13,4.118,4.118,4.118,4.118,0.34%
2004/2/12,4.104,4.104,4.104,4.104,-0.87%
2004/2/11,4.14,4.14,4.14,4.14,0.05%
2004/2/10,4.138,4.138,4.138,4.138,0.19%
2004/2/9,4.13,4.13,4.13,4.13,-0.34%
2004/2/6,4.144,4.144,4.144,4.144,-0.72%
2004/2/5,4.174,4.174,4.174,4.174,-0.33%
2004/2/4,4.188,4.188,4.188,4.188,-0.40%
2004/2/3,4.205,4.205,4.205,4.205,-0.45%
2004/2/2,4.224,4.224,4.224,4.224,-0.45%
2004/1/30,4.243,4.243,4.243,4.243,-0.47%
2004/1/29,4.263,4.263,4.263,4.263,2.82%
2004/1/28,4.146,4.146,4.146,4.146,-0.10%
2004/1/27,4.15,4.15,4.15,4.15,-0.07%
2004/1/26,4.153,4.153,4.153,4.153,0.90%
2004/1/23,4.116,4.116,4.116,4.116,-0.39%
2004/1/22,4.132,4.132,4.132,4.132,-0.53%
2004/1/21,4.154,4.154,4.154,4.154,0.44%
2004/1/20,4.136,4.136,4.136,4.136,-0.72%
2004/1/19,4.166,4.166,4.166,4.166,0.12%
2004/1/16,4.161,4.161,4.161,4.161,0.36%
2004/1/15,4.146,4.146,4.146,4.146,0.07%
2004/1/14,4.143,4.143,4.143,4.143,0.05%
2004/1/13,4.141,4.141,4.141,4.141,0.51%
2004/1/12,4.12,4.12,4.12,4.12,-0.51%
2004/1/9,4.141,4.141,4.141,4.141,-2.03%
2004/1/8,4.227,4.227,4.227,4.227,-0.61%
2004/1/7,4.253,4.253,4.253,4.253,-0.23%
2004/1/6,4.263,4.263,4.263,4.263,-1.41%
2004/1/5,4.324,4.324,4.324,4.324,-0.12%
2004/1/2,4.329,4.329,4.329,4.329,0.86%
2003/12/30,4.292,4.292,4.292,4.292,0.89%
2003/12/29,4.254,4.254,4.254,4.254,0.19%
2003/12/23,4.246,4.246,4.246,4.246,-0.45%
2003/12/22,4.265,4.265,4.265,4.265,-0.40%
2003/12/19,4.282,4.282,4.282,4.282,0.52%
2003/12/18,4.26,4.26,4.26,4.26,0.02%
2003/12/17,4.259,4.259,4.259,4.259,-0.95%
2003/12/16,4.3,4.3,4.3,4.3,0.14%
2003/12/15,4.294,4.294,4.294,4.294,-0.21%
2003/12/12,4.303,4.303,4.303,4.303,-1.51%
2003/12/11,4.369,4.369,4.369,4.369,0.30%
2003/12/10,4.356,4.356,4.356,4.356,-0.07%
2003/12/9,4.359,4.359,4.359,4.359,0.14%
2003/12/8,4.353,4.353,4.353,4.353,0.35%
2003/12/5,4.338,4.338,4.338,4.338,-2.32%
2003/12/4,4.441,4.441,4.441,4.441,-0.43%
2003/12/3,4.46,4.46,4.46,4.46,-0.13%
2003/12/2,4.466,4.466,4.466,4.466,-0.53%
2003/12/1,4.49,4.49,4.49,4.49,0.85%
2003/11/28,4.452,4.452,4.452,4.452,-0.20%
2003/11/27,4.461,4.461,4.461,4.461,1.00%
2003/11/26,4.417,4.417,4.417,4.417,0.09%
2003/11/25,4.413,4.413,4.413,4.413,0.20%
2003/11/24,4.404,4.404,4.404,4.404,1.94%
2003/11/21,4.32,4.32,4.32,4.32,-0.55%
2003/11/20,4.344,4.344,4.344,4.344,-0.34%
2003/11/19,4.359,4.359,4.359,4.359,1.02%
2003/11/18,4.315,4.315,4.315,4.315,-0.53%
2003/11/17,4.338,4.338,4.338,4.338,-0.57%
2003/11/14,4.363,4.363,4.363,4.363,-1.27%
2003/11/13,4.419,4.419,4.419,4.419,-1.05%
2003/11/12,4.466,4.466,4.466,4.466,-0.13%
2003/11/11,4.472,4.472,4.472,4.472,-0.20%
2003/11/10,4.481,4.481,4.481,4.481,-0.31%
2003/11/7,4.495,4.495,4.495,4.495,0.78%
2003/11/6,4.46,4.46,4.46,4.46,2.06%
2003/11/5,4.37,4.37,4.37,4.37,0.25%
2003/11/4,4.359,4.359,4.359,4.359,-0.91%
2003/11/3,4.399,4.399,4.399,4.399,1.71%
2003/10/31,4.325,4.325,4.325,4.325,-0.60%
2003/10/30,4.351,4.351,4.351,4.351,0.95%
2003/10/29,4.31,4.31,4.31,4.31,0.07%
2003/10/28,4.307,4.307,4.307,4.307,0.51%
2003/10/27,4.285,4.285,4.285,4.285,0.63%
2003/10/24,4.258,4.258,4.258,4.258,-0.30%
2003/10/23,4.271,4.271,4.271,4.271,0.68%
2003/10/22,4.242,4.242,4.242,4.242,-0.59%
2003/10/21,4.267,4.267,4.267,4.267,-0.91%
2003/10/20,4.306,4.306,4.306,4.306,-0.39%
2003/10/17,4.323,4.323,4.323,4.323,-0.07%
2003/10/16,4.326,4.326,4.326,4.326,-0.30%
2003/10/15,4.339,4.339,4.339,4.339,1.33%
2003/10/14,4.282,4.282,4.282,4.282,0.09%
2003/10/13,4.278,4.278,4.278,4.278,1.81%
2003/10/10,4.202,4.202,4.202,4.202,-1.20%
2003/10/9,4.253,4.253,4.253,4.253,1.29%
2003/10/8,4.199,4.199,4.199,4.199,0.05%
2003/10/7,4.197,4.197,4.197,4.197,0.58%
2003/10/6,4.173,4.173,4.173,4.173,-1.07%
2003/10/3,4.218,4.218,4.218,4.218,2.63%
2003/10/2,4.11,4.11,4.11,4.11,2.75%
2003/10/1,4,4,4,4,-0.10%
2003/9/30,4.004,4.004,4.004,4.004,-1.06%
2003/9/29,4.047,4.047,4.047,4.047,0.37%
2003/9/26,4.032,4.032,4.032,4.032,-1.35%
2003/9/25,4.087,4.087,4.087,4.087,-0.44%
2003/9/24,4.105,4.105,4.105,4.105,0.10%
2003/9/23,4.101,4.101,4.101,4.101,-0.34%
2003/9/22,4.115,4.115,4.115,4.115,-1.03%
2003/9/19,4.158,4.158,4.158,4.158,-0.60%
2003/9/18,4.183,4.183,4.183,4.183,0.17%
2003/9/17,4.176,4.176,4.176,4.176,-0.48%
2003/9/16,4.196,4.196,4.196,4.196,0.55%
2003/9/15,4.173,4.173,4.173,4.173,0.48%
2003/9/12,4.153,4.153,4.153,4.153,-2.81%
2003/9/11,4.273,4.273,4.273,4.273,0.33%
2003/9/10,4.259,4.259,4.259,4.259,-0.98%
2003/9/9,4.301,4.301,4.301,4.301,0.66%
2003/9/8,4.273,4.273,4.273,4.273,-0.86%
2003/9/5,4.31,4.31,4.31,4.31,-0.87%
2003/9/4,4.348,4.348,4.348,4.348,-0.66%
2003/9/3,4.377,4.377,4.377,4.377,0.48%
2003/9/2,4.356,4.356,4.356,4.356,3.15%
2003/9/1,4.223,4.223,4.223,4.223,0.84%
2003/8/29,4.188,4.188,4.188,4.188,0.31%
2003/8/28,4.175,4.175,4.175,4.175,-0.74%
2003/8/27,4.206,4.206,4.206,4.206,0.81%
2003/8/26,4.172,4.172,4.172,4.172,-0.31%
2003/8/25,4.185,4.185,4.185,4.185,0.02%
2003/8/22,4.184,4.184,4.184,4.184,-0.50%
2003/8/21,4.205,4.205,4.205,4.205,0.65%
2003/8/20,4.178,4.178,4.178,4.178,0.99%
2003/8/19,4.137,4.137,4.137,4.137,-0.51%
2003/8/18,4.158,4.158,4.158,4.158,-0.10%
2003/8/15,4.162,4.162,4.162,4.162,-1.35%
2003/8/14,4.219,4.219,4.219,4.219,0.93%
2003/8/13,4.18,4.18,4.18,4.18,2.55%
2003/8/12,4.076,4.076,4.076,4.076,-0.17%
2003/8/11,4.083,4.083,4.083,4.083,1.80%
2003/8/8,4.011,4.011,4.011,4.011,-2.22%
2003/8/7,4.102,4.102,4.102,4.102,-0.85%
2003/8/6,4.137,4.137,4.137,4.137,-0.70%
2003/8/5,4.166,4.166,4.166,4.166,0.70%
2003/8/4,4.137,4.137,4.137,4.137,-1.31%
2003/8/1,4.192,4.192,4.192,4.192,-0.10%
2003/7/31,4.196,4.196,4.196,4.196,1.89%
2003/7/30,4.118,4.118,4.118,4.118,0.39%
2003/7/29,4.102,4.102,4.102,4.102,-0.32%
2003/7/28,4.115,4.115,4.115,4.115,2.54%
2003/7/25,4.013,4.013,4.013,4.013,-1.35%
2003/7/24,4.068,4.068,4.068,4.068,1.29%
2003/7/23,4.016,4.016,4.016,4.016,-1.67%
2003/7/22,4.084,4.084,4.084,4.084,0.17%
2003/7/21,4.077,4.077,4.077,4.077,0.99%
2003/7/18,4.037,4.037,4.037,4.037,-0.71%
2003/7/17,4.066,4.066,4.066,4.066,0.49%
2003/7/16,4.046,4.046,4.046,4.046,0.35%
2003/7/15,4.032,4.032,4.032,4.032,3.76%
2003/7/14,3.886,3.886,3.886,3.886,-0.61%
2003/7/11,3.91,3.91,3.91,3.91,-0.05%
2003/7/10,3.912,3.912,3.912,3.912,-1.11%
2003/7/9,3.956,3.956,3.956,3.956,-0.83%
2003/7/8,3.989,3.989,3.989,3.989,0.35%
2003/7/7,3.975,3.975,3.975,3.975,1.17%
2003/7/4,3.929,3.929,3.929,3.929,0.10%
2003/7/3,3.925,3.925,3.925,3.925,1.55%
2003/7/2,3.865,3.865,3.865,3.865,1.68%
2003/7/1,3.801,3.801,3.801,3.801,0.00%
2003/6/30,3.801,3.801,3.801,3.801,-1.40%
2003/6/27,3.855,3.855,3.855,3.855,1.63%
2003/6/26,3.793,3.793,3.793,3.793,5.36%
2003/6/25,3.6,3.6,3.6,3.6,-1.64%
2003/6/24,3.66,3.66,3.66,3.66,-0.30%
2003/6/23,3.671,3.671,3.671,3.671,0.11%
2003/6/20,3.667,3.667,3.667,3.667,0.30%
2003/6/19,3.656,3.656,3.656,3.656,-0.22%
2003/6/18,3.664,3.664,3.664,3.664,3.59%
2003/6/17,3.537,3.537,3.537,3.537,1.99%
2003/6/16,3.468,3.468,3.468,3.468,0.32%
2003/6/13,3.457,3.457,3.457,3.457,-1.59%
2003/6/12,3.513,3.513,3.513,3.513,0.06%
2003/6/11,3.511,3.511,3.511,3.511,-0.37%
2003/6/10,3.524,3.524,3.524,3.524,-1.59%
2003/6/9,3.581,3.581,3.581,3.581,-2.08%
2003/6/6,3.657,3.657,3.657,3.657,1.64%
2003/6/5,3.598,3.598,3.598,3.598,-0.66%
2003/6/4,3.622,3.622,3.622,3.622,0.19%
2003/6/3,3.615,3.615,3.615,3.615,-3.26%
2003/6/2,3.737,3.737,3.737,3.737,1.69%
2003/5/30,3.675,3.675,3.675,3.675,-0.35%
2003/5/29,3.688,3.688,3.688,3.688,-1.94%
2003/5/28,3.761,3.761,3.761,3.761,2.26%
2003/5/27,3.678,3.678,3.678,3.678,2.77%
2003/5/26,3.579,3.579,3.579,3.579,-1.32%
2003/5/23,3.627,3.627,3.627,3.627,-1.68%
2003/5/22,3.689,3.689,3.689,3.689,-0.46%
2003/5/21,3.706,3.706,3.706,3.706,-0.56%
2003/5/20,3.727,3.727,3.727,3.727,-0.37%
2003/5/19,3.741,3.741,3.741,3.741,-1.86%
2003/5/16,3.812,3.812,3.812,3.812,-1.14%
2003/5/15,3.856,3.856,3.856,3.856,-1.13%
2003/5/14,3.9,3.9,3.9,3.9,0.33%
2003/5/13,3.887,3.887,3.887,3.887,0.18%
2003/5/12,3.88,3.88,3.88,3.88,-0.92%
2003/5/9,3.916,3.916,3.916,3.916,0.08%
2003/5/8,3.913,3.913,3.913,3.913,-1.29%
2003/5/7,3.964,3.964,3.964,3.964,-2.60%
2003/5/6,4.07,4.07,4.07,4.07,0.12%
2003/5/5,4.065,4.065,4.065,4.065,0.15%
2003/5/2,4.059,4.059,4.059,4.059,0.40%
2003/5/1,4.043,4.043,4.043,4.043,-0.54%
2003/4/30,4.065,4.065,4.065,4.065,-1.72%
2003/4/29,4.136,4.136,4.136,4.136,0.68%
2003/4/28,4.108,4.108,4.108,4.108,0.46%
2003/4/25,4.089,4.089,4.089,4.089,-0.15%
2003/4/24,4.095,4.095,4.095,4.095,-1.44%
2003/4/23,4.155,4.155,4.155,4.155,1.00%
2003/4/22,4.114,4.114,4.114,4.114,0.00%
2003/4/21,4.114,4.114,4.114,4.114,-1.60%
2003/4/18,4.181,4.181,4.181,4.181,1.63%
2003/4/17,4.114,4.114,4.114,4.114,-0.80%
2003/4/16,4.147,4.147,4.147,4.147,-1.26%
2003/4/15,4.2,4.2,4.2,4.2,-0.54%
2003/4/14,4.223,4.223,4.223,4.223,1.30%
2003/4/11,4.169,4.169,4.169,4.169,0.90%
2003/4/10,4.132,4.132,4.132,4.132,-0.39%
2003/4/9,4.148,4.148,4.148,4.148,-1.57%
2003/4/8,4.214,4.214,4.214,4.214,0.36%
2003/4/7,4.199,4.199,4.199,4.199,0.50%
2003/4/4,4.178,4.178,4.178,4.178,1.02%
2003/4/3,4.136,4.136,4.136,4.136,0.02%
2003/4/2,4.135,4.135,4.135,4.135,2.84%
2003/4/1,4.021,4.021,4.021,4.021,-0.30%
2003/3/31,4.033,4.033,4.033,4.033,-1.95%
2003/3/28,4.113,4.113,4.113,4.113,-0.65%
2003/3/27,4.14,4.14,4.14,4.14,-1.24%
2003/3/26,4.192,4.192,4.192,4.192,0.94%
2003/3/25,4.153,4.153,4.153,4.153,-0.98%
2003/3/24,4.194,4.194,4.194,4.194,-1.64%
2003/3/21,4.264,4.264,4.264,4.264,2.62%
2003/3/20,4.155,4.155,4.155,4.155,-1.31%
2003/3/19,4.21,4.21,4.21,4.21,2.26%
2003/3/18,4.117,4.117,4.117,4.117,0.76%
2003/3/17,4.086,4.086,4.086,4.086,2.74%
2003/3/14,3.977,3.977,3.977,3.977,0.81%
2003/3/13,3.945,3.945,3.945,3.945,3.57%
2003/3/12,3.809,3.809,3.809,3.809,0.13%
2003/3/11,3.804,3.804,3.804,3.804,0.26%
2003/3/10,3.794,3.794,3.794,3.794,-1.04%
2003/3/7,3.834,3.834,3.834,3.834,-0.36%
2003/3/6,3.848,3.848,3.848,3.848,-0.65%
2003/3/5,3.873,3.873,3.873,3.873,-0.23%
2003/3/4,3.882,3.882,3.882,3.882,-0.08%
2003/3/3,3.885,3.885,3.885,3.885,-0.28%
2003/2/28,3.896,3.896,3.896,3.896,-0.33%
2003/2/27,3.909,3.909,3.909,3.909,1.40%
2003/2/26,3.855,3.855,3.855,3.855,0.00%
2003/2/25,3.855,3.855,3.855,3.855,-0.67%
2003/2/24,3.881,3.881,3.881,3.881,-0.56%
2003/2/21,3.903,3.903,3.903,3.903,0.08%
2003/2/20,3.9,3.9,3.9,3.9,-0.41%
2003/2/19,3.916,3.916,3.916,3.916,-1.61%
2003/2/18,3.98,3.98,3.98,3.98,0.68%
2003/2/17,3.953,3.953,3.953,3.953,-0.25%
2003/2/14,3.963,3.963,3.963,3.963,1.33%
2003/2/13,3.911,3.911,3.911,3.911,-1.11%
2003/2/12,3.955,3.955,3.955,3.955,-0.73%
2003/2/11,3.984,3.984,3.984,3.984,-0.30%
2003/2/10,3.996,3.996,3.996,3.996,0.15%
2003/2/7,3.99,3.99,3.99,3.99,-0.72%
2003/2/6,4.019,4.019,4.019,4.019,0.22%
2003/2/5,4.01,4.01,4.01,4.01,0.05%
2003/2/4,4.008,4.008,4.008,4.008,-0.96%
2003/2/3,4.047,4.047,4.047,4.047,-0.27%
2003/1/31,4.058,4.058,4.058,4.058,0.22%
2003/1/30,4.049,4.049,4.049,4.049,0.35%
2003/1/29,4.035,4.035,4.035,4.035,-0.15%
2003/1/28,4.041,4.041,4.041,4.041,1.30%
2003/1/27,3.989,3.989,3.989,3.989,-0.42%
2003/1/24,4.006,4.006,4.006,4.006,-1.72%
2003/1/23,4.076,4.076,4.076,4.076,-0.88%
2003/1/22,4.112,4.112,4.112,4.112,-0.15%
2003/1/21,4.118,4.118,4.118,4.118,-0.63%
2003/1/20,4.144,4.144,4.144,4.144,-0.72%
2003/1/17,4.174,4.174,4.174,4.174,-1.74%
2003/1/16,4.248,4.248,4.248,4.248,-0.16%
2003/1/15,4.255,4.255,4.255,4.255,-0.23%
2003/1/14,4.265,4.265,4.265,4.265,0.24%
2003/1/13,4.255,4.255,4.255,4.255,-0.07%
2003/1/10,4.258,4.258,4.258,4.258,1.07%
2003/1/9,4.213,4.213,4.213,4.213,0.21%
2003/1/8,4.204,4.204,4.204,4.204,-1.66%
2003/1/7,4.275,4.275,4.275,4.275,-0.67%
2003/1/6,4.304,4.304,4.304,4.304,-0.05%
2003/1/3,4.306,4.306,4.306,4.306,0.12%
2003/1/2,4.301,4.301,4.301,4.301,2.43%
2003/1/1,4.199,4.199,4.199,4.199,0.12%
2002/12/31,4.194,4.194,4.194,4.194,-0.26%
2002/12/30,4.205,4.205,4.205,4.205,0.14%
2002/12/27,4.199,4.199,4.199,4.199,-1.98%
2002/12/26,4.284,4.284,4.284,4.284,0.49%
2002/12/25,4.263,4.263,4.263,4.263,-0.40%
2002/12/24,4.28,4.28,4.28,4.28,-0.09%
2002/12/23,4.284,4.284,4.284,4.284,-0.19%
2002/12/20,4.292,4.292,4.292,4.292,0.16%
2002/12/19,4.285,4.285,4.285,4.285,-0.05%
2002/12/18,4.287,4.287,4.287,4.287,-0.99%
2002/12/17,4.33,4.33,4.33,4.33,-0.53%
2002/12/16,4.353,4.353,4.353,4.353,0.72%
2002/12/13,4.322,4.322,4.322,4.322,0.23%
2002/12/12,4.312,4.312,4.312,4.312,-1.10%
2002/12/11,4.36,4.36,4.36,4.36,-0.43%
2002/12/10,4.379,4.379,4.379,4.379,-0.18%
2002/12/9,4.387,4.387,4.387,4.387,-0.59%
2002/12/6,4.413,4.413,4.413,4.413,-0.83%
2002/12/5,4.45,4.45,4.45,4.45,-0.49%
2002/12/4,4.472,4.472,4.472,4.472,-0.04%
2002/12/3,4.474,4.474,4.474,4.474,-1.00%
2002/12/2,4.519,4.519,4.519,4.519,0.69%
2002/11/29,4.488,4.488,4.488,4.488,-0.82%
2002/11/28,4.525,4.525,4.525,4.525,-0.29%
2002/11/27,4.538,4.538,4.538,4.538,1.27%
2002/11/26,4.481,4.481,4.481,4.481,-1.30%
2002/11/25,4.54,4.54,4.54,4.54,0.64%
2002/11/22,4.511,4.511,4.511,4.511,0.20%
2002/11/21,4.502,4.502,4.502,4.502,1.86%
2002/11/20,4.42,4.42,4.42,4.42,-0.54%
2002/11/19,4.444,4.444,4.444,4.444,-0.49%
2002/11/18,4.466,4.466,4.466,4.466,0.20%
2002/11/15,4.457,4.457,4.457,4.457,-0.20%
2002/11/14,4.466,4.466,4.466,4.466,1.41%
2002/11/13,4.404,4.404,4.404,4.404,0.34%
2002/11/12,4.389,4.389,4.389,4.389,-0.99%
2002/11/11,4.433,4.433,4.433,4.433,-0.56%
2002/11/8,4.458,4.458,4.458,4.458,-1.76%
2002/11/7,4.538,4.538,4.538,4.538,-1.69%
2002/11/6,4.616,4.616,4.616,4.616,0.20%
2002/11/5,4.607,4.607,4.607,4.607,0.88%
2002/11/4,4.567,4.567,4.567,4.567,0.24%
2002/11/1,4.556,4.556,4.556,4.556,1.11%
2002/10/31,4.506,4.506,4.506,4.506,-0.90%
2002/10/30,4.547,4.547,4.547,4.547,1.02%
2002/10/29,4.501,4.501,4.501,4.501,-1.14%
2002/10/28,4.553,4.553,4.553,4.553,-0.85%
2002/10/25,4.592,4.592,4.592,4.592,-0.95%
2002/10/24,4.636,4.636,4.636,4.636,0.91%
2002/10/23,4.594,4.594,4.594,4.594,-1.10%
2002/10/22,4.645,4.645,4.645,4.645,0.61%
2002/10/21,4.617,4.617,4.617,4.617,0.37%
2002/10/18,4.6,4.6,4.6,4.6,0.22%
2002/10/17,4.59,4.59,4.59,4.59,-0.22%
2002/10/16,4.6,4.6,4.6,4.6,0.55%
2002/10/15,4.575,4.575,4.575,4.575,2.56%
2002/10/14,4.461,4.461,4.461,4.461,0.41%
2002/10/11,4.443,4.443,4.443,4.443,1.97%
2002/10/10,4.357,4.357,4.357,4.357,1.40%
2002/10/9,4.297,4.297,4.297,4.297,-0.30%
2002/10/8,4.31,4.31,4.31,4.31,-0.25%
2002/10/7,4.321,4.321,4.321,4.321,-0.89%
2002/10/4,4.36,4.36,4.36,4.36,-0.52%
2002/10/3,4.383,4.383,4.383,4.383,-0.02%
2002/10/2,4.384,4.384,4.384,4.384,1.84%
2002/10/1,4.305,4.305,4.305,4.305,0.77%
2002/9/30,4.272,4.272,4.272,4.272,-1.57%
2002/9/27,4.34,4.34,4.34,4.34,-0.12%
2002/9/26,4.345,4.345,4.345,4.345,0.72%
2002/9/25,4.314,4.314,4.314,4.314,0.82%
2002/9/24,4.279,4.279,4.279,4.279,-0.74%
2002/9/23,4.311,4.311,4.311,4.311,-1.03%
2002/9/20,4.356,4.356,4.356,4.356,1.00%
2002/9/19,4.313,4.313,4.313,4.313,-0.51%
2002/9/18,4.335,4.335,4.335,4.335,-0.64%
2002/9/17,4.363,4.363,4.363,4.363,0.14%
2002/9/16,4.357,4.357,4.357,4.357,-1.38%
2002/9/13,4.418,4.418,4.418,4.418,-0.76%
2002/9/12,4.452,4.452,4.452,4.452,-0.11%
2002/9/10,4.457,4.457,4.457,4.457,0.97%
2002/9/9,4.414,4.414,4.414,4.414,0.09%
2002/9/6,4.41,4.41,4.41,4.41,0.16%
2002/9/5,4.403,4.403,4.403,4.403,-0.65%
2002/9/4,4.432,4.432,4.432,4.432,0.14%
2002/9/3,4.426,4.426,4.426,4.426,-1.75%
2002/9/2,4.505,4.505,4.505,4.505,-1.27%
2002/8/30,4.563,4.563,4.563,4.563,-0.07%
2002/8/29,4.566,4.566,4.566,4.566,-0.31%
2002/8/28,4.58,4.58,4.58,4.58,-1.53%
2002/8/27,4.651,4.651,4.651,4.651,-0.02%
2002/8/26,4.652,4.652,4.652,4.652,0.00%
2002/8/23,4.652,4.652,4.652,4.652,-0.73%
2002/8/22,4.686,4.686,4.686,4.686,0.69%
2002/8/21,4.654,4.654,4.654,4.654,2.20%
2002/8/20,4.554,4.554,4.554,4.554,-1.17%
2002/8/19,4.608,4.608,4.608,4.608,0.88%
2002/8/16,4.568,4.568,4.568,4.568,0.13%
2002/8/15,4.562,4.562,4.562,4.562,2.52%
2002/8/14,4.45,4.45,4.45,4.45,-1.09%
2002/8/13,4.499,4.499,4.499,4.499,-0.77%
2002/8/12,4.534,4.534,4.534,4.534,-0.61%
2002/8/9,4.562,4.562,4.562,4.562,-0.61%
2002/8/8,4.59,4.59,4.59,4.59,0.77%
2002/8/7,4.555,4.555,4.555,4.555,-1.26%
2002/8/6,4.613,4.613,4.613,4.613,1.14%
2002/8/5,4.561,4.561,4.561,4.561,-1.49%
2002/8/2,4.63,4.63,4.63,4.63,-1.43%
2002/8/1,4.697,4.697,4.697,4.697,-1.16%
2002/7/31,4.752,4.752,4.752,4.752,-1.06%
2002/7/30,4.803,4.803,4.803,4.803,0.29%
2002/7/29,4.789,4.789,4.789,4.789,1.35%
2002/7/26,4.725,4.725,4.725,4.725,-0.40%
2002/7/25,4.744,4.744,4.744,4.744,0.36%
2002/7/24,4.727,4.727,4.727,4.727,-1.83%
2002/7/23,4.815,4.815,4.815,4.815,0.27%
2002/7/22,4.802,4.802,4.802,4.802,-0.76%
2002/7/19,4.839,4.839,4.839,4.839,-0.84%
2002/7/18,4.88,4.88,4.88,4.88,-0.16%
2002/7/17,4.888,4.888,4.888,4.888,0.27%
2002/7/16,4.875,4.875,4.875,4.875,0.87%
2002/7/15,4.833,4.833,4.833,4.833,-0.74%
2002/7/12,4.869,4.869,4.869,4.869,-0.53%
2002/7/11,4.895,4.895,4.895,4.895,-0.93%
2002/7/10,4.941,4.941,4.941,4.941,-1.26%
2002/7/9,5.004,5.004,5.004,5.004,0.04%
2002/7/8,5.002,5.002,5.002,5.002,-0.38%
2002/7/5,5.021,5.021,5.021,5.021,0.94%
2002/7/4,4.974,4.974,4.974,4.974,0.79%
2002/7/3,4.935,4.935,4.935,4.935,0.43%
2002/7/2,4.914,4.914,4.914,4.914,-1.17%
2002/7/1,4.972,4.972,4.972,4.972,0.57%
2002/6/28,4.944,4.944,4.944,4.944,0.39%
2002/6/27,4.925,4.925,4.925,4.925,0.57%
2002/6/26,4.897,4.897,4.897,4.897,-1.53%
2002/6/25,4.973,4.973,4.973,4.973,0.95%
2002/6/24,4.926,4.926,4.926,4.926,-0.77%
2002/6/21,4.964,4.964,4.964,4.964,-0.18%
2002/6/20,4.973,4.973,4.973,4.973,0.40%
2002/6/19,4.953,4.953,4.953,4.953,-0.54%
2002/6/18,4.98,4.98,4.98,4.98,-0.62%
2002/6/17,5.011,5.011,5.011,5.011,0.76%
2002/6/14,4.973,4.973,4.973,4.973,-0.94%
2002/6/13,5.02,5.02,5.02,5.02,-1.24%
2002/6/12,5.083,5.083,5.083,5.083,-0.70%
2002/6/11,5.119,5.119,5.119,5.119,0.27%
2002/6/10,5.105,5.105,5.105,5.105,-0.51%
2002/6/7,5.131,5.131,5.131,5.131,0.14%
2002/6/6,5.124,5.124,5.124,5.124,0.02%
2002/6/5,5.123,5.123,5.123,5.123,0.14%
2002/6/4,5.116,5.116,5.116,5.116,-0.74%
2002/6/3,5.154,5.154,5.154,5.154,-0.37%
2002/5/31,5.173,5.173,5.173,5.173,0.72%
2002/5/30,5.136,5.136,5.136,5.136,-0.37%
2002/5/29,5.155,5.155,5.155,5.155,-0.25%
2002/5/28,5.168,5.168,5.168,5.168,-0.35%
2002/5/27,5.186,5.186,5.186,5.186,0.46%
2002/5/24,5.162,5.162,5.162,5.162,0.51%
2002/5/23,5.136,5.136,5.136,5.136,-0.54%
2002/5/22,5.164,5.164,5.164,5.164,-0.29%
2002/5/21,5.179,5.179,5.179,5.179,-0.15%
2002/5/20,5.187,5.187,5.187,5.187,-1.33%
2002/5/17,5.257,5.257,5.257,5.257,0.44%
2002/5/16,5.234,5.234,5.234,5.234,-0.36%
2002/5/15,5.253,5.253,5.253,5.253,-0.02%
2002/5/14,5.254,5.254,5.254,5.254,1.00%
2002/5/13,5.202,5.202,5.202,5.202,0.19%
2002/5/10,5.192,5.192,5.192,5.192,-0.04%
2002/5/9,5.194,5.194,5.194,5.194,0.58%
2002/5/8,5.164,5.164,5.164,5.164,1.24%
2002/5/7,5.101,5.101,5.101,5.101,-0.27%
2002/5/6,5.115,5.115,5.115,5.115,0.24%
2002/5/3,5.103,5.103,5.103,5.103,-1.49%
2002/5/2,5.18,5.18,5.18,5.18,1.15%
2002/5/1,5.121,5.121,5.121,5.121,-0.08%
2002/4/30,5.125,5.125,5.125,5.125,-0.19%
2002/4/29,5.135,5.135,5.135,5.135,0.88%
2002/4/26,5.09,5.09,5.09,5.09,-0.27%
2002/4/25,5.104,5.104,5.104,5.104,-0.93%
2002/4/24,5.152,5.152,5.152,5.152,-0.75%
2002/4/23,5.191,5.191,5.191,5.191,0.60%
2002/4/22,5.16,5.16,5.16,5.16,-0.83%
2002/4/19,5.203,5.203,5.203,5.203,0.19%
2002/4/18,5.193,5.193,5.193,5.193,0.02%
2002/4/17,5.192,5.192,5.192,5.192,0.23%
2002/4/16,5.18,5.18,5.18,5.18,1.45%
2002/4/15,5.106,5.106,5.106,5.106,-0.78%
2002/4/12,5.146,5.146,5.146,5.146,0.02%
2002/4/11,5.145,5.145,5.145,5.145,-0.75%
2002/4/10,5.184,5.184,5.184,5.184,0.29%
2002/4/9,5.169,5.169,5.169,5.169,0.06%
2002/4/8,5.166,5.166,5.166,5.166,0.70%
2002/4/5,5.13,5.13,5.13,5.13,-0.12%
2002/4/4,5.136,5.136,5.136,5.136,-1.12%
2002/4/3,5.194,5.194,5.194,5.194,-0.93%
2002/4/2,5.243,5.243,5.243,5.243,-0.23%
2002/4/1,5.255,5.255,5.255,5.255,0.31%
2002/3/29,5.239,5.239,5.239,5.239,-0.25%
2002/3/28,5.252,5.252,5.252,5.252,0.52%
2002/3/27,5.225,5.225,5.225,5.225,-0.15%
2002/3/26,5.233,5.233,5.233,5.233,-0.85%
2002/3/25,5.278,5.278,5.278,5.278,0.44%
2002/3/22,5.255,5.255,5.255,5.255,0.67%
2002/3/21,5.22,5.22,5.22,5.22,-0.31%
2002/3/20,5.236,5.236,5.236,5.236,0.71%
2002/3/19,5.199,5.199,5.199,5.199,-0.13%
2002/3/18,5.206,5.206,5.206,5.206,-0.38%
2002/3/15,5.226,5.226,5.226,5.226,0.08%
2002/3/14,5.222,5.222,5.222,5.222,0.67%
2002/3/13,5.187,5.187,5.187,5.187,0.23%
2002/3/12,5.175,5.175,5.175,5.175,0.23%
2002/3/11,5.163,5.163,5.163,5.163,-0.29%
2002/3/8,5.178,5.178,5.178,5.178,-0.04%
2002/3/7,5.18,5.18,5.18,5.18,0.66%
2002/3/6,5.146,5.146,5.146,5.146,1.28%
2002/3/5,5.081,5.081,5.081,5.081,0.95%
2002/3/4,5.033,5.033,5.033,5.033,0.44%
2002/3/1,5.011,5.011,5.011,5.011,1.21%
2002/2/28,4.951,4.951,4.951,4.951,-0.38%
2002/2/27,4.97,4.97,4.97,4.97,-0.46%
2002/2/26,4.993,4.993,4.993,4.993,0.44%
2002/2/25,4.971,4.971,4.971,4.971,1.08%
2002/2/22,4.918,4.918,4.918,4.918,-1.19%
2002/2/21,4.977,4.977,4.977,4.977,0.63%
2002/2/20,4.946,4.946,4.946,4.946,0.00%
2002/2/19,4.946,4.946,4.946,4.946,0.53%
2002/2/18,4.92,4.92,4.92,4.92,0.04%
2002/2/15,4.918,4.918,4.918,4.918,-0.85%
2002/2/14,4.96,4.96,4.96,4.96,-0.58%
2002/2/13,4.989,4.989,4.989,4.989,0.44%
2002/2/12,4.967,4.967,4.967,4.967,0.81%
2002/2/11,4.927,4.927,4.927,4.927,0.35%
2002/2/8,4.91,4.91,4.91,4.91,-0.41%
2002/2/7,4.93,4.93,4.93,4.93,1.96%
2002/2/6,4.835,4.835,4.835,4.835,0.48%
2002/2/5,4.812,4.812,4.812,4.812,-0.25%
2002/2/4,4.824,4.824,4.824,4.824,-0.99%
2002/2/1,4.872,4.872,4.872,4.872,-0.55%
2002/1/31,4.899,4.899,4.899,4.899,-0.49%
2002/1/30,4.923,4.923,4.923,4.923,-0.40%
2002/1/29,4.943,4.943,4.943,4.943,-0.46%
2002/1/28,4.966,4.966,4.966,4.966,-0.40%
2002/1/25,4.986,4.986,4.986,4.986,2.00%
2002/1/24,4.888,4.888,4.888,4.888,1.56%
2002/1/23,4.813,4.813,4.813,4.813,-0.84%
2002/1/22,4.854,4.854,4.854,4.854,1.02%
2002/1/21,4.805,4.805,4.805,4.805,-0.39%
2002/1/18,4.824,4.824,4.824,4.824,0.00%
2002/1/17,4.824,4.824,4.824,4.824,1.15%
2002/1/16,4.769,4.769,4.769,4.769,0.10%
2002/1/15,4.764,4.764,4.764,4.764,0.32%
2002/1/14,4.749,4.749,4.749,4.749,-1.33%
2002/1/11,4.813,4.813,4.813,4.813,-0.93%
2002/1/10,4.858,4.858,4.858,4.858,-1.02%
2002/1/9,4.908,4.908,4.908,4.908,1.24%
2002/1/8,4.848,4.848,4.848,4.848,0.58%
2002/1/7,4.82,4.82,4.82,4.82,-2.41%
2002/1/6,4.939,4.939,4.939,4.939,0.08%
2002/1/4,4.935,4.935,4.935,4.935,0.63%
2002/1/3,4.904,4.904,4.904,4.904,-0.97%
2002/1/2,4.952,4.952,4.952,4.952,-0.90%
2001/12/31,4.997,4.997,4.997,4.997,-0.02%
2001/12/30,4.998,4.998,4.998,4.998,0.00%
2001/12/29,4.998,4.998,4.998,4.998,0.00%
2001/12/28,4.998,4.998,4.998,4.998,0.79%
2001/12/27,4.959,4.959,4.959,4.959,1.74%
2001/12/25,4.874,4.874,4.874,4.874,-0.18%
2001/12/24,4.883,4.883,4.883,4.883,-0.10%
2001/12/23,4.888,4.888,4.888,4.888,0.00%
2001/12/22,4.888,4.888,4.888,4.888,0.12%
2001/12/21,4.882,4.882,4.882,4.882,1.43%
2001/12/20,4.813,4.813,4.813,4.813,0.75%
2001/12/19,4.777,4.777,4.777,4.777,-0.81%
2001/12/18,4.816,4.816,4.816,4.816,-1.03%
2001/12/17,4.866,4.866,4.866,4.866,2.42%
2001/12/16,4.751,4.751,4.751,4.751,-0.06%
2001/12/14,4.754,4.754,4.754,4.754,-0.29%
2001/12/13,4.768,4.768,4.768,4.768,1.32%
2001/12/12,4.706,4.706,4.706,4.706,-1.84%
2001/12/11,4.794,4.794,4.794,4.794,-0.81%
2001/12/10,4.833,4.833,4.833,4.833,-0.56%
2001/12/9,4.86,4.86,4.86,4.86,0.00%
2001/12/7,4.86,4.86,4.86,4.86,2.14%
2001/12/6,4.758,4.758,4.758,4.758,1.10%
2001/12/5,4.706,4.706,4.706,4.706,4.81%
2001/12/4,4.49,4.49,4.49,4.49,-0.88%
2001/12/3,4.53,4.53,4.53,4.53,-0.59%
2001/12/2,4.557,4.557,4.557,4.557,0.00%
2001/11/30,4.557,4.557,4.557,4.557,-0.70%
2001/11/29,4.589,4.589,4.589,4.589,-1.27%
2001/11/28,4.648,4.648,4.648,4.648,-1.06%
2001/11/27,4.698,4.698,4.698,4.698,2.69%
2001/11/26,4.575,4.575,4.575,4.575,-0.67%
2001/11/25,4.606,4.606,4.606,4.606,0.00%
2001/11/24,4.606,4.606,4.606,4.606,-0.09%
2001/11/23,4.61,4.61,4.61,4.61,-0.56%
2001/11/22,4.636,4.636,4.636,4.636,0.06%
2001/11/21,4.633,4.633,4.633,4.633,1.85%
2001/11/20,4.549,4.549,4.549,4.549,0.46%
2001/11/19,4.528,4.528,4.528,4.528,-1.93%
2001/11/18,4.617,4.617,4.617,4.617,0.00%
2001/11/17,4.617,4.617,4.617,4.617,0.09%
2001/11/16,4.613,4.613,4.613,4.613,1.23%
2001/11/15,4.557,4.557,4.557,4.557,1.42%
2001/11/14,4.493,4.493,4.493,4.493,2.14%
2001/11/13,4.399,4.399,4.399,4.399,2.14%
2001/11/12,4.307,4.307,4.307,4.307,-0.39%
2001/11/11,4.324,4.324,4.324,4.324,0.00%
2001/11/10,4.324,4.324,4.324,4.324,0.05%
2001/11/9,4.322,4.322,4.322,4.322,0.51%
2001/11/8,4.3,4.3,4.3,4.3,0.82%
2001/11/7,4.265,4.265,4.265,4.265,-1.30%
2001/11/6,4.321,4.321,4.321,4.321,0.33%
2001/11/5,4.307,4.307,4.307,4.307,-0.83%
2001/11/4,4.343,4.343,4.343,4.343,0.00%
2001/11/3,4.343,4.343,4.343,4.343,0.14%
2001/11/2,4.337,4.337,4.337,4.337,1.93%
2001/11/1,4.255,4.255,4.255,4.255,-2.70%
2001/10/31,4.373,4.373,4.373,4.373,-0.64%
2001/10/30,4.401,4.401,4.401,4.401,-1.30%
2001/10/29,4.459,4.459,4.459,4.459,-0.65%
2001/10/28,4.488,4.488,4.488,4.488,0.00%
2001/10/27,4.488,4.488,4.488,4.488,-0.04%
2001/10/26,4.49,4.49,4.49,4.49,-0.20%
2001/10/25,4.499,4.499,4.499,4.499,-1.55%
2001/10/24,4.57,4.57,4.57,4.57,-0.93%
2001/10/23,4.613,4.613,4.613,4.613,0.33%
2001/10/22,4.598,4.598,4.598,4.598,-0.24%
2001/10/21,4.609,4.609,4.609,4.609,-0.39%
2001/10/20,4.627,4.627,4.627,4.627,0.00%
2001/10/19,4.627,4.627,4.627,4.627,0.35%
2001/10/18,4.611,4.611,4.611,4.611,-0.60%
2001/10/17,4.639,4.639,4.639,4.639,-0.17%
2001/10/16,4.647,4.647,4.647,4.647,-0.04%
2001/10/15,4.649,4.649,4.649,4.649,-0.66%
2001/10/14,4.68,4.68,4.68,4.68,0.00%
2001/10/13,4.68,4.68,4.68,4.68,0.02%
2001/10/12,4.679,4.679,4.679,4.679,-0.83%
2001/10/11,4.718,4.718,4.718,4.718,0.70%
2001/10/10,4.685,4.685,4.685,4.685,-0.36%
2001/10/9,4.702,4.702,4.702,4.702,1.75%
2001/10/8,4.621,4.621,4.621,4.621,-0.54%
2001/10/7,4.646,4.646,4.646,4.646,0.00%
2001/10/6,4.646,4.646,4.646,4.646,0.00%
2001/10/5,4.646,4.646,4.646,4.646,-0.79%
2001/10/4,4.683,4.683,4.683,4.683,0.60%
2001/10/3,4.655,4.655,4.655,4.655,-1.02%
2001/10/2,4.703,4.703,4.703,4.703,-1.24%
2001/10/1,4.762,4.762,4.762,4.762,-0.81%
2001/9/30,4.801,4.801,4.801,4.801,0.00%
2001/9/29,4.801,4.801,4.801,4.801,0.02%
2001/9/28,4.8,4.8,4.8,4.8,0.38%
2001/9/27,4.782,4.782,4.782,4.782,-0.35%
2001/9/26,4.799,4.799,4.799,4.799,-0.85%
2001/9/25,4.84,4.84,4.84,4.84,-1.14%
2001/9/24,4.896,4.896,4.896,4.896,0.08%
2001/9/23,4.892,4.892,4.892,4.892,0.00%
2001/9/22,4.892,4.892,4.892,4.892,0.00%
2001/9/21,4.892,4.892,4.892,4.892,0.76%
2001/9/20,4.855,4.855,4.855,4.855,0.23%
2001/9/19,4.844,4.844,4.844,4.844,0.46%
2001/9/18,4.822,4.822,4.822,4.822,0.40%
2001/9/17,4.803,4.803,4.803,4.803,0.78%
2001/9/16,4.766,4.766,4.766,4.766,0.00%
2001/9/15,4.766,4.766,4.766,4.766,-0.13%
2001/9/14,4.772,4.772,4.772,4.772,-1.06%
2001/9/13,4.823,4.823,4.823,4.823,0.00%
2001/9/12,4.823,4.823,4.823,4.823,1.01%
2001/9/11,4.775,4.775,4.775,4.775,-1.77%
2001/9/10,4.861,4.861,4.861,4.861,1.00%
2001/9/9,4.813,4.813,4.813,4.813,0.00%
2001/9/8,4.813,4.813,4.813,4.813,-0.02%
2001/9/7,4.814,4.814,4.814,4.814,-1.11%
2001/9/6,4.868,4.868,4.868,4.868,-0.67%
2001/9/5,4.901,4.901,4.901,4.901,-0.16%
2001/9/4,4.909,4.909,4.909,4.909,2.59%
2001/9/3,4.785,4.785,4.785,4.785,0.04%
2001/9/2,4.783,4.783,4.783,4.783,0.00%
2001/9/1,4.783,4.783,4.783,4.783,-0.04%
2001/8/31,4.785,4.785,4.785,4.785,0.42%
2001/8/30,4.765,4.765,4.765,4.765,-0.83%
2001/8/29,4.805,4.805,4.805,4.805,-0.12%
2001/8/28,4.811,4.811,4.811,4.811,-1.03%
2001/8/27,4.861,4.861,4.861,4.861,-0.27%
2001/8/26,4.874,4.874,4.874,4.874,-0.08%
2001/8/25,4.878,4.878,4.878,4.878,0.06%
2001/8/24,4.875,4.875,4.875,4.875,0.72%
2001/8/23,4.84,4.84,4.84,4.84,-0.08%
2001/8/22,4.844,4.844,4.844,4.844,0.54%
2001/8/21,4.818,4.818,4.818,4.818,0.99%
2001/8/20,4.771,4.771,4.771,4.771,0.29%
2001/8/19,4.757,4.757,4.757,4.757,0.00%
2001/8/18,4.757,4.757,4.757,4.757,0.00%
2001/8/17,4.757,4.757,4.757,4.757,-0.69%
2001/8/16,4.79,4.79,4.79,4.79,-0.66%
2001/8/15,4.822,4.822,4.822,4.822,0.08%
2001/8/14,4.818,4.818,4.818,4.818,0.46%
2001/8/13,4.796,4.796,4.796,4.796,-0.04%
2001/8/12,4.798,4.798,4.798,4.798,0.00%
2001/8/11,4.798,4.798,4.798,4.798,0.04%
2001/8/10,4.796,4.796,4.796,4.796,-0.64%
2001/8/9,4.827,4.827,4.827,4.827,-1.29%
2001/8/8,4.89,4.89,4.89,4.89,-0.22%
2001/8/7,4.901,4.901,4.901,4.901,0.27%
2001/8/6,4.888,4.888,4.888,4.888,-0.18%
2001/8/5,4.897,4.897,4.897,4.897,0.00%
2001/8/4,4.897,4.897,4.897,4.897,0.02%
2001/8/3,4.896,4.896,4.896,4.896,-0.45%
2001/8/2,4.918,4.918,4.918,4.918,0.29%
2001/8/1,4.904,4.904,4.904,4.904,0.53%
2001/7/31,4.878,4.878,4.878,4.878,-0.49%
2001/7/30,4.902,4.902,4.902,4.902,0.10%
2001/7/29,4.897,4.897,4.897,4.897,0.00%
2001/7/28,4.897,4.897,4.897,4.897,-0.06%
2001/7/27,4.9,4.9,4.9,4.9,-0.81%
2001/7/26,4.94,4.94,4.94,4.94,-0.38%
2001/7/25,4.959,4.959,4.959,4.959,0.20%
2001/7/24,4.949,4.949,4.949,4.949,-0.08%
2001/7/23,4.953,4.953,4.953,4.953,0.00%
2001/7/22,4.953,4.953,4.953,4.953,0.00%
2001/7/21,4.953,4.953,4.953,4.953,-0.08%
2001/7/20,4.957,4.957,4.957,4.957,-0.58%
2001/7/19,4.986,4.986,4.986,4.986,-0.12%
2001/7/18,4.992,4.992,4.992,4.992,-0.81%
2001/7/17,5.033,5.033,5.033,5.033,0.22%
2001/7/16,5.022,5.022,5.022,5.022,-1.06%
2001/7/15,5.076,5.076,5.076,5.076,0.00%
2001/7/14,5.076,5.076,5.076,5.076,0.00%
2001/7/13,5.076,5.076,5.076,5.076,0.65%
2001/7/12,5.043,5.043,5.043,5.043,-0.57%
2001/7/11,5.072,5.072,5.072,5.072,-0.26%
2001/7/10,5.085,5.085,5.085,5.085,-0.49%
2001/7/9,5.11,5.11,5.11,5.11,0.63%
2001/7/8,5.078,5.078,5.078,5.078,0.00%
2001/7/7,5.078,5.078,5.078,5.078,-0.06%
2001/7/6,5.081,5.081,5.081,5.081,-0.82%
2001/7/5,5.123,5.123,5.123,5.123,0.23%
2001/7/4,5.111,5.111,5.111,5.111,-0.62%
2001/7/3,5.143,5.143,5.143,5.143,1.14%
2001/7/2,5.085,5.085,5.085,5.085,-0.26%
2001/6/30,5.098,5.098,5.098,5.098,-0.06%
2001/6/29,5.101,5.101,5.101,5.101,1.29%
2001/6/28,5.036,5.036,5.036,5.036,1.37%
2001/6/27,4.968,4.968,4.968,4.968,-0.48%
2001/6/26,4.992,4.992,4.992,4.992,0.89%
2001/6/25,4.948,4.948,4.948,4.948,0.28%
2001/6/24,4.934,4.934,4.934,4.934,0.00%
2001/6/23,4.934,4.934,4.934,4.934,0.37%
2001/6/22,4.916,4.916,4.916,4.916,-0.81%
2001/6/21,4.956,4.956,4.956,4.956,-0.44%
2001/6/20,4.978,4.978,4.978,4.978,-0.72%
2001/6/19,5.014,5.014,5.014,5.014,0.58%
2001/6/18,4.985,4.985,4.985,4.985,-0.62%
2001/6/17,5.016,5.016,5.016,5.016,0.00%
2001/6/16,5.016,5.016,5.016,5.016,0.18%
2001/6/15,5.007,5.007,5.007,5.007,-0.24%
2001/6/14,5.019,5.019,5.019,5.019,-1.28%
2001/6/13,5.084,5.084,5.084,5.084,0.28%
2001/6/12,5.07,5.07,5.07,5.07,0.18%
2001/6/11,5.061,5.061,5.061,5.061,-0.08%
2001/6/10,5.065,5.065,5.065,5.065,0.00%
2001/6/9,5.065,5.065,5.065,5.065,-0.04%
2001/6/8,5.067,5.067,5.067,5.067,-0.30%
2001/6/7,5.082,5.082,5.082,5.082,0.75%
2001/6/6,5.044,5.044,5.044,5.044,0.60%
2001/6/5,5.014,5.014,5.014,5.014,-1.01%
2001/6/4,5.065,5.065,5.065,5.065,-0.02%
2001/6/3,5.066,5.066,5.066,5.066,0.00%
2001/6/2,5.066,5.066,5.066,5.066,-0.06%
2001/6/1,5.069,5.069,5.069,5.069,-1.69%
2001/5/31,5.156,5.156,5.156,5.156,0.06%
2001/5/30,5.153,5.153,5.153,5.153,0.25%
2001/5/29,5.14,5.14,5.14,5.14,-0.73%
2001/5/28,5.178,5.178,5.178,5.178,-0.40%
2001/5/27,5.199,5.199,5.199,5.199,0.00%
2001/5/26,5.199,5.199,5.199,5.199,0.02%
2001/5/25,5.198,5.198,5.198,5.198,0.48%
2001/5/24,5.173,5.173,5.173,5.173,0.47%
2001/5/23,5.149,5.149,5.149,5.149,0.63%
2001/5/22,5.117,5.117,5.117,5.117,0.91%
2001/5/21,5.071,5.071,5.071,5.071,0.08%
2001/5/18,5.067,5.067,5.067,5.067,-0.08%
2001/5/17,5.071,5.071,5.071,5.071,-0.12%
2001/5/16,5.077,5.077,5.077,5.077,-0.33%
2001/5/15,5.094,5.094,5.094,5.094,0.18%
2001/5/14,5.085,5.085,5.085,5.085,1.11%
2001/5/11,5.029,5.029,5.029,5.029,1.99%
2001/5/10,4.931,4.931,4.931,4.931,-0.02%
2001/5/9,4.932,4.932,4.932,4.932,-0.30%
2001/5/8,4.947,4.947,4.947,4.947,-0.12%
2001/5/7,4.953,4.953,4.953,4.953,-0.14%
2001/5/4,4.96,4.96,4.96,4.96,-0.32%
2001/5/3,4.976,4.976,4.976,4.976,-0.96%
2001/5/2,5.024,5.024,5.024,5.024,0.30%
2001/5/1,5.009,5.009,5.009,5.009,-0.08%
2001/4/30,5.013,5.013,5.013,5.013,0.76%
2001/4/27,4.975,4.975,4.975,4.975,0.48%
2001/4/26,4.951,4.951,4.951,4.951,-0.04%
2001/4/25,4.953,4.953,4.953,4.953,-0.14%
2001/4/24,4.96,4.96,4.96,4.96,0.85%
2001/4/23,4.918,4.918,4.918,4.918,-1.03%
2001/4/20,4.969,4.969,4.969,4.969,0.57%
2001/4/19,4.941,4.941,4.941,4.941,-0.64%
2001/4/18,4.973,4.973,4.973,4.973,1.84%
2001/4/17,4.883,4.883,4.883,4.883,0.51%
2001/4/16,4.858,4.858,4.858,4.858,0.00%
2001/4/13,4.858,4.858,4.858,4.858,0.08%
2001/4/12,4.854,4.854,4.854,4.854,0.08%
2001/4/11,4.85,4.85,4.85,4.85,1.89%
2001/4/10,4.76,4.76,4.76,4.76,0.83%
2001/4/9,4.721,4.721,4.721,4.721,0.32%
2001/4/6,4.706,4.706,4.706,4.706,-1.16%
2001/4/5,4.761,4.761,4.761,4.761,1.34%
2001/4/4,4.698,4.698,4.698,4.698,-0.30%
2001/4/3,4.712,4.712,4.712,4.712,0.64%
2001/4/2,4.682,4.682,4.682,4.682,-0.11%
2001/3/30,4.687,4.687,4.687,4.687,-0.51%
2001/3/29,4.711,4.711,4.711,4.711,0.64%
2001/3/28,4.681,4.681,4.681,4.681,0.15%
2001/3/27,4.674,4.674,4.674,4.674,0.60%
2001/3/26,4.646,4.646,4.646,4.646,0.63%
2001/3/23,4.617,4.617,4.617,4.617,0.50%
2001/3/22,4.594,4.594,4.594,4.594,-1.18%
2001/3/21,4.649,4.649,4.649,4.649,-0.92%
2001/3/20,4.692,4.692,4.692,4.692,0.00%
2001/3/19,4.692,4.692,4.692,4.692,0.58%
2001/3/16,4.665,4.665,4.665,4.665,-0.60%
2001/3/15,4.693,4.693,4.693,4.693,-0.21%
2001/3/14,4.703,4.703,4.703,4.703,-0.49%
2001/3/13,4.726,4.726,4.726,4.726,0.45%
2001/3/12,4.705,4.705,4.705,4.705,-0.30%
2001/3/9,4.719,4.719,4.719,4.719,0.28%
2001/3/8,4.706,4.706,4.706,4.706,-0.91%
2001/3/7,4.749,4.749,4.749,4.749,0.02%
2001/3/6,4.748,4.748,4.748,4.748,-0.04%
2001/3/5,4.75,4.75,4.75,4.75,0.36%
2001/3/2,4.733,4.733,4.733,4.733,-0.25%
2001/3/1,4.745,4.745,4.745,4.745,-0.04%
2001/2/28,4.747,4.747,4.747,4.747,-0.27%
2001/2/27,4.76,4.76,4.76,4.76,-1.43%
2001/2/26,4.829,4.829,4.829,4.829,-0.02%
2001/2/23,4.83,4.83,4.83,4.83,-0.56%
2001/2/22,4.857,4.857,4.857,4.857,0.25%
2001/2/21,4.845,4.845,4.845,4.845,0.56%
2001/2/20,4.818,4.818,4.818,4.818,0.31%
2001/2/19,4.803,4.803,4.803,4.803,-0.29%
2001/2/16,4.817,4.817,4.817,4.817,-0.50%
2001/2/15,4.841,4.841,4.841,4.841,1.21%
2001/2/14,4.783,4.783,4.783,4.783,0.57%
2001/2/13,4.756,4.756,4.756,4.756,-0.19%
2001/2/12,4.765,4.765,4.765,4.765,-0.08%
2001/2/9,4.769,4.769,4.769,4.769,-0.56%
2001/2/8,4.796,4.796,4.796,4.796,1.03%
2001/2/7,4.747,4.747,4.747,4.747,-0.65%
2001/2/6,4.778,4.778,4.778,4.778,0.19%
2001/2/5,4.769,4.769,4.769,4.769,-0.33%
2001/2/2,4.785,4.785,4.785,4.785,0.08%
2001/2/1,4.781,4.781,4.781,4.781,-0.40%
2001/1/31,4.8,4.8,4.8,4.8,-0.37%
2001/1/30,4.818,4.818,4.818,4.818,-0.68%
2001/1/29,4.851,4.851,4.851,4.851,0.43%
2001/1/26,4.83,4.83,4.83,4.83,-0.92%
2001/1/25,4.875,4.875,4.875,4.875,0.00%
2001/1/24,4.875,4.875,4.875,4.875,0.62%
2001/1/23,4.845,4.845,4.845,4.845,-0.53%
2001/1/22,4.871,4.871,4.871,4.871,0.64%
2001/1/19,4.84,4.84,4.84,4.84,0.71%
2001/1/18,4.806,4.806,4.806,4.806,-0.37%
2001/1/17,4.824,4.824,4.824,4.824,0.54%
2001/1/16,4.798,4.798,4.798,4.798,-0.48%
2001/1/15,4.821,4.821,4.821,4.821,0.06%
2001/1/12,4.818,4.818,4.818,4.818,1.54%
2001/1/11,4.745,4.745,4.745,4.745,-0.73%
2001/1/10,4.78,4.78,4.78,4.78,1.16%
2001/1/9,4.725,4.725,4.725,4.725,0.55%
2001/1/8,4.699,4.699,4.699,4.699,0.23%
2001/1/5,4.688,4.688,4.688,4.688,-0.87%
2001/1/4,4.729,4.729,4.729,4.729,0.38%
2001/1/3,4.711,4.711,4.711,4.711,-0.67%
2001/1/2,4.743,4.743,4.743,4.743,-2.37%
2000/12/29,4.858,4.858,4.858,4.858,-1.00%
2000/12/28,4.907,4.907,4.907,4.907,0.82%
2000/12/27,4.867,4.867,4.867,4.867,0.16%
2000/12/26,4.859,4.859,4.859,4.859,0.00%
2000/12/25,4.859,4.859,4.859,4.859,-0.10%
2000/12/23,4.864,4.864,4.864,4.864,-0.04%
2000/12/22,4.866,4.866,4.866,4.866,0.70%
2000/12/21,4.832,4.832,4.832,4.832,-0.31%
2000/12/20,4.847,4.847,4.847,4.847,-0.53%
2000/12/19,4.873,4.873,4.873,4.873,0.08%
2000/12/18,4.869,4.869,4.869,4.869,0.02%
2000/12/16,4.868,4.868,4.868,4.868,-0.02%
2000/12/15,4.869,4.869,4.869,4.869,-1.16%
2000/12/14,4.926,4.926,4.926,4.926,-1.14%
2000/12/13,4.983,4.983,4.983,4.983,0.32%
2000/12/12,4.967,4.967,4.967,4.967,-0.08%
2000/12/11,4.971,4.971,4.971,4.971,0.22%
2000/12/9,4.96,4.96,4.96,4.96,0.34%
2000/12/8,4.943,4.943,4.943,4.943,0.35%
2000/12/7,4.926,4.926,4.926,4.926,0.20%
2000/12/6,4.916,4.916,4.916,4.916,-0.36%
2000/12/5,4.934,4.934,4.934,4.934,-0.02%
2000/12/4,4.935,4.935,4.935,4.935,-0.92%
2000/12/2,4.981,4.981,4.981,4.981,-0.06%
2000/12/1,4.984,4.984,4.984,4.984,-0.24%
2000/11/30,4.996,4.996,4.996,4.996,-1.48%
2000/11/29,5.071,5.071,5.071,5.071,-0.06%
2000/11/28,5.074,5.074,5.074,5.074,-1.00%
2000/11/27,5.125,5.125,5.125,5.125,0.27%
2000/11/25,5.111,5.111,5.111,5.111,-0.14%
2000/11/24,5.118,5.118,5.118,5.118,0.10%
2000/11/23,5.113,5.113,5.113,5.113,-0.53%
2000/11/22,5.14,5.14,5.14,5.14,-0.79%
2000/11/21,5.181,5.181,5.181,5.181,0.25%
2000/11/20,5.168,5.168,5.168,5.168,-0.37%
2000/11/18,5.187,5.187,5.187,5.187,0.27%
2000/11/17,5.173,5.173,5.173,5.173,-0.14%
2000/11/16,5.18,5.18,5.18,5.18,-0.17%
2000/11/15,5.189,5.189,5.189,5.189,-0.15%
2000/11/14,5.197,5.197,5.197,5.197,-0.17%
2000/11/13,5.206,5.206,5.206,5.206,-0.17%
2000/11/11,5.215,5.215,5.215,5.215,-0.25%
2000/11/10,5.228,5.228,5.228,5.228,-0.15%
2000/11/9,5.236,5.236,5.236,5.236,-0.36%
2000/11/8,5.255,5.255,5.255,5.255,0.21%
2000/11/7,5.244,5.244,5.244,5.244,0.50%
2000/11/6,5.218,5.218,5.218,5.218,-0.27%
2000/11/4,5.232,5.232,5.232,5.232,0.46%
2000/11/3,5.208,5.208,5.208,5.208,-0.10%
2000/11/2,5.213,5.213,5.213,5.213,0.02%
2000/11/1,5.212,5.212,5.212,5.212,-0.53%
2000/10/31,5.24,5.24,5.24,5.24,0.58%
2000/10/30,5.21,5.21,5.21,5.21,-0.15%
2000/10/28,5.218,5.218,5.218,5.218,-0.21%
2000/10/27,5.229,5.229,5.229,5.229,-0.68%
2000/10/26,5.265,5.265,5.265,5.265,0.15%
2000/10/25,5.257,5.257,5.257,5.257,0.94%
2000/10/24,5.208,5.208,5.208,5.208,0.12%
2000/10/23,5.202,5.202,5.202,5.202,0.23%
2000/10/20,5.19,5.19,5.19,5.19,-0.36%
2000/10/19,5.209,5.209,5.209,5.209,0.42%
2000/10/18,5.187,5.187,5.187,5.187,-0.67%
2000/10/17,5.222,5.222,5.222,5.222,0.21%
2000/10/16,5.211,5.211,5.211,5.211,0.19%
2000/10/14,5.201,5.201,5.201,5.201,-0.10%
2000/10/13,5.206,5.206,5.206,5.206,0.70%
2000/10/12,5.17,5.17,5.17,5.17,-0.37%
2000/10/11,5.189,5.189,5.189,5.189,-0.59%
2000/10/10,5.22,5.22,5.22,5.22,-0.17%
2000/10/9,5.229,5.229,5.229,5.229,-0.53%
2000/10/6,5.257,5.257,5.257,5.257,-0.36%
2000/10/5,5.276,5.276,5.276,5.276,0.44%
2000/10/4,5.253,5.253,5.253,5.253,0.23%
2000/10/3,5.241,5.241,5.241,5.241,0.10%
2000/10/2,5.236,5.236,5.236,5.236,0.11%
2000/9/30,5.23,5.23,5.23,5.23,0.02%
2000/9/29,5.229,5.229,5.229,5.229,-0.59%
2000/9/28,5.26,5.26,5.26,5.26,0.11%
2000/9/27,5.254,5.254,5.254,5.254,0.19%
2000/9/26,5.244,5.244,5.244,5.244,-0.61%
2000/9/25,5.276,5.276,5.276,5.276,0.73%
2000/9/23,5.238,5.238,5.238,5.238,-0.04%
2000/9/22,5.24,5.24,5.24,5.24,-0.55%
2000/9/21,5.269,5.269,5.269,5.269,-0.87%
2000/9/20,5.315,5.315,5.315,5.315,-0.17%
2000/9/19,5.324,5.324,5.324,5.324,-0.39%
2000/9/18,5.345,5.345,5.345,5.345,0.83%
2000/9/17,5.301,5.301,5.301,5.301,0.00%
2000/9/16,5.301,5.301,5.301,5.301,0.74%
2000/9/15,5.262,5.262,5.262,5.262,-0.42%
2000/9/14,5.284,5.284,5.284,5.284,-0.09%
2000/9/13,5.289,5.289,5.289,5.289,0.02%
2000/9/12,5.288,5.288,5.288,5.288,0.32%
2000/9/11,5.271,5.271,5.271,5.271,-0.25%
2000/9/9,5.284,5.284,5.284,5.284,0.61%
2000/9/8,5.252,5.252,5.252,5.252,-0.44%
2000/9/7,5.275,5.275,5.275,5.275,0.84%
2000/9/6,5.231,5.231,5.231,5.231,0.46%
2000/9/5,5.207,5.207,5.207,5.207,0.21%
2000/9/4,5.196,5.196,5.196,5.196,0.44%
2000/9/2,5.173,5.173,5.173,5.173,-0.08%
2000/9/1,5.177,5.177,5.177,5.177,-2.34%
2000/8/31,5.301,5.301,5.301,5.301,0.00%
2000/8/30,5.301,5.301,5.301,5.301,0.08%
2000/8/29,5.297,5.297,5.297,5.297,1.03%
2000/8/28,5.243,5.243,5.243,5.243,0.00%
2000/8/26,5.243,5.243,5.243,5.243,0.44%
2000/8/25,5.22,5.22,5.22,5.22,0.25%
2000/8/24,5.207,5.207,5.207,5.207,-0.10%
2000/8/23,5.212,5.212,5.212,5.212,-0.97%
2000/8/22,5.263,5.263,5.263,5.263,0.00%
2000/8/21,5.263,5.263,5.263,5.263,1.25%
2000/8/19,5.198,5.198,5.198,5.198,-0.21%
2000/8/18,5.209,5.209,5.209,5.209,0.19%
2000/8/17,5.199,5.199,5.199,5.199,-0.15%
2000/8/16,5.207,5.207,5.207,5.207,-0.15%
2000/8/15,5.215,5.215,5.215,5.215,1.11%
2000/8/14,5.158,5.158,5.158,5.158,-0.02%
2000/8/12,5.159,5.159,5.159,5.159,0.08%
2000/8/11,5.155,5.155,5.155,5.155,0.23%
2000/8/10,5.143,5.143,5.143,5.143,-0.71%
2000/8/9,5.18,5.18,5.18,5.18,-0.21%
2000/8/8,5.191,5.191,5.191,5.191,0.31%
2000/8/7,5.175,5.175,5.175,5.175,-0.33%
2000/8/5,5.192,5.192,5.192,5.192,0.23%
2000/8/4,5.18,5.18,5.18,5.18,-0.12%
2000/8/3,5.186,5.186,5.186,5.186,0.21%
2000/8/2,5.175,5.175,5.175,5.175,-0.15%
2000/8/1,5.183,5.183,5.183,5.183,-0.56%
2000/7/31,5.212,5.212,5.212,5.212,0.02%
2000/7/29,5.211,5.211,5.211,5.211,0.19%
2000/7/28,5.201,5.201,5.201,5.201,0.33%
2000/7/27,5.184,5.184,5.184,5.184,0.19%
2000/7/26,5.174,5.174,5.174,5.174,-0.50%
2000/7/25,5.2,5.2,5.2,5.2,-1.07%
2000/7/24,5.256,5.256,5.256,5.256,-0.11%
2000/7/23,5.262,5.262,5.262,5.262,0.00%
2000/7/22,5.262,5.262,5.262,5.262,0.34%
2000/7/21,5.244,5.244,5.244,5.244,-0.30%
2000/7/20,5.26,5.26,5.26,5.26,-1.74%
2000/7/19,5.353,5.353,5.353,5.353,0.49%
2000/7/18,5.327,5.327,5.327,5.327,0.53%
2000/7/17,5.299,5.299,5.299,5.299,-0.28%
2000/7/15,5.314,5.314,5.314,5.314,0.04%
2000/7/14,5.312,5.312,5.312,5.312,0.84%
2000/7/13,5.268,5.268,5.268,5.268,-0.17%
2000/7/12,5.277,5.277,5.277,5.277,0.69%
2000/7/11,5.241,5.241,5.241,5.241,-0.74%
2000/7/10,5.28,5.28,5.28,5.28,-0.09%
2000/7/7,5.285,5.285,5.285,5.285,0.40%
2000/7/6,5.264,5.264,5.264,5.264,0.55%
2000/7/5,5.235,5.235,5.235,5.235,-0.46%
2000/7/4,5.259,5.259,5.259,5.259,-0.40%
2000/7/3,5.28,5.28,5.28,5.28,0.69%
2000/7/1,5.244,5.244,5.244,5.244,0.40%
2000/6/30,5.223,5.223,5.223,5.223,-0.44%
2000/6/29,5.246,5.246,5.246,5.246,0.08%
2000/6/28,5.242,5.242,5.242,5.242,0.02%
2000/6/27,5.241,5.241,5.241,5.241,-0.85%
2000/6/26,5.286,5.286,5.286,5.286,0.61%
2000/6/24,5.254,5.254,5.254,5.254,0.40%
2000/6/23,5.233,5.233,5.233,5.233,0.00%
2000/6/22,5.233,5.233,5.233,5.233,0.67%
2000/6/21,5.198,5.198,5.198,5.198,1.78%
2000/6/20,5.107,5.107,5.107,5.107,0.65%
2000/6/19,5.074,5.074,5.074,5.074,-0.47%
2000/6/17,5.098,5.098,5.098,5.098,0.22%
2000/6/16,5.087,5.087,5.087,5.087,-1.45%
2000/6/15,5.162,5.162,5.162,5.162,0.43%
2000/6/14,5.14,5.14,5.14,5.14,-0.41%
2000/6/13,5.161,5.161,5.161,5.161,0.29%
2000/6/12,5.146,5.146,5.146,5.146,0.00%
2000/6/10,5.146,5.146,5.146,5.146,-0.14%
2000/6/9,5.153,5.153,5.153,5.153,-0.35%
2000/6/8,5.171,5.171,5.171,5.171,0.98%
2000/6/7,5.121,5.121,5.121,5.121,-0.27%
2000/6/6,5.135,5.135,5.135,5.135,1.10%
2000/6/5,5.079,5.079,5.079,5.079,-0.35%
2000/6/3,5.097,5.097,5.097,5.097,-0.64%
2000/6/2,5.13,5.13,5.13,5.13,-0.87%
2000/6/1,5.175,5.175,5.175,5.175,-0.04%
2000/5/31,5.177,5.177,5.177,5.177,-1.41%
2000/5/30,5.251,5.251,5.251,5.251,0.73%
2000/5/29,5.213,5.213,5.213,5.213,0.40%
2000/5/28,5.192,5.192,5.192,5.192,-0.13%
2000/5/27,5.199,5.199,5.199,5.199,-0.86%
2000/5/26,5.244,5.244,5.244,5.244,-1.48%
2000/5/25,5.323,5.323,5.323,5.323,0.53%
2000/5/24,5.295,5.295,5.295,5.295,-0.77%
2000/5/23,5.336,5.336,5.336,5.336,0.24%
2000/5/22,5.323,5.323,5.323,5.323,-1.50%
2000/5/20,5.404,5.404,5.404,5.404,-0.46%
2000/5/19,5.429,5.429,5.429,5.429,0.18%
2000/5/18,5.419,5.419,5.419,5.419,0.39%
2000/5/17,5.398,5.398,5.398,5.398,0.22%
2000/5/16,5.386,5.386,5.386,5.386,0.30%
2000/5/15,5.37,5.37,5.37,5.37,-0.59%
2000/5/13,5.402,5.402,5.402,5.402,-0.31%
2000/5/12,5.419,5.419,5.419,5.419,0.44%
2000/5/11,5.395,5.395,5.395,5.395,0.78%
2000/5/10,5.353,5.353,5.353,5.353,-0.54%
2000/5/9,5.382,5.382,5.382,5.382,-0.87%
2000/5/8,5.429,5.429,5.429,5.429,-0.31%
2000/5/6,5.446,5.446,5.446,5.446,0.18%
2000/5/5,5.436,5.436,5.436,5.436,-0.38%
2000/5/4,5.457,5.457,5.457,5.457,0.66%
2000/5/3,5.421,5.421,5.421,5.421,1.50%
2000/5/2,5.341,5.341,5.341,5.341,0.75%
2000/5/1,5.301,5.301,5.301,5.301,-0.06%
2000/4/29,5.304,5.304,5.304,5.304,0.06%
2000/4/28,5.301,5.301,5.301,5.301,0.00%
2000/4/27,5.301,5.301,5.301,5.301,0.44%
2000/4/26,5.278,5.278,5.278,5.278,-1.11%
2000/4/25,5.337,5.337,5.337,5.337,0.55%
2000/4/24,5.308,5.308,5.308,5.308,-0.30%
2000/4/21,5.324,5.324,5.324,5.324,0.83%
2000/4/20,5.28,5.28,5.28,5.28,-0.13%
2000/4/19,5.287,5.287,5.287,5.287,0.67%
2000/4/18,5.252,5.252,5.252,5.252,0.48%
2000/4/17,5.227,5.227,5.227,5.227,-0.08%
2000/4/16,5.231,5.231,5.231,5.231,-0.23%
2000/4/15,5.243,5.243,5.243,5.243,1.00%
2000/4/14,5.191,5.191,5.191,5.191,-0.15%
2000/4/13,5.199,5.199,5.199,5.199,0.21%
2000/4/12,5.188,5.188,5.188,5.188,1.33%
2000/4/11,5.12,5.12,5.12,5.12,-0.58%
2000/4/10,5.15,5.15,5.15,5.15,-0.71%
2000/4/9,5.187,5.187,5.187,5.187,-0.04%
2000/4/8,5.189,5.189,5.189,5.189,-0.23%
2000/4/7,5.201,5.201,5.201,5.201,0.39%
2000/4/6,5.181,5.181,5.181,5.181,0.41%
2000/4/5,5.16,5.16,5.16,5.16,-0.46%
2000/4/4,5.184,5.184,5.184,5.184,0.12%
2000/4/3,5.178,5.178,5.178,5.178,-0.82%
2000/4/2,5.221,5.221,5.221,5.221,0.00%
2000/4/1,5.221,5.221,5.221,5.221,-0.04%
2000/3/31,5.223,5.223,5.223,5.223,-0.76%
2000/3/30,5.263,5.263,5.263,5.263,-0.66%
2000/3/29,5.298,5.298,5.298,5.298,0.23%
2000/3/28,5.286,5.286,5.286,5.286,-0.32%
2000/3/27,5.303,5.303,5.303,5.303,0.93%
2000/3/26,5.254,5.254,5.254,5.254,0.10%
2000/3/25,5.249,5.249,5.249,5.249,0.54%
2000/3/24,5.221,5.221,5.221,5.221,-0.57%
2000/3/23,5.251,5.251,5.251,5.251,0.02%
2000/3/22,5.25,5.25,5.25,5.25,0.48%
2000/3/21,5.225,5.225,5.225,5.225,-0.51%
2000/3/20,5.252,5.252,5.252,5.252,0.27%
2000/3/18,5.238,5.238,5.238,5.238,-0.98%
2000/3/17,5.29,5.29,5.29,5.29,-0.68%
2000/3/16,5.326,5.326,5.326,5.326,0.09%
2000/3/15,5.321,5.321,5.321,5.321,-0.62%
2000/3/14,5.354,5.354,5.354,5.354,0.22%
2000/3/13,5.342,5.342,5.342,5.342,-0.43%
2000/3/11,5.365,5.365,5.365,5.365,0.34%
2000/3/10,5.347,5.347,5.347,5.347,-0.59%
2000/3/9,5.379,5.379,5.379,5.379,-1.23%
2000/3/8,5.446,5.446,5.446,5.446,0.54%
2000/3/7,5.417,5.417,5.417,5.417,-0.51%
2000/3/6,5.445,5.445,5.445,5.445,-0.29%
2000/3/4,5.461,5.461,5.461,5.461,-0.18%
2000/3/3,5.471,5.471,5.471,5.471,-0.85%
2000/3/2,5.518,5.518,5.518,5.518,0.49%
2000/3/1,5.491,5.491,5.491,5.491,0.00%
2000/2/29,5.491,5.491,5.491,5.491,-0.05%
2000/2/28,5.494,5.494,5.494,5.494,0.05%
2000/2/26,5.491,5.491,5.491,5.491,1.20%
2000/2/25,5.426,5.426,5.426,5.426,-0.79%
2000/2/24,5.469,5.469,5.469,5.469,0.35%
2000/2/23,5.45,5.45,5.45,5.45,0.44%
2000/2/22,5.426,5.426,5.426,5.426,-1.86%
2000/2/21,5.529,5.529,5.529,5.529,-0.70%
2000/2/19,5.568,5.568,5.568,5.568,0.00%
2000/2/18,5.568,5.568,5.568,5.568,0.20%
2000/2/17,5.557,5.557,5.557,5.557,-0.94%
2000/2/16,5.61,5.61,5.61,5.61,0.86%
2000/2/15,5.562,5.562,5.562,5.562,0.62%
2000/2/14,5.528,5.528,5.528,5.528,-1.20%
2000/2/12,5.595,5.595,5.595,5.595,0.07%
2000/2/11,5.591,5.591,5.591,5.591,1.03%
2000/2/10,5.534,5.534,5.534,5.534,0.93%
2000/2/9,5.483,5.483,5.483,5.483,-0.04%
2000/2/8,5.485,5.485,5.485,5.485,-0.76%
2000/2/7,5.527,5.527,5.527,5.527,0.36%
2000/2/5,5.507,5.507,5.507,5.507,0.51%
2000/2/4,5.479,5.479,5.479,5.479,0.81%
2000/2/3,5.435,5.435,5.435,5.435,-0.66%
2000/2/2,5.471,5.471,5.471,5.471,0.27%
2000/2/1,5.456,5.456,5.456,5.456,-1.50%
2000/1/31,5.539,5.539,5.539,5.539,-0.97%
2000/1/28,5.593,5.593,5.593,5.593,-0.73%
2000/1/27,5.634,5.634,5.634,5.634,2.29%
2000/1/26,5.508,5.508,5.508,5.508,-0.25%
2000/1/25,5.522,5.522,5.522,5.522,-1.09%
2000/1/24,5.583,5.583,5.583,5.583,-0.11%
2000/1/23,5.589,5.589,5.589,5.589,0.22%
2000/1/22,5.577,5.577,5.577,5.577,-0.09%
2000/1/21,5.582,5.582,5.582,5.582,-0.29%
2000/1/20,5.598,5.598,5.598,5.598,-1.29%
2000/1/19,5.671,5.671,5.671,5.671,1.50%
2000/1/18,5.587,5.587,5.587,5.587,0.29%
2000/1/17,5.571,5.571,5.571,5.571,0.05%
2000/1/15,5.568,5.568,5.568,5.568,0.07%
2000/1/14,5.564,5.564,5.564,5.564,0.18%
2000/1/13,5.554,5.554,5.554,5.554,-0.16%
2000/1/12,5.563,5.563,5.563,5.563,1.64%
2000/1/11,5.473,5.473,5.473,5.473,0.68%
2000/1/10,5.436,5.436,5.436,5.436,-0.07%
2000/1/9,5.44,5.44,5.44,5.44,0.09%
2000/1/8,5.435,5.435,5.435,5.435,-1.13%
2000/1/7,5.497,5.497,5.497,5.497,-0.92%
2000/1/6,5.548,5.548,5.548,5.548,1.11%
2000/1/5,5.487,5.487,5.487,5.487,-0.33%
2000/1/4,5.505,5.505,5.505,5.505,0.68%
2000/1/3,5.468,5.468,5.468,5.468,2.42%
2000/1/1,5.339,5.339,5.339,5.339,-0.22%
1999/12/31,5.351,5.351,5.351,5.351,0.39%
1999/12/30,5.33,5.33,5.33,5.33,1.02%
1999/12/29,5.276,5.276,5.276,5.276,-0.32%
1999/12/28,5.293,5.293,5.293,5.293,0.42%
1999/12/27,5.271,5.271,5.271,5.271,0.42%
1999/12/26,5.249,5.249,5.249,5.249,0.15%
1999/12/24,5.241,5.241,5.241,5.241,-0.10%
1999/12/23,5.246,5.246,5.246,5.246,-0.21%
1999/12/22,5.257,5.257,5.257,5.257,0.79%
1999/12/21,5.216,5.216,5.216,5.216,-0.51%
1999/12/20,5.243,5.243,5.243,5.243,-0.32%
1999/12/19,5.26,5.26,5.26,5.26,0.21%
1999/12/18,5.249,5.249,5.249,5.249,0.88%
1999/12/17,5.203,5.203,5.203,5.203,1.19%
1999/12/16,5.142,5.142,5.142,5.142,1.50%
1999/12/15,5.066,5.066,5.066,5.066,-0.08%
1999/12/14,5.07,5.07,5.07,5.07,1.10%
1999/12/13,5.015,5.015,5.015,5.015,1.35%
1999/12/12,4.948,4.948,4.948,4.948,-0.46%
1999/12/11,4.971,4.971,4.971,4.971,0.04%
1999/12/10,4.969,4.969,4.969,4.969,-1.39%
1999/12/9,5.039,5.039,5.039,5.039,0.16%
1999/12/8,5.031,5.031,5.031,5.031,0.06%
1999/12/7,5.028,5.028,5.028,5.028,-0.98%
1999/12/6,5.078,5.078,5.078,5.078,-1.19%
1999/12/4,5.139,5.139,5.139,5.139,-0.48%
1999/12/3,5.164,5.164,5.164,5.164,-0.39%
1999/12/2,5.184,5.184,5.184,5.184,1.39%
1999/12/1,5.113,5.113,5.113,5.113,-1.48%
1999/11/30,5.19,5.19,5.19,5.19,-0.10%
1999/11/29,5.195,5.195,5.195,5.195,-0.15%
1999/11/28,5.203,5.203,5.203,5.203,-0.08%
1999/11/27,5.207,5.207,5.207,5.207,-0.15%
1999/11/26,5.215,5.215,5.215,5.215,1.03%
1999/11/25,5.162,5.162,5.162,5.162,0.19%
1999/11/24,5.152,5.152,5.152,5.152,1.00%
1999/11/23,5.101,5.101,5.101,5.101,0.08%
1999/11/22,5.097,5.097,5.097,5.097,0.87%
1999/11/20,5.053,5.053,5.053,5.053,0.54%
1999/11/19,5.026,5.026,5.026,5.026,-0.51%
1999/11/18,5.052,5.052,5.052,5.052,1.77%
1999/11/17,4.964,4.964,4.964,4.964,1.87%
1999/11/16,4.873,4.873,4.873,4.873,-0.51%
1999/11/15,4.898,4.898,4.898,4.898,0.35%
1999/11/14,4.881,4.881,4.881,4.881,0.45%
1999/11/13,4.859,4.859,4.859,4.859,-1.08%
1999/11/12,4.912,4.912,4.912,4.912,-1.21%
1999/11/11,4.972,4.972,4.972,4.972,0.12%
1999/11/10,4.966,4.966,4.966,4.966,0.91%
1999/11/9,4.921,4.921,4.921,4.921,-1.34%
1999/11/8,4.988,4.988,4.988,4.988,0.40%
1999/11/6,4.968,4.968,4.968,4.968,0.26%
1999/11/5,4.955,4.955,4.955,4.955,-2.90%
1999/11/4,5.103,5.103,5.103,5.103,-0.49%
1999/11/3,5.128,5.128,5.128,5.128,1.06%
1999/11/2,5.074,5.074,5.074,5.074,-1.53%
1999/11/1,5.153,5.153,5.153,5.153,0.98%
1999/10/31,5.103,5.103,5.103,5.103,-0.20%
1999/10/30,5.113,5.113,5.113,5.113,-1.84%
1999/10/29,5.209,5.209,5.209,5.209,-0.33%
1999/10/28,5.226,5.226,5.226,5.226,-3.79%
1999/10/27,5.432,5.432,5.432,5.432,0.00%
1999/10/26,5.432,5.432,5.432,5.432,0.00%
1999/10/25,5.432,5.432,5.432,5.432,0.52%
1999/10/24,5.404,5.404,5.404,5.404,-0.13%
1999/10/23,5.411,5.411,5.411,5.411,-0.15%
1999/10/22,5.419,5.419,5.419,5.419,0.18%
1999/10/21,5.409,5.409,5.409,5.409,-0.57%
1999/10/20,5.44,5.44,5.44,5.44,0.97%
1999/10/19,5.388,5.388,5.388,5.388,0.17%
1999/10/18,5.379,5.379,5.379,5.379,-0.30%
1999/10/17,5.395,5.395,5.395,5.395,-0.28%
1999/10/16,5.41,5.41,5.41,5.41,-0.93%
1999/10/15,5.461,5.461,5.461,5.461,0.37%
1999/10/14,5.441,5.441,5.441,5.441,2.43%
1999/10/13,5.312,5.312,5.312,5.312,0.99%
1999/10/12,5.26,5.26,5.26,5.26,0.44%
1999/10/11,5.237,5.237,5.237,5.237,0.17%
1999/10/10,5.228,5.228,5.228,5.228,0.00%
1999/10/9,5.228,5.228,5.228,5.228,0.46%
1999/10/8,5.204,5.204,5.204,5.204,-0.02%
1999/10/7,5.205,5.205,5.205,5.205,0.44%
1999/10/6,5.182,5.182,5.182,5.182,0.02%
1999/10/5,5.181,5.181,5.181,5.181,-0.02%
1999/10/4,5.182,5.182,5.182,5.182,0.47%
1999/10/1,5.158,5.158,5.158,5.158,0.57%
1999/9/30,5.129,5.129,5.129,5.129,0.47%
1999/9/29,5.105,5.105,5.105,5.105,1.21%
1999/9/28,5.044,5.044,5.044,5.044,0.72%
1999/9/27,5.008,5.008,5.008,5.008,0.04%
1999/9/26,5.006,5.006,5.006,5.006,0.44%
1999/9/25,4.984,4.984,4.984,4.984,-0.26%
1999/9/24,4.997,4.997,4.997,4.997,-2.00%
1999/9/23,5.099,5.099,5.099,5.099,0.53%
1999/9/22,5.072,5.072,5.072,5.072,-0.76%
1999/9/21,5.111,5.111,5.111,5.111,1.47%
1999/9/20,5.037,5.037,5.037,5.037,-0.36%
1999/9/19,5.055,5.055,5.055,5.055,0.00%
1999/9/18,5.055,5.055,5.055,5.055,0.44%
1999/9/17,5.033,5.033,5.033,5.033,-2.02%
1999/9/16,5.137,5.137,5.137,5.137,-0.45%
1999/9/15,5.16,5.16,5.16,5.16,0.19%
1999/9/14,5.15,5.15,5.15,5.15,1.30%
1999/9/13,5.084,5.084,5.084,5.084,0.79%
1999/9/12,5.044,5.044,5.044,5.044,0.00%
1999/9/11,5.044,5.044,5.044,5.044,-0.34%
1999/9/10,5.061,5.061,5.061,5.061,0.10%
1999/9/9,5.056,5.056,5.056,5.056,1.46%
1999/9/8,4.983,4.983,4.983,4.983,0.46%
1999/9/7,4.96,4.96,4.96,4.96,0.59%
1999/9/6,4.931,4.931,4.931,4.931,-0.04%
1999/9/4,4.933,4.933,4.933,4.933,-1.28%
1999/9/3,4.997,4.997,4.997,4.997,-0.72%
1999/9/2,5.033,5.033,5.033,5.033,1.92%
1999/9/1,4.938,4.938,4.938,4.938,0.69%
1999/8/31,4.904,4.904,4.904,4.904,0.78%
1999/8/30,4.866,4.866,4.866,4.866,1.35%
1999/8/29,4.801,4.801,4.801,4.801,0.15%
1999/8/28,4.794,4.794,4.794,4.794,0.02%
1999/8/27,4.793,4.793,4.793,4.793,1.81%
1999/8/26,4.708,4.708,4.708,4.708,-0.91%
1999/8/25,4.751,4.751,4.751,4.751,-1.27%
1999/8/24,4.812,4.812,4.812,4.812,0.61%
1999/8/23,4.783,4.783,4.783,4.783,-0.66%
1999/8/21,4.815,4.815,4.815,4.815,-0.43%
1999/8/20,4.836,4.836,4.836,4.836,-0.19%
1999/8/19,4.845,4.845,4.845,4.845,-0.04%
1999/8/18,4.847,4.847,4.847,4.847,-1.70%
1999/8/17,4.931,4.931,4.931,4.931,0.37%
1999/8/16,4.913,4.913,4.913,4.913,0.74%
1999/8/15,4.877,4.877,4.877,4.877,0.00%
1999/8/14,4.877,4.877,4.877,4.877,-0.04%
1999/8/13,4.879,4.879,4.879,4.879,-0.37%
1999/8/12,4.897,4.897,4.897,4.897,-1.55%
1999/8/11,4.974,4.974,4.974,4.974,-1.47%
1999/8/10,5.048,5.048,5.048,5.048,0.00%
1999/8/9,5.048,5.048,5.048,5.048,-0.14%
1999/8/8,5.055,5.055,5.055,5.055,0.10%
1999/8/7,5.05,5.05,5.05,5.05,0.16%
1999/8/6,5.042,5.042,5.042,5.042,1.33%
1999/8/5,4.976,4.976,4.976,4.976,1.22%
1999/8/4,4.916,4.916,4.916,4.916,-0.53%
1999/8/3,4.942,4.942,4.942,4.942,1.29%
1999/8/2,4.879,4.879,4.879,4.879,1.12%
1999/7/31,4.825,4.825,4.825,4.825,1.15%
1999/7/30,4.77,4.77,4.77,4.77,0.42%
1999/7/29,4.75,4.75,4.75,4.75,1.19%
1999/7/28,4.694,4.694,4.694,4.694,0.17%
1999/7/27,4.686,4.686,4.686,4.686,0.02%
1999/7/26,4.685,4.685,4.685,4.685,0.02%
1999/7/25,4.684,4.684,4.684,4.684,0.19%
1999/7/24,4.675,4.675,4.675,4.675,-0.11%
1999/7/23,4.68,4.68,4.68,4.68,1.21%
1999/7/22,4.624,4.624,4.624,4.624,0.20%
1999/7/21,4.615,4.615,4.615,4.615,-2.88%
1999/7/20,4.752,4.752,4.752,4.752,-0.90%
1999/7/19,4.795,4.795,4.795,4.795,0.97%
1999/7/17,4.749,4.749,4.749,4.749,-0.04%
1999/7/16,4.751,4.751,4.751,4.751,2.26%
1999/7/15,4.646,4.646,4.646,4.646,-0.49%
1999/7/14,4.669,4.669,4.669,4.669,1.24%
1999/7/13,4.612,4.612,4.612,4.612,-2.04%
1999/7/12,4.708,4.708,4.708,4.708,-0.23%
1999/7/11,4.719,4.719,4.719,4.719,0.00%
1999/7/10,4.719,4.719,4.719,4.719,0.40%
1999/7/9,4.7,4.7,4.7,4.7,-0.44%
1999/7/8,4.721,4.721,4.721,4.721,0.30%
1999/7/7,4.707,4.707,4.707,4.707,0.60%
1999/7/6,4.679,4.679,4.679,4.679,1.63%
1999/7/5,4.604,4.604,4.604,4.604,0.44%
1999/7/4,4.584,4.584,4.584,4.584,0.00%
1999/7/3,4.584,4.584,4.584,4.584,-0.63%
1999/7/2,4.613,4.613,4.613,4.613,2.69%
1999/7/1,4.492,4.492,4.492,4.492,0.27%
1999/6/30,4.48,4.48,4.48,4.48,-1.75%
1999/6/29,4.56,4.56,4.56,4.56,0.29%
1999/6/28,4.547,4.547,4.547,4.547,0.42%
1999/6/27,4.528,4.528,4.528,4.528,0.00%
1999/6/26,4.528,4.528,4.528,4.528,-1.86%
1999/6/25,4.614,4.614,4.614,4.614,1.12%
1999/6/24,4.563,4.563,4.563,4.563,2.54%
1999/6/23,4.45,4.45,4.45,4.45,1.57%
1999/6/22,4.381,4.381,4.381,4.381,4.06%
1999/6/21,4.21,4.21,4.21,4.21,0.10%
1999/6/18,4.206,4.206,4.206,4.206,-1.68%
1999/6/17,4.278,4.278,4.278,4.278,-0.40%
1999/6/16,4.295,4.295,4.295,4.295,0.12%
1999/6/15,4.29,4.29,4.29,4.29,-1.49%
1999/6/14,4.355,4.355,4.355,4.355,0.28%
1999/6/13,4.343,4.343,4.343,4.343,-1.45%
1999/6/11,4.407,4.407,4.407,4.407,2.80%
1999/6/10,4.287,4.287,4.287,4.287,0.63%
1999/6/9,4.26,4.26,4.26,4.26,0.64%
1999/6/8,4.233,4.233,4.233,4.233,-1.58%
1999/6/7,4.301,4.301,4.301,4.301,0.75%
1999/6/5,4.269,4.269,4.269,4.269,-0.05%
1999/6/4,4.271,4.271,4.271,4.271,0.35%
1999/6/3,4.256,4.256,4.256,4.256,-0.07%
1999/6/2,4.259,4.259,4.259,4.259,1.12%
1999/6/1,4.212,4.212,4.212,4.212,2.01%
1999/5/31,4.129,4.129,4.129,4.129,0.66%
1999/5/29,4.102,4.102,4.102,4.102,0.32%
1999/5/28,4.089,4.089,4.089,4.089,0.25%
1999/5/27,4.079,4.079,4.079,4.079,1.54%
1999/5/26,4.017,4.017,4.017,4.017,-0.07%
1999/5/25,4.02,4.02,4.02,4.02,-0.32%
1999/5/24,4.033,4.033,4.033,4.033,0.12%
1999/5/22,4.028,4.028,4.028,4.028,-0.71%
1999/5/21,4.057,4.057,4.057,4.057,-0.61%
1999/5/20,4.082,4.082,4.082,4.082,-0.87%
1999/5/19,4.118,4.118,4.118,4.118,-0.31%
1999/5/18,4.131,4.131,4.131,4.131,-0.43%
1999/5/17,4.149,4.149,4.149,4.149,0.05%
1999/5/16,4.147,4.147,4.147,4.147,-0.05%
1999/5/15,4.149,4.149,4.149,4.149,0.00%
1999/5/14,4.149,4.149,4.149,4.149,3.11%
1999/5/13,4.024,4.024,4.024,4.024,-1.32%
1999/5/12,4.078,4.078,4.078,4.078,0.94%
1999/5/11,4.04,4.04,4.04,4.04,0.32%
1999/5/10,4.027,4.027,4.027,4.027,0.85%
1999/5/9,3.993,3.993,3.993,3.993,0.05%
1999/5/8,3.991,3.991,3.991,3.991,-0.70%
1999/5/7,4.019,4.019,4.019,4.019,2.13%
1999/5/6,3.935,3.935,3.935,3.935,-0.53%
1999/5/5,3.956,3.956,3.956,3.956,1.88%
1999/5/4,3.883,3.883,3.883,3.883,-0.59%
1999/5/3,3.906,3.906,3.906,3.906,0.83%
1999/5/1,3.874,3.874,3.874,3.874,1.04%
1999/4/30,3.834,3.834,3.834,3.834,-0.05%
1999/4/29,3.836,3.836,3.836,3.836,-0.93%
1999/4/28,3.872,3.872,3.872,3.872,0.34%
1999/4/27,3.859,3.859,3.859,3.859,-0.52%
1999/4/26,3.879,3.879,3.879,3.879,0.75%
1999/4/24,3.85,3.85,3.85,3.85,-0.10%
1999/4/23,3.854,3.854,3.854,3.854,0.84%
1999/4/22,3.822,3.822,3.822,3.822,-0.31%
1999/4/21,3.834,3.834,3.834,3.834,-0.29%
1999/4/20,3.845,3.845,3.845,3.845,-1.46%
1999/4/19,3.902,3.902,3.902,3.902,0.91%
1999/4/18,3.867,3.867,3.867,3.867,0.03%
1999/4/17,3.866,3.866,3.866,3.866,-0.18%
1999/4/16,3.873,3.873,3.873,3.873,1.63%
1999/4/15,3.811,3.811,3.811,3.811,-0.55%
1999/4/14,3.832,3.832,3.832,3.832,0.63%
1999/4/13,3.808,3.808,3.808,3.808,0.16%
1999/4/12,3.802,3.802,3.802,3.802,-1.02%
1999/4/11,3.841,3.841,3.841,3.841,-0.03%
1999/4/10,3.842,3.842,3.842,3.842,-0.05%
1999/4/9,3.844,3.844,3.844,3.844,-1.59%
1999/4/8,3.906,3.906,3.906,3.906,0.23%
1999/4/7,3.897,3.897,3.897,3.897,-1.29%
1999/4/6,3.948,3.948,3.948,3.948,-2.49%
1999/4/5,4.049,4.049,4.049,4.049,0.77%
1999/4/2,4.018,4.018,4.018,4.018,0.63%
1999/4/1,3.993,3.993,3.993,3.993,-0.03%
1999/3/31,3.994,3.994,3.994,3.994,-1.26%
1999/3/30,4.045,4.045,4.045,4.045,-0.39%
1999/3/29,4.061,4.061,4.061,4.061,0.72%
1999/3/28,4.032,4.032,4.032,4.032,0.00%
1999/3/27,4.032,4.032,4.032,4.032,-0.20%
1999/3/26,4.04,4.04,4.04,4.04,1.81%
1999/3/25,3.968,3.968,3.968,3.968,-0.68%
1999/3/24,3.995,3.995,3.995,3.995,-0.03%
1999/3/23,3.996,3.996,3.996,3.996,0.71%
1999/3/22,3.968,3.968,3.968,3.968,1.33%
1999/3/21,3.916,3.916,3.916,3.916,0.26%
1999/3/20,3.906,3.906,3.906,3.906,-0.23%
1999/3/19,3.915,3.915,3.915,3.915,-0.15%
1999/3/18,3.921,3.921,3.921,3.921,-0.38%
1999/3/17,3.936,3.936,3.936,3.936,-1.80%
1999/3/16,4.008,4.008,4.008,4.008,0.05%
1999/3/15,4.006,4.006,4.006,4.006,-0.77%
1999/3/14,4.037,4.037,4.037,4.037,0.52%
1999/3/13,4.016,4.016,4.016,4.016,-0.17%
1999/3/12,4.023,4.023,4.023,4.023,-1.37%
1999/3/11,4.079,4.079,4.079,4.079,0.32%
1999/3/10,4.066,4.066,4.066,4.066,-0.78%
1999/3/9,4.098,4.098,4.098,4.098,1.49%
1999/3/8,4.038,4.038,4.038,4.038,0.77%
1999/3/7,4.007,4.007,4.007,4.007,0.00%
1999/3/6,4.007,4.007,4.007,4.007,-3.52%
1999/3/5,4.153,4.153,4.153,4.153,-0.31%
1999/3/4,4.166,4.166,4.166,4.166,1.54%
1999/3/3,4.103,4.103,4.103,4.103,0.47%
1999/3/2,4.084,4.084,4.084,4.084,-0.17%
1999/3/1,4.091,4.091,4.091,4.091,2.25%
1999/2/28,4.001,4.001,4.001,4.001,-0.20%
1999/2/27,4.009,4.009,4.009,4.009,0.30%
1999/2/26,3.997,3.997,3.997,3.997,2.28%
1999/2/25,3.908,3.908,3.908,3.908,1.19%
1999/2/24,3.862,3.862,3.862,3.862,0.31%
1999/2/23,3.85,3.85,3.85,3.85,-0.75%
1999/2/22,3.879,3.879,3.879,3.879,-0.51%
1999/2/20,3.899,3.899,3.899,3.899,-0.08%
1999/2/19,3.902,3.902,3.902,3.902,0.46%
1999/2/18,3.884,3.884,3.884,3.884,-0.23%
1999/2/17,3.893,3.893,3.893,3.893,0.34%
1999/2/16,3.88,3.88,3.88,3.88,-1.17%
1999/2/15,3.926,3.926,3.926,3.926,1.58%
1999/2/13,3.865,3.865,3.865,3.865,0.62%
1999/2/12,3.841,3.841,3.841,3.841,0.95%
1999/2/11,3.805,3.805,3.805,3.805,0.40%
1999/2/10,3.79,3.79,3.79,3.79,0.08%
1999/2/9,3.787,3.787,3.787,3.787,-1.76%
1999/2/8,3.855,3.855,3.855,3.855,1.96%
1999/2/6,3.781,3.781,3.781,3.781,0.13%
1999/2/5,3.776,3.776,3.776,3.776,-1.20%
1999/2/4,3.822,3.822,3.822,3.822,1.92%
1999/2/3,3.75,3.75,3.75,3.75,1.08%
1999/2/2,3.71,3.71,3.71,3.71,0.46%
1999/2/1,3.693,3.693,3.693,3.693,1.60%
1999/1/31,3.635,3.635,3.635,3.635,0.00%
1999/1/30,3.635,3.635,3.635,3.635,-0.05%
1999/1/29,3.637,3.637,3.637,3.637,-0.22%
1999/1/28,3.645,3.645,3.645,3.645,-0.46%
1999/1/27,3.662,3.662,3.662,3.662,0.91%
1999/1/25,3.629,3.629,3.629,3.629,-0.52%
1999/1/22,3.648,3.648,3.648,3.648,-0.68%
1999/1/21,3.673,3.673,3.673,3.673,-0.14%
1999/1/20,3.678,3.678,3.678,3.678,0.57%
1999/1/19,3.657,3.657,3.657,3.657,-0.16%
1999/1/18,3.663,3.663,3.663,3.663,-0.87%
1999/1/17,3.695,3.695,3.695,3.695,0.33%
1999/1/16,3.683,3.683,3.683,3.683,0.16%
1999/1/15,3.677,3.677,3.677,3.677,-0.94%
1999/1/14,3.712,3.712,3.712,3.712,1.09%
1999/1/13,3.672,3.672,3.672,3.672,-3.50%
1999/1/12,3.805,3.805,3.805,3.805,2.18%
1999/1/11,3.724,3.724,3.724,3.724,0.27%
1999/1/8,3.714,3.714,3.714,3.714,0.08%
1999/1/7,3.711,3.711,3.711,3.711,-1.51%
1999/1/6,3.768,3.768,3.768,3.768,-0.61%
1999/1/5,3.791,3.791,3.791,3.791,1.15%
1999/1/4,3.748,3.748,3.748,3.748,-2.98%
1999/1/3,3.863,3.863,3.863,3.863,0.00%
1999/1/2,3.863,3.863,3.863,3.863,0.00%
