"日付","終値","始値","高値","安値","変化率 %"
"2026-08-14","4.042","3.968","4.045","3.958","2.45%"
"2026-08-13","3.945","3.979","3.985","3.923","-0.81%"
"2026-08-12","3.977","3.985","3.986","3.938","0.00%"
"2026-08-11","3.978","3.919","4.021","3.906","-0.18%"
"2026-08-10","3.985","3.919","3.986","3.906","1.82%"
"2026-08-07","3.914","3.932","3.945","3.902","-0.17%"
"2026-08-06","3.921","3.908","3.921","3.899","0.63%"
"2026-08-05","3.896","3.865","3.909","3.860","0.34%"
"2026-08-04","3.883","3.934","3.955","3.879","-1.25%"
"2026-08-03","3.932","3.940","3.944","3.912","-1.72%"
"2026-07-31","4.001","3.927","4.002","3.925","1.31%"
"2026-07-30","3.949","3.994","3.995","3.947","-0.16%"
"2026-07-29","3.955","3.909","3.956","3.897","1.71%"
"2026-07-28","3.889","3.899","3.922","3.882","-0.84%"
"2026-07-27","3.922","3.922","3.928","3.905","-1.25%"
"2026-07-24","3.971","4.006","4.009","3.967","-1.32%"
"2026-07-23","4.024","3.983","4.037","3.978","1.34%"
"2026-07-22","3.971","3.979","4.001","3.964","0.13%"
"2026-07-21","3.966","3.944","3.989","3.931","0.41%"
"2026-07-20","3.950","3.961","3.963","3.907","0.56%"
"2026-07-17","3.928","3.920","3.940","3.914","0.00%"
"2026-07-16","3.928","3.918","3.967","3.915","0.65%"
"2026-07-15","3.902","3.904","3.937","3.894","0.50%"
"2026-07-14","3.883","3.923","3.931","3.869","-0.06%"
"2026-07-13","3.885","3.861","3.886","3.841","1.48%"
"2026-07-10","3.829","3.835","3.853","3.826","-0.73%"
"2026-07-09","3.857","3.890","3.902","3.855","-1.57%"
"2026-07-08","3.918","3.843","3.923","3.842","3.44%"
"2026-07-07","3.788","3.765","3.789","3.748","1.44%"
"2026-07-06","3.734","3.719","3.736","3.705","0.21%"
"2026-07-03","3.726","3.711","3.734","3.711","0.59%"
"2026-07-02","3.705","3.705","3.739","3.699","0.65%"
"2026-07-01","3.681","3.691","3.717","3.676","0.78%"
"2026-06-30","3.652","3.628","3.661","3.609","0.28%"
"2026-06-29","3.642","3.644","3.653","3.630","0.32%"
"2026-06-26","3.630","3.625","3.651","3.611","0.03%"
"2026-06-25","3.629","3.628","3.639","3.614","0.00%"
"2026-06-24","3.629","3.676","3.676","3.617","-1.47%"
"2026-06-23","3.683","3.689","3.699","3.664","-0.69%"
"2026-06-22","3.709","3.717","3.732","3.698","-0.83%"
"2026-06-19","3.740","3.717","3.743","3.703","1.88%"
"2026-06-18","3.671","3.671","3.699","3.664","0.16%"
"2026-06-17","3.665","3.651","3.676","3.646","-0.21%"
"2026-06-16","3.673","3.699","3.701","3.653","-0.68%"
"2026-06-15","3.698","3.700","3.706","3.684","1.71%"
"2026-06-12","3.636","3.625","3.666","3.601","-1.47%"
"2026-06-11","3.691","3.743","3.743","3.672","-1.08%"
"2026-06-10","3.731","3.710","3.747","3.697","0.65%"
"2026-06-09","3.707","3.717","3.723","3.682","-0.39%"
"2026-06-08","3.721","3.728","3.739","3.687","0.71%"
"2026-06-05","3.695","3.670","3.697","3.655","0.69%"
"2026-06-04","3.669","3.664","3.688","3.645","-0.13%"
"2026-06-03","3.674","3.625","3.678","3.621","2.35%"
"2026-06-02","3.590","3.576","3.596","3.560","-1.02%"
"2026-06-01","3.627","3.582","3.650","3.579","2.07%"
"2026-05-29","3.553","3.573","3.586","3.529","-1.02%"
"2026-05-28","3.590","3.614","3.615","3.590","-2.27%"
"2026-05-27","3.673","3.644","3.677","3.625","0.15%"
"2026-05-26","3.668","3.650","3.675","3.637","1.01%"
"2026-05-25","3.631","3.673","3.676","3.613","-4.68%"
"2026-05-22","3.809","3.837","3.849","3.795","-1.96%"
"2026-05-21","3.885","3.876","3.909","3.848","0.60%"
"2026-05-20","3.862","3.950","3.961","3.838","-2.92%"
"2026-05-19","3.978","3.929","3.992","3.919","1.00%"
"2026-05-18","3.939","3.990","3.994","3.902","-0.68%"
"2026-05-15","3.966","3.889","3.967","3.865","3.93%"
"2026-05-14","3.816","3.860","3.866","3.814","2.27%"
"2026-05-13","3.731","3.731","3.755","3.720","0.00%"
"2026-05-12","3.731","3.714","3.744","3.709","1.83%"
"2026-05-11","3.664","3.660","3.670","3.635","1.06%"
"2026-05-08","3.626","3.634","3.651","3.608","0.23%"
"2026-05-07","3.617","3.614","3.629","3.577","-0.19%"
"2026-05-06","3.624","3.678","3.683","3.580","-2.38%"
"2026-05-05","3.713","3.748","3.754","3.710","-1.13%"
"2026-05-04","3.755","3.694","3.759","3.689","1.67%"
"2026-05-01","3.693","3.696","3.696","3.691","-0.11%"
"2026-04-30","3.697","3.800","3.800","3.678","-1.86%"
"2026-04-29","3.767","3.715","3.773","3.710","1.01%"
"2026-04-28","3.730","3.709","3.753","3.708","1.13%"
"2026-04-27","3.688","3.660","3.699","3.651","1.18%"
"2026-04-24","3.646","3.703","3.707","3.645","-0.57%"
"2026-04-23","3.667","3.694","3.705","3.648","0.25%"
"2026-04-22","3.657","3.639","3.660","3.626","0.00%"
"2026-04-21","3.657","3.598","3.661","3.584","1.24%"
"2026-04-20","3.612","3.632","3.642","3.596","1.00%"
"2026-04-17","3.576","3.696","3.700","3.557","-2.70%"
"2026-04-16","3.676","3.655","3.689","3.634","-0.15%"
"2026-04-15","3.681","3.638","3.694","3.625","0.66%"
"2026-04-14","3.657","3.701","3.722","3.657","-2.30%"
"2026-04-13","3.743","3.728","3.760","3.694","1.07%"
"2026-04-10","3.703","3.645","3.704","3.637","2.18%"
"2026-04-09","3.624","3.612","3.690","3.612","1.44%"
"2026-04-08","3.573","3.525","3.586","3.517","-5.56%"
"2026-04-07","3.783","3.721","3.806","3.677","2.80%"
"2026-04-06","3.680","3.682","3.683","3.680","-0.11%"
"2026-04-03","3.684","3.682","3.685","3.682","0.16%"
"2026-04-02","3.678","3.745","3.767","3.676","-0.05%"
"2026-04-01","3.680","3.632","3.703","3.608","-1.10%"
"2026-03-31","3.721","3.746","3.785","3.712","-1.05%"
"2026-03-30","3.760","3.822","3.838","3.753","-2.03%"
"2026-03-27","3.838","3.815","3.889","3.812","1.12%"
"2026-03-26","3.796","3.713","3.803","3.710","4.09%"
"2026-03-25","3.647","3.715","3.717","3.639","-2.40%"
"2026-03-24","3.736","3.718","3.788","3.688","0.64%"
"2026-03-23","3.713","3.808","3.873","3.617","-1.10%"
"2026-03-20","3.754","3.630","3.756","3.608","3.03%"
"2026-03-19","3.644","3.648","3.710","3.623","0.94%"
"2026-03-18","3.610","3.539","3.623","3.515","1.41%"
"2026-03-17","3.559","3.617","3.617","3.554","-1.55%"
"2026-03-16","3.616","3.667","3.673","3.578","-1.47%"
"2026-03-13","3.670","3.665","3.674","3.614","1.65%"
"2026-03-12","3.610","3.602","3.617","3.565","1.31%"
"2026-03-11","3.563","3.425","3.574","3.409","2.76%"
"2026-03-10","3.468","3.425","3.489","3.412","-1.11%"
"2026-03-09","3.507","3.600","3.636","3.506","-0.19%"
"2026-03-06","3.514","3.456","3.558","3.454","1.28%"
"2026-03-05","3.469","3.400","3.480","3.374","3.62%"
"2026-03-04","3.348","3.411","3.420","3.347","-1.05%"
"2026-03-03","3.383","3.343","3.434","3.341","2.58%"
"2026-03-02","3.298","3.232","3.306","3.232","2.48%"
"2026-02-27","3.218","3.241","3.260","3.217","-0.95%"
"2026-02-26","3.249","3.256","3.266","3.243","-0.27%"
"2026-02-25","3.258","3.271","3.276","3.258","-0.38%"
"2026-02-24","3.270","3.274","3.280","3.263","-0.27%"
"2026-02-23","3.280","3.294","3.308","3.277","-0.68%"
"2026-02-20","3.302","3.310","3.315","3.300","-0.45%"
"2026-02-19","3.317","3.329","3.335","3.316","0.06%"
"2026-02-18","3.315","3.322","3.331","3.310","-0.11%"
"2026-02-17","3.318","3.326","3.329","3.312","-0.83%"
"2026-02-16","3.346","3.337","3.352","3.325","0.04%"
"2026-02-13","3.345","3.352","3.366","3.336","-0.62%"
"2026-02-12","3.366","3.386","3.391","3.357","-0.45%"
"2026-02-11","3.381","3.399","3.413","3.380","-0.69%"
"2026-02-10","3.405","3.431","3.438","3.397","-1.15%"
"2026-02-09","3.444","3.446","3.464","3.439","-0.09%"
"2026-02-06","3.447","3.433","3.448","3.428","0.08%"
"2026-02-05","3.444","3.459","3.476","3.444","-0.15%"
"2026-02-04","3.450","3.461","3.463","3.442","-0.40%"
"2026-02-03","3.464","3.461","3.480","3.440","0.40%"
"2026-02-02","3.450","3.434","3.460","3.425","0.71%"
"2026-01-30","3.425","3.417","3.443","3.415","0.25%"
"2026-01-29","3.417","3.428","3.432","3.409","-0.28%"
"2026-01-28","3.426","3.415","3.431","3.411","-0.43%"
"2026-01-27","3.441","3.449","3.461","3.429","0.07%"
"2026-01-26","3.438","3.474","3.480","3.424","-1.52%"
"2026-01-23","3.491","3.508","3.517","3.469","-0.55%"
"2026-01-22","3.511","3.534","3.534","3.498","-0.91%"
"2026-01-21","3.543","3.503","3.550","3.493","0.48%"
"2026-01-20","3.526","3.528","3.567","3.518","0.81%"
"2026-01-19","3.498","3.501","3.523","3.484","-0.57%"
"2026-01-16","3.517","3.501","3.530","3.496","0.73%"
"2026-01-15","3.492","3.499","3.509","3.483","0.07%"
"2026-01-14","3.490","3.520","3.530","3.489","-0.96%"
"2026-01-13","3.523","3.525","3.543","3.518","0.56%"
"2026-01-12","3.504","3.543","3.545","3.500","-0.61%"
"2026-01-09","3.525","3.536","3.540","3.514","-0.17%"
"2026-01-08","3.531","3.523","3.556","3.518","0.31%"
"2026-01-07","3.521","3.539","3.539","3.502","-1.01%"
"2026-01-06","3.557","3.595","3.597","3.542","-0.43%"
"2026-01-05","3.572","3.612","3.615","3.572","-1.07%"
"2026-01-02","3.611","3.602","3.615","3.570","1.32%"
"2026-01-01","3.564","3.566","3.566","3.563","0.09%"
"2025-12-31","3.560","3.563","3.563","3.560","-0.03%"
"2025-12-30","3.561","3.543","3.566","3.534","0.98%"
"2025-12-29","3.527","3.540","3.556","3.521","-0.99%"
"2025-12-26","3.562","3.564","3.564","3.562","0.00%"
"2025-12-25","3.562","3.564","3.564","3.562","-0.15%"
"2025-12-24","3.568","3.570","3.574","3.568","0.14%"
"2025-12-23","3.563","3.588","3.593","3.561","-1.72%"
"2025-12-22","3.625","3.621","3.634","3.598","0.33%"
"2025-12-19","3.613","3.567","3.617","3.566","1.55%"
"2025-12-18","3.558","3.559","3.599","3.538","-0.39%"
"2025-12-17","3.572","3.532","3.578","3.526","0.63%"
"2025-12-16","3.549","3.558","3.576","3.545","-0.50%"
"2025-12-15","3.567","3.562","3.569","3.543","-0.36%"
"2025-12-12","3.580","3.561","3.595","3.556","0.62%"
"2025-12-11","3.558","3.566","3.588","3.551","-0.56%"
"2025-12-10","3.578","3.572","3.614","3.570","0.57%"
"2025-12-09","3.557","3.587","3.603","3.557","-0.73%"
"2025-12-08","3.583","3.557","3.596","3.543","1.55%"
"2025-12-05","3.529","3.521","3.536","3.507","0.17%"
"2025-12-04","3.523","3.497","3.526","3.490","0.89%"
"2025-12-03","3.492","3.493","3.501","3.475","-0.02%"
"2025-12-02","3.493","3.483","3.511","3.478","0.18%"
"2025-12-01","3.486","3.444","3.490","3.439","2.15%"
"2025-11-28","3.413","3.414","3.423","3.401","0.11%"
"2025-11-27","3.409","3.396","3.420","3.395","0.41%"
"2025-11-26","3.395","3.420","3.425","3.391","-0.45%"
"2025-11-25","3.411","3.454","3.461","3.400","-1.12%"
"2025-11-24","3.449","3.461","3.468","3.446","-0.74%"
"2025-11-21","3.475","3.475","3.476","3.449","-0.45%"
"2025-11-20","3.491","3.471","3.506","3.464","0.96%"
"2025-11-19","3.457","3.461","3.467","3.425","-0.18%"
"2025-11-18","3.464","3.450","3.467","3.436","0.27%"
"2025-11-17","3.454","3.458","3.469","3.440","0.00%"
"2025-11-14","3.455","3.434","3.461","3.431","1.11%"
"2025-11-13","3.417","3.385","3.419","3.362","1.15%"
"2025-11-12","3.378","3.420","3.429","3.377","-1.27%"
"2025-11-11","3.421","3.441","3.445","3.414","-0.55%"
"2025-11-10","3.440","3.480","3.487","3.436","-0.57%"
"2025-11-07","3.460","3.468","3.476","3.454","0.45%"
"2025-11-06","3.444","3.456","3.465","3.443","-0.47%"
"2025-11-05","3.461","3.438","3.461","3.426","0.68%"
"2025-11-04","3.437","3.427","3.440","3.422","-0.15%"
"2025-11-03","3.442","3.431","3.447","3.416","0.63%"
"2025-10-31","3.421","3.421","3.434","3.416","0.14%"
"2025-10-30","3.416","3.433","3.440","3.408","0.43%"
"2025-10-29","3.401","3.412","3.420","3.401","-0.59%"
"2025-10-28","3.422","3.418","3.427","3.408","0.12%"
"2025-10-27","3.418","3.444","3.445","3.417","-0.45%"
"2025-10-24","3.433","3.381","3.441","3.374","1.59%"
"2025-10-23","3.380","3.361","3.383","3.357","0.76%"
"2025-10-22","3.354","3.346","3.358","3.328","0.29%"
"2025-10-21","3.344","3.363","3.366","3.341","-0.62%"
"2025-10-20","3.365","3.382","3.396","3.363","0.17%"
"2025-10-17","3.359","3.321","3.367","3.308","0.83%"
"2025-10-16","3.332","3.352","3.364","3.323","-0.10%"
"2025-10-15","3.335","3.377","3.381","3.331","-1.82%"
"2025-10-14","3.397","3.438","3.447","3.397","-2.03%"
"2025-10-13","3.467","3.479","3.492","3.462","-0.31%"
"2025-10-10","3.478","3.502","3.506","3.453","-1.37%"
"2025-10-09","3.526","3.516","3.531","3.494","0.32%"
"2025-10-08","3.515","3.559","3.559","3.505","-1.55%"
"2025-10-07","3.570","3.582","3.598","3.569","0.00%"
"2025-10-06","3.571","3.570","3.599","3.553","1.70%"
"2025-10-03","3.511","3.523","3.529","3.508","-0.31%"
"2025-10-02","3.522","3.525","3.550","3.515","-0.16%"
"2025-10-01","3.528","3.559","3.572","3.510","-0.21%"
"2025-09-30","3.536","3.532","3.545","3.520","0.12%"
"2025-09-29","3.531","3.557","3.563","3.530","-0.97%"
"2025-09-26","3.566","3.592","3.606","3.551","-1.10%"
"2025-09-25","3.606","3.577","3.609","3.558","1.07%"
"2025-09-24","3.568","3.556","3.580","3.545","0.13%"
"2025-09-23","3.563","3.548","3.572","3.544","0.14%"
"2025-09-22","3.558","3.558","3.571","3.542","0.04%"
"2025-09-19","3.556","3.550","3.560","3.541","0.45%"
"2025-09-18","3.540","3.475","3.540","3.469","1.54%"
"2025-09-17","3.487","3.487","3.493","3.469","-0.06%"
"2025-09-16","3.489","3.492","3.504","3.463","0.11%"
"2025-09-15","3.485","3.515","3.516","3.475","-0.48%"
"2025-09-12","3.502","3.447","3.512","3.447","1.66%"
"2025-09-11","3.445","3.463","3.478","3.422","-0.43%"
"2025-09-10","3.460","3.475","3.481","3.459","-0.33%"
"2025-09-09","3.471","3.471","3.492","3.461","1.83%"
"2025-09-08","3.409","3.447","3.450","3.398","-1.16%"
"2025-09-05","3.449","3.474","3.489","3.421","-1.32%"
"2025-09-04","3.495","3.542","3.542","3.484","-1.30%"
"2025-09-03","3.541","3.579","3.601","3.533","-1.24%"
"2025-09-02","3.585","3.561","3.609","3.555","1.39%"
"2025-09-01","3.536","3.535","3.543","3.510","0.68%"
"2025-08-29","3.512","3.484","3.515","3.474","1.11%"
"2025-08-28","3.474","3.496","3.508","3.471","-1.37%"
"2025-08-27","3.522","3.490","3.540","3.481","0.65%"
"2025-08-26","3.499","3.507","3.530","3.492","-0.05%"
"2025-08-25","3.501","3.440","3.503","3.435","2.48%"
"2025-08-22","3.416","3.470","3.473","3.411","-1.32%"
"2025-08-21","3.462","3.411","3.467","3.404","1.43%"
"2025-08-20","3.413","3.430","3.441","3.407","-0.79%"
"2025-08-19","3.441","3.454","3.468","3.431","-0.34%"
"2025-08-18","3.452","3.462","3.466","3.418","-0.44%"
"2025-08-15","3.467","3.372","3.467","3.368","2.75%"
"2025-08-14","3.375","3.336","3.375","3.308","1.14%"
"2025-08-13","3.336","3.396","3.398","3.332","-2.12%"
"2025-08-12","3.408","3.363","3.426","3.358","1.57%"
"2025-08-11","3.356","3.335","3.364","3.315","0.23%"
"2025-08-08","3.348","3.307","3.362","3.299","1.47%"
"2025-08-07","3.300","3.319","3.334","3.286","-0.52%"
"2025-08-06","3.317","3.293","3.329","3.292","0.97%"
"2025-08-05","3.285","3.283","3.313","3.259","0.04%"
"2025-08-04","3.284","3.354","3.371","3.283","-1.98%"
"2025-08-01","3.350","3.382","3.405","3.307","0.09%"
"2025-07-31","3.347","3.327","3.364","3.327","-0.33%"
"2025-07-30","3.358","3.346","3.373","3.330","0.21%"
"2025-07-29","3.351","3.357","3.375","3.333","0.09%"
"2025-07-28","3.348","3.378","3.382","3.339","-1.09%"
"2025-07-25","3.385","3.398","3.443","3.385","0.36%"
"2025-07-24","3.373","3.327","3.377","3.322","3.06%"
"2025-07-23","3.273","3.284","3.294","3.263","0.25%"
"2025-07-22","3.265","3.306","3.319","3.257","-0.97%"
"2025-07-21","3.297","3.364","3.365","3.288","-2.92%"
"2025-07-18","3.396","3.393","3.407","3.387","0.41%"
"2025-07-17","3.382","3.391","3.416","3.370","-0.06%"
"2025-07-16","3.384","3.402","3.422","3.371","-0.70%"
"2025-07-15","3.408","3.418","3.426","3.365","-0.73%"
"2025-07-14","3.433","3.409","3.442","3.408","0.50%"
"2025-07-11","3.416","3.381","3.423","3.378","0.41%"
"2025-07-10","3.402","3.349","3.403","3.339","1.31%"
"2025-07-09","3.358","3.358","3.366","3.341","-0.15%"
"2025-07-08","3.363","3.330","3.386","3.330","1.23%"
"2025-07-07","3.322","3.269","3.327","3.262","1.31%"
"2025-07-04","3.279","3.264","3.283","3.244","0.15%"
"2025-07-03","3.274","3.316","3.319","3.273","-1.27%"
"2025-07-02","3.316","3.254","3.335","3.250","1.97%"
"2025-07-01","3.252","3.260","3.264","3.220","-1.09%"
"2025-06-30","3.288","3.261","3.290","3.246","0.77%"
"2025-06-27","3.263","3.236","3.295","3.231","0.55%"
"2025-06-26","3.245","3.232","3.258","3.224","-0.32%"
"2025-06-25","3.256","3.229","3.278","3.196","0.20%"
"2025-06-24","3.249","3.218","3.283","3.213","0.68%"
"2025-06-23","3.227","3.291","3.292","3.220","-0.49%"
"2025-06-20","3.243","3.235","3.273","3.231","-0.89%"
"2025-06-19","3.272","3.255","3.274","3.240","1.77%"
"2025-06-18","3.215","3.248","3.270","3.212","-1.11%"
"2025-06-17","3.251","3.264","3.272","3.217","0.71%"
"2025-06-16","3.228","3.257","3.303","3.216","-0.86%"
"2025-06-13","3.256","3.161","3.260","3.161","2.28%"
"2025-06-12","3.184","3.221","3.223","3.177","-1.41%"
"2025-06-11","3.229","3.218","3.239","3.196","0.69%"
"2025-06-10","3.207","3.235","3.240","3.195","-0.93%"
"2025-06-09","3.237","3.238","3.272","3.176","-0.11%"
"2025-06-06","3.240","3.251","3.256","3.209","-0.69%"
"2025-06-05","3.263","3.203","3.270","3.159","1.81%"
"2025-06-04","3.205","3.187","3.207","3.174","0.50%"
"2025-06-03","3.189","3.154","3.190","3.151","-0.14%"
"2025-06-02","3.194","3.182","3.226","3.172","0.92%"
"2025-05-30","3.164","3.179","3.205","3.164","-0.33%"
"2025-05-29","3.175","3.246","3.267","3.176","-1.57%"
"2025-05-28","3.226","3.226","3.240","3.207","0.48%"
"2025-05-27","3.210","3.221","3.230","3.191","-0.83%"
"2025-05-26","3.237","3.277","3.296","3.236","-0.98%"
"2025-05-23","3.269","3.303","3.318","3.242","-1.33%"
"2025-05-22","3.313","3.332","3.349","3.309","0.26%"
"2025-05-21","3.305","3.297","3.343","3.277","1.43%"
"2025-05-20","3.258","3.240","3.279","3.227","0.09%"
"2025-05-19","3.255","3.271","3.329","3.245","-0.21%"
"2025-05-16","3.262","3.270","3.272","3.237","-1.00%"
"2025-05-15","3.295","3.374","3.374","3.294","-2.50%"
"2025-05-14","3.379","3.355","3.382","3.330","0.79%"
"2025-05-13","3.353","3.331","3.356","3.330","0.89%"
"2025-05-12","3.323","3.292","3.334","3.292","1.81%"
"2025-05-09","3.264","3.260","3.294","3.252","1.01%"
"2025-05-08","3.232","3.199","3.234","3.191","1.16%"
"2025-05-07","3.195","3.264","3.267","3.194","-1.86%"
"2025-05-06","3.256","3.263","3.278","3.244","0.57%"
"2025-05-05","3.237","3.248","3.250","3.221","-0.09%"
"2025-05-02","3.240","3.197","3.243","3.179","2.37%"
"2025-04-30","3.165","3.213","3.215","3.162","-1.62%"
"2025-04-29","3.217","3.214","3.235","3.207","-0.39%"
"2025-04-28","3.230","3.210","3.243","3.201","1.25%"
"2025-04-25","3.190","3.179","3.198","3.169","0.89%"
"2025-04-24","3.161","3.237","3.238","3.159","-2.26%"
"2025-04-23","3.234","3.230","3.252","3.211","0.76%"
"2025-04-22","3.210","3.251","3.253","3.207","-0.97%"
"2025-04-17","3.241","3.284","3.309","3.224","-0.80%"
"2025-04-16","3.267","3.263","3.282","3.249","-0.82%"
"2025-04-15","3.295","3.257","3.308","3.250","0.55%"
"2025-04-14","3.276","3.328","3.339","3.269","-1.99%"
"2025-04-11","3.343","3.365","3.408","3.309","-0.33%"
"2025-04-10","3.354","3.420","3.450","3.334","-1.06%"
"2025-04-09","3.390","3.473","3.476","3.364","-0.04%"
"2025-04-08","3.391","3.395","3.422","3.330","-0.22%"
"2025-04-07","3.399","3.318","3.407","3.247","2.24%"
"2025-04-04","3.325","3.350","3.350","3.265","-1.35%"
"2025-04-03","3.370","3.373","3.394","3.355","-1.52%"
"2025-04-02","3.422","3.409","3.436","3.374","0.75%"
"2025-04-01","3.397","3.428","3.431","3.371","-1.41%"
"2025-03-31","3.445","3.385","3.453","3.380","0.25%"
"2025-03-28","3.437","3.435","3.454","3.411","-0.84%"
"2025-03-27","3.466","3.466","3.487","3.446","-0.57%"
"2025-03-26","3.486","3.476","3.499","3.465","0.22%"
"2025-03-25","3.478","3.474","3.513","3.471","0.52%"
"2025-03-24","3.460","3.477","3.485","3.454","-0.07%"
"2025-03-21","3.463","3.478","3.482","3.449","-0.55%"
"2025-03-20","3.481","3.446","3.483","3.442","0.33%"
"2025-03-19","3.470","3.463","3.486","3.437","-0.56%"
"2025-03-18","3.490","3.494","3.526","3.491","0.17%"
"2025-03-17","3.484","3.553","3.565","3.475","-2.33%"
"2025-03-14","3.566","3.568","3.615","3.548","0.39%"
"2025-03-13","3.553","3.567","3.595","3.547","-0.18%"
"2025-03-12","3.559","3.579","3.605","3.544","-0.85%"
"2025-03-11","3.589","3.557","3.598","3.545","1.37%"
"2025-03-10","3.541","3.565","3.568","3.510","-0.28%"
"2025-03-07","3.551","3.549","3.559","3.497","-0.42%"
"2025-03-06","3.566","3.583","3.631","3.544","2.31%"
"2025-03-05","3.486","3.363","3.512","3.338","7.94%"
"2025-03-04","3.229","3.177","3.238","3.161","0.39%"
"2025-03-03","3.217","3.163","3.244","3.150","2.44%"
"2025-02-28","3.140","3.120","3.146","3.105","-0.03%"
"2025-02-27","3.141","3.144","3.175","3.140","-0.41%"
"2025-02-26","3.154","3.201","3.201","3.147","-1.25%"
"2025-02-25","3.194","3.227","3.232","3.184","-0.84%"
"2025-02-24","3.221","3.237","3.246","3.207","0.03%"
"2025-02-21","3.220","3.264","3.266","3.216","-1.53%"
"2025-02-20","3.270","3.277","3.290","3.265","1.02%"
"2025-02-19","3.237","3.185","3.240","3.178","2.47%"
"2025-02-18","3.159","3.187","3.190","3.156","-0.19%"
"2025-02-17","3.165","3.175","3.193","3.157","1.38%"
"2025-02-14","3.122","3.107","3.137","3.101","0.32%"
"2025-02-13","3.112","3.183","3.189","3.102","-2.63%"
"2025-02-12","3.196","3.161","3.207","3.156","1.20%"
"2025-02-11","3.158","3.108","3.171","3.105","2.33%"
"2025-02-10","3.086","3.089","3.102","3.073","-0.06%"
"2025-02-07","3.088","3.086","3.123","3.073","-0.03%"
"2025-02-06","3.089","3.095","3.123","3.071","0.59%"
"2025-02-05","3.071","3.092","3.101","3.055","-1.41%"
"2025-02-04","3.115","3.145","3.146","3.109","0.10%"
"2025-02-03","3.112","3.194","3.201","3.090","-2.81%"
"2025-01-31","3.202","3.284","3.285","3.189","-1.78%"
"2025-01-30","3.260","3.295","3.296","3.249","-1.78%"
"2025-01-29","3.319","3.258","3.321","3.257","0.91%"
"2025-01-28","3.289","3.285","3.291","3.271","0.43%"
"2025-01-27","3.275","3.272","3.289","3.240","-0.97%"
"2025-01-24","3.307","3.278","3.328","3.275","0.43%"
"2025-01-23","3.293","3.257","3.317","3.255","0.92%"
"2025-01-22","3.263","3.278","3.279","3.234","-0.24%"
"2025-01-21","3.271","3.286","3.308","3.262","-0.70%"
"2025-01-20","3.294","3.299","3.332","3.292","-0.42%"
"2025-01-17","3.308","3.330","3.331","3.282","-0.63%"
"2025-01-16","3.329","3.358","3.391","3.329","-0.57%"
"2025-01-15","3.348","3.452","3.460","3.329","-3.60%"
"2025-01-14","3.473","3.447","3.475","3.418","0.58%"
"2025-01-13","3.453","3.456","3.489","3.445","0.85%"
"2025-01-10","3.424","3.402","3.443","3.399","1.06%"
"2025-01-09","3.388","3.366","3.412","3.366","1.16%"
"2025-01-08","3.349","3.292","3.363","3.291","1.61%"
"2025-01-07","3.296","3.284","3.309","3.260","1.04%"
"2025-01-06","3.262","3.293","3.301","3.260","-0.79%"
"2025-01-03","3.288","3.219","3.294","3.202","2.14%"
"2025-01-02","3.219","3.201","3.219","3.159","0.75%"
"2024-12-31","3.195","3.188","3.201","3.188","0.00%"
"2024-12-30","3.195","3.205","3.215","3.177","-0.31%"
"2024-12-27","3.205","3.165","3.222","3.165","2.14%"
"2024-12-24","3.138","3.138","3.138","3.138","-0.13%"
"2024-12-23","3.142","3.125","3.145","3.103","1.88%"
"2024-12-20","3.084","3.112","3.141","3.080","-0.87%"
"2024-12-19","3.111","3.119","3.124","3.089","1.87%"
"2024-12-18","3.054","3.034","3.067","3.034","0.59%"
"2024-12-17","3.036","3.060","3.067","3.018","-0.26%"
"2024-12-16","3.044","3.056","3.065","3.022","0.33%"
"2024-12-13","3.034","2.977","3.038","2.970","1.98%"
"2024-12-12","2.975","2.924","2.975","2.879","2.87%"
"2024-12-11","2.892","2.885","2.904","2.844","0.66%"
"2024-12-10","2.873","2.867","2.895","2.843","0.00%"
"2024-12-09","2.873","2.868","2.881","2.847","-0.07%"
"2024-12-06","2.875","2.876","2.891","2.841","-0.66%"
"2024-12-05","2.894","2.909","2.911","2.863","-0.10%"
"2024-12-04","2.897","2.933","2.937","2.889","0.03%"
"2024-12-03","2.896","2.909","2.926","2.881","-0.69%"
"2024-12-02","2.916","2.932","2.934","2.861","0.80%"
"2024-11-29","2.893","2.933","2.963","2.890","-1.80%"
"2024-11-28","2.946","3.020","3.025","2.944","-2.29%"
"2024-11-27","3.015","3.024","3.053","3.011","-0.53%"
"2024-11-26","3.031","3.032","3.035","2.998","0.26%"
"2024-11-25","3.023","3.028","3.078","3.007","-0.79%"
"2024-11-22","3.047","3.110","3.130","3.019","-1.74%"
"2024-11-21","3.101","3.125","3.144","3.080","0.03%"
"2024-11-20","3.100","3.102","3.143","3.087","0.62%"
"2024-11-19","3.081","3.071","3.092","3.012","-0.68%"
"2024-11-18","3.102","3.071","3.142","3.071","0.62%"
"2024-11-15","3.083","3.098","3.111","3.059","0.06%"
"2024-11-14","3.081","3.168","3.172","3.079","-1.60%"
"2024-11-13","3.131","3.170","3.174","3.119","-0.13%"
"2024-11-12","3.135","3.085","3.135","3.059","1.88%"
"2024-11-11","3.077","3.075","3.119","3.059","-1.41%"
"2024-11-08","3.121","3.183","3.187","3.112","-2.62%"
"2024-11-07","3.205","3.176","3.266","3.167","0.91%"
"2024-11-06","3.176","3.134","3.193","3.092","0.54%"
"2024-11-05","3.159","3.149","3.185","3.139","0.67%"
"2024-11-04","3.138","3.146","3.181","3.125","-0.76%"
"2024-11-01","3.162","3.131","3.166","3.103","0.83%"
"2024-10-31","3.136","3.154","3.184","3.116","0.67%"
"2024-10-30","3.115","3.042","3.135","3.032","1.17%"
"2024-10-29","3.079","3.006","3.079","3.006","2.19%"
"2024-10-28","3.013","3.086","3.087","2.983","-0.92%"
"2024-10-25","3.041","2.979","3.042","2.974","1.81%"
"2024-10-24","2.987","3.017","3.022","2.967","-1.61%"
"2024-10-23","3.036","3.045","3.057","3.034","-0.56%"
"2024-10-22","3.053","3.044","3.074","3.017","1.33%"
"2024-10-21","3.013","2.908","3.018","2.906","3.93%"
"2024-10-18","2.899","2.948","2.963","2.892","-1.33%"
"2024-10-17","2.938","2.938","2.963","2.921","0.69%"
"2024-10-16","2.918","2.942","2.949","2.910","-1.45%"
"2024-10-15","2.961","2.987","2.998","2.956","-2.44%"
"2024-10-14","3.035","3.041","3.051","3.026","-0.23%"
"2024-10-11","3.042","3.017","3.080","3.011","0.63%"
"2024-10-10","3.023","3.040","3.050","3.022","-0.17%"
"2024-10-09","3.028","3.007","3.037","2.997","0.40%"
"2024-10-08","3.016","3.004","3.040","3.004","-0.17%"
"2024-10-07","3.021","2.997","3.029","2.995","1.10%"
"2024-10-04","2.988","2.949","3.007","2.948","1.81%"
"2024-10-03","2.935","2.893","2.948","2.885","2.48%"
"2024-10-02","2.864","2.841","2.894","2.834","1.52%"
"2024-10-01","2.821","2.915","2.919","2.782","-3.56%"
"2024-09-30","2.925","2.935","2.977","2.905","-0.03%"
"2024-09-27","2.926","2.966","2.980","2.894","-1.51%"
"2024-09-26","2.971","2.958","2.985","2.931","-0.34%"
"2024-09-25","2.981","2.902","2.984","2.895","2.30%"
"2024-09-24","2.914","2.922","2.984","2.904","-1.12%"
"2024-09-23","2.947","2.963","2.976","2.930","-0.57%"
"2024-09-20","2.964","2.913","2.975","2.909","1.16%"
"2024-09-19","2.930","2.937","2.963","2.921","0.41%"
"2024-09-18","2.918","2.853","2.923","2.849","2.14%"
"2024-09-17","2.857","2.835","2.864","2.799","1.06%"
"2024-09-16","2.827","2.830","2.854","2.822","-0.46%"
"2024-09-13","2.840","2.827","2.856","2.816","-0.35%"
"2024-09-12","2.850","2.826","2.861","2.800","1.17%"
"2024-09-11","2.817","2.836","2.862","2.799","-1.16%"
"2024-09-10","2.850","2.886","2.904","2.850","-1.18%"
"2024-09-09","2.884","2.929","2.957","2.879","-0.03%"
"2024-09-06","2.885","2.888","2.912","2.843","-0.76%"
"2024-09-05","2.907","2.920","2.962","2.899","-0.85%"
"2024-09-04","2.932","2.979","2.988","2.922","-2.33%"
"2024-09-03","3.002","3.039","3.063","2.977","-1.18%"
"2024-09-02","3.038","3.054","3.061","3.034","0.86%"
"2024-08-30","3.012","2.995","3.017","2.967","0.63%"
"2024-08-29","2.993","3.041","3.056","2.941","0.20%"
"2024-08-28","2.987","2.998","3.002","2.953","-0.76%"
"2024-08-27","3.010","2.969","3.028","2.960","1.79%"
"2024-08-26","2.957","2.917","2.974","2.917","0.92%"
"2024-08-23","2.930","2.951","2.971","2.920","-0.68%"
"2024-08-22","2.950","2.907","2.957","2.889","1.44%"
"2024-08-21","2.908","2.944","2.954","2.908","-1.22%"
"2024-08-20","2.944","2.978","2.979","2.940","-1.01%"
"2024-08-19","2.974","2.963","2.989","2.938","-0.30%"
"2024-08-16","2.983","2.964","2.987","2.942","0.07%"
"2024-08-15","2.981","2.917","2.988","2.902","2.23%"
"2024-08-14","2.916","2.911","2.960","2.907","-0.27%"
"2024-08-13","2.924","2.973","2.978","2.911","-1.52%"
"2024-08-12","2.969","2.977","2.995","2.964","0.13%"
"2024-08-09","2.965","3.003","3.004","2.954","-1.46%"
"2024-08-08","3.009","2.996","3.025","2.972","-0.13%"
"2024-08-07","3.013","2.970","3.034","2.962","2.10%"
"2024-08-06","2.951","2.989","2.999","2.914","-0.91%"
"2024-08-05","2.978","2.915","2.986","2.908","0.71%"
"2024-08-02","2.957","2.991","2.996","2.937","-1.04%"
"2024-08-01","2.988","3.007","3.028","2.970","-0.83%"
"2024-07-31","3.013","3.048","3.054","3.006","-1.44%"
"2024-07-30","3.057","3.076","3.081","3.040","-0.29%"
"2024-07-29","3.066","3.103","3.103","3.041","-1.38%"
"2024-07-26","3.109","3.144","3.173","3.096","-0.26%"
"2024-07-25","3.117","3.165","3.165","3.103","-0.95%"
"2024-07-24","3.147","3.136","3.152","3.116","0.64%"
"2024-07-23","3.127","3.150","3.155","3.111","-0.67%"
"2024-07-22","3.148","3.123","3.148","3.111","0.58%"
"2024-07-19","3.130","3.093","3.137","3.074","1.92%"
"2024-07-18","3.071","3.067","3.102","3.055","-0.16%"
"2024-07-17","3.076","3.082","3.100","3.070","-0.32%"
"2024-07-16","3.086","3.094","3.103","3.068","-0.87%"
"2024-07-15","3.113","3.172","3.173","3.107","-1.17%"
"2024-07-12","3.150","3.149","3.177","3.140","0.80%"
"2024-07-11","3.125","3.191","3.208","3.113","-1.88%"
"2024-07-10","3.185","3.238","3.239","3.160","-2.09%"
"2024-07-09","3.253","3.176","3.261","3.175","2.68%"
"2024-07-08","3.168","3.252","3.255","3.164","-1.37%"
"2024-07-05","3.212","3.284","3.284","3.203","-2.04%"
"2024-07-04","3.279","3.270","3.285","3.264","0.68%"
"2024-07-03","3.257","3.311","3.313","3.234","-1.90%"
"2024-07-02","3.320","3.340","3.373","3.289","-0.87%"
"2024-07-01","3.349","3.281","3.355","3.265","1.86%"
"2024-06-28","3.288","3.260","3.328","3.260","0.61%"
"2024-06-27","3.268","3.240","3.278","3.231","2.46%"
"2024-06-26","3.190","3.144","3.190","3.126","2.12%"
"2024-06-25","3.124","3.130","3.156","3.099","-0.85%"
"2024-06-24","3.150","3.154","3.157","3.125","-0.45%"
"2024-06-21","3.164","3.141","3.173","3.095","0.22%"
"2024-06-20","3.157","3.178","3.183","3.142","0.03%"
"2024-06-19","3.157","3.139","3.171","3.112","1.24%"
"2024-06-18","3.118","3.151","3.167","3.092","-1.50%"
"2024-06-17","3.165","3.161","3.176","3.114","0.87%"
"2024-06-14","3.138","3.179","3.190","3.110","-1.45%"
"2024-06-13","3.184","3.182","3.215","3.146","0.79%"
"2024-06-12","3.159","3.222","3.251","3.146","-2.49%"
"2024-06-11","3.240","3.238","3.338","3.235","0.02%"
"2024-06-10","3.239","3.170","3.249","3.159","3.88%"
"2024-06-07","3.118","3.054","3.135","3.045","2.55%"
"2024-06-06","3.041","3.004","3.073","3.002","1.77%"
"2024-06-05","2.988","3.037","3.049","2.983","-1.56%"
"2024-06-04","3.035","3.072","3.076","2.991","-0.92%"
"2024-06-03","3.063","3.134","3.148","3.051","-2.68%"
"2024-05-31","3.148","3.149","3.199","3.125","-0.07%"
"2024-05-30","3.150","3.179","3.180","3.146","-0.88%"
"2024-05-29","3.178","3.124","3.179","3.090","3.07%"
"2024-05-28","3.083","3.035","3.086","3.023","1.76%"
"2024-05-27","3.030","3.065","3.088","3.016","-1.55%"
"2024-05-24","3.078","3.087","3.108","3.059","-0.15%"
"2024-05-23","3.082","3.022","3.097","3.001","1.61%"
"2024-05-22","3.033","3.039","3.053","3.013","1.18%"
"2024-05-21","2.998","3.013","3.023","2.983","-0.67%"
"2024-05-20","3.018","3.029","3.035","3.000","0.23%"
"2024-05-17","3.011","2.973","3.016","2.960","2.18%"
"2024-05-16","2.947","2.904","2.952","2.900","0.78%"
"2024-05-15","2.924","3.025","3.032","2.921","-4.45%"
"2024-05-14","3.061","3.013","3.063","2.992","1.54%"
"2024-05-13","3.014","3.003","3.028","2.988","-0.26%"
"2024-05-10","3.022","2.968","3.028","2.963","0.83%"
"2024-05-09","2.997","2.976","3.017","2.974","1.08%"
"2024-05-08","2.965","2.950","2.977","2.933","1.58%"
"2024-05-07","2.919","2.948","2.965","2.919","-1.94%"
"2024-05-06","2.977","3.002","3.003","2.939","-0.71%"
"2024-05-03","2.999","3.030","3.047","2.961","-1.56%"
"2024-05-02","3.046","3.049","3.081","3.020","-0.98%"
"2024-05-01","3.076","3.020","3.076","3.076","-0.06%"
"2024-04-30","3.078","3.020","3.094","3.011","1.58%"
"2024-04-29","3.030","3.067","3.071","3.009","-1.05%"
"2024-04-26","3.062","3.102","3.112","3.040","-2.14%"
"2024-04-25","3.129","3.098","3.149","3.062","1.26%"
"2024-04-24","3.090","3.036","3.103","3.013","3.00%"
"2024-04-23","3.000","2.967","3.027","2.962","0.47%"
"2024-04-22","2.986","3.027","3.054","2.982","-0.73%"
"2024-04-19","3.008","2.957","3.033","2.956","0.07%"
"2024-04-18","3.006","2.943","3.006","2.942","0.64%"
"2024-04-17","2.987","3.023","3.030","2.963","-0.67%"
"2024-04-16","3.007","2.952","3.030","2.948","1.55%"
"2024-04-15","2.961","2.896","2.967","2.880","3.31%"
"2024-04-12","2.866","2.949","2.989","2.820","-2.45%"
"2024-04-11","2.938","2.909","2.960","2.934","0.55%"
"2024-04-10","2.922","2.909","2.938","2.830","2.24%"
"2024-04-09","2.858","2.909","2.922","2.851","-2.36%"
"2024-04-08","2.927","2.953","2.955","2.918","0.52%"
"2024-04-05","2.912","2.862","2.918","2.852","1.53%"
"2024-04-04","2.868","2.888","2.909","2.846","-1.61%"
"2024-04-03","2.915","2.910","2.953","2.886","-0.31%"
"2024-04-02","2.924","2.887","2.947","2.842","4.13%"
"2024-04-01","2.808","2.799","2.808","2.808","0.25%"
"2024-03-29","2.801","2.799","2.801","2.801","-0.07%"
"2024-03-28","2.803","2.799","2.835","2.795","0.61%"
"2024-03-27","2.786","2.817","2.829","2.781","-1.76%"
"2024-03-26","2.836","2.834","2.849","2.809","-0.49%"
"2024-03-25","2.850","2.796","2.856","2.790","1.93%"
"2024-03-22","2.796","2.833","2.840","2.787","-1.65%"
"2024-03-21","2.843","2.855","2.877","2.818","-1.15%"
"2024-03-20","2.876","2.863","2.878","2.844","-0.55%"
"2024-03-19","2.892","2.887","2.898","2.862","0.10%"
"2024-03-18","2.889","2.871","2.907","2.871","0.45%"
"2024-03-15","2.876","2.881","2.905","2.861","0.28%"
"2024-03-14","2.868","2.824","2.874","2.779","2.47%"
"2024-03-13","2.799","2.739","2.814","2.739","0.83%"
"2024-03-12","2.776","2.757","2.793","2.723","0.65%"
"2024-03-11","2.758","2.715","2.777","2.693","1.40%"
"2024-03-08","2.720","2.730","2.745","2.687","-0.87%"
"2024-03-07","2.744","2.799","2.811","2.696","-1.51%"
"2024-03-06","2.786","2.796","2.825","2.774","-0.18%"
"2024-03-05","2.791","2.846","2.851","2.760","-2.85%"
"2024-03-04","2.873","2.906","2.911","2.860","-1.24%"
"2024-03-01","2.909","2.915","2.958","2.879","1.01%"
"2024-02-29","2.880","2.920","2.987","2.874","-1.77%"
"2024-02-28","2.932","2.934","2.944","2.907","-0.27%"
"2024-02-27","2.940","2.912","2.940","2.882","1.17%"
"2024-02-26","2.906","2.848","2.908","2.842","2.87%"
"2024-02-23","2.825","2.915","2.950","2.823","-2.85%"
"2024-02-22","2.908","2.942","2.984","2.884","-0.68%"
"2024-02-21","2.928","2.872","2.932","2.846","2.77%"
"2024-02-20","2.849","2.875","2.882","2.836","-1.28%"
"2024-02-19","2.886","2.872","2.896","2.859","0.42%"
"2024-02-16","2.874","2.865","2.902","2.852","1.16%"
"2024-02-15","2.841","2.800","2.841","2.779","0.46%"
"2024-02-14","2.828","2.881","2.884","2.823","-2.15%"
"2024-02-13","2.890","2.880","2.915","2.828","0.91%"
"2024-02-12","2.864","2.869","2.874","2.861","-1.07%"
"2024-02-09","2.895","2.885","2.903","2.833","1.05%"
"2024-02-08","2.865","2.841","2.875","2.801","1.34%"
"2024-02-07","2.827","2.779","2.827","2.775","0.78%"
"2024-02-06","2.805","2.806","2.845","2.785","-0.53%"
"2024-02-05","2.820","2.757","2.835","2.754","2.92%"
"2024-02-02","2.740","2.681","2.750","2.658","3.55%"
"2024-02-01","2.646","2.702","2.724","2.630","-0.56%"
"2024-01-31","2.661","2.715","2.734","2.650","-3.59%"
"2024-01-30","2.760","2.684","2.786","2.678","1.47%"
"2024-01-29","2.720","2.747","2.760","2.712","-2.33%"
"2024-01-26","2.785","2.725","2.804","2.724","0.07%"
"2024-01-25","2.783","2.849","2.871","2.768","-2.08%"
"2024-01-24","2.842","2.820","2.842","2.782","-0.14%"
"2024-01-23","2.846","2.803","2.850","2.796","2.08%"
"2024-01-22","2.788","2.791","2.808","2.766","-1.52%"
"2024-01-19","2.831","2.831","2.850","2.797","-0.56%"
"2024-01-18","2.847","2.809","2.850","2.793","1.10%"
"2024-01-17","2.816","2.795","2.829","2.750","2.40%"
"2024-01-16","2.750","2.736","2.757","2.699","0.55%"
"2024-01-15","2.735","2.707","2.752","2.697","2.13%"
"2024-01-12","2.678","2.684","2.727","2.657","-2.37%"
"2024-01-11","2.743","2.731","2.767","2.691","-0.18%"
"2024-01-10","2.748","2.715","2.760","2.684","0.88%"
"2024-01-09","2.724","2.700","2.745","2.685","2.33%"
"2024-01-08","2.662","2.708","2.760","2.647","-0.67%"
"2024-01-05","2.680","2.674","2.762","2.652","1.02%"
"2024-01-04","2.653","2.523","2.689","2.509","3.75%"
"2024-01-03","2.557","2.623","2.643","2.549","-1.46%"
"2024-01-02","2.595","2.623","2.655","2.571","1.49%"
"2024-01-01","2.557","2.477","2.557","2.552","-0.04%"
"2023-12-29","2.558","2.477","2.570","2.452","3.35%"
"2023-12-28","2.475","2.426","2.491","2.405","2.74%"
"2023-12-27","2.409","2.464","2.470","2.395","-2.82%"
"2023-12-26","2.479","2.493","2.479","2.479","0.00%"
"2023-12-25","2.479","2.493","2.479","2.475","0.12%"
"2023-12-22","2.476","2.493","2.500","2.452","0.41%"
"2023-12-21","2.466","2.477","2.501","2.440","-0.52%"
"2023-12-20","2.479","2.488","2.516","2.461","-1.70%"
"2023-12-19","2.522","2.568","2.574","2.519","-3.30%"
"2023-12-18","2.608","2.572","2.617","2.534","2.31%"
"2023-12-15","2.549","2.675","2.678","2.534","-3.45%"
"2023-12-14","2.640","2.602","2.683","2.554","-2.73%"
"2023-12-13","2.714","2.754","2.762","2.707","-2.06%"
"2023-12-12","2.771","2.771","2.802","2.740","-1.84%"
"2023-12-11","2.823","2.819","2.839","2.802","-0.14%"
"2023-12-08","2.827","2.748","2.850","2.744","3.63%"
"2023-12-07","2.728","2.773","2.786","2.699","-0.66%"
"2023-12-06","2.746","2.814","2.848","2.744","-1.93%"
"2023-12-05","2.800","2.858","2.893","2.789","-4.21%"
"2023-12-04","2.923","2.927","2.952","2.879","-0.20%"
"2023-12-01","2.929","3.025","3.040","2.914","-3.24%"
"2023-11-30","3.027","2.987","3.068","2.966","1.17%"
"2023-11-29","2.992","2.991","3.036","2.972","-2.32%"
"2023-11-28","3.063","3.093","3.146","3.052","-1.61%"
"2023-11-27","3.113","3.188","3.211","3.107","-2.75%"
"2023-11-24","3.201","3.204","3.232","3.184","0.53%"
"2023-11-23","3.184","3.122","3.196","3.122","1.86%"
"2023-11-22","3.126","3.155","3.161","3.075","0.00%"
"2023-11-21","3.126","3.128","3.164","3.108","-1.64%"
"2023-11-20","3.178","3.169","3.205","3.145","0.82%"
"2023-11-18","3.152","3.152","3.152","3.152","-0.22%"
"2023-11-17","3.159","3.127","3.163","3.071","0.38%"
"2023-11-16","3.147","3.172","3.196","3.122","-1.96%"
"2023-11-15","3.210","3.157","3.217","3.121","1.78%"
"2023-11-14","3.154","3.283","3.301","3.154","-4.10%"
"2023-11-13","3.289","3.298","3.333","3.259","-0.33%"
"2023-11-10","3.300","3.289","3.336","3.265","2.07%"
"2023-11-09","3.233","3.210","3.254","3.197","0.87%"
"2023-11-08","3.205","3.256","3.268","3.192","-1.60%"
"2023-11-07","3.257","3.355","3.366","3.253","-2.34%"
"2023-11-06","3.335","3.276","3.346","3.270","3.15%"
"2023-11-03","3.233","3.311","3.330","3.225","-2.24%"
"2023-11-02","3.307","3.337","3.373","3.267","-2.25%"
"2023-11-01","3.383","3.462","3.478","3.361","-1.37%"
"2023-10-31","3.430","3.402","3.440","3.368","-0.32%"
"2023-10-30","3.441","3.405","3.477","3.377","-0.32%"
"2023-10-27","3.452","3.477","3.500","3.440","-0.80%"
"2023-10-26","3.480","3.562","3.569","3.457","-1.05%"
"2023-10-25","3.517","3.427","3.531","3.426","1.56%"
"2023-10-24","3.463","3.450","3.473","3.393","-0.55%"
"2023-10-23","3.482","3.540","3.598","3.471","-0.88%"
"2023-10-20","3.513","3.548","3.571","3.500","-0.82%"
"2023-10-19","3.542","3.588","3.601","3.523","-0.28%"
"2023-10-18","3.552","3.520","3.572","3.491","1.40%"
"2023-10-17","3.503","3.444","3.529","3.411","2.76%"
"2023-10-16","3.409","3.391","3.432","3.385","2.94%"
"2023-10-14","3.312","3.312","3.312","3.312","-0.29%"
"2023-10-13","3.321","3.341","3.366","3.273","-0.63%"
"2023-10-12","3.342","3.247","3.356","3.231","2.01%"
"2023-10-11","3.276","3.357","3.361","3.258","-1.83%"
"2023-10-10","3.337","3.367","3.418","3.330","-0.77%"
"2023-10-09","3.363","3.439","3.476","3.350","-3.47%"
"2023-10-06","3.484","3.487","3.551","3.470","0.43%"
"2023-10-05","3.469","3.505","3.545","3.453","-0.86%"
"2023-10-04","3.499","3.586","3.602","3.496","-0.96%"
"2023-10-03","3.533","3.465","3.538","3.452","1.44%"
"2023-10-02","3.483","3.436","3.485","3.401","1.99%"
"2023-09-29","3.415","3.474","3.477","3.367","-2.62%"
"2023-09-28","3.507","3.420","3.555","3.403","3.06%"
"2023-09-27","3.403","3.363","3.404","3.324","1.28%"
"2023-09-26","3.360","3.356","3.376","3.315","0.60%"
"2023-09-25","3.340","3.310","3.364","3.296","1.67%"
"2023-09-22","3.285","3.275","3.319","3.222","0.09%"
"2023-09-21","3.282","3.296","3.324","3.259","1.30%"
"2023-09-20","3.240","3.276","3.291","3.234","-1.28%"
"2023-09-19","3.282","3.256","3.299","3.231","0.71%"
"2023-09-18","3.259","3.249","3.271","3.222","1.15%"
"2023-09-15","3.222","3.147","3.228","3.134","3.04%"
"2023-09-14","3.127","3.188","3.206","3.089","-2.37%"
"2023-09-13","3.203","3.198","3.245","3.181","0.50%"
"2023-09-12","3.187","3.180","3.189","3.142","0.38%"
"2023-09-11","3.175","3.176","3.186","3.148","1.15%"
"2023-09-09","3.139","3.139","3.139","3.139","-0.10%"
"2023-09-08","3.142","3.103","3.161","3.095","-0.22%"
"2023-09-07","3.149","3.185","3.188","3.135","-1.22%"
"2023-09-06","3.188","3.145","3.200","3.125","1.50%"
"2023-09-05","3.141","3.118","3.143","3.094","1.16%"
"2023-09-04","3.105","3.085","3.118","3.070","1.14%"
"2023-09-01","3.070","3.001","3.074","2.961","2.99%"
"2023-08-31","2.981","3.083","3.105","2.971","-2.58%"
"2023-08-30","3.060","3.078","3.114","3.046","0.96%"
"2023-08-29","3.031","3.058","3.101","3.017","-1.65%"
"2023-08-28","3.082","3.078","3.128","3.064","0.10%"
"2023-08-25","3.079","3.076","3.112","3.044","1.05%"
"2023-08-24","3.047","3.014","3.068","2.969","0.03%"
"2023-08-23","3.046","3.159","3.170","3.040","-3.88%"
"2023-08-22","3.169","3.239","3.243","3.169","-2.46%"
"2023-08-21","3.249","3.200","3.254","3.163","2.52%"
"2023-08-18","3.169","3.178","3.186","3.135","-2.37%"
"2023-08-17","3.246","3.255","3.255","3.211","1.63%"
"2023-08-16","3.194","3.216","3.221","3.172","-0.81%"
"2023-08-15","3.220","3.197","3.285","3.196","1.35%"
"2023-08-14","3.177","3.160","3.191","3.131","0.54%"
"2023-08-11","3.160","3.115","3.161","3.086","3.13%"
"2023-08-10","3.064","3.057","3.074","3.022","1.09%"
"2023-08-09","3.031","2.997","3.055","2.982","0.93%"
"2023-08-08","3.003","3.069","3.072","2.968","-4.03%"
"2023-08-07","3.129","3.090","3.170","3.075","1.29%"
"2023-08-04","3.089","3.155","3.188","3.085","-0.96%"
"2023-08-03","3.119","3.112","3.140","3.073","1.00%"
"2023-08-02","3.088","3.082","3.097","3.032","-0.35%"
"2023-08-01","3.099","3.019","3.101","3.009","2.41%"
"2023-07-31","3.026","3.059","3.074","3.011","-0.20%"
"2023-07-28","3.032","3.117","3.122","2.984","1.07%"
"2023-07-27","3.000","2.979","3.031","2.927","-0.23%"
"2023-07-26","3.007","2.972","3.026","2.959","1.73%"
"2023-07-25","2.956","2.993","3.000","2.942","0.27%"
"2023-07-24","2.948","2.999","3.013","2.921","-1.34%"
"2023-07-21","2.988","3.007","3.033","2.970","-0.86%"
"2023-07-20","3.014","2.953","3.021","2.940","1.79%"
"2023-07-19","2.961","2.849","2.968","2.834","1.79%"
"2023-07-18","2.909","2.986","2.996","2.886","-3.26%"
"2023-07-17","3.007","3.026","3.050","2.973","-0.82%"
"2023-07-14","3.032","3.017","3.048","2.993","0.50%"
"2023-07-13","3.017","3.074","3.081","2.985","-2.61%"
"2023-07-12","3.098","3.176","3.193","3.093","-3.58%"
"2023-07-11","3.213","3.175","3.219","3.148","0.31%"
"2023-07-10","3.203","3.203","3.238","3.171","0.44%"
"2023-07-07","3.189","3.177","3.233","3.146","-0.06%"
"2023-07-06","3.191","3.074","3.200","3.027","5.49%"
"2023-07-05","3.025","3.002","3.028","2.954","0.77%"
"2023-07-04","3.002","2.992","3.034","2.981","0.81%"
"2023-07-03","2.978","2.928","2.992","2.898","1.40%"
"2023-06-30","2.937","2.958","2.997","2.919","-0.41%"
"2023-06-29","2.949","2.868","2.978","2.849","3.73%"
"2023-06-28","2.843","2.885","2.902","2.822","-1.35%"
"2023-06-27","2.882","2.865","2.892","2.812","1.73%"
"2023-06-26","2.833","2.888","2.898","2.817","-1.60%"
"2023-06-23","2.879","2.950","3.040","2.847","-4.57%"
"2023-06-22","3.017","2.950","3.040","2.938","1.96%"
"2023-06-21","2.959","2.973","2.982","2.912","1.09%"
"2023-06-20","2.927","3.019","3.019","2.916","-3.46%"
"2023-06-19","3.032","2.947","3.045","2.938","2.12%"
"2023-06-16","2.969","3.048","3.071","2.957","-1.59%"
"2023-06-15","3.017","3.028","3.086","2.960","1.55%"
"2023-06-14","2.971","2.980","2.997","2.940","0.64%"
"2023-06-13","2.952","2.914","2.957","2.860","1.44%"
"2023-06-12","2.910","2.925","2.944","2.851","-0.58%"
"2023-06-09","2.927","2.959","2.985","2.908","-1.38%"
"2023-06-08","2.968","3.045","3.045","2.963","-1.10%"
"2023-06-07","3.001","2.898","3.009","2.889","2.81%"
"2023-06-06","2.919","2.953","2.958","2.855","0.07%"
"2023-06-05","2.917","2.914","2.944","2.889","1.82%"
"2023-06-02","2.865","2.817","2.872","2.810","1.31%"
"2023-06-01","2.828","2.860","2.881","2.801","-0.70%"
"2023-05-31","2.848","2.851","2.875","2.807","-2.37%"
"2023-05-30","2.917","2.998","3.011","2.902","-2.80%"
"2023-05-29","3.001","3.100","3.109","2.991","-3.66%"
"2023-05-26","3.115","3.123","3.141","3.072","0.48%"
"2023-05-25","3.100","3.065","3.105","3.007","1.91%"
"2023-05-24","3.042","3.064","3.089","2.993","-0.20%"
"2023-05-23","3.048","3.040","3.074","3.031","0.36%"
"2023-05-22","3.037","3.018","3.043","2.972","1.06%"
"2023-05-19","3.005","3.058","3.085","2.990","-0.99%"
"2023-05-18","3.035","2.945","3.045","2.937","3.94%"
"2023-05-17","2.920","2.915","2.930","2.872","-0.58%"
"2023-05-16","2.937","2.848","2.941","2.831","1.80%"
"2023-05-15","2.885","2.892","2.900","2.856","1.12%"
"2023-05-12","2.853","2.811","2.857","2.799","1.89%"
"2023-05-11","2.800","2.855","2.885","2.754","-2.74%"
"2023-05-10","2.879","2.948","2.963","2.858","-2.14%"
"2023-05-09","2.942","2.906","2.944","2.882","1.10%"
"2023-05-08","2.910","2.874","2.942","2.866","1.04%"
"2023-05-05","2.880","2.841","2.902","2.825","2.93%"
"2023-05-04","2.798","2.847","2.922","2.777","-1.31%"
"2023-05-03","2.835","2.856","2.867","2.814","-0.87%"
"2023-05-02","2.860","2.993","3.004","2.844","-0.81%"
"2023-05-01","2.884","2.884","2.884","2.884","-0.29%"
"2023-04-28","2.892","3.007","3.066","2.884","-4.49%"
"2023-04-27","3.028","2.995","3.040","2.963","2.26%"
"2023-04-26","2.961","2.941","2.980","2.890","0.68%"
"2023-04-25","2.941","3.047","3.058","2.927","-4.20%"
"2023-04-24","3.070","3.024","3.070","3.000","2.80%"
"2023-04-23","2.987","2.987","2.987","2.987","-0.35%"
"2023-04-21","2.997","2.940","3.005","2.923","1.46%"
"2023-04-20","2.954","2.990","3.019","2.944","-1.99%"
"2023-04-19","3.014","3.031","3.038","2.980","1.21%"
"2023-04-18","2.978","2.981","3.002","2.926","0.37%"
"2023-04-17","2.967","2.928","2.998","2.926","0.87%"
"2023-04-16","2.941","2.941","2.941","2.941","-0.19%"
"2023-04-14","2.947","2.890","2.950","2.866","2.04%"
"2023-04-13","2.888","2.868","2.917","2.842","0.10%"
"2023-04-12","2.885","2.809","2.917","2.759","2.12%"
"2023-04-11","2.825","2.776","2.836","2.741","4.65%"
"2023-04-07","2.700","2.707","2.707","2.700","-0.39%"
"2023-04-06","2.710","2.710","2.723","2.629","0.82%"
"2023-04-05","2.688","2.798","2.826","2.675","-3.03%"
"2023-04-04","2.772","2.777","2.853","2.759","0.76%"
"2023-04-03","2.751","2.829","2.877","2.739","-1.61%"
"2023-03-31","2.796","2.863","2.925","2.791","-3.25%"
"2023-03-30","2.890","2.784","2.918","2.728","2.52%"
"2023-03-29","2.819","2.837","2.856","2.778","0.28%"
"2023-03-28","2.811","2.800","2.848","2.782","2.29%"
"2023-03-27","2.748","2.707","2.790","2.654","3.58%"
"2023-03-25","2.653","2.653","2.653","2.653","-0.26%"
"2023-03-24","2.660","2.687","2.688","2.541","-2.13%"
"2023-03-23","2.718","2.759","2.823","2.698","-4.67%"
"2023-03-22","2.851","2.860","2.924","2.829","1.50%"
"2023-03-21","2.809","2.652","2.817","2.618","5.52%"
"2023-03-20","2.662","2.549","2.684","2.526","-0.45%"
"2023-03-17","2.674","2.816","2.823","2.640","-4.70%"
"2023-03-16","2.806","2.812","2.849","2.673","4.47%"
"2023-03-15","2.686","3.008","3.025","2.665","-9.41%"
"2023-03-14","2.965","2.761","2.986","2.741","4.77%"
"2023-03-13","2.830","2.987","2.988","2.699","-6.10%"
"2023-03-10","3.014","3.019","3.068","2.935","-3.92%"
"2023-03-09","3.137","3.185","3.207","3.126","-0.06%"
"2023-03-08","3.139","3.216","3.234","3.113","-1.54%"
"2023-03-07","3.188","3.199","3.246","3.124","-1.57%"
"2023-03-06","3.239","3.147","3.243","3.119","1.06%"
"2023-03-03","3.205","3.237","3.244","3.176","-0.90%"
"2023-03-02","3.234","3.249","3.260","3.182","1.00%"
"2023-03-01","3.202","3.162","3.213","3.132","2.66%"
"2023-02-28","3.119","3.073","3.192","3.065","2.23%"
"2023-02-27","3.051","3.010","3.069","2.985","1.26%"
"2023-02-24","3.013","2.908","3.059","2.900","2.31%"
"2023-02-23","2.945","3.024","3.041","2.937","-1.87%"
"2023-02-22","3.001","3.018","3.059","2.977","-0.50%"
"2023-02-21","3.016","2.948","3.042","2.925","3.01%"
"2023-02-20","2.928","2.917","2.934","2.886","1.19%"
"2023-02-18","2.894","2.894","2.894","2.894","-0.57%"
"2023-02-17","2.910","2.983","3.038","2.896","-0.89%"
"2023-02-16","2.936","2.929","2.992","2.907","-0.07%"
"2023-02-15","2.938","2.872","2.953","2.855","1.07%"
"2023-02-14","2.907","2.799","2.911","2.769","2.79%"
"2023-02-13","2.828","2.842","2.869","2.799","-0.18%"
"2023-02-10","2.833","2.831","2.850","2.786","2.35%"
"2023-02-09","2.768","2.787","2.799","2.709","-1.70%"
"2023-02-08","2.816","2.803","2.859","2.783","0.93%"
"2023-02-07","2.790","2.744","2.802","2.744","1.45%"
"2023-02-06","2.750","2.694","2.757","2.673","4.40%"
"2023-02-03","2.634","2.533","2.672","2.520","4.90%"
"2023-02-02","2.511","2.699","2.745","2.483","-9.02%"
"2023-02-01","2.760","2.726","2.781","2.707","0.29%"
"2023-01-31","2.752","2.772","2.796","2.719","-1.22%"
"2023-01-30","2.786","2.678","2.800","2.665","3.11%"
"2023-01-27","2.702","2.707","2.754","2.690","1.05%"
"2023-01-26","2.674","2.613","2.684","2.586","2.81%"
"2023-01-25","2.601","2.599","2.622","2.521","0.39%"
"2023-01-24","2.591","2.650","2.675","2.589","-2.56%"
"2023-01-23","2.659","2.631","2.676","2.598","1.53%"
"2023-01-20","2.619","2.505","2.625","2.494","5.48%"
"2023-01-19","2.483","2.442","2.533","2.413","1.35%"
"2023-01-18","2.450","2.494","2.557","2.394","-3.28%"
"2023-01-17","2.533","2.667","2.681","2.515","-3.98%"
"2023-01-16","2.638","2.627","2.697","2.618","0.04%"
"2023-01-13","2.637","2.605","2.641","2.546","0.50%"
"2023-01-12","2.624","2.654","2.668","2.540","-1.83%"
"2023-01-11","2.673","2.762","2.767","2.659","-4.60%"
"2023-01-10","2.802","2.757","2.815","2.756","2.64%"
"2023-01-09","2.730","2.738","2.796","2.713","0.26%"
"2023-01-06","2.723","2.795","2.848","2.696","-3.85%"
"2023-01-05","2.832","2.795","2.864","2.775","2.24%"
"2023-01-04","2.770","2.890","2.899","2.761","-5.23%"
"2023-01-03","2.923","3.016","3.024","2.865","-1.88%"
"2023-01-02","2.979","3.096","3.118","2.962","-4.30%"
"2022-12-30","3.113","3.012","3.118","2.989","4.57%"
"2022-12-29","2.977","3.042","3.067","2.976","-2.36%"
"2022-12-28","3.049","3.051","3.067","2.995","0.00%"
"2022-12-27","3.049","2.974","3.066","2.962","4.24%"
"2022-12-26","2.925","2.926","2.928","2.925","-0.14%"
"2022-12-23","2.929","2.900","2.966","2.891","1.14%"
"2022-12-22","2.896","2.832","2.926","2.806","1.97%"
"2022-12-21","2.840","2.840","2.848","2.791","-0.07%"
"2022-12-20","2.842","2.816","2.857","2.791","4.41%"
"2022-12-19","2.722","2.671","2.744","2.671","1.99%"
"2022-12-16","2.669","2.635","2.742","2.634","3.45%"
"2022-12-15","2.580","2.473","2.624","2.391","6.44%"
"2022-12-14","2.424","2.369","2.484","2.361","1.30%"
"2022-12-13","2.393","2.439","2.460","2.309","-0.87%"
"2022-12-12","2.414","2.403","2.424","2.341","0.92%"
"2022-12-09","2.392","2.291","2.421","2.289","4.77%"
"2022-12-08","2.283","2.247","2.312","2.225","1.87%"
"2022-12-07","2.241","2.212","2.305","2.193","-0.36%"
"2022-12-06","2.249","2.334","2.343","2.235","-3.27%"
"2022-12-05","2.325","2.330","2.354","2.272","1.17%"
"2022-12-02","2.298","2.266","2.339","2.217","1.41%"
"2022-12-01","2.266","2.313","2.359","2.257","-5.86%"
"2022-11-30","2.407","2.408","2.457","2.390","-5.36%"
"2022-11-29","2.543","2.553","2.600","2.507","-3.18%"
"2022-11-28","2.627","2.544","2.661","2.533","7.74%"
"2022-11-25","2.438","2.299","2.459","2.299","6.18%"
"2022-11-24","2.296","2.323","2.342","2.257","-3.65%"
"2022-11-23","2.383","2.472","2.510","2.353","-2.69%"
"2022-11-22","2.449","2.474","2.509","2.434","-0.45%"
"2022-11-21","2.460","2.476","2.530","2.420","-0.79%"
"2022-11-19","2.480","2.480","2.480","2.480","-0.38%"
"2022-11-18","2.489","2.480","2.581","2.459","-0.68%"
"2022-11-17","2.506","2.470","2.541","2.431","0.68%"
"2022-11-16","2.489","2.611","2.618","2.473","-4.53%"
"2022-11-15","2.607","2.651","2.678","2.547","-1.73%"
"2022-11-14","2.653","2.668","2.690","2.608","-0.60%"
"2022-11-11","2.669","2.528","2.680","2.516","6.63%"
"2022-11-10","2.503","2.671","2.720","2.476","-6.88%"
"2022-11-09","2.688","2.861","2.908","2.680","-3.86%"
"2022-11-08","2.796","2.861","2.908","2.763","-2.31%"
"2022-11-07","2.862","2.848","2.886","2.789","0.74%"
"2022-11-04","2.841","2.794","2.860","2.734","2.30%"
"2022-11-03","2.777","2.811","2.834","2.748","3.93%"
"2022-11-02","2.672","2.672","2.708","2.647","-0.04%"
"2022-11-01","2.673","2.655","2.698","2.558","-0.45%"
"2022-10-31","2.685","2.631","2.705","2.621","3.03%"
"2022-10-28","2.606","2.497","2.675","2.483","5.98%"
"2022-10-27","2.459","2.675","2.755","2.454","-7.97%"
"2022-10-26","2.672","2.716","2.753","2.644","-0.74%"
"2022-10-25","2.692","2.792","2.819","2.684","-6.10%"
"2022-10-24","2.867","2.880","2.992","2.835","-4.05%"
"2022-10-21","2.988","3.032","3.092","2.964","1.15%"
"2022-10-20","2.954","2.999","3.034","2.910","-0.03%"
"2022-10-19","2.955","2.879","2.959","2.867","3.58%"
"2022-10-18","2.853","2.833","2.950","2.793","0.07%"
"2022-10-17","2.851","2.896","2.913","2.806","-3.09%"
"2022-10-14","2.942","2.788","2.964","2.737","2.51%"
"2022-10-13","2.870","2.932","3.023","2.812","-2.84%"
"2022-10-12","2.954","2.911","3.029","2.883","2.25%"
"2022-10-11","2.889","2.897","2.972","2.865","-0.62%"
"2022-10-10","2.907","2.804","2.934","2.747","3.97%"
"2022-10-07","2.796","2.739","2.825","2.717","4.06%"
"2022-10-06","2.687","2.627","2.716","2.601","1.90%"
"2022-10-05","2.637","2.478","2.651","2.471","6.50%"
"2022-10-04","2.476","2.481","2.497","2.366","-0.68%"
"2022-10-03","2.493","2.722","2.774","2.484","-8.38%"
"2022-09-30","2.721","2.771","2.783","2.672","-3.20%"
"2022-09-29","2.811","2.814","2.902","2.773","1.96%"
"2022-09-28","2.757","2.859","2.954","2.735","-2.61%"
"2022-09-27","2.831","2.732","2.862","2.646","4.97%"
"2022-09-26","2.697","2.679","2.723","2.641","3.61%"
"2022-09-23","2.603","2.537","2.675","2.468","2.84%"
"2022-09-22","2.531","2.457","2.558","2.378","3.64%"
"2022-09-21","2.442","2.439","2.465","2.395","-1.93%"
"2022-09-20","2.490","2.357","2.507","2.355","5.96%"
"2022-09-19","2.350","2.317","2.375","2.289","2.09%"
"2022-09-17","2.302","2.302","2.302","2.302","0.04%"
"2022-09-16","2.301","2.366","2.369","2.295","0.13%"
"2022-09-15","2.298","2.298","2.328","2.250","1.50%"
"2022-09-14","2.264","2.270","2.348","2.244","-1.14%"
"2022-09-13","2.290","2.228","2.320","2.203","3.01%"
"2022-09-12","2.223","2.314","2.330","2.208","-1.77%"
"2022-09-09","2.263","2.321","2.358","2.205","0.44%"
"2022-09-08","2.253","2.109","2.274","2.101","4.60%"
"2022-09-07","2.154","2.203","2.233","2.123","-2.36%"
"2022-09-06","2.206","2.193","2.246","2.084","0.87%"
"2022-09-05","2.187","2.119","2.219","2.107","1.48%"
"2022-09-02","2.155","2.158","2.226","2.098","-1.37%"
"2022-09-01","2.185","2.205","2.260","2.171","1.63%"
"2022-08-31","2.150","2.113","2.210","2.075","1.22%"
"2022-08-30","2.124","2.094","2.169","2.054","-0.28%"
"2022-08-29","2.130","2.144","2.180","2.082","6.02%"
"2022-08-26","2.009","1.931","2.060","1.924","3.88%"
"2022-08-25","1.934","1.984","1.993","1.927","-2.47%"
"2022-08-24","1.983","1.956","2.018","1.916","3.61%"
"2022-08-23","1.914","1.874","1.979","1.831","0.47%"
"2022-08-22","1.905","1.783","1.905","1.756","5.42%"
"2022-08-19","1.807","1.739","1.826","1.727","7.69%"
"2022-08-18","1.678","1.674","1.732","1.634","1.39%"
"2022-08-17","1.655","1.554","1.691","1.535","7.47%"
"2022-08-16","1.540","1.460","1.576","1.456","4.98%"
"2022-08-15","1.467","1.539","1.576","1.444","-5.23%"
"2022-08-12","1.548","1.554","1.598","1.517","1.11%"
"2022-08-11","1.531","1.477","1.554","1.412","5.15%"
"2022-08-10","1.456","1.500","1.500","1.389","-1.49%"
"2022-08-09","1.478","1.454","1.521","1.409","2.71%"
"2022-08-08","1.439","1.462","1.485","1.411","-3.75%"
"2022-08-05","1.495","1.350","1.503","1.346","9.77%"
"2022-08-04","1.362","1.429","1.461","1.335","-5.42%"
"2022-08-03","1.440","1.401","1.493","1.371","4.42%"
"2022-08-02","1.379","1.314","1.396","1.249","2.45%"
"2022-08-01","1.346","1.394","1.452","1.328","-2.11%"
"2022-07-30","1.375","1.375","1.375","1.375","-0.72%"
"2022-07-29","1.385","1.389","1.494","1.367","0.80%"
"2022-07-28","1.374","1.580","1.590","1.369","-10.61%"
"2022-07-27","1.537","1.529","1.576","1.511","0.79%"
"2022-07-26","1.525","1.618","1.626","1.501","-5.40%"
"2022-07-25","1.612","1.659","1.689","1.610","-0.49%"
"2022-07-22","1.620","1.791","1.800","1.565","-10.69%"
"2022-07-21","1.814","1.870","1.960","1.784","-1.14%"
"2022-07-20","1.835","1.839","1.858","1.748","-0.97%"
"2022-07-19","1.853","1.781","1.884","1.761","1.98%"
"2022-07-18","1.817","1.770","1.859","1.768","9.49%"
"2022-07-16","1.660","1.660","1.660","1.660","0.09%"
"2022-07-15","1.658","1.667","1.715","1.619","-1.60%"
"2022-07-14","1.685","1.688","1.792","1.663","1.20%"
"2022-07-13","1.665","1.675","1.748","1.628","1.22%"
"2022-07-12","1.645","1.781","1.795","1.611","-7.43%"
"2022-07-11","1.777","1.863","1.863","1.745","-5.35%"
"2022-07-09","1.878","1.878","1.878","1.878","-0.35%"
"2022-07-08","1.884","1.839","1.894","1.797","1.67%"
"2022-07-07","1.853","1.816","1.894","1.799","5.10%"
"2022-07-06","1.763","1.817","1.857","1.681","-2.60%"
"2022-07-05","1.810","1.913","1.945","1.786","-6.51%"
"2022-07-04","1.936","1.852","1.950","1.827","7.98%"
"2022-07-01","1.793","1.955","2.011","1.721","-8.38%"
"2022-06-30","1.957","2.051","2.090","1.928","-5.14%"
"2022-06-29","2.063","2.092","2.197","2.047","-5.24%"
"2022-06-28","2.177","2.075","2.217","2.074","4.61%"
"2022-06-27","2.081","1.998","2.120","1.985","5.74%"
"2022-06-25","1.968","1.968","1.968","1.968","-0.15%"
"2022-06-24","1.971","1.988","2.050","1.898","0.00%"
"2022-06-23","1.971","2.196","2.210","1.937","-8.92%"
"2022-06-22","2.164","2.284","2.308","2.135","-7.44%"
"2022-06-21","2.338","2.297","2.371","2.272","0.86%"
"2022-06-20","2.318","2.254","2.328","2.186","5.41%"
"2022-06-19","2.199","2.199","2.199","2.199","-0.32%"
"2022-06-17","2.206","2.233","2.340","2.141","-2.30%"
"2022-06-16","2.258","2.207","2.484","2.198","1.48%"
"2022-06-15","2.225","2.312","2.362","2.143","-7.10%"
"2022-06-14","2.395","2.229","2.219","2.219","6.78%"
"2022-06-13","2.243","2.105","2.260","2.105","7.17%"
"2022-06-10","2.093","1.995","2.097","1.954","5.55%"
"2022-06-09","1.983","1.876","2.016","1.847","5.82%"
"2022-06-08","1.874","1.833","1.897","1.815","3.54%"
"2022-06-07","1.810","1.859","1.873","1.787","-1.63%"
"2022-06-06","1.840","1.777","1.858","1.758","2.22%"
"2022-06-03","1.800","1.749","1.822","1.746","2.16%"
"2022-06-02","1.762","1.704","1.776","1.698","3.46%"
"2022-06-01","1.703","1.629","1.708","1.622","3.53%"
"2022-05-31","1.645","1.594","1.674","1.538","5.25%"
"2022-05-30","1.563","1.526","1.594","1.523","6.07%"
"2022-05-29","1.474","1.474","1.474","1.474","-0.37%"
"2022-05-27","1.479","1.500","1.526","1.446","-2.25%"
"2022-05-26","1.513","1.472","1.528","1.406","2.02%"
"2022-05-25","1.483","1.489","1.512","1.438","-0.94%"
"2022-05-24","1.497","1.530","1.566","1.473","-2.60%"
"2022-05-23","1.537","1.489","1.556","1.455","4.49%"
"2022-05-20","1.471","1.491","1.515","1.450","0.41%"
"2022-05-19","1.465","1.535","1.552","1.406","-4.12%"
"2022-05-18","1.528","1.563","1.598","1.504","-1.04%"
"2022-05-17","1.544","1.499","1.577","1.476","6.48%"
"2022-05-16","1.450","1.459","1.534","1.438","-0.07%"
"2022-05-14","1.451","1.451","1.451","1.451","-0.34%"
"2022-05-13","1.456","1.409","1.481","1.385","5.89%"
"2022-05-12","1.375","1.430","1.451","1.368","-8.09%"
"2022-05-11","1.496","1.559","1.627","1.476","-3.42%"
"2022-05-10","1.549","1.630","1.658","1.517","-4.74%"
"2022-05-09","1.626","1.648","1.721","1.625","-2.40%"
"2022-05-06","1.666","1.549","1.688","1.543","6.11%"
"2022-05-05","1.570","1.491","1.574","1.419","4.04%"
"2022-05-04","1.509","1.545","1.556","1.488","2.10%"
"2022-05-03","1.478","1.500","1.544","1.434","-1.47%"
"2022-05-02","1.500","1.462","1.509","1.427","2.53%"
"2022-04-29","1.463","1.378","1.479","1.366","4.35%"
"2022-04-28","1.402","1.306","1.422","1.260","7.60%"
"2022-04-27","1.303","1.321","1.358","1.290","-0.69%"
"2022-04-26","1.312","1.364","1.367","1.288","0.23%"
"2022-04-25","1.309","1.391","1.403","1.301","-8.27%"
"2022-04-22","1.427","1.395","1.431","1.369","1.42%"
"2022-04-21","1.407","1.368","1.410","1.330","5.16%"
"2022-04-20","1.338","1.410","1.423","1.311","-3.88%"
"2022-04-19","1.392","1.344","1.433","1.329","4.62%"
"2022-04-18","1.331","1.337","1.337","1.331","0.00%"
"2022-04-15","1.331","1.337","1.337","1.331","-0.86%"
"2022-04-14","1.342","1.289","1.350","1.236","5.50%"
"2022-04-13","1.272","1.360","1.373","1.257","-2.08%"
"2022-04-12","1.299","1.339","1.377","1.260","-1.29%"
"2022-04-11","1.316","1.259","1.322","1.246","4.53%"
"2022-04-08","1.259","1.218","1.296","1.207","3.54%"
"2022-04-07","1.216","1.187","1.257","1.137","3.58%"
"2022-04-06","1.174","1.160","1.237","1.153","1.73%"
"2022-04-05","1.154","1.049","1.170","1.034","14.37%"
"2022-04-04","1.009","1.058","1.067","0.962","-1.08%"
"2022-04-01","1.020","1.029","1.076","1.003","3.55%"
"2022-03-31","0.985","1.076","1.089","0.959","-8.54%"
"2022-03-30","1.077","1.055","1.147","1.043","1.13%"
"2022-03-29","1.065","1.041","1.157","1.016","6.50%"
"2022-03-28","1.000","1.036","1.063","0.976","-0.99%"
"2022-03-25","1.010","0.985","1.023","0.931","2.75%"
"2022-03-24","0.983","0.947","1.016","0.910","5.70%"
"2022-03-23","0.930","0.970","0.976","0.916","-3.12%"
"2022-03-22","0.960","0.934","0.992","0.931","4.80%"
"2022-03-21","0.916","0.865","0.923","0.847","9.70%"
"2022-03-18","0.835","0.849","0.860","0.796","-0.36%"
"2022-03-17","0.838","0.861","0.868","0.813","-1.64%"
"2022-03-16","0.852","0.850","0.871","0.819","5.32%"
"2022-03-15","0.809","0.828","0.847","0.792","-3.58%"
"2022-03-14","0.839","0.766","0.854","0.752","14.77%"
"2022-03-11","0.731","0.747","0.794","0.728","-2.27%"
"2022-03-10","0.748","0.640","0.779","0.604","15.61%"
"2022-03-09","0.647","0.564","0.667","0.532","15.74%"
"2022-03-08","0.559","0.467","0.582","0.458","17.19%"
"2022-03-07","0.477","0.445","0.494","0.410","11.45%"
"2022-03-04","0.428","0.483","0.502","0.409","-13.54%"
"2022-03-03","0.495","0.473","0.551","0.463","3.34%"
"2022-03-02","0.479","0.387","0.483","0.371","36.86%"
"2022-03-01","0.350","0.601","0.610","0.349","-43.18%"
"2022-02-28","0.616","0.654","0.703","0.613","-12.99%"
"2022-02-25","0.708","0.676","0.715","0.644","6.95%"
"2022-02-24","0.662","0.669","0.704","0.641","-9.07%"
"2022-02-23","0.728","0.741","0.763","0.724","-1.22%"
"2022-02-22","0.737","0.664","0.775","0.664","2.93%"
"2022-02-21","0.716","0.714","0.733","0.681","4.37%"
"2022-02-18","0.686","0.715","0.720","0.683","-2.14%"
"2022-02-17","0.701","0.736","0.758","0.697","-6.78%"
"2022-02-16","0.752","0.795","0.803","0.729","-4.08%"
"2022-02-15","0.784","0.743","0.802","0.739","2.89%"
"2022-02-14","0.762","0.714","0.766","0.679","-1.30%"
"2022-02-11","0.772","0.752","0.774","0.719","2.93%"
"2022-02-10","0.750","0.687","0.762","0.674","11.94%"
"2022-02-09","0.670","0.692","0.699","0.657","-6.69%"
"2022-02-08","0.718","0.698","0.737","0.651","6.53%"
"2022-02-07","0.674","0.629","0.705","0.625","3.85%"
"2022-02-04","0.649","0.594","0.672","0.590","10.56%"
"2022-02-03","0.587","0.453","0.596","0.444","31.32%"
"2022-02-02","0.447","0.441","0.469","0.416","-0.89%"
"2022-02-01","0.451","0.414","0.458","0.396","5.62%"
"2022-01-31","0.427","0.373","0.441","0.360","16.99%"
"2022-01-28","0.365","0.360","0.405","0.352","5.80%"
"2022-01-27","0.345","0.374","0.391","0.343","0.00%"
"2022-01-26","0.345","0.327","0.353","0.324","3.60%"
"2022-01-25","0.333","0.320","0.338","0.306","8.47%"
"2022-01-24","0.307","0.329","0.331","0.294","-7.25%"
"2022-01-21","0.331","0.338","0.351","0.310","-8.82%"
"2022-01-20","0.363","0.387","0.387","0.344","-3.20%"
"2022-01-19","0.375","0.393","0.412","0.372","1.90%"
"2022-01-18","0.368","0.371","0.379","0.350","2.79%"
"2022-01-17","0.358","0.351","0.359","0.341","7.83%"
"2022-01-14","0.332","0.282","0.334","0.274","37.19%"
"2022-01-13","0.242","0.281","0.298","0.228","-11.68%"
"2022-01-12","0.274","0.292","0.304","0.248","-8.05%"
"2022-01-11","0.298","0.284","0.313","0.269","4.56%"
"2022-01-10","0.285","0.292","0.306","0.268","-1.38%"
"2022-01-07","0.289","0.272","0.296","0.259","11.58%"
"2022-01-06","0.259","0.252","0.289","0.244","9.75%"
"2022-01-05","0.236","0.233","0.241","0.220","0.85%"
"2022-01-04","0.234","0.234","0.241","0.200","1.30%"
"2022-01-03","0.231","0.208","0.245","0.177","19.07%"
"2021-12-31","0.194","0.192","0.194","0.192","-2.51%"
"2021-12-30","0.199","0.189","0.206","0.167","2.58%"
"2021-12-29","0.194","0.127","0.201","0.125","56.45%"
"2021-12-28","0.124","0.129","0.154","0.122","-2.36%"
"2021-12-27","0.127","0.122","0.153","0.119","6.72%"
"2021-12-24","0.119","0.119","0.119","0.119","0.85%"
"2021-12-23","0.118","0.088","0.138","0.082","53.25%"
"2021-12-22","0.077","0.050","0.100","0.050","26.23%"
"2021-12-21","0.061","-0.009","0.065","-0.019","-535.71%"
"2021-12-20","-0.014","-0.040","0.001","-0.049","-48.15%"
"2021-12-17","-0.027","-0.010","0.005","-0.035","-640.00%"
"2021-12-16","0.005","-0.021","0.045","-0.028","-135.71%"
"2021-12-15","-0.014","-0.025","0.003","-0.033","-12.50%"
"2021-12-14","-0.016","-0.036","-0.003","-0.039","-52.94%"
"2021-12-13","-0.034","-0.002","0.010","-0.038","466.67%"
"2021-12-10","-0.006","0.013","0.026","-0.014","-400.00%"
"2021-12-09","0.002","0.025","0.028","-0.007","-95.45%"
"2021-12-08","0.044","-0.025","0.051","-0.056","-246.67%"
"2021-12-07","-0.030","0.002","0.005","-0.035","-6.25%"
"2021-12-06","-0.032","-0.032","-0.007","-0.039","28.00%"
"2021-12-03","-0.025","-0.017","0.008","-0.032","92.31%"
"2021-12-02","-0.013","0.015","0.062","-0.035","-150.00%"
"2021-12-01","0.026","0.015","0.062","0.012","73.33%"
"2021-11-30","0.015","0.023","0.041","-0.009","-65.91%"
"2021-11-29","0.044","0.043","0.070","0.024","41.94%"
"2021-11-27","0.031","0.031","0.031","0.031","-8.82%"
"2021-11-26","0.034","0.060","0.070","0.026","-69.91%"
"2021-11-25","0.113","0.139","0.145","0.111","-20.42%"
"2021-11-24","0.142","0.118","0.171","0.115","1.43%"
"2021-11-23","0.140","0.066","0.142","0.057","169.23%"
"2021-11-22","0.052","0.019","0.055","-0.007","940.00%"
"2021-11-20","0.005","0.005","0.005","0.005","66.67%"
"2021-11-19","0.003","0.085","0.087","-0.002","-95.59%"
"2021-11-18","0.068","0.095","0.108","0.063","-39.82%"
"2021-11-17","0.113","0.119","0.133","0.100","0.89%"
"2021-11-16","0.112","0.126","0.139","0.102","-15.15%"
"2021-11-15","0.132","0.083","0.133","0.069","26.92%"
"2021-11-12","0.104","0.132","0.146","0.092","-19.38%"
"2021-11-11","0.129","0.114","0.138","0.096","11.21%"
"2021-11-10","0.116","0.060","0.118","0.048","152.17%"
"2021-11-09","0.046","0.089","0.100","0.041","-51.58%"
"2021-11-08","0.095","0.071","0.097","0.060","58.33%"
"2021-11-05","0.060","0.116","0.126","0.057","-47.83%"
"2021-11-04","0.115","0.174","0.191","0.107","-36.46%"
"2021-11-03","0.181","0.182","0.201","0.151","-5.24%"
"2021-11-02","0.191","0.241","0.247","0.178","-31.05%"
"2021-11-01","0.277","0.263","0.317","0.255","3.17%"
"2021-10-30","0.269","0.269","0.269","0.269","-2.36%"
"2021-10-29","0.275","0.243","0.308","0.231","30.33%"
"2021-10-28","0.211","0.166","0.259","0.164","27.88%"
"2021-10-27","0.165","0.215","0.229","0.157","-25.34%"
"2021-10-26","0.221","0.220","0.235","0.196","-0.45%"
"2021-10-25","0.222","0.232","0.258","0.216","-5.93%"
"2021-10-23","0.236","0.236","0.236","0.236","-0.84%"
"2021-10-22","0.238","0.248","0.265","0.233","0.42%"
"2021-10-21","0.237","0.220","0.250","0.208","10.23%"
"2021-10-20","0.215","0.236","0.251","0.207","-8.90%"
"2021-10-19","0.236","0.193","0.249","0.165","21.65%"
"2021-10-18","0.194","0.190","0.226","0.180","12.79%"
"2021-10-15","0.172","0.157","0.190","0.156","19.44%"
"2021-10-14","0.144","0.218","0.225","0.140","-30.43%"
"2021-10-13","0.207","0.236","0.243","0.190","-14.46%"
"2021-10-12","0.242","0.211","0.245","0.199","10.50%"
"2021-10-11","0.219","0.211","0.233","0.195","12.89%"
"2021-10-08","0.194","0.176","0.199","0.156","21.25%"
"2021-10-07","0.160","0.171","0.172","0.141","-4.76%"
"2021-10-06","0.168","0.192","0.208","0.154","4.35%"
"2021-10-05","0.161","0.132","0.170","0.115","21.05%"
"2021-10-04","0.133","0.122","0.151","0.120","3.10%"
"2021-10-01","0.129","0.138","0.160","0.106","-16.77%"
"2021-09-30","0.155","0.149","0.172","0.125","13.97%"
"2021-09-29","0.136","0.158","0.158","0.121","-10.53%"
"2021-09-28","0.152","0.145","0.181","0.139","25.62%"
"2021-09-27","0.121","0.104","0.154","0.094","9.50%"
"2021-09-25","0.111","0.111","0.111","0.111","-3.07%"
"2021-09-24","0.114","0.093","0.122","0.090","54.05%"
"2021-09-23","0.074","0.033","0.085","0.012","1,133.33%"
"2021-09-22","0.006","0.020","0.034","0.002","-57.14%"
"2021-09-21","0.014","0.025","0.043","-0.002","-44.00%"
"2021-09-20","0.025","0.045","0.048","0.006","-46.81%"
"2021-09-19","0.047","0.047","0.047","0.047","4.44%"
"2021-09-17","0.045","0.035","0.067","0.032","66.67%"
"2021-09-16","0.027","0.027","0.050","0.018","22.73%"
"2021-09-15","0.022","-0.009","0.027","-0.022","-246.67%"
"2021-09-14","-0.015","0.002","0.033","-0.026","-1,600.00%"
"2021-09-13","0.001","-0.005","0.010","-0.013","-200.00%"
"2021-09-12","-0.001","-0.001","-0.001","-0.001","0.00%"
"2021-09-11","-0.001","-0.001","-0.001","-0.001","-125.00%"
"2021-09-10","0.004","-0.034","0.004","-0.036","-112.12%"
"2021-09-09","-0.033","0.019","0.024","-0.046","-250.00%"
"2021-09-08","0.022","0.029","0.029","0.001","-24.14%"
"2021-09-07","0.029","-0.019","0.036","-0.020","-211.54%"
"2021-09-06","-0.026","-0.022","0.001","-0.032","44.44%"
"2021-09-03","-0.018","-0.035","-0.003","-0.046","-47.06%"
"2021-09-02","-0.034","-0.027","-0.022","-0.053","47.83%"
"2021-09-01","-0.023","-0.026","-0.003","-0.037","-17.86%"
"2021-08-31","-0.028","-0.082","-0.024","-0.089","-67.06%"
"2021-08-30","-0.085","-0.063","-0.045","-0.089","28.79%"
"2021-08-27","-0.066","-0.059","-0.043","-0.067","17.86%"
"2021-08-26","-0.056","-0.069","-0.041","-0.075","-13.85%"
"2021-08-25","-0.065","-0.125","-0.058","-0.133","-50.00%"
"2021-08-24","-0.130","-0.121","-0.118","-0.146","-2.26%"
"2021-08-23","-0.133","-0.142","-0.108","-0.150","-9.52%"
"2021-08-20","-0.147","-0.144","-0.136","-0.153","5.00%"
"2021-08-19","-0.140","-0.141","-0.124","-0.152","4.48%"
"2021-08-18","-0.134","-0.129","-0.124","-0.145","9.84%"
"2021-08-17","-0.122","-0.135","-0.111","-0.154","0.00%"
"2021-08-16","-0.122","-0.135","-0.109","-0.143","-4.69%"
"2021-08-13","-0.128","-0.126","-0.098","-0.135","-0.78%"
"2021-08-12","-0.129","-0.120","-0.105","-0.132","6.61%"
"2021-08-11","-0.121","-0.120","-0.098","-0.129","-3.97%"
"2021-08-10","-0.126","-0.132","-0.112","-0.154","1.61%"
"2021-08-09","-0.124","-0.126","-0.114","-0.145","6.90%"
"2021-08-06","-0.116","-0.153","-0.112","-0.160","-24.68%"
"2021-08-05","-0.154","-0.147","-0.138","-0.177","3.36%"
"2021-08-04","-0.149","-0.136","-0.126","-0.169","11.19%"
"2021-08-03","-0.134","-0.122","-0.111","-0.144","0.75%"
"2021-08-02","-0.133","-0.099","-0.090","-0.136","30.39%"
"2021-07-30","-0.102","-0.099","-0.083","-0.105","3.03%"
"2021-07-29","-0.099","-0.084","-0.068","-0.102","17.86%"
"2021-07-28","-0.084","-0.091","-0.073","-0.100","-5.62%"
"2021-07-27","-0.089","-0.075","-0.073","-0.098","17.11%"
"2021-07-26","-0.076","-0.091","-0.059","-0.113","-11.63%"
"2021-07-23","-0.086","-0.070","-0.054","-0.086","6.17%"
"2021-07-22","-0.081","-0.053","-0.034","-0.087","76.09%"
"2021-07-21","-0.046","-0.075","-0.036","-0.076","-19.30%"
"2021-07-20","-0.057","-0.050","-0.042","-0.082","50.00%"
"2021-07-19","-0.038","-0.024","-0.015","-0.056","171.43%"
"2021-07-16","-0.014","-0.005","0.007","-0.021","-1,500.00%"
"2021-07-15","0.001","0.004","0.018","-0.005","-94.44%"
"2021-07-14","0.018","0.046","0.061","0.014","-48.57%"
"2021-07-13","0.035","0.041","0.053","0.019","-28.57%"
"2021-07-12","0.049","0.048","0.057","0.028","-7.55%"
"2021-07-09","0.053","0.045","0.062","0.028","29.27%"
"2021-07-08","0.041","0.022","0.047","0.000","0.00%"
"2021-07-07","0.041","0.070","0.072","0.019","-34.92%"
"2021-07-06","0.063","0.128","0.137","0.056","-48.36%"
"2021-07-05","0.122","0.101","0.127","0.098","33.33%"
"2021-07-04","0.091","0.091","0.091","0.091","-3.68%"
"2021-07-02","0.095","0.122","0.126","0.084","-23.39%"
"2021-07-01","0.124","0.139","0.154","0.116","-5.34%"
"2021-06-30","0.131","0.162","0.176","0.117","-22.49%"
"2021-06-29","0.169","0.167","0.181","0.146","5.63%"
"2021-06-28","0.160","0.194","0.199","0.156","-18.16%"
"2021-06-26","0.196","0.196","0.196","0.196","0.00%"
"2021-06-25","0.196","0.160","0.208","0.149","28.95%"
"2021-06-24","0.152","0.166","0.177","0.142","-1.94%"
"2021-06-23","0.155","0.171","0.181","0.134","-10.92%"
"2021-06-22","0.174","0.169","0.195","0.148","2.96%"
"2021-06-21","0.169","0.133","0.181","0.130","6.29%"
"2021-06-20","0.159","0.159","0.159","0.159","0.00%"
"2021-06-19","0.159","0.159","0.159","0.159","0.63%"
"2021-06-18","0.158","0.171","0.177","0.141","-1.86%"
"2021-06-17","0.161","0.191","0.194","0.157","20.15%"
"2021-06-16","0.134","0.149","0.149","0.129","-8.84%"
"2021-06-15","0.147","0.122","0.153","0.112","16.67%"
"2021-06-14","0.126","0.094","0.130","0.090","26.00%"
"2021-06-11","0.100","0.103","0.106","0.080","-16.67%"
"2021-06-10","0.120","0.112","0.159","0.109","0.00%"
"2021-06-09","0.120","0.147","0.149","0.095","-16.08%"
"2021-06-08","0.143","0.164","0.177","0.137","-18.29%"
"2021-06-07","0.175","0.154","0.178","0.151","14.01%"
"2021-06-05","0.154","0.154","0.154","0.154","0.00%"
"2021-06-04","0.154","0.178","0.182","0.147","-13.48%"
"2021-06-03","0.178","0.167","0.186","0.163","11.95%"
"2021-06-02","0.159","0.172","0.177","0.157","-13.59%"
"2021-06-01","0.184","0.177","0.191","0.155","6.98%"
"2021-05-31","0.172","0.188","0.207","0.170","-1.71%"
"2021-05-28","0.175","0.195","0.206","0.169","-5.91%"
"2021-05-27","0.186","0.149","0.192","0.148","20.00%"
"2021-05-26","0.155","0.185","0.189","0.149","-22.11%"
"2021-05-25","0.199","0.227","0.230","0.197","-14.96%"
"2021-05-24","0.234","0.237","0.260","0.228","-5.26%"
"2021-05-21","0.247","0.266","0.268","0.231","-6.79%"
"2021-05-20","0.265","0.307","0.308","0.263","-6.36%"
"2021-05-19","0.283","0.301","0.328","0.268","-5.35%"
"2021-05-18","0.299","0.292","0.307","0.266","2.75%"
"2021-05-17","0.291","0.246","0.306","0.241","10.65%"
"2021-05-14","0.263","0.275","0.286","0.255","-2.95%"
"2021-05-13","0.271","0.261","0.298","0.251","2.26%"
"2021-05-12","0.265","0.223","0.266","0.206","16.74%"
"2021-05-11","0.227","0.182","0.231","0.179","33.53%"
"2021-05-10","0.170","0.182","0.195","0.162","3.66%"
"2021-05-07","0.164","0.145","0.181","0.127","12.33%"
"2021-05-06","0.146","0.129","0.161","0.115","6.57%"
"2021-05-05","0.137","0.135","0.155","0.125","11.38%"
"2021-05-04","0.123","0.159","0.167","0.110","-19.61%"
"2021-05-03","0.153","0.152","0.200","0.133","-2.55%"
"2021-04-30","0.157","0.150","0.170","0.141","-2.48%"
"2021-04-29","0.161","0.111","0.172","0.110","559.84%"
"2021-04-28","0.024","0.022","0.051","0.016","4,780.00%"
"2021-04-27","0.001","0.001","0.007","-0.014","-110.87%"
"2021-04-26","-0.005","0.017","0.021","-0.017","-35.21%"
"2021-04-23","-0.007","-0.011","0.002","-0.030","33.96%"
"2021-04-22","-0.005","-0.034","0.011","-0.034","-66.03%"
"2021-04-21","-0.016","-0.007","0.004","-0.031","26.83%"
"2021-04-20","-0.012","0.028","0.034","-0.015","-218.27%"
"2021-04-19","0.010","-0.022","0.035","-0.026","-183.20%"
"2021-04-16","-0.013","-0.018","-0.002","-0.035","-64.69%"
"2021-04-15","-0.035","-0.004","0.003","-0.040","856.76%"
"2021-04-14","-0.004","-0.051","-0.001","-0.053","-88.82%"
"2021-04-13","-0.033","-0.024","-0.010","-0.043","6.77%"
"2021-04-12","-0.031","-0.051","-0.028","-0.077","-26.01%"
"2021-04-09","-0.042","-0.073","-0.023","-0.079","-47.62%"
"2021-04-08","-0.080","-0.072","-0.068","-0.094","16.11%"
"2021-04-07","-0.069","-0.071","-0.059","-0.090","13.32%"
"2021-04-06","-0.061","-0.071","-0.039","-0.073","-24.94%"
"2021-04-05","-0.081","-0.081","-0.081","-0.081","0.62%"
"2021-04-02","-0.080","-0.081","-0.080","-0.081","2.68%"
"2021-04-01","-0.078","-0.045","-0.039","-0.083","64.71%"
"2021-03-31","-0.048","-0.033","-0.020","-0.057","26.93%"
"2021-03-30","-0.038","-0.039","-0.006","-0.047","-46.96%"
"2021-03-29","-0.071","-0.109","-0.064","-0.124","-32.86%"
"2021-03-26","-0.105","-0.121","-0.084","-0.124","-22.63%"
"2021-03-25","-0.136","-0.116","-0.110","-0.140","25.79%"
"2021-03-24","-0.108","-0.105","-0.086","-0.122","16.09%"
"2021-03-23","-0.093","-0.069","-0.067","-0.100","54.56%"
"2021-03-22","-0.060","-0.078","-0.041","-0.079","31.95%"
"2021-03-19","-0.046","-0.042","-0.029","-0.062","153.89%"
"2021-03-18","-0.018","-0.026","0.002","-0.026","-48.72%"
"2021-03-17","-0.035","-0.078","-0.029","-0.089","-59.04%"
"2021-03-16","-0.086","-0.088","-0.080","-0.105","-5.09%"
"2021-03-15","-0.090","-0.085","-0.057","-0.097","62.70%"
"2021-03-12","-0.056","-0.066","-0.047","-0.090","-38.88%"
"2021-03-11","-0.091","-0.077","-0.059","-0.135","51.84%"
"2021-03-10","-0.060","-0.066","-0.044","-0.076","6.22%"
"2021-03-09","-0.056","-0.049","-0.048","-0.095","78.16%"
"2021-03-08","-0.032","-0.032","-0.025","-0.061","-31.60%"
"2021-03-05","-0.046","-0.030","-0.021","-0.060","-27.36%"
"2021-03-04","-0.064","-0.057","-0.047","-0.078","55.12%"
"2021-03-03","-0.041","-0.110","-0.035","-0.116","-60.77%"
"2021-03-02","-0.105","-0.102","-0.063","-0.110","8.40%"
"2021-03-01","-0.096","-0.056","-0.039","-0.108","1,790.20%"
"2021-02-26","-0.005","0.047","0.047","-0.044","-118.35%"
"2021-02-25","0.028","-0.031","0.047","-0.035","-168.64%"
"2021-02-24","-0.041","-0.075","-0.010","-0.080","-36.42%"
"2021-02-23","-0.064","-0.079","-0.027","-0.084","-36.30%"
"2021-02-22","-0.100","-0.038","-0.030","-0.115","60.51%"
"2021-02-19","-0.062","-0.062","-0.055","-0.082","-24.67%"
"2021-02-18","-0.083","-0.121","-0.064","-0.132","-36.63%"
"2021-02-17","-0.131","-0.107","-0.088","-0.134","8.03%"
"2021-02-16","-0.121","-0.162","-0.115","-0.172","-21.56%"
"2021-02-15","-0.154","-0.159","-0.144","-0.176","-22.34%"
"2021-02-12","-0.198","-0.231","-0.186","-0.241","-14.53%"
"2021-02-11","-0.232","-0.227","-0.220","-0.247","9.85%"
"2021-02-10","-0.211","-0.217","-0.200","-0.234","-5.12%"
"2021-02-09","-0.223","-0.220","-0.203","-0.236","-1.81%"
"2021-02-08","-0.227","-0.213","-0.187","-0.229","0.76%"
"2021-02-05","-0.225","-0.244","-0.189","-0.249","-4.86%"
"2021-02-04","-0.236","-0.230","-0.220","-0.251","-1.95%"
"2021-02-03","-0.241","-0.242","-0.231","-0.257","-1.55%"
"2021-02-02","-0.245","-0.271","-0.237","-0.273","-10.81%"
"2021-02-01","-0.275","-0.289","-0.260","-0.290","0.55%"
"2021-01-29","-0.273","-0.296","-0.253","-0.308","-10.16%"
"2021-01-28","-0.304","-0.313","-0.291","-0.323","-1.01%"
"2021-01-27","-0.307","-0.296","-0.284","-0.332","2.06%"
"2021-01-26","-0.301","-0.321","-0.292","-0.325","-4.44%"
"2021-01-25","-0.315","-0.281","-0.273","-0.319","13.35%"
"2021-01-22","-0.278","-0.259","-0.249","-0.285","3.50%"
"2021-01-21","-0.269","-0.306","-0.254","-0.312","-9.87%"
"2021-01-20","-0.298","-0.306","-0.291","-0.316","-2.01%"
"2021-01-19","-0.304","-0.292","-0.284","-0.309","-0.20%"
"2021-01-18","-0.305","-0.324","-0.288","-0.330","-3.94%"
"2021-01-15","-0.317","-0.328","-0.308","-0.338","-3.32%"
"2021-01-14","-0.328","-0.315","-0.305","-0.338","5.43%"
"2021-01-13","-0.311","-0.273","-0.268","-0.319","21.19%"
"2021-01-12","-0.257","-0.277","-0.244","-0.285","-10.46%"
"2021-01-11","-0.287","-0.324","-0.283","-0.331","-9.42%"
"2021-01-08","-0.317","-0.319","-0.310","-0.331","0.57%"
"2021-01-07","-0.315","-0.309","-0.302","-0.339","-1.44%"
"2021-01-06","-0.319","-0.298","-0.293","-0.330","-4.03%"
"2021-01-05","-0.333","-0.369","-0.330","-0.371","-9.10%"
"2021-01-04","-0.366","-0.340","-0.326","-0.380","6.71%"
"2021-01-01","-0.343","-0.343","-0.343","-0.350","0.00%"
"2020-12-31","-0.343","-0.342","-0.342","-0.403","1.93%"
"2020-12-30","-0.336","-0.341","-0.312","-0.351","-2.44%"
"2020-12-29","-0.345","-0.336","-0.323","-0.351","5.15%"
"2020-12-28","-0.328","-0.315","-0.299","-0.333","7.89%"
"2020-12-25","-0.304","-0.317","-0.304","-0.317","4.61%"
"2020-12-24","-0.291","-0.273","-0.273","-0.297","-6.71%"
"2020-12-23","-0.312","-0.345","-0.290","-0.362","-11.63%"
"2020-12-22","-0.352","-0.350","-0.321","-0.359","3.10%"
"2020-12-21","-0.342","-0.363","-0.332","-0.379","3.08%"
"2020-12-18","-0.332","-0.336","-0.305","-0.347","-1.04%"
"2020-12-17","-0.335","-0.323","-0.313","-0.359","1.85%"
"2020-12-16","-0.329","-0.366","-0.306","-0.374","-11.56%"
"2020-12-15","-0.372","-0.377","-0.361","-0.385","0.00%"
"2020-12-14","-0.372","-0.371","-0.352","-0.384","-2.34%"
"2020-12-11","-0.381","-0.364","-0.359","-0.393","6.94%"
"2020-12-10","-0.356","-0.368","-0.323","-0.386","-1.66%"
"2020-12-09","-0.362","-0.360","-0.344","-0.366","-1.07%"
"2020-12-08","-0.366","-0.346","-0.332","-0.376","6.93%"
"2020-12-07","-0.342","-0.327","-0.320","-0.351","11.11%"
"2020-12-04","-0.308","-0.318","-0.299","-0.330","-1.82%"
"2020-12-03","-0.314","-0.288","-0.283","-0.318","10.11%"
"2020-12-02","-0.285","-0.283","-0.269","-0.296","0.60%"
"2020-12-01","-0.283","-0.333","-0.279","-0.339","-12.30%"
"2020-11-30","-0.323","-0.343","-0.320","-0.358","-6.08%"
"2020-11-27","-0.344","-0.350","-0.333","-0.356","-1.86%"
"2020-11-26","-0.350","-0.327","-0.321","-0.354","4.66%"
"2020-11-25","-0.335","-0.326","-0.312","-0.348","0.78%"
"2020-11-24","-0.332","-0.331","-0.327","-0.346","-2.58%"
"2020-11-23","-0.341","-0.351","-0.328","-0.360","-2.63%"
"2020-11-21","-0.350","-0.348","-0.348","-0.350","1.27%"
"2020-11-20","-0.346","-0.343","-0.332","-0.354","3.29%"
"2020-11-19","-0.335","-0.322","-0.317","-0.344","3.14%"
"2020-11-18","-0.324","-0.344","-0.313","-0.344","-1.79%"
"2020-11-17","-0.330","-0.311","-0.302","-0.336","6.24%"
"2020-11-16","-0.311","-0.316","-0.276","-0.331","1.20%"
"2020-11-13","-0.307","-0.303","-0.290","-0.322","6.19%"
"2020-11-12","-0.289","-0.275","-0.256","-0.291","10.25%"
"2020-11-11","-0.262","-0.229","-0.221","-0.277","10.44%"
"2020-11-10","-0.238","-0.252","-0.226","-0.262","-6.60%"
"2020-11-09","-0.254","-0.367","-0.242","-0.384","-27.75%"
"2020-11-06","-0.352","-0.361","-0.337","-0.377","-2.22%"
"2020-11-05","-0.360","-0.374","-0.345","-0.382","-0.19%"
"2020-11-04","-0.361","-0.385","-0.343","-0.389","5.25%"
"2020-11-03","-0.343","-0.345","-0.319","-0.354","-2.14%"
"2020-11-02","-0.350","-0.346","-0.322","-0.354","3.00%"
"2020-10-30","-0.340","-0.345","-0.319","-0.354","-3.74%"
"2020-10-29","-0.353","-0.322","-0.313","-0.360","8.47%"
"2020-10-28","-0.326","-0.328","-0.309","-0.345","-0.25%"
"2020-10-27","-0.326","-0.305","-0.290","-0.329","10.01%"
"2020-10-26","-0.297","-0.321","-0.280","-0.329","-0.27%"
"2020-10-23","-0.298","-0.294","-0.270","-0.301","4.97%"
"2020-10-22","-0.283","-0.307","-0.276","-0.322","-8.55%"
"2020-10-21","-0.310","-0.307","-0.293","-0.332","-5.46%"
"2020-10-20","-0.328","-0.341","-0.313","-0.346","-3.33%"
"2020-10-19","-0.339","-0.350","-0.317","-0.351","-1.74%"
"2020-10-16","-0.345","-0.330","-0.327","-0.357","3.73%"
"2020-10-15","-0.333","-0.315","-0.310","-0.351","8.83%"
"2020-10-14","-0.306","-0.293","-0.292","-0.319","4.05%"
"2020-10-13","-0.294","-0.288","-0.271","-0.301","3.41%"
"2020-10-12","-0.284","-0.279","-0.259","-0.286","7.69%"
"2020-10-09","-0.264","-0.264","-0.261","-0.288","1.46%"
"2020-10-08","-0.260","-0.229","-0.223","-0.263","13.68%"
"2020-10-07","-0.229","-0.264","-0.217","-0.266","-5.26%"
"2020-10-06","-0.242","-0.243","-0.227","-0.262","1.00%"
"2020-10-05","-0.239","-0.262","-0.233","-0.276","-8.74%"
"2020-10-03","-0.262","-0.262","-0.262","-0.262","0.00%"
"2020-10-02","-0.262","-0.253","-0.247","-0.274","5.14%"
"2020-10-01","-0.249","-0.234","-0.220","-0.259","2.72%"
"2020-09-30","-0.242","-0.270","-0.236","-0.276","-10.39%"
"2020-09-29","-0.271","-0.258","-0.250","-0.275","9.43%"
"2020-09-28","-0.247","-0.245","-0.227","-0.255","0.00%"
"2020-09-25","-0.247","-0.229","-0.221","-0.254","7.62%"
"2020-09-24","-0.230","-0.253","-0.225","-0.264","-5.20%"
"2020-09-23","-0.242","-0.254","-0.228","-0.265","1.55%"
"2020-09-22","-0.238","-0.253","-0.229","-0.261","-5.81%"
"2020-09-21","-0.253","-0.220","-0.208","-0.268","13.54%"
"2020-09-19","-0.223","-0.223","-0.223","-0.223","1.36%"
"2020-09-18","-0.220","-0.220","-0.212","-0.248","-4.01%"
"2020-09-17","-0.229","-0.225","-0.196","-0.248","2.55%"
"2020-09-16","-0.223","-0.209","-0.204","-0.238","6.28%"
"2020-09-15","-0.210","-0.201","-0.185","-0.220","5.36%"
"2020-09-14","-0.200","-0.201","-0.189","-0.222","5.22%"
"2020-09-11","-0.190","-0.159","-0.158","-0.193","34.44%"
"2020-09-10","-0.141","-0.156","-0.125","-0.186","-11.81%"
"2020-09-09","-0.160","-0.205","-0.156","-0.210","-16.10%"
"2020-09-08","-0.191","-0.154","-0.152","-0.207","19.79%"
"2020-09-07","-0.159","-0.142","-0.137","-0.182","-6.35%"
"2020-09-04","-0.170","-0.191","-0.166","-0.199","-12.19%"
"2020-09-03","-0.194","-0.189","-0.163","-0.206","5.05%"
"2020-09-02","-0.184","-0.143","-0.128","-0.190","62.95%"
"2020-09-01","-0.113","-0.101","-0.071","-0.122","27.80%"
"2020-08-31","-0.089","-0.101","-0.076","-0.112","-11.76%"
"2020-08-28","-0.100","-0.092","-0.080","-0.119","-11.24%"
"2020-08-27","-0.113","-0.141","-0.098","-0.179","-7.07%"
"2020-08-26","-0.122","-0.128","-0.107","-0.136","-9.05%"
"2020-08-25","-0.134","-0.181","-0.117","-0.184","-29.89%"
"2020-08-24","-0.191","-0.207","-0.171","-0.211","-6.06%"
"2020-08-23","-0.203","-0.203","-0.203","-0.203","0.00%"
"2020-08-22","-0.203","-0.203","-0.203","-0.203","3.05%"
"2020-08-21","-0.197","-0.192","-0.187","-0.213","-1.79%"
"2020-08-20","-0.201","-0.193","-0.169","-0.219","8.90%"
"2020-08-19","-0.184","-0.188","-0.169","-0.205","10.43%"
"2020-08-18","-0.167","-0.169","-0.141","-0.180","2.27%"
"2020-08-17","-0.163","-0.126","-0.123","-0.164","32.17%"
"2020-08-14","-0.123","-0.115","-0.104","-0.135","-2.53%"
"2020-08-13","-0.127","-0.185","-0.111","-0.191","-25.96%"
"2020-08-12","-0.171","-0.192","-0.152","-0.196","-14.50%"
"2020-08-11","-0.200","-0.237","-0.185","-0.244","-15.15%"
"2020-08-10","-0.236","-0.212","-0.196","-0.248","12.18%"
"2020-08-07","-0.210","-0.218","-0.208","-0.242","-9.09%"
"2020-08-06","-0.231","-0.195","-0.188","-0.243","15.90%"
"2020-08-05","-0.199","-0.237","-0.188","-0.241","-15.79%"
"2020-08-04","-0.237","-0.204","-0.195","-0.247","16.48%"
"2020-08-03","-0.203","-0.197","-0.177","-0.206","2.88%"
"2020-07-31","-0.198","-0.226","-0.180","-0.232","-7.58%"
"2020-07-30","-0.214","-0.183","-0.182","-0.225","19.84%"
"2020-07-29","-0.178","-0.198","-0.172","-0.205","-6.69%"
"2020-07-28","-0.191","-0.176","-0.169","-0.204","3.35%"
"2020-07-27","-0.185","-0.146","-0.141","-0.192","31.11%"
"2020-07-24","-0.141","-0.175","-0.129","-0.197","-21.61%"
"2020-07-23","-0.180","-0.184","-0.172","-0.193","-3.07%"
"2020-07-22","-0.186","-0.154","-0.149","-0.196","18.05%"
"2020-07-21","-0.157","-0.154","-0.145","-0.176","-2.05%"
"2020-07-20","-0.161","-0.128","-0.120","-0.179","12.31%"
"2020-07-19","-0.143","-0.143","-0.143","-0.143","4.30%"
"2020-07-17","-0.137","-0.144","-0.137","-0.168","-8.60%"
"2020-07-16","-0.150","-0.134","-0.120","-0.167","14.94%"
"2020-07-15","-0.131","-0.123","-0.113","-0.150","1.48%"
"2020-07-14","-0.129","-0.117","-0.102","-0.136","35.65%"
"2020-07-13","-0.095","-0.123","-0.087","-0.139","-34.85%"
"2020-07-11","-0.146","-0.146","-0.146","-0.146","3.78%"
"2020-07-10","-0.140","-0.153","-0.139","-0.159","1.59%"
"2020-07-09","-0.138","-0.123","-0.117","-0.153","6.07%"
"2020-07-08","-0.130","-0.132","-0.117","-0.145","13.13%"
"2020-07-07","-0.115","-0.133","-0.092","-0.140","-1.12%"
"2020-07-06","-0.116","-0.103","-0.096","-0.127","9.10%"
"2020-07-03","-0.107","-0.109","-0.099","-0.134","0.00%"
"2020-07-02","-0.106","-0.061","-0.050","-0.119","85.04%"
"2020-07-01","-0.058","-0.098","-0.049","-0.105","-50.26%"
"2020-06-30","-0.116","-0.124","-0.111","-0.148","-7.52%"
"2020-06-29","-0.125","-0.109","-0.103","-0.130","-1.57%"
"2020-06-27","-0.127","-0.128","-0.127","-0.128","0.79%"
"2020-06-26","-0.126","-0.125","-0.113","-0.136","5.35%"
"2020-06-25","-0.120","-0.116","-0.105","-0.130","16.46%"
"2020-06-24","-0.103","-0.071","-0.054","-0.112","24.64%"
"2020-06-23","-0.082","-0.107","-0.076","-0.113","-28.84%"
"2020-06-22","-0.116","-0.092","-0.077","-0.133","23.85%"
"2020-06-19","-0.094","-0.068","-0.052","-0.095","22.38%"
"2020-06-18","-0.076","-0.052","-0.035","-0.083","50.99%"
"2020-06-17","-0.051","-0.042","-0.015","-0.068","7.20%"
"2020-06-16","-0.047","-0.024","-0.024","-0.062","5.12%"
"2020-06-15","-0.045","-0.058","-0.032","-0.068","-1.32%"
"2020-06-13","-0.045","-0.045","-0.045","-0.045","3.64%"
"2020-06-12","-0.044","0.001","0.012","-0.045","-2,190.48%"
"2020-06-11","0.002","0.038","0.051","-0.022","-97.30%"
"2020-06-10","0.078","0.071","0.096","0.057","3.87%"
"2020-06-09","0.075","0.049","0.081","0.020","59.36%"
"2020-06-08","0.047","0.077","0.099","0.038","95.83%"
"2020-06-05","0.024","0.011","0.041","-0.009","-900.00%"
"2020-06-04","-0.003","0.005","0.023","-0.049","-130.00%"
"2020-06-03","0.010","-0.015","0.019","-0.042","-120.41%"
"2020-06-02","-0.049","-0.039","-0.032","-0.062","122.73%"
"2020-06-01","-0.022","-0.057","-0.013","-0.064","-70.67%"
"2020-05-29","-0.075","-0.054","-0.046","-0.090","33.93%"
"2020-05-28","-0.056","-0.009","0.002","-0.064","522.22%"
"2020-05-27","-0.009","-0.005","0.020","-0.024","-212.50%"
"2020-05-26","0.008","-0.015","0.022","-0.020","-120.51%"
"2020-05-25","-0.039","-0.036","-0.028","-0.049","8.33%"
"2020-05-23","-0.036","-0.036","-0.036","-0.036","9.09%"
"2020-05-22","-0.033","-0.060","-0.027","-0.071","-36.54%"
"2020-05-21","-0.052","-0.049","-0.009","-0.057","62.50%"
"2020-05-20","-0.032","-0.015","0.006","-0.039","77.78%"
"2020-05-19","-0.018","-0.008","0.013","-0.038","50.00%"
"2020-05-18","-0.012","-0.031","0.010","-0.051","-47.83%"
"2020-05-15","-0.023","-0.034","-0.019","-0.061","-42.50%"
"2020-05-14","-0.040","-0.060","-0.013","-0.072","-11.11%"
"2020-05-13","-0.045","-0.031","-0.025","-0.064","114.29%"
"2020-05-12","-0.021","0.006","0.023","-0.034","90.91%"
"2020-05-11","-0.011","-0.027","-0.002","-0.031","-68.57%"
"2020-05-08","-0.035","-0.050","-0.024","-0.062","9.37%"
"2020-05-07","-0.032","0.024","0.047","-0.039","-557.14%"
"2020-05-06","0.007","-0.050","0.020","-0.057","-110.94%"
"2020-05-05","-0.064","-0.057","-0.018","-0.072","48.84%"
"2020-05-04","-0.043","-0.077","-0.033","-0.079","-60.91%"
"2020-05-01","-0.110","-0.108","-0.101","-0.110","7.84%"
"2020-04-30","-0.102","-0.051","-0.032","-0.112","168.42%"
"2020-04-29","-0.038","0.003","0.023","-0.054","-1,366.67%"
"2020-04-28","0.003","0.013","0.053","-0.008","-86.96%"
"2020-04-27","0.023","0.016","0.048","-0.004","-14.81%"
"2020-04-24","0.027","0.076","0.092","0.019","-65.38%"
"2020-04-23","0.078","0.146","0.163","0.063","-40.46%"
"2020-04-22","0.131","0.088","0.144","0.081","72.37%"
"2020-04-21","0.076","0.068","0.092","0.026","-9.52%"
"2020-04-20","0.084","0.060","0.097","0.024","147.06%"
"2020-04-17","0.034","0.030","0.066","0.012","-27.66%"
"2020-04-16","0.047","0.062","0.091","0.024","-17.54%"
"2020-04-15","0.057","0.099","0.107","0.036","-46.73%"
"2020-04-14","0.107","0.125","0.141","0.071","7.00%"
"2020-04-13","0.100","0.101","0.101","0.100","0.00%"
"2020-04-10","0.100","0.101","0.101","0.100","-7.41%"
"2020-04-09","0.108","0.199","0.200","0.095","-37.57%"
"2020-04-08","0.173","0.152","0.206","0.138","-2.81%"
"2020-04-07","0.178","0.086","0.182","0.079","161.76%"
"2020-04-06","0.068","0.090","0.113","0.059","-4.23%"
"2020-04-03","0.071","0.042","0.096","0.024","36.54%"
"2020-04-02","0.052","0.041","0.091","0.015","940.00%"
"2020-04-01","0.005","-0.007","0.037","-0.053","400.00%"
"2020-03-31","0.001","-0.057","0.010","-0.064","-101.56%"
"2020-03-30","-0.064","-0.058","-0.047","-0.114","25.49%"
"2020-03-27","-0.051","-0.043","0.014","-0.104","-440.00%"
"2020-03-26","0.015","0.165","0.195","0.008","-93.21%"
"2020-03-25","0.221","0.164","0.230","0.153","19.46%"
"2020-03-24","0.185","0.139","0.205","0.111","65.18%"
"2020-03-23","0.112","0.128","0.145","0.073","-10.40%"
"2020-03-20","0.125","0.134","0.197","0.087","-50.20%"
"2020-03-19","0.251","0.051","0.291","0.028","-31.42%"
"2020-03-18","0.366","0.305","0.520","0.262","48.78%"
"2020-03-17","0.246","0.234","0.343","0.195","43.86%"
"2020-03-16","0.171","0.073","0.199","0.039","755.00%"
"2020-03-13","0.020","-0.015","0.031","-0.102","-114.39%"
"2020-03-12","-0.139","-0.336","0.004","-0.356","-56.29%"
"2020-03-11","-0.318","-0.309","-0.249","-0.336","9.28%"
"2020-03-10","-0.291","-0.328","-0.250","-0.336","-22.81%"
"2020-03-09","-0.377","-0.359","-0.310","-0.427","9.43%"
"2020-03-07","-0.345","-0.345","-0.345","-0.345","-2.68%"
"2020-03-06","-0.354","-0.353","-0.318","-0.372","0.85%"
"2020-03-05","-0.351","-0.303","-0.293","-0.356","9.01%"
"2020-03-04","-0.322","-0.326","-0.307","-0.349","-1.23%"
"2020-03-03","-0.326","-0.289","-0.255","-0.338","9.03%"
"2020-03-02","-0.299","-0.289","-0.271","-0.329","4.18%"
"2020-02-28","-0.287","-0.270","-0.261","-0.316","10.38%"
"2020-02-27","-0.260","-0.236","-0.228","-0.271","13.54%"
"2020-02-26","-0.229","-0.240","-0.200","-0.257","-6.91%"
"2020-02-25","-0.246","-0.227","-0.218","-0.253","5.58%"
"2020-02-24","-0.233","-0.223","-0.219","-0.262","14.50%"
"2020-02-22","-0.204","-0.204","-0.204","-0.204","-0.73%"
"2020-02-21","-0.205","-0.222","-0.201","-0.237","-3.76%"
"2020-02-20","-0.213","-0.184","-0.176","-0.221","16.39%"
"2020-02-19","-0.183","-0.157","-0.151","-0.187","8.93%"
"2020-02-18","-0.168","-0.185","-0.149","-0.194","5.00%"
"2020-02-17","-0.160","-0.148","-0.138","-0.169","2.56%"
"2020-02-14","-0.156","-0.138","-0.136","-0.170","7.59%"
"2020-02-13","-0.145","-0.160","-0.131","-0.176","3.57%"
"2020-02-12","-0.140","-0.116","-0.109","-0.148","-2.10%"
"2020-02-11","-0.143","-0.147","-0.132","-0.163","-13.33%"
"2020-02-10","-0.165","-0.132","-0.126","-0.170","23.13%"
"2020-02-07","-0.134","-0.127","-0.113","-0.152","19.64%"
"2020-02-06","-0.112","-0.094","-0.081","-0.113","9.80%"
"2020-02-05","-0.102","-0.150","-0.092","-0.158","-29.17%"
"2020-02-04","-0.144","-0.171","-0.131","-0.173","-20.00%"
"2020-02-03","-0.180","-0.166","-0.151","-0.183","-1.64%"
"2020-01-31","-0.183","-0.147","-0.138","-0.186","24.49%"
"2020-01-30","-0.147","-0.143","-0.127","-0.155","20.49%"
"2020-01-29","-0.122","-0.102","-0.095","-0.129","37.08%"
"2020-01-28","-0.089","-0.122","-0.084","-0.142","-28.80%"
"2020-01-27","-0.125","-0.083","-0.081","-0.133","62.34%"
"2020-01-24","-0.077","-0.047","-0.032","-0.081","26.23%"
"2020-01-23","-0.061","-0.014","-0.009","-0.065","771.43%"
"2020-01-22","-0.007","0.018","0.024","-0.020","-177.78%"
"2020-01-21","0.009","0.037","0.052","0.000","-76.92%"
"2020-01-20","0.039","0.048","0.055","0.035","-7.14%"
"2020-01-17","0.042","0.048","0.057","0.030","-6.67%"
"2020-01-16","0.045","0.057","0.062","0.033","-8.16%"
"2020-01-15","0.049","0.073","0.074","0.032","-40.96%"
"2020-01-14","0.083","0.090","0.094","0.066","-8.79%"
"2020-01-13","0.091","0.053","0.098","0.050","85.71%"
"2020-01-10","0.049","0.059","0.077","0.042","-24.62%"
"2020-01-09","0.065","0.071","0.075","0.043","35.42%"
"2020-01-08","0.048","0.013","0.052","0.005","128.57%"
"2020-01-07","0.021","0.026","0.036","0.007","-4.55%"
"2020-01-06","0.022","0.009","0.027","-0.001","10.00%"
"2020-01-03","0.020","0.047","0.048","0.006","-74.68%"
"2020-01-02","0.079","0.111","0.146","0.065","-31.60%"
"2020-01-01","0.116","0.107","0.116","0.107","-5.33%"
"2019-12-31","0.122","0.122","0.122","0.110","1.67%"
"2019-12-30","0.120","0.071","0.130","0.067","155.32%"
"2019-12-27","0.047","0.041","0.062","0.035","-19.66%"
"2019-12-25","0.058","0.058","0.058","0.058","-20.95%"
"2019-12-24","0.074","0.063","0.074","0.063","27.59%"
"2019-12-23","0.058","0.041","0.072","0.026","5.45%"
"2019-12-20","0.055","0.067","0.084","0.047","-16.67%"
"2019-12-19","0.066","0.069","0.091","0.060","29.41%"
"2019-12-18","0.051","0.005","0.067","-0.007","466.67%"
"2019-12-17","0.009","-0.001","0.022","-0.003","-59.09%"
"2019-12-16","0.022","0.006","0.029","-0.013","1,000.00%"
"2019-12-13","0.002","0.080","0.080","-0.003","-95.24%"
"2019-12-12","0.042","-0.004","0.049","-0.032","-700.00%"
"2019-12-11","-0.007","0.005","0.017","-0.013","-141.18%"
"2019-12-10","0.017","0.008","0.032","0.008","30.77%"
"2019-12-09","0.013","0.023","0.031","-0.001","-58.06%"
"2019-12-06","0.031","0.026","0.048","0.014","34.78%"
"2019-12-05","0.023","-0.011","0.040","-0.014","-560.00%"
"2019-12-04","-0.005","-0.049","-0.004","-0.060","-88.64%"
"2019-12-03","-0.044","0.047","0.047","-0.047","-257.14%"
"2019-12-02","0.028","-0.002","0.041","-0.009","-157.14%"
"2019-11-29","-0.049","-0.048","-0.033","-0.066","-3.92%"
"2019-11-28","-0.051","-0.055","-0.045","-0.074","-10.53%"
"2019-11-27","-0.057","-0.057","-0.047","-0.073","-3.39%"
"2019-11-26","-0.059","-0.037","-0.029","-0.069","59.46%"
"2019-11-25","-0.037","-0.035","-0.025","-0.051","-15.91%"
"2019-11-22","-0.044","-0.012","0.007","-0.050","214.29%"
"2019-11-21","-0.014","-0.047","-0.010","-0.056","-66.67%"
"2019-11-20","-0.042","-0.045","-0.036","-0.072","55.56%"
"2019-11-19","-0.027","-0.028","-0.017","-0.033","0.00%"
"2019-11-18","-0.027","-0.013","-0.006","-0.041","35.00%"
"2019-11-15","-0.020","-0.008","-0.005","-0.030","-9.09%"
"2019-11-14","-0.022","0.001","0.007","-0.028","-257.14%"
"2019-11-13","0.014","0.038","0.047","0.001","-72.55%"
"2019-11-12","0.051","0.056","0.070","0.044","-1.92%"
"2019-11-11","0.052","0.022","0.054","0.014","108.00%"
"2019-11-08","0.025","0.041","0.083","0.018","-48.98%"
"2019-11-07","0.049","-0.019","0.051","-0.030","-258.06%"
"2019-11-06","-0.031","-0.013","0.001","-0.036","93.75%"
"2019-11-05","-0.016","-0.032","-0.006","-0.033","-63.64%"
"2019-11-04","-0.044","-0.046","-0.032","-0.063","-36.23%"
"2019-11-01","-0.069","-0.093","-0.063","-0.108","-28.87%"
"2019-10-31","-0.097","-0.088","-0.086","-0.119","67.24%"
"2019-10-30","-0.058","-0.057","-0.040","-0.070","5.45%"
"2019-10-29","-0.055","-0.036","-0.033","-0.063","96.43%"
"2019-10-28","-0.028","-0.066","-0.018","-0.070","-60.56%"
"2019-10-25","-0.071","-0.094","-0.067","-0.106","-32.38%"
"2019-10-24","-0.105","-0.095","-0.061","-0.115","14.13%"
"2019-10-23","-0.092","-0.082","-0.082","-0.112","48.39%"
"2019-10-22","-0.062","-0.040","-0.038","-0.078","55.00%"
"2019-10-21","-0.040","-0.078","-0.032","-0.078","-48.05%"
"2019-10-18","-0.077","-0.105","-0.072","-0.108","-48.11%"
"2019-10-17","-0.148","-0.149","-0.089","-0.154","8.80%"
"2019-10-16","-0.136","-0.148","-0.132","-0.185","-15.54%"
"2019-10-15","-0.162","-0.182","-0.144","-0.205","-10.67%"
"2019-10-14","-0.181","-0.193","-0.178","-0.207","9.38%"
"2019-10-11","-0.165","-0.182","-0.153","-0.217","-11.60%"
"2019-10-10","-0.187","-0.253","-0.183","-0.257","-27.46%"
"2019-10-09","-0.258","-0.292","-0.256","-0.298","-14.32%"
"2019-10-08","-0.301","-0.247","-0.246","-0.303","9.42%"
"2019-10-07","-0.275","-0.288","-0.268","-0.299","-2.17%"
"2019-10-05","-0.281","-0.281","-0.281","-0.281","0.00%"
"2019-10-04","-0.281","-0.290","-0.277","-0.304","-1.85%"
"2019-10-03","-0.286","-0.272","-0.263","-0.305","14.70%"
"2019-10-02","-0.250","-0.237","-0.225","-0.259","-5.20%"
"2019-10-01","-0.263","-0.247","-0.211","-0.273","-3.62%"
"2019-09-30","-0.273","-0.260","-0.246","-0.292","-2.32%"
"2019-09-28","-0.280","-0.280","-0.280","-0.280","-0.53%"
"2019-09-27","-0.281","-0.284","-0.262","-0.304","-2.16%"
"2019-09-26","-0.287","-0.278","-0.261","-0.301","4.47%"
"2019-09-25","-0.275","-0.310","-0.269","-0.326","-8.36%"
"2019-09-24","-0.300","-0.282","-0.264","-0.307","3.77%"
"2019-09-23","-0.289","-0.230","-0.207","-0.305","31.26%"
"2019-09-20","-0.220","-0.222","-0.204","-0.232","4.75%"
"2019-09-19","-0.210","-0.211","-0.178","-0.220","-5.52%"
"2019-09-18","-0.223","-0.184","-0.182","-0.230","23.45%"
"2019-09-17","-0.180","-0.206","-0.168","-0.210","-10.20%"
"2019-09-16","-0.201","-0.172","-0.161","-0.214","15.06%"
"2019-09-13","-0.175","-0.207","-0.158","-0.230","-27.97%"
"2019-09-12","-0.242","-0.258","-0.237","-0.376","-6.63%"
"2019-09-11","-0.260","-0.236","-0.219","-0.275","6.00%"
"2019-09-10","-0.245","-0.274","-0.235","-0.283","-12.25%"
"2019-09-09","-0.279","-0.341","-0.261","-0.342","-18.25%"
"2019-09-06","-0.341","-0.286","-0.272","-0.345","21.58%"
"2019-09-05","-0.281","-0.361","-0.262","-0.374","-25.02%"
"2019-09-04","-0.375","-0.371","-0.325","-0.389","-6.26%"
"2019-09-03","-0.400","-0.391","-0.380","-0.436","1.58%"
"2019-09-02","-0.393","-0.406","-0.376","-0.408","-3.93%"
"2019-08-30","-0.409","-0.418","-0.387","-0.422","-0.46%"
"2019-08-29","-0.411","-0.430","-0.391","-0.437","-5.47%"
"2019-08-28","-0.435","-0.422","-0.412","-0.454","4.39%"
"2019-08-27","-0.417","-0.396","-0.375","-0.419","11.21%"
"2019-08-26","-0.375","-0.382","-0.356","-0.387","1.00%"
"2019-08-23","-0.371","-0.345","-0.312","-0.379","3.43%"
"2019-08-22","-0.359","-0.412","-0.330","-0.421","-10.70%"
"2019-08-21","-0.402","-0.397","-0.368","-0.412","-2.36%"
"2019-08-20","-0.412","-0.371","-0.364","-0.430","12.28%"
"2019-08-19","-0.366","-0.409","-0.338","-0.418","-10.63%"
"2019-08-16","-0.410","-0.422","-0.372","-0.447","-5.35%"
"2019-08-15","-0.433","-0.376","-0.349","-0.438","17.20%"
"2019-08-14","-0.370","-0.328","-0.322","-0.377","18.42%"
"2019-08-13","-0.312","-0.301","-0.292","-0.322","10.08%"
"2019-08-12","-0.284","-0.276","-0.269","-0.290","6.54%"
"2019-08-09","-0.266","-0.293","-0.263","-0.301","-4.45%"
"2019-08-08","-0.279","-0.278","-0.251","-0.303","-11.05%"
"2019-08-07","-0.313","-0.287","-0.280","-0.353","18.55%"
"2019-08-06","-0.264","-0.247","-0.233","-0.273","12.19%"
"2019-08-05","-0.235","-0.260","-0.231","-0.277","0.60%"
"2019-08-02","-0.234","-0.206","-0.206","-0.241","25.46%"
"2019-08-01","-0.187","-0.162","-0.147","-0.206","1.97%"
"2019-07-31","-0.183","-0.147","-0.138","-0.186","30.25%"
"2019-07-30","-0.140","-0.142","-0.124","-0.148","1.74%"
"2019-07-29","-0.138","-0.125","-0.120","-0.148","14.51%"
"2019-07-27","-0.121","-0.121","-0.121","-0.121","0.50%"
"2019-07-26","-0.120","-0.120","-0.100","-0.129","8.60%"
"2019-07-25","-0.111","-0.112","-0.063","-0.179","-3.32%"
"2019-07-24","-0.114","-0.081","-0.078","-0.128","28.28%"
"2019-07-23","-0.089","-0.075","-0.065","-0.098","8.39%"
"2019-07-22","-0.082","-0.061","-0.057","-0.084","14.17%"
"2019-07-19","-0.072","-0.069","-0.057","-0.081","15.76%"
"2019-07-18","-0.062","-0.048","-0.044","-0.081","68.11%"
"2019-07-17","-0.037","-0.022","-0.013","-0.046","-2,412.50%"
"2019-07-16","0.002","0.015","0.021","-0.023","-87.50%"
"2019-07-15","0.013","0.056","0.063","0.007","-79.55%"
"2019-07-12","0.063","0.027","0.081","0.022","216.16%"
"2019-07-11","0.020","-0.035","0.033","-0.038","-233.78%"
"2019-07-10","-0.015","-0.029","0.025","-0.035","-71.37%"
"2019-07-09","-0.052","-0.071","-0.049","-0.078","-25.50%"
"2019-07-08","-0.069","-0.109","-0.069","-0.115","-15.88%"
"2019-07-05","-0.083","-0.124","-0.057","-0.133","-36.59%"
"2019-07-04","-0.130","-0.108","-0.096","-0.137","32.08%"
"2019-07-03","-0.098","-0.084","-0.080","-0.104","71.30%"
"2019-07-02","-0.058","-0.047","-0.035","-0.062","16.40%"
"2019-07-01","-0.049","0.012","0.014","-0.054","709.84%"
"2019-06-28","-0.006","0.001","0.016","-0.011","1,933.33%"
"2019-06-27","0.000","0.029","0.054","-0.002","-101.56%"
"2019-06-26","0.019","0.004","0.025","-0.004","-425.42%"
"2019-06-25","-0.006","0.023","0.027","-0.010","-123.98%"
"2019-06-24","0.025","0.032","0.039","0.015","-47.99%"
"2019-06-21","0.047","0.019","0.062","0.015","318.58%"
"2019-06-20","0.011","0.018","0.031","0.007","-76.80%"
"2019-06-19","0.049","0.022","0.057","0.016","346.79%"
"2019-06-18","0.011","0.100","0.102","-0.002","-90.06%"
"2019-06-17","0.110","0.096","0.119","0.087","17.96%"
"2019-06-14","0.093","0.095","0.106","0.079","-14.84%"
"2019-06-13","0.109","0.107","0.120","0.095","-6.43%"
"2019-06-12","0.117","0.112","0.122","0.101","-1.68%"
"2019-06-11","0.119","0.125","0.129","0.103","-12.40%"
"2019-06-10","0.135","0.103","0.146","0.098","59.79%"
"2019-06-07","0.085","0.122","0.127","0.065","-27.46%"
"2019-06-06","0.117","0.156","0.173","0.115","-25.87%"
"2019-06-05","0.158","0.172","0.186","0.154","-15.12%"
"2019-06-04","0.186","0.195","0.203","0.170","-7.93%"
"2019-06-03","0.202","0.213","0.215","0.177","-4.54%"
"2019-05-31","0.211","0.226","0.233","0.207","-10.80%"
"2019-05-30","0.237","0.242","0.254","0.230","4.59%"
"2019-05-29","0.227","0.247","0.251","0.225","-10.61%"
"2019-05-28","0.254","0.262","0.269","0.251","-3.50%"
"2019-05-27","0.263","0.281","0.284","0.257","-7.47%"
"2019-05-25","0.284","0.285","0.285","0.281","0.57%"
"2019-05-24","0.282","0.283","0.294","0.270","-0.32%"
"2019-05-23","0.283","0.303","0.306","0.278","-7.39%"
"2019-05-22","0.306","0.321","0.330","0.302","-7.36%"
"2019-05-21","0.330","0.313","0.338","0.309","5.50%"
"2019-05-20","0.313","0.293","0.318","0.289","9.06%"
"2019-05-19","0.287","0.287","0.287","0.287","0.70%"
"2019-05-17","0.285","0.288","0.294","0.261","-2.43%"
"2019-05-16","0.292","0.296","0.304","0.278","-4.51%"
"2019-05-15","0.306","0.324","0.329","0.283","-7.16%"
"2019-05-14","0.329","0.335","0.346","0.319","-1.17%"
"2019-05-13","0.333","0.353","0.355","0.328","-3.56%"
"2019-05-10","0.346","0.346","0.361","0.336","-0.23%"
"2019-05-09","0.346","0.330","0.348","0.318","6.06%"
"2019-05-08","0.327","0.334","0.348","0.317","-0.94%"
"2019-05-07","0.330","0.368","0.374","0.325","-8.14%"
"2019-05-06","0.359","0.353","0.376","0.346","-3.00%"
"2019-05-03","0.370","0.380","0.395","0.357","-1.10%"
"2019-05-02","0.374","0.386","0.397","0.356","1.16%"
"2019-05-01","0.370","0.369","0.370","0.369","0.00%"
"2019-04-30","0.370","0.361","0.404","0.357","1.12%"
"2019-04-29","0.366","0.359","0.386","0.353","3.89%"
"2019-04-26","0.352","0.371","0.375","0.350","-4.99%"
"2019-04-25","0.371","0.356","0.374","0.349","6.40%"
"2019-04-24","0.348","0.379","0.395","0.342","-12.44%"
"2019-04-23","0.398","0.378","0.411","0.371","7.51%"
"2019-04-22","0.370","0.424","0.427","0.359","0.00%"
"2019-04-19","0.370","0.424","0.427","0.359","0.43%"
"2019-04-18","0.368","0.424","0.427","0.359","-13.50%"
"2019-04-17","0.426","0.432","0.451","0.417","1.91%"
"2019-04-16","0.418","0.421","0.440","0.409","-0.88%"
"2019-04-15","0.422","0.399","0.440","0.387","6.52%"
"2019-04-12","0.396","0.335","0.410","0.319","19.32%"
"2019-04-11","0.332","0.327","0.338","0.313","4.67%"
"2019-04-10","0.317","0.345","0.353","0.310","-8.30%"
"2019-04-09","0.346","0.366","0.367","0.339","-3.89%"
"2019-04-08","0.360","0.364","0.368","0.343","-1.75%"
"2019-04-06","0.366","0.366","0.366","0.366","0.55%"
"2019-04-05","0.364","0.386","0.389","0.351","-1.36%"
"2019-04-04","0.369","0.392","0.400","0.355","-5.41%"
"2019-04-03","0.390","0.390","0.407","0.385","9.86%"
"2019-04-02","0.355","0.367","0.379","0.352","-4.59%"
"2019-04-01","0.372","0.343","0.385","0.342","17.64%"
"2019-03-29","0.316","0.317","0.340","0.308","1.25%"
"2019-03-28","0.313","0.295","0.325","0.289","4.48%"
"2019-03-27","0.299","0.339","0.345","0.285","-15.60%"
"2019-03-26","0.354","0.364","0.375","0.351","1.11%"
"2019-03-25","0.350","0.358","0.375","0.350","1.07%"
"2019-03-22","0.347","0.408","0.414","0.335","-13.82%"
"2019-03-21","0.402","0.444","0.449","0.397","-12.06%"
"2019-03-20","0.458","0.472","0.479","0.452","-3.87%"
"2019-03-19","0.476","0.455","0.492","0.445","4.94%"
"2019-03-18","0.454","0.471","0.475","0.451","-1.80%"
"2019-03-15","0.462","0.459","0.472","0.446","-1.89%"
"2019-03-14","0.471","0.470","0.479","0.457","0.73%"
"2019-03-13","0.467","0.474","0.483","0.465","-1.77%"
"2019-03-12","0.476","0.479","0.501","0.472","0.63%"
"2019-03-11","0.473","0.471","0.484","0.465","15.35%"
"2019-03-08","0.410","0.412","0.431","0.394","-3.19%"
"2019-03-07","0.423","0.507","0.527","0.418","-17.26%"
"2019-03-06","0.512","0.534","0.558","0.508","-8.56%"
"2019-03-05","0.560","0.563","0.586","0.554","0.74%"
"2019-03-04","0.555","0.578","0.584","0.554","-4.52%"
"2019-03-01","0.582","0.575","0.599","0.562","1.17%"
"2019-02-28","0.575","0.548","0.585","0.538","4.49%"
"2019-02-27","0.550","0.519","0.570","0.511","5.00%"
"2019-02-26","0.524","0.511","0.534","0.505","-0.19%"
"2019-02-25","0.525","0.525","0.539","0.518","1.82%"
"2019-02-22","0.516","0.533","0.537","0.513","-4.96%"
"2019-02-21","0.543","0.531","0.560","0.525","2.71%"
"2019-02-20","0.528","0.531","0.540","0.517","-0.88%"
"2019-02-19","0.533","0.544","0.549","0.519","-2.34%"
"2019-02-18","0.546","0.536","0.556","0.528","1.85%"
"2019-02-16","0.536","0.536","0.536","0.536","-0.17%"
"2019-02-15","0.537","0.529","0.550","0.525","1.69%"
"2019-02-14","0.528","0.549","0.549","0.519","-4.52%"
"2019-02-13","0.553","0.567","0.571","0.546","-2.26%"
"2019-02-12","0.566","0.575","0.585","0.550","-0.88%"
"2019-02-11","0.571","0.545","0.571","0.542","5.98%"
"2019-02-08","0.539","0.549","0.565","0.534","-2.81%"
"2019-02-07","0.554","0.570","0.589","0.543","-4.17%"
"2019-02-06","0.578","0.567","0.586","0.564","-0.19%"
"2019-02-05","0.579","0.584","0.609","0.575","-0.75%"
"2019-02-04","0.584","0.573","0.594","0.568","2.03%"
"2019-02-01","0.572","0.561","0.576","0.553","2.58%"
"2019-01-31","0.558","0.574","0.585","0.553","-6.20%"
"2019-01-30","0.595","0.603","0.619","0.594","-2.48%"
"2019-01-29","0.610","0.601","0.619","0.600","0.38%"
"2019-01-28","0.608","0.602","0.631","0.596","1.27%"
"2019-01-25","0.600","0.593","0.608","0.582","2.48%"
"2019-01-24","0.585","0.627","0.627","0.583","-7.80%"
"2019-01-23","0.635","0.632","0.656","0.626","-1.31%"
"2019-01-22","0.643","0.643","0.662","0.633","-2.66%"
"2019-01-21","0.661","0.660","0.666","0.644","0.24%"
"2019-01-18","0.659","0.652","0.673","0.646","1.82%"
"2019-01-17","0.647","0.619","0.651","0.617","2.15%"
"2019-01-16","0.634","0.626","0.652","0.618","1.65%"
"2019-01-15","0.624","0.636","0.639","0.613","-2.90%"
"2019-01-14","0.642","0.660","0.664","0.627","-3.25%"
"2019-01-11","0.664","0.675","0.675","0.643","-2.02%"
"2019-01-10","0.678","0.701","0.705","0.669","-4.95%"
"2019-01-09","0.713","0.745","0.753","0.697","-3.26%"
"2019-01-08","0.737","0.735","0.752","0.727","2.12%"
"2019-01-07","0.721","0.698","0.732","0.693","3.75%"
"2019-01-04","0.695","0.663","0.707","0.656","5.97%"
"2019-01-03","0.656","0.650","0.678","0.640","0.00%"
"2019-01-02","0.656","0.693","0.694","0.630","-6.91%"
"2019-01-01","0.705","0.705","0.705","0.705","-0.69%"