"日付","終値","始値","高値","安値","変化率 %"
"2026-08-14","14.905","14.825","14.905","14.825","1.29%"
"2026-08-13","14.715","14.710","14.758","14.660","0.20%"
"2026-08-12","14.685","14.635","14.690","14.635","0.14%"
"2026-08-11","14.664","14.665","14.680","14.575","0.20%"
"2026-08-10","14.635","14.610","14.645","14.580","0.48%"
"2026-08-07","14.565","14.510","14.565","14.510","-0.14%"
"2026-08-06","14.585","14.505","14.585","14.505","0.96%"
"2026-08-05","14.447","14.450","14.480","14.415","-0.67%"
"2026-08-04","14.544","14.445","14.560","14.445","-0.16%"
"2026-08-03","14.568","14.645","14.648","14.550","-1.38%"
"2026-07-31","14.771","14.820","14.837","14.771","-0.20%"
"2026-07-30","14.800","14.735","14.815","14.735","0.24%"
"2026-07-29","14.765","14.800","14.810","14.760","0.00%"
"2026-07-28","14.765","14.780","14.790","14.735","-0.24%"
"2026-07-27","14.800","14.800","14.845","14.800","-0.26%"
"2026-07-24","14.838","14.955","14.970","14.820","-1.06%"
"2026-07-23","14.998","14.900","14.998","14.860","0.87%"
"2026-07-22","14.868","14.810","14.874","14.795","0.66%"
"2026-07-21","14.770","14.725","14.792","14.710","0.21%"
"2026-07-20","14.739","14.745","14.745","14.648","0.33%"
"2026-07-17","14.690","14.602","14.690","14.602","0.91%"
"2026-07-16","14.557","14.540","14.557","14.538","0.48%"
"2026-07-15","14.488","14.470","14.488","14.430","0.35%"
"2026-07-14","14.438","14.493","14.493","14.432","-0.48%"
"2026-07-13","14.507","14.462","14.507","14.415","1.20%"
"2026-07-10","14.335","14.425","14.440","14.335","-1.44%"
"2026-07-09","14.545","14.565","14.605","14.540","0.00%"
"2026-07-08","14.545","14.575","14.580","14.545","0.69%"
"2026-07-07","14.445","14.467","14.520","14.445","-0.28%"
"2026-07-06","14.485","14.510","14.510","14.485","-0.38%"
"2026-07-03","14.540","14.565","14.585","14.535","-0.84%"
"2026-07-02","14.663","14.555","14.663","14.495","1.12%"
"2026-07-01","14.500","14.450","14.505","14.415","1.19%"
"2026-06-30","14.330","14.450","14.465","14.316","-0.59%"
"2026-06-29","14.415","14.510","14.510","14.385","-0.38%"
"2026-06-26","14.470","14.375","14.483","14.375","1.37%"
"2026-06-25","14.275","14.290","14.425","14.275","-0.66%"
"2026-06-24","14.370","14.510","14.510","14.360","-1.84%"
"2026-06-23","14.640","14.733","14.733","14.615","-0.24%"
"2026-06-22","14.675","14.735","14.735","14.667","-0.98%"
"2026-06-19","14.820","14.760","14.825","14.760","0.51%"
"2026-06-18","14.745","14.665","14.760","14.665","2.08%"
"2026-06-17","14.445","14.427","14.450","14.390","0.80%"
"2026-06-16","14.330","14.278","14.375","14.278","0.17%"
"2026-06-15","14.305","14.360","14.360","14.265","-1.21%"
"2026-06-12","14.480","14.355","14.575","14.355","-0.52%"
"2026-06-11","14.555","14.795","14.795","14.555","-2.02%"
"2026-06-10","14.855","14.845","14.890","14.830","0.54%"
"2026-06-09","14.775","14.725","14.815","14.710","0.14%"
"2026-06-08","14.755","14.715","14.855","14.715","-0.03%"
"2026-06-05","14.760","14.690","14.760","14.480","1.69%"
"2026-06-03","14.515","14.305","14.520","14.305","1.79%"
"2026-06-02","14.260","14.285","14.307","14.240","0.71%"
"2026-06-01","14.160","14.145","14.190","14.145","0.21%"
"2026-05-29","14.130","14.208","14.208","14.125","0.18%"
"2026-05-28","14.105","14.172","14.210","14.105","-0.07%"
"2026-05-27","14.115","14.040","14.125","14.040","-0.25%"
"2026-05-26","14.150","14.135","14.160","14.135","0.53%"
"2026-05-25","14.075","14.080","14.125","14.075","-1.26%"
"2026-05-22","14.255","14.250","14.270","14.250","-0.11%"
"2026-05-21","14.270","14.420","14.420","14.270","-0.56%"
"2026-05-20","14.350","14.480","14.505","14.350","-1.12%"
"2026-05-19","14.512","14.410","14.530","14.410","0.78%"
"2026-05-18","14.400","14.330","14.415","14.330","-0.38%"
"2026-05-15","14.455","14.403","14.470","14.403","1.42%"
"2026-05-14","14.252","14.243","14.267","14.243","-0.72%"
"2026-05-13","14.355","14.110","14.355","14.110","2.19%"
"2026-05-12","14.047","14.092","14.092","14.045","0.17%"
"2026-05-11","14.023","13.958","14.023","13.953","0.96%"
"2026-05-08","13.890","13.980","13.980","13.890","-0.45%"
"2026-05-07","13.953","13.860","13.970","13.847","0.51%"
"2026-05-06","13.882","13.882","13.913","13.882","-1.08%"
"2026-05-05","14.033","14.023","14.073","14.023","-0.32%"
"2026-05-04","14.078","13.940","14.092","13.940","1.35%"
"2026-04-30","13.890","13.948","13.960","13.885","-1.03%"
"2026-04-29","14.035","13.860","14.035","13.860","1.59%"
"2026-04-28","13.815","13.845","13.863","13.795","0.01%"
"2026-04-27","13.813","13.770","13.815","13.767","0.00%"
"2026-04-24","13.813","13.800","13.845","13.780","0.31%"
"2026-04-23","13.770","13.695","13.780","13.695","0.92%"
"2026-04-22","13.645","13.630","13.660","13.630","0.48%"
"2026-04-20","13.580","13.630","13.630","13.570","-0.09%"
"2026-04-17","13.592","13.650","13.650","13.472","-0.97%"
"2026-04-16","13.725","13.532","13.725","13.532","0.40%"
"2026-04-15","13.670","13.675","13.710","13.670","0.37%"
"2026-04-14","13.620","13.580","13.665","13.580","0.11%"
"2026-04-13","13.605","13.725","13.725","13.605","-0.84%"
"2026-04-10","13.720","13.780","13.780","13.665","-0.51%"
"2026-04-09","13.790","13.820","13.855","13.790","0.04%"
"2026-04-08","13.785","13.720","13.800","13.700","-2.06%"
"2026-04-07","14.075","14.055","14.095","14.055","0.79%"
"2026-04-06","13.965","13.965","13.965","13.940","-0.68%"
"2026-04-02","14.060","14.125","14.125","14.055","0.29%"
"2026-04-01","14.020","13.985","14.025","13.985","-0.25%"
"2026-03-31","14.055","14.155","14.160","14.045","-1.40%"
"2026-03-30","14.255","14.150","14.275","14.150","-0.24%"
"2026-03-27","14.290","14.385","14.385","14.290","0.49%"
"2026-03-26","14.220","14.295","14.295","14.220","1.17%"
"2026-03-25","14.055","14.125","14.140","14.055","-1.44%"
"2026-03-24","14.260","14.105","14.260","14.105","1.68%"
"2026-03-23","14.025","13.975","14.150","13.975","-1.27%"
"2026-03-20","14.205","14.080","14.205","14.075","0.07%"
"2026-03-19","14.195","14.315","14.330","14.195","1.83%"
"2026-03-18","13.940","13.920","13.985","13.920","0.48%"
"2026-03-17","13.873","13.880","13.920","13.765","-1.68%"
"2026-03-16","14.110","14.115","14.130","13.955","-1.40%"
"2026-03-13","14.310","14.065","14.310","13.990","2.73%"
"2026-03-12","13.930","13.875","13.955","13.820","1.05%"
"2026-03-11","13.785","13.845","13.845","13.735","0.25%"
"2026-03-10","13.750","13.820","13.820","13.735","-1.29%"
"2026-03-09","13.930","14.155","14.165","13.930","-0.46%"
"2026-03-06","13.995","13.935","14.000","13.915","1.49%"
"2026-03-05","13.790","13.615","13.800","13.615","1.62%"
"2026-03-04","13.570","13.635","13.635","13.550","-0.73%"
"2026-03-03","13.670","13.615","13.767","13.615","1.05%"
"2026-03-02","13.528","13.550","13.565","13.517","0.75%"
"2026-02-27","13.427","13.460","13.470","13.427","0.01%"
"2026-02-26","13.425","13.455","13.495","13.425","0.07%"
"2026-02-25","13.415","13.420","13.420","13.413","-0.48%"
"2026-02-24","13.480","13.540","13.540","13.470","-0.22%"
"2026-02-23","13.510","13.533","13.533","13.510","-0.17%"
"2026-02-20","13.533","13.575","13.580","13.530","-0.26%"
"2026-02-19","13.568","13.525","13.575","13.525","0.75%"
"2026-02-18","13.467","13.455","13.490","13.455","-0.33%"
"2026-02-13","13.512","13.580","13.585","13.512","-0.55%"
"2026-02-12","13.587","13.590","13.608","13.575","-0.11%"
"2026-02-11","13.602","13.545","13.610","13.545","0.29%"
"2026-02-10","13.563","13.555","13.563","13.528","0.13%"
"2026-02-09","13.545","13.615","13.615","13.545","-0.54%"
"2026-02-06","13.618","13.608","13.618","13.599","0.49%"
"2026-02-05","13.552","13.583","13.583","13.552","-0.15%"
"2026-02-04","13.573","13.568","13.589","13.568","0.85%"
"2026-02-03","13.458","13.502","13.502","13.458","-0.62%"
"2026-02-02","13.542","13.517","13.560","13.517","0.80%"
"2026-01-30","13.435","13.475","13.475","13.435","-0.02%"
"2026-01-29","13.438","13.455","13.455","13.438","-0.09%"
"2026-01-28","13.450","13.443","13.465","13.443","-0.48%"
"2026-01-27","13.515","13.635","13.635","13.515","-0.99%"
"2026-01-26","13.650","13.670","13.670","13.650","-0.73%"
"2026-01-23","13.750","13.780","13.780","13.750","-0.47%"
"2026-01-22","13.815","13.865","13.865","13.815","-0.36%"
"2026-01-21","13.865","13.935","13.935","13.865","-0.50%"
"2026-01-20","13.935","13.985","13.985","13.935","0.52%"
"2026-01-19","13.863","13.875","13.875","13.852","-0.04%"
"2026-01-16","13.868","13.837","13.868","13.837","0.86%"
"2026-01-15","13.750","13.733","13.750","13.733","0.36%"
"2026-01-14","13.700","13.660","13.700","13.660","0.34%"
"2026-01-13","13.653","13.645","13.653","13.645","-0.01%"
"2026-01-12","13.655","13.695","13.695","13.655","-0.36%"
"2026-01-09","13.705","13.720","13.720","13.705","0.15%"
"2026-01-08","13.685","13.770","13.770","13.685","-0.11%"
"2026-01-07","13.700","13.730","13.730","13.700","0.26%"
"2026-01-06","13.665","13.695","13.695","13.665","0.51%"
"2026-01-05","13.595","13.655","13.655","13.595","-0.08%"
"2026-01-02","13.606","13.757","13.757","13.590","-1.82%"
"2025-12-26","13.858","13.858","13.858","13.858","-0.17%"
"2025-12-23","13.882","13.882","13.882","13.882","0.04%"
"2025-12-18","13.877","13.877","13.877","13.877","0.00%"
"2025-12-17","13.877","13.877","13.877","13.877","1.66%"
"2025-12-16","13.650","13.650","13.650","13.650","0.90%"
"2025-12-15","13.528","13.528","13.528","13.528","-0.68%"
"2025-12-12","13.620","13.645","13.645","13.620","-1.20%"
"2025-12-11","13.785","13.738","13.785","13.738","-0.31%"
"2025-12-10","13.828","13.818","13.828","13.818","0.46%"
"2025-12-09","13.765","13.865","13.865","13.765","0.75%"
"2025-12-08","13.663","13.640","13.663","13.640","0.65%"
"2025-12-05","13.575","13.175","13.575","13.175","2.53%"
"2025-12-04","13.240","13.243","13.243","13.240","-0.41%"
"2025-12-03","13.295","13.230","13.295","13.230","0.00%"
"2025-12-02","13.295","13.405","13.405","13.295","-0.82%"
"2025-12-01","13.405","13.400","13.405","13.400","-0.04%"
"2025-11-28","13.410","13.420","13.420","13.410","-0.36%"
"2025-11-27","13.458","13.498","13.498","13.458","-0.27%"
"2025-11-26","13.495","13.592","13.592","13.495","-0.46%"
"2025-11-25","13.557","13.568","13.568","13.557","-0.28%"
"2025-11-24","13.595","13.595","13.595","13.595","-0.39%"
"2025-11-21","13.648","13.667","13.667","13.648","-0.23%"
"2025-11-19","13.680","13.708","13.708","13.680","-0.04%"
"2025-11-18","13.685","13.712","13.712","13.685","0.15%"
"2025-11-17","13.665","13.670","13.682","13.665","0.09%"
"2025-11-14","13.653","13.705","13.710","13.648","-0.14%"
"2025-11-13","13.672","13.648","13.700","13.642","0.34%"
"2025-11-12","13.625","13.602","13.625","13.602","-0.15%"
"2025-11-11","13.645","13.608","13.645","13.605","-0.47%"
"2025-11-10","13.710","13.770","13.770","13.708","-0.83%"
"2025-11-07","13.825","13.837","13.850","13.815","0.00%"
"2025-11-06","13.825","13.762","13.837","13.755","0.13%"
"2025-11-05","13.807","13.858","13.858","13.797","-0.38%"
"2025-11-04","13.860","13.875","13.875","13.852","0.40%"
"2025-11-03","13.805","13.785","13.820","13.785","0.15%"
"2025-10-31","13.785","13.818","13.818","13.770","-0.81%"
"2025-10-30","13.898","13.870","13.898","13.870","0.71%"
"2025-10-29","13.800","13.725","13.800","13.725","0.44%"
"2025-10-28","13.740","13.743","13.752","13.727","0.38%"
"2025-10-27","13.688","13.655","13.708","13.655","-0.44%"
"2025-10-24","13.748","13.790","13.795","13.727","-0.52%"
"2025-10-23","13.820","13.820","13.875","13.818","0.00%"
"2025-10-22","13.820","13.815","13.845","13.810","-0.36%"
"2025-10-21","13.870","13.890","13.898","13.865","-0.20%"
"2025-10-20","13.898","13.880","13.898","13.877","-0.44%"
"2025-10-17","13.960","14.012","14.020","13.960","0.25%"
"2025-10-16","13.925","13.903","13.935","13.895","0.16%"
"2025-10-15","13.903","13.985","13.990","13.903","-0.66%"
"2025-10-14","13.995","14.100","14.100","13.995","-0.27%"
"2025-10-13","14.033","13.998","14.033","13.998","-0.10%"
"2025-10-10","14.047","13.935","14.057","13.935","1.00%"
"2025-10-09","13.908","13.903","13.930","13.900","-0.41%"
"2025-10-08","13.965","13.985","14.000","13.953","-0.20%"
"2025-10-07","13.993","13.972","13.993","13.965","1.02%"
"2025-10-06","13.852","13.865","13.885","13.852","-0.09%"
"2025-10-03","13.865","13.935","13.935","13.865","0.25%"
"2025-10-02","13.830","13.690","13.840","13.690","1.00%"
"2025-10-01","13.693","13.730","13.735","13.693","-0.23%"
"2025-09-30","13.725","13.735","13.745","13.722","0.00%"
"2025-09-29","13.725","13.710","13.735","13.705","0.42%"
"2025-09-26","13.667","13.655","13.682","13.642","-0.07%"
"2025-09-25","13.677","13.610","13.712","13.605","0.37%"
"2025-09-24","13.627","13.675","13.675","13.627","0.18%"
"2025-09-23","13.602","13.698","13.703","13.602","-0.68%"
"2025-09-22","13.695","13.653","13.698","13.645","0.74%"
"2025-09-19","13.595","13.637","13.663","13.595","-0.10%"
"2025-09-18","13.608","13.565","13.615","13.560","0.13%"
"2025-09-17","13.590","13.570","13.590","13.555","-0.29%"
"2025-09-16","13.630","13.665","13.680","13.630","-0.34%"
"2025-09-15","13.677","13.733","13.733","13.675","-0.87%"
"2025-09-12","13.797","13.813","13.823","13.797","0.00%"
"2025-09-11","13.797","13.787","13.797","13.775","-0.29%"
"2025-09-10","13.837","13.890","13.890","13.833","-0.27%"
"2025-09-09","13.875","13.927","13.927","13.875","-0.25%"
"2025-09-08","13.910","13.938","13.988","13.910","-0.14%"
"2025-09-05","13.930","13.908","13.938","13.908","-0.92%"
"2025-09-04","14.060","14.128","14.128","14.055","0.00%"
"2025-09-03","14.060","14.060","14.065","14.040","-0.02%"
"2025-09-02","14.063","14.085","14.085","14.063","0.59%"
"2025-09-01","13.980","14.000","14.005","13.980","0.38%"
"2025-08-29","13.927","13.915","13.927","13.895","0.14%"
"2025-08-28","13.908","14.030","14.030","13.882","-1.15%"
"2025-08-27","14.070","14.040","14.080","14.040","0.18%"
"2025-08-26","14.045","14.080","14.085","14.045","0.25%"
"2025-08-25","14.010","14.000","14.038","13.993","-0.43%"
"2025-08-22","14.070","14.118","14.120","14.057","-0.74%"
"2025-08-21","14.175","14.047","14.175","14.047","1.13%"
"2025-08-20","14.017","14.050","14.073","13.998","-0.25%"
"2025-08-19","14.052","14.028","14.052","14.025","1.22%"
"2025-08-18","13.882","13.775","13.882","13.775","0.58%"
"2025-08-15","13.802","13.760","13.813","13.760","-0.08%"
"2025-08-14","13.813","13.807","13.823","13.802","-0.01%"
"2025-08-13","13.815","13.795","13.815","13.788","0.58%"
"2025-08-12","13.735","13.725","13.735","13.703","-0.29%"
"2025-08-11","13.775","13.820","13.823","13.765","-0.45%"
"2025-08-08","13.837","13.800","13.837","13.800","-0.32%"
"2025-08-07","13.882","13.950","13.962","13.882","-0.45%"
"2025-08-06","13.945","13.993","13.993","13.945","-0.29%"
"2025-08-05","13.985","13.943","13.985","13.932","0.36%"
"2025-08-04","13.935","13.955","13.955","13.920","-0.78%"
"2025-08-01","14.045","14.050","14.050","14.015","-0.48%"
"2025-07-31","14.113","14.105","14.125","14.100","0.51%"
"2025-07-30","14.042","14.002","14.042","13.962","0.30%"
"2025-07-29","14.000","14.110","14.110","14.000","-0.93%"
"2025-07-28","14.132","14.125","14.132","14.110","-0.07%"
"2025-07-25","14.142","14.145","14.145","14.113","0.26%"
"2025-07-24","14.105","14.024","14.145","14.024","0.30%"
"2025-07-23","14.063","14.004","14.063","14.002","0.38%"
"2025-07-22","14.010","14.005","14.010","13.993","-0.78%"
"2025-07-21","14.120","14.185","14.185","14.120","-0.21%"
"2025-07-18","14.150","14.102","14.170","14.073","0.68%"
"2025-07-17","14.055","14.198","14.198","14.055","-0.48%"
"2025-07-16","14.123","14.142","14.233","14.123","0.52%"
"2025-07-15","14.050","14.012","14.050","13.907","1.03%"
"2025-07-14","13.907","13.877","13.970","13.855","0.30%"
"2025-07-11","13.865","13.953","13.962","13.855","-0.43%"
"2025-07-10","13.925","13.945","13.945","13.892","1.20%"
"2025-07-09","13.760","13.725","13.762","13.720","0.29%"
"2025-07-08","13.720","13.680","13.740","13.672","0.22%"
"2025-07-07","13.690","13.623","13.700","13.623","0.65%"
"2025-07-04","13.602","13.618","13.620","13.602","0.27%"
"2025-07-03","13.565","13.520","13.578","13.507","0.41%"
"2025-07-02","13.510","13.547","13.547","13.505","0.20%"
"2025-07-01","13.483","13.475","13.756","13.450","-0.79%"
"2025-06-30","13.590","13.797","13.815","13.543","-1.93%"
"2025-06-27","13.858","13.931","13.940","13.825","-0.12%"
"2025-06-26","13.875","13.925","13.940","13.875","-0.47%"
"2025-06-25","13.941","13.865","13.943","13.845","0.68%"
"2025-06-24","13.847","13.850","13.930","13.845","0.05%"
"2025-06-23","13.840","13.885","13.890","13.835","-0.11%"
"2025-06-20","13.855","13.887","13.890","13.855","-0.75%"
"2025-06-18","13.960","13.940","14.000","13.890","-0.20%"
"2025-06-17","13.988","13.922","13.988","13.895","0.42%"
"2025-06-16","13.930","14.095","14.125","13.930","-0.83%"
"2025-06-13","14.047","14.125","14.125","13.917","0.95%"
"2025-06-12","13.915","13.920","14.015","13.915","-0.14%"
"2025-06-11","13.935","13.970","14.028","13.938","-0.54%"
"2025-06-10","14.010","14.181","14.210","13.995","-0.67%"
"2025-06-09","14.105","14.210","14.210","14.090","-0.51%"
"2025-06-06","14.177","14.248","14.248","14.127","0.42%"
"2025-06-05","14.118","13.995","14.118","13.995","0.91%"
"2025-06-04","13.990","14.000","14.070","13.990","0.30%"
"2025-06-03","13.948","14.120","14.120","13.948","-0.90%"
"2025-06-02","14.075","14.015","14.075","13.993","0.59%"
"2025-05-30","13.993","14.050","14.050","13.993","0.00%"
"2025-05-29","13.993","14.020","14.020","13.943","-0.12%"
"2025-05-28","14.010","14.010","14.010","14.010","0.37%"
"2025-05-27","13.958","14.012","14.012","13.958","-1.18%"
"2025-05-26","14.125","14.180","14.188","14.113","-0.35%"
"2025-05-23","14.174","14.161","14.280","14.007","1.19%"
"2025-05-22","14.007","14.190","14.208","14.007","-1.46%"
"2025-05-21","14.215","14.200","14.215","14.200","0.53%"
"2025-05-20","14.140","14.026","14.140","14.024","0.81%"
"2025-05-19","14.026","14.127","14.130","14.026","-0.38%"
"2025-05-16","14.080","14.130","14.130","14.068","-0.04%"
"2025-05-15","14.085","14.110","14.110","13.983","1.12%"
"2025-05-14","13.929","13.929","13.929","13.929","-0.56%"
"2025-05-13","14.007","13.870","14.007","13.868","1.04%"
"2025-05-12","13.863","13.762","13.910","13.757","0.75%"
"2025-05-09","13.760","13.842","13.850","13.760","-1.52%"
"2025-05-08","13.972","13.995","13.995","13.880","0.00%"
"2025-05-07","13.972","13.995","14.130","13.927","-1.14%"
"2025-05-06","14.133","14.130","14.133","13.993","0.26%"
"2025-05-05","14.097","14.145","14.150","14.097","0.24%"
"2025-05-02","14.063","14.075","14.169","14.063","-0.26%"
"2025-04-30","14.100","14.225","14.290","14.100","-1.93%"
"2025-04-29","14.377","14.377","14.377","14.377","0.43%"
"2025-04-28","14.315","14.248","14.395","14.248","-1.37%"
"2025-04-25","14.514","14.514","14.514","14.278","0.00%"
"2025-04-24","14.514","14.626","14.626","14.330","-0.71%"
"2025-04-23","14.618","14.618","14.693","14.533","0.00%"
"2025-04-22","14.618","14.580","14.710","14.568","0.02%"
"2025-04-17","14.615","14.675","14.675","14.565","-0.58%"
"2025-04-16","14.700","14.700","14.730","14.663","0.40%"
"2025-04-15","14.642","14.710","14.730","14.642","0.23%"
"2025-04-14","14.608","14.660","14.830","14.608","-1.40%"
"2025-04-11","14.815","15.089","15.089","14.815","-1.63%"
"2025-04-10","15.060","15.114","15.250","14.950","1.36%"
"2025-04-09","14.858","14.858","15.210","14.818","0.09%"
"2025-04-08","14.845","14.855","14.945","14.693","0.39%"
"2025-04-07","14.788","14.945","14.995","14.693","-0.01%"
"2025-04-04","14.790","14.755","14.790","14.730","0.16%"
"2025-04-03","14.767","14.865","15.028","14.767","-1.80%"
"2025-04-02","15.038","14.910","15.038","14.910","0.42%"
"2025-04-01","14.975","15.002","15.102","14.975","-0.86%"
"2025-03-31","15.105","15.251","15.251","15.028","0.42%"
"2025-03-28","15.042","15.160","15.172","15.042","0.18%"
"2025-03-27","15.015","15.012","15.172","14.981","-0.92%"
"2025-03-26","15.155","14.843","15.155","14.843","1.53%"
"2025-03-25","14.927","14.840","14.995","14.833","-0.17%"
"2025-03-24","14.953","14.965","14.975","14.915","1.73%"
"2025-03-21","14.698","14.680","14.945","14.558","-0.12%"
"2025-03-20","14.716","14.600","14.717","14.520","0.79%"
"2025-03-19","14.600","14.620","14.684","14.568","-0.05%"
"2025-03-18","14.608","14.677","14.800","14.608","-1.20%"
"2025-03-17","14.786","14.785","14.790","14.725","0.73%"
"2025-03-14","14.679","14.944","15.052","14.679","-1.02%"
"2025-03-13","14.830","15.023","15.023","14.775","-0.13%"
"2025-03-11","14.850","14.653","14.880","14.653","-0.15%"
"2025-03-10","14.872","14.872","15.073","14.712","-0.03%"
"2025-03-07","14.877","15.047","15.073","14.860","-0.95%"
"2025-03-06","15.020","14.948","15.047","14.948","-0.51%"
"2025-03-05","15.097","15.082","15.330","15.040","-1.11%"
"2025-02-28","15.267","15.042","15.330","15.040","1.75%"
"2025-02-27","15.005","15.045","15.045","14.863","0.57%"
"2025-02-26","14.920","14.865","14.943","14.863","1.51%"
"2025-02-25","14.698","14.760","14.760","14.683","-0.13%"
"2025-02-24","14.717","14.658","14.717","14.658","0.35%"
"2025-02-21","14.665","14.680","14.705","14.665","-0.29%"
"2025-02-20","14.708","14.605","14.708","14.511","0.86%"
"2025-02-19","14.583","14.450","14.583","14.353","0.92%"
"2025-02-18","14.450","14.455","14.691","14.353","0.17%"
"2025-02-17","14.425","14.946","14.946","14.425","-2.12%"
"2025-02-14","14.738","14.775","14.997","14.738","-1.73%"
"2025-02-13","14.997","14.940","15.023","14.920","0.68%"
"2025-02-12","14.895","14.880","14.895","14.858","0.12%"
"2025-02-11","14.877","14.954","14.980","14.877","-0.51%"
"2025-02-10","14.954","14.860","14.954","14.735","0.82%"
"2025-02-07","14.833","14.745","14.943","14.715","0.16%"
"2025-02-06","14.810","14.780","14.810","14.729","1.51%"
"2025-02-05","14.590","14.600","14.670","14.546","0.83%"
"2025-02-04","14.470","14.520","14.530","14.420","-1.96%"
"2025-02-03","14.760","14.775","14.780","14.580","-0.24%"
"2025-01-31","14.795","14.682","14.917","14.682","-1.41%"
"2025-01-30","15.007","15.195","15.195","14.887","-0.65%"
"2025-01-29","15.105","15.105","15.115","15.098","0.30%"
"2025-01-28","15.060","15.070","15.206","15.029","-0.46%"
"2025-01-27","15.130","15.168","15.195","15.040","-0.31%"
"2025-01-24","15.177","15.120","15.195","15.120","0.15%"
"2025-01-23","15.155","15.090","15.155","15.090","1.83%"
"2025-01-22","14.882","15.080","15.080","14.882","-1.54%"
"2025-01-21","15.115","15.140","15.167","15.087","0.31%"
"2025-01-20","15.068","15.169","15.278","15.068","0.19%"
"2025-01-17","15.039","14.890","15.070","14.755","0.80%"
"2025-01-16","14.920","14.780","14.940","14.755","1.84%"
"2025-01-15","14.650","14.760","14.810","14.650","-2.43%"
"2025-01-14","15.015","15.140","15.140","14.975","0.65%"
"2025-01-13","14.918","15.090","15.125","14.918","0.00%"
"2025-01-10","14.918","14.877","15.055","14.750","1.14%"
"2025-01-09","14.750","14.805","14.815","14.677","-0.14%"
"2025-01-08","14.770","14.780","14.800","14.487","1.27%"
"2025-01-07","14.585","14.495","14.632","14.475","-0.17%"
"2025-01-06","14.610","14.565","14.610","14.565","-1.91%"
"2025-01-03","14.895","14.750","14.895","14.740","-1.42%"
"2025-01-02","15.110","15.330","15.330","15.110","-0.23%"
"2024-12-30","15.145","14.944","15.145","14.860","0.95%"
"2024-12-27","15.002","14.782","15.002","14.760","1.92%"
"2024-12-26","14.720","14.840","14.860","14.720","2.87%"
"2024-12-20","14.310","14.680","14.710","14.180","-2.63%"
"2024-12-19","14.697","15.550","15.550","14.697","-0.49%"
"2024-12-18","14.770","14.560","14.840","14.455","3.03%"
"2024-12-17","14.335","14.800","14.847","14.335","-2.08%"
"2024-12-16","14.640","14.640","14.640","14.640","5.23%"
"2024-12-13","13.913","13.762","13.913","13.631","1.90%"
"2024-12-12","13.653","13.630","13.880","13.465","0.98%"
"2024-12-11","13.520","13.520","13.655","13.520","-1.89%"
"2024-12-10","13.780","14.014","14.186","13.780","-2.82%"
"2024-12-09","14.180","13.960","14.220","13.960","1.07%"
"2024-12-06","14.030","13.668","14.030","13.668","2.88%"
"2024-12-05","13.637","13.670","13.688","13.637","-0.84%"
"2024-12-04","13.752","13.930","13.930","13.712","-0.28%"
"2024-12-03","13.790","13.770","13.815","13.710","2.11%"
"2024-12-02","13.505","13.510","13.530","13.401","0.24%"
"2024-11-29","13.472","14.040","14.040","13.472","0.14%"
"2024-11-28","13.453","13.310","13.520","13.195","1.96%"
"2024-11-27","13.195","12.858","13.195","12.837","3.22%"
"2024-11-25","12.783","12.870","12.870","12.783","-0.75%"
"2024-11-22","12.880","12.868","12.945","12.795","0.37%"
"2024-11-21","12.833","12.935","12.935","12.795","-0.71%"
"2024-11-19","12.925","12.920","12.925","12.875","0.17%"
"2024-11-18","12.903","12.917","12.917","12.885","0.02%"
"2024-11-14","12.900","12.930","12.960","12.900","0.08%"
"2024-11-12","12.890","12.730","12.890","12.730","1.34%"
"2024-11-11","12.720","12.785","12.785","12.720","-0.27%"
"2024-11-08","12.755","12.745","12.755","12.745","-0.23%"
"2024-11-07","12.785","12.655","12.785","12.655","0.55%"
"2024-11-06","12.715","12.925","12.925","12.715","-0.82%"
"2024-11-05","12.820","12.950","12.950","12.820","-1.16%"
"2024-11-04","12.970","12.920","12.970","12.920","-1.07%"
"2024-11-01","13.110","12.880","13.110","12.880","2.02%"
"2024-10-31","12.850","12.770","12.850","12.770","0.16%"
"2024-10-30","12.830","12.830","12.830","12.830","0.23%"
"2024-10-29","12.800","12.720","12.800","12.720","0.79%"
"2024-10-28","12.700","12.620","12.700","12.620","0.00%"
"2024-10-25","12.700","12.700","12.700","12.700","-0.66%"
"2024-10-24","12.785","12.910","12.910","12.785","-0.74%"
"2024-10-23","12.880","12.820","12.880","12.820","0.55%"
"2024-10-22","12.810","12.840","12.840","12.810","-0.47%"
"2024-10-21","12.870","12.810","12.870","12.810","-0.16%"
"2024-10-18","12.890","12.790","12.890","12.790","0.31%"
"2024-10-17","12.850","12.830","12.850","12.830","0.86%"
"2024-10-16","12.740","12.710","12.740","12.710","2.41%"
"2024-10-15","12.440","12.440","12.440","12.440","-0.72%"
"2024-10-14","12.530","12.590","12.590","12.530","-1.42%"
"2024-10-11","12.710","12.510","12.710","12.510","2.01%"
"2024-10-10","12.460","12.380","12.460","12.380","0.40%"
"2024-10-09","12.410","12.280","12.410","12.280","2.06%"
"2024-10-08","12.160","12.190","12.190","12.160","-0.98%"
"2024-10-07","12.280","12.320","12.320","12.280","-0.41%"
"2024-10-04","12.330","12.360","12.360","12.330","0.16%"
"2024-10-03","12.310","12.360","12.360","12.310","0.08%"
"2024-10-02","12.300","12.310","12.310","12.300","-0.97%"
"2024-10-01","12.420","12.400","12.420","12.400","0.08%"
"2024-09-30","12.410","12.350","12.410","12.350","0.89%"
"2024-09-27","12.300","12.310","12.310","12.300","0.74%"
"2024-09-26","12.210","12.210","12.210","12.210","-0.41%"
"2024-09-25","12.260","12.260","12.260","12.260","-0.33%"
"2024-09-24","12.300","12.370","12.370","12.300","-1.91%"
"2024-09-23","12.540","12.485","12.540","12.485","1.58%"
"2024-09-20","12.345","12.220","12.345","12.220","1.69%"
"2024-09-19","12.140","12.070","12.140","12.070","1.76%"
"2024-09-18","11.930","12.025","12.025","11.930","-0.95%"
"2024-09-17","12.045","12.090","12.090","12.045","0.29%"
"2024-09-16","12.010","12.010","12.010","12.010","0.50%"
"2024-09-13","11.950","11.980","11.980","11.950","-0.33%"
"2024-09-12","11.990","11.900","11.990","11.900","1.35%"
"2024-09-11","11.830","11.810","11.830","11.810","0.00%"
"2024-09-10","11.830","11.820","11.830","11.820","0.25%"
"2024-09-09","11.800","11.860","11.860","11.800","-0.25%"
"2024-09-06","11.830","11.820","11.830","11.820","-1.50%"
"2024-09-05","12.010","11.940","12.010","11.940","-0.17%"
"2024-09-04","12.030","12.100","12.100","12.030","-0.74%"
"2024-09-03","12.120","12.100","12.120","12.100","-0.57%"
"2024-09-02","12.190","12.230","12.230","12.190","0.00%"
"2024-08-30","12.190","12.080","12.190","12.080","2.35%"
"2024-08-29","11.910","11.870","11.910","11.870","1.19%"
"2024-08-28","11.770","11.730","11.770","11.730","0.68%"
"2024-08-27","11.690","11.710","11.710","11.690","0.43%"
"2024-08-26","11.640","11.650","11.650","11.640","0.00%"
"2024-08-23","11.640","11.660","11.660","11.640","-0.51%"
"2024-08-22","11.700","11.680","11.700","11.680","1.21%"
"2024-08-21","11.560","11.580","11.580","11.560","0.26%"
"2024-08-20","11.530","11.510","11.530","11.510","1.23%"
"2024-08-19","11.390","11.450","11.450","11.390","-0.96%"
"2024-08-16","11.500","11.470","11.500","11.470","-0.43%"
"2024-08-15","11.550","11.540","11.550","11.540","0.96%"
"2024-08-14","11.440","11.460","11.460","11.440","0.26%"
"2024-08-13","11.410","11.420","11.420","11.410","-1.13%"
"2024-08-12","11.540","11.490","11.540","11.490","-0.86%"
"2024-08-09","11.640","11.730","11.730","11.640","-1.69%"
"2024-08-08","11.840","11.840","11.840","11.840","0.25%"
"2024-08-07","11.810","11.810","11.810","11.810","-0.17%"
"2024-08-06","11.830","11.690","11.830","11.690","0.42%"
"2024-08-05","11.780","11.770","11.780","11.770","-0.55%"
"2024-08-02","11.845","11.825","11.845","11.825","-1.50%"
"2024-08-01","12.025","12.005","12.025","12.005","0.33%"
"2024-07-31","11.985","11.985","11.985","11.985","-0.83%"
"2024-07-30","12.085","12.115","12.115","12.085","-0.33%"
"2024-07-29","12.125","12.145","12.145","12.125","-0.08%"
"2024-07-26","12.135","12.155","12.155","12.135","-0.90%"
"2024-07-25","12.245","12.215","12.245","12.215","0.66%"
"2024-07-24","12.165","12.195","12.195","12.165","0.00%"
"2024-07-23","12.165","12.095","12.165","12.095","1.25%"
"2024-07-22","12.015","12.075","12.075","12.015","-0.46%"
"2024-07-19","12.070","12.100","12.100","12.070","0.08%"
"2024-07-18","12.060","12.060","12.060","12.060","1.26%"
"2024-07-17","11.910","11.910","11.910","11.910","0.68%"
"2024-07-16","11.830","11.790","11.830","11.790","0.08%"
"2024-07-15","11.820","11.830","11.830","11.820","1.20%"
"2024-07-12","11.680","11.760","11.760","11.680","0.00%"
"2024-07-11","11.680","11.693","11.693","11.680","-0.26%"
"2024-07-10","11.710","11.690","11.710","11.690","-1.43%"
"2024-07-09","11.880","11.930","11.930","11.880","-0.67%"
"2024-07-08","11.960","12.000","12.000","11.960","-0.17%"
"2024-07-05","11.980","12.060","12.060","11.980","-0.75%"
"2024-07-04","12.070","12.070","12.070","12.070","-1.35%"
"2024-07-03","12.235","12.335","12.335","12.235","-2.24%"
"2024-07-02","12.515","12.470","12.515","12.470","0.68%"
"2024-07-01","12.430","12.430","12.430","12.430","0.81%"
"2024-06-28","12.330","12.330","12.330","12.330","0.65%"
"2024-06-27","12.250","12.220","12.250","12.220","1.16%"
"2024-06-26","12.110","12.170","12.170","12.110","0.54%"
"2024-06-25","12.045","11.985","12.045","11.985","0.75%"
"2024-06-24","11.955","11.975","11.975","11.955","-0.75%"
"2024-06-21","12.045","12.165","12.165","12.045","-0.58%"
"2024-06-20","12.115","12.020","12.115","12.020","-0.53%"
"2024-06-19","12.180","12.200","12.200","12.180","1.00%"
"2024-06-18","12.060","12.050","12.060","12.050","0.25%"
"2024-06-17","12.030","12.080","12.080","12.030","-0.25%"
"2024-06-14","12.060","12.160","12.160","12.060","-0.74%"
"2024-06-13","12.150","12.280","12.280","12.150","0.00%"
"2024-06-12","12.150","12.100","12.150","12.100","1.42%"
"2024-06-11","11.980","11.960","11.980","11.960","-0.58%"
"2024-06-10","12.050","12.150","12.150","12.050","1.43%"
"2024-06-07","11.880","11.880","11.880","11.880","0.85%"
"2024-06-06","11.780","11.800","11.800","11.780","-0.59%"
"2024-06-04","11.850","11.810","11.850","11.810","-0.17%"
"2024-06-03","11.870","11.870","11.870","11.870","0.25%"
"2024-05-31","11.840","11.890","11.890","11.840","0.00%"
"2024-05-29","11.840","11.840","11.840","11.840","1.20%"
"2024-05-28","11.700","11.620","11.700","11.620","0.26%"
"2024-05-27","11.670","11.720","11.720","11.670","-0.34%"
"2024-05-24","11.710","11.690","11.710","11.690","-0.34%"
"2024-05-23","11.750","11.760","11.760","11.750","-0.51%"
"2024-05-22","11.810","11.810","11.810","11.810","1.11%"
"2024-05-21","11.680","11.670","11.680","11.670","-0.68%"
"2024-05-20","11.760","11.770","11.770","11.760","0.60%"
"2024-05-17","11.690","11.655","11.690","11.655","0.86%"
"2024-05-16","11.590","11.610","11.610","11.590","0.35%"
"2024-05-15","11.550","11.550","11.550","11.550","-0.94%"
"2024-05-14","11.660","11.700","11.700","11.660","-0.85%"
"2024-05-13","11.760","11.760","11.760","11.760","-0.08%"
"2024-05-10","11.770","11.730","11.770","11.730","0.43%"
"2024-05-09","11.720","11.830","11.830","11.720","1.47%"
"2024-05-08","11.550","11.570","11.570","11.550","0.65%"
"2024-05-07","11.475","11.470","11.480","11.460","-0.48%"
"2024-05-06","11.530","11.450","11.530","11.440","0.61%"
"2024-05-03","11.460","11.480","11.480","11.440","-0.99%"
"2024-05-02","11.575","11.685","11.710","11.575","-1.87%"
"2024-04-30","11.795","11.695","11.795","11.695","1.38%"
"2024-04-29","11.635","11.610","11.640","11.600","0.04%"
"2024-04-26","11.630","11.620","11.655","11.620","-0.51%"
"2024-04-25","11.690","11.524","11.740","11.524","1.44%"
"2024-04-24","11.524","11.524","11.524","11.524","0.47%"
"2024-04-23","11.470","11.600","11.600","11.470","-0.17%"
"2024-04-22","11.490","11.490","11.490","11.490","0.35%"
"2024-04-19","11.450","11.510","11.510","11.450","-0.87%"
"2024-04-18","11.550","11.560","11.560","11.550","-1.45%"
"2024-04-17","11.720","11.710","11.720","11.710","-0.93%"
"2024-04-16","11.830","11.810","11.830","11.810","1.98%"
"2024-04-15","11.600","11.600","11.600","11.600","1.49%"
"2024-04-12","11.430","11.440","11.440","11.430","0.75%"
"2024-04-11","11.345","11.345","11.345","11.345","1.29%"
"2024-04-03","11.200","11.200","11.200","11.200","0.40%"
"2024-04-02","11.155","11.155","11.155","11.155","0.77%"
"2024-04-01","11.070","11.038","11.070","11.038","0.85%"
"2024-03-28","10.977","11.000","11.000","10.977","0.43%"
"2024-03-27","10.930","10.960","10.960","10.930","-0.09%"
"2024-03-26","10.940","10.960","10.960","10.940","0.37%"
"2024-03-25","10.900","10.930","10.930","10.900","-0.18%"
"2024-03-22","10.920","10.920","10.920","10.920","0.00%"
"2024-03-21","10.920","10.850","10.920","10.850","0.18%"
"2024-03-20","10.900","10.900","10.900","10.900","-0.46%"
"2024-03-19","10.950","10.980","10.980","10.950","-0.64%"
"2024-03-18","11.020","11.020","11.020","11.020","1.43%"
"2024-03-15","10.865","10.865","10.865","10.865","0.46%"
"2024-03-14","10.815","10.790","10.815","10.790","0.98%"
"2024-03-13","10.710","10.730","10.730","10.710","-0.05%"
"2024-03-12","10.715","10.750","10.750","10.715","-0.92%"
"2024-03-11","10.815","10.815","10.815","10.815","0.14%"
"2024-03-08","10.800","10.800","10.800","10.800","1.10%"
"2024-03-07","10.683","10.660","10.683","10.660","0.30%"
"2024-03-06","10.651","10.670","10.670","10.630","0.04%"
"2024-03-05","10.647","10.650","10.650","10.647","-0.54%"
"2024-03-04","10.705","10.740","10.740","10.705","-0.33%"
"2024-03-01","10.740","10.780","10.780","10.740","-0.29%"
"2024-02-29","10.771","10.840","10.840","10.760","-0.69%"
"2024-02-28","10.846","10.820","10.846","10.820","0.17%"
"2024-02-27","10.828","10.840","10.840","10.820","-0.40%"
"2024-02-26","10.872","10.820","10.880","10.820","0.57%"
"2024-02-23","10.810","10.770","10.810","10.770","0.22%"
"2024-02-22","10.786","10.760","10.800","10.760","0.65%"
"2024-02-21","10.716","10.700","10.720","10.700","-0.08%"
"2024-02-20","10.725","10.730","10.730","10.720","-0.36%"
"2024-02-19","10.764","10.765","10.765","10.740","-0.17%"
"2024-02-16","10.782","10.775","10.795","10.775","0.00%"
"2024-02-15","10.782","10.790","10.790","10.782","-0.05%"
"2024-02-14","10.787","10.755","10.787","10.755","0.34%"
"2024-02-13","10.750","10.750","10.750","10.750","0.00%"
"2024-02-12","10.750","10.750","10.750","10.750","0.00%"
"2024-02-11","10.750","10.750","10.750","10.750","0.66%"
"2024-02-09","10.680","10.675","10.680","10.675","-0.84%"
"2024-02-08","10.770","10.695","10.603","10.681","1.58%"
"2024-02-07","10.603","10.620","10.620","10.603","-0.44%"
"2024-02-06","10.650","10.623","10.650","10.570","-0.26%"
"2024-02-05","10.678","10.700","10.700","10.678","0.25%"
"2024-02-04","10.651","10.651","10.651","10.651","-0.83%"
"2024-02-02","10.740","10.533","10.740","10.533","1.13%"
"2024-02-01","10.620","10.640","10.640","10.538","-0.38%"
"2024-01-31","10.660","10.632","10.660","10.583","-0.11%"
"2024-01-30","10.672","10.660","10.672","10.660","-0.54%"
"2024-01-29","10.730","10.618","10.730","10.618","1.50%"
"2024-01-28","10.571","10.571","10.571","10.571","0.00%"
"2024-01-27","10.571","10.571","10.571","10.571","-0.83%"
"2024-01-26","10.660","10.760","10.760","10.585","-0.93%"
"2024-01-25","10.760","10.703","10.760","10.656","0.47%"
"2024-01-24","10.710","10.665","10.712","10.640","-0.28%"
"2024-01-23","10.740","10.745","10.745","10.725","-0.83%"
"2024-01-22","10.830","10.748","10.830","10.748","1.11%"
"2024-01-20","10.711","10.711","10.711","10.711","-0.82%"
"2024-01-19","10.800","10.715","10.800","10.704","-0.18%"
"2024-01-18","10.820","10.722","10.820","10.722","0.19%"
"2024-01-17","10.800","10.712","10.800","10.712","0.37%"
"2024-01-16","10.760","10.580","10.760","10.580","2.33%"
"2024-01-15","10.515","10.555","10.555","10.502","0.12%"
"2024-01-14","10.502","10.502","10.502","10.502","0.00%"
"2024-01-13","10.502","10.502","10.502","10.502","-0.83%"
"2024-01-12","10.590","10.523","10.590","10.508","-0.56%"
"2024-01-11","10.650","10.605","10.650","10.592","-0.47%"
"2024-01-10","10.700","10.620","10.700","10.620","-0.19%"
"2024-01-09","10.720","10.700","10.720","10.655","0.90%"
"2024-01-08","10.624","10.658","10.690","10.620","0.40%"
"2024-01-06","10.582","10.582","10.582","10.582","-0.82%"
"2024-01-05","10.670","10.595","10.670","10.575","0.19%"
"2024-01-04","10.650","10.570","10.650","10.519","1.14%"
"2024-01-03","10.530","10.470","10.530","10.470","0.29%"
"2024-01-02","10.500","10.445","10.500","10.398","1.34%"
"2023-12-29","10.361","10.361","10.361","10.361","0.00%"
"2023-12-28","10.361","10.350","10.361","10.300","0.01%"
"2023-12-27","10.360","10.337","10.360","10.261","-0.67%"
"2023-12-26","10.430","10.445","10.445","10.330","0.66%"
"2023-12-25","10.362","10.362","10.362","10.362","0.00%"
"2023-12-24","10.362","10.362","10.362","10.362","0.00%"
"2023-12-23","10.362","10.362","10.362","10.362","0.00%"
"2023-12-22","10.362","10.359","10.366","10.340","-1.50%"
"2023-12-21","10.520","10.435","10.520","10.435","0.57%"
"2023-12-20","10.460","10.510","10.510","10.387","-1.37%"
"2023-12-19","10.606","10.672","10.672","10.587","-0.46%"
"2023-12-18","10.655","10.637","10.655","10.637","0.31%"
"2023-12-17","10.622","10.622","10.622","10.622","0.00%"
"2023-12-16","10.622","10.622","10.622","10.622","0.00%"
"2023-12-15","10.622","10.630","10.630","10.622","-1.92%"
"2023-12-14","10.830","10.670","10.830","10.670","0.57%"
"2023-12-13","10.769","10.867","10.867","10.769","-1.92%"
"2023-12-12","10.980","10.930","10.980","10.907","-0.63%"
"2023-12-11","11.050","10.930","11.050","10.930","0.99%"
"2023-12-10","10.941","10.941","10.941","10.941","0.00%"
"2023-12-09","10.941","10.941","10.941","10.941","-0.71%"
"2023-12-08","11.020","10.930","11.020","10.930","1.45%"
"2023-12-07","10.862","10.875","10.890","10.842","-0.89%"
"2023-12-06","10.960","10.905","10.960","10.895","-0.15%"
"2023-12-05","10.977","10.962","10.977","10.962","0.14%"
"2023-12-04","10.962","10.889","10.972","10.889","1.38%"
"2023-12-03","10.812","10.812","10.812","10.812","-0.72%"
"2023-12-01","10.890","10.920","10.920","10.820","-0.73%"
"2023-11-30","10.970","10.885","10.970","10.852","0.27%"
"2023-11-29","10.940","10.855","10.940","10.832","0.37%"
"2023-11-28","10.900","10.972","10.972","10.875","-1.62%"
"2023-11-27","11.080","11.045","11.080","10.982","-0.19%"
"2023-11-26","11.101","11.101","11.101","11.101","0.00%"
"2023-11-25","11.101","11.101","11.101","11.101","-0.10%"
"2023-11-24","11.112","11.071","11.112","11.071","0.48%"
"2023-11-23","11.059","11.051","11.059","11.051","0.23%"
"2023-11-22","11.033","11.051","11.051","11.033","-1.92%"
"2023-11-21","11.250","11.135","11.250","11.135","1.53%"
"2023-11-20","11.080","11.065","11.080","11.005","0.71%"
"2023-11-19","11.002","11.002","11.002","11.002","0.00%"
"2023-11-18","11.002","11.002","11.002","11.002","0.00%"
"2023-11-17","11.002","10.984","11.021","10.969","-1.24%"
"2023-11-16","11.140","11.165","11.165","11.075","-0.01%"
"2023-11-15","11.141","11.142","11.142","11.141","-0.10%"
"2023-11-14","11.152","11.321","11.321","11.152","-1.43%"
"2023-11-13","11.314","11.331","11.331","11.314","-0.15%"
"2023-11-12","11.331","11.331","11.331","11.331","-0.69%"
"2023-11-10","11.410","11.380","11.410","11.303","0.17%"
"2023-11-09","11.391","11.381","11.426","11.366","-0.60%"
"2023-11-08","11.460","11.410","11.460","11.364","-0.01%"
"2023-11-07","11.461","11.486","11.486","11.438","-1.62%"
"2023-11-06","11.650","11.545","11.650","11.545","1.65%"
"2023-11-05","11.461","11.461","11.461","11.461","0.00%"
"2023-11-04","11.461","11.461","11.461","11.461","0.10%"
"2023-11-03","11.450","11.651","11.651","11.450","-1.73%"
"2023-11-02","11.651","11.651","11.651","11.651","-0.67%"
"2023-11-01","11.730","11.805","11.805","11.657","-1.26%"
"2023-10-31","11.880","11.940","11.940","11.825","-0.92%"
"2023-10-30","11.990","11.765","11.990","11.681","2.30%"
"2023-10-29","11.721","11.721","11.721","11.721","0.00%"
"2023-10-28","11.721","11.721","11.721","11.721","-0.67%"
"2023-10-27","11.800","11.515","11.800","11.515","1.20%"
"2023-10-26","11.660","11.690","11.690","11.516","-1.69%"
"2023-10-25","11.860","11.770","11.860","11.751","0.08%"
"2023-10-24","11.850","11.805","11.980","11.747","-0.42%"
"2023-10-23","11.900","11.940","11.940","11.825","0.00%"
"2023-10-21","11.900","11.900","11.900","11.900","-0.08%"
"2023-10-20","11.910","11.960","11.960","11.910","-0.92%"
"2023-10-19","12.020","11.825","12.020","11.825","1.78%"
"2023-10-18","11.810","11.730","11.810","11.730","-1.42%"
"2023-10-17","11.980","11.795","11.980","11.795","2.04%"
"2023-10-16","11.741","11.821","11.835","11.719","-0.67%"
"2023-10-15","11.821","11.821","11.821","11.821","0.00%"
"2023-10-14","11.821","11.821","11.821","11.821","-0.27%"
"2023-10-13","11.853","11.806","11.853","11.806","1.05%"
"2023-10-12","11.730","11.730","11.730","11.730","0.89%"
"2023-10-11","11.626","11.711","11.711","11.626","-1.39%"
"2023-10-10","11.790","11.710","11.790","11.675","-0.76%"
"2023-10-09","11.880","11.980","11.980","11.768","-0.83%"
"2023-10-08","11.980","11.980","11.980","11.980","-0.66%"
"2023-10-06","12.060","12.230","12.230","11.946","-0.08%"
"2023-10-05","12.070","11.975","12.070","11.975","0.17%"
"2023-10-04","12.050","11.975","12.050","11.948","-0.58%"
"2023-10-03","12.120","11.880","12.120","11.880","1.76%"
"2023-10-02","11.910","11.848","11.910","11.848","1.70%"
"2023-10-01","11.711","11.711","11.711","11.711","0.00%"
"2023-09-30","11.711","11.711","11.711","11.711","0.00%"
"2023-09-29","11.711","11.701","11.711","11.669","-1.34%"
"2023-09-28","11.870","11.910","11.915","11.816","-1.00%"
"2023-09-27","11.990","11.800","12.065","11.800","1.27%"
"2023-09-26","11.840","11.680","11.840","11.680","2.18%"
"2023-09-25","11.587","11.590","11.590","11.587","1.45%"
"2023-09-24","11.421","11.421","11.421","11.421","0.00%"
"2023-09-23","11.421","11.421","11.421","11.421","-0.69%"
"2023-09-22","11.500","11.410","11.500","11.410","0.09%"
"2023-09-21","11.490","11.435","11.490","11.400","0.70%"
"2023-09-20","11.410","11.325","11.410","11.308","-0.17%"
"2023-09-19","11.430","11.360","11.430","11.360","0.70%"
"2023-09-18","11.350","11.280","11.350","11.269","0.78%"
"2023-09-17","11.262","11.262","11.262","11.262","0.00%"
"2023-09-16","11.262","11.262","11.262","11.262","-0.69%"
"2023-09-15","11.340","11.265","11.340","11.265","0.53%"
"2023-09-14","11.280","11.195","11.280","11.195","-0.09%"
"2023-09-13","11.290","11.195","11.290","11.195","0.00%"
"2023-09-12","11.290","11.290","11.290","11.220","-0.02%"
"2023-09-11","11.292","11.264","11.292","11.264","-0.35%"
"2023-09-10","11.332","11.332","11.332","11.332","0.00%"
"2023-09-09","11.332","11.332","11.332","11.332","-0.68%"
"2023-09-08","11.410","11.325","11.410","11.325","0.60%"
"2023-09-07","11.342","11.342","11.342","11.342","-0.69%"
"2023-09-06","11.420","11.305","11.420","11.305","0.62%"
"2023-09-05","11.350","11.225","11.350","11.225","1.16%"
"2023-09-04","11.220","11.105","11.220","11.105","0.61%"
"2023-09-03","11.152","11.152","11.152","11.152","0.00%"
"2023-09-02","11.152","11.152","11.152","11.152","0.31%"
"2023-09-01","11.118","11.118","11.118","11.118","-1.00%"
"2023-08-31","11.230","11.115","11.230","11.115","1.63%"
"2023-08-30","11.050","10.880","11.050","10.880","0.09%"
"2023-08-29","11.040","11.065","11.065","10.926","-1.25%"
"2023-08-28","11.180","11.110","11.180","11.037","0.61%"
"2023-08-27","11.112","11.112","11.112","11.112","0.00%"
"2023-08-26","11.112","11.112","11.112","11.112","-0.70%"
"2023-08-25","11.190","11.135","11.190","11.100","0.18%"
"2023-08-24","11.170","11.160","11.170","11.067","0.36%"
"2023-08-23","11.130","11.125","11.130","11.055","-1.59%"
"2023-08-22","11.310","11.310","11.310","11.225","-0.72%"
"2023-08-21","11.392","11.370","11.392","11.350","1.61%"
"2023-08-20","11.212","11.212","11.212","11.212","0.00%"
"2023-08-19","11.212","11.212","11.212","11.212","-0.69%"
"2023-08-18","11.290","11.295","11.295","11.225","-0.70%"
"2023-08-17","11.370","11.165","11.370","11.165","1.43%"
"2023-08-16","11.210","11.085","11.210","11.085","0.09%"
"2023-08-15","11.200","11.010","11.200","11.010","0.81%"
"2023-08-14","11.110","10.990","11.110","10.990","1.72%"
"2023-08-13","10.922","10.922","10.922","10.922","0.00%"
"2023-08-12","10.922","10.922","10.922","10.922","-0.03%"
"2023-08-11","10.926","10.920","10.926","10.913","-0.67%"
"2023-08-10","11.000","10.930","11.000","10.910","1.27%"
"2023-08-09","10.863","10.795","10.870","10.795","0.30%"
"2023-08-08","10.830","10.815","10.830","10.765","-0.39%"
"2023-08-07","10.872","10.870","10.872","10.860","0.64%"
"2023-08-06","10.803","10.803","10.803","10.803","0.00%"
"2023-08-05","10.803","10.803","10.803","10.803","-0.71%"
"2023-08-04","10.880","10.820","10.880","10.820","-0.02%"
"2023-08-03","10.882","10.790","10.882","10.790","1.61%"
"2023-08-02","10.710","10.775","10.775","10.710","-0.94%"
"2023-08-01","10.812","10.860","10.860","10.812","-0.36%"
"2023-07-31","10.851","10.915","10.915","10.851","-0.56%"
"2023-07-30","10.913","10.913","10.913","10.913","-0.15%"
"2023-07-28","10.929","10.935","10.935","10.915","-0.18%"
"2023-07-27","10.949","10.920","10.949","10.920","1.20%"
"2023-07-26","10.819","10.810","10.825","10.810","-0.06%"
"2023-07-25","10.825","10.795","10.825","10.790","-0.20%"
"2023-07-24","10.847","10.885","10.885","10.815","-0.24%"
"2023-07-23","10.873","10.873","10.873","10.873","0.00%"
"2023-07-22","10.873","10.873","10.873","10.873","-0.51%"
"2023-07-21","10.929","10.900","10.929","10.875","-0.54%"
"2023-07-20","10.988","10.860","10.988","10.860","1.48%"
"2023-07-19","10.828","10.750","10.828","10.750","1.07%"
"2023-07-18","10.713","10.745","10.745","10.695","-0.55%"
"2023-07-17","10.772","10.775","10.775","10.755","0.18%"
"2023-07-15","10.753","10.753","10.753","10.753","-0.38%"
"2023-07-14","10.794","10.725","10.794","10.725","0.80%"
"2023-07-13","10.708","10.625","10.708","10.625","0.92%"
"2023-07-12","10.610","10.585","10.610","10.585","-0.59%"
"2023-07-11","10.673","10.735","10.735","10.655","-0.08%"
"2023-07-10","10.682","10.710","10.710","10.682","0.18%"
"2023-07-09","10.663","10.663","10.663","10.663","0.00%"
"2023-07-08","10.663","10.663","10.663","10.663","0.19%"
"2023-07-07","10.643","10.820","10.820","10.643","-2.09%"
"2023-07-06","10.870","10.890","10.890","10.864","0.83%"
"2023-07-05","10.781","10.720","10.781","10.720","1.30%"
"2023-07-04","10.643","10.585","10.690","10.585","0.76%"
"2023-07-03","10.563","10.640","10.640","10.556","-1.09%"
"2023-06-30","10.679","10.780","10.780","10.670","-1.86%"
"2023-06-29","10.881","10.995","10.995","10.876","-0.01%"
"2023-06-28","10.882","10.910","10.910","10.880","0.45%"
"2023-06-27","10.833","10.960","10.960","10.829","-0.47%"
"2023-06-26","10.884","10.975","10.975","10.883","-0.76%"
"2023-06-25","10.967","10.967","10.967","10.967","0.00%"
"2023-06-24","10.967","10.967","10.967","10.967","-0.07%"
"2023-06-23","10.975","11.005","11.005","10.972","-0.72%"
"2023-06-22","11.055","11.000","11.055","11.000","0.18%"
"2023-06-21","11.035","11.130","11.130","11.035","-1.24%"
"2023-06-20","11.173","11.225","11.225","11.150","-0.17%"
"2023-06-19","11.192","11.215","11.215","11.160","-0.31%"
"2023-06-18","11.226","11.226","11.226","11.226","0.00%"
"2023-06-17","11.226","11.226","11.226","11.226","0.62%"
"2023-06-16","11.157","11.290","11.290","11.153","-0.23%"
"2023-06-15","11.183","11.155","11.230","11.155","-1.03%"
"2023-06-14","11.299","11.355","11.370","11.296","-0.68%"
"2023-06-13","11.376","11.285","11.378","11.285","1.25%"
"2023-06-12","11.236","11.250","11.255","11.234","0.62%"
"2023-06-11","11.167","11.167","11.167","11.167","0.00%"
"2023-06-10","11.167","11.167","11.167","11.167","-0.32%"
"2023-06-09","11.203","11.195","11.203","11.180","-0.21%"
"2023-06-08","11.227","11.227","11.227","11.227","-0.28%"
"2023-06-07","11.258","11.130","11.258","11.130","0.92%"
"2023-06-06","11.155","11.150","11.165","11.145","-0.26%"
"2023-06-05","11.184","11.440","11.440","11.184","-1.69%"
"2023-06-04","11.377","11.377","11.377","11.377","0.00%"
"2023-06-03","11.377","11.377","11.377","11.377","0.01%"
"2023-06-02","11.375","11.435","11.435","11.375","-1.34%"
"2023-06-01","11.530","11.585","11.585","11.530","-0.20%"
"2023-05-31","11.553","11.550","11.553","11.540","0.06%"
"2023-05-30","11.546","11.565","11.565","11.540","-0.46%"
"2023-05-29","11.599","11.595","11.599","11.595","-0.15%"
"2023-05-28","11.616","11.616","11.616","11.616","0.00%"
"2023-05-27","11.616","11.616","11.616","11.616","0.37%"
"2023-05-26","11.573","11.645","11.645","11.573","-0.47%"
"2023-05-25","11.628","11.595","11.635","11.595","-0.46%"
"2023-05-24","11.682","11.605","11.682","11.605","-0.40%"
"2023-05-23","11.729","11.885","11.885","11.725","-1.05%"
"2023-05-22","11.854","11.905","11.910","11.852","-0.43%"
"2023-05-21","11.906","11.906","11.906","11.906","0.00%"
"2023-05-20","11.906","11.906","11.906","11.906","0.02%"
"2023-05-19","11.903","11.925","11.925","11.899","0.58%"
"2023-05-18","11.834","11.865","11.865","11.833","-0.06%"
"2023-05-17","11.841","11.795","11.865","11.795","0.86%"
"2023-05-16","11.740","11.790","11.790","11.735","0.77%"
"2023-05-15","11.650","11.920","11.925","11.645","-1.57%"
"2023-05-14","11.836","11.836","11.836","11.836","0.00%"
"2023-05-13","11.836","11.836","11.836","11.836","0.39%"
"2023-05-12","11.790","12.070","12.070","11.790","-1.32%"
"2023-05-11","11.948","12.290","12.290","11.948","-2.03%"
"2023-05-10","12.196","12.450","12.450","12.196","-1.36%"
"2023-05-09","12.364","12.350","12.380","12.275","1.03%"
"2023-05-08","12.238","12.210","12.280","12.200","0.93%"
"2023-05-07","12.125","12.125","12.125","12.125","0.00%"
"2023-05-06","12.125","12.125","12.125","12.125","0.11%"
"2023-05-05","12.112","12.120","12.240","12.112","0.29%"
"2023-05-04","12.077","12.260","12.260","12.077","-0.70%"
"2023-05-03","12.162","12.430","12.430","12.162","-1.30%"
"2023-05-02","12.322","12.450","12.470","12.322","-0.35%"
"2023-05-01","12.365","12.365","12.365","12.365","0.00%"
"2023-04-30","12.365","12.365","12.365","12.365","0.00%"
"2023-04-29","12.365","12.365","12.365","12.365","0.01%"
"2023-04-28","12.364","12.360","12.490","12.345","0.94%"
"2023-04-27","12.249","12.450","12.450","12.249","-0.72%"
"2023-04-26","12.338","12.520","12.520","12.338","-0.73%"
"2023-04-25","12.429","12.670","12.670","12.424","-0.93%"
"2023-04-24","12.546","12.690","12.700","12.545","-0.46%"
"2023-04-23","12.604","12.604","12.604","12.604","0.00%"
"2023-04-22","12.604","12.604","12.604","12.604","0.00%"
"2023-04-21","12.604","12.604","12.604","12.604","0.06%"
"2023-04-20","12.596","12.770","12.770","12.596","-0.76%"
"2023-04-19","12.693","12.540","12.710","12.384","2.39%"
"2023-04-18","12.397","12.400","12.490","12.300","0.67%"
"2023-04-17","12.314","12.450","12.450","12.314","-0.41%"
"2023-04-16","12.365","12.365","12.365","12.365","0.00%"
"2023-04-15","12.365","12.322","12.365","12.322","-0.04%"
"2023-04-14","12.370","12.360","12.460","12.360","0.50%"
"2023-04-13","12.309","12.550","12.580","12.305","-1.29%"
"2023-04-12","12.470","12.590","12.590","12.470","-0.08%"
"2023-04-11","12.480","12.750","12.750","12.480","-1.65%"
"2023-04-10","12.690","12.740","12.800","12.690","0.28%"
"2023-04-09","12.654","12.654","12.654","12.654","0.00%"
"2023-04-08","12.654","12.654","12.654","12.654","0.00%"
"2023-04-07","12.654","12.740","12.740","12.654","-0.02%"
"2023-04-06","12.656","12.580","12.750","12.580","0.64%"
"2023-04-05","12.576","12.700","12.750","12.567","-0.53%"
"2023-04-04","12.643","12.780","12.780","12.631","-0.64%"
"2023-04-03","12.725","12.900","12.940","12.725","-1.36%"
"2023-04-02","12.900","12.900","12.900","12.900","0.00%"
"2023-04-01","12.900","12.900","12.900","12.900","0.61%"
"2023-03-31","12.822","12.930","12.930","12.810","-0.11%"
"2023-03-30","12.836","13.100","13.100","12.836","-1.19%"
"2023-03-29","12.991","13.040","13.040","12.900","0.29%"
"2023-03-28","12.954","13.130","13.130","12.954","0.38%"
"2023-03-27","12.905","12.980","12.980","12.905","-0.96%"
"2023-03-24","13.030","12.950","13.030","12.950","-0.61%"
"2023-03-23","13.110","13.110","13.110","13.110","1.39%"
"2023-03-22","12.930","13.115","13.115","12.930","-1.37%"
"2023-03-21","13.110","13.140","13.140","13.110","0.46%"
"2023-03-20","13.050","13.130","13.130","13.050","-0.68%"
"2023-03-17","13.140","13.250","13.250","13.140","0.08%"
"2023-03-16","13.130","13.070","13.130","13.070","-0.83%"
"2023-03-15","13.240","13.240","13.240","13.240","1.26%"
"2023-03-14","13.075","13.005","13.075","13.005","1.08%"
"2023-03-13","12.935","12.920","12.935","12.920","-1.86%"
"2023-03-10","13.180","13.130","13.180","13.130","-0.08%"
"2023-03-09","13.190","13.380","13.380","13.190","-1.49%"
"2023-03-08","13.390","13.470","13.470","13.390","-1.18%"
"2023-03-07","13.550","13.510","13.550","13.510","-0.15%"
"2023-03-06","13.570","13.590","13.590","13.570","-0.04%"
"2023-03-03","13.575","13.590","13.590","13.575","-0.33%"
"2023-03-02","13.620","13.575","13.620","13.575","1.04%"
"2023-03-01","13.480","13.380","13.480","13.380","1.28%"
"2023-02-28","13.310","13.300","13.310","13.300","-0.37%"
"2023-02-27","13.360","13.390","13.390","13.360","-0.60%"
"2023-02-24","13.440","13.420","13.440","13.310","0.98%"
"2023-02-23","13.310","13.420","13.420","13.310","0.38%"
"2023-02-22","13.260","13.260","13.260","13.260","0.08%"
"2023-02-17","13.250","13.320","13.320","13.250","-1.16%"
"2023-02-16","13.405","13.415","13.415","13.405","0.37%"
"2023-02-15","13.355","13.510","13.510","13.355","-0.85%"
"2023-02-14","13.470","13.360","13.470","13.360","0.30%"
"2023-02-13","13.430","13.430","13.430","13.430","-0.81%"
"2023-02-10","13.540","13.420","13.540","13.420","0.82%"
"2023-02-09","13.430","13.360","13.430","13.360","0.60%"
"2023-02-08","13.350","13.490","13.490","13.350","0.00%"
"2023-02-07","13.350","13.310","13.350","13.310","-0.60%"
"2023-02-06","13.430","13.490","13.490","13.430","0.52%"
"2023-02-03","13.360","13.305","13.360","13.305","2.65%"
"2023-02-02","13.015","13.177","13.177","13.015","-1.14%"
"2023-02-01","13.165","13.100","13.165","13.100","0.73%"
"2023-01-31","13.070","13.195","13.195","13.070","-0.80%"
"2023-01-30","13.175","13.105","13.175","13.105","-0.15%"
"2023-01-27","13.195","13.120","13.195","13.120","0.88%"
"2023-01-26","13.080","13.090","13.090","13.080","0.93%"
"2023-01-25","12.960","13.060","13.060","12.960","-1.67%"
"2023-01-24","13.180","13.270","13.270","13.180","-0.60%"
"2023-01-23","13.260","13.060","13.260","13.060","2.00%"
"2023-01-20","13.000","12.960","13.000","12.960","1.48%"
"2023-01-19","12.810","12.980","12.980","12.810","1.10%"
"2023-01-18","12.670","12.550","12.670","12.550","0.88%"
"2023-01-17","12.560","12.570","12.570","12.560","-0.83%"
"2023-01-16","12.665","12.550","12.665","12.550","2.34%"
"2023-01-13","12.375","12.440","12.440","12.375","0.45%"
"2023-01-12","12.320","12.370","12.370","12.320","-1.20%"
"2023-01-11","12.470","12.670","12.670","12.470","-2.08%"
"2023-01-10","12.735","12.890","12.890","12.735","-0.89%"
"2023-01-09","12.850","13.040","13.040","12.850","-0.31%"
"2023-01-06","12.890","13.030","13.030","12.890","-1.04%"
"2023-01-05","13.025","13.125","13.125","13.025","-1.88%"
"2023-01-04","13.275","13.225","13.275","13.225","0.91%"
"2023-01-03","13.155","13.155","13.155","13.155","3.10%"
"2022-12-29","12.760","12.660","12.760","12.660","-0.39%"
"2022-12-28","12.810","12.980","12.980","12.810","-1.84%"
"2022-12-27","13.050","13.020","13.050","13.020","0.85%"
"2022-12-26","12.940","12.960","12.960","12.940","-0.08%"
"2022-12-23","12.950","12.915","12.950","12.915","-0.77%"
"2022-12-22","13.050","13.180","13.180","13.050","-0.61%"
"2022-12-21","13.130","13.140","13.140","13.130","-0.45%"
"2022-12-20","13.190","13.190","13.190","13.190","-1.93%"
"2022-12-19","13.450","13.620","13.620","13.450","-0.11%"
"2022-12-16","13.465","13.445","13.465","13.445","0.41%"
"2022-12-15","13.410","13.410","13.410","13.410","-2.05%"
"2022-12-14","13.690","13.590","13.690","13.590","3.63%"
"2022-12-13","13.210","13.200","13.210","13.200","-0.30%"
"2022-12-12","13.250","13.090","13.250","13.090","1.61%"
"2022-12-09","13.040","13.040","13.040","13.040","0.62%"
"2022-12-08","12.960","12.990","12.990","12.960","1.09%"
"2022-12-07","12.820","12.930","12.930","12.820","-0.93%"
"2022-12-06","12.940","12.880","12.940","12.880","0.94%"
"2022-12-05","12.820","12.680","12.820","12.680","1.99%"
"2022-12-02","12.570","12.740","12.740","12.570","-2.03%"
"2022-12-01","12.830","12.935","12.935","12.830","0.16%"
"2022-11-30","12.810","13.025","13.025","12.810","-2.44%"
"2022-11-29","13.130","13.420","13.420","13.130","-3.24%"
"2022-11-28","13.570","13.660","13.660","13.570","-0.66%"
"2022-11-25","13.660","13.570","13.660","13.570","1.26%"
"2022-11-24","13.490","13.650","13.650","13.490","-2.81%"
"2022-11-23","13.880","13.710","13.880","13.710","2.97%"
"2022-11-22","13.480","13.400","13.480","13.400","0.75%"
"2022-11-21","13.380","13.260","13.380","13.260","1.06%"
"2022-11-18","13.240","13.110","13.240","13.110","-0.11%"
"2022-11-17","13.255","13.465","13.465","13.255","0.57%"
"2022-11-16","13.180","13.060","13.180","13.060","0.23%"
"2022-11-14","13.150","13.150","13.150","13.150","-1.28%"
"2022-11-11","13.320","11.835","13.320","11.835","2.46%"
"2022-11-10","13.000","11.835","13.000","11.835","6.43%"
"2022-11-09","12.215","11.835","12.275","11.835","0.66%"
"2022-11-08","12.135","12.175","12.215","12.135","1.13%"
"2022-11-07","12.000","11.835","12.000","11.835","1.18%"
"2022-11-04","11.860","11.860","11.860","11.835","-0.34%"
"2022-11-03","11.900","11.805","11.900","11.805","0.93%"
"2022-11-01","11.790","11.835","11.835","11.790","-0.97%"
"2022-10-31","11.905","12.115","12.115","11.835","-1.00%"
"2022-10-28","12.025","12.180","12.180","11.995","0.00%"
"2022-10-27","12.025","12.180","12.180","12.025","-1.15%"
"2022-10-26","12.165","12.110","12.165","12.110","0.33%"
"2022-10-25","12.125","12.125","12.125","12.125","-0.04%"
"2022-10-24","12.130","11.955","12.130","11.955","1.59%"
"2022-10-21","11.940","11.940","11.940","11.940","-0.13%"
"2022-10-20","11.955","11.955","11.980","11.955","0.13%"
"2022-10-19","11.940","11.940","11.940","11.940","0.76%"
"2022-10-18","11.850","11.890","11.890","11.850","-0.50%"
"2022-10-17","11.910","11.750","11.920","11.750","-0.92%"
"2022-10-14","12.020","11.750","12.020","11.750","1.09%"
"2022-10-13","11.890","12.080","12.080","11.890","0.17%"
"2022-10-11","11.870","11.840","11.935","11.840","0.76%"
"2022-10-10","11.780","11.750","11.800","11.750","0.17%"
"2022-10-07","11.760","11.750","11.760","11.730","-0.38%"
"2022-10-06","11.805","11.825","11.825","11.805","0.25%"
"2022-10-05","11.775","11.785","11.785","11.775","0.77%"
"2022-10-04","11.685","11.685","11.685","11.685","-0.64%"
"2022-10-03","11.760","12.165","12.165","11.710","-2.00%"
"2022-09-30","12.000","12.165","12.165","12.000","-1.60%"
"2022-09-29","12.195","12.305","12.305","12.165","0.29%"
"2022-09-28","12.160","12.085","12.210","12.085","1.00%"
"2022-09-27","12.040","12.110","12.110","11.900","-0.25%"
"2022-09-26","12.070","11.950","12.070","11.950","2.81%"
"2022-09-23","11.740","11.740","11.740","11.740","1.12%"
"2022-09-22","11.610","11.750","11.750","11.610","-2.03%"
"2022-09-21","11.850","11.930","11.930","11.770","-1.04%"
"2022-09-20","11.975","11.980","11.980","11.945","0.08%"
"2022-09-19","11.965","11.950","12.155","11.950","-1.03%"
"2022-09-16","12.090","11.950","12.180","11.950","-0.12%"
"2022-09-15","12.105","12.105","12.105","12.105","0.46%"
"2022-09-14","12.050","12.030","12.050","12.030","0.58%"
"2022-09-13","11.980","11.990","11.990","11.920","2.39%"
"2022-09-12","11.700","11.990","11.990","11.700","0.43%"
"2022-09-09","11.650","11.760","11.760","11.650","-1.69%"
"2022-09-08","11.850","11.880","11.880","11.825","-1.17%"
"2022-09-06","11.990","12.000","12.000","11.990","0.67%"
"2022-09-05","11.910","12.210","12.210","11.910","-0.25%"
"2022-09-02","11.940","11.900","11.940","11.900","-1.57%"
"2022-09-01","12.130","12.050","12.130","12.050","-0.49%"
"2022-08-31","12.190","12.210","12.210","12.190","-1.18%"
"2022-08-30","12.335","12.295","12.335","12.275","0.82%"
"2022-08-29","12.235","12.105","12.295","12.105","-0.37%"
"2022-08-26","12.280","12.215","12.280","12.215","0.53%"
"2022-08-25","12.215","12.155","12.305","12.155","0.58%"
"2022-08-24","12.145","12.020","12.145","12.020","0.12%"
"2022-08-23","12.130","12.280","12.280","12.065","-1.14%"
"2022-08-22","12.270","12.300","12.300","12.270","-0.16%"
"2022-08-19","12.290","12.220","12.290","12.220","1.65%"
"2022-08-18","12.090","12.080","12.090","12.020","0.67%"
"2022-08-17","12.010","11.890","12.035","11.890","1.18%"
"2022-08-16","11.870","11.890","11.890","11.870","-0.67%"
"2022-08-15","11.950","12.080","12.080","11.950","-1.48%"
"2022-08-12","12.130","12.070","12.180","12.070","-1.46%"
"2022-08-11","12.310","12.280","12.310","12.070","0.90%"
"2022-08-10","12.200","12.070","12.200","12.070","-0.65%"
"2022-08-09","12.280","12.125","12.280","12.125","0.57%"
"2022-08-08","12.210","12.825","12.825","12.210","-2.01%"
"2022-08-05","12.460","12.825","12.825","12.425","-1.15%"
"2022-08-04","12.605","12.825","12.825","12.605","-2.29%"
"2022-08-03","12.900","13.060","13.060","12.900","0.70%"
"2022-08-02","12.810","12.810","12.810","12.810","-0.66%"
"2022-08-01","12.895","12.940","12.940","12.895","-1.11%"
"2022-07-29","13.040","13.240","13.240","13.040","-1.21%"
"2022-07-28","13.200","13.280","13.280","13.200","-2.22%"
"2022-07-27","13.500","13.475","13.500","13.355","0.75%"
"2022-07-26","13.400","13.330","13.400","13.330","-0.59%"
"2022-07-25","13.480","13.585","13.585","13.480","-1.10%"
"2022-07-22","13.630","13.610","13.630","13.610","-0.66%"
"2022-07-21","13.720","13.620","13.720","13.620","0.15%"
"2022-07-20","13.700","13.680","13.700","13.655","0.51%"
"2022-07-19","13.630","13.610","13.630","13.610","0.96%"
"2022-07-18","13.500","13.305","13.500","13.305","1.05%"
"2022-07-15","13.360","13.435","13.435","13.290","0.11%"
"2022-07-14","13.345","13.435","13.435","13.345","0.64%"
"2022-07-13","13.260","13.435","13.435","13.260","-1.12%"
"2022-07-12","13.410","13.435","13.460","13.410","0.30%"
"2022-07-11","13.370","13.225","13.400","13.225","0.98%"
"2022-07-08","13.240","13.200","13.240","13.200","0.30%"
"2022-07-07","13.200","13.220","13.220","13.200","-0.23%"
"2022-07-06","13.230","13.180","13.230","13.180","0.23%"
"2022-07-05","13.200","13.170","13.200","13.170","1.19%"
"2022-07-04","13.045","13.060","13.060","13.045","-0.19%"
"2022-07-01","13.070","13.180","13.180","13.020","0.15%"
"2022-06-30","13.050","13.050","13.050","13.050","-1.73%"
"2022-06-29","13.280","12.915","13.280","12.915","0.99%"
"2022-06-28","13.150","12.915","13.150","12.915","1.86%"
"2022-06-27","12.910","12.865","12.910","12.865","0.39%"
"2022-06-24","12.860","12.840","12.860","12.840","0.70%"
"2022-06-23","12.770","12.770","12.770","12.770","0.39%"
"2022-06-22","12.720","12.760","12.760","12.720","-1.09%"
"2022-06-21","12.860","12.835","12.860","12.835","0.55%"
"2022-06-20","12.790","12.855","12.880","12.790","-0.85%"
"2022-06-17","12.900","13.000","13.000","12.855","-1.83%"
"2022-06-15","13.140","13.285","13.285","13.140","-0.90%"
"2022-06-14","13.260","12.675","13.260","12.675","2.00%"
"2022-06-13","13.000","12.675","13.035","12.675","1.09%"
"2022-06-10","12.860","12.790","12.860","12.790","0.47%"
"2022-06-09","12.800","12.675","12.835","12.675","-0.58%"
"2022-06-08","12.875","12.675","12.875","12.675","-0.23%"
"2022-06-07","12.905","12.905","12.905","12.905","1.45%"
"2022-06-06","12.720","12.675","12.720","12.675","0.55%"
"2022-06-03","12.650","12.675","12.675","12.650","-0.94%"
"2022-06-02","12.770","12.730","12.790","12.730","1.11%"
"2022-06-01","12.630","12.710","12.730","12.630","0.64%"
"2022-05-31","12.550","12.580","12.580","12.550","-0.32%"
"2022-05-30","12.590","12.410","12.710","12.360","2.27%"
"2022-05-27","12.310","12.340","12.410","12.310","-0.24%"
"2022-05-26","12.340","12.450","12.450","12.340","-1.12%"
"2022-05-25","12.480","12.520","12.520","12.480","1.13%"
"2022-05-24","12.340","12.185","12.400","12.185","1.56%"
"2022-05-23","12.150","12.240","12.240","12.150","-0.57%"
"2022-05-20","12.220","12.280","12.280","12.220","-1.05%"
"2022-05-19","12.350","12.420","12.420","12.335","-1.28%"
"2022-05-18","12.510","12.540","12.540","12.510","0.00%"
"2022-05-17","12.510","12.530","12.530","12.475","-0.16%"
"2022-05-16","12.530","12.460","12.530","12.460","-1.80%"
"2022-05-13","12.760","12.635","12.760","12.635","0.31%"
"2022-05-12","12.720","12.720","12.720","12.720","0.24%"
"2022-05-11","12.690","12.670","12.690","12.670","0.63%"
"2022-05-10","12.610","12.625","12.625","12.610","-0.24%"
"2022-05-09","12.640","12.640","12.640","12.640","-0.32%"
"2022-05-06","12.680","12.545","12.735","12.545","0.79%"
"2022-05-05","12.580","12.545","12.580","12.545","2.11%"
"2022-05-04","12.320","12.380","12.380","12.320","-0.40%"
"2022-05-03","12.370","12.370","12.370","12.370","-0.64%"
"2022-05-02","12.450","12.375","12.450","12.375","1.63%"
"2022-04-29","12.250","12.265","12.265","12.250","-0.97%"
"2022-04-28","12.370","12.335","12.370","12.290","0.65%"
"2022-04-27","12.290","12.250","12.335","12.250","-0.32%"
"2022-04-26","12.330","12.250","12.385","12.250","0.08%"
"2022-04-25","12.320","12.400","12.400","12.250","0.16%"
"2022-04-22","12.300","12.220","12.400","12.220","0.99%"
"2022-04-20","12.180","12.200","12.200","12.180","-0.33%"
"2022-04-19","12.220","12.160","12.220","12.160","0.25%"
"2022-04-18","12.190","12.320","12.320","12.160","0.41%"
"2022-04-14","12.140","12.060","12.140","12.060","0.50%"
"2022-04-13","12.080","12.130","12.130","12.080","0.25%"
"2022-04-12","12.050","11.860","12.050","11.860","0.88%"
"2022-04-11","11.945","11.855","12.060","11.855","0.76%"
"2022-04-08","11.855","11.665","11.855","11.665","5.85%"
"2022-04-07","11.200","11.555","11.665","11.200","0.72%"
"2022-04-06","11.120","11.405","11.555","11.120","1.37%"
"2022-04-05","10.970","11.320","11.405","10.970","-2.18%"
"2022-04-04","11.215","11.370","11.370","11.215","1.77%"
"2022-04-01","11.020","11.635","11.635","11.020","-2.04%"
"2022-03-31","11.250","11.740","11.740","11.250","-0.88%"
"2022-03-30","11.350","11.635","11.740","11.350","1.43%"
"2022-03-29","11.190","11.695","11.695","11.190","-0.71%"
"2022-03-28","11.270","11.785","11.785","11.270","-1.14%"
"2022-03-25","11.400","11.905","11.905","11.400","-1.30%"
"2022-03-24","11.550","11.905","11.905","11.550","-1.79%"
"2022-03-23","11.760","12.155","12.185","11.760","-1.18%"
"2022-03-22","11.900","12.215","12.215","11.900","0.00%"
"2022-03-21","11.900","12.135","12.215","11.900","-1.94%"
"2022-03-18","12.135","12.345","12.345","12.135","0.54%"
"2022-03-17","12.070","12.345","12.345","12.070","-1.07%"
"2022-03-16","12.200","12.425","12.435","12.200","-0.49%"
"2022-03-15","12.260","12.425","12.425","12.260","-1.05%"
"2022-03-14","12.390","12.290","12.595","12.290","2.48%"
"2022-03-11","12.090","12.250","12.250","11.535","0.33%"
"2022-03-10","12.050","12.165","12.250","12.050","1.01%"
"2022-03-09","11.930","12.155","12.165","11.930","-0.67%"
"2022-03-08","12.010","12.155","12.155","12.010","1.26%"
"2022-03-07","11.860","11.695","12.155","11.695","3.85%"
"2022-03-04","11.420","11.695","11.695","11.420","0.00%"
"2022-03-03","11.420","11.625","11.695","11.420","0.79%"
"2022-03-02","11.330","11.330","11.330","11.330","0.09%"
"2022-02-25","11.320","11.535","11.565","11.320","0.09%"
"2022-02-24","11.310","11.485","11.535","11.310","1.25%"
"2022-02-23","11.170","11.485","11.485","11.170","-0.36%"
"2022-02-22","11.210","11.445","11.485","11.210","-0.09%"
"2022-02-21","11.220","11.445","11.445","11.220","-0.36%"
"2022-02-18","11.260","11.555","11.555","11.260","0.00%"
"2022-02-17","11.260","11.445","11.555","11.260","0.63%"
"2022-02-16","11.190","11.515","11.515","11.190","-0.80%"
"2022-02-15","11.280","11.615","11.615","11.280","-2.88%"
"2022-02-14","11.615","11.615","11.615","11.615","3.15%"
"2022-02-11","11.260","11.595","11.595","11.260","-2.64%"
"2022-02-10","11.565","11.565","11.565","11.565","0.61%"
"2022-02-09","11.495","11.445","11.495","11.445","1.73%"
"2022-02-08","11.300","11.445","11.445","11.300","1.16%"
"2022-02-07","11.170","11.445","11.445","11.170","-0.27%"
"2022-02-04","11.200","11.195","11.515","11.195","0.04%"
"2022-02-03","11.195","11.195","11.195","11.195","0.36%"
"2022-02-02","11.155","11.290","11.290","11.155","-1.20%"
"2022-02-01","11.290","11.290","11.290","11.290","1.90%"
"2022-01-31","11.080","11.465","11.465","11.080","-0.27%"
"2022-01-28","11.110","11.495","11.495","11.110","-3.35%"
"2022-01-27","11.495","11.495","11.495","11.495","1.46%"
"2022-01-26","11.330","11.330","11.330","11.330","-0.92%"
"2022-01-25","11.435","11.435","11.435","11.435","-0.87%"
"2022-01-24","11.535","11.535","11.535","11.535","0.00%"
"2022-01-21","11.535","11.535","11.535","11.535","2.17%"
"2022-01-20","11.290","11.290","11.290","11.290","-0.92%"
"2022-01-19","11.395","11.595","11.595","11.395","-1.72%"
"2022-01-18","11.595","11.545","11.595","11.545","0.43%"
"2022-01-17","11.545","11.545","11.545","11.545","2.49%"
"2022-01-14","11.265","11.310","11.310","11.265","-0.40%"
"2022-01-13","11.310","11.310","11.310","11.310","-0.04%"
"2022-01-12","11.315","11.315","11.315","11.315","-1.91%"
"2022-01-11","11.535","11.535","11.535","11.535","0.44%"
"2022-01-10","11.485","11.485","11.485","11.485","0.88%"
"2022-01-07","11.385","11.385","11.385","11.385","0.44%"
"2022-01-06","11.335","11.395","11.395","11.335","0.31%"
"2022-01-05","11.300","11.360","11.360","11.300","0.00%"
"2022-01-04","11.300","10.665","11.300","10.665","2.31%"
"2022-01-03","11.045","10.835","11.045","10.835","7.13%"
"2021-12-30","10.310","10.850","10.850","10.310","-1.25%"
"2021-12-29","10.440","10.730","10.850","10.440","1.26%"
"2021-12-28","10.310","10.750","10.750","10.310","-0.39%"
"2021-12-27","10.350","10.740","10.750","10.350","-2.63%"
"2021-12-23","10.630","10.630","10.630","10.630","3.81%"
"2021-12-22","10.240","10.570","10.570","10.150","-3.12%"
"2021-12-21","10.570","10.660","10.660","10.570","-0.89%"
"2021-12-20","10.665","10.810","10.950","10.665","-1.34%"
"2021-12-17","10.810","10.665","10.810","10.665","1.36%"
"2021-12-16","10.665","10.630","10.665","10.520","0.89%"
"2021-12-15","10.570","10.570","10.570","10.570","0.15%"
"2021-12-14","10.555","10.555","10.555","10.555","-0.28%"
"2021-12-13","10.585","10.585","10.585","10.585","0.62%"
"2021-12-10","10.520","10.520","10.520","10.520","-1.87%"
"2021-12-09","10.720","10.845","10.845","10.720","-1.15%"
"2021-12-08","10.845","10.845","10.845","10.845","-1.36%"
"2021-12-07","10.995","10.995","10.995","10.995","-0.63%"
"2021-12-06","11.065","11.065","11.065","11.065","0.00%"
"2021-12-03","11.065","11.455","11.455","11.065","-2.43%"
"2021-12-02","11.340","11.455","11.455","11.340","-1.00%"
"2021-12-01","11.455","11.455","11.455","11.455","0.39%"
"2021-11-30","11.410","11.410","11.410","11.410","-1.60%"
"2021-11-29","11.595","11.705","11.705","11.595","-0.94%"
"2021-11-26","11.705","11.645","11.705","11.645","-0.56%"
"2021-11-25","11.771","11.771","11.771","11.771","1.09%"
"2021-11-24","11.644","11.644","11.644","11.644","-0.09%"
"2021-11-23","11.655","11.655","11.655","11.655","-1.69%"
"2021-11-22","11.855","11.855","11.855","11.855","1.02%"
"2021-11-19","11.735","11.735","11.735","11.735","-0.51%"
"2021-11-18","11.795","11.795","11.795","11.795","0.08%"
"2021-11-17","11.785","11.675","11.785","11.675","0.94%"
"2021-11-16","11.675","11.580","11.675","11.580","0.82%"
"2021-11-12","11.580","11.580","11.580","11.580","0.52%"
"2021-11-11","11.520","11.515","11.520","11.515","0.04%"
"2021-11-10","11.515","11.555","11.555","11.515","-0.35%"
"2021-11-09","11.555","11.790","11.790","11.555","-1.99%"
"2021-11-08","11.790","11.890","11.890","11.790","-0.43%"
"2021-11-06","11.841","11.841","11.841","11.841","-0.41%"
"2021-11-05","11.890","12.010","12.010","11.890","-1.00%"
"2021-11-04","12.010","12.010","12.010","12.010","1.14%"
"2021-11-03","11.875","12.315","12.315","11.875","-3.02%"
"2021-11-01","12.245","12.245","12.245","12.245","0.00%"
"2021-10-29","12.245","12.280","12.280","12.245","2.60%"
"2021-10-28","11.935","11.935","11.935","11.935","0.00%"
"2021-10-27","11.935","11.990","11.990","11.935","-0.46%"
"2021-10-26","11.990","11.990","11.990","11.990","0.21%"
"2021-10-25","11.965","12.135","12.135","11.965","-1.40%"
"2021-10-22","12.135","12.135","12.135","12.135","0.00%"
"2021-10-21","12.135","12.135","12.135","12.135","4.16%"
"2021-10-20","11.650","11.565","11.650","11.565","0.73%"
"2021-10-19","11.565","11.145","11.565","11.145","3.77%"
"2021-10-18","11.145","11.055","11.145","11.055","0.81%"
"2021-10-15","11.055","10.955","11.055","10.955","0.91%"
"2021-10-14","10.955","10.955","10.955","10.955","0.32%"
"2021-10-13","10.920","10.905","10.920","10.905","0.14%"
"2021-10-11","10.905","10.910","10.910","10.905","-1.76%"
"2021-10-08","11.100","11.100","11.100","11.100","0.00%"
"2021-10-07","11.100","11.020","11.100","11.020","0.73%"
"2021-10-06","11.020","11.130","11.130","11.020","-0.99%"
"2021-10-05","11.130","11.015","11.130","11.010","1.09%"
"2021-10-04","11.010","11.015","11.015","11.010","-0.05%"
"2021-10-01","11.015","11.165","11.165","11.015","-1.34%"
"2021-09-30","11.165","11.165","11.165","11.165","0.72%"
"2021-09-29","11.085","11.085","11.085","11.085","-0.49%"
"2021-09-28","11.140","11.140","11.140","11.140","0.63%"
"2021-09-27","11.070","10.900","11.070","10.900","0.73%"
"2021-09-24","10.990","10.900","10.990","10.900","0.83%"
"2021-09-23","10.900","10.900","10.900","10.705","1.82%"
"2021-09-22","10.705","10.815","10.815","10.705","-1.02%"
"2021-09-21","10.815","11.135","11.135","10.815","-2.35%"
"2021-09-20","11.075","11.135","11.135","11.075","-0.54%"
"2021-09-17","11.135","11.110","11.135","11.110","0.23%"
"2021-09-16","11.110","11.100","11.110","11.100","0.09%"
"2021-09-15","11.100","10.990","11.100","10.990","1.00%"
"2021-09-14","10.990","10.965","10.990","10.965","0.23%"
"2021-09-13","10.965","10.965","10.965","10.965","-1.31%"
"2021-09-10","11.110","11.175","11.175","11.110","-0.58%"
"2021-09-09","11.175","11.175","11.175","11.175","0.49%"
"2021-09-08","11.120","11.120","11.120","11.120","2.21%"
"2021-09-06","10.880","10.755","10.880","10.755","1.16%"
"2021-09-03","10.755","10.755","10.880","10.755","0.00%"
"2021-09-02","10.755","10.540","10.755","10.540","2.04%"
"2021-09-01","10.540","10.540","10.540","10.540","-0.09%"
"2021-08-31","10.550","10.265","10.550","10.265","2.78%"
"2021-08-30","10.265","10.265","10.265","10.265","0.10%"
"2021-08-27","10.255","10.255","10.255","10.255","-0.87%"
"2021-08-26","10.345","10.620","10.620","10.345","-0.05%"
"2021-08-25","10.350","10.620","10.620","10.350","-2.54%"
"2021-08-24","10.620","10.820","10.820","10.620","-1.85%"
"2021-08-23","10.820","10.820","10.820","10.820","1.84%"
"2021-08-20","10.625","10.625","10.625","10.625","-0.61%"
"2021-08-19","10.690","10.690","10.690","10.690","0.00%"
"2021-08-18","10.690","10.690","10.690","10.690","4.19%"
"2021-08-17","10.260","10.600","10.690","10.260","1.38%"
"2021-08-16","10.120","10.425","10.425","10.120","0.30%"
"2021-08-13","10.090","9.920","10.090","9.920","2.96%"
"2021-08-12","9.800","10.095","10.225","9.800","1.66%"
"2021-08-11","9.640","10.045","10.090","9.640","-0.41%"
"2021-08-10","9.680","10.090","10.090","9.680","0.94%"
"2021-08-09","9.590","9.990","10.090","9.590","0.00%"
"2021-08-06","9.590","9.900","9.930","9.590","0.74%"
"2021-08-05","9.520","9.600","9.900","9.520","3.59%"
"2021-08-04","9.190","9.650","9.650","9.190","-1.08%"
"2021-08-03","9.290","9.830","9.830","9.290","-2.82%"
"2021-08-02","9.560","9.600","9.600","9.500","4.82%"
"2021-07-30","9.120","9.335","9.600","9.120","-2.30%"
"2021-07-29","9.335","9.330","9.335","9.330","0.05%"
"2021-07-28","9.330","9.335","9.335","9.330","-0.05%"
"2021-07-27","9.335","9.335","9.335","9.335","0.76%"
"2021-07-26","9.265","9.305","9.305","9.265","0.65%"
"2021-07-22","9.205","9.205","9.205","9.205","-0.49%"
"2021-07-21","9.250","9.235","9.250","9.205","0.49%"
"2021-07-20","9.205","9.205","9.205","9.205","-0.32%"
"2021-07-19","9.235","9.235","9.235","9.235","4.59%"
"2021-07-16","8.830","9.215","9.215","8.830","-1.45%"
"2021-07-15","8.960","9.270","9.270","8.960","-3.08%"
"2021-07-14","9.245","9.470","9.470","9.245","1.59%"
"2021-07-13","9.100","9.365","9.470","9.100","2.13%"
"2021-07-12","8.910","9.365","9.365","8.910","-4.40%"
"2021-07-08","9.320","9.310","9.320","9.310","0.11%"
"2021-07-07","9.310","9.310","9.310","9.310","-0.75%"
"2021-07-06","9.380","9.275","9.380","9.110","1.13%"
"2021-07-05","9.275","9.210","9.275","9.210","0.71%"
"2021-07-01","9.210","9.115","9.210","9.110","1.04%"
"2021-06-30","9.115","9.110","9.115","9.110","0.83%"
"2021-06-29","9.040","9.195","9.195","9.040","-0.77%"
"2021-06-28","9.110","9.170","9.170","9.110","-0.92%"
"2021-06-25","9.195","9.170","9.195","9.170","0.27%"
"2021-06-24","9.170","9.275","9.275","9.170","-1.13%"
"2021-06-23","9.275","9.325","9.325","9.275","-0.54%"
"2021-06-22","9.325","9.325","9.325","9.325","0.00%"
"2021-06-21","9.325","9.505","9.505","9.325","3.04%"
"2021-06-18","9.050","9.235","9.235","9.050","3.08%"
"2021-06-17","8.780","9.155","9.235","8.780","-2.88%"
"2021-06-16","9.040","9.235","9.235","9.040","-1.63%"
"2021-06-15","9.190","9.235","9.235","9.190","-0.49%"
"2021-06-14","9.235","9.195","9.260","9.040","0.44%"
"2021-06-11","9.195","9.195","9.195","9.195","1.71%"
"2021-06-10","9.040","9.040","9.040","9.040","0.00%"
"2021-06-09","9.040","9.005","9.040","9.005","0.39%"
"2021-06-08","9.005","9.010","9.010","9.005","-0.06%"
"2021-06-07","9.010","8.930","9.010","8.930","0.90%"
"2021-06-04","8.930","9.025","9.025","8.930","-2.72%"
"2021-06-02","9.180","9.100","9.180","9.100","5.40%"
"2021-06-01","8.710","9.140","9.140","8.710","-0.68%"
"2021-05-31","8.770","9.110","9.170","8.770","-1.13%"
"2021-05-28","8.870","9.195","9.195","8.870","-3.53%"
"2021-05-27","9.195","9.345","9.345","9.195","-2.23%"
"2021-05-26","9.405","9.405","9.405","9.405","0.05%"
"2021-05-25","9.400","9.400","9.400","9.400","-1.00%"
"2021-05-24","9.495","9.455","9.495","9.455","0.42%"
"2021-05-21","9.455","9.480","9.480","9.455","-0.26%"
"2021-05-20","9.480","9.475","9.480","9.475","-0.73%"
"2021-05-19","9.550","9.475","9.550","9.475","0.79%"
"2021-05-18","9.475","9.380","9.475","9.380","1.01%"
"2021-05-17","9.380","9.435","9.435","9.380","-0.58%"
"2021-05-14","9.435","9.425","9.435","9.425","0.11%"
"2021-05-13","9.425","9.450","9.450","9.425","-0.26%"
"2021-05-12","9.450","9.255","9.450","9.255","2.11%"
"2021-05-11","9.255","9.295","9.295","9.255","-0.43%"
"2021-05-10","9.295","9.225","9.295","9.225","0.76%"
"2021-05-07","9.225","9.330","9.330","9.225","-1.13%"
"2021-05-06","9.330","9.260","9.330","9.260","0.76%"
"2021-05-05","9.260","9.345","9.345","9.260","-0.91%"
"2021-05-04","9.345","9.220","9.345","9.220","1.36%"
"2021-05-03","9.220","9.125","9.220","9.075","1.04%"
"2021-04-30","9.125","9.125","9.125","9.125","0.55%"
"2021-04-29","9.075","9.075","9.075","9.075","0.00%"
"2021-04-28","9.075","9.100","9.100","9.075","-0.27%"
"2021-04-27","9.100","9.145","9.145","9.100","-0.49%"
"2021-04-26","9.145","9.145","9.145","9.145","0.88%"
"2021-04-23","9.065","9.330","9.330","9.065","-2.84%"
"2021-04-22","9.330","9.330","9.330","9.330","0.00%"
"2021-04-20","9.330","9.300","9.390","9.300","1.80%"
"2021-04-19","9.165","9.300","9.300","9.165","0.49%"
"2021-04-16","9.120","9.540","9.540","9.120","0.22%"
"2021-04-15","9.100","9.590","9.590","9.100","-5.11%"
"2021-04-14","9.590","9.640","9.640","9.290","4.47%"
"2021-04-13","9.180","9.520","9.640","9.180","0.22%"
"2021-04-12","9.160","9.405","9.405","9.160","0.11%"
"2021-04-09","9.150","9.405","9.405","9.150","-0.22%"
"2021-04-08","9.170","9.405","9.405","9.170","-4.63%"
"2021-04-07","9.615","9.405","9.615","9.405","2.23%"
"2021-04-06","9.405","9.325","9.450","9.325","0.86%"
"2021-04-05","9.325","9.340","9.370","9.325","-0.16%"
"2021-04-01","9.340","9.320","9.400","9.320","5.06%"
"2021-03-31","8.890","9.255","9.255","8.890","0.11%"
"2021-03-30","8.880","9.360","9.360","8.880","-5.13%"
"2021-03-29","9.360","9.230","9.360","8.940","1.41%"
"2021-03-26","9.230","9.250","9.250","9.045","2.78%"
"2021-03-25","8.980","9.265","9.265","8.980","-3.08%"
"2021-03-24","9.265","9.045","9.265","9.045","7.98%"
"2021-03-23","8.580","8.850","8.850","8.580","-3.05%"
"2021-03-22","8.850","8.675","8.850","8.675","1.84%"
"2021-03-19","8.690","8.385","8.690","8.385","2.84%"
"2021-03-18","8.450","8.645","8.645","8.390","-1.97%"
"2021-03-17","8.620","8.645","8.660","8.620","0.47%"
"2021-03-16","8.580","8.645","8.645","8.500","-0.81%"
"2021-03-15","8.650","8.705","8.705","8.650","3.72%"
"2021-03-12","8.340","8.550","8.655","8.160","2.21%"
"2021-03-11","8.160","8.630","8.655","8.160","-1.57%"
"2021-03-10","8.290","8.280","8.655","8.280","0.12%"
"2021-03-09","8.280","8.280","8.280","8.280","2.86%"
"2021-03-08","8.050","8.050","8.050","8.050","-2.07%"
"2021-03-05","8.220","8.220","8.220","8.220","-3.69%"
"2021-03-04","8.535","8.535","8.535","8.535","-1.33%"
"2021-03-03","8.650","8.785","8.785","8.650","4.22%"
"2021-03-01","8.300","8.300","8.300","8.300","1.34%"
"2021-02-26","8.190","8.190","8.190","8.190","0.61%"
"2021-02-25","8.140","8.140","8.140","8.140","0.25%"
"2021-02-24","8.120","8.205","8.205","8.120","1.12%"
"2021-02-23","8.030","8.225","8.225","8.030","0.00%"
"2021-02-22","8.030","8.060","8.060","8.030","3.75%"
"2021-02-19","7.740","7.930","8.060","7.740","0.00%"
"2021-02-18","7.740","7.980","7.980","7.740","0.39%"
"2021-02-17","7.710","7.880","7.980","7.710","0.00%"
"2021-02-12","7.710","7.820","7.820","7.710","1.18%"
"2021-02-11","7.620","7.775","7.775","7.620","-1.99%"
"2021-02-10","7.775","7.630","7.775","7.630","1.90%"
"2021-02-09","7.630","7.665","7.665","7.630","1.73%"
"2021-02-08","7.500","7.500","7.500","7.500","0.00%"
"2021-02-05","7.500","7.720","7.720","7.500","1.21%"
"2021-02-04","7.410","7.410","7.410","7.410","1.23%"
"2021-02-03","7.320","7.320","7.535","7.320","-3.49%"
"2021-02-02","7.585","7.585","7.585","7.585","1.54%"
"2021-02-01","7.470","7.610","7.610","7.470","-1.45%"
"2021-01-29","7.580","7.755","7.755","7.580","-0.79%"
"2021-01-28","7.640","7.775","7.775","7.640","-1.04%"
"2021-01-27","7.720","7.855","7.855","7.720","-0.52%"
"2021-01-26","7.760","8.000","8.055","7.760","-3.29%"
"2021-01-25","8.024","8.024","8.024","8.024","-0.38%"
"2021-01-22","8.055","7.815","8.055","7.815","3.07%"
"2021-01-21","7.815","7.575","7.815","7.575","3.17%"
"2021-01-20","7.575","7.515","7.575","7.515","0.80%"
"2021-01-19","7.515","7.475","7.515","7.475","0.74%"
"2021-01-18","7.460","7.460","7.460","7.460","-0.67%"
"2021-01-15","7.510","7.510","7.510","7.510","-1.83%"
"2021-01-14","7.650","7.770","7.770","7.650","-0.52%"
"2021-01-13","7.690","7.750","7.750","7.681","0.26%"
"2021-01-12","7.670","7.780","7.780","7.561","0.39%"
"2021-01-11","7.640","7.640","7.640","7.640","3.24%"
"2021-01-08","7.400","7.400","7.570","7.400","1.79%"
"2021-01-07","7.270","7.270","7.270","7.270","3.27%"
"2021-01-06","7.040","7.040","7.040","7.040","2.92%"
"2021-01-05","6.840","7.030","7.030","6.840","-0.55%"
"2021-01-04","6.878","6.860","6.878","6.860","-0.32%"
"2020-12-31","6.900","6.900","6.900","6.900","0.00%"
"2020-12-30","6.900","6.980","6.980","6.900","-0.72%"
"2020-12-29","6.950","7.150","7.150","6.950","-2.59%"
"2020-12-28","7.135","7.160","7.160","7.115","0.55%"
"2020-12-24","7.096","7.096","7.096","7.096","0.08%"
"2020-12-23","7.090","7.140","7.170","7.090","-0.91%"
"2020-12-22","7.155","7.210","7.210","7.155","-0.21%"
"2020-12-21","7.170","7.420","7.420","7.170","-0.83%"
"2020-12-18","7.230","7.390","7.390","7.190","-0.69%"
"2020-12-17","7.280","7.330","7.340","7.270","0.07%"
"2020-12-16","7.275","7.340","7.390","7.260","0.21%"
"2020-12-15","7.260","7.400","7.400","7.250","-1.22%"
"2020-12-14","7.350","7.310","7.350","7.280","0.27%"
"2020-12-11","7.330","7.420","7.420","7.270","-1.08%"
"2020-12-10","7.410","7.450","7.480","7.370","-0.40%"
"2020-12-09","7.440","7.470","7.500","7.440","0.54%"
"2020-12-08","7.400","7.530","7.530","7.400","5.04%"
"2020-12-07","7.045","7.000","7.045","7.000","-0.21%"
"2020-12-04","7.060","7.000","7.140","7.000","-1.12%"
"2020-12-03","7.140","7.325","7.330","7.140","-2.19%"
"2020-12-02","7.300","7.415","7.415","7.300","-1.62%"
"2020-12-01","7.420","7.615","7.630","7.415","-2.62%"
"2020-11-30","7.620","7.565","7.620","7.565","0.66%"
"2020-11-27","7.570","7.665","7.665","7.570","-1.30%"
"2020-11-26","7.670","7.700","7.710","7.650","-0.65%"
"2020-11-25","7.720","7.760","7.760","7.710","-0.64%"
"2020-11-24","7.770","7.830","7.830","7.750","-1.15%"
"2020-11-23","7.860","7.775","7.890","7.775","0.90%"
"2020-11-20","7.790","7.665","7.790","7.665","1.70%"
"2020-11-19","7.660","7.645","7.700","7.645","0.86%"
"2020-11-18","7.595","7.455","7.650","7.455","1.81%"
"2020-11-17","7.460","7.480","7.480","7.455","-0.27%"
"2020-11-16","7.480","7.455","7.480","7.380","0.13%"
"2020-11-13","7.470","7.585","7.585","7.455","-1.84%"
"2020-11-12","7.610","7.510","7.610","7.460","1.20%"
"2020-11-11","7.520","7.230","7.520","7.230","3.94%"
"2020-11-10","7.235","7.140","7.240","7.140","1.05%"
"2020-11-09","7.160","7.260","7.260","7.110","-2.45%"
"2020-11-06","7.340","7.435","7.480","7.270","-2.00%"
"2020-11-05","7.490","7.525","7.525","7.460","-0.93%"
"2020-11-04","7.560","7.655","7.655","7.525","-1.69%"
"2020-11-03","7.690","7.595","7.690","7.500","1.05%"
"2020-10-30","7.610","7.525","7.610","7.525","1.60%"
"2020-10-29","7.490","7.495","7.540","7.470","0.13%"
"2020-10-28","7.480","7.540","7.630","7.480","-1.19%"
"2020-10-27","7.570","7.560","7.640","7.540","-0.26%"
"2020-10-26","7.590","7.615","7.615","7.560","-0.13%"
"2020-10-23","7.600","7.580","7.640","7.580","0.53%"
"2020-10-22","7.560","7.445","7.590","7.445","1.07%"
"2020-10-21","7.480","7.375","7.480","7.375","1.22%"
"2020-10-20","7.390","7.530","7.530","7.375","-1.60%"
"2020-10-19","7.510","7.665","7.680","7.510","-2.21%"
"2020-10-16","7.680","7.655","7.690","7.655","0.13%"
"2020-10-15","7.670","7.505","7.680","7.505","1.86%"
"2020-10-14","7.530","7.560","7.560","7.505","0.13%"
"2020-10-13","7.520","7.675","7.675","7.520","-2.21%"
"2020-10-09","7.690","7.710","7.710","7.670","-0.39%"
"2020-10-08","7.720","7.625","7.720","7.625","1.45%"
"2020-10-07","7.610","7.540","7.650","7.540","1.74%"
"2020-10-06","7.480","7.360","7.540","7.280","1.77%"
"2020-10-05","7.350","7.475","7.510","7.350","-1.74%"
"2020-10-02","7.480","7.380","7.480","7.330","0.13%"
"2020-10-01","7.470","7.360","7.470","7.360","1.77%"
"2020-09-30","7.340","7.495","7.495","7.340","-2.65%"
"2020-09-29","7.540","7.560","7.630","7.495","6.50%"
"2020-09-28","7.080","7.145","7.145","7.080","-0.56%"
"2020-09-25","7.120","7.150","7.170","7.090","-0.70%"
"2020-09-24","7.170","7.325","7.325","7.150","-1.65%"
"2020-09-23","7.290","7.215","7.370","7.215","0.55%"
"2020-09-22","7.250","7.315","7.315","7.215","-2.29%"
"2020-09-21","7.420","7.305","7.440","7.305","1.78%"
"2020-09-18","7.290","7.065","7.330","7.065","2.97%"
"2020-09-17","7.080","7.205","7.205","7.080","-1.67%"
"2020-09-16","7.200","7.085","7.205","7.085","1.98%"
"2020-09-15","7.060","7.020","7.110","7.020","0.57%"
"2020-09-14","7.020","7.070","7.070","6.975","-1.61%"
"2020-09-11","7.135","7.055","7.135","7.005","1.13%"
"2020-09-10","7.055","6.820","7.055","6.820","3.14%"
"2020-09-09","6.840","6.875","6.875","6.800","-0.58%"
"2020-09-08","6.880","6.725","6.880","6.725","2.08%"
"2020-09-04","6.740","6.805","6.805","6.710","-1.46%"
"2020-09-03","6.840","6.890","6.890","6.820","-0.73%"
"2020-09-02","6.890","6.820","6.890","6.820","1.03%"
"2020-09-01","6.820","6.905","6.905","6.810","-1.45%"
"2020-08-31","6.920","6.855","6.970","6.855","8.81%"
"2020-08-28","6.360","7.015","7.015","6.360","0.16%"
"2020-08-27","6.350","7.065","7.065","6.350","-10.18%"
"2020-08-26","7.070","6.860","7.070","6.860","2.76%"
"2020-08-25","6.880","6.840","6.880","6.840","0.51%"
"2020-08-24","6.845","6.920","6.920","6.840","-0.73%"
"2020-08-22","6.895","6.895","6.895","6.895","-0.36%"
"2020-08-21","6.920","6.950","6.950","6.920","-0.43%"
"2020-08-20","6.950","6.990","6.990","6.950","-0.57%"
"2020-08-19","6.990","6.855","6.990","6.855","1.97%"
"2020-08-18","6.855","7.160","7.160","6.855","-4.26%"
"2020-08-17","7.160","7.000","7.170","7.000","1.70%"
"2020-08-14","7.040","7.000","7.040","6.950","0.14%"
"2020-08-13","7.030","6.845","7.050","6.625","1.44%"
"2020-08-12","6.930","6.625","6.930","6.625","4.05%"
"2020-08-11","6.660","6.545","6.680","6.545","1.52%"
"2020-08-10","6.560","6.475","6.580","6.475","0.69%"
"2020-08-07","6.515","6.425","6.540","6.425","1.32%"
"2020-08-06","6.430","6.470","6.500","6.420","-0.77%"
"2020-08-05","6.480","6.370","6.480","6.370","1.57%"
"2020-08-04","6.380","6.285","6.400","6.285","1.43%"
"2020-08-03","6.290","6.285","6.370","6.285","-0.16%"
"2020-07-31","6.300","6.330","6.330","6.285","-0.79%"
"2020-07-30","6.350","6.510","6.520","6.350","-2.46%"
"2020-07-29","6.510","6.500","6.520","6.470","-0.69%"
"2020-07-28","6.555","6.485","6.555","6.485","1.00%"
"2020-07-27","6.490","6.555","6.555","6.465","-0.92%"
"2020-07-24","6.550","6.645","6.645","6.550","-1.43%"
"2020-07-23","6.645","6.545","6.645","6.545","5.14%"
"2020-07-22","6.320","6.445","6.445","6.320","0.16%"
"2020-07-21","6.310","6.310","6.310","6.310","0.96%"
"2020-07-20","6.250","6.365","6.365","6.250","-2.04%"
"2020-07-17","6.380","6.515","6.515","6.320","-2.07%"
"2020-07-16","6.515","6.485","6.525","6.430","0.46%"
"2020-07-15","6.485","6.495","6.495","6.485","-0.15%"
"2020-07-14","6.495","6.475","6.495","6.475","0.31%"
"2020-07-13","6.475","6.420","6.475","6.420","2.25%"
"2020-07-11","6.332","6.332","6.332","6.332","-1.36%"
"2020-07-10","6.420","6.420","6.420","6.420","0.00%"
"2020-07-09","6.420","6.525","6.525","6.420","-1.23%"
"2020-07-08","6.500","6.560","6.560","6.500","-0.91%"
"2020-07-07","6.560","6.430","6.560","6.430","2.66%"
"2020-07-06","6.390","6.485","6.485","6.390","-1.69%"
"2020-07-03","6.500","6.625","6.625","6.500","-1.96%"
"2020-07-02","6.630","6.605","6.630","6.605","0.30%"
"2020-07-01","6.610","6.715","6.715","6.605","-1.49%"
"2020-06-30","6.710","6.840","6.840","6.700","-1.03%"
"2020-06-29","6.780","6.910","6.910","6.780","-1.52%"
"2020-06-27","6.885","6.885","6.885","6.885","-0.08%"
"2020-06-26","6.890","6.855","6.890","6.855","0.51%"
"2020-06-25","6.855","7.005","7.005","6.855","-0.07%"
"2020-06-24","6.860","6.885","7.005","6.860","-0.72%"
"2020-06-23","6.910","7.000","7.000","6.910","0.00%"
"2020-06-22","6.910","6.851","7.015","6.851","0.73%"
"2020-06-19","6.860","6.860","6.860","6.850","-0.15%"
"2020-06-18","6.870","6.655","6.870","6.655","3.08%"
"2020-06-17","6.665","6.825","6.825","6.655","-2.13%"
"2020-06-16","6.810","6.685","6.825","6.660","1.64%"
"2020-06-15","6.700","6.670","6.740","6.670","0.45%"
"2020-06-12","6.670","6.620","6.670","6.610","0.00%"
"2020-06-10","6.670","6.760","6.760","6.630","-1.62%"
"2020-06-09","6.780","6.750","6.820","6.750","0.15%"
"2020-06-08","6.770","6.840","6.880","6.750","-0.73%"
"2020-06-05","6.820","6.805","6.840","6.805","0.29%"
"2020-06-04","6.800","6.700","6.800","6.700","1.49%"
"2020-06-03","6.700","6.800","6.800","6.700","-1.62%"
"2020-06-02","6.810","6.950","6.950","6.800","-2.30%"
"2020-06-01","6.970","6.960","7.000","6.950","0.14%"
"2020-05-29","6.960","7.090","7.090","6.960","-1.00%"
"2020-05-28","7.030","7.015","7.090","7.015","-0.14%"
"2020-05-27","7.040","7.060","7.135","7.040","0.00%"
"2020-05-26","7.040","7.095","7.095","6.975","-0.78%"
"2020-05-25","7.095","7.430","7.430","7.095","-4.12%"
"2020-05-22","7.400","7.560","7.560","7.400","-0.94%"
"2020-05-21","7.470","7.470","7.470","7.470","-3.24%"
"2020-05-20","7.720","7.760","7.760","7.690","-0.77%"
"2020-05-19","7.780","7.770","7.780","7.760","-0.51%"
"2020-05-18","7.820","7.980","7.980","7.815","-2.13%"
"2020-05-15","7.990","7.995","8.060","7.970","-1.72%"
"2020-05-14","8.130","8.125","8.270","8.030","-0.37%"
"2020-05-13","8.160","8.025","8.160","8.025","0.43%"
"2020-05-12","8.125","7.745","8.125","7.660","4.70%"
"2020-05-11","7.760","7.660","7.760","7.660","1.31%"
"2020-05-08","7.660","7.775","7.790","7.660","-1.54%"
"2020-05-07","7.780","7.525","7.780","7.525","1.43%"
"2020-05-06","7.670","7.635","7.790","7.530","0.39%"
"2020-05-05","7.640","7.570","7.640","7.440","-0.78%"
"2020-05-04","7.700","7.525","7.790","7.525","1.58%"
"2020-04-30","7.580","7.490","7.610","7.490","1.07%"
"2020-04-29","7.500","7.720","7.830","7.500","-2.85%"
"2020-04-28","7.720","8.485","8.485","7.670","-9.07%"
"2020-04-27","8.490","8.545","8.545","8.490","16.70%"
"2020-04-24","7.275","7.275","7.275","7.275","1.18%"
"2020-04-23","7.190","6.955","7.290","6.955","3.83%"
"2020-04-22","6.925","6.985","6.985","6.880","-0.43%"
"2020-04-20","6.955","7.010","7.090","6.955","-1.07%"
"2020-04-17","7.030","7.105","7.105","7.020","-0.99%"
"2020-04-16","7.100","7.315","7.315","7.100","-3.27%"
"2020-04-15","7.340","7.465","7.465","7.315","-1.74%"
"2020-04-14","7.470","7.615","7.615","7.470","-1.97%"
"2020-04-13","7.620","7.625","7.740","7.620","-0.26%"
"2020-04-09","7.640","7.780","7.780","7.640","-3.17%"
"2020-04-08","7.890","7.900","8.090","7.890","-1.00%"
"2020-04-07","7.970","7.995","7.995","7.800","0.82%"
"2020-04-06","7.905","8.175","8.175","7.880","-3.83%"
"2020-04-03","8.220","7.915","8.220","7.915","3.92%"
"2020-04-02","7.910","7.820","7.910","7.820","-0.63%"
"2020-04-01","7.960","7.690","7.960","7.690","4.05%"
"2020-03-31","7.650","7.765","7.765","7.650","-2.55%"
"2020-03-30","7.850","7.795","7.850","7.700","-0.13%"
"2020-03-27","7.860","7.865","8.090","7.780","-1.38%"
"2020-03-26","7.970","8.575","8.575","7.880","-6.24%"
"2020-03-25","8.500","9.435","9.435","8.500","-10.53%"
"2020-03-24","9.500","9.785","9.785","9.500","-3.46%"
"2020-03-23","9.840","9.155","9.840","9.155","8.01%"
"2020-03-20","9.110","9.055","9.330","8.950","-0.44%"
"2020-03-19","9.150","8.880","9.190","8.870","3.04%"
"2020-03-18","8.880","7.660","8.880","7.660","17.62%"
"2020-03-17","7.550","7.950","7.950","7.550","-9.25%"
"2020-03-16","8.320","8.010","8.850","7.980","3.87%"
"2020-03-13","8.010","9.030","9.030","8.010","-10.80%"
"2020-03-12","8.980","8.980","8.980","8.980","27.20%"
"2020-03-11","7.060","7.060","7.060","7.060","-0.98%"
"2020-03-10","7.130","7.165","7.165","7.130","6.18%"
"2020-03-09","6.715","6.715","6.715","6.715","-0.67%"
"2020-03-06","6.760","6.725","6.915","6.725","0.30%"
"2020-03-05","6.740","6.555","6.740","6.555","3.14%"
"2020-03-04","6.535","6.585","6.585","6.530","0.15%"
"2020-03-03","6.525","6.770","6.770","6.525","-0.68%"
"2020-03-02","6.570","6.770","6.770","6.570","-3.10%"
"2020-02-28","6.780","6.725","6.780","6.725","1.35%"
"2020-02-27","6.690","6.770","6.825","6.690","-0.74%"
"2020-02-26","6.740","6.615","6.740","6.615","2.59%"
"2020-02-21","6.570","6.545","6.600","6.545","-0.15%"
"2020-02-20","6.580","6.495","6.580","6.495","1.39%"
"2020-02-19","6.490","6.495","6.530","6.490","0.00%"
"2020-02-18","6.490","6.480","6.490","6.480","0.46%"
"2020-02-17","6.460","6.430","6.460","6.430","0.16%"
"2020-02-14","6.450","6.525","6.525","6.450","-1.45%"
"2020-02-13","6.545","6.485","6.565","6.485","0.61%"
"2020-02-12","6.505","6.500","6.505","6.490","0.23%"
"2020-02-11","6.490","6.565","6.565","6.490","-0.99%"
"2020-02-10","6.555","6.655","6.655","6.555","-0.83%"
"2020-02-07","6.610","6.565","6.655","6.560","1.69%"
"2020-02-06","6.500","6.480","6.565","6.480","-0.84%"
"2020-02-05","6.555","6.590","6.590","6.555","-0.46%"
"2020-02-04","6.585","6.630","6.630","6.560","-0.45%"
"2020-02-03","6.615","6.700","6.700","6.615","-1.27%"
"2020-01-31","6.700","6.695","6.700","6.670","-0.59%"
"2020-01-30","6.740","6.705","6.740","6.670","1.20%"
"2020-01-29","6.660","6.675","6.705","6.650","-0.82%"
"2020-01-28","6.715","6.715","6.715","6.675","-0.15%"
"2020-01-27","6.725","6.735","6.775","6.715","0.00%"
"2020-01-24","6.725","6.745","6.745","6.725","0.00%"
"2020-01-23","6.725","6.760","6.785","6.725","-0.37%"
"2020-01-22","6.750","6.800","6.800","6.750","-0.44%"
"2020-01-21","6.780","6.830","6.835","6.780","-0.80%"
"2020-01-20","6.835","6.800","6.835","6.800","-0.15%"
"2020-01-17","6.845","6.880","6.880","6.825","-0.36%"
"2020-01-16","6.870","6.780","6.870","6.780","1.48%"
"2020-01-15","6.770","6.815","6.815","6.760","-0.37%"
"2020-01-14","6.795","6.865","6.865","6.795","-1.09%"
"2020-01-13","6.870","6.780","6.870","6.780","1.48%"
"2020-01-10","6.770","6.755","6.780","6.755","-0.07%"
"2020-01-09","6.775","6.800","6.840","6.775","0.07%"
"2020-01-08","6.770","6.830","6.830","6.770","-0.73%"
"2020-01-07","6.820","6.825","6.880","6.820","-0.07%"
"2020-01-06","6.825","6.775","6.915","6.775","1.04%"
"2020-01-03","6.755","6.735","6.755","6.735","0.45%"
"2020-01-02","6.725","6.790","6.790","6.725","-0.49%"
"2019-12-31","6.758","6.758","6.758","6.758","-0.69%"
"2019-12-30","6.805","6.880","6.880","6.805","-1.31%"
"2019-12-27","6.895","6.890","6.915","6.890","0.66%"
"2019-12-26","6.850","6.970","6.970","6.850","-1.25%"
"2019-12-24","6.937","6.937","6.937","6.937","-0.47%"
"2019-12-23","6.970","7.050","7.050","6.970","-1.41%"
"2019-12-20","7.070","7.115","7.115","7.070","0.07%"
"2019-12-19","7.065","6.975","7.065","6.975","2.24%"
"2019-12-18","6.910","6.990","6.990","6.910","-0.86%"
"2019-12-17","6.970","6.885","6.990","6.885","1.38%"
"2019-12-16","6.875","6.800","6.875","6.780","1.55%"
"2019-12-13","6.770","6.770","6.770","6.750","0.15%"
"2019-12-12","6.760","6.780","6.780","6.750","-0.29%"
"2019-12-11","6.780","6.800","6.800","6.750","-0.44%"
"2019-12-10","6.810","6.790","6.840","6.790","0.44%"
"2019-12-09","6.780","6.775","6.790","6.755","-0.07%"
"2019-12-06","6.785","6.835","6.835","6.775","-0.44%"
"2019-12-05","6.815","6.810","6.830","6.810","-0.07%"
"2019-12-04","6.820","6.850","6.850","6.805","-0.51%"
"2019-12-03","6.855","6.890","6.890","6.855","-0.80%"
"2019-12-02","6.910","6.925","6.930","6.910","0.36%"
"2019-11-29","6.885","6.955","6.955","6.885","-0.86%"
"2019-11-28","6.945","7.000","7.075","6.945","-1.14%"
"2019-11-27","7.025","6.975","7.025","6.975","0.07%"
"2019-11-26","7.020","6.915","7.020","6.915","2.56%"
"2019-11-25","6.845","6.855","6.855","6.845","0.29%"
"2019-11-22","6.825","6.795","6.870","6.795","-0.66%"
"2019-11-21","6.870","6.525","6.870","6.525","1.57%"
"2019-11-20","6.764","6.764","6.764","6.764","-0.32%"
"2019-11-19","6.785","6.525","6.785","6.525","1.50%"
"2019-11-18","6.685","6.525","6.725","6.525","-0.07%"
"2019-11-14","6.690","6.525","6.735","6.525","-0.30%"
"2019-11-13","6.710","6.770","6.830","6.710","0.15%"
"2019-11-12","6.700","6.660","6.770","6.660","0.90%"
"2019-11-11","6.640","6.690","6.730","6.640","-0.52%"
"2019-11-08","6.675","6.680","6.730","6.580","0.53%"
"2019-11-07","6.640","6.530","6.640","6.430","2.31%"
"2019-11-06","6.490","6.490","6.510","6.360","0.93%"
"2019-11-05","6.430","6.450","6.450","6.370","0.70%"
"2019-11-04","6.385","6.330","6.390","6.330","-0.39%"
"2019-11-01","6.410","6.400","6.410","6.370","-0.47%"
"2019-10-31","6.440","6.440","6.440","6.440","-1.45%"
"2019-10-30","6.535","6.545","6.545","6.535","0.38%"
"2019-10-29","6.510","6.500","6.520","6.470","0.23%"
"2019-10-28","6.495","6.510","6.525","6.495","-0.84%"
"2019-10-25","6.550","6.590","6.590","6.540","-0.15%"
"2019-10-24","6.560","6.560","6.560","6.560","-0.15%"
"2019-10-23","6.570","6.590","6.590","6.570","-0.45%"
"2019-10-22","6.600","6.590","6.640","6.510","0.69%"
"2019-10-21","6.555","6.570","6.610","6.530","-0.23%"
"2019-10-18","6.570","6.630","6.630","6.530","0.00%"
"2019-10-17","6.570","6.690","6.690","6.530","-1.05%"
"2019-10-16","6.640","6.750","6.800","6.630","-1.63%"
"2019-10-15","6.750","6.690","6.770","6.620","1.05%"
"2019-10-14","6.680","6.670","6.680","6.640","-0.30%"
"2019-10-11","6.700","6.900","6.900","6.660","-1.90%"
"2019-10-10","6.830","6.940","6.940","6.830","-1.30%"
"2019-10-09","6.920","7.050","7.050","6.880","-1.00%"
"2019-10-08","6.990","7.040","7.040","6.980","-0.43%"
"2019-10-07","7.020","6.960","7.030","6.940","0.72%"
"2019-10-04","6.970","7.000","7.000","6.940","-0.14%"
"2019-10-03","6.980","7.110","7.110","6.970","-0.99%"
"2019-10-02","7.050","7.020","7.080","7.010","0.71%"
"2019-10-01","7.000","7.110","7.120","7.000","-0.64%"
"2019-09-30","7.045","7.030","7.060","7.020","-0.07%"
"2019-09-27","7.050","7.060","7.070","7.030","-0.14%"
"2019-09-26","7.060","7.090","7.090","7.050","-0.42%"
"2019-09-25","7.090","7.170","7.210","7.090","-0.98%"
"2019-09-24","7.160","7.100","7.190","7.080","0.49%"
"2019-09-23","7.125","7.090","7.125","7.080","0.78%"
"2019-09-20","7.070","7.170","7.180","7.060","-1.67%"
"2019-09-19","7.190","7.140","7.200","7.030","0.28%"
"2019-09-18","7.170","7.235","7.235","7.130","-0.21%"
"2019-09-17","7.185","7.295","7.325","7.175","-1.51%"
"2019-09-16","7.295","7.395","7.415","7.285","-1.62%"
"2019-09-13","7.415","7.360","7.435","7.290","1.44%"
"2019-09-12","7.310","7.330","7.360","7.250","-0.27%"
"2019-09-11","7.330","7.430","7.430","7.280","0.00%"
"2019-09-10","7.330","7.410","7.410","7.320","-0.27%"
"2019-09-09","7.350","7.335","7.375","7.295","0.34%"
"2019-09-06","7.325","7.355","7.355","7.275","0.14%"
"2019-09-05","7.315","7.365","7.375","7.245","0.27%"
"2019-09-04","7.295","7.350","7.350","7.260","-1.02%"
"2019-09-03","7.370","7.450","7.460","7.350","-0.94%"
"2019-09-02","7.440","7.430","7.490","7.410","0.00%"
"2019-08-30","7.440","7.590","7.590","7.410","-1.33%"
"2019-08-29","7.540","7.560","7.700","7.495","-0.66%"
"2019-08-28","7.590","7.500","7.600","7.460","2.29%"
"2019-08-27","7.420","7.365","7.610","7.285","0.47%"
"2019-08-26","7.385","7.270","7.435","7.230","1.72%"
"2019-08-23","7.260","7.280","7.300","7.170","0.62%"
"2019-08-22","7.215","7.180","7.230","7.180","-0.07%"
"2019-08-21","7.220","7.310","7.310","7.200","-1.23%"
"2019-08-20","7.310","7.230","7.410","7.210","0.41%"
"2019-08-19","7.280","7.180","7.300","7.160","1.39%"
"2019-08-16","7.180","7.305","7.305","7.180","-0.90%"
"2019-08-15","7.245","7.260","7.335","7.200","-0.14%"
"2019-08-14","7.255","7.215","7.270","7.185","0.69%"
"2019-08-13","7.205","7.245","7.245","7.145","0.00%"
"2019-08-12","7.205","7.245","7.365","7.195","0.56%"
"2019-08-09","7.165","7.175","7.215","7.155","0.28%"
"2019-08-08","7.145","7.210","7.210","7.130","-0.63%"
"2019-08-07","7.190","7.360","7.360","7.180","-1.03%"
"2019-08-06","7.265","7.390","7.390","7.250","-1.56%"
"2019-08-05","7.380","7.310","7.380","7.290","1.79%"
"2019-08-02","7.250","7.260","7.330","7.220","-0.41%"
"2019-08-01","7.280","7.230","7.300","7.100","0.41%"
"2019-07-31","7.250","7.270","7.280","7.160","0.55%"
"2019-07-30","7.210","7.220","7.300","7.195","-0.07%"
"2019-07-29","7.215","7.215","7.215","7.215","-0.21%"
"2019-07-26","7.230","7.260","7.280","7.220","-0.41%"
"2019-07-25","7.260","7.190","7.280","7.150","0.97%"
"2019-07-24","7.190","7.230","7.230","7.180","-0.55%"
"2019-07-23","7.230","7.345","7.350","7.210","-0.75%"
"2019-07-22","7.285","7.305","7.305","7.275","-0.55%"
"2019-07-19","7.325","7.360","7.360","7.260","0.62%"
"2019-07-18","7.280","7.330","7.330","7.260","-0.55%"
"2019-07-17","7.320","7.320","7.400","7.290","-0.27%"
"2019-07-16","7.340","7.260","7.340","7.220","1.10%"
"2019-07-15","7.260","7.270","7.280","7.210","-0.27%"
"2019-07-12","7.280","7.200","7.280","7.170","1.11%"
"2019-07-11","7.200","7.180","7.260","7.160","-0.28%"
"2019-07-10","7.220","7.250","7.260","7.190","-1.10%"
"2019-07-08","7.300","7.370","7.420","7.290","-1.35%"
"2019-07-05","7.400","7.310","7.400","7.310","1.37%"
"2019-07-04","7.300","7.320","7.350","7.250","-0.54%"
"2019-07-03","7.340","7.390","7.390","7.225","-0.14%"
"2019-07-02","7.350","7.390","7.420","7.230","0.55%"
"2019-07-01","7.310","7.420","7.420","7.300","-2.27%"
"2019-06-28","7.480","7.650","7.650","7.430","-1.45%"
"2019-06-27","7.590","7.670","7.670","7.580","-0.52%"
"2019-06-26","7.630","7.705","7.715","7.575","-1.10%"
"2019-06-25","7.715","7.740","7.740","7.615","0.33%"
"2019-06-24","7.690","7.720","7.730","7.650","0.13%"
"2019-06-21","7.680","7.945","7.945","7.670","-1.98%"
"2019-06-19","7.835","7.990","8.020","7.835","-1.69%"
"2019-06-18","7.970","7.950","7.970","7.860","0.25%"
"2019-06-17","7.950","7.950","7.980","7.880","0.51%"
"2019-06-14","7.910","7.930","8.000","7.860","0.38%"
"2019-06-13","7.880","7.980","8.000","7.880","-1.87%"
"2019-06-12","8.030","8.020","8.050","7.910","0.37%"
"2019-06-11","8.000","8.190","8.190","7.955","-2.20%"
"2019-06-10","8.180","8.150","8.190","8.090","0.00%"
"2019-06-07","8.180","8.260","8.270","8.120","-0.73%"
"2019-06-06","8.240","8.310","8.310","8.195","-0.72%"
"2019-06-05","8.300","8.180","8.320","8.150","0.97%"
"2019-06-04","8.220","8.300","8.320","8.165","-0.48%"
"2019-06-03","8.260","8.510","8.510","8.260","-2.48%"
"2019-05-31","8.470","8.490","8.540","8.425","0.36%"
"2019-05-30","8.440","8.510","8.580","8.430","-0.82%"
"2019-05-29","8.510","8.740","8.740","8.460","-1.62%"
"2019-05-28","8.650","8.840","8.840","8.640","-1.70%"
"2019-05-27","8.800","8.840","8.840","8.760","-0.79%"
"2019-05-24","8.870","8.830","8.880","8.780","0.45%"
"2019-05-23","8.830","8.940","8.940","8.815","-0.34%"
"2019-05-22","8.860","8.850","8.880","8.800","0.57%"
"2019-05-21","8.810","9.100","9.100","8.810","-2.22%"
"2019-05-20","9.010","9.150","9.150","8.990","-0.99%"
"2019-05-17","9.100","9.010","9.170","9.010","1.22%"
"2019-05-16","8.990","8.890","9.010","8.870","1.01%"
"2019-05-15","8.900","8.860","8.910","8.800","1.02%"
"2019-05-14","8.810","8.900","8.900","8.770","-1.01%"
"2019-05-13","8.900","8.850","8.900","8.805","1.25%"
"2019-05-10","8.790","8.800","8.810","8.740","-0.23%"
"2019-05-09","8.810","8.870","8.870","8.790","-0.23%"
"2019-05-08","8.830","8.900","8.900","8.780","-0.56%"
"2019-05-07","8.880","8.935","8.945","8.870","-0.28%"
"2019-05-06","8.905","8.945","8.955","8.870","0.11%"
"2019-05-03","8.895","9.035","9.065","8.895","-1.00%"
"2019-05-02","8.985","8.970","9.035","8.965","0.22%"
"2019-04-30","8.965","9.005","9.035","8.945","-0.44%"
"2019-04-29","9.005","8.965","9.045","8.950","0.39%"
"2019-04-26","8.970","8.990","9.040","8.955","-0.11%"
"2019-04-25","8.980","9.020","9.050","8.970","-0.77%"
"2019-04-24","9.050","8.890","9.050","8.840","1.91%"
"2019-04-23","8.880","8.960","8.960","8.860","-1.11%"
"2019-04-22","8.980","8.980","9.000","8.930","0.22%"
"2019-04-18","8.960","8.990","9.010","8.900","-0.55%"
"2019-04-17","9.010","8.970","9.050","8.920","0.33%"
"2019-04-16","8.980","8.950","9.000","8.920","0.79%"
"2019-04-15","8.910","8.990","9.000","8.890","-0.78%"
"2019-04-12","8.980","9.080","9.080","8.900","0.56%"
"2019-04-11","8.930","8.990","9.000","8.885","0.11%"
"2019-04-10","8.920","8.990","9.020","8.870","-0.78%"
"2019-04-09","8.990","9.030","9.050","8.990","0.11%"
"2019-04-08","8.980","8.930","9.010","8.920","0.45%"
"2019-04-05","8.940","8.950","8.950","8.870","0.11%"
"2019-04-04","8.930","9.050","9.060","8.910","-0.89%"
"2019-04-03","9.010","8.960","9.040","8.860","1.12%"
"2019-04-02","8.910","8.870","8.930","8.850","0.45%"
"2019-04-01","8.870","8.895","8.940","8.850","-1.28%"
"2019-03-29","8.985","8.940","9.005","8.830","0.73%"
"2019-03-28","8.920","9.370","9.430","8.900","-4.70%"
"2019-03-27","9.360","9.270","9.370","9.090","3.31%"
"2019-03-26","9.060","9.060","9.060","8.920","0.50%"
"2019-03-25","9.015","9.085","9.250","8.970","-1.37%"
"2019-03-22","9.140","8.910","9.140","8.900","4.34%"
"2019-03-21","8.760","8.770","8.930","8.680","0.46%"
"2019-03-20","8.720","8.850","8.850","8.680","-0.80%"
"2019-03-19","8.790","8.800","8.800","8.700","0.00%"
"2019-03-18","8.790","8.825","8.860","8.780","-0.45%"
"2019-03-15","8.830","8.910","8.920","8.780","-0.17%"
"2019-03-14","8.845","8.810","8.900","8.770","1.09%"
"2019-03-13","8.750","8.825","8.825","8.740","-0.74%"
"2019-03-12","8.815","9.055","9.065","8.795","-0.90%"
"2019-03-11","8.895","8.930","8.950","8.850","-1.39%"
"2019-03-08","9.020","9.080","9.080","8.980","-0.55%"
"2019-03-07","9.070","9.180","9.180","9.060","-0.55%"
"2019-03-06","9.120","9.050","9.200","9.050","0.33%"
"2019-03-01","9.090","9.040","9.130","9.010","0.78%"
"2019-02-28","9.020","9.010","9.050","8.980","0.56%"
"2019-02-27","8.970","9.020","9.020","8.940","-0.44%"
"2019-02-26","9.010","9.050","9.050","8.950","0.22%"
"2019-02-25","8.990","8.950","9.000","8.890","0.67%"
"2019-02-22","8.930","9.200","9.210","8.910","-0.78%"
"2019-02-21","9.000","8.970","9.020","8.945","0.33%"
"2019-02-20","8.970","8.795","9.000","8.750","1.82%"
"2019-02-19","8.810","8.910","8.930","8.770","-1.12%"
"2019-02-18","8.910","8.780","8.930","8.770","1.60%"
"2019-02-15","8.770","8.770","8.770","8.770","-0.34%"
"2019-02-14","8.800","8.950","9.010","8.770","-1.57%"
"2019-02-13","8.940","9.000","9.010","8.870","-0.22%"
"2019-02-12","8.960","9.080","9.080","8.960","-0.99%"
"2019-02-11","9.050","9.020","9.160","8.980","0.00%"
"2019-02-08","9.050","8.980","9.180","8.930","0.78%"
"2019-02-07","8.980","8.940","9.030","8.910","0.56%"
"2019-02-06","8.930","8.740","9.030","8.740","1.36%"
"2019-02-05","8.810","8.750","8.880","8.740","0.69%"
"2019-02-04","8.750","8.830","8.880","8.730","0.46%"
"2019-02-01","8.710","8.850","8.910","8.710","-1.80%"
"2019-01-31","8.870","9.050","9.050","8.800","-2.10%"
"2019-01-30","9.060","9.040","9.140","8.950","0.22%"
"2019-01-29","9.040","9.140","9.140","9.000","-0.99%"
"2019-01-28","9.130","9.070","9.180","9.070","0.66%"
"2019-01-25","9.070","9.070","9.070","9.070","-0.44%"
"2019-01-24","9.110","9.090","9.120","8.970","1.56%"
"2019-01-23","8.970","9.025","9.260","8.950","-1.75%"
"2019-01-22","9.130","9.060","9.150","8.980","1.00%"
"2019-01-21","9.040","9.090","9.160","9.030","-0.66%"
"2019-01-18","9.100","9.195","9.250","9.070","-1.19%"
"2019-01-17","9.210","9.230","9.250","9.210","-0.43%"
"2019-01-16","9.250","9.235","9.255","9.235","0.49%"
"2019-01-15","9.205","9.140","9.215","9.140","0.77%"
"2019-01-14","9.135","9.185","9.210","9.135","-0.92%"
"2019-01-11","9.220","9.195","9.250","9.195","0.11%"
"2019-01-10","9.210","9.125","9.220","9.110","1.26%"
"2019-01-09","9.095","9.145","9.145","9.065","-0.49%"
"2019-01-08","9.140","9.270","9.270","9.110","-0.44%"
"2019-01-07","9.180","9.150","9.430","9.060","0.66%"
"2019-01-04","9.120","9.190","9.290","9.050","-0.65%"
"2019-01-03","9.180","9.240","9.270","9.140","-0.76%"
"2019-01-02","9.250","9.240","9.360","9.120","0.11%"
"2018-12-31","9.240","9.240","9.240","9.240","-0.86%"
"2018-12-28","9.320","9.280","9.370","9.190","-0.21%"
"2018-12-27","9.340","9.400","9.410","9.230","-0.32%"
"2018-12-26","9.370","9.350","9.460","9.330","0.05%"
"2018-12-24","9.365","9.365","9.365","9.365","-1.00%"
"2018-12-21","9.460","9.450","9.530","9.320","0.11%"
"2018-12-20","9.450","9.595","9.595","9.430","-1.46%"
"2018-12-19","9.590","9.720","9.720","9.500","-1.54%"
"2018-12-18","9.740","9.700","9.810","9.570","0.83%"
"2018-12-17","9.660","9.665","9.730","9.650","-0.21%"
"2018-12-14","9.680","9.830","9.910","9.650","-1.53%"
"2018-12-13","9.830","9.980","10.100","9.800","-2.09%"
"2018-12-12","10.040","10.150","10.170","10.010","-1.08%"
"2018-12-11","10.150","10.120","10.230","10.080","-0.68%"
"2018-12-10","10.220","10.045","10.240","10.045","1.69%"
"2018-12-07","10.050","9.980","10.090","9.910","0.10%"
"2018-12-06","10.040","10.250","10.280","10.010","-0.89%"
"2018-12-05","10.130","10.130","10.250","10.070","0.40%"
"2018-12-04","10.090","10.050","10.190","9.970","0.90%"
"2018-12-03","10.000","9.895","10.020","9.800","0.70%"
"2018-11-30","9.930","9.990","10.070","9.905","-1.00%"
"2018-11-29","10.030","10.050","10.160","9.990","-0.79%"
"2018-11-28","10.110","10.130","10.170","10.000","-0.10%"
"2018-11-27","10.120","10.170","10.345","10.090","-0.78%"
"2018-11-26","10.200","9.875","10.210","9.860","3.13%"
"2018-11-23","9.890","10.030","10.059","9.870","-1.20%"
"2018-11-22","10.010","10.060","10.110","9.920","-0.79%"
"2018-11-21","10.090","10.155","10.240","10.000","-0.64%"
"2018-11-20","10.155","10.155","10.155","10.155","0.05%"
"2018-11-19","10.150","10.170","10.240","10.100","0.00%"
"2018-11-16","10.150","10.380","10.380","10.070","-2.87%"
"2018-11-14","10.450","10.600","10.600","10.390","-1.42%"
"2018-11-13","10.600","10.470","10.610","10.420","1.15%"
"2018-11-12","10.480","10.420","10.570","10.400","0.77%"
"2018-11-09","10.400","10.600","10.610","10.400","-0.95%"
"2018-11-08","10.500","10.330","10.570","10.250","2.14%"
"2018-11-07","10.280","10.220","10.400","10.150","-0.10%"
"2018-11-06","10.290","10.140","10.310","10.140","1.48%"
"2018-11-05","10.140","10.160","10.250","10.110","0.00%"
"2018-11-01","10.140","10.180","10.250","10.110","-0.98%"
"2018-10-31","10.240","10.160","10.270","10.090","0.79%"
"2018-10-30","10.160","10.380","10.380","10.110","-2.31%"
"2018-10-29","10.400","10.070","10.410","10.020","1.46%"
"2018-10-26","10.250","10.535","10.655","10.230","-2.71%"
"2018-10-25","10.535","10.420","10.575","10.420","0.24%"
"2018-10-24","10.510","10.320","10.510","10.290","2.34%"
"2018-10-23","10.270","10.205","10.360","10.180","0.59%"
"2018-10-22","10.210","10.370","10.370","10.120","-1.16%"
"2018-10-19","10.330","10.360","10.470","10.310","-1.43%"
"2018-10-18","10.480","10.320","10.530","10.220","2.14%"
"2018-10-17","10.260","10.385","10.510","10.030","-0.77%"
"2018-10-16","10.340","10.595","10.620","10.280","-2.64%"
"2018-10-15","10.620","10.860","10.860","10.550","-2.21%"
"2018-10-11","10.860","10.805","10.990","10.690","0.00%"
"2018-10-10","10.860","10.690","10.950","10.690","1.02%"
"2018-10-09","10.750","10.920","10.960","10.620","-1.19%"
"2018-10-08","10.880","11.360","11.360","10.810","-4.31%"
"2018-10-05","11.370","11.410","11.470","11.060","0.80%"
"2018-10-04","11.280","11.510","11.510","11.210","-0.88%"
"2018-10-03","11.380","11.290","11.430","11.115","-0.78%"
"2018-10-02","11.470","11.595","11.640","11.310","-0.35%"
"2018-10-01","11.510","11.670","11.725","11.475","-1.07%"
"2018-09-28","11.635","11.480","11.675","11.480","1.26%"
"2018-09-27","11.490","11.580","11.640","11.380","-1.03%"
"2018-09-26","11.610","11.800","11.800","11.560","-1.11%"
"2018-09-25","11.740","11.910","11.970","11.690","-0.17%"
"2018-09-24","11.760","11.920","11.920","11.630","0.51%"
"2018-09-21","11.700","11.840","11.890","11.660","-2.34%"
"2018-09-20","11.980","12.180","12.180","11.790","-0.75%"
"2018-09-19","12.070","12.340","12.350","12.020","-1.39%"
"2018-09-18","12.240","12.340","12.340","12.180","0.00%"
"2018-09-17","12.240","12.490","12.490","12.230","-0.73%"
"2018-09-14","12.330","12.345","12.345","12.325","-1.60%"
"2018-09-13","12.530","12.360","12.550","12.280","0.72%"
"2018-09-12","12.440","12.440","12.440","12.210","-0.40%"
"2018-09-11","12.490","12.460","12.620","12.260","1.88%"
"2018-09-10","12.260","12.230","12.510","12.180","0.49%"
"2018-09-06","12.200","12.520","12.520","12.130","-2.79%"
"2018-09-05","12.550","12.630","12.630","12.370","0.16%"
"2018-09-04","12.530","12.530","12.530","12.260","1.62%"
"2018-09-03","12.330","12.300","12.440","12.220","1.15%"
"2018-08-31","12.190","12.450","12.460","12.130","-1.22%"
"2018-08-30","12.340","12.060","12.490","12.050","2.41%"
"2018-08-29","12.050","12.040","12.140","11.970","0.08%"
"2018-08-28","12.040","12.030","12.080","11.890","0.92%"
"2018-08-27","11.930","12.010","12.030","11.850","-0.67%"
"2018-08-24","12.010","12.270","12.270","12.000","-1.40%"
"2018-08-23","12.180","12.190","12.330","11.990","1.25%"
"2018-08-22","12.030","12.380","12.400","11.980","-2.51%"
"2018-08-21","12.340","11.950","12.350","11.850","3.96%"
"2018-08-20","11.870","11.840","11.950","11.750","0.85%"
"2018-08-17","11.770","11.750","11.920","11.670","1.12%"
"2018-08-16","11.640","11.580","11.750","11.430","0.87%"
"2018-08-15","11.540","11.770","11.780","11.500","-0.60%"
"2018-08-14","11.610","11.650","11.690","11.540","-1.19%"
"2018-08-13","11.750","11.760","12.060","11.730","-0.09%"
"2018-08-10","11.760","11.500","11.830","11.500","2.44%"
"2018-08-09","11.480","11.400","11.480","11.315","1.32%"
"2018-08-08","11.330","11.180","11.330","11.120","1.71%"
"2018-08-07","11.140","11.020","11.230","10.960","1.00%"
"2018-08-06","11.030","10.950","11.035","10.950","-0.18%"
"2018-08-03","11.050","11.190","11.220","11.030","-1.52%"
"2018-08-02","11.220","11.200","11.290","11.170","0.18%"
"2018-08-01","11.200","11.180","11.200","11.040","0.99%"
"2018-07-31","11.090","10.980","11.120","10.970","0.64%"
"2018-07-30","11.020","10.980","11.020","10.945","0.36%"
"2018-07-27","10.980","11.010","11.040","10.880","-0.27%"
"2018-07-26","11.010","10.980","11.020","10.870","1.29%"
"2018-07-25","10.870","11.200","11.200","10.850","-1.36%"
"2018-07-24","11.020","11.120","11.120","10.900","0.00%"
"2018-07-23","11.020","10.930","11.185","10.900","0.64%"
"2018-07-20","10.950","11.070","11.240","10.890","-1.08%"
"2018-07-19","11.070","11.340","11.370","11.070","-2.12%"
"2018-07-18","11.310","11.380","11.380","11.240","-0.09%"
"2018-07-17","11.320","11.400","11.470","11.310","-0.70%"
"2018-07-16","11.400","11.350","11.470","11.240","0.44%"
"2018-07-13","11.350","11.460","11.460","11.250","-0.18%"
"2018-07-12","11.370","11.250","11.440","11.170","1.56%"
"2018-07-11","11.195","11.300","11.300","11.050","0.13%"
"2018-07-10","11.180","11.240","11.240","11.040","-0.53%"
"2018-07-06","11.240","11.420","11.520","11.220","-1.58%"
"2018-07-05","11.420","11.320","11.530","11.230","0.88%"
"2018-07-04","11.320","11.440","11.440","11.140","-0.70%"
"2018-07-03","11.400","11.340","11.440","11.100","0.62%"
"2018-07-02","11.330","11.640","11.640","11.290","-2.50%"
"2018-06-29","11.620","11.730","11.840","11.530","-1.11%"
"2018-06-28","11.750","11.815","11.840","11.620","-0.59%"
"2018-06-27","11.820","11.730","11.940","11.720","0.08%"
"2018-06-26","11.810","11.840","12.010","11.660","-0.25%"
"2018-06-25","11.840","12.000","12.020","11.820","-1.58%"
"2018-06-22","12.030","11.940","12.050","11.890","-0.66%"
"2018-06-21","12.110","11.770","12.110","11.720","2.89%"
"2018-06-20","11.770","11.740","11.880","11.520","0.26%"
"2018-06-19","11.740","12.140","12.150","11.670","-2.00%"
"2018-06-18","11.980","11.950","12.090","11.860","-0.91%"
"2018-06-15","12.090","12.105","12.200","11.900","-1.23%"
"2018-06-14","12.240","11.715","12.260","11.580","4.44%"
"2018-06-13","11.720","11.575","11.830","11.550","0.86%"
"2018-06-12","11.620","11.635","11.750","11.540","-0.26%"
"2018-06-11","11.650","11.595","11.730","11.370","0.00%"
"2018-06-08","11.650","11.955","12.350","11.560","-2.43%"
"2018-06-07","11.940","11.845","12.240","11.540","-2.77%"
"2018-06-06","12.280","12.120","12.120","11.890","6.55%"
"2018-06-05","11.525","11.405","11.525","11.405","2.49%"
"2018-06-04","11.245","11.235","11.330","11.235","-0.22%"
"2018-06-01","11.270","11.295","11.340","11.110","0.45%"
"2018-05-30","11.220","11.300","11.790","11.100","-0.36%"
"2018-05-29","11.260","11.030","11.300","10.910","2.09%"
"2018-05-28","11.030","10.865","11.030","10.855","0.68%"
"2018-05-25","10.955","10.770","10.955","10.620","2.48%"
"2018-05-24","10.690","10.480","10.770","10.480","0.66%"
"2018-05-23","10.620","10.690","10.760","10.490","0.57%"
"2018-05-22","10.560","10.370","10.560","10.360","1.34%"
"2018-05-21","10.420","10.390","10.770","10.390","0.24%"
"2018-05-20","10.395","10.395","10.395","10.395","0.00%"
"2018-05-18","10.395","10.100","10.710","10.100","2.72%"
"2018-05-17","10.120","10.110","10.300","9.900","0.70%"
"2018-05-16","10.050","10.065","10.165","10.020","0.05%"
"2018-05-15","10.045","10.235","10.235","9.980","0.40%"
"2018-05-14","10.005","9.955","10.125","9.895","0.60%"
"2018-05-11","9.945","9.880","9.960","9.800","0.96%"
"2018-05-10","9.850","10.095","10.160","9.840","-2.28%"
"2018-05-09","10.080","9.905","10.130","9.870","1.82%"
"2018-05-08","9.900","9.755","9.910","9.755","1.12%"
"2018-05-07","9.790","9.720","9.790","9.700","0.93%"
"2018-05-04","9.700","9.690","9.780","9.650","0.10%"
"2018-05-03","9.690","9.700","9.740","9.650","-0.31%"
"2018-05-02","9.720","9.650","9.740","9.640","0.52%"
"2018-04-30","9.670","9.600","9.680","9.600","0.62%"
"2018-04-27","9.610","9.795","9.795","9.585","-0.88%"
"2018-04-26","9.695","9.765","9.805","9.685","-1.17%"
"2018-04-25","9.810","9.755","9.910","9.755","0.41%"
"2018-04-24","9.770","9.815","9.815","9.705","0.57%"
"2018-04-23","9.715","9.585","9.715","9.585","0.99%"
"2018-04-20","9.620","9.575","9.680","9.560","0.31%"
"2018-04-19","9.590","9.590","9.620","9.550","0.10%"
"2018-04-18","9.580","9.740","9.740","9.555","-0.93%"
"2018-04-17","9.670","9.715","9.715","9.635","-0.62%"
"2018-04-16","9.730","9.720","9.820","9.670","0.26%"
"2018-04-13","9.705","9.625","9.730","9.600","0.57%"
"2018-04-12","9.650","9.720","9.720","9.560","0.21%"
"2018-04-11","9.630","9.750","9.760","9.605","-0.72%"
"2018-04-10","9.700","9.835","9.835","9.645","-0.36%"
"2018-04-09","9.735","9.670","9.745","9.625","1.09%"
"2018-04-06","9.630","9.555","9.730","9.555","0.52%"
"2018-04-05","9.580","9.620","9.620","9.450","-0.31%"
"2018-04-04","9.610","9.560","9.760","9.560","0.21%"
"2018-04-03","9.590","9.510","9.600","9.460","0.84%"
"2018-04-02","9.510","9.465","9.550","9.465","0.58%"
"2018-03-29","9.455","9.530","9.620","9.455","-0.79%"
"2018-03-28","9.530","9.520","9.620","9.480","0.11%"
"2018-03-27","9.520","9.460","9.570","9.400","0.32%"
"2018-03-26","9.490","9.500","9.540","9.440","-0.52%"
"2018-03-23","9.540","9.460","9.560","9.400","0.85%"
"2018-03-22","9.460","9.445","9.460","9.340","-0.32%"
"2018-03-21","9.490","9.525","9.600","9.450","-0.52%"
"2018-03-20","9.540","9.475","9.540","9.455","0.58%"
"2018-03-19","9.485","9.445","9.485","9.415","0.42%"
"2018-03-16","9.445","9.495","9.515","9.415","-0.53%"
"2018-03-15","9.495","9.490","9.540","9.460","0.05%"
"2018-03-14","9.490","9.560","9.560","9.445","0.00%"
"2018-03-13","9.490","9.585","9.615","9.475","-0.99%"
"2018-03-12","9.585","9.595","9.615","9.535","-0.21%"
"2018-03-09","9.605","9.555","9.615","9.525","0.26%"
"2018-03-08","9.580","9.550","9.610","9.550","0.31%"
"2018-03-07","9.550","9.490","9.590","9.490","0.63%"
"2018-03-06","9.490","9.460","9.550","9.440","0.21%"
"2018-03-05","9.470","9.790","9.790","9.455","-1.04%"
"2018-03-02","9.570","9.590","9.650","9.550","-0.52%"
"2018-03-01","9.620","9.600","9.670","9.580","0.00%"
"2018-02-28","9.620","9.625","9.720","9.570","-0.31%"
"2018-02-27","9.650","9.605","9.660","9.540","0.52%"
"2018-02-26","9.600","9.735","9.850","9.590","-1.54%"
"2018-02-23","9.750","9.805","9.830","9.610","-0.81%"
"2018-02-22","9.830","9.930","9.940","9.810","-0.51%"
"2018-02-21","9.880","9.840","9.900","9.825","0.41%"
"2018-02-20","9.840","9.910","9.910","9.840","-0.20%"
"2018-02-19","9.860","9.850","9.910","9.820","0.10%"
"2018-02-18","9.850","9.850","9.850","9.850","0.00%"
"2018-02-16","9.850","9.940","9.940","9.830","-0.51%"
"2018-02-15","9.900","9.910","9.940","9.850","-0.10%"
"2018-02-14","9.910","9.975","9.975","9.870","-0.45%"
"2018-02-12","9.955","9.955","9.955","9.955","0.00%"
"2018-02-09","9.955","9.850","9.995","9.825","0.91%"
"2018-02-08","9.865","9.800","10.077","9.740","0.97%"
"2018-02-07","9.770","9.800","9.830","9.730","-0.20%"
"2018-02-06","9.790","9.950","9.990","9.790","-0.81%"
"2018-02-05","9.870","9.960","9.960","9.810","0.41%"
"2018-02-02","9.830","9.845","9.855","9.730","1.44%"
"2018-02-01","9.690","9.765","9.785","9.645","-0.31%"
"2018-01-31","9.720","9.790","9.790","9.690","-0.72%"
"2018-01-30","9.790","9.850","9.850","9.750","0.10%"
"2018-01-29","9.780","9.800","9.810","9.740","0.72%"
"2018-01-26","9.710","9.730","9.780","9.640","-1.37%"
"2018-01-25","9.845","9.740","9.845","9.740","1.08%"
"2018-01-24","9.740","10.070","10.070","9.730","-2.79%"
"2018-01-23","10.020","9.960","10.040","9.910","1.01%"
"2018-01-22","9.920","9.880","9.940","9.870","0.20%"
"2018-01-19","9.900","9.875","9.910","9.810","0.61%"
"2018-01-18","9.840","9.970","9.970","9.840","-0.81%"
"2018-01-17","9.920","9.895","9.970","9.870","0.00%"
"2018-01-16","9.920","9.890","9.990","9.880","0.00%"
"2018-01-15","9.920","9.890","9.930","9.810","0.71%"
"2018-01-12","9.850","9.925","9.970","9.810","-0.71%"
"2018-01-11","9.920","10.010","10.030","9.910","-0.70%"
"2018-01-10","9.990","10.070","10.110","9.990","-0.40%"
"2018-01-09","10.030","10.045","10.055","9.995","0.15%"
"2018-01-08","10.015","10.065","10.065","10.015","-0.69%"
"2018-01-05","10.085","10.085","10.115","10.035","0.40%"
"2018-01-04","10.045","10.080","10.080","10.015","0.05%"
"2018-01-03","10.040","10.120","10.120","10.010","-0.40%"
"2018-01-02","10.080","10.290","10.320","10.070","-1.27%"
"2017-12-29","10.210","10.270","10.270","10.210","-0.58%"
"2017-12-28","10.270","10.390","10.390","10.220","-0.96%"
"2017-12-27","10.370","10.300","10.380","10.210","0.78%"
"2017-12-26","10.290","10.450","10.460","10.280","-0.96%"
"2017-12-22","10.390","10.360","10.410","10.340","0.10%"
"2017-12-21","10.380","10.525","10.525","10.350","-1.00%"
"2017-12-20","10.485","10.590","10.610","10.465","-0.80%"
"2017-12-19","10.570","10.500","10.660","10.480","0.48%"
"2017-12-18","10.520","10.345","10.530","10.315","1.11%"
"2017-12-16","10.405","10.405","10.405","10.405","0.00%"
"2017-12-15","10.405","10.345","10.405","10.320","0.53%"
"2017-12-14","10.350","10.360","10.380","10.280","0.83%"
"2017-12-13","10.265","10.250","10.285","10.225","-0.73%"
"2017-12-12","10.340","10.330","10.420","10.260","0.58%"
"2017-12-11","10.280","10.170","10.290","10.140","0.78%"
"2017-12-08","10.200","10.250","10.250","10.145","-0.49%"
"2017-12-07","10.250","10.160","10.380","10.160","1.08%"
"2017-12-06","10.140","10.300","10.300","10.140","-1.27%"
"2017-12-05","10.270","10.310","10.310","10.150","0.10%"
"2017-12-04","10.260","10.375","10.375","10.250","-0.87%"
"2017-12-01","10.350","10.450","10.450","10.310","-0.38%"
"2017-11-30","10.390","10.310","10.420","10.260","0.78%"
"2017-11-29","10.310","10.200","10.320","10.090","1.68%"
"2017-11-28","10.140","10.220","10.220","10.090","-0.29%"
"2017-11-27","10.170","10.210","10.240","10.085","-0.10%"
"2017-11-24","10.180","10.140","10.220","10.100","0.89%"
"2017-11-23","10.090","10.115","10.200","10.050","-0.20%"
"2017-11-22","10.110","10.080","10.190","10.075","-0.10%"
"2017-11-21","10.120","10.225","10.225","10.060","-0.49%"
"2017-11-20","10.170","10.170","10.170","10.170","-0.05%"
"2017-11-17","10.175","10.315","10.515","10.155","-1.21%"
"2017-11-16","10.300","10.495","10.675","10.290","-1.76%"
"2017-11-15","10.485","10.485","10.485","10.485","-0.19%"
"2017-11-14","10.505","10.345","10.515","10.235","2.14%"
"2017-11-13","10.285","10.300","10.390","10.200","0.64%"
"2017-11-10","10.220","10.075","10.270","10.050","1.39%"
"2017-11-09","10.080","10.080","10.130","10.010","0.40%"
"2017-11-08","10.040","10.095","10.120","10.010","-0.59%"
"2017-11-07","10.100","10.035","10.160","10.010","0.50%"
"2017-11-06","10.050","10.185","10.185","10.010","-1.33%"
"2017-11-03","10.185","9.995","10.190","9.995","2.36%"
"2017-11-01","9.950","9.880","9.950","9.880","0.51%"
"2017-10-31","9.900","9.870","10.070","9.805","0.20%"
"2017-10-30","9.880","9.760","9.890","9.760","1.44%"
"2017-10-29","9.740","9.740","9.740","9.740","0.00%"
"2017-10-27","9.740","9.910","9.990","9.740","-0.66%"
"2017-10-26","9.805","9.660","9.860","9.650","1.76%"
"2017-10-25","9.635","9.750","9.750","9.630","-0.67%"
"2017-10-24","9.700","9.730","9.760","9.650","-0.10%"
"2017-10-23","9.710","9.665","9.710","9.615","0.78%"
"2017-10-22","9.635","9.635","9.635","9.635","0.00%"
"2017-10-20","9.635","9.670","9.680","9.590","0.05%"
"2017-10-19","9.630","9.760","9.760","9.630","-0.82%"
"2017-10-18","9.710","9.785","9.785","9.705","-0.21%"
"2017-10-17","9.730","9.870","9.900","9.730","-1.12%"
"2017-10-16","9.840","9.830","9.870","9.790","0.20%"
"2017-10-13","9.820","9.890","9.890","9.760","-0.10%"
"2017-10-11","9.830","9.750","9.830","9.730","0.82%"
"2017-10-10","9.750","9.850","9.850","9.720","-0.61%"
"2017-10-09","9.810","9.820","9.860","9.730","0.72%"
"2017-10-06","9.740","9.895","10.000","9.720","-1.81%"
"2017-10-05","9.920","9.760","9.930","9.760","1.64%"
"2017-10-04","9.760","9.775","9.795","9.720","-0.36%"
"2017-10-03","9.795","9.695","9.805","9.675","0.62%"
"2017-10-02","9.735","9.795","9.875","9.685","-0.10%"
"2017-09-29","9.745","9.845","9.845","9.680","-0.41%"
"2017-09-28","9.785","9.870","9.885","9.735","-0.41%"
"2017-09-27","9.825","9.730","9.850","9.730","1.03%"
"2017-09-26","9.725","9.850","9.850","9.710","-0.46%"
"2017-09-25","9.770","9.645","9.810","9.645","1.14%"
"2017-09-22","9.660","9.630","9.710","9.620","0.31%"
"2017-09-21","9.630","9.880","9.880","9.630","-0.72%"
"2017-09-20","9.700","9.740","9.810","9.670","-0.36%"
"2017-09-19","9.735","9.830","9.830","9.720","-0.56%"
"2017-09-18","9.790","9.840","9.840","9.765","-0.31%"
"2017-09-15","9.820","9.780","9.840","9.760","0.00%"
"2017-09-14","9.820","10.020","10.030","9.770","-1.01%"
"2017-09-13","9.920","9.870","9.930","9.800","0.51%"
"2017-09-12","9.870","9.815","9.970","9.790","0.61%"
"2017-09-11","9.810","9.710","9.840","9.680","0.72%"
"2017-09-08","9.740","9.810","9.810","9.650","-0.71%"
"2017-09-06","9.810","9.890","9.910","9.780","-0.91%"
"2017-09-05","9.900","9.990","9.990","9.870","-0.85%"
"2017-09-04","9.985","10.025","10.035","9.980","-0.25%"
"2017-09-01","10.010","9.975","10.040","9.950","0.55%"
"2017-08-31","9.955","10.080","10.080","9.925","-1.48%"
"2017-08-30","10.105","10.070","10.105","10.035","0.10%"
"2017-08-29","10.095","10.060","10.260","10.050","-0.35%"
"2017-08-28","10.130","10.090","10.130","10.050","-0.20%"
"2017-08-25","10.150","10.150","10.150","10.040","0.59%"
"2017-08-24","10.090","10.210","10.400","10.040","-0.59%"
"2017-08-23","10.150","10.090","10.160","10.070","0.00%"
"2017-08-22","10.150","10.195","10.210","10.105","-0.64%"
"2017-08-21","10.215","10.105","10.245","10.055","0.89%"
"2017-08-18","10.125","10.260","10.270","10.085","-0.93%"
"2017-08-17","10.220","10.170","10.250","10.110","1.09%"
"2017-08-16","10.110","10.050","10.110","9.990","0.80%"
"2017-08-15","10.030","10.060","10.100","10.020","-0.30%"
"2017-08-14","10.060","10.200","10.200","10.020","-1.08%"
"2017-08-11","10.170","10.200","10.230","9.990","0.49%"
"2017-08-10","10.120","10.050","10.130","10.050","0.80%"
"2017-08-09","10.040","10.035","10.050","9.935","0.75%"
"2017-08-08","9.965","9.965","10.045","9.845","0.50%"
"2017-08-07","9.915","9.810","9.915","9.790","0.56%"
"2017-08-06","9.860","9.860","9.860","9.860","0.00%"
"2017-08-04","9.860","9.870","9.880","9.760","0.00%"
"2017-08-03","9.860","9.970","9.970","9.800","-0.20%"
"2017-08-02","9.880","10.115","10.125","9.880","-1.45%"
"2017-08-01","10.025","10.005","10.025","9.945","0.10%"
"2017-07-31","10.015","10.135","10.135","9.935","-0.30%"
"2017-07-28","10.045","10.045","10.055","9.955","0.40%"
"2017-07-27","10.005","10.005","10.025","9.875","-0.99%"
"2017-07-26","10.105","10.125","10.135","10.075","-0.59%"
"2017-07-25","10.165","10.145","10.165","10.035","0.99%"
"2017-07-24","10.065","10.110","10.110","10.000","0.15%"
"2017-07-21","10.050","10.165","10.165","9.945","-0.84%"
"2017-07-20","10.135","10.080","10.135","10.030","0.45%"
"2017-07-19","10.090","10.190","10.220","10.035","-0.59%"
"2017-07-18","10.150","10.280","10.280","10.130","-0.68%"
"2017-07-17","10.220","10.315","10.315","10.180","-1.02%"
"2017-07-16","10.325","10.325","10.325","10.325","0.00%"
"2017-07-14","10.325","10.380","10.400","10.205","-0.91%"
"2017-07-13","10.420","10.305","10.420","10.290","1.12%"
"2017-07-12","10.305","10.495","10.540","10.300","-2.09%"
"2017-07-11","10.525","10.590","10.590","10.460","-0.05%"
"2017-07-10","10.530","10.560","10.580","10.490","-0.94%"
"2017-07-07","10.630","10.500","10.630","10.465","1.24%"
"2017-07-06","10.500","10.500","10.500","10.500","-0.14%"
"2017-07-05","10.515","10.670","10.680","10.490","-0.33%"
"2017-07-04","10.550","10.700","10.700","10.450","0.48%"
"2017-07-03","10.500","10.490","10.540","10.440","-0.28%"
"2017-07-02","10.530","10.530","10.530","10.530","0.00%"
"2017-07-01","10.530","10.530","10.530","10.530","0.00%"
"2017-06-30","10.530","10.620","10.800","10.520","-1.50%"
"2017-06-29","10.690","10.620","10.710","10.480","0.66%"
"2017-06-28","10.620","10.840","10.840","10.610","-1.39%"
"2017-06-27","10.770","10.810","10.840","10.660","0.84%"
"2017-06-26","10.680","10.700","10.700","10.600","-1.48%"
"2017-06-25","10.840","10.840","10.840","10.840","0.00%"
"2017-06-23","10.840","10.810","10.840","10.655","1.07%"
"2017-06-22","10.725","10.625","10.735","10.570","0.94%"
"2017-06-21","10.625","10.625","10.625","10.625","0.62%"
"2017-06-20","10.560","10.465","10.645","10.375","1.78%"
"2017-06-19","10.375","10.520","10.570","10.355","-1.28%"
"2017-06-16","10.510","10.740","10.740","10.470","-1.27%"
"2017-06-14","10.645","10.780","10.780","10.590","-1.25%"
"2017-06-13","10.780","10.730","10.780","10.630","0.47%"
"2017-06-12","10.730","10.750","10.770","10.690","-1.56%"
"2017-06-09","10.900","10.790","10.930","10.730","-0.27%"
"2017-06-08","10.930","10.900","10.960","10.840","0.92%"
"2017-06-07","10.830","10.750","10.960","10.740","0.28%"
"2017-06-06","10.800","10.910","10.920","10.780","-1.46%"
"2017-06-05","10.960","10.950","11.030","10.840","0.74%"
"2017-06-02","10.880","10.940","10.940","10.705","0.83%"
"2017-06-01","10.790","10.730","10.820","10.660","0.47%"
"2017-05-31","10.740","10.870","10.880","10.710","-1.83%"
"2017-05-30","10.940","10.920","10.940","10.750","1.30%"
"2017-05-29","10.800","10.960","11.090","10.780","-1.05%"
"2017-05-26","10.915","10.890","10.950","10.720","-0.14%"
"2017-05-25","10.930","10.915","11.150","10.860","-4.96%"
"2017-05-24","11.500","11.500","11.500","11.500","0.97%"
"2017-05-23","11.390","11.920","12.000","11.270","-3.31%"
"2017-05-22","11.780","11.640","12.010","11.580","2.08%"
"2017-05-19","11.540","11.990","12.020","11.370","-1.62%"
"2017-05-18","11.730","10.060","11.730","10.060","17.07%"
"2017-05-17","10.020","9.960","10.030","9.895","-0.74%"
"2017-05-16","10.095","10.080","10.095","9.890","0.45%"
"2017-05-15","10.050","10.070","10.120","10.040","-0.30%"
"2017-05-12","10.080","10.170","10.170","10.060","-0.20%"
"2017-05-11","10.100","10.190","10.190","10.090","-0.69%"
"2017-05-10","10.170","10.165","10.250","10.115","0.05%"
"2017-05-09","10.165","10.200","10.250","10.160","-0.34%"
"2017-05-08","10.200","10.230","10.270","10.170","-0.68%"
"2017-05-07","10.270","10.270","10.270","10.270","0.00%"
"2017-05-05","10.270","10.320","10.320","10.180","-0.10%"
"2017-05-04","10.280","10.290","10.340","10.240","-0.10%"
"2017-05-03","10.290","10.295","10.305","10.140","0.64%"
"2017-05-02","10.225","10.335","10.365","10.185","-0.87%"
"2017-04-28","10.315","10.460","10.460","10.280","-0.82%"
"2017-04-27","10.400","10.310","10.400","10.260","-0.38%"
"2017-04-26","10.440","10.400","10.440","10.320","0.87%"
"2017-04-25","10.350","10.200","10.410","10.200","1.97%"
"2017-04-24","10.150","10.135","10.150","10.075","-0.25%"
"2017-04-22","10.175","10.175","10.175","10.175","0.00%"
"2017-04-20","10.175","10.265","10.265","10.095","-0.39%"
"2017-04-19","10.215","10.160","10.215","10.070","1.24%"
"2017-04-18","10.090","10.120","10.130","10.030","-0.20%"
"2017-04-17","10.110","10.120","10.180","10.090","-0.79%"
"2017-04-13","10.190","10.120","10.190","10.050","1.29%"
"2017-04-12","10.060","10.100","10.100","9.990","0.20%"
"2017-04-11","10.040","9.980","10.050","9.900","0.90%"
"2017-04-10","9.950","10.000","10.030","9.940","-1.29%"
"2017-04-07","10.080","10.090","10.130","9.980","-0.49%"
"2017-04-06","10.130","10.100","10.200","10.010","0.70%"
"2017-04-05","10.060","9.930","10.070","9.870","1.31%"
"2017-04-04","9.930","10.150","10.150","9.910","-0.70%"
"2017-04-03","10.000","10.110","10.110","9.990","-1.09%"
"2017-03-31","10.110","10.110","10.130","10.040","0.45%"
"2017-03-30","10.065","10.130","10.150","10.040","-0.54%"
"2017-03-29","10.120","10.200","10.200","10.080","-1.08%"
"2017-03-28","10.230","10.120","10.230","10.070","1.29%"
"2017-03-27","10.100","10.100","10.160","10.050","-0.59%"
"2017-03-26","10.160","10.160","10.160","10.160","0.00%"
"2017-03-24","10.160","10.230","10.270","10.075","-0.83%"
"2017-03-23","10.245","10.315","10.385","10.220","-0.77%"
"2017-03-22","10.325","10.295","10.325","10.210","1.08%"
"2017-03-21","10.215","10.325","10.325","10.165","-0.58%"
"2017-03-20","10.275","10.260","10.300","10.215","0.05%"
"2017-03-18","10.270","10.270","10.270","10.270","0.00%"
"2017-03-17","10.270","10.310","10.320","10.170","0.20%"
"2017-03-16","10.250","10.290","10.320","10.190","-0.34%"
"2017-03-15","10.285","10.405","10.435","10.185","-0.96%"
"2017-03-14","10.385","10.275","10.385","10.225","1.56%"
"2017-03-13","10.225","10.200","10.245","10.175","-0.54%"
"2017-03-10","10.280","10.380","10.380","10.230","-1.72%"
"2017-03-09","10.460","10.465","10.485","10.365","0.34%"
"2017-03-08","10.425","10.495","10.515","10.265","1.26%"
"2017-03-07","10.295","10.225","10.325","10.205","0.39%"
"2017-03-06","10.255","10.320","10.320","10.180","0.15%"
"2017-03-03","10.240","10.420","10.420","10.230","-1.54%"
"2017-03-02","10.400","10.230","10.400","10.170","1.86%"
"2017-03-01","10.210","10.310","10.310","10.200","-0.39%"
"2017-02-24","10.250","10.420","10.450","10.210","0.69%"
"2017-02-23","10.180","10.220","10.260","10.140","-1.07%"
"2017-02-22","10.290","10.420","10.420","10.260","-0.29%"
"2017-02-21","10.320","10.400","10.410","10.290","-0.86%"
"2017-02-20","10.410","10.410","10.410","10.370","-0.19%"
"2017-02-17","10.430","10.560","10.560","10.380","-0.29%"
"2017-02-16","10.460","10.470","10.500","10.340","0.97%"
"2017-02-15","10.360","10.410","10.430","10.325","-0.19%"
"2017-02-14","10.380","10.430","10.540","10.330","0.19%"
"2017-02-13","10.360","10.325","10.390","10.315","0.14%"
"2017-02-10","10.345","10.400","10.420","10.320","-0.43%"
"2017-02-09","10.390","10.390","10.440","10.350","-0.19%"
"2017-02-08","10.410","10.690","10.690","10.370","-0.62%"
"2017-02-07","10.475","10.585","10.785","10.465","-0.95%"
"2017-02-06","10.575","10.660","10.660","10.520","-0.33%"
"2017-02-03","10.610","10.910","10.910","10.570","-1.12%"
"2017-02-02","10.730","10.865","10.865","10.700","-1.33%"
"2017-02-01","10.875","11.105","11.105","10.875","-0.55%"
"2017-01-31","10.935","11.035","11.035","10.835","0.55%"
"2017-01-30","10.875","10.870","10.920","10.830","0.60%"
"2017-01-27","10.810","11.110","11.110","10.780","-1.55%"
"2017-01-26","10.980","10.910","11.010","10.810","0.73%"
"2017-01-25","10.900","10.830","10.900","10.830","0.65%"
"2017-01-24","10.830","10.890","10.910","10.790","-0.28%"
"2017-01-23","10.860","10.905","10.920","10.840","-0.87%"
"2017-01-20","10.955","11.010","11.010","10.900","-0.50%"
"2017-01-19","11.010","11.060","11.060","10.940","-0.72%"
"2017-01-18","11.090","11.180","11.180","10.995","0.54%"
"2017-01-17","11.030","11.000","11.080","10.910","0.09%"
"2017-01-16","11.020","11.060","11.060","11.000","-0.45%"
"2017-01-13","11.070","11.200","11.200","10.950","-0.09%"
"2017-01-12","11.080","11.290","11.290","10.990","-1.77%"
"2017-01-11","11.280","11.420","11.440","11.200","0.53%"
"2017-01-10","11.220","11.510","11.510","11.195","-0.88%"
"2017-01-09","11.320","11.390","11.410","11.320","-0.70%"
"2017-01-06","11.400","11.620","11.640","11.340","-0.26%"
"2017-01-05","11.430","11.640","11.720","11.310","0.00%"
"2017-01-04","11.430","11.310","11.460","11.210","1.24%"
"2017-01-03","11.290","11.330","11.330","11.230","0.36%"
"2017-01-02","11.250","11.630","11.630","11.240","-1.49%"
"2016-12-30","11.420","11.420","11.420","11.420","0.00%"
"2016-12-29","11.420","11.460","11.500","11.410","-0.35%"
"2016-12-28","11.460","11.725","11.725","11.425","-0.13%"
"2016-12-27","11.475","11.515","11.515","11.415","0.35%"
"2016-12-26","11.435","11.650","11.650","11.405","-0.48%"
"2016-12-23","11.490","11.560","11.560","11.420","0.00%"
"2016-12-22","11.490","11.630","11.680","11.480","-1.20%"
"2016-12-21","11.630","11.780","11.780","11.560","-1.27%"
"2016-12-20","11.780","11.980","11.980","11.740","-1.17%"
"2016-12-19","11.920","12.020","12.020","11.900","-1.00%"
"2016-12-16","12.040","12.060","12.060","11.920","-0.25%"
"2016-12-15","12.070","12.280","12.280","12.030","-0.58%"
"2016-12-14","12.140","12.055","12.140","11.930","0.37%"
"2016-12-13","12.095","12.135","12.135","11.805","1.00%"
"2016-12-12","11.975","12.095","12.095","11.915","0.67%"
"2016-12-09","11.895","11.800","11.930","11.690","0.89%"
"2016-12-08","11.790","11.950","12.000","11.750","-1.26%"
"2016-12-07","11.940","12.360","12.420","11.910","-2.05%"
"2016-12-06","12.190","12.270","12.270","12.020","1.08%"
"2016-12-05","12.060","12.310","12.310","12.030","-2.51%"
"2016-12-02","12.370","12.320","12.530","12.180","0.98%"
"2016-12-01","12.250","12.140","12.330","11.830","2.94%"
"2016-11-30","11.900","11.910","11.924","11.820","0.00%"
"2016-11-29","11.900","12.070","12.070","11.890","-1.00%"
"2016-11-28","12.020","12.320","12.320","11.990","-1.48%"
"2016-11-25","12.200","12.160","12.200","12.030","2.01%"
"2016-11-24","11.960","11.900","11.980","11.850","0.67%"
"2016-11-23","11.880","11.890","12.030","11.830","-0.25%"
"2016-11-22","11.910","11.930","11.970","11.800","-0.08%"
"2016-11-21","11.920","12.200","12.260","11.920","-2.30%"
"2016-11-18","12.200","12.220","12.220","11.990","0.99%"
"2016-11-17","12.080","12.000","12.100","11.820","0.83%"
"2016-11-16","11.980","12.160","12.320","11.930","-2.68%"
"2016-11-14","12.310","12.320","12.450","12.200","2.07%"
"2016-11-11","12.060","12.180","12.340","11.950","0.58%"
"2016-11-10","11.990","11.600","12.190","11.570","3.45%"
"2016-11-09","11.590","11.460","11.600","11.440","2.66%"
"2016-11-08","11.290","11.460","11.460","11.260","-1.22%"
"2016-11-07","11.430","11.450","11.450","11.340","-1.21%"
"2016-11-04","11.570","11.690","11.700","11.500","-0.69%"
"2016-11-03","11.650","11.790","11.790","11.520","0.95%"
"2016-11-01","11.540","11.420","11.590","11.380","0.61%"
"2016-10-31","11.470","11.410","11.470","11.350","0.35%"
"2016-10-28","11.430","11.430","11.480","11.290","0.09%"
"2016-10-27","11.420","11.330","11.440","11.220","0.97%"
"2016-10-26","11.310","11.260","11.310","11.160","1.21%"
"2016-10-25","11.175","11.145","11.210","10.985","0.99%"
"2016-10-24","11.065","11.160","11.220","11.040","-1.12%"
"2016-10-21","11.190","11.280","11.280","11.030","0.90%"
"2016-10-20","11.090","11.280","11.280","11.050","-0.72%"
"2016-10-19","11.170","11.370","11.370","11.140","-1.41%"
"2016-10-18","11.330","11.400","11.400","11.290","-0.44%"
"2016-10-17","11.380","11.480","11.480","11.350","-0.35%"
"2016-10-15","11.420","11.420","11.420","11.420","0.00%"
"2016-10-14","11.420","11.440","11.440","11.320","-0.09%"
"2016-10-13","11.430","11.460","11.510","11.410","-0.17%"
"2016-10-11","11.450","11.460","11.460","11.350","0.70%"
"2016-10-10","11.370","11.530","11.530","11.340","-0.70%"
"2016-10-07","11.450","11.600","11.680","11.360","-0.43%"
"2016-10-06","11.500","11.510","11.560","11.440","0.09%"
"2016-10-05","11.490","11.590","11.700","11.450","-1.71%"
"2016-10-04","11.690","11.650","11.690","11.470","1.39%"
"2016-10-03","11.530","11.620","11.620","11.440","-0.86%"
"2016-09-30","11.630","11.790","11.790","11.550","-0.94%"
"2016-09-29","11.740","11.870","11.900","11.555","0.43%"
"2016-09-28","11.690","11.780","11.780","11.645","-0.60%"
"2016-09-27","11.760","11.900","11.900","11.720","-1.34%"
"2016-09-26","11.920","11.910","11.970","11.890","0.42%"
"2016-09-25","11.870","11.870","11.870","11.870","0.00%"
"2016-09-24","11.870","11.870","11.870","11.870","0.00%"
"2016-09-23","11.870","11.850","11.910","11.770","-0.17%"
"2016-09-22","11.890","12.060","12.060","11.810","-1.25%"
"2016-09-21","12.040","12.215","12.215","12.010","-1.47%"
"2016-09-20","12.220","12.280","12.280","12.150","-0.24%"
"2016-09-19","12.250","12.230","12.280","12.200","0.16%"
"2016-09-17","12.230","12.230","12.230","12.230","0.00%"
"2016-09-16","12.230","12.270","12.350","12.220","-0.49%"
"2016-09-15","12.290","12.490","12.530","12.270","-1.60%"
"2016-09-14","12.490","12.550","12.600","12.355","-0.24%"
"2016-09-13","12.520","12.410","12.610","12.180","1.87%"
"2016-09-12","12.290","12.340","12.340","12.170","0.08%"
"2016-09-09","12.280","12.130","12.290","12.090","1.57%"
"2016-09-08","12.090","12.020","12.090","11.940","0.75%"
"2016-09-06","12.000","12.040","12.080","11.970","-0.41%"
"2016-09-05","12.050","12.020","12.060","11.970","-0.08%"
"2016-09-02","12.060","12.060","12.080","11.940","0.08%"
"2016-09-01","12.050","12.080","12.140","11.990","-0.50%"
"2016-08-31","12.110","12.170","12.210","12.080","-0.66%"
"2016-08-30","12.190","12.050","12.260","12.020","1.16%"
"2016-08-29","12.050","12.250","12.260","12.040","-1.31%"
"2016-08-26","12.210","12.020","12.280","11.920","1.75%"
"2016-08-25","12.000","12.040","12.070","11.980","-0.66%"
"2016-08-24","12.080","12.040","12.090","11.970","0.83%"
"2016-08-23","11.980","11.990","12.010","11.770","1.35%"
"2016-08-22","11.820","11.810","11.850","11.770","0.25%"
"2016-08-19","11.790","11.950","11.950","11.790","-1.01%"
"2016-08-18","11.910","11.820","11.910","11.780","1.02%"
"2016-08-17","11.790","11.900","11.900","11.775","-0.51%"
"2016-08-16","11.850","11.840","11.870","11.750","0.17%"
"2016-08-15","11.830","11.950","11.960","11.800","-0.59%"
"2016-08-14","11.900","11.900","11.900","11.900","0.00%"
"2016-08-13","11.900","11.900","11.900","11.900","0.00%"
"2016-08-12","11.900","12.070","12.070","11.810","-0.25%"
"2016-08-11","11.930","11.900","11.930","11.830","0.93%"
"2016-08-10","11.820","11.820","11.840","11.730","0.42%"
"2016-08-09","11.770","11.860","11.870","11.720","-0.84%"
"2016-08-08","11.870","11.840","11.900","11.800","0.42%"
"2016-08-06","11.820","11.820","11.820","11.820","0.00%"
"2016-08-05","11.820","11.810","11.860","11.750","-0.25%"
"2016-08-04","11.850","11.930","11.930","11.840","-1.00%"
"2016-08-03","11.970","12.020","12.090","11.930","0.34%"
"2016-08-02","11.930","11.850","11.980","11.810","0.51%"
"2016-08-01","11.870","11.810","11.870","11.770","0.34%"
"2016-07-29","11.830","11.920","11.950","11.790","-0.76%"
"2016-07-28","11.920","11.990","11.990","11.860","-0.25%"
"2016-07-27","11.950","12.030","12.050","11.925","-0.25%"
"2016-07-26","11.980","12.060","12.060","11.880","0.00%"
"2016-07-25","11.980","12.010","12.070","11.960","0.08%"
"2016-07-22","11.970","11.925","11.985","11.850","0.97%"
"2016-07-21","11.855","11.805","11.885","11.735","0.34%"
"2016-07-20","11.815","12.040","12.040","11.765","-1.50%"
"2016-07-19","11.995","12.030","12.030","11.900","0.38%"
"2016-07-18","11.950","12.100","12.130","11.870","-0.33%"
"2016-07-15","11.990","11.980","12.000","11.890","0.17%"
"2016-07-14","11.970","12.010","12.010","11.870","-0.25%"
"2016-07-13","12.000","12.150","12.160","11.970","-1.07%"
"2016-07-12","12.130","12.090","12.140","11.900","0.66%"
"2016-07-11","12.050","12.070","12.070","11.978","-0.41%"
"2016-07-08","12.100","12.180","12.240","12.020","-1.47%"
"2016-07-07","12.280","12.370","12.370","12.210","-0.32%"
"2016-07-06","12.320","12.480","12.480","12.270","0.41%"
"2016-07-05","12.270","12.310","12.310","12.070","1.66%"
"2016-07-04","12.070","12.260","12.270","12.030","-1.07%"
"2016-07-01","12.200","12.080","12.230","12.020","0.08%"
"2016-06-30","12.190","12.210","12.260","11.998","0.33%"
"2016-06-29","12.150","12.030","12.190","11.960","0.08%"
"2016-06-28","12.140","12.360","12.360","12.010","-1.06%"
"2016-06-27","12.270","12.470","12.470","12.250","-1.29%"
"2016-06-24","12.430","12.750","12.750","12.400","-0.08%"
"2016-06-23","12.440","12.550","12.560","12.400","-1.50%"
"2016-06-22","12.630","12.630","12.640","12.486","-0.16%"
"2016-06-21","12.650","12.680","12.700","12.550","-0.71%"
"2016-06-20","12.740","12.940","13.020","12.570","-0.20%"
"2016-06-17","12.765","12.780","12.800","12.710","-0.66%"
"2016-06-16","12.850","13.110","13.110","12.800","-0.08%"
"2016-06-15","12.860","12.770","12.970","12.670","0.70%"
"2016-06-14","12.770","12.790","12.840","12.640","0.47%"
"2016-06-13","12.710","12.750","12.830","12.410","0.32%"
"2016-06-10","12.670","12.560","12.710","12.490","1.85%"
"2016-06-09","12.440","12.550","12.550","12.340","0.24%"
"2016-06-08","12.410","12.360","12.470","12.340","-0.56%"
"2016-06-07","12.480","12.760","12.760","12.450","0.48%"
"2016-06-06","12.420","12.580","12.630","12.400","-1.27%"
"2016-06-03","12.580","12.930","12.930","12.550","-1.83%"
"2016-06-02","12.815","13.060","13.060","12.790","-1.50%"
"2016-06-01","13.010","13.020","13.140","12.930","-0.31%"
"2016-05-31","13.050","13.130","13.120","12.950","0.77%"
"2016-05-30","12.950","13.160","13.180","12.900","-1.30%"
"2016-05-27","13.120","13.270","13.270","12.950","1.47%"
"2016-05-25","12.930","12.870","13.120","12.740","0.86%"
"2016-05-24","12.820","13.300","13.300","12.670","-0.23%"
"2016-05-23","12.850","12.690","12.930","12.650","2.27%"
"2016-05-20","12.565","12.780","12.850","12.515","-1.33%"
"2016-05-19","12.735","12.950","13.020","12.720","-1.20%"
"2016-05-18","12.890","12.690","12.910","12.650","2.55%"
"2016-05-17","12.570","12.370","12.640","12.350","1.25%"
"2016-05-16","12.415","12.340","12.480","12.330","0.53%"
"2016-05-14","12.350","12.350","12.350","12.350","0.00%"
"2016-05-13","12.350","12.380","12.410","12.230","0.57%"
"2016-05-12","12.280","12.470","12.500","12.160","-0.97%"
"2016-05-11","12.400","12.500","12.550","12.220","-1.23%"
"2016-05-10","12.555","12.780","12.800","12.500","-2.03%"
"2016-05-09","12.815","12.760","13.330","12.660","1.30%"
"2016-05-06","12.650","12.700","12.740","12.600","0.32%"
"2016-05-05","12.610","13.090","13.090","12.570","-0.83%"
"2016-05-04","12.715","12.570","12.740","12.500","1.64%"
"2016-05-03","12.510","12.550","12.610","12.460","0.48%"
"2016-05-02","12.450","12.520","12.530","12.390","0.00%"
"2016-04-30","12.450","12.450","12.450","12.450","0.00%"
"2016-04-29","12.450","12.770","12.770","12.440","-2.54%"
"2016-04-28","12.775","12.700","12.780","12.490","1.31%"
"2016-04-27","12.610","12.800","12.830","12.540","-1.60%"
"2016-04-26","12.815","12.850","12.850","12.650","0.20%"
"2016-04-25","12.790","13.010","13.010","12.760","-1.01%"
"2016-04-22","12.920","13.020","13.070","12.910","-0.23%"
"2016-04-20","12.950","13.100","13.150","12.880","-0.23%"
"2016-04-19","12.980","12.990","12.990","12.780","0.15%"
"2016-04-18","12.960","12.670","12.990","12.670","-0.42%"
"2016-04-15","13.015","13.120","13.120","12.860","-0.31%"
"2016-04-14","13.055","13.160","13.300","12.960","-0.34%"
"2016-04-13","13.100","13.510","13.510","13.100","-2.89%"
"2016-04-12","13.490","13.630","13.670","13.420","-0.85%"
"2016-04-11","13.605","13.780","13.940","13.550","-1.59%"
"2016-04-08","13.825","14.360","14.360","13.770","-2.57%"
"2016-04-07","14.190","14.370","14.380","14.170","-0.21%"
"2016-04-06","14.220","14.210","14.440","14.130","1.21%"
"2016-04-05","14.050","14.110","14.140","14.050","-0.14%"
"2016-04-04","14.070","13.950","14.070","13.950","1.96%"
"2016-04-01","13.800","14.100","14.110","13.800","-1.43%"
"2016-03-31","14.000","13.820","14.000","13.813","2.41%"
"2016-03-30","13.670","13.600","13.670","13.553","0.29%"
"2016-03-29","13.630","13.780","13.802","13.630","-2.01%"
"2016-03-28","13.910","13.920","13.920","13.890","-1.24%"
"2016-03-24","14.085","14.160","14.160","14.085","0.36%"
"2016-03-23","14.035","13.900","14.035","13.870","2.37%"
"2016-03-22","13.710","13.790","14.120","13.710","-1.51%"
"2016-03-21","13.920","14.170","14.365","13.920","-1.07%"
"2016-03-18","14.070","14.200","14.200","14.041","-0.14%"
"2016-03-17","14.090","14.302","14.350","14.090","-3.92%"
"2016-03-16","14.665","15.090","15.090","14.640","-0.31%"
"2016-03-15","14.710","14.585","14.710","14.515","2.72%"
"2016-03-14","14.320","14.545","14.545","14.320","-0.14%"
"2016-03-11","14.340","14.495","14.495","14.340","-1.31%"
"2016-03-10","14.530","14.530","14.530","14.365","-0.27%"
"2016-03-09","14.570","14.670","14.670","14.525","-2.41%"
"2016-03-08","14.930","14.840","14.930","14.840","-0.20%"
"2016-03-07","14.960","14.830","15.020","14.774","2.05%"
"2016-03-04","14.660","14.535","14.660","14.535","-3.43%"
"2016-03-03","15.180","15.320","15.320","15.180","-2.13%"
"2016-03-02","15.510","15.620","15.620","15.510","-1.21%"
"2016-03-01","15.700","15.875","15.900","15.700","-1.47%"
"2016-02-29","15.935","15.910","16.010","15.800","-0.28%"
"2016-02-26","15.980","15.790","15.980","15.790","0.82%"
"2016-02-25","15.850","15.800","15.860","15.800","1.54%"
"2016-02-24","15.610","15.720","15.739","15.610","-0.13%"
"2016-02-23","15.630","15.490","15.630","15.460","0.71%"
"2016-02-22","15.520","15.520","15.520","15.520","-1.08%"
"2016-02-19","15.690","15.760","15.900","15.690","-1.26%"
"2016-02-18","15.890","15.950","15.950","15.816","-0.09%"
"2016-02-17","15.905","15.895","15.905","15.860","-1.15%"
"2016-02-16","16.090","15.950","16.090","15.910","0.44%"
"2016-02-15","16.020","16.020","16.020","15.950","-0.44%"
"2016-02-14","16.090","16.090","16.090","16.090","0.00%"
"2016-02-12","16.090","16.090","16.105","16.085","0.31%"
"2016-02-11","16.040","16.070","16.170","16.040","0.75%"
"2016-02-10","15.920","15.920","15.920","15.920","-1.14%"
"2016-02-05","16.104","16.185","16.185","16.104","0.40%"
"2016-02-04","16.040","15.660","16.040","15.660","1.20%"
"2016-02-03","15.850","16.000","16.000","15.850","-0.63%"
"2016-02-02","15.950","15.700","15.950","15.700","1.21%"
"2016-02-01","15.760","16.080","16.080","15.760","-1.50%"
"2016-01-29","16.000","16.060","16.060","15.980","-1.81%"
"2016-01-28","16.295","16.575","16.580","16.295","-1.36%"
"2016-01-27","16.520","16.485","16.520","16.455","0.27%"
"2016-01-26","16.475","16.730","16.730","16.475","-1.70%"
"2016-01-25","16.760","16.760","16.760","16.760","0.36%"
"2016-01-22","16.700","16.570","16.700","16.560","0.48%"
"2016-01-21","16.620","16.730","16.760","16.620","-0.06%"
"2016-01-20","16.630","16.700","16.703","16.580","1.12%"
"2016-01-19","16.445","16.393","16.470","16.393","1.04%"
"2016-01-18","16.275","16.340","16.340","16.275","-0.46%"
"2016-01-15","16.350","16.250","16.375","16.250","0.62%"
"2016-01-14","16.250","16.315","16.315","16.250","1.03%"
"2016-01-13","16.085","16.120","16.128","16.085","-0.62%"
"2016-01-12","16.185","16.170","16.185","16.115","0.00%"
"2016-01-11","16.185","16.170","16.185","16.085","-0.03%"
"2016-01-10","16.190","16.190","16.190","16.190","0.00%"
"2016-01-08","16.190","16.100","16.190","16.100","0.53%"
"2016-01-07","16.105","15.910","16.105","15.910","1.13%"
"2016-01-06","15.925","16.030","16.030","15.895","-0.78%"
"2016-01-05","16.050","16.390","16.390","16.040","-2.16%"
"2016-01-04","16.405","16.510","16.510","16.405","-0.52%"
"2015-12-31","16.490","16.490","16.490","16.490","0.00%"
"2015-12-30","16.490","16.460","16.490","16.360","0.49%"
"2015-12-29","16.410","16.385","16.410","16.353","0.46%"
"2015-12-28","16.335","16.319","16.335","16.319","-0.15%"
"2015-12-24","16.360","16.425","16.425","16.360","-0.40%"
"2015-12-23","16.425","16.380","16.425","16.290","0.15%"
"2015-12-22","16.400","16.360","16.400","16.305","0.12%"
"2015-12-21","16.380","16.220","16.380","16.140","1.46%"
"2015-12-18","16.145","16.120","16.205","16.010","1.29%"
"2015-12-17","15.940","16.075","16.075","15.930","-1.30%"
"2015-12-16","16.150","16.130","16.274","16.130","1.29%"
"2015-12-15","15.945","15.920","15.970","15.894","0.00%"
"2015-12-14","15.945","15.940","15.970","15.900","0.41%"
"2015-12-11","15.880","15.785","15.880","15.780","1.02%"
"2015-12-10","15.720","15.640","15.720","15.640","1.39%"
"2015-12-09","15.505","15.650","15.650","15.500","-1.15%"
"2015-12-08","15.685","15.720","15.720","15.620","0.74%"
"2015-12-07","15.570","15.535","15.575","15.525","-0.03%"
"2015-12-04","15.575","15.645","15.645","15.563","-0.67%"
"2015-12-03","15.680","15.465","15.680","15.445","0.51%"
"2015-12-02","15.600","15.635","15.635","15.593","-1.02%"
"2015-12-01","15.760","15.725","15.760","15.634","-0.35%"
"2015-11-30","15.815","15.860","15.860","15.800","0.35%"
"2015-11-27","15.760","15.610","15.760","15.580","1.22%"
"2015-11-26","15.570","15.570","15.595","15.552","0.65%"
"2015-11-25","15.470","15.460","15.470","15.400","1.64%"
"2015-11-24","15.220","15.140","15.220","15.140","0.33%"
"2015-11-23","15.170","15.190","15.219","15.170","-0.20%"
"2015-11-22","15.200","15.200","15.200","15.200","0.00%"
"2015-11-20","15.200","15.257","15.257","15.200","-0.37%"
"2015-11-19","15.257","15.350","15.350","15.257","-1.25%"
"2015-11-18","15.450","15.510","15.510","15.419","-0.39%"
"2015-11-17","15.510","15.515","15.520","15.450","0.13%"
"2015-11-16","15.490","15.510","15.510","15.417","-0.26%"
"2015-11-13","15.530","15.460","15.530","15.434","0.65%"
"2015-11-12","15.430","15.520","15.587","15.430","-0.42%"
"2015-11-11","15.495","15.510","15.510","15.415","-0.86%"
"2015-11-10","15.630","15.665","15.665","15.610","0.00%"
"2015-11-09","15.630","15.700","15.710","15.620","-0.32%"
"2015-11-06","15.680","15.620","15.763","15.620","0.97%"
"2015-11-05","15.530","15.510","15.600","15.510","-0.26%"
"2015-11-04","15.570","15.560","15.805","15.526","-0.83%"
"2015-11-03","15.700","15.900","15.900","15.700","-1.20%"
"2015-10-30","15.890","15.880","15.890","15.858","-0.09%"
"2015-10-29","15.905","15.800","15.940","15.800","0.51%"
"2015-10-28","15.825","15.670","15.825","15.670","0.76%"
"2015-10-27","15.705","15.880","15.880","15.680","-1.20%"
"2015-10-26","15.895","15.860","15.930","15.820","-0.34%"
"2015-10-23","15.950","15.810","15.950","15.810","0.82%"
"2015-10-22","15.820","15.730","15.820","15.730","0.19%"
"2015-10-21","15.790","15.880","15.930","15.790","-0.06%"
"2015-10-20","15.800","15.905","15.905","15.740","-0.25%"
"2015-10-19","15.840","15.889","15.905","15.840","0.19%"
"2015-10-18","15.810","15.810","15.810","15.810","0.00%"
"2015-10-16","15.810","15.725","15.825","15.725","0.25%"
"2015-10-15","15.770","15.880","15.903","15.770","-1.81%"
"2015-10-14","16.060","15.970","16.116","15.970","0.44%"
"2015-10-13","15.990","16.040","16.040","15.943","1.98%"
"2015-10-09","15.680","15.490","15.735","15.490","1.88%"
"2015-10-08","15.390","15.700","15.720","15.330","-1.16%"
"2015-10-07","15.570","15.230","15.620","15.200","2.13%"
"2015-10-06","15.245","15.405","15.405","15.245","0.10%"
"2015-10-05","15.230","15.210","15.370","15.210","0.00%"
"2015-10-03","15.230","15.230","15.230","15.230","0.00%"
"2015-10-02","15.230","15.455","15.455","15.230","-1.99%"
"2015-10-01","15.540","15.580","15.680","15.491","0.45%"
"2015-09-30","15.470","15.670","15.720","15.470","-3.79%"
"2015-09-29","16.080","15.870","16.080","15.870","0.16%"
"2015-09-28","16.055","16.055","16.055","16.055","-4.19%"
"2015-09-27","16.757","16.757","16.757","16.757","5.36%"
"2015-09-25","15.905","16.017","16.017","15.905","-5.08%"
"2015-09-24","16.757","16.757","16.757","16.757","-0.55%"
"2015-09-23","16.850","16.340","16.850","16.340","3.69%"
"2015-09-22","16.250","16.240","16.250","16.155","2.01%"
"2015-09-21","15.930","16.080","16.220","15.930","0.25%"
"2015-09-18","15.890","15.520","15.890","15.450","3.42%"
"2015-09-17","15.365","15.500","15.500","15.365","1.29%"
"2015-09-16","15.170","15.081","15.220","15.081","0.13%"
"2015-09-15","15.150","15.265","15.265","15.150","-0.30%"
"2015-09-14","15.195","15.285","15.290","15.190","-0.75%"
"2015-09-11","15.310","15.220","15.333","15.220","-0.46%"
"2015-09-10","15.380","15.340","15.380","15.340","2.77%"
"2015-09-09","14.965","14.950","14.970","14.870","-0.10%"
"2015-09-08","14.980","14.860","14.980","14.860","-1.22%"
"2015-09-05","15.165","15.165","15.165","15.165","0.00%"
"2015-09-04","15.165","15.000","15.165","14.930","2.64%"
"2015-09-03","14.775","14.990","15.050","14.710","-0.14%"
"2015-09-02","14.795","14.720","14.860","14.720","1.65%"
"2015-09-01","14.555","14.295","14.570","14.290","1.93%"
"2015-08-31","14.280","14.268","14.280","14.268","2.99%"
"2015-08-28","13.865","13.910","14.060","13.785","-0.50%"
"2015-08-27","13.935","13.935","13.935","13.910","-0.32%"
"2015-08-26","13.980","14.150","14.160","13.955","-1.31%"
"2015-08-25","14.165","14.150","14.180","14.045","0.00%"
"2015-08-24","14.165","14.260","14.260","14.138","1.43%"
"2015-08-22","13.965","13.965","13.965","13.965","0.00%"
"2015-08-21","13.965","13.935","13.965","13.875","1.12%"
"2015-08-20","13.810","13.860","13.860","13.790","0.47%"
"2015-08-19","13.745","13.755","13.755","13.715","0.40%"
"2015-08-18","13.690","13.665","13.690","13.620","0.00%"
"2015-08-17","13.690","13.565","13.690","13.565","0.92%"
"2015-08-15","13.565","13.565","13.565","13.565","0.00%"
"2015-08-14","13.565","13.500","13.565","13.435","0.30%"
"2015-08-13","13.525","13.450","13.620","13.450","0.37%"
"2015-08-12","13.475","13.615","13.615","13.450","-1.50%"
"2015-08-11","13.680","13.690","13.885","13.680","-0.22%"
"2015-08-10","13.710","13.800","13.800","13.670","-0.80%"
"2015-08-08","13.820","13.820","13.820","13.820","0.00%"
"2015-08-07","13.820","13.800","13.885","13.783","0.44%"
"2015-08-06","13.760","13.610","13.773","13.610","2.99%"
"2015-08-05","13.360","13.160","13.360","13.160","1.33%"
"2015-08-04","13.185","13.020","13.290","13.020","0.00%"
"2015-08-03","13.185","12.960","13.185","12.960","1.58%"
"2015-08-01","12.980","12.980","12.980","12.980","0.00%"
"2015-07-31","12.980","12.990","12.990","12.936","-0.23%"
"2015-07-30","13.010","13.015","13.015","12.981","-1.18%"
"2015-07-29","13.165","13.070","13.165","13.010","0.53%"
"2015-07-28","13.095","12.985","13.180","12.985","0.15%"
"2015-07-27","13.075","13.080","13.080","13.065","-0.23%"
"2015-07-25","13.105","13.105","13.105","13.105","0.00%"
"2015-07-24","13.105","13.230","13.230","13.105","0.34%"
"2015-07-23","13.060","13.010","13.060","13.010","4.73%"
"2015-07-22","12.470","12.330","12.520","12.330","1.01%"
"2015-07-21","12.345","12.510","12.510","12.330","-1.48%"
"2015-07-20","12.530","12.590","12.590","12.521","-0.56%"
"2015-07-18","12.600","12.600","12.600","12.600","0.00%"
"2015-07-17","12.600","12.630","12.635","12.600","0.00%"
"2015-07-16","12.600","12.540","12.600","12.535","0.56%"
"2015-07-15","12.530","12.620","12.630","12.530","-0.48%"
"2015-07-14","12.590","12.590","12.590","12.545","-0.16%"
"2015-07-13","12.610","12.600","12.638","12.600","-0.08%"
"2015-07-10","12.620","12.650","12.650","12.605","-0.16%"
"2015-07-09","12.640","12.660","12.660","12.640","-0.16%"
"2015-07-08","12.660","12.590","12.660","12.585","0.40%"
"2015-07-07","12.610","12.655","12.686","12.610","-0.16%"
"2015-07-06","12.630","12.510","12.630","12.510","0.80%"
"2015-07-03","12.530","12.500","12.550","12.495","0.08%"
"2015-07-02","12.520","12.590","12.600","12.520","-1.26%"
"2015-07-01","12.680","12.610","12.680","12.610","0.40%"
"2015-06-30","12.630","12.590","12.630","12.590","-0.12%"
"2015-06-29","12.645","12.740","12.740","12.589","0.48%"
"2015-06-26","12.585","12.605","12.605","12.585","-0.98%"
"2015-06-25","12.710","12.705","12.740","12.665","1.27%"
"2015-06-24","12.550","12.510","12.565","12.510","0.12%"
"2015-06-23","12.535","12.500","12.565","12.500","-0.04%"
"2015-06-22","12.540","12.565","12.590","12.540","-0.63%"
"2015-06-20","12.620","12.620","12.620","12.620","0.00%"
"2015-06-19","12.620","12.610","12.640","12.570","0.32%"
"2015-06-18","12.580","12.650","12.650","12.561","-0.71%"
"2015-06-17","12.670","12.720","12.775","12.640","-0.51%"
"2015-06-16","12.735","12.740","12.750","12.680","-0.35%"
"2015-06-15","12.780","12.600","12.780","12.600","1.43%"
"2015-06-12","12.600","12.470","12.705","12.470","-0.83%"
"2015-06-11","12.705","12.660","12.720","12.660","0.16%"
"2015-06-10","12.685","12.470","12.720","12.470","1.85%"
"2015-06-09","12.455","12.455","12.485","12.455","-0.04%"
"2015-06-08","12.460","12.425","12.460","12.425","-0.76%"
"2015-06-07","12.555","12.555","12.555","12.555","0.00%"
"2015-06-05","12.555","12.615","12.615","12.545","0.76%"
"2015-06-03","12.460","12.370","12.495","12.370","0.61%"
"2015-06-02","12.385","12.280","12.440","12.280","0.61%"
"2015-06-01","12.310","12.205","12.310","12.205","0.45%"
"2015-05-30","12.255","12.255","12.255","12.255","0.00%"
"2015-05-29","12.255","12.220","12.255","12.220","-0.20%"
"2015-05-28","12.280","12.410","12.480","12.280","-0.89%"
"2015-05-27","12.390","12.330","12.445","12.330","1.14%"
"2015-05-26","12.250","12.270","12.371","12.250","-0.20%"
"2015-05-25","12.275","12.330","12.330","12.270","-0.57%"
"2015-05-22","12.345","12.440","12.440","12.297","-0.24%"
"2015-05-21","12.375","12.400","12.470","12.290","-0.32%"
"2015-05-20","12.415","12.530","12.530","12.400","-1.08%"
"2015-05-19","12.550","12.630","12.630","12.510","-0.24%"
"2015-05-18","12.580","12.440","12.590","12.440","0.96%"
"2015-05-16","12.460","12.460","12.460","12.460","0.00%"
"2015-05-15","12.460","12.570","12.570","12.460","-1.03%"
"2015-05-14","12.590","12.720","12.727","12.590","-1.14%"
"2015-05-13","12.735","12.780","12.780","12.698","-0.47%"
"2015-05-12","12.795","12.830","12.880","12.795","0.12%"
"2015-05-11","12.780","12.670","12.780","12.670","0.71%"
"2015-05-09","12.690","12.690","12.690","12.690","0.00%"
"2015-05-08","12.690","12.880","12.880","12.690","-1.78%"
"2015-05-07","12.920","12.940","13.000","12.915","-0.31%"
"2015-05-06","12.960","12.900","13.015","12.900","0.23%"
"2015-05-05","12.930","12.840","12.930","12.840","0.19%"
"2015-05-04","12.905","12.780","12.920","12.780","0.82%"
"2015-04-30","12.800","12.750","12.890","12.750","1.07%"
"2015-04-29","12.665","12.650","12.685","12.630","-0.08%"
"2015-04-28","12.675","12.610","12.675","12.610","0.28%"
"2015-04-27","12.640","12.650","12.650","12.540","-0.20%"
"2015-04-24","12.665","12.625","12.665","12.625","0.56%"
"2015-04-23","12.595","12.570","12.735","12.570","0.00%"
"2015-04-22","12.595","12.575","12.610","12.570","-0.47%"
"2015-04-20","12.655","12.585","12.655","12.565","0.36%"
"2015-04-17","12.610","12.710","12.710","12.575","0.16%"
"2015-04-16","12.590","12.490","12.650","12.490","0.64%"
"2015-04-15","12.510","12.490","12.850","12.455","0.00%"
"2015-04-14","12.510","12.530","12.530","12.475","-1.03%"
"2015-04-13","12.640","12.505","12.640","12.505","0.80%"
"2015-04-10","12.540","12.520","12.540","12.520","-0.87%"
"2015-04-09","12.650","12.560","12.650","12.410","0.56%"
"2015-04-08","12.580","12.765","12.765","12.530","-1.37%"
"2015-04-07","12.755","12.770","12.770","12.700","0.16%"
"2015-04-06","12.735","12.830","12.830","12.678","-0.89%"
"2015-04-02","12.850","12.840","12.940","12.840","-0.04%"
"2015-04-01","12.855","12.910","12.940","12.835","-1.53%"
"2015-03-31","13.055","13.025","13.170","13.025","-0.50%"
"2015-03-30","13.120","13.300","13.320","13.105","-0.83%"
"2015-03-27","13.230","13.160","13.230","13.160","0.11%"
"2015-03-26","13.215","13.125","13.225","13.125","1.15%"
"2015-03-25","13.065","13.160","13.160","13.040","-0.42%"
"2015-03-24","13.120","13.055","13.120","13.050","-0.04%"
"2015-03-23","13.125","13.190","13.190","13.090","-0.38%"
"2015-03-20","13.175","13.100","13.175","13.100","-0.94%"
"2015-03-19","13.300","13.045","13.300","13.045","2.23%"
"2015-03-18","13.010","13.130","13.163","12.980","-0.95%"
"2015-03-17","13.135","13.380","13.380","13.135","-2.05%"
"2015-03-16","13.410","13.410","13.410","13.410","-0.19%"
"2015-03-13","13.435","13.411","13.595","13.411","0.49%"
"2015-03-12","13.370","13.130","13.370","13.130","1.25%"
"2015-03-11","13.205","13.220","13.220","13.014","-0.11%"
"2015-03-10","13.220","13.310","13.310","13.220","-0.97%"
"2015-03-09","13.350","13.225","13.350","13.225","2.81%"
"2015-03-06","12.985","12.820","12.990","12.820","1.05%"
"2015-03-05","12.850","12.800","12.890","12.800","0.67%"
"2015-03-04","12.765","12.765","12.765","12.765","1.55%"
"2015-03-03","12.570","12.505","12.605","12.470","0.88%"
"2015-03-02","12.460","12.320","12.470","12.300","0.24%"
"2015-02-27","12.430","12.440","12.440","12.387","-1.74%"
"2015-02-26","12.650","12.830","12.830","12.550","-0.51%"
"2015-02-25","12.715","12.770","12.770","12.715","0.71%"
"2015-02-24","12.625","12.625","12.625","12.625","-1.29%"
"2015-02-23","12.790","12.950","12.955","12.790","-1.27%"
"2015-02-21","12.955","12.955","12.955","12.955","0.00%"
"2015-02-20","12.955","12.960","12.960","12.955","0.97%"
"2015-02-19","12.830","12.745","12.830","12.745","0.47%"
"2015-02-18","12.770","12.680","12.770","12.572","1.43%"
"2015-02-13","12.590","12.560","12.610","12.540","0.08%"
"2015-02-12","12.580","12.660","12.660","12.540","-1.87%"
"2015-02-11","12.820","12.770","12.870","12.590","1.02%"
"2015-02-10","12.690","12.670","12.810","12.590","0.63%"
"2015-02-09","12.610","12.500","12.610","12.460","1.04%"
"2015-02-06","12.480","12.420","12.480","12.290","0.97%"
"2015-02-05","12.360","12.180","12.360","12.180","1.27%"
"2015-02-04","12.205","12.040","12.205","12.020","0.78%"
"2015-02-03","12.110","12.180","12.250","12.080","-0.57%"
"2015-02-02","12.180","11.950","12.180","11.915","1.75%"
"2015-02-01","11.970","11.970","11.970","11.970","0.00%"
"2015-01-30","11.970","11.955","12.010","11.830","1.01%"
"2015-01-29","11.850","11.810","11.875","11.810","0.34%"
"2015-01-28","11.810","11.820","11.910","11.810","0.30%"
"2015-01-27","11.775","11.760","11.870","11.760","-0.04%"
"2015-01-26","11.780","11.770","11.835","11.700","0.34%"
"2015-01-23","11.740","11.880","11.902","11.690","-1.51%"
"2015-01-22","11.920","11.890","11.920","11.815","1.27%"
"2015-01-21","11.770","11.890","11.950","11.770","-0.93%"
"2015-01-20","11.880","12.030","12.165","11.870","-2.34%"
"2015-01-19","12.165","12.030","12.165","12.030","1.12%"
"2015-01-16","12.030","12.090","12.160","12.010","-1.07%"
"2015-01-15","12.160","12.280","12.280","12.160","-0.65%"
"2015-01-14","12.240","12.260","12.260","12.080","-0.16%"
"2015-01-13","12.260","12.290","12.310","12.170","-0.33%"
"2015-01-12","12.300","12.170","12.344","12.170","0.94%"
"2015-01-09","12.185","12.370","12.370","12.180","-1.26%"
"2015-01-08","12.340","12.360","12.420","12.220","-0.28%"
"2015-01-07","12.375","12.250","12.375","12.250","1.02%"
"2015-01-06","12.250","12.360","12.360","12.225","-0.24%"
"2015-01-05","12.280","12.360","12.420","12.260","-0.45%"
"2015-01-02","12.335","12.400","12.400","12.310","-0.72%"
"2014-12-31","12.425","12.425","12.425","12.425","0.00%"
"2014-12-30","12.425","12.420","12.425","12.420","0.12%"
"2014-12-28","12.410","12.410","12.410","12.410","0.00%"
"2014-12-26","12.410","12.500","12.500","12.410","-0.72%"
"2014-12-24","12.500","12.480","12.500","12.480","0.16%"
"2014-12-23","12.480","12.400","12.480","12.400","-0.56%"
"2014-12-22","12.550","12.550","12.550","12.550","-0.16%"
"2014-12-19","12.570","12.610","12.610","12.552","-0.44%"
"2014-12-18","12.625","12.580","12.760","12.580","-1.67%"
"2014-12-17","12.840","12.810","12.860","12.710","0.39%"
"2014-12-16","12.790","12.580","12.790","12.580","0.71%"
"2014-12-15","12.700","12.580","12.700","12.580","0.51%"
"2014-12-14","12.635","12.635","12.635","12.635","0.00%"
"2014-12-12","12.635","12.690","12.710","12.510","0.36%"
"2014-12-11","12.590","12.540","12.770","12.540","0.64%"
"2014-12-10","12.510","12.300","12.510","12.250","1.87%"
"2014-12-09","12.280","12.190","12.290","12.130","0.57%"
"2014-12-08","12.210","12.067","12.220","12.040","0.83%"
"2014-12-05","12.110","12.000","12.250","12.000","0.58%"
"2014-12-04","12.040","12.120","12.224","12.040","0.25%"
"2014-12-03","12.010","12.010","12.030","12.000","-0.08%"
"2014-12-02","12.020","11.980","12.030","11.900","1.26%"
"2014-12-01","11.870","11.870","11.960","11.800","0.38%"
"2014-11-30","11.825","11.825","11.825","11.825","0.00%"
"2014-11-28","11.825","11.885","11.965","11.810","-0.50%"
"2014-11-27","11.885","12.030","12.030","11.885","-0.63%"
"2014-11-26","11.960","12.020","12.020","11.785","-0.79%"
"2014-11-25","12.055","12.075","12.075","11.880","0.00%"
"2014-11-24","12.055","12.015","12.195","11.985","-2.86%"
"2014-11-21","12.410","12.745","12.745","12.360","-2.67%"
"2014-11-20","12.750","12.750","12.750","12.750","-0.23%"
"2014-11-19","12.780","12.870","13.000","12.685","-1.26%"
"2014-11-18","12.943","13.080","13.090","12.940","-0.40%"
"2014-11-17","12.995","13.010","13.050","12.850","0.36%"
"2014-11-16","12.948","12.948","12.948","12.948","0.00%"
"2014-11-14","12.948","13.120","13.180","12.880","-0.09%"
"2014-11-13","12.960","12.920","13.100","12.920","0.47%"
"2014-11-12","12.900","12.800","12.900","12.710","0.58%"
"2014-11-11","12.825","12.630","12.835","12.630","1.42%"
"2014-11-10","12.645","12.616","12.660","12.555","-0.24%"
"2014-11-07","12.675","12.880","12.890","12.630","-0.35%"
"2014-11-06","12.720","12.340","12.720","12.340","3.50%"
"2014-11-05","12.290","12.390","12.410","12.270","-0.69%"
"2014-11-04","12.375","12.170","12.380","12.170","1.35%"
"2014-11-03","12.210","12.070","12.210","12.070","1.16%"
"2014-10-31","12.070","12.215","12.240","12.030","-1.19%"
"2014-10-30","12.215","12.233","12.270","12.020","-1.21%"
"2014-10-29","12.365","12.130","12.460","12.080","1.60%"
"2014-10-28","12.170","12.400","12.400","12.160","-2.56%"
"2014-10-27","12.490","12.260","12.870","12.260","3.31%"
"2014-10-24","12.090","12.275","12.350","11.960","-1.14%"
"2014-10-23","12.230","12.195","12.370","12.070","1.12%"
"2014-10-22","12.095","12.115","12.155","11.975","1.09%"
"2014-10-21","11.965","11.940","11.985","11.865","2.57%"
"2014-10-20","11.665","11.590","11.665","11.590","1.74%"
"2014-10-17","11.465","11.455","11.465","11.455","-1.55%"
"2014-10-16","11.645","11.650","11.790","11.640","0.39%"
"2014-10-15","11.600","11.540","11.680","11.470","2.75%"
"2014-10-14","11.290","11.215","11.370","11.210","0.85%"
"2014-10-13","11.195","11.530","11.530","11.195","-3.24%"
"2014-10-10","11.570","11.540","11.595","11.470","0.52%"
"2014-10-09","11.510","11.405","11.520","11.405","0.04%"
"2014-10-08","11.505","11.495","11.699","11.485","-0.69%"
"2014-10-07","11.585","11.600","11.710","11.540","-1.91%"
"2014-10-06","11.810","11.730","11.890","11.665","-3.04%"
"2014-10-03","12.180","12.440","12.440","12.140","-2.17%"
"2014-10-02","12.450","12.460","12.570","12.405","-0.64%"
"2014-10-01","12.530","12.425","12.530","12.275","1.54%"
"2014-09-30","12.340","12.460","12.460","12.320","4.40%"
"2014-09-29","11.820","11.820","11.820","11.820","-0.51%"
"2014-09-27","11.880","11.880","11.880","11.880","0.00%"
"2014-09-26","11.880","12.070","12.110","11.870","0.55%"
"2014-09-25","11.815","11.755","11.850","11.750","0.42%"
"2014-09-24","11.765","11.985","12.010","11.765","-1.26%"
"2014-09-23","11.915","11.895","12.055","11.790","0.25%"
"2014-09-22","11.885","11.580","11.940","11.580","2.55%"
"2014-09-19","11.590","11.510","11.680","11.510","-0.22%"
"2014-09-18","11.615","11.600","11.650","11.460","1.18%"
"2014-09-17","11.480","11.450","11.540","11.350","0.00%"
"2014-09-16","11.480","11.630","11.635","11.360","-1.16%"
"2014-09-15","11.615","11.730","11.790","11.615","-1.73%"
"2014-09-13","11.820","11.820","11.820","11.820","0.00%"
"2014-09-12","11.820","11.370","11.820","11.370","3.41%"
"2014-09-11","11.430","11.510","11.510","11.330","-1.04%"
"2014-09-10","11.550","11.420","11.705","11.420","1.01%"
"2014-09-09","11.435","11.320","11.470","11.320","0.75%"
"2014-09-08","11.350","11.070","11.390","11.060","1.52%"
"2014-09-05","11.180","11.100","11.200","11.070","0.27%"
"2014-09-04","11.150","11.170","11.250","11.040","-0.27%"
"2014-09-03","11.180","10.940","11.180","10.910","2.29%"
"2014-09-02","10.930","11.050","11.190","10.870","-1.26%"
"2014-09-01","11.070","11.180","11.180","11.070","-1.29%"
"2014-08-31","11.215","11.215","11.215","11.215","0.00%"
"2014-08-29","11.215","11.270","11.340","11.180","-0.58%"
"2014-08-28","11.280","11.335","11.335","11.125","-0.92%"
"2014-08-27","11.385","11.445","11.600","11.385","-1.30%"
"2014-08-26","11.535","11.600","11.600","11.480","-0.73%"
"2014-08-25","11.620","11.675","11.676","11.555","-0.56%"
"2014-08-22","11.685","11.890","11.890","11.675","-1.56%"
"2014-08-21","11.870","11.835","11.880","11.700","1.50%"
"2014-08-20","11.695","11.625","11.725","11.615","0.43%"
"2014-08-19","11.645","11.620","11.730","11.610","0.13%"
"2014-08-18","11.630","11.710","11.720","11.570","-0.85%"
"2014-08-15","11.730","11.960","11.960","11.730","-1.96%"
"2014-08-14","11.965","12.035","12.055","11.955","-0.91%"
"2014-08-13","12.075","11.935","12.080","11.890","1.00%"
"2014-08-12","11.955","11.950","11.975","11.885","-0.13%"
"2014-08-11","11.970","12.000","12.005","11.925","-1.36%"
"2014-08-10","12.135","12.135","12.135","12.135","0.00%"
"2014-08-08","12.135","12.125","12.215","11.995","0.25%"
"2014-08-07","12.105","12.065","12.150","11.985","0.33%"
"2014-08-06","12.065","12.215","12.250","12.065","-1.19%"
"2014-08-05","12.210","12.110","12.280","12.020","1.24%"
"2014-08-04","12.060","12.100","12.165","12.035","-0.99%"
"2014-08-02","12.180","12.180","12.180","12.180","0.00%"
"2014-08-01","12.180","12.100","12.180","12.005","1.33%"
"2014-07-31","12.020","11.910","12.080","11.910","0.67%"
"2014-07-30","11.940","11.850","11.957","11.850","1.10%"
"2014-07-29","11.810","11.745","11.810","11.720","0.55%"
"2014-07-28","11.745","11.670","11.750","11.670","0.38%"
"2014-07-27","11.700","11.700","11.700","11.700","0.00%"
"2014-07-25","11.700","11.680","11.790","11.680","0.00%"
"2014-07-24","11.700","11.630","11.750","11.620","0.43%"
"2014-07-23","11.650","11.565","11.650","11.565","0.95%"
"2014-07-22","11.540","11.565","11.650","11.514","-1.11%"
"2014-07-21","11.670","11.780","11.780","11.670","-1.10%"
"2014-07-20","11.800","11.800","11.800","11.800","0.00%"
"2014-07-18","11.800","11.860","11.865","11.800","-1.46%"
"2014-07-17","11.975","11.960","12.020","11.930","0.13%"
"2014-07-16","11.960","12.080","12.080","11.960","-0.66%"
"2014-07-15","12.040","12.110","12.140","12.030","-0.12%"
"2014-07-14","12.055","12.100","12.130","12.055","-0.82%"
"2014-07-12","12.155","12.155","12.155","12.155","0.00%"
"2014-07-11","12.155","12.120","12.155","12.120","0.12%"
"2014-07-10","12.140","12.030","12.140","12.030","0.41%"
"2014-07-09","12.090","12.040","12.090","12.040","0.42%"
"2014-07-08","12.040","11.990","12.040","11.990","0.33%"
"2014-07-07","12.000","12.030","12.078","11.987","-0.66%"
"2014-07-04","12.080","12.020","12.080","12.020","0.33%"
"2014-07-03","12.040","12.100","12.140","12.040","-0.25%"
"2014-07-02","12.070","12.050","12.200","12.030","0.50%"
"2014-07-01","12.010","12.200","12.280","12.010","-1.52%"
"2014-06-30","12.195","12.160","12.300","12.160","0.29%"
"2014-06-27","12.160","11.980","12.210","11.980","1.80%"
"2014-06-26","11.945","12.020","12.110","11.945","-0.46%"
"2014-06-25","12.000","12.020","12.020","11.890","0.13%"
"2014-06-24","11.985","12.030","12.055","11.954","-0.22%"
"2014-06-23","12.012","12.010","12.012","12.000","-0.32%"
"2014-06-20","12.050","11.950","12.110","11.950","0.63%"
"2014-06-18","11.975","12.070","12.200","11.975","-1.92%"
"2014-06-17","12.210","11.840","12.220","11.840","1.50%"
"2014-06-16","12.030","11.840","12.040","11.840","1.48%"
"2014-06-13","11.855","11.970","12.000","11.846","-1.13%"
"2014-06-12","11.990","11.970","11.990","11.970","0.17%"
"2014-06-11","11.970","11.980","12.120","11.958","-0.87%"
"2014-06-10","12.075","12.220","12.220","12.050","-1.11%"
"2014-06-09","12.210","12.010","12.250","12.010","1.41%"
"2014-06-06","12.040","12.260","12.260","11.970","-1.95%"
"2014-06-05","12.280","12.330","12.355","12.270","-0.61%"
"2014-06-04","12.355","12.390","12.485","12.355","0.08%"
"2014-06-03","12.345","12.450","12.450","12.065","0.98%"
"2014-06-02","12.225","12.080","12.285","12.080","0.99%"
"2014-05-30","12.105","12.150","12.230","12.105","-0.41%"
"2014-05-29","12.155","12.410","12.410","12.130","-1.74%"
"2014-05-28","12.370","12.460","12.460","12.370","-0.44%"
"2014-05-27","12.425","12.410","12.425","12.385","0.93%"
"2014-05-26","12.310","12.300","12.323","12.300","-0.16%"
"2014-05-25","12.330","12.330","12.330","12.330","0.00%"
"2014-05-23","12.330","12.340","12.340","12.300","0.33%"
"2014-05-22","12.290","12.280","12.300","12.265","-0.08%"
"2014-05-21","12.300","12.350","12.490","12.270","-0.77%"
"2014-05-20","12.395","12.465","12.465","12.370","-0.04%"
"2014-05-19","12.400","12.400","12.400","12.379","-0.16%"
"2014-05-16","12.420","12.430","12.430","12.360","-0.20%"
"2014-05-15","12.445","12.420","12.520","12.415","0.61%"
"2014-05-14","12.370","12.500","12.540","12.370","0.32%"
"2014-05-13","12.330","12.340","12.440","12.280","-0.08%"
"2014-05-12","12.340","12.200","12.430","12.200","0.41%"
"2014-05-09","12.290","12.380","12.380","12.130","0.00%"
"2014-05-08","12.290","12.180","12.330","12.180","0.82%"
"2014-05-07","12.190","12.370","12.370","12.150","-0.57%"
"2014-05-06","12.260","12.480","12.480","12.200","-1.29%"
"2014-05-05","12.420","12.350","12.460","12.330","0.24%"
"2014-05-03","12.390","12.390","12.390","12.390","0.00%"
"2014-05-02","12.390","12.500","12.630","12.350","-0.40%"
"2014-04-30","12.440","12.530","12.600","12.420","-0.48%"
"2014-04-29","12.500","12.470","12.560","12.440","0.24%"
"2014-04-28","12.470","12.450","12.650","12.430","0.16%"
"2014-04-25","12.450","12.480","12.500","12.360","0.00%"
"2014-04-24","12.450","12.560","12.560","12.400","-0.54%"
"2014-04-23","12.518","12.710","12.710","12.460","-0.89%"
"2014-04-22","12.630","12.620","12.740","12.580","-0.08%"
"2014-04-17","12.640","12.640","12.860","12.610","-0.86%"
"2014-04-16","12.750","12.670","12.780","12.640","0.47%"
"2014-04-15","12.690","12.760","12.780","12.660","0.08%"
"2014-04-14","12.680","12.620","12.700","12.520","1.12%"
"2014-04-11","12.540","12.650","12.670","12.540","-0.24%"
"2014-04-10","12.570","12.480","12.650","12.400","1.21%"
"2014-04-09","12.420","12.380","12.620","12.380","-0.08%"
"2014-04-08","12.430","12.560","12.560","12.260","-1.19%"
"2014-04-07","12.580","12.660","12.700","12.560","-1.10%"
"2014-04-04","12.720","12.850","12.850","12.620","-0.70%"
"2014-04-03","12.810","12.710","12.960","12.680","0.55%"
"2014-04-02","12.740","12.950","12.950","12.730","-0.55%"
"2014-04-01","12.810","12.850","12.930","12.780","0.08%"
"2014-03-31","12.800","12.720","12.825","12.690","0.79%"
"2014-03-28","12.700","12.630","12.760","12.550","1.20%"
"2014-03-27","12.550","12.760","12.850","12.550","-1.95%"
"2014-03-26","12.800","12.875","12.960","12.690","-0.54%"
"2014-03-25","12.870","13.050","13.160","12.870","-1.15%"
"2014-03-24","13.020","13.140","13.140","13.020","-0.95%"
"2014-03-21","13.145","13.230","13.230","13.100","-0.34%"
"2014-03-20","13.190","13.200","13.300","13.120","0.08%"
"2014-03-19","13.180","13.170","13.240","12.980","0.92%"
"2014-03-18","13.060","13.120","13.200","12.980","0.54%"
"2014-03-17","12.990","12.850","13.070","12.850","1.09%"
"2014-03-14","12.850","12.960","13.060","12.850","-0.46%"
"2014-03-13","12.910","12.800","12.950","12.790","0.31%"
"2014-03-12","12.870","13.160","13.160","12.830","0.00%"
"2014-03-11","12.870","12.940","12.948","12.775","-0.39%"
"2014-03-10","12.920","12.970","12.998","12.840","0.54%"
"2014-03-09","12.850","12.850","12.850","12.850","0.00%"
"2014-03-07","12.850","12.880","12.960","12.770","0.55%"
"2014-03-06","12.780","12.690","12.860","12.690","0.71%"
"2014-03-05","12.690","12.670","12.750","12.620","-0.08%"
"2014-02-28","12.700","12.470","12.750","12.400","2.17%"
"2014-02-27","12.430","12.575","12.705","12.420","-0.88%"
"2014-02-26","12.540","12.760","12.760","12.540","-1.10%"
"2014-02-25","12.680","12.740","12.790","12.610","-0.47%"
"2014-02-24","12.740","12.800","12.870","12.720","-0.39%"
"2014-02-21","12.790","12.960","13.020","12.770","-1.08%"
"2014-02-20","12.930","13.110","13.220","12.930","-1.37%"
"2014-02-19","13.110","13.000","13.200","13.000","0.15%"
"2014-02-18","13.090","13.140","13.230","13.000","0.00%"
"2014-02-17","13.090","13.160","13.160","13.070","-0.30%"
"2014-02-14","13.130","13.220","13.230","13.090","-0.45%"
"2014-02-13","13.190","13.370","13.450","13.180","-1.20%"
"2014-02-12","13.350","13.320","13.450","13.250","0.53%"
"2014-02-11","13.280","13.250","13.380","13.160","0.76%"
"2014-02-10","13.180","13.170","13.290","13.170","0.08%"
"2014-02-07","13.170","13.190","13.320","13.090","-0.38%"
"2014-02-06","13.220","13.280","13.340","13.140","-0.45%"
"2014-02-05","13.280","13.390","13.420","13.200","-0.81%"
"2014-02-04","13.388","13.500","13.520","13.320","-0.83%"
"2014-02-03","13.500","13.400","13.580","13.380","0.75%"
"2014-01-31","13.400","13.300","13.550","13.290","0.45%"
"2014-01-30","13.340","13.340","13.500","13.240","-0.15%"
"2014-01-29","13.360","13.300","13.520","13.270","0.30%"
"2014-01-28","13.320","13.220","13.360","13.160","0.76%"
"2014-01-27","13.220","13.060","13.300","13.050","1.23%"
"2014-01-24","13.060","13.210","13.490","13.030","-1.14%"
"2014-01-23","13.210","13.010","13.280","12.980","0.99%"
"2014-01-22","13.080","13.100","13.120","13.000","0.31%"
"2014-01-21","13.040","12.960","13.090","12.960","0.62%"
"2014-01-20","12.960","12.870","13.000","12.860","0.86%"
"2014-01-17","12.850","13.000","13.060","12.840","-0.93%"
"2014-01-16","12.970","13.060","13.200","12.930","-0.15%"
"2014-01-15","12.990","13.130","13.150","12.990","-0.69%"
"2014-01-14","13.080","12.990","13.170","12.945","0.77%"
"2014-01-13","12.980","13.100","13.120","12.945","-0.92%"
"2014-01-10","13.100","13.220","13.370","13.080","-1.06%"
"2014-01-09","13.240","13.250","13.400","13.220","-0.08%"
"2014-01-08","13.250","13.080","13.280","13.080","1.22%"
"2014-01-07","13.090","13.140","13.160","13.060","-0.30%"
"2014-01-06","13.130","13.120","13.200","13.115","0.08%"
"2014-01-03","13.120","13.160","13.270","13.115","-0.68%"
"2014-01-02","13.210","13.320","13.380","13.156","0.00%"
"2013-12-31","13.210","13.210","13.210","13.210","0.00%"
"2013-12-30","13.210","13.190","13.220","13.100","0.76%"
"2013-12-27","13.110","13.330","13.330","13.110","-0.83%"
"2013-12-26","13.220","13.180","13.350","13.140","0.30%"
"2013-12-25","13.180","13.180","13.180","13.180","0.00%"
"2013-12-24","13.180","13.180","13.180","13.180","0.00%"
"2013-12-23","13.180","13.240","13.250","13.090","-0.08%"
"2013-12-20","13.190","12.950","13.220","12.945","1.81%"
"2013-12-19","12.956","12.690","13.010","12.690","2.10%"
"2013-12-18","12.690","12.800","12.920","12.690","-0.70%"
"2013-12-17","12.780","12.760","12.810","12.670","0.24%"
"2013-12-16","12.750","12.820","12.820","12.720","-0.31%"
"2013-12-14","12.790","12.790","12.790","12.790","0.00%"
"2013-12-13","12.790","12.780","12.820","12.700","-0.78%"
"2013-12-12","12.890","12.810","12.890","12.800","0.47%"
"2013-12-11","12.830","12.830","12.900","12.780","0.63%"
"2013-12-10","12.750","12.975","12.975","12.750","-1.42%"
"2013-12-09","12.934","12.960","12.990","12.880","-0.43%"
"2013-12-06","12.990","13.060","13.180","12.880","-0.38%"
"2013-12-05","13.040","13.340","13.370","12.960","-2.18%"
"2013-12-04","13.330","13.260","13.370","13.130","0.60%"
"2013-12-03","13.250","13.180","13.290","13.090","0.45%"
"2013-12-02","13.190","13.000","13.195","12.880","1.93%"
"2013-11-29","12.940","12.880","12.960","12.770","0.86%"
"2013-11-28","12.830","12.660","12.900","12.610","0.63%"
"2013-11-27","12.750","12.710","12.770","12.610","1.11%"
"2013-11-26","12.610","12.670","12.750","12.580","-0.55%"
"2013-11-25","12.680","12.570","12.680","12.480","1.52%"
"2013-11-22","12.490","12.590","12.590","12.307","-0.16%"
"2013-11-21","12.510","12.390","12.520","12.320","1.87%"
"2013-11-20","12.280","12.280","12.280","12.280","0.49%"
"2013-11-19","12.220","12.020","12.250","12.008","1.50%"
"2013-11-18","12.040","12.230","12.230","12.020","-1.15%"
"2013-11-17","12.180","12.180","12.180","12.180","0.00%"
"2013-11-15","12.180","12.180","12.180","12.180","0.00%"
"2013-11-14","12.180","12.300","12.310","12.160","-1.14%"
"2013-11-13","12.320","12.330","12.350","12.210","-0.56%"
"2013-11-12","12.390","12.580","12.650","12.350","-0.88%"
"2013-11-11","12.500","12.400","12.610","12.320","0.73%"
"2013-11-08","12.410","12.320","12.590","12.300","1.06%"
"2013-11-07","12.280","12.270","12.370","12.130","0.82%"
"2013-11-06","12.180","12.160","12.300","12.110","0.16%"
"2013-11-05","12.160","12.050","12.240","11.910","2.10%"
"2013-11-04","11.910","11.810","12.000","11.790","0.42%"
"2013-11-03","11.860","11.860","11.860","11.860","0.00%"
"2013-11-01","11.860","11.770","11.970","11.680","1.11%"
"2013-10-31","11.730","11.570","11.810","11.510","1.30%"
"2013-10-30","11.580","11.570","11.580","11.440","0.61%"
"2013-10-29","11.510","11.490","11.510","11.370","1.05%"
"2013-10-28","11.390","11.470","11.516","11.370","-0.35%"
"2013-10-27","11.430","11.430","11.430","11.430","0.00%"
"2013-10-25","11.430","11.520","11.598","11.430","-0.87%"
"2013-10-24","11.530","11.670","11.670","11.530","-2.45%"
"2013-10-23","11.820","11.870","11.870","11.580","0.60%"
"2013-10-22","11.750","11.940","11.940","11.690","-0.68%"
"2013-10-21","11.830","11.790","11.870","11.710","0.68%"
"2013-10-18","11.750","11.610","11.850","11.590","1.21%"
"2013-10-17","11.610","11.660","11.680","11.580","-0.77%"
"2013-10-16","11.700","11.695","11.740","11.630","0.17%"
"2013-10-15","11.680","11.725","11.810","11.640","0.13%"
"2013-10-14","11.665","11.715","11.715","11.570","0.91%"
"2013-10-11","11.560","11.625","11.635","11.540","0.00%"
"2013-10-10","11.560","11.650","11.680","11.500","-0.94%"
"2013-10-09","11.670","11.710","11.710","11.560","0.17%"
"2013-10-08","11.650","11.810","11.810","11.610","-0.17%"
"2013-10-07","11.670","11.810","11.840","11.610","-0.51%"
"2013-10-04","11.730","11.750","11.810","11.700","0.09%"
"2013-10-03","11.720","11.810","11.840","11.630","0.09%"
"2013-10-02","11.710","11.780","11.820","11.660","-0.26%"
"2013-10-01","11.740","11.760","11.850","11.610","0.34%"
"2013-09-30","11.700","11.810","11.810","11.670","-0.09%"
"2013-09-29","11.710","11.710","11.710","11.710","0.00%"
"2013-09-27","11.710","11.760","11.770","11.630","0.17%"
"2013-09-26","11.690","11.690","11.710","11.530","0.69%"
"2013-09-25","11.610","11.480","11.630","11.430","2.02%"
"2013-09-24","11.380","11.550","11.560","11.380","-1.11%"
"2013-09-23","11.508","11.550","11.577","11.420","0.59%"
"2013-09-22","11.440","11.440","11.440","11.440","0.00%"
"2013-09-20","11.440","11.580","11.580","11.370","-0.61%"
"2013-09-19","11.510","11.550","11.680","11.320","-0.09%"
"2013-09-18","11.520","11.940","11.990","11.510","-3.44%"
"2013-09-17","11.930","12.080","12.080","11.880","0.06%"
"2013-09-16","11.923","11.840","11.990","11.840","-0.39%"
"2013-09-15","11.970","11.970","11.970","11.970","0.00%"
"2013-09-13","11.970","12.030","12.030","11.810","-0.08%"
"2013-09-12","11.980","11.940","12.030","11.810","1.35%"
"2013-09-11","11.820","11.940","11.953","11.790","-0.17%"
"2013-09-10","11.840","11.970","11.990","11.800","-0.17%"
"2013-09-09","11.860","11.810","11.990","11.730","-0.75%"
"2013-09-08","11.950","11.950","11.950","11.950","0.00%"
"2013-09-07","11.950","11.950","11.950","11.950","0.00%"
"2013-09-06","11.950","12.140","12.140","11.740","-1.24%"
"2013-09-05","12.100","12.210","12.250","12.090","-0.33%"
"2013-09-04","12.140","12.150","12.170","12.005","0.25%"
"2013-09-03","12.110","12.200","12.260","12.060","0.25%"
"2013-09-02","12.080","12.040","12.120","11.970","0.83%"
"2013-09-01","11.980","11.980","11.980","11.980","0.00%"
"2013-08-30","11.980","12.140","12.140","11.980","-0.83%"
"2013-08-29","12.080","11.760","12.080","11.760","2.63%"
"2013-08-28","11.770","11.900","11.919","11.620","0.00%"
"2013-08-27","11.770","11.910","12.010","11.750","-0.08%"
"2013-08-26","11.780","11.810","11.870","11.610","0.34%"
"2013-08-23","11.740","12.000","12.010","11.720","-3.77%"
"2013-08-22","12.200","12.290","12.370","12.080","-0.81%"
"2013-08-21","12.300","11.810","12.320","11.810","4.06%"
"2013-08-20","11.820","11.810","12.170","11.790","-1.25%"
"2013-08-19","11.970","11.810","12.070","11.810","1.35%"
"2013-08-16","11.810","11.740","11.930","11.600","1.55%"
"2013-08-15","11.630","11.680","11.850","11.530","-0.17%"
"2013-08-14","11.650","11.575","11.720","11.380","1.35%"
"2013-08-13","11.495","11.355","11.515","11.355","1.91%"
"2013-08-12","11.280","11.095","11.335","11.030","1.90%"
"2013-08-11","11.070","11.070","11.070","11.070","0.00%"
"2013-08-10","11.070","11.070","11.070","11.070","0.00%"
"2013-08-09","11.070","11.230","11.240","11.030","-0.98%"
"2013-08-08","11.180","11.310","11.310","11.110","-0.18%"
"2013-08-07","11.200","11.120","11.230","11.060","1.45%"
"2013-08-06","11.040","10.930","11.110","10.850","1.10%"
"2013-08-05","10.920","10.960","11.080","10.900","-0.64%"
"2013-08-02","10.990","11.110","11.250","10.930","-1.08%"
"2013-08-01","11.110","10.940","11.160","10.860","1.09%"
"2013-07-31","10.990","11.100","11.140","10.890","-0.09%"
"2013-07-30","11.000","11.060","11.140","10.870","0.18%"
"2013-07-29","10.980","10.765","11.030","10.765","1.57%"
"2013-07-27","10.810","10.810","10.830","10.810","0.00%"
"2013-07-26","10.810","10.840","10.870","10.715","0.46%"
"2013-07-25","10.760","10.690","10.920","10.690","0.75%"
"2013-07-24","10.680","10.630","10.770","10.480","1.62%"
"2013-07-23","10.510","10.640","10.640","10.390","-0.66%"
"2013-07-22","10.580","10.680","10.680","10.550","-0.19%"
"2013-07-19","10.600","10.610","10.670","10.549","0.09%"
"2013-07-18","10.590","10.750","10.815","10.540","-1.03%"
"2013-07-17","10.700","10.880","10.970","10.670","-0.83%"
"2013-07-16","10.790","10.770","10.960","10.760","-0.46%"
"2013-07-15","10.840","11.100","11.120","10.710","-1.54%"
"2013-07-13","11.010","11.050","11.050","11.010","0.00%"
"2013-07-12","11.010","11.050","11.120","10.950","-0.90%"
"2013-07-11","11.110","11.020","11.130","10.930","0.73%"
"2013-07-10","11.030","11.240","11.240","11.030","-1.43%"
"2013-07-09","11.190","11.190","11.190","11.190","0.00%"
"2013-07-08","11.190","11.250","11.250","11.130","-0.89%"
"2013-07-05","11.290","11.300","11.470","11.130","0.53%"
"2013-07-04","11.230","11.050","11.260","10.910","1.63%"
"2013-07-03","11.050","10.900","11.050","10.900","0.82%"
"2013-07-02","10.960","11.060","11.060","10.880","-1.08%"
"2013-07-01","11.080","11.160","11.270","10.990","-0.89%"
"2013-06-28","11.180","10.910","11.180","10.850","2.57%"
"2013-06-27","10.900","10.960","10.990","10.810","-0.73%"
"2013-06-26","10.980","10.930","11.020","10.820","-0.36%"
"2013-06-25","11.020","11.080","11.160","10.880","-2.48%"
"2013-06-24","11.300","11.590","11.780","11.300","-2.33%"
"2013-06-23","11.570","11.570","11.570","11.570","0.00%"
"2013-06-21","11.570","11.510","11.950","11.390","-1.53%"
"2013-06-20","11.750","11.530","11.870","11.440","1.91%"
"2013-06-19","11.530","11.110","11.620","10.920","3.59%"
"2013-06-18","11.130","11.070","11.300","10.960","0.82%"
"2013-06-17","11.040","10.770","11.040","10.680","2.70%"
"2013-06-16","10.750","10.750","10.750","10.750","0.00%"
"2013-06-14","10.750","10.680","10.770","10.540","1.70%"
"2013-06-13","10.570","10.890","11.100","10.570","-4.08%"
"2013-06-12","11.020","10.730","11.100","10.530","2.89%"
"2013-06-11","10.710","11.120","11.120","10.700","-0.09%"
"2013-06-10","10.720","10.405","10.770","10.405","3.28%"
"2013-06-08","10.380","10.380","10.380","10.380","0.00%"
"2013-06-07","10.380","10.560","10.600","10.360","-0.19%"
"2013-06-06","10.400","10.350","10.670","10.300","1.36%"
"2013-06-05","10.260","10.305","10.370","10.000","-2.19%"
"2013-06-04","10.490","10.575","10.575","10.405","0.10%"
"2013-06-03","10.480","10.580","10.660","10.475","-0.38%"
"2013-05-31","10.520","10.350","10.530","10.240","2.63%"
"2013-05-30","10.250","10.250","10.250","10.250","0.00%"
"2013-05-29","10.250","10.500","10.500","10.195","-1.44%"
"2013-05-28","10.400","10.240","10.480","10.220","1.96%"
"2013-05-27","10.200","10.220","10.230","10.113","0.10%"
"2013-05-25","10.190","10.190","10.190","10.190","0.00%"
"2013-05-24","10.190","10.200","10.220","10.140","0.49%"
"2013-05-23","10.140","10.190","10.210","10.100","0.20%"
"2013-05-22","10.120","10.170","10.170","9.960","0.60%"
"2013-05-21","10.060","10.060","10.090","9.960","0.90%"
"2013-05-20","9.970","9.870","10.030","9.840","1.22%"
"2013-05-17","9.850","9.920","9.950","9.840","-0.10%"
"2013-05-16","9.860","9.960","9.980","9.820","-0.40%"
"2013-05-15","9.900","9.980","10.060","9.900","-0.50%"
"2013-05-14","9.950","9.790","9.990","9.741","2.05%"
"2013-05-13","9.750","9.810","9.820","9.740","0.00%"
"2013-05-10","9.750","9.680","9.810","9.670","1.14%"
"2013-05-09","9.640","9.530","9.640","9.510","1.37%"
"2013-05-08","9.510","9.510","9.540","9.436","0.53%"
"2013-05-07","9.460","9.440","9.540","9.397","-0.11%"
"2013-05-06","9.470","9.470","9.610","9.460","-0.11%"
"2013-05-03","9.480","9.560","9.580","9.470","0.11%"
"2013-05-02","9.470","9.670","9.670","9.470","-1.46%"
"2013-05-01","9.610","9.610","9.610","9.610","0.00%"
"2013-04-30","9.610","9.760","9.760","9.590","-0.72%"
"2013-04-29","9.680","9.680","9.730","9.630","0.52%"
"2013-04-26","9.630","9.810","9.810","9.620","-0.52%"
"2013-04-25","9.680","9.690","9.740","9.630","-0.31%"
"2013-04-24","9.710","9.620","9.710","9.580","0.94%"
"2013-04-23","9.620","9.655","9.660","9.538","0.42%"
"2013-04-22","9.580","9.590","9.750","9.550","-0.42%"
"2013-04-20","9.620","9.620","9.620","9.620","0.00%"
"2013-04-19","9.620","9.745","9.765","9.590","-1.03%"
"2013-04-18","9.720","9.690","9.720","9.600","1.04%"
"2013-04-17","9.620","9.740","9.740","9.610","-0.82%"
"2013-04-16","9.700","9.700","9.720","9.610","0.62%"
"2013-04-15","9.640","9.670","9.770","9.610","-0.31%"
"2013-04-12","9.670","9.630","9.720","9.567","0.21%"
"2013-04-11","9.650","9.660","9.671","9.530","0.63%"
"2013-04-10","9.590","9.710","9.710","9.533","-0.52%"
"2013-04-09","9.640","9.630","9.700","9.520","0.31%"
"2013-04-08","9.610","9.575","9.680","9.570","0.31%"
"2013-04-05","9.580","9.880","9.910","9.550","-3.23%"
"2013-04-04","9.900","10.040","10.040","9.900","-1.59%"
"2013-04-03","10.060","10.040","10.130","9.960","0.20%"
"2013-04-02","10.040","10.040","10.080","9.930","-0.20%"
"2013-04-01","10.060","10.035","10.190","9.990","-0.40%"
"2013-03-29","10.100","10.100","10.100","10.100","0.00%"
"2013-03-28","10.100","9.890","10.140","9.800","2.33%"
"2013-03-27","9.870","9.812","9.880","9.730","0.82%"
"2013-03-26","9.790","9.789","9.890","9.746","-0.71%"
"2013-03-25","9.860","9.890","9.900","9.750","0.61%"
"2013-03-22","9.800","9.810","9.900","9.800","-0.41%"
"2013-03-21","9.840","9.780","9.920","9.680","1.23%"
"2013-03-20","9.720","9.720","9.750","9.590","0.62%"
"2013-03-19","9.660","9.720","9.730","9.620","-0.41%"
"2013-03-18","9.700","9.730","9.735","9.564","0.52%"
"2013-03-17","9.650","9.650","9.650","9.650","0.00%"
"2013-03-15","9.650","9.750","9.780","9.600","-0.82%"
"2013-03-14","9.730","9.700","9.770","9.630","0.83%"
"2013-03-13","9.650","9.670","9.760","9.610","0.42%"
"2013-03-12","9.610","9.480","9.640","9.480","1.37%"
"2013-03-11","9.480","9.430","9.550","9.410","0.64%"
"2013-03-08","9.420","9.320","9.520","9.320","0.53%"
"2013-03-07","9.370","9.290","9.420","9.240","1.19%"
"2013-03-06","9.260","9.370","9.370","9.230","-0.22%"
"2013-03-05","9.280","9.470","9.470","9.270","-1.59%"
"2013-03-04","9.430","9.400","9.490","9.390","0.21%"
"2013-03-01","9.410","9.480","9.500","9.390","-0.53%"
"2013-02-28","9.460","9.520","9.530","9.410","-0.11%"
"2013-02-27","9.470","9.460","9.510","9.350","0.32%"
"2013-02-26","9.440","9.490","9.490","9.352","-0.42%"
"2013-02-25","9.480","9.540","9.550","9.344","-0.32%"
"2013-02-22","9.510","9.490","9.580","9.434","-0.31%"
"2013-02-21","9.540","9.500","9.540","9.445","0.42%"
"2013-02-20","9.500","9.635","9.665","9.460","-1.09%"
"2013-02-19","9.605","9.555","9.635","9.425","0.31%"
"2013-02-18","9.575","9.575","9.625","9.431","0.52%"
"2013-02-17","9.525","9.525","9.525","9.525","0.00%"
"2013-02-16","9.525","9.525","9.525","9.525","0.00%"
"2013-02-15","9.525","9.660","9.690","9.510","-1.40%"
"2013-02-14","9.660","9.740","9.740","9.627","-0.10%"
"2013-02-13","9.670","9.770","9.770","9.650","-0.41%"
"2013-02-09","9.710","9.710","9.710","9.710","0.00%"
"2013-02-08","9.710","9.710","9.780","9.535","0.21%"
"2013-02-07","9.690","9.690","9.745","9.620","0.31%"
"2013-02-06","9.660","9.740","9.770","9.536","0.07%"
"2013-02-05","9.653","9.590","9.720","9.527","1.18%"
"2013-02-04","9.540","9.411","9.560","9.411","0.23%"
"2013-02-01","9.518","9.550","9.630","9.490","-0.34%"
"2013-01-31","9.550","9.590","9.590","9.493","0.00%"
"2013-01-30","9.550","9.445","9.580","9.414","0.84%"
"2013-01-29","9.470","9.490","9.490","9.405","-0.21%"
"2013-01-28","9.490","9.490","9.580","9.421","0.11%"
"2013-01-25","9.480","9.480","9.480","9.480","0.00%"
"2013-01-24","9.480","9.470","9.520","9.370","0.93%"
"2013-01-23","9.393","9.510","9.510","9.360","0.03%"
"2013-01-22","9.390","9.370","9.470","9.340","0.54%"
"2013-01-21","9.340","9.410","9.420","9.337","-0.85%"
"2013-01-18","9.420","9.400","9.460","9.350","0.00%"
"2013-01-17","9.420","9.320","9.420","9.223","2.06%"
"2013-01-16","9.230","9.300","9.320","9.220","-0.11%"
"2013-01-15","9.240","9.250","9.270","9.180","0.54%"
"2013-01-14","9.190","9.210","9.230","9.170","-0.54%"
"2013-01-13","9.240","9.240","9.240","9.240","0.00%"
"2013-01-11","9.240","9.275","9.275","9.195","-0.32%"
"2013-01-10","9.270","9.350","9.350","9.225","-0.43%"
"2013-01-09","9.310","9.360","9.370","9.235","0.00%"
"2013-01-08","9.310","9.290","9.340","9.150","1.42%"
"2013-01-07","9.180","9.160","9.230","9.125","0.22%"
"2013-01-05","9.160","9.160","9.160","9.160","0.00%"
"2013-01-04","9.160","9.110","9.220","9.110","0.55%"
"2013-01-03","9.110","9.110","9.170","9.075","-0.65%"
"2013-01-02","9.170","9.240","9.290","9.090","-0.11%"
"2013-01-01","9.180","9.180","9.180","9.180","0.00%"
"2012-12-31","9.180","9.180","9.180","9.180","0.00%"
"2012-12-30","9.180","9.180","9.180","9.180","0.00%"
"2012-12-28","9.180","9.180","9.267","9.160","-1.36%"
"2012-12-27","9.307","9.300","9.307","9.190","-0.14%"
"2012-12-26","9.320","9.440","9.440","9.260","0.22%"
"2012-12-24","9.300","9.300","9.300","9.300","0.00%"
"2012-12-23","9.300","9.300","9.300","9.300","0.00%"
"2012-12-22","9.300","9.300","9.300","9.300","0.00%"
"2012-12-21","9.300","9.350","9.450","9.240","-0.21%"
"2012-12-20","9.320","9.140","9.400","9.140","0.43%"
"2012-12-19","9.280","9.240","9.280","9.180","0.98%"
"2012-12-18","9.190","9.160","9.250","9.160","0.22%"
"2012-12-17","9.170","9.190","9.230","9.150","-1.07%"
"2012-12-14","9.269","9.140","9.269","9.140","0.31%"
"2012-12-13","9.240","9.190","9.272","9.140","-0.43%"
"2012-12-12","9.280","9.370","9.370","9.250","-0.22%"
"2012-12-11","9.300","9.270","9.351","9.200","1.09%"
"2012-12-10","9.200","9.150","9.250","9.100","0.66%"
"2012-12-07","9.140","9.190","9.200","9.100","-0.54%"
"2012-12-06","9.190","9.250","9.300","9.091","-1.82%"
"2012-12-05","9.360","9.370","9.370","9.290","0.43%"
"2012-12-04","9.320","9.430","9.490","9.312","-1.06%"
"2012-12-03","9.420","9.460","9.500","9.420","-0.32%"
"2012-11-30","9.450","9.440","9.520","9.340","-0.05%"
"2012-11-29","9.455","9.510","9.533","9.440","0.41%"
"2012-11-28","9.416","9.410","9.460","9.370","0.06%"
"2012-11-27","9.410","9.460","9.460","9.380","-0.53%"
"2012-11-26","9.460","9.455","9.470","9.420","0.00%"
"2012-11-23","9.460","9.520","9.540","9.455","-0.77%"
"2012-11-22","9.533","9.480","9.550","9.450","0.03%"
"2012-11-21","9.530","9.500","9.623","9.500","0.53%"
"2012-11-19","9.480","9.485","9.510","9.420","0.03%"
"2012-11-16","9.477","9.525","9.650","9.436","-1.18%"
"2012-11-14","9.590","9.460","9.600","9.440","1.37%"
"2012-11-13","9.460","9.370","9.540","9.370","0.85%"
"2012-11-12","9.380","9.340","9.460","9.340","-0.42%"
"2012-11-09","9.420","9.330","9.420","9.330","0.21%"
"2012-11-08","9.400","9.290","9.400","9.290","0.75%"
"2012-11-07","9.330","9.280","9.330","9.280","0.32%"
"2012-11-06","9.300","9.190","9.310","9.165","1.31%"
"2012-11-05","9.180","9.230","9.280","9.180","-0.60%"
"2012-11-03","9.235","9.235","9.235","9.235","0.00%"
"2012-11-02","9.235","9.235","9.235","9.235","0.00%"
"2012-11-01","9.235","9.120","9.235","9.120","0.05%"
"2012-10-31","9.230","9.240","9.240","9.160","0.65%"
"2012-10-30","9.170","9.170","9.170","9.130","-0.11%"
"2012-10-29","9.180","9.170","9.200","9.100","-0.11%"
"2012-10-26","9.190","9.280","9.310","9.150","-0.86%"
"2012-10-25","9.270","9.320","9.410","9.270","-1.07%"
"2012-10-24","9.370","9.430","9.450","9.320","0.11%"
"2012-10-23","9.360","9.390","9.410","9.300","-0.32%"
"2012-10-22","9.390","9.450","9.510","9.380","-0.63%"
"2012-10-19","9.450","9.490","9.560","9.430","-0.42%"
"2012-10-18","9.490","9.530","9.630","9.400","-0.63%"
"2012-10-17","9.550","9.530","9.550","9.360","0.84%"
"2012-10-16","9.470","9.600","9.600","9.405","-1.15%"
"2012-10-15","9.580","9.550","9.650","9.540","-0.73%"
"2012-10-12","9.650","9.650","9.650","9.650","0.00%"
"2012-10-11","9.650","9.520","9.650","9.494","0.00%"
"2012-10-10","9.650","9.630","9.680","9.630","0.31%"
"2012-10-09","9.620","9.630","9.660","9.620","-0.62%"
"2012-10-08","9.680","9.660","9.720","9.650","0.00%"
"2012-10-05","9.680","9.700","9.700","9.680","-1.53%"
"2012-10-04","9.830","9.780","9.830","9.780","0.31%"
"2012-10-03","9.800","9.810","9.810","9.750","-0.20%"
"2012-10-02","9.820","9.780","9.840","9.730","-0.20%"
"2012-10-01","9.840","9.780","9.840","9.770","0.56%"
"2012-09-28","9.785","9.860","9.860","9.735","-0.96%"
"2012-09-27","9.880","9.850","9.880","9.830","-0.05%"
"2012-09-26","9.885","9.950","9.950","9.840","0.36%"
"2012-09-25","9.850","9.880","9.960","9.850","-0.91%"
"2012-09-24","9.940","9.960","9.970","9.910","-0.30%"
"2012-09-23","9.970","9.970","9.970","9.970","0.00%"
"2012-09-22","9.970","9.970","9.970","9.970","0.00%"
"2012-09-21","9.970","9.920","9.970","9.909","0.40%"
"2012-09-20","9.930","9.940","10.010","9.810","-0.30%"
"2012-09-19","9.960","9.936","10.010","9.910","0.24%"
"2012-09-18","9.936","9.910","9.980","9.880","-0.34%"
"2012-09-17","9.970","9.946","9.970","9.860","0.10%"
"2012-09-14","9.960","10.070","10.070","9.940","2.26%"
"2012-09-13","9.740","9.740","9.740","9.740","0.00%"
"2012-09-12","9.740","9.770","9.770","9.710","0.31%"
"2012-09-11","9.710","9.720","9.720","9.710","-0.21%"
"2012-09-10","9.730","9.680","9.730","9.680","0.31%"
"2012-09-07","9.700","9.700","9.700","9.700","0.00%"
"2012-09-06","9.700","9.590","9.750","9.590","0.52%"
"2012-09-05","9.650","9.640","9.690","9.600","0.21%"
"2012-09-04","9.630","9.580","9.680","9.580","0.31%"
"2012-09-03","9.600","9.590","9.600","9.530","0.31%"
"2012-08-31","9.570","9.650","9.650","9.570","-1.44%"
"2012-08-30","9.710","9.680","9.820","9.680","-1.12%"
"2012-08-29","9.820","9.720","9.830","9.720","0.72%"
"2012-08-28","9.750","9.800","9.800","9.740","-0.71%"
"2012-08-27","9.820","9.840","9.840","9.790","-0.10%"
"2012-08-24","9.830","9.830","9.870","9.830","-1.31%"
"2012-08-23","9.960","10.040","10.040","9.930","-0.40%"
"2012-08-22","10.000","9.920","10.048","9.920","1.11%"
"2012-08-21","9.890","10.070","10.120","9.880","-1.00%"
"2012-08-20","9.990","10.010","10.020","9.820","2.67%"
"2012-08-17","9.730","9.780","9.800","9.628","-0.51%"
"2012-08-16","9.780","9.710","9.820","9.670","1.45%"
"2012-08-15","9.640","9.660","9.730","9.590","-0.31%"
"2012-08-14","9.670","9.640","9.690","9.640","0.00%"
"2012-08-13","9.670","9.730","9.770","9.660","-0.82%"
"2012-08-10","9.750","9.610","9.770","9.525","2.20%"
"2012-08-09","9.540","9.550","9.559","9.540","0.42%"
"2012-08-08","9.500","9.500","9.570","9.470","0.64%"
"2012-08-07","9.440","9.470","9.520","9.395","-0.11%"
"2012-08-06","9.450","9.450","9.450","9.410","-0.63%"
"2012-08-05","9.510","9.510","9.510","9.510","0.00%"
"2012-08-03","9.510","9.420","9.510","9.375","1.28%"
"2012-08-02","9.390","9.420","9.480","9.350","-0.11%"
"2012-08-01","9.400","9.440","9.500","9.370","-0.63%"
"2012-07-31","9.460","9.600","9.600","9.440","-1.05%"
"2012-07-30","9.560","9.545","9.620","9.505","-0.31%"
"2012-07-27","9.590","9.470","9.600","9.420","1.59%"
"2012-07-26","9.440","9.410","9.440","9.310","0.43%"
"2012-07-25","9.400","9.490","9.510","9.360","-0.95%"
"2012-07-24","9.490","9.294","9.490","9.294","1.28%"
"2012-07-23","9.370","9.370","9.390","9.280","0.54%"
"2012-07-20","9.320","9.530","9.530","9.300","-1.06%"
"2012-07-19","9.420","9.480","9.630","9.380","-1.67%"
"2012-07-18","9.580","9.650","9.700","9.530","-0.83%"
"2012-07-17","9.660","9.630","9.707","9.600","1.15%"
"2012-07-16","9.550","9.620","9.650","9.450","-0.93%"
"2012-07-13","9.640","9.810","9.810","9.550","-0.92%"
"2012-07-12","9.730","9.660","9.740","9.590","0.41%"
"2012-07-11","9.690","9.780","9.820","9.630","-0.92%"
"2012-07-10","9.780","9.830","9.890","9.770","-2.27%"
"2012-07-09","10.007","9.920","10.007","9.823","0.88%"
"2012-07-08","9.920","9.920","9.920","9.920","0.00%"
"2012-07-07","9.920","9.920","9.920","9.920","0.00%"
"2012-07-06","9.920","9.990","10.015","9.830","-0.21%"
"2012-07-05","9.941","9.830","10.191","9.830","0.11%"
"2012-07-04","9.930","9.770","10.181","9.770","0.51%"
"2012-07-03","9.880","9.881","9.920","9.752","0.65%"
"2012-07-02","9.816","9.920","10.191","9.816","-1.05%"
"2012-07-01","9.920","9.920","9.920","9.920","0.00%"
"2012-06-29","9.920","10.301","10.301","9.920","-3.23%"
"2012-06-28","10.251","10.151","10.261","9.939","3.23%"
"2012-06-27","9.930","9.920","10.221","9.836","0.30%"
"2012-06-26","9.900","9.710","10.228","9.710","0.51%"
"2012-06-25","9.850","9.880","10.161","9.830","-3.72%"
"2012-06-22","10.231","10.201","10.231","9.942","-0.58%"
"2012-06-21","10.291","10.050","10.291","9.990","2.09%"
"2012-06-20","10.080","10.120","10.321","10.009","-2.24%"
"2012-06-19","10.311","10.177","10.311","10.124","0.89%"
"2012-06-18","10.220","10.330","10.354","10.220","-2.96%"
"2012-06-16","10.532","10.532","10.532","10.532","0.00%"
"2012-06-15","10.532","10.372","10.542","10.202","0.96%"
"2012-06-14","10.432","10.442","10.472","10.240","-0.57%"
"2012-06-13","10.492","10.532","10.532","10.250","-0.29%"
"2012-06-12","10.522","10.484","10.572","10.349","-1.22%"
"2012-06-11","10.652","10.442","10.672","10.302","1.33%"
"2012-06-08","10.512","10.672","10.672","10.344","-1.87%"
"2012-06-07","10.712","10.712","10.712","10.712","0.00%"
"2012-06-06","10.712","10.872","10.873","10.520","-1.48%"
"2012-06-05","10.873","10.873","11.003","10.630","0.01%"
"2012-06-04","10.872","10.400","10.983","10.400","4.54%"
"2012-06-01","10.400","10.316","10.400","10.228","-0.69%"
"2012-05-31","10.472","10.070","10.492","10.070","1.56%"
"2012-05-30","10.311","10.201","10.371","9.995","0.39%"
"2012-05-29","10.271","10.421","10.421","10.070","0.20%"
"2012-05-28","10.250","10.320","10.522","10.214","-2.40%"
"2012-05-27","10.502","10.502","10.502","10.502","1.76%"
"2012-05-25","10.320","10.420","10.420","10.270","-0.96%"
"2012-05-24","10.420","10.360","10.622","10.260","1.36%"
"2012-05-23","10.280","10.450","10.472","10.170","-1.72%"
"2012-05-22","10.460","10.090","10.652","10.080","3.36%"
"2012-05-21","10.120","10.120","10.301","9.990","1.00%"
"2012-05-18","10.020","10.040","10.221","9.930","-0.89%"
"2012-05-17","10.110","10.170","10.320","10.030","-0.69%"
"2012-05-16","10.180","10.180","10.280","10.160","-0.68%"
"2012-05-15","10.250","10.310","10.482","10.200","-0.49%"
"2012-05-14","10.300","10.320","10.472","10.200","0.19%"
"2012-05-11","10.280","10.100","10.432","10.070","1.08%"
"2012-05-10","10.170","10.440","10.602","10.150","-2.31%"
"2012-05-09","10.410","10.220","10.592","10.220","1.66%"
"2012-05-08","10.240","10.050","10.371","9.930","2.30%"
"2012-05-07","10.010","10.175","10.558","9.860","-1.38%"
"2012-05-06","10.150","10.150","10.150","10.150","0.00%"
"2012-05-04","10.150","10.592","10.592","10.080","-3.52%"
"2012-05-03","10.520","10.660","10.678","10.460","-0.57%"
"2012-05-02","10.580","10.650","10.770","10.510","-1.21%"
"2012-05-01","10.710","10.710","10.710","10.710","0.00%"
"2012-04-30","10.710","10.555","10.832","10.555","0.28%"
"2012-04-27","10.680","10.650","10.782","10.550","0.28%"
"2012-04-26","10.650","10.510","10.742","10.450","1.04%"
"2012-04-25","10.540","10.650","10.742","10.520","-1.13%"
"2012-04-24","10.660","10.882","10.882","10.640","-0.93%"
"2012-04-23","10.760","10.755","10.943","10.730","-0.09%"
"2012-04-20","10.770","10.740","10.800","10.720","0.00%"
"2012-04-19","10.770","10.760","10.903","10.610","0.19%"
"2012-04-18","10.750","10.760","10.903","10.670","-0.09%"
"2012-04-17","10.760","10.820","10.923","10.750","-0.28%"
"2012-04-16","10.790","10.760","10.943","10.740","0.09%"
"2012-04-14","10.780","10.780","10.780","10.780","0.00%"
"2012-04-13","10.780","10.840","10.943","10.740","-0.19%"
"2012-04-12","10.800","10.892","10.973","10.750","0.19%"
"2012-04-11","10.780","10.842","10.943","10.744","0.56%"
"2012-04-10","10.720","11.120","11.120","10.700","-1.38%"
"2012-04-09","10.870","10.950","11.073","10.840","-1.36%"
"2012-04-08","11.020","11.020","11.020","11.020","0.00%"
"2012-04-06","11.020","11.020","11.020","11.020","0.00%"
"2012-04-05","11.020","11.060","11.163","11.000","-1.17%"
"2012-04-04","11.150","11.180","11.304","11.070","-0.27%"
"2012-04-03","11.180","11.050","11.274","11.050","0.99%"
"2012-04-02","11.070","11.160","11.193","11.060","-1.55%"
"2012-03-30","11.244","11.160","11.254","11.100","0.75%"
"2012-03-29","11.160","11.140","11.170","11.073","0.36%"
"2012-03-28","11.120","11.180","11.294","11.120","-0.71%"
"2012-03-27","11.200","11.320","11.344","11.190","-1.70%"
"2012-03-26","11.394","11.410","11.444","11.250","0.26%"
"2012-03-23","11.364","11.424","11.424","11.245","-0.53%"
"2012-03-22","11.424","11.410","11.424","11.270","-0.70%"
"2012-03-21","11.504","11.510","11.554","11.410","0.38%"
"2012-03-20","11.460","11.604","11.695","11.460","-1.24%"
"2012-03-19","11.604","11.330","11.614","11.330","2.01%"
"2012-03-16","11.375","11.270","11.500","11.270","0.40%"
"2012-03-15","11.330","11.460","11.500","11.330","-2.02%"
"2012-03-14","11.564","11.330","11.604","11.265","1.40%"
"2012-03-13","11.404","11.264","11.404","11.130","1.25%"
"2012-03-12","11.263","11.155","11.280","11.036","2.06%"
"2012-03-10","11.036","11.036","11.036","11.036","0.00%"
"2012-03-09","11.036","11.273","11.294","11.020","-1.29%"
"2012-03-08","11.180","11.265","11.384","11.155","-0.89%"
"2012-03-07","11.280","11.220","11.384","11.220","-0.09%"
"2012-03-06","11.290","11.300","11.394","11.230","0.00%"
"2012-03-05","11.290","11.320","11.434","11.000","1.90%"
"2012-03-02","11.080","11.384","11.414","11.030","-0.09%"
"2012-03-01","11.090","10.970","11.434","10.970","-2.67%"
"2012-02-29","11.394","11.000","11.414","10.990","0.00%"
"2012-02-28","11.394","11.414","11.443","11.070","1.91%"
"2012-02-27","11.180","11.275","11.504","11.110","-2.39%"
"2012-02-25","11.454","11.454","11.454","11.454","2.73%"
"2012-02-24","11.150","11.120","11.474","11.040","-1.54%"
"2012-02-23","11.324","10.930","11.324","10.930","2.59%"
"2012-02-22","11.038","11.053","11.090","10.860","1.36%"
"2012-02-20","10.890","10.890","10.890","10.890","0.00%"
"2012-02-19","10.890","10.890","10.890","10.890","0.00%"
"2012-02-17","10.890","11.070","11.070","10.870","-0.37%"
"2012-02-16","10.930","11.173","11.254","10.860","0.18%"
"2012-02-15","10.910","10.930","11.200","10.860","-0.09%"
"2012-02-14","10.920","11.314","11.334","10.850","-0.91%"
"2012-02-13","11.020","11.490","11.490","10.954","-0.09%"
"2012-02-10","11.030","11.490","11.584","11.030","-1.52%"
"2012-02-09","11.200","11.510","11.644","11.200","-0.44%"
"2012-02-08","11.250","11.470","11.604","11.200","0.27%"
"2012-02-07","11.220","11.360","11.564","11.140","-0.18%"
"2012-02-06","11.240","11.390","11.544","11.140","0.54%"
"2012-02-03","11.180","11.140","11.470","11.120","-0.09%"
"2012-02-02","11.190","11.110","11.534","11.110","-0.18%"
"2012-02-01","11.210","11.504","11.520","11.150","-0.18%"
"2012-01-31","11.230","11.424","11.504","11.150","-1.70%"
"2012-01-30","11.424","11.444","11.444","11.340","-0.44%"
"2012-01-27","11.474","11.490","11.514","11.410","-0.43%"
"2012-01-26","11.524","11.624","11.624","11.470","-0.87%"
"2012-01-24","11.625","11.540","11.625","11.540","0.18%"
"2012-01-23","11.604","11.514","11.614","11.500","0.52%"
"2012-01-20","11.544","11.590","11.594","11.510","-0.35%"
"2012-01-19","11.584","11.515","11.625","11.480","0.77%"
"2012-01-18","11.495","11.365","11.590","11.365","-0.35%"
"2012-01-17","11.535","11.365","11.548","11.365","0.25%"
"2012-01-16","11.506","11.365","11.550","11.365","-0.42%"
"2012-01-13","11.555","11.550","11.590","11.530","-0.17%"
"2012-01-12","11.575","11.550","11.635","11.485","0.35%"
"2012-01-11","11.535","11.484","11.545","11.365","0.44%"
"2012-01-10","11.485","11.515","11.515","11.290","-0.16%"
"2012-01-09","11.503","11.290","11.600","11.290","-0.58%"
"2012-01-06","11.570","11.290","11.570","11.290","0.89%"
"2012-01-05","11.468","11.290","11.468","11.290","0.70%"
"2012-01-04","11.388","11.290","11.400","11.290","1.10%"
"2012-01-03","11.264","11.280","11.295","11.250","-0.15%"
"2012-01-02","11.281","11.365","11.365","11.270","1.45%"
"2011-12-30","11.120","11.365","11.365","11.120","-1.51%"
"2011-12-29","11.290","11.365","11.365","11.290","-0.50%"
"2011-12-28","11.347","11.365","11.410","11.320","-0.29%"
"2011-12-27","11.380","11.365","11.420","11.355","-0.42%"
"2011-12-26","11.428","11.365","11.428","11.360","0.48%"
"2011-12-23","11.373","11.255","11.373","11.255","0.29%"
"2011-12-22","11.340","11.230","11.375","11.230","0.98%"
"2011-12-21","11.230","11.265","11.310","11.223","-0.27%"
"2011-12-20","11.260","11.330","11.330","11.260","-0.57%"
"2011-12-19","11.325","11.220","11.330","11.220","0.29%"
"2011-12-16","11.292","11.220","11.330","11.210","0.36%"
"2011-12-15","11.252","11.165","11.290","11.165","0.78%"
"2011-12-14","11.165","11.105","11.180","11.105","0.47%"
"2011-12-13","11.113","11.105","11.135","11.080","0.12%"
"2011-12-12","11.100","11.155","11.155","11.100","-0.63%"
"2011-12-09","11.170","11.140","11.182","11.130","0.14%"
"2011-12-08","11.154","11.130","11.205","11.120","-0.21%"
"2011-12-07","11.177","11.190","11.250","11.177","0.16%"
"2011-12-06","11.159","11.210","11.241","11.150","-1.05%"
"2011-12-05","11.277","11.170","11.310","11.170","0.22%"
"2011-12-02","11.252","11.125","11.340","11.125","0.82%"
"2011-12-01","11.160","11.190","11.275","11.120","0.50%"
"2011-11-30","11.104","11.190","11.290","11.064","-1.12%"
"2011-11-29","11.230","11.210","11.245","11.190","1.00%"
"2011-11-28","11.119","11.270","11.400","11.109","-0.28%"
"2011-11-25","11.150","11.270","11.270","11.119","-0.89%"
"2011-11-24","11.250","11.240","11.500","11.210","0.18%"
"2011-11-23","11.230","11.250","11.390","11.200","0.00%"
"2011-11-22","11.230","11.169","11.240","11.130","0.55%"
"2011-11-21","11.169","11.090","11.240","11.089","0.71%"
"2011-11-18","11.090","11.070","11.240","11.059","-0.09%"
"2011-11-17","11.100","11.240","11.270","11.100","-1.62%"
"2011-11-16","11.283","11.240","11.500","11.240","-0.35%"
"2011-11-14","11.323","11.240","11.323","11.240","1.19%"
"2011-11-11","11.190","11.210","11.290","11.190","-0.18%"
"2011-11-10","11.210","11.240","11.275","11.160","0.90%"
"2011-11-09","11.110","11.180","11.290","11.100","-0.63%"
"2011-11-08","11.180","11.260","11.340","11.130","-0.71%"
"2011-11-07","11.260","11.360","11.480","11.250","-0.88%"
"2011-11-04","11.360","11.520","11.615","11.360","-0.79%"
"2011-11-03","11.450","11.440","11.615","11.429","0.09%"
"2011-11-01","11.440","11.420","11.615","11.410","-0.09%"
"2011-10-31","11.450","11.509","11.615","11.440","-0.52%"
"2011-10-28","11.510","11.620","11.675","11.510","-0.95%"
"2011-10-27","11.620","11.450","11.720","11.449","1.48%"
"2011-10-26","11.450","11.680","11.720","11.430","-0.87%"
"2011-10-25","11.550","11.568","11.720","11.509","-0.16%"
"2011-10-24","11.568","11.720","11.720","11.568","-0.52%"
"2011-10-21","11.628","11.720","11.720","11.628","0.11%"
"2011-10-20","11.615","11.720","11.720","11.540","0.04%"
"2011-10-19","11.610","11.630","11.800","11.555","-0.57%"
"2011-10-18","11.677","11.720","11.800","11.615","-0.03%"
"2011-10-17","11.680","11.720","11.800","11.670","0.45%"
"2011-10-14","11.628","11.628","11.628","11.628","0.24%"
"2011-10-13","11.600","11.480","11.700","11.480","0.61%"
"2011-10-11","11.530","11.590","11.700","11.490","-0.56%"
"2011-10-10","11.595","11.550","11.700","11.550","0.56%"
"2011-10-07","11.530","11.570","11.900","11.500","-0.19%"
"2011-10-06","11.552","11.470","11.850","11.470","0.71%"
"2011-10-05","11.470","11.640","11.900","11.460","-1.04%"
"2011-10-04","11.590","11.410","11.850","11.410","1.39%"
"2011-10-03","11.431","11.620","11.850","11.420","-1.62%"
"2011-09-30","11.619","11.700","12.100","11.610","-0.66%"
"2011-09-29","11.696","12.000","12.000","11.680","0.27%"
"2011-09-28","11.664","11.710","12.100","11.664","-0.11%"
"2011-09-27","11.677","11.930","12.150","11.540","-0.11%"
"2011-09-26","11.690","11.800","11.930","11.690","-1.87%"
"2011-09-23","11.913","12.260","12.400","11.913","-3.12%"
"2011-09-22","12.297","12.130","12.550","11.960","1.04%"
"2011-09-21","12.170","11.960","12.200","11.960","1.39%"
"2011-09-20","12.003","11.450","12.300","11.450","0.36%"
"2011-09-19","11.960","11.450","11.960","11.450","1.67%"
"2011-09-16","11.764","11.450","12.100","11.450","2.74%"
"2011-09-15","11.450","11.450","12.000","11.450","-2.35%"
"2011-09-14","11.725","11.450","12.000","11.450","0.56%"
"2011-09-13","11.660","11.450","11.900","11.450","2.87%"
"2011-09-12","11.335","11.600","11.800","11.335","-0.70%"
"2011-09-09","11.415","11.600","12.000","11.415","-0.98%"
"2011-09-08","11.528","11.440","11.700","11.405","0.84%"
"2011-09-06","11.432","11.600","11.800","11.380","-2.32%"
"2011-09-05","11.703","11.380","11.900","11.380","-1.66%"
"2011-09-02","11.900","11.380","11.900","11.380","3.53%"
"2011-09-01","11.494","11.640","11.810","11.470","-1.28%"
"2011-08-31","11.643","11.610","11.900","11.535","0.67%"
"2011-08-30","11.565","11.400","11.800","11.400","1.54%"
"2011-08-29","11.390","11.710","11.710","11.360","-2.99%"
"2011-08-26","11.741","11.940","12.100","11.710","-1.54%"
"2011-08-25","11.925","11.960","11.985","11.900","-0.27%"
"2011-08-24","11.957","11.960","12.100","11.957","1.19%"
"2011-08-23","11.816","11.830","11.900","11.794","-0.20%"
"2011-08-22","11.840","11.790","11.900","11.790","-0.25%"
"2011-08-19","11.870","11.750","11.870","11.670","1.32%"
"2011-08-18","11.715","11.870","11.870","11.715","-1.53%"
"2011-08-17","11.897","12.100","12.100","11.880","-4.10%"
"2011-08-16","12.405","12.150","12.405","12.150","2.19%"
"2011-08-15","12.139","12.405","12.405","12.110","-2.10%"
"2011-08-12","12.400","12.405","12.470","12.400","-0.72%"
"2011-08-11","12.490","12.340","12.490","12.340","0.99%"
"2011-08-10","12.368","12.405","12.405","12.270","0.54%"
"2011-08-09","12.301","12.405","12.410","12.290","0.27%"
"2011-08-08","12.268","12.405","12.420","12.268","-1.22%"
"2011-08-05","12.420","12.515","12.515","12.420","-0.04%"
"2011-08-04","12.425","12.555","12.555","12.425","-0.60%"
"2011-08-03","12.500","12.535","12.590","12.435","-0.40%"
"2011-08-02","12.550","12.555","12.690","12.550","-1.22%"
"2011-08-01","12.705","12.805","12.810","12.705","-0.82%"
"2011-07-29","12.810","12.850","12.850","12.775","0.27%"
"2011-07-28","12.775","12.555","12.775","12.555","0.94%"
"2011-07-27","12.656","12.555","12.740","12.555","0.56%"
"2011-07-26","12.585","12.555","12.650","12.555","-0.51%"
"2011-07-25","12.650","12.555","12.650","12.550","0.40%"
"2011-07-22","12.600","12.590","12.600","12.540","-0.24%"
"2011-07-21","12.630","12.555","12.630","12.555","0.72%"
"2011-07-20","12.540","12.555","12.600","12.515","0.24%"
"2011-07-19","12.510","12.555","12.555","12.510","-0.16%"
"2011-07-18","12.530","12.540","12.570","12.520","-0.32%"
"2011-07-15","12.570","12.486","12.820","12.375","0.80%"
"2011-07-14","12.470","12.470","12.600","12.460","0.08%"
"2011-07-13","12.460","12.430","12.820","12.375","-0.24%"
"2011-07-12","12.490","12.420","12.780","12.200","0.62%"
"2011-07-11","12.413","12.429","12.600","12.400","-0.06%"
"2011-07-08","12.420","12.381","12.520","12.375","0.06%"
"2011-07-07","12.412","12.410","12.490","12.245","0.39%"
"2011-07-06","12.364","12.408","12.500","12.364","-0.43%"
"2011-07-05","12.417","12.408","12.470","12.360","0.48%"
"2011-07-04","12.358","12.460","12.550","12.358","-0.15%"
"2011-07-01","12.377","12.429","12.820","12.377","-0.69%"
"2011-06-30","12.463","13.509","13.509","12.425","0.35%"
"2011-06-29","12.420","12.404","13.499","12.350","0.12%"
"2011-06-28","12.405","12.374","12.485","12.355","0.45%"
"2011-06-27","12.350","12.418","12.485","12.340","-0.08%"
"2011-06-24","12.360","12.409","12.425","12.355","-1.49%"
"2011-06-22","12.547","12.352","12.547","12.240","0.94%"
"2011-06-21","12.430","12.349","12.450","12.330","0.77%"
"2011-06-20","12.335","12.337","12.485","12.240","0.03%"
"2011-06-17","12.331","12.293","12.610","12.240","0.10%"
"2011-06-16","12.319","12.313","12.485","12.280","0.36%"
"2011-06-15","12.275","12.267","12.485","12.267","-0.16%"
"2011-06-14","12.295","12.258","12.485","12.250","0.34%"
"2011-06-13","12.253","12.310","12.485","12.240","0.10%"
"2011-06-10","12.241","12.318","12.600","12.240","-0.41%"
"2011-06-09","12.292","12.399","12.399","12.250","-0.07%"
"2011-06-08","12.301","12.447","12.547","12.301","-1.96%"
"2011-06-07","12.547","12.438","12.547","12.380","0.00%"
"2011-06-06","12.547","12.447","12.547","12.420","0.70%"
"2011-06-03","12.460","12.447","12.600","12.420","-0.69%"
"2011-06-02","12.547","12.447","12.710","12.420","0.00%"
"2011-06-01","12.547","12.501","12.550","12.390","0.00%"
"2011-05-31","12.547","12.553","12.600","12.410","0.00%"
"2011-05-30","12.547","12.544","12.550","12.460","0.00%"
"2011-05-27","12.547","12.565","12.580","12.470","0.00%"
"2011-05-26","12.547","12.615","12.700","12.250","0.00%"
"2011-05-25","12.547","12.535","12.690","12.485","0.97%"
"2011-05-24","12.427","12.524","12.650","12.427","0.00%"
"2011-05-23","12.427","12.494","12.570","12.427","0.00%"
"2011-05-20","12.427","12.445","12.550","12.427","0.00%"
"2011-05-19","12.427","12.445","12.500","12.425","0.00%"
"2011-05-18","12.427","12.532","12.700","12.420","0.00%"
"2011-05-17","12.427","12.511","12.555","12.420","-0.50%"
"2011-05-16","12.490","12.502","12.555","12.480","0.04%"
"2011-05-13","12.485","12.560","12.575","12.480","-0.04%"
"2011-05-12","12.490","12.480","12.570","12.470","-0.08%"
"2011-05-11","12.500","12.610","12.610","12.500","-0.18%"
"2011-05-10","12.523","12.560","12.600","12.500","0.06%"
"2011-05-09","12.515","12.605","12.650","12.500","0.62%"
"2011-05-06","12.438","12.630","12.735","12.438","0.00%"
"2011-05-05","12.438","12.700","12.700","12.438","0.00%"
"2011-05-04","12.438","12.670","12.800","12.438","0.00%"
"2011-05-03","12.438","12.630","12.860","12.438","-1.68%"
"2011-05-02","12.650","12.640","12.760","12.438","1.91%"
"2011-04-29","12.413","12.150","12.785","12.150","-0.02%"
"2011-04-28","12.415","12.150","12.890","12.150","-0.02%"
"2011-04-27","12.418","12.800","13.000","12.438","-0.09%"
"2011-04-26","12.429","12.920","13.030","12.438","0.05%"
"2011-04-25","12.423","12.780","12.920","12.438","0.17%"
"2011-04-20","12.402","12.760","12.830","12.438","-0.10%"
"2011-04-19","12.414","12.740","12.815","12.438","0.05%"
"2011-04-18","12.408","12.700","12.850","12.438","0.08%"
"2011-04-15","12.398","12.710","12.920","12.438","-0.02%"
"2011-04-14","12.401","12.770","12.830","12.438","-0.02%"
"2011-04-13","12.404","12.830","12.850","12.438","-0.02%"
"2011-04-12","12.406","12.870","12.870","12.438","-0.02%"
"2011-04-11","12.409","12.870","13.160","12.438","0.07%"
"2011-04-08","12.400","12.800","12.870","12.438","-0.02%"
"2011-04-07","12.403","12.860","12.880","12.438","-0.02%"
"2011-04-06","12.405","12.880","13.090","12.438","-0.02%"
"2011-04-05","12.408","12.800","12.880","12.438","-0.02%"
"2011-04-04","12.411","12.870","12.920","12.438","0.08%"
"2011-04-01","12.401","13.020","13.020","12.438","-0.30%"
"2011-03-31","12.438","12.930","13.000","12.438","-3.87%"
"2011-03-30","12.939","12.970","12.980","12.438","0.65%"
"2011-03-29","12.855","12.860","12.930","12.438","0.37%"
"2011-03-28","12.807","12.830","12.900","12.438","2.97%"
"2011-03-25","12.438","12.880","12.900","12.438","0.00%"
"2011-03-24","12.438","12.810","12.930","12.250","0.00%"
"2011-03-23","12.438","12.870","12.890","12.250","0.00%"
"2011-03-22","12.438","12.880","12.900","12.250","-3.00%"
"2011-03-21","12.823","12.820","13.030","12.438","0.16%"
"2011-03-18","12.803","12.820","13.010","12.438","0.39%"
"2011-03-17","12.753","12.740","12.850","12.438","2.53%"
"2011-03-16","12.438","12.760","12.890","12.438","-1.74%"
"2011-03-15","12.658","12.590","12.850","12.430","0.68%"
"2011-03-14","12.573","12.590","12.780","12.438","-0.43%"
"2011-03-11","12.627","12.480","12.780","12.438","0.00%"
"2011-03-10","12.627","12.480","12.790","12.438","1.52%"
"2011-03-09","12.438","12.690","12.750","12.438","-1.85%"
"2011-03-04","12.673","12.460","12.840","12.438","0.77%"
"2011-03-03","12.576","12.460","12.740","12.438","0.58%"
"2011-03-02","12.504","12.460","12.600","12.438","0.09%"
"2011-02-28","12.493","12.500","12.550","12.330","0.26%"
"2011-02-25","12.460","12.530","12.600","12.330","0.18%"
"2011-02-23","12.438","12.230","12.640","12.230","-0.50%"
"2011-02-22","12.500","12.510","12.630","12.438","-0.48%"
"2011-02-21","12.560","12.680","12.680","12.438","0.40%"
"2011-02-18","12.510","12.625","12.625","12.438","-0.24%"
"2011-02-17","12.540","12.680","12.730","12.438","-1.26%"
"2011-02-16","12.700","12.795","12.870","12.438","-0.63%"
"2011-02-15","12.780","12.920","12.920","12.220","-0.41%"
"2011-02-14","12.833","12.800","12.970","12.438","0.18%"
"2011-02-11","12.810","12.800","12.900","12.438","0.23%"
"2011-02-10","12.780","12.640","12.990","12.220","0.55%"
"2011-02-09","12.710","12.700","12.820","12.438","-0.08%"
"2011-02-08","12.720","12.970","13.090","12.438","-1.85%"
"2011-02-07","12.960","13.020","13.860","12.438","-0.15%"
"2011-02-04","12.980","12.880","13.060","12.438","1.09%"
"2011-02-03","12.840","12.790","12.910","12.438","0.08%"
"2011-02-02","12.830","12.920","13.050","12.438","-0.70%"
"2011-02-01","12.920","13.050","13.070","12.438","3.88%"
"2011-01-31","12.438","12.810","12.900","12.438","-2.98%"
"2011-01-28","12.820","12.845","12.875","12.700","0.23%"
"2011-01-27","12.790","12.670","13.075","12.670","-0.31%"
"2011-01-26","12.830","12.670","12.830","12.670","1.42%"
"2011-01-24","12.650","12.620","12.715","12.438","0.40%"
"2011-01-21","12.600","12.560","12.700","12.438","-0.16%"
"2011-01-20","12.620","12.585","12.660","12.525","1.46%"
"2011-01-19","12.438","12.570","12.670","12.438","-1.21%"
"2011-01-18","12.590","12.570","12.750","12.438","-0.47%"
"2011-01-17","12.650","12.570","12.750","12.438","0.72%"
"2011-01-14","12.560","12.500","12.600","12.438","0.98%"
"2011-01-13","12.438","12.490","12.580","12.425","-0.50%"
"2011-01-12","12.500","12.410","12.510","12.390","0.89%"
"2011-01-11","12.390","12.470","12.600","12.360","-0.39%"
"2011-01-10","12.438","12.360","12.480","12.300","0.52%"
"2011-01-07","12.374","12.170","12.438","12.140","1.93%"
"2011-01-06","12.140","12.140","12.438","12.100","0.33%"
"2011-01-05","12.100","12.170","12.438","12.060","0.41%"
"2011-01-04","12.050","12.050","12.438","12.020","-3.12%"
"2011-01-03","12.438","12.190","12.438","12.010","0.00%"
"2010-12-30","12.438","12.270","12.438","12.170","0.60%"
"2010-12-29","12.364","12.360","12.438","12.260","0.60%"
"2010-12-28","12.290","12.345","12.438","12.290","-0.32%"
"2010-12-27","12.330","12.320","12.440","12.320","0.08%"
"2010-12-23","12.320","12.290","12.438","12.220","0.08%"
"2010-12-22","12.310","12.490","12.620","12.260","-1.28%"
"2010-12-21","12.470","12.510","12.610","12.420","0.16%"
"2010-12-20","12.450","12.500","12.600","12.430","-0.08%"
"2010-12-17","12.460","12.535","12.575","12.410","0.03%"
"2010-12-16","12.456","12.555","12.790","12.438","-0.91%"
"2010-12-15","12.570","12.435","12.570","12.385","0.61%"
"2010-12-14","12.494","12.375","12.550","12.335","0.37%"
"2010-12-13","12.448","12.335","12.500","12.285","0.34%"
"2010-12-10","12.406","12.500","12.500","12.320","-0.27%"
"2010-12-09","12.440","12.400","12.540","12.345","0.38%"
"2010-12-08","12.393","12.290","12.500","12.280","0.07%"
"2010-12-07","12.384","12.330","12.438","12.250","-0.43%"
"2010-12-06","12.438","12.315","12.438","12.305","0.18%"
"2010-12-03","12.416","12.300","12.800","12.125","0.92%"
"2010-12-02","12.303","12.380","12.720","12.300","-0.62%"
"2010-12-01","12.380","12.460","12.650","12.340","-1.80%"
"2010-11-30","12.607","12.490","12.720","12.430","1.36%"
"2010-11-29","12.438","12.720","13.090","12.370","0.00%"
"2010-11-26","12.438","12.365","12.500","12.260","0.30%"
"2010-11-25","12.401","12.490","12.720","11.870","-1.57%"
"2010-11-24","12.599","12.720","12.780","12.438","-0.48%"
"2010-11-23","12.660","12.760","12.910","12.620","-0.78%"
"2010-11-22","12.760","12.441","12.820","12.430","2.56%"
"2010-11-19","12.441","12.462","12.560","12.430","-0.17%"
"2010-11-18","12.462","12.490","12.610","11.890","0.31%"
"2010-11-17","12.424","12.414","12.570","12.360","0.08%"
"2010-11-16","12.414","12.350","12.500","11.890","1.42%"
"2010-11-12","12.240","12.250","12.250","12.180","0.48%"
"2010-11-11","12.182","12.220","12.280","12.182","-0.31%"
"2010-11-10","12.220","12.285","12.320","12.155","0.21%"
"2010-11-09","12.195","12.190","12.235","11.890","0.04%"
"2010-11-08","12.190","12.080","12.300","11.925","0.99%"
"2010-11-05","12.070","11.925","12.070","11.890","1.22%"
"2010-11-04","11.925","11.890","11.950","11.760","0.29%"
"2010-11-03","11.890","11.850","11.970","11.770","0.34%"
"2010-11-01","11.850","11.920","12.320","11.820","-0.59%"
"2010-10-29","11.920","12.170","12.380","11.920","-2.05%"
"2010-10-28","12.170","12.270","12.300","12.170","-0.81%"
"2010-10-27","12.270","12.125","12.350","12.125","1.20%"
"2010-10-26","12.125","12.140","12.310","12.080","-1.02%"
"2010-10-25","12.250","12.140","12.370","12.140","0.66%"
"2010-10-22","12.170","12.130","12.310","12.100","0.33%"
"2010-10-21","12.130","11.625","12.150","11.625","1.25%"
"2010-10-20","11.980","11.480","12.020","11.480","0.25%"
"2010-10-19","11.950","11.480","12.020","11.480","2.49%"
"2010-10-18","11.660","11.480","11.660","11.480","1.57%"
"2010-10-15","11.480","11.760","11.760","11.430","-0.95%"
"2010-10-14","11.590","11.770","11.860","11.490","-1.53%"
"2010-10-13","11.770","11.830","11.890","11.280","-0.51%"
"2010-10-11","11.830","11.830","11.910","11.810","-0.08%"
"2010-10-08","11.840","11.875","11.920","11.790","0.00%"
"2010-10-07","11.840","11.940","11.940","11.840","-0.84%"
"2010-10-06","11.940","11.910","11.960","11.820","0.42%"
"2010-10-05","11.890","11.855","12.050","11.855","-0.42%"
"2010-10-04","11.940","12.000","12.000","11.840","-0.33%"
"2010-10-01","11.980","12.150","12.150","11.860","-0.33%"
"2010-09-30","12.020","11.920","12.040","11.890","0.84%"
"2010-09-29","11.920","11.930","12.010","11.820","-0.08%"
"2010-09-28","11.930","11.685","11.970","11.685","1.10%"
"2010-09-27","11.800","11.860","11.870","11.530","0.77%"
"2010-09-24","11.710","11.860","11.860","11.590","-0.34%"
"2010-09-23","11.750","11.910","11.910","11.750","-1.34%"
"2010-09-22","11.910","11.860","12.030","11.770","0.51%"
"2010-09-21","11.850","11.690","11.980","11.690","-0.46%"
"2010-09-20","11.905","11.690","11.905","11.690","0.55%"
"2010-09-17","11.840","11.690","12.110","11.690","-1.00%"
"2010-09-16","11.960","11.780","12.010","11.690","1.53%"
"2010-09-15","11.780","11.565","11.870","11.565","0.43%"
"2010-09-14","11.730","11.565","11.820","11.565","-0.26%"
"2010-09-13","11.760","11.565","11.830","11.565","0.34%"
"2010-09-10","11.720","11.565","11.770","11.565","0.17%"
"2010-09-09","11.700","11.650","11.830","11.430","0.43%"
"2010-09-08","11.650","11.630","11.660","11.380","0.43%"
"2010-09-06","11.600","11.630","11.660","11.600","0.82%"
"2010-09-03","11.506","11.645","11.780","11.506","-1.91%"
"2010-09-02","11.730","11.680","11.760","11.506","0.43%"
"2010-09-01","11.680","11.510","11.680","11.506","1.48%"
"2010-08-31","11.510","11.575","11.575","11.506","-0.52%"
"2010-08-30","11.570","11.560","11.575","11.550","1.14%"
"2010-08-26","11.440","11.300","11.440","11.270","1.24%"
"2010-08-25","11.300","11.270","11.345","11.260","0.36%"
"2010-08-24","11.260","11.537","11.537","11.260","-0.44%"
"2010-08-23","11.310","11.490","11.492","11.310","-1.57%"
"2010-08-20","11.490","11.480","12.160","11.480","-0.17%"
"2010-08-19","11.510","11.560","11.560","11.460","-0.26%"
"2010-08-18","11.540","11.700","11.700","11.540","-1.11%"
"2010-08-17","11.670","11.700","11.700","11.640","-0.26%"
"2010-08-16","11.700","11.820","11.831","11.690","-1.18%"
"2010-08-13","11.840","11.820","11.840","11.820","0.17%"
"2010-08-12","11.820","11.790","11.820","11.780","0.25%"
"2010-08-11","11.790","11.875","11.875","11.790","-0.25%"
"2010-08-10","11.820","12.030","12.030","11.820","-0.59%"
"2010-08-09","11.890","12.020","12.040","11.888","-1.08%"
"2010-08-06","12.020","11.990","12.040","11.990","0.25%"
"2010-08-05","11.990","12.070","12.071","11.990","-0.66%"
"2010-08-04","12.070","11.980","12.070","11.980","0.58%"
"2010-08-03","12.000","11.950","12.000","11.940","0.42%"
"2010-08-02","11.950","12.090","12.090","11.950","-0.50%"
"2010-07-30","12.010","12.120","12.120","12.000","-0.93%"
"2010-07-29","12.123","12.111","12.180","12.045","0.02%"
"2010-07-28","12.120","12.052","12.225","12.045","0.56%"
"2010-07-27","12.052","12.080","12.090","12.052","-0.22%"
"2010-07-26","12.079","12.225","12.225","12.079","-0.61%"
"2010-07-23","12.153","12.135","12.225","12.130","0.16%"
"2010-07-22","12.134","12.079","12.160","12.079","0.46%"
"2010-07-21","12.079","12.280","12.280","12.079","-1.64%"
"2010-07-20","12.280","12.290","12.302","12.280","-0.18%"
"2010-07-19","12.302","12.230","12.302","12.230","0.44%"
"2010-07-16","12.248","12.280","12.283","12.230","-0.26%"
"2010-07-15","12.280","12.240","12.290","12.240","0.12%"
"2010-07-14","12.265","12.235","12.270","12.220","0.35%"
"2010-07-13","12.222","12.270","12.270","12.222","-0.39%"
"2010-07-12","12.270","12.290","12.290","12.240","-0.15%"
"2010-07-08","12.288","12.270","12.290","12.228","0.47%"
"2010-07-07","12.230","12.270","12.270","12.228","-0.10%"
"2010-07-06","12.242","12.270","12.270","12.220","-0.01%"
"2010-07-05","12.243","12.250","12.410","12.220","-0.02%"
"2010-07-02","12.245","12.320","12.330","12.230","-0.32%"
"2010-07-01","12.284","12.788","12.788","12.284","-3.94%"
"2010-06-30","12.788","12.788","12.788","12.320","0.00%"
"2010-06-29","12.788","12.788","12.788","12.320","0.00%"
"2010-06-28","12.788","12.788","12.788","12.310","0.00%"
"2010-06-25","12.788","12.420","12.788","12.360","2.96%"
"2010-06-24","12.420","12.470","12.788","12.360","-0.40%"
"2010-06-23","12.470","12.450","12.788","12.430","0.16%"
"2010-06-22","12.450","12.350","12.788","12.350","0.81%"
"2010-06-21","12.350","12.410","12.788","12.350","-0.64%"
"2010-06-18","12.430","12.788","12.788","12.410","-0.24%"
"2010-06-17","12.460","12.788","13.030","12.460","-0.88%"
"2010-06-16","12.570","12.788","12.800","12.570","-1.49%"
"2010-06-15","12.760","12.788","12.788","12.690","-0.22%"
"2010-06-14","12.788","12.788","12.788","12.470","1.25%"
"2010-06-11","12.630","12.788","12.788","12.550","0.48%"
"2010-06-10","12.570","12.510","12.788","12.440","0.48%"
"2010-06-09","12.510","12.788","12.788","12.430","0.64%"
"2010-06-08","12.430","12.788","12.788","12.430","0.16%"
"2010-06-07","12.410","12.788","12.788","12.410","-2.96%"
"2010-06-04","12.788","12.788","12.788","12.788","-4.35%"
"2009-12-09","13.370","13.380","13.400","12.440","7.48%"
"2009-12-08","12.440","13.310","13.360","12.440","-5.90%"
"2009-12-07","13.220","13.380","13.380","12.403","6.25%"
"2009-12-04","12.442","13.350","13.380","12.442","-6.31%"
"2009-12-03","13.280","13.390","13.400","12.473","6.47%"
"2009-12-02","12.473","13.335","13.395","12.438","-6.34%"
"2009-12-01","13.318","13.410","13.450","12.438","6.48%"
"2009-11-30","12.507","13.360","13.470","12.430","0.62%"
"2009-11-27","12.430","13.380","13.440","12.430","0.24%"
"2009-11-26","12.400","13.210","13.370","12.400","-5.44%"
"2009-11-25","13.114","13.210","13.270","12.292","6.36%"
"2009-11-24","12.330","13.240","13.260","12.330","-0.01%"
"2009-11-23","12.331","13.220","13.280","12.331","-6.12%"
"2009-11-19","13.135","13.250","13.300","12.313","6.49%"
"2009-11-18","12.335","13.130","13.330","12.335","0.22%"
"2009-11-17","12.308","13.270","13.290","12.308","-0.02%"
"2009-11-16","12.311","13.150","13.290","12.311","-6.38%"
"2009-11-13","13.150","13.290","13.330","12.328","6.24%"
"2009-11-12","12.378","13.240","13.340","12.318","-5.73%"
"2009-11-11","13.130","13.200","13.260","13.110","6.85%"
"2009-11-10","12.288","13.180","13.210","12.288","0.12%"
"2009-11-09","12.273","13.220","13.290","12.273","-0.10%"
"2009-11-06","12.285","13.330","13.330","12.285","-0.25%"
"2009-11-05","12.316","13.210","13.330","12.316","-0.54%"
"2009-11-04","12.383","12.372","13.300","12.372","-6.33%"
"2009-11-03","13.220","13.190","13.320","12.440","-0.31%"
"2009-10-30","13.261","13.340","13.340","12.366","0.61%"
"2009-10-29","13.180","13.300","13.380","12.366","6.47%"
"2009-10-28","12.379","13.220","13.270","12.290","0.72%"
"2009-10-27","12.290","13.330","13.330","12.290","-6.62%"
"2009-10-26","13.161","13.320","13.360","12.340","6.05%"
"2009-10-23","12.410","13.350","13.430","12.410","-0.10%"
"2009-10-22","12.423","13.180","13.380","12.271","-4.59%"
"2009-10-21","13.020","13.170","13.210","13.020","6.04%"
"2009-10-20","12.278","13.230","13.480","12.278","-0.94%"
"2009-10-19","12.394","13.140","13.280","12.394","2.57%"
"2009-10-16","12.084","12.925","13.085","12.084","0.81%"
"2009-10-15","11.987","12.755","12.875","11.987","-5.38%"
"2009-10-14","12.668","12.850","12.900","11.845","-0.60%"
"2009-10-13","12.745","12.720","12.840","11.922","0.24%"
"2009-10-09","12.715","12.700","12.740","11.873","0.12%"
"2009-10-08","12.700","12.630","12.885","11.816","0.55%"
"2009-10-07","12.630","12.640","12.765","12.620","-0.08%"
"2009-10-06","12.640","12.805","12.905","12.640","6.52%"
"2009-10-05","11.866","12.795","12.815","11.866","-0.34%"
"2009-10-02","11.907","12.935","12.950","11.907","-0.96%"
"2009-10-01","12.023","12.915","12.965","12.023","-6.14%"
"2009-09-30","12.810","12.865","12.945","11.963","0.23%"
"2009-09-29","12.780","12.860","12.900","12.780","0.00%"
"2009-09-28","12.780","12.500","13.080","12.500","-0.93%"
"2009-09-25","12.900","13.100","13.220","12.081","-0.85%"
"2009-09-24","13.010","12.980","13.100","12.890","0.93%"
"2009-09-23","12.890","12.860","13.010","12.071","0.31%"
"2009-09-22","12.850","13.000","13.120","12.119","-0.62%"
"2009-09-21","12.930","12.980","13.060","12.880","0.36%"
"2009-09-18","12.884","13.000","13.060","12.132","-0.51%"
"2009-09-17","12.950","13.100","13.190","12.212","-0.67%"
"2009-09-16","13.037","13.060","13.200","12.136","0.59%"
"2009-09-15","12.960","13.030","13.080","12.079","0.47%"
"2009-09-14","12.900","12.990","13.030","12.097","-0.15%"
"2009-09-11","12.920","12.920","13.045","12.920","6.76%"
"2009-09-10","12.102","12.975","13.005","12.102","0.23%"
"2009-09-09","12.074","12.970","13.020","12.046","-6.04%"
"2009-09-08","12.850","12.075","13.010","12.075","-0.16%"
"2009-09-04","12.870","12.910","12.910","12.870","6.49%"
"2009-09-03","12.086","12.970","13.050","12.069","0.14%"
"2009-09-02","12.069","12.920","12.980","12.030","0.06%"
"2009-09-01","12.062","12.960","12.980","12.062","-6.28%"
"2009-08-31","12.870","12.980","13.020","12.075","6.58%"
"2009-08-28","12.075","12.850","13.000","12.035","-6.03%"
"2009-08-27","12.850","12.890","12.990","12.042","-0.08%"
"2009-08-26","12.860","12.960","12.970","12.053","-0.08%"
"2009-08-25","12.870","13.000","13.020","12.070","-0.16%"
"2009-08-24","12.890","13.040","13.060","12.131","6.26%"
"2009-08-21","12.131","12.910","13.060","12.131","0.32%"
"2009-08-20","12.092","12.820","13.030","12.092","-5.16%"
"2009-08-19","12.750","12.780","12.810","11.876","0.39%"
"2009-08-18","12.700","12.770","12.820","11.860","0.16%"
"2009-08-17","12.680","12.860","12.860","11.951","6.10%"
"2009-08-14","11.951","12.960","12.960","11.951","-0.75%"
"2009-08-13","12.041","12.980","13.010","12.041","-0.58%"
"2009-08-12","12.111","12.930","13.040","12.111","-6.33%"
"2009-08-11","12.930","12.880","13.060","12.060","0.39%"
"2009-08-10","12.880","12.860","13.000","12.035","0.16%"
"2009-08-07","12.860","12.790","12.860","11.965","7.48%"
"2009-08-06","11.965","12.870","12.920","11.965","-0.15%"
"2009-08-05","11.983","12.820","12.860","11.869","0.96%"
"2009-08-04","11.869","12.690","12.830","11.869","-0.08%"
"2009-08-03","11.879","12.810","12.810","11.879","-7.27%"
"2009-07-31","12.810","12.890","12.990","12.003","-0.08%"
"2009-07-30","12.820","12.750","12.920","11.840","0.79%"
"2009-07-29","12.720","12.780","12.800","12.650","7.52%"
"2009-07-28","11.830","12.750","12.810","11.830","-6.41%"
"2009-07-27","12.640","12.860","12.860","11.989","-1.33%"
"2009-07-24","12.810","13.040","13.080","11.989","5.45%"
"2009-07-23","12.148","12.955","13.115","12.148","0.44%"
"2009-07-22","12.095","13.010","13.040","12.095","-6.46%"
"2009-07-21","12.930","13.010","13.060","12.111","6.46%"
"2009-07-20","12.145","13.040","13.040","12.145","-6.65%"
"2009-07-17","13.010","13.050","13.080","12.178","0.08%"
"2009-07-16","13.000","13.000","13.090","12.131","0.39%"
"2009-07-15","12.950","12.920","13.450","11.952","8.35%"
"2009-07-14","11.952","13.040","13.050","11.952","-1.15%"
"2009-07-13","12.091","12.845","13.010","11.975","0.80%"
"2009-07-10","11.995","12.880","12.890","11.995","0.00%"
"2009-07-08","11.995","12.965","13.080","11.995","-0.70%"
"2009-07-07","12.080","13.040","13.100","12.080","-0.36%"
"2009-07-06","12.124","12.040","13.016","12.033","-6.52%"
"2009-07-03","12.970","12.040","13.000","12.008","1.09%"
"2009-07-02","12.830","12.853","12.930","11.957","-0.18%"
"2009-07-01","12.853","12.870","12.950","12.870","0.26%"
"2009-06-30","12.820","12.910","13.030","12.910","-0.47%"
"2009-06-29","12.880","12.560","12.910","11.670","2.55%"
"2009-06-26","12.560","12.640","12.650","12.500","7.44%"
"2009-06-25","11.690","12.680","12.740","11.690","-7.22%"
"2009-06-24","12.600","12.710","12.880","12.600","-0.24%"
"2009-06-23","12.630","12.740","12.830","12.630","-0.55%"
"2009-06-22","12.700","12.750","12.835","11.880","6.45%"
"2009-06-19","11.930","12.790","13.010","11.930","-6.14%"
"2009-06-18","12.710","12.590","12.840","12.530","1.36%"
"2009-06-17","12.540","12.480","12.640","11.850","0.48%"
"2009-06-16","12.480","11.840","12.730","11.840","-1.50%"
"2009-06-15","12.670","12.610","12.770","11.760","0.64%"
"2009-06-12","12.590","12.680","13.250","12.350","6.33%"
"2009-06-10","11.840","12.680","12.900","11.840","-6.62%"
"2009-06-09","12.680","12.350","12.750","11.530","2.67%"
"2009-06-08","12.350","11.400","12.445","11.400","1.06%"
"2009-06-05","12.220","12.070","12.350","12.070","8.53%"
"2009-06-04","11.260","12.100","12.260","11.260","-6.94%"
"2009-06-03","12.100","12.050","12.210","11.270","0.41%"
"2009-06-02","12.050","12.057","12.110","11.210","0.50%"
"2009-06-01","11.990","11.980","12.100","11.150","0.08%"
"2009-05-29","11.980","12.050","12.160","11.150","6.68%"
"2009-05-28","11.230","11.150","12.200","11.150","-6.26%"
"2009-05-27","11.980","11.980","12.125","11.880","8.32%"
"2009-05-26","11.060","11.960","12.180","11.060","-6.90%"
"2009-05-25","11.880","12.020","12.065","11.060","-0.67%"
"2009-05-22","11.960","12.120","12.290","11.220","-0.91%"
"2009-05-21","12.070","12.020","12.320","11.870","1.34%"
"2009-05-20","11.910","12.170","12.190","11.910","5.87%"
"2009-05-19","11.250","12.170","12.330","11.250","-0.18%"
"2009-05-18","11.270","12.320","12.320","11.270","-8.30%"
"2009-05-15","12.290","12.690","12.721","12.290","4.06%"
"2009-05-14","11.810","12.630","12.760","11.810","-6.49%"
"2009-05-13","12.630","12.770","12.800","11.470","-0.39%"
"2009-05-12","12.680","12.780","12.860","12.680","-0.78%"
"2009-05-11","12.780","12.950","13.000","12.020","-0.47%"
"2009-05-08","12.840","12.850","13.060","12.760","0.47%"
"2009-05-07","12.780","12.830","12.940","12.730","-0.08%"
"2009-05-06","12.790","12.850","12.970","12.790","6.32%"
"2009-05-05","12.030","12.890","13.000","12.030","-0.17%"
"2009-05-04","12.050","13.090","13.320","12.050","-7.94%"
"2009-04-30","13.090","13.050","13.240","12.270","7.83%"
"2009-04-29","12.140","13.090","13.120","12.140","-6.83%"
"2009-04-28","13.030","13.220","13.260","12.290","6.02%"
"2009-04-27","12.290","12.990","13.170","12.290","-5.46%"
"2009-04-24","13.000","12.900","13.070","12.040","0.78%"
"2009-04-23","12.900","12.920","12.970","12.830","0.39%"
"2009-04-22","12.850","13.140","13.230","12.030","-2.73%"
"2009-04-20","13.210","13.150","13.320","11.960","1.15%"
"2009-04-17","13.060","12.890","13.210","12.790","2.11%"
"2009-04-16","12.790","12.680","12.890","11.840","0.95%"
"2009-04-15","12.670","12.730","12.860","12.620","0.40%"
"2009-04-14","12.620","13.030","13.040","11.800","-2.70%"
"2009-04-13","12.970","12.930","13.110","12.150","0.70%"
"2009-04-09","12.880","12.940","13.010","12.780","-0.23%"
"2009-04-08","12.910","12.730","12.920","12.690","1.57%"
"2009-04-07","12.710","12.720","12.770","11.880","7.80%"
"2009-04-06","11.790","12.720","12.750","11.790","-6.43%"
"2009-04-03","12.600","12.530","12.620","11.780","1.20%"
"2009-04-02","12.450","12.370","12.500","12.290","1.30%"
"2009-04-01","12.290","12.420","12.541","12.290","-0.57%"
"2009-03-31","12.360","12.360","12.445","11.530","7.95%"
"2009-03-30","11.450","12.260","12.550","11.450","-6.61%"
"2009-03-27","12.260","12.310","12.435","12.250","0.00%"
"2009-03-26","12.260","12.510","12.580","11.410","-1.13%"
"2009-03-25","12.400","12.510","12.600","12.400","-0.48%"
"2009-03-24","12.460","12.590","12.755","11.610","0.73%"
"2009-03-23","12.370","12.370","13.630","11.520","-0.24%"
"2009-03-20","12.400","12.370","13.480","11.450","0.81%"
"2009-03-19","12.300","12.260","12.470","11.340","0.99%"
"2009-03-18","12.180","12.670","12.711","12.180","-3.41%"
"2009-03-17","12.610","12.600","12.790","11.780","-0.08%"
"2009-03-16","12.620","12.620","12.932","11.780","1.77%"
"2009-03-12","12.400","12.360","12.530","12.300","8.30%"
"2009-03-11","11.450","12.430","12.490","11.450","-8.98%"
"2009-03-10","12.580","12.680","12.870","12.470","6.16%"
"2009-03-09","11.850","12.750","12.780","11.850","-6.84%"
"2009-03-06","12.720","12.840","12.870","11.870","-0.16%"
"2009-03-05","12.740","13.030","13.080","12.740","-1.16%"
"2009-03-04","12.890","12.720","13.000","12.630","1.90%"
"2009-03-03","12.650","12.900","13.440","11.960","-1.48%"
"2009-03-02","12.840","13.010","13.160","12.695","6.47%"
"2009-02-27","12.060","13.080","13.200","12.060","-1.07%"
"2009-02-26","12.190","13.330","13.380","12.190","-8.00%"
"2009-02-25","13.250","13.220","13.250","13.110","0.61%"
"2009-02-20","13.170","13.100","13.290","13.020","1.15%"
"2009-02-19","13.020","13.270","13.270","13.020","-1.81%"
"2009-02-18","13.260","13.290","13.370","13.220","0.00%"
"2009-02-17","13.260","13.170","13.320","13.110","7.89%"
"2009-02-16","12.290","13.270","13.270","12.240","-6.04%"
"2009-02-13","13.080","13.510","13.640","12.240","-3.18%"
"2009-02-12","13.510","13.470","13.750","13.430","0.37%"
"2009-02-11","13.460","13.540","13.540","13.250","-3.51%"
"2009-02-10","13.950","13.300","13.950","12.620","4.97%"
"2009-02-09","13.290","13.110","13.340","12.430","8.85%"
"2009-02-06","12.210","13.090","13.240","12.210","-6.51%"
"2009-02-05","13.060","12.930","13.260","12.100","0.62%"
"2009-02-04","12.980","12.760","13.005","12.710","2.12%"
"2009-02-03","12.710","12.840","13.000","12.650","-0.78%"
"2009-02-02","12.810","13.040","13.370","12.120","-1.23%"
"2009-01-30","12.970","13.310","13.460","12.120","3.68%"
"2009-01-29","12.510","13.200","13.490","12.510","-4.14%"
"2009-01-28","13.050","13.310","13.370","12.220","-1.88%"
"2009-01-27","13.300","13.780","14.090","12.730","-1.34%"
"2009-01-26","13.480","13.380","13.620","13.210","9.06%"
"2009-01-23","12.360","13.345","13.500","12.360","2.91%"
"2009-01-22","12.010","12.000","13.110","12.000","-5.28%"
"2009-01-21","12.680","12.970","13.090","12.670","0.00%"
"2009-01-20","12.680","12.820","12.995","11.820","0.00%"
"2009-01-19","12.680","13.240","13.240","12.680","-2.16%"
"2009-01-16","12.960","13.700","13.700","12.900","0.00%"
"2009-01-15","12.960","12.670","13.065","11.980","0.00%"
"2009-01-14","12.960","12.700","12.960","12.550","3.27%"
"2009-01-13","12.550","12.820","12.850","12.550","6.18%"
"2009-01-12","11.820","12.760","13.040","11.820","-6.86%"
"2009-01-09","12.690","13.020","13.020","12.670","-3.50%"
"2009-01-08","13.150","13.150","13.190","12.900","0.69%"
"2009-01-07","13.060","12.870","13.150","12.770","2.11%"
"2009-01-06","12.790","12.950","12.950","11.950","-1.24%"
"2009-01-05","12.950","12.370","13.600","12.370","-2.56%"
"2009-01-02","13.290","13.390","13.410","12.560","5.81%"
"2008-12-30","12.560","13.680","14.321","12.560","-7.37%"
"2008-12-29","13.560","13.810","13.891","12.890","-1.24%"
"2008-12-26","13.730","12.960","13.880","12.960","-0.29%"
"2008-12-23","13.770","14.040","14.130","13.200","-2.20%"
"2008-12-22","14.080","14.272","14.290","13.440","-0.71%"
"2008-12-19","14.180","14.240","14.720","14.180","-1.12%"
"2008-12-18","14.340","15.020","15.040","14.315","-3.63%"
"2008-12-17","14.880","15.395","15.450","14.030","-4.43%"
"2008-12-16","15.570","15.420","15.630","14.460","1.70%"
"2008-12-15","15.310","15.400","15.500","14.540","-0.58%"
"2008-12-12","15.400","15.470","15.670","14.540","0.00%"
"2008-12-11","15.400","15.440","15.580","14.560","5.48%"
"2008-12-10","14.600","15.320","15.430","14.600","-4.70%"
"2008-12-09","15.320","15.100","15.490","14.120","3.44%"
"2008-12-08","14.810","15.110","15.406","14.130","-1.27%"
"2008-12-05","15.000","15.500","15.602","14.130","-2.66%"
"2008-12-04","15.410","15.870","15.980","14.580","-0.19%"
"2008-12-03","15.440","15.920","15.930","15.290","-0.52%"
"2008-12-02","15.520","16.610","16.610","15.420","-4.32%"
"2008-12-01","16.220","17.330","17.390","16.100","-4.25%"
"2008-11-28","16.940","18.220","18.240","16.940","-1.45%"
"2008-11-27","17.190","18.230","18.280","17.120","5.33%"
"2008-11-26","16.320","18.330","18.440","16.320","-5.34%"
"2008-11-25","17.240","17.190","18.400","17.190","0.12%"
"2008-11-24","17.220","17.820","17.820","16.360","-0.17%"
"2008-11-21","17.250","16.360","17.250","16.360","5.83%"
"2008-11-18","16.300","16.640","16.640","16.300","-2.40%"
"2008-11-17","16.700","16.700","16.700","16.700","0.00%"
"2008-11-14","16.700","16.700","16.700","16.700","-0.60%"
"2008-11-13","16.800","16.700","16.800","16.700","-0.59%"
"2008-11-12","16.900","16.900","16.900","16.900","0.00%"
"2008-11-11","16.900","16.900","16.900","16.900","-0.18%"
"2008-11-10","16.930","16.930","16.930","16.930","-2.76%"
"2008-11-06","17.410","17.410","17.410","17.410","0.52%"
"2008-11-05","17.320","17.100","17.320","17.100","-0.06%"
"2008-11-04","17.330","17.330","17.330","17.330","0.00%"
"2008-11-03","17.330","17.330","17.330","17.330","0.00%"
"2008-10-31","17.330","17.330","17.330","17.330","6.25%"
"2008-10-29","16.310","16.310","16.310","16.310","-5.94%"
"2008-10-28","17.340","18.000","18.000","17.340","-3.18%"
"2008-10-24","17.910","17.910","17.910","17.910","5.17%"
"2008-10-23","17.030","17.030","17.030","17.030","-2.24%"
"2008-10-22","17.420","17.420","17.420","17.420","9.63%"
"2008-10-21","15.890","15.660","15.890","15.660","1.47%"
"2008-10-20","15.660","15.590","15.660","15.590","2.62%"
"2008-10-17","15.260","15.260","15.260","15.260","0.13%"
"2008-10-16","15.240","15.240","15.240","15.240","1.33%"
"2008-10-14","15.040","13.740","15.750","13.430","0.07%"
"2008-10-13","15.030","13.740","15.750","13.430","-0.40%"
"2008-10-10","15.090","13.740","15.220","13.430","-0.85%"
"2008-10-09","15.220","13.740","15.220","13.430","1.33%"
"2008-10-07","15.020","13.740","15.020","13.430","3.73%"
"2008-10-06","14.480","13.740","14.480","13.430","4.25%"
"2008-10-03","13.890","13.740","14.070","13.430","3.43%"
"2008-10-02","13.430","13.740","14.070","13.430","-1.68%"
"2008-10-01","13.660","13.740","14.070","13.660","-2.91%"
"2008-09-29","14.070","13.740","14.070","13.740","0.36%"
"2008-09-26","14.020","14.020","14.020","14.020","0.00%"
"2008-09-25","14.020","14.020","14.020","14.020","-2.37%"
"2008-09-24","14.360","14.360","14.360","14.360","1.92%"
"2008-09-22","14.090","14.090","14.090","14.090","0.09%"
"2008-09-12","14.078","14.078","14.078","14.078","-0.13%"
"2008-09-11","14.097","14.097","14.097","14.097","0.81%"
"2008-09-10","13.984","13.984","13.984","13.984","-0.39%"
"2008-09-08","14.039","14.039","14.039","14.039","-0.94%"
"2008-09-04","14.172","14.172","14.172","14.172","2.30%"
"2008-09-03","13.853","13.853","13.853","13.853","1.98%"
"2008-08-29","13.584","13.584","13.584","13.584","-1.01%"
"2008-08-26","13.723","13.723","13.723","13.723","-0.51%"
"2008-08-25","13.794","13.794","13.794","13.794","0.15%"
"2008-08-22","13.774","13.774","13.774","13.774","0.20%"
"2008-08-21","13.746","13.746","13.746","13.746","-0.07%"
"2008-08-20","13.756","13.756","13.756","13.756","0.19%"
"2008-08-19","13.730","13.730","13.730","13.730","-0.72%"
"2008-08-18","13.829","13.829","13.829","13.829","-0.17%"
"2008-08-15","13.852","13.911","13.911","13.852","-0.42%"
"2008-08-14","13.911","13.911","13.911","13.911","-0.24%"
"2008-08-13","13.945","13.945","13.945","13.945","1.37%"
"2008-08-08","13.756","13.756","13.756","13.756","0.78%"
"2008-08-07","13.649","13.649","13.649","13.649","1.13%"
"2008-08-06","13.496","13.496","13.496","13.496","0.54%"
"2008-08-05","13.424","13.424","13.424","13.424","-1.13%"
"2008-08-04","13.577","13.577","13.577","13.577","0.38%"
"2008-08-01","13.525","13.525","13.525","13.525","-1.56%"
"2008-07-31","13.739","13.739","13.739","13.739","0.17%"
"2008-07-30","13.715","13.715","13.715","13.715","-1.37%"
"2008-07-29","13.906","13.906","13.906","13.906","1.36%"
"2008-07-25","13.719","13.719","13.719","13.719","0.12%"
"2008-07-24","13.703","13.703","13.703","13.703","-2.19%"
"2008-07-23","14.010","14.010","14.010","14.010","-1.14%"
"2008-07-22","14.171","14.171","14.171","14.171","-1.01%"
"2008-07-21","14.316","14.316","14.316","14.316","0.89%"
"2008-07-18","14.190","14.455","14.455","14.190","-1.55%"
"2008-07-17","14.413","14.413","14.413","14.413","-0.60%"
"2008-07-16","14.500","14.500","14.500","14.500","0.31%"
"2008-07-15","14.455","14.455","14.455","14.455","-1.90%"
"2008-07-11","14.735","14.735","14.735","14.735","-0.86%"
"2008-07-10","14.863","14.863","14.863","14.863","-1.96%"
"2008-07-04","15.160","15.160","15.160","15.160","0.50%"
"2008-07-03","15.085","15.085","15.085","15.085","0.33%"
"2008-07-02","15.035","15.035","15.035","15.035","1.06%"
"2008-06-30","14.878","14.722","14.878","14.722","3.11%"
"2008-06-25","14.429","14.429","14.429","14.429","-0.09%"
"2008-06-23","14.442","14.442","14.442","14.442","0.52%"
"2008-06-19","14.368","14.368","14.368","14.368","-0.13%"
"2008-06-18","14.386","14.386","14.386","14.386","-1.21%"
"2008-06-17","14.562","14.562","14.562","14.562","-0.83%"
"2008-06-16","14.684","14.684","14.684","14.684","0.72%"
"2008-06-13","14.579","14.579","14.579","14.579","0.96%"
"2008-06-12","14.441","14.441","14.441","14.441","0.17%"
"2008-06-11","14.417","14.417","14.417","14.417","-0.03%"
"2008-06-09","14.422","14.422","14.422","14.422","4.67%"
"2008-06-05","13.778","13.778","13.778","13.778","1.50%"
"2008-06-04","13.575","13.575","13.575","13.575","0.31%"
"2008-06-03","13.533","13.533","13.533","13.533","-0.95%"
"2008-06-02","13.663","13.663","13.663","13.663","1.50%"
"2008-05-30","13.461","13.461","13.461","13.461","0.10%"
"2008-05-29","13.448","13.448","13.448","13.448","-1.88%"
"2008-05-27","13.706","13.706","13.706","13.706","0.71%"
"2008-05-26","13.609","13.609","13.609","13.609","0.10%"
"2008-05-23","13.596","13.596","13.596","13.596","0.19%"
"2008-05-21","13.570","13.570","13.570","13.570","0.94%"
"2008-05-20","13.443","13.443","13.443","13.443","0.43%"
"2008-05-16","13.386","13.386","13.386","13.386","-2.19%"
"2008-05-14","13.686","13.686","13.686","13.686","1.25%"
"2008-05-13","13.517","13.517","13.517","13.517","-0.89%"
"2008-05-08","13.638","13.638","13.638","13.638","0.26%"
"2008-05-07","13.603","13.603","13.603","13.603","4.09%"
"2008-05-02","13.068","13.068","13.068","13.068","-3.84%"
"2008-04-30","13.590","13.590","13.590","13.590","-2.66%"
"2008-04-29","13.961","13.961","13.961","13.961","0.00%"
"2008-04-28","13.961","13.961","13.961","13.961","1.08%"
"2008-04-25","13.812","13.812","13.812","13.812","-0.65%"
"2008-04-24","13.903","13.903","13.903","13.903","0.41%"
"2008-04-23","13.846","13.846","13.846","13.846","-1.06%"
"2008-04-22","13.994","13.994","13.994","13.994","2.45%"
"2008-04-18","13.659","13.659","13.659","13.659","0.69%"
"2008-04-16","13.565","13.565","13.565","13.565","0.52%"
"2008-04-15","13.495","13.495","13.495","13.495","0.46%"
"2008-04-14","13.433","13.433","13.433","13.433","0.10%"
"2008-04-11","13.420","13.420","13.420","13.420","0.07%"
"2008-04-10","13.410","13.410","13.422","13.410","-0.09%"
"2008-04-09","13.422","13.422","13.422","13.422","0.63%"
"2008-04-08","13.338","13.338","13.340","13.338","-0.01%"
"2008-04-07","13.340","13.340","13.340","13.340","0.64%"
"2008-04-03","13.255","13.255","13.321","13.255","-0.50%"
"2008-04-02","13.321","13.321","13.321","13.321","0.20%"
"2008-04-01","13.294","13.294","13.355","13.294","-0.11%"
"2008-03-28","13.308","13.308","13.470","13.308","-1.20%"
"2008-03-27","13.470","13.470","13.538","13.470","0.07%"
"2008-03-25","13.460","13.460","13.460","13.460","1.60%"
"2008-03-20","13.248","13.248","13.248","13.248","1.69%"
"2008-03-18","13.028","13.028","13.210","13.028","-1.38%"
"2008-03-17","13.210","13.210","13.210","13.210","0.70%"
"2008-03-14","13.118","13.118","13.118","13.118","1.35%"
"2008-03-13","12.943","12.943","12.943","12.943","1.22%"
"2008-03-12","12.787","12.787","12.787","12.787","0.42%"
"2008-03-11","12.733","12.733","12.940","12.733","-1.60%"
"2008-03-10","12.940","12.940","12.940","12.940","0.88%"
"2008-03-07","12.827","12.827","12.827","12.827","1.55%"
"2008-03-06","12.631","12.631","12.631","12.631","2.13%"
"2008-03-05","12.367","12.367","12.450","12.367","-0.67%"
"2008-03-04","12.450","12.450","12.451","12.450","-0.01%"
"2008-03-03","12.451","12.451","12.545","12.451","-0.75%"
"2008-02-29","12.545","12.545","12.545","12.545","0.87%"
"2008-02-28","12.437","12.437","12.437","12.437","0.30%"
"2008-02-27","12.400","12.400","12.443","12.400","-0.35%"
"2008-02-26","12.443","12.443","12.483","12.443","-0.32%"
"2008-02-25","12.483","12.483","12.483","12.483","0.17%"
"2008-02-22","12.462","12.462","12.490","12.462","-0.22%"
"2008-02-21","12.490","12.490","12.562","12.490","-0.57%"
"2008-02-20","12.562","12.562","12.628","12.562","-0.52%"
"2008-02-19","12.628","12.628","12.628","12.628","0.29%"
"2008-02-18","12.591","12.591","12.758","12.591","-3.20%"
"2008-01-17","13.007","13.007","13.007","13.007","0.46%"
"2008-01-15","12.948","12.948","12.973","12.948","-0.19%"
"2008-01-14","12.973","12.973","13.009","12.973","-0.28%"
"2008-01-11","13.009","13.009","13.046","13.009","-0.28%"
"2008-01-10","13.046","12.979","13.046","12.979","0.52%"
"2008-01-09","12.979","12.979","12.995","12.979","-0.12%"
"2008-01-08","12.995","12.995","13.052","12.995","-0.44%"
"2008-01-07","13.052","13.092","13.092","13.052","-0.31%"
"2008-01-04","13.092","13.066","13.092","13.066","0.20%"
"2008-01-03","13.066","13.152","13.229","13.066","-1.23%"
"2008-01-02","13.229","13.229","13.229","13.229","0.00%"
"2007-12-28","13.229","13.240","13.240","13.229","0.32%"
"2007-12-26","13.187","13.187","13.187","13.187","1.01%"
"2007-12-21","13.055","13.086","13.086","13.055","-0.24%"
"2007-12-20","13.086","12.999","13.090","12.999","-0.03%"
"2007-12-19","13.090","13.090","13.208","13.090","-0.89%"
"2007-12-17","13.208","13.271","13.384","13.208","-1.32%"
"2007-12-14","13.384","13.384","13.384","13.384","2.49%"
"2007-12-13","13.059","13.059","13.059","13.059","0.54%"
"2007-12-12","12.989","12.989","12.989","12.989","0.00%"
"2007-12-11","12.989","12.989","13.101","12.989","-0.85%"
"2007-12-10","13.101","13.020","13.101","13.020","0.62%"
"2007-12-07","13.020","13.104","13.104","13.020","-0.64%"
"2007-12-06","13.104","13.116","13.116","13.104","-0.09%"
"2007-12-05","13.116","12.950","13.116","12.950","1.28%"
"2007-12-04","12.950","12.875","12.950","12.875","0.58%"
"2007-12-03","12.875","12.780","12.875","12.780","0.74%"
"2007-11-30","12.780","12.888","12.888","12.780","0.69%"
"2007-11-29","12.692","12.692","12.692","12.692","0.05%"
"2007-11-28","12.686","12.686","12.686","12.686","0.00%"
"2007-11-27","12.686","12.686","12.686","12.686","1.28%"
"2007-11-26","12.526","12.471","12.526","12.471","0.45%"
"2007-11-23","12.470","12.470","12.470","12.470","-0.38%"
"2007-11-21","12.517","12.517","12.517","12.517","0.00%"
"2007-11-19","12.517","12.469","12.517","12.469","0.38%"
"2007-11-16","12.469","12.483","12.483","12.469","-0.11%"
"2007-11-14","12.483","12.689","12.689","12.483","-1.62%"
"2007-11-13","12.689","12.689","12.689","12.689","2.42%"
"2007-11-09","12.389","12.564","12.564","12.389","0.62%"
"2007-11-07","12.313","12.313","12.313","12.313","2.02%"
"2007-11-06","12.069","12.153","12.153","12.069","0.57%"
"2007-11-05","12.001","12.001","12.001","12.001","0.00%"
"2007-11-02","12.001","12.001","12.001","12.001","0.00%"
"2007-11-01","12.001","11.924","12.001","11.924","0.65%"
"2007-10-31","11.924","11.909","11.924","11.909","0.42%"
"2007-10-30","11.874","11.874","11.899","11.874","-0.21%"
"2007-10-29","11.899","11.899","11.899","11.899","0.00%"
"2007-10-26","11.899","12.065","12.065","11.899","-1.04%"
"2007-10-25","12.024","12.024","12.024","12.024","0.00%"
"2007-10-24","12.024","12.024","12.024","12.024","1.36%"
"2007-10-23","11.863","11.863","12.060","11.863","-1.63%"
"2007-10-22","12.060","11.793","12.060","11.793","4.11%"
"2007-10-19","11.584","11.584","11.584","11.584","0.00%"
"2007-10-18","11.584","11.522","11.584","11.522","0.54%"
"2007-10-17","11.522","11.471","11.522","11.471","0.44%"
"2007-10-16","11.471","11.471","11.471","11.471","0.31%"
"2007-10-15","11.436","11.452","11.452","11.436","-11.07%"
"2007-08-16","12.860","12.860","12.860","12.860","12.22%"
"2007-08-06","11.460","11.460","11.480","11.460","2.71%"
"2007-07-27","11.158","11.158","11.339","11.158","9.84%"
"2007-05-30","10.158","10.158","10.158","10.158","0.07%"
"2007-05-29","10.151","10.151","10.151","10.151","1.15%"
"2007-05-28","10.036","10.036","10.049","10.036","-0.13%"
"2007-05-25","10.049","10.049","10.170","10.049","-1.19%"
"2007-05-24","10.170","10.170","10.170","10.170","3.84%"
"2007-05-22","9.794","9.794","9.968","9.794","-0.75%"
"2007-05-21","9.868","9.868","9.968","9.868","-1.00%"
"2007-05-18","9.968","9.968","10.119","9.968","0.41%"
"2007-05-17","9.927","9.927","10.119","9.927","-1.90%"
"2007-05-16","10.119","10.119","10.317","10.119","-2.99%"