日付,終値,始値,高値,安値,変化率 %
2026/8/14,1.681,1.691,1.691,1.678,-0.71%
2026/8/13,1.693,1.748,1.748,1.69,-0.59%
2026/8/12,1.703,1.701,1.735,1.698,-0.18%
2026/8/11,1.706,1.703,1.726,1.695,0.35%
2026/8/10,1.7,1.752,1.752,1.695,-0.18%
2026/8/7,1.703,1.707,1.707,1.7,-0.12%
2026/8/6,1.705,1.75,1.75,1.699,-0.12%
2026/8/5,1.707,1.707,1.73,1.699,0.23%
2026/8/4,1.703,1.735,1.735,1.701,-0.35%
2026/8/3,1.709,1.742,1.742,1.701,0.00%
2026/7/31,1.709,1.78,1.78,1.707,-3.99%
2026/7/30,1.78,1.769,1.78,1.71,1.83%
2026/7/29,1.748,1.773,1.773,1.722,1.27%
2026/7/28,1.726,1.803,1.803,1.72,-0.12%
2026/7/27,1.728,1.767,1.767,1.719,0.17%
2026/7/24,1.725,1.762,1.762,1.718,-1.60%
2026/7/23,1.753,1.775,1.775,1.717,1.27%
2026/7/22,1.731,1.775,1.775,1.726,-0.35%
2026/7/21,1.737,1.784,1.784,1.733,-0.29%
2026/7/20,1.742,1.78,1.78,1.734,0.58%
2026/7/17,1.732,1.774,1.774,1.731,-0.40%
2026/7/16,1.739,1.78,1.78,1.734,0.12%
2026/7/15,1.737,1.74,1.74,1.731,0.12%
2026/7/14,1.735,1.79,1.79,1.732,-0.40%
2026/7/13,1.742,1.765,1.765,1.731,0.58%
2026/7/10,1.732,1.78,1.78,1.729,-0.74%
2026/7/9,1.745,1.77,1.77,1.729,0.69%
2026/7/8,1.733,1.78,1.78,1.73,-0.06%
2026/7/7,1.734,1.779,1.779,1.73,0.00%
2026/7/6,1.734,1.79,1.79,1.73,-0.40%
2026/7/3,1.741,1.783,1.783,1.737,-1.86%
2026/7/2,1.774,1.786,1.786,1.731,1.78%
2026/7/1,1.743,1.743,1.758,1.735,0.29%
2026/6/30,1.738,1.725,1.76,1.713,0.64%
2026/6/29,1.727,1.773,1.774,1.715,-3.68%
2026/6/26,1.793,1.78,1.793,1.727,3.40%
2026/6/25,1.734,1.79,1.79,1.731,-2.09%
2026/6/24,1.771,1.79,1.79,1.737,-1.28%
2026/6/23,1.794,1.78,1.794,1.734,3.52%
2026/6/22,1.733,1.774,1.774,1.73,-1.08%
2026/6/18,1.752,1.763,1.763,1.725,-0.06%
2026/6/17,1.753,1.78,1.78,1.726,1.15%
2026/6/16,1.733,1.79,1.79,1.73,-0.74%
2026/6/15,1.746,1.793,1.793,1.74,0.11%
2026/6/12,1.744,1.793,1.793,1.74,-2.08%
2026/6/11,1.781,1.79,1.79,1.743,1.83%
2026/6/10,1.749,1.768,1.785,1.73,0.52%
2026/6/9,1.74,1.77,1.77,1.728,0.64%
2026/6/8,1.729,1.755,1.755,1.723,-1.71%
2026/6/5,1.759,1.72,1.76,1.71,2.45%
2026/6/4,1.717,1.72,1.752,1.71,-2.11%
2026/6/3,1.754,1.751,1.754,1.708,2.45%
2026/6/2,1.712,1.755,1.755,1.707,0.18%
2026/6/1,1.709,1.753,1.753,1.707,-1.21%
2026/5/29,1.73,1.769,1.769,1.714,0.23%
2026/5/28,1.726,1.774,1.774,1.716,-0.35%
2026/5/27,1.732,1.782,1.782,1.728,-0.80%
2026/5/26,1.746,1.786,1.786,1.744,-4.59%
2026/5/25,1.83,1.78,1.83,1.746,4.51%
2026/5/22,1.751,1.785,1.785,1.748,-2.99%
2026/5/21,1.805,1.789,1.805,1.739,3.56%
2026/5/20,1.743,1.75,1.75,1.739,-0.11%
2026/5/19,1.745,1.8,1.8,1.738,-5.06%
2026/5/18,1.838,1.795,1.838,1.748,4.14%
2026/5/15,1.765,1.789,1.8,1.745,0.74%
2026/5/14,1.752,1.782,1.782,1.743,-6.06%
2026/5/13,1.865,1.79,1.79,1.74,3.10%
2026/5/12,1.809,1.793,1.809,1.749,-0.82%
2026/5/11,1.824,1.798,1.824,1.755,3.11%
2026/5/9,1.769,1.804,1.805,1.752,0.11%
2026/5/8,1.767,1.804,1.805,1.752,0.40%
2026/5/7,1.76,1.805,1.806,1.756,-0.06%
2026/5/6,1.761,1.79,1.79,1.754,0.46%
2026/4/30,1.753,1.79,1.79,1.743,0.34%
2026/4/29,1.747,1.81,1.81,1.744,-0.91%
2026/4/28,1.763,1.77,1.795,1.755,-0.23%
2026/4/27,1.767,1.8,1.8,1.752,0.34%
2026/4/24,1.761,1.797,1.797,1.733,0.86%
2026/4/23,1.746,1.74,1.751,1.737,0.52%
2026/4/22,1.737,1.783,1.783,1.727,-0.86%
2026/4/21,1.752,1.805,1.805,1.749,-0.51%
2026/4/20,1.761,1.796,1.796,1.751,-0.23%
2026/4/17,1.765,1.83,1.83,1.76,-0.84%
2026/4/16,1.78,1.83,1.83,1.773,0.00%
2026/4/15,1.78,1.827,1.827,1.774,-0.28%
2026/4/14,1.785,1.838,1.838,1.775,-0.67%
2026/4/13,1.797,1.86,1.86,1.79,-0.99%
2026/4/10,1.815,1.86,1.86,1.809,-0.17%
2026/4/9,1.818,1.82,1.858,1.808,0.33%
2026/4/8,1.812,1.845,1.845,1.81,-0.22%
2026/4/7,1.816,1.848,1.848,1.812,-0.16%
2026/4/3,1.819,1.866,1.866,1.813,-0.16%
2026/4/2,1.822,1.87,1.87,1.815,-0.11%
2026/4/1,1.824,1.818,1.825,1.814,0.33%
2026/3/31,1.818,1.843,1.843,1.804,0.44%
2026/3/30,1.81,1.87,1.87,1.803,-0.55%
2026/3/27,1.82,1.87,1.87,1.813,-0.16%
2026/3/26,1.823,1.83,1.833,1.812,-0.11%
2026/3/25,1.825,1.858,1.858,1.823,-0.49%
2026/3/24,1.834,1.835,1.836,1.831,-0.05%
2026/3/23,1.835,1.88,1.88,1.83,0.16%
2026/3/20,1.832,1.87,1.87,1.823,0.16%
2026/3/19,1.829,1.855,1.855,1.808,0.44%
2026/3/18,1.821,1.88,1.88,1.818,-0.76%
2026/3/17,1.835,1.88,1.88,1.83,0.00%
2026/3/16,1.835,1.86,1.86,1.825,-0.49%
2026/3/13,1.844,1.835,1.844,1.81,1.60%
2026/3/12,1.815,1.855,1.855,1.814,-1.57%
2026/3/11,1.844,1.838,1.844,1.808,1.88%
2026/3/10,1.81,1.835,1.835,1.803,-3.72%
2026/3/9,1.88,1.83,1.88,1.793,4.62%
2026/3/6,1.797,1.825,1.825,1.785,0.11%
2026/3/5,1.795,1.868,1.868,1.788,-0.22%
2026/3/4,1.799,1.828,1.828,1.789,3.99%
2026/3/3,1.73,1.831,1.831,1.73,-3.94%
2026/3/2,1.801,1.882,1.882,1.793,-1.58%
2026/2/28,1.83,1.882,1.882,1.793,0.05%
2026/2/27,1.829,1.857,1.917,1.805,0.27%
2026/2/26,1.824,1.85,1.85,1.809,0.50%
2026/2/25,1.815,1.831,1.831,1.789,0.89%
2026/2/24,1.799,1.827,1.827,1.791,-0.61%
2026/2/14,1.81,1.808,1.827,1.775,-0.11%
2026/2/13,1.812,1.808,1.827,1.775,1.51%
2026/2/12,1.785,1.83,1.83,1.777,-0.94%
2026/2/11,1.802,1.805,1.821,1.796,-0.28%
2026/2/10,1.807,1.839,1.839,1.795,-0.17%
2026/2/9,1.81,1.839,1.839,1.796,0.17%
2026/2/6,1.807,1.805,1.807,1.801,-0.44%
2026/2/5,1.815,1.82,1.823,1.805,-0.06%
2026/2/4,1.816,1.847,1.847,1.807,0.00%
2026/2/3,1.816,1.94,1.94,1.807,0.39%
2026/2/2,1.809,1.842,1.842,1.797,0.33%
2026/1/30,1.803,1.848,1.848,1.803,-0.83%
2026/1/29,1.818,1.848,1.848,1.802,0.00%
2026/1/28,1.818,1.952,1.952,1.812,1.00%
2026/1/27,1.8,1.856,1.856,1.797,-1.42%
2026/1/26,1.826,1.901,1.901,1.821,-0.33%
2026/1/23,1.832,1.874,1.874,1.83,-0.33%
2026/1/22,1.838,1.863,1.863,1.824,0.16%
2026/1/21,1.835,1.865,1.865,1.819,1.89%
2026/1/20,1.801,1.872,1.872,1.797,-2.07%
2026/1/19,1.839,1.875,1.875,1.833,-0.33%
2026/1/16,1.845,1.888,1.888,1.835,-0.86%
2026/1/15,1.861,1.855,1.869,1.836,0.54%
2026/1/14,1.851,1.896,1.896,1.843,-0.22%
2026/1/13,1.855,1.933,1.933,1.85,-0.32%
2026/1/12,1.861,1.87,1.911,1.859,-0.85%
2026/1/9,1.877,1.934,1.934,1.874,-0.85%
2026/1/8,1.893,1.905,1.928,1.884,1.18%
2026/1/7,1.871,1.938,1.938,1.869,-1.01%
2026/1/6,1.89,1.9,1.9,1.865,1.02%
2026/1/5,1.871,1.843,1.88,1.843,-0.32%
2026/1/4,1.877,1.923,1.923,1.845,0.81%
2025/12/31,1.862,1.933,1.933,1.845,-0.53%
2025/12/30,1.872,1.9,1.9,1.846,0.27%
2025/12/29,1.867,1.833,1.867,1.833,2.08%
2025/12/26,1.829,1.848,1.848,1.823,-0.71%
2025/12/25,1.842,1.85,1.865,1.838,-0.65%
2025/12/24,1.854,1.868,1.868,1.831,-0.59%
2025/12/23,1.865,1.89,1.89,1.828,0.59%
2025/12/22,1.854,1.835,1.856,1.832,1.76%
2025/12/19,1.822,1.845,1.845,1.816,1.33%
2025/12/18,1.798,1.868,1.868,1.784,-2.55%
2025/12/17,1.845,1.88,1.88,1.837,2.79%
2025/12/16,1.795,1.85,1.871,1.792,0.00%
2025/12/15,1.795,1.84,1.88,1.784,-2.92%
2025/12/12,1.849,1.86,1.86,1.816,-0.16%
2025/12/11,1.852,1.89,1.89,1.838,-0.27%
2025/12/10,1.857,1.89,1.89,1.844,-0.75%
2025/12/9,1.871,1.9,1.9,1.841,-0.21%
2025/12/8,1.875,1.873,1.875,1.85,0.91%
2025/12/5,1.858,1.9,1.9,1.832,-0.21%
2025/12/4,1.862,1.88,1.88,1.847,1.09%
2025/12/3,1.842,1.874,1.88,1.828,-0.11%
2025/12/2,1.844,1.877,1.877,1.827,0.22%
2025/12/1,1.84,1.87,1.87,1.826,0.44%
2025/11/28,1.832,1.885,1.885,1.83,-0.92%
2025/11/27,1.849,1.914,1.914,1.836,0.87%
2025/11/26,1.833,1.87,1.87,1.82,0.60%
2025/11/25,1.822,1.853,1.853,1.814,-0.22%
2025/11/24,1.826,1.86,1.86,1.81,0.27%
2025/11/21,1.821,1.81,1.835,1.809,-0.11%
2025/11/20,1.823,1.807,1.834,1.807,0.39%
2025/11/19,1.816,1.805,1.844,1.805,0.11%
2025/11/18,1.814,1.85,1.85,1.802,-0.06%
2025/11/17,1.815,1.805,1.815,1.802,0.44%
2025/11/14,1.807,1.845,1.845,1.803,-0.39%
2025/11/13,1.814,1.849,1.849,1.804,-0.11%
2025/11/12,1.816,1.85,1.85,1.8,-0.49%
2025/11/11,1.825,1.807,1.834,1.804,0.61%
2025/11/10,1.814,1.848,1.848,1.802,3.19%
2025/11/7,1.758,1.786,1.786,1.745,0.11%
2025/11/6,1.756,1.79,1.79,1.737,0.63%
2025/11/5,1.745,1.739,1.78,1.731,-0.11%
2025/11/4,1.747,1.777,1.777,1.738,-0.57%
2025/11/3,1.757,1.78,1.78,1.734,-0.40%
2025/10/31,1.764,1.79,1.79,1.743,0.11%
2025/10/30,1.762,1.807,1.807,1.753,-0.23%
2025/10/29,1.766,1.812,1.812,1.753,-0.39%
2025/10/28,1.773,1.743,1.785,1.743,-0.45%
2025/10/27,1.781,1.829,1.829,1.781,-0.45%
2025/10/24,1.789,1.823,1.823,1.777,0.45%
2025/10/23,1.781,1.81,1.81,1.766,0.11%
2025/10/22,1.779,1.81,1.81,1.76,0.11%
2025/10/21,1.777,1.817,1.817,1.767,0.06%
2025/10/20,1.776,1.796,1.796,1.754,0.74%
2025/10/17,1.763,1.803,1.803,1.747,-0.34%
2025/10/16,1.769,1.81,1.81,1.753,-0.28%
2025/10/15,1.774,1.795,1.795,1.755,0.28%
2025/10/14,1.769,1.81,1.81,1.751,-0.11%
2025/10/13,1.771,1.792,1.792,1.749,-4.63%
2025/10/11,1.857,1.892,1.892,1.823,-0.21%
2025/10/10,1.861,1.892,1.892,1.844,-3.32%
2025/10/9,1.925,1.91,1.925,1.846,2.50%
2025/9/30,1.878,1.94,1.94,1.858,-0.90%
2025/9/29,1.895,1.925,1.925,1.875,-0.58%
2025/9/28,1.906,1.88,1.906,1.88,-0.42%
2025/9/26,1.914,1.93,1.963,1.878,0.58%
2025/9/25,1.903,1.95,1.95,1.888,0.00%
2025/9/24,1.903,1.93,1.93,1.883,0.90%
2025/9/23,1.886,1.91,1.91,1.873,0.27%
2025/9/22,1.881,1.875,1.903,1.869,0.48%
2025/9/19,1.872,1.9,1.9,1.851,0.32%
2025/9/18,1.866,1.882,1.882,1.843,-0.21%
2025/9/17,1.87,1.9,1.9,1.849,-0.48%
2025/9/16,1.879,1.92,1.92,1.853,-0.53%
2025/9/15,1.889,1.92,1.92,1.865,3.96%
2025/9/12,1.817,1.85,1.85,1.795,0.33%
2025/9/11,1.811,1.87,1.87,1.799,-0.11%
2025/9/10,1.813,1.84,1.84,1.792,0.72%
2025/9/9,1.8,1.833,1.833,1.781,0.67%
2025/9/8,1.788,1.813,1.813,1.778,1.25%
2025/9/5,1.766,1.8,1.8,1.754,-0.17%
2025/9/4,1.769,1.8,1.8,1.74,-0.34%
2025/9/3,1.775,1.82,1.82,1.76,-0.67%
2025/9/2,1.787,1.811,1.811,1.768,-0.28%
2025/9/1,1.792,1.83,1.83,1.777,0.39%
2025/8/29,1.785,1.79,1.816,1.779,-0.06%
2025/8/28,1.786,1.82,1.82,1.766,0.79%
2025/8/27,1.772,1.808,1.808,1.759,0.00%
2025/8/26,1.772,1.81,1.81,1.759,-0.67%
2025/8/25,1.784,1.805,1.818,1.774,-0.28%
2025/8/22,1.789,1.82,1.82,1.763,0.85%
2025/8/21,1.774,1.8,1.831,1.771,-0.84%
2025/8/20,1.789,1.808,1.808,1.758,0.56%
2025/8/19,1.779,1.83,1.83,1.765,0.57%
2025/8/18,1.769,1.793,1.793,1.762,1.20%
2025/8/15,1.748,1.78,1.78,1.723,0.63%
2025/8/14,1.737,1.77,1.77,1.719,0.23%
2025/8/13,1.733,1.78,1.78,1.72,0.29%
2025/8/12,1.728,1.765,1.765,1.72,0.82%
2025/8/11,1.714,1.735,1.735,1.691,0.82%
2025/8/8,1.7,1.7,1.702,1.689,0.12%
2025/8/7,1.698,1.745,1.745,1.688,-1.16%
2025/8/6,1.718,1.75,1.75,1.696,0.17%
2025/8/5,1.715,1.755,1.755,1.7,-0.29%
2025/8/4,1.72,1.733,1.733,1.689,0.58%
2025/8/1,1.71,1.753,1.753,1.701,-1.04%
2025/7/31,1.728,1.765,1.765,1.709,-0.46%
2025/7/30,1.736,1.795,1.795,1.735,0.00%
2025/7/29,1.736,1.76,1.76,1.72,0.06%
2025/7/28,1.735,1.765,1.765,1.715,-0.06%
2025/7/25,1.736,1.793,1.793,1.721,-0.23%
2025/7/24,1.74,1.75,1.75,1.708,2.11%
2025/7/23,1.704,1.739,1.739,1.697,0.83%
2025/7/22,1.69,1.726,1.726,1.673,0.48%
2025/7/21,1.682,1.708,1.708,1.673,0.48%
2025/7/18,1.674,1.711,1.711,1.663,0.72%
2025/7/17,1.662,1.709,1.709,1.657,0.00%
2025/7/16,1.662,1.704,1.704,1.655,-1.07%
2025/7/15,1.68,1.715,1.715,1.657,0.48%
2025/7/14,1.672,1.713,1.713,1.669,0.12%
2025/7/11,1.67,1.7,1.7,1.66,0.42%
2025/7/10,1.663,1.685,1.685,1.645,0.85%
2025/7/9,1.649,1.69,1.69,1.645,-0.36%
2025/7/8,1.655,1.68,1.68,1.641,0.24%
2025/7/7,1.651,1.692,1.692,1.64,0.67%
2025/7/4,1.64,1.685,1.685,1.639,0.00%
2025/7/3,1.64,1.645,1.668,1.638,0.00%
2025/7/2,1.64,1.645,1.668,1.638,0.00%
2025/7/1,1.64,1.693,1.693,1.644,-0.61%
2025/6/30,1.65,1.69,1.69,1.646,0.61%
2025/6/27,1.64,1.65,1.671,1.644,-0.61%
2025/6/26,1.65,1.655,1.678,1.651,0.61%
2025/6/25,1.64,1.65,1.7,1.643,0.00%
2025/6/24,1.64,1.739,1.739,1.641,0.00%
2025/6/23,1.64,1.683,1.683,1.634,0.00%
2025/6/20,1.64,1.68,1.68,1.637,0.00%
2025/6/19,1.64,1.64,1.663,1.636,0.00%
2025/6/18,1.64,1.683,1.683,1.636,0.00%
2025/6/17,1.64,1.69,1.69,1.636,1.23%
2025/6/16,1.62,1.688,1.688,1.631,-3.57%
2025/6/13,1.68,1.721,1.721,1.682,1.20%
2025/6/12,1.66,1.73,1.73,1.67,-1.19%
2025/6/11,1.68,1.737,1.737,1.684,0.00%
2025/6/10,1.68,1.784,1.784,1.681,0.00%
2025/6/9,1.68,1.74,1.74,1.686,-0.59%
2025/6/6,1.69,1.743,1.743,1.692,0.60%
2025/6/5,1.68,1.748,1.748,1.694,-1.18%
2025/6/4,1.7,1.743,1.743,1.702,0.00%
2025/6/3,1.7,1.74,1.74,1.691,0.00%
2025/5/30,1.7,1.765,1.765,1.697,-0.58%
2025/5/29,1.71,1.75,1.75,1.715,0.00%
2025/5/28,1.71,1.792,1.792,1.7,2.40%
2025/5/27,1.67,1.74,1.74,1.684,-1.18%
2025/5/26,1.69,1.73,1.73,1.684,1.20%
2025/5/23,1.67,1.688,1.727,1.686,-1.18%
2025/5/22,1.69,1.716,1.716,1.675,1.81%
2025/5/21,1.66,1.715,1.715,1.664,-0.60%
2025/5/20,1.67,1.705,1.705,1.654,0.00%
2025/5/19,1.67,1.715,1.715,1.671,0.60%
2025/5/16,1.66,1.756,1.756,1.673,-0.60%
2025/5/15,1.67,1.683,1.698,1.668,0.00%
2025/5/14,1.67,1.71,1.71,1.665,0.60%
2025/5/13,1.66,1.72,1.72,1.663,0.61%
2025/5/12,1.65,1.68,1.68,1.638,1.23%
2025/5/9,1.63,1.678,1.678,1.627,0.00%
2025/5/8,1.63,1.685,1.685,1.627,-0.61%
2025/5/7,1.64,1.68,1.68,1.616,0.61%
2025/5/6,1.63,1.67,1.67,1.625,0.62%
2025/4/30,1.62,1.67,1.67,1.623,-0.61%
2025/4/29,1.63,1.693,1.693,1.629,-1.21%
2025/4/28,1.65,1.66,1.67,1.646,-0.60%
2025/4/27,1.66,1.675,1.757,1.655,0.00%
2025/4/25,1.66,1.675,1.675,1.655,0.00%
2025/4/24,1.66,1.71,1.71,1.651,0.00%
2025/4/23,1.66,1.66,1.68,1.655,0.61%
2025/4/22,1.65,1.709,1.709,1.648,-0.60%
2025/4/21,1.66,1.695,1.695,1.649,0.61%
2025/4/18,1.65,1.7,1.7,1.646,0.61%
2025/4/17,1.64,1.688,1.688,1.639,0.00%
2025/4/16,1.64,1.675,1.693,1.635,-0.61%
2025/4/15,1.65,1.703,1.703,1.652,0.00%
2025/4/14,1.65,1.703,1.703,1.652,0.00%
2025/4/11,1.65,1.67,1.68,1.635,0.61%
2025/4/10,1.64,1.66,1.68,1.64,-0.61%
2025/4/9,1.65,1.685,1.695,1.641,-0.60%
2025/4/8,1.66,1.69,1.69,1.65,-0.60%
2025/4/7,1.67,1.678,1.678,1.627,-6.70%
2025/4/3,1.79,1.839,1.839,1.785,-3.24%
2025/4/2,1.85,1.91,1.91,1.85,-1.07%
2025/4/1,1.87,1.908,1.908,1.858,0.00%
2025/3/31,1.87,1.928,1.928,1.868,0.00%
2025/3/28,1.87,1.918,1.918,1.865,0.00%
2025/3/27,1.87,1.883,1.895,1.87,0.00%
2025/3/26,1.87,1.94,1.94,1.859,-1.06%
2025/3/25,1.89,1.919,1.92,1.865,0.00%
2025/3/24,1.89,1.945,1.945,1.906,-0.53%
2025/3/21,1.9,1.95,1.95,1.891,-1.04%
2025/3/20,1.92,1.983,1.983,1.923,-1.03%
2025/3/19,1.94,2.003,2.003,1.946,0.52%
2025/3/18,1.93,2.007,2.007,1.946,3.21%
2025/3/17,1.87,1.975,1.975,1.889,-1.06%
2025/3/14,1.89,1.96,1.96,1.895,-1.05%
2025/3/13,1.91,1.94,1.94,1.881,0.00%
2025/3/12,1.91,1.945,1.948,1.913,0.53%
2025/3/11,1.9,1.91,1.91,1.878,3.83%
2025/3/10,1.83,1.89,1.89,1.84,4.57%
2025/3/7,1.75,1.834,1.848,1.755,-0.57%
2025/3/6,1.76,1.8,1.8,1.758,0.57%
2025/3/5,1.75,1.799,1.799,1.749,0.00%
2025/3/4,1.75,1.8,1.8,1.741,-1.13%
2025/3/3,1.77,1.81,1.81,1.777,0.00%
2025/2/28,1.77,1.835,1.835,1.771,0.00%
2025/2/27,1.77,1.813,1.813,1.761,0.57%
2025/2/26,1.76,1.803,1.803,1.751,-0.56%
2025/2/25,1.77,1.84,1.84,1.759,-0.56%
2025/2/24,1.78,1.81,1.823,1.769,2.30%
2025/2/21,1.74,1.76,1.76,1.72,1.99%
2025/2/20,1.706,1.725,1.725,1.692,0.77%
2025/2/19,1.693,1.74,1.74,1.686,-1.23%
2025/2/18,1.714,1.735,1.736,1.689,2.02%
2025/2/17,1.68,1.7,1.7,1.666,1.57%
2025/2/14,1.654,1.67,1.67,1.631,0.92%
2025/2/13,1.639,1.678,1.678,1.631,0.06%
2025/2/12,1.638,1.668,1.668,1.623,-0.12%
2025/2/11,1.64,1.675,1.675,1.626,1.05%
2025/2/10,1.623,1.645,1.645,1.616,0.81%
2025/2/8,1.61,1.648,1.648,1.608,-0.19%
2025/2/7,1.613,1.64,1.64,1.595,-0.86%
2025/2/6,1.627,1.66,1.66,1.61,-0.06%
2025/2/5,1.628,1.67,1.67,1.622,-1.51%
2025/1/27,1.653,1.7,1.7,1.627,0.18%
2025/1/26,1.65,1.695,1.695,1.65,1.10%
2025/1/24,1.632,1.7,1.7,1.614,-2.10%
2025/1/23,1.667,1.705,1.705,1.65,0.36%
2025/1/22,1.661,1.685,1.685,1.643,-0.24%
2025/1/21,1.665,1.755,1.755,1.648,0.00%
2025/1/20,1.665,1.7,1.705,1.661,0.60%
2025/1/17,1.655,1.688,1.688,1.629,-0.18%
2025/1/16,1.658,1.669,1.669,1.652,0.30%
2025/1/15,1.653,1.661,1.661,1.629,-0.18%
2025/1/14,1.656,1.704,1.704,1.643,-0.12%
2025/1/13,1.658,1.685,1.685,1.637,1.41%
2025/1/10,1.635,1.644,1.654,1.626,0.12%
2025/1/9,1.633,1.665,1.646,1.601,1.55%
2025/1/8,1.608,1.628,1.628,1.601,-0.25%
2025/1/7,1.612,1.624,1.624,1.604,0.31%
2025/1/6,1.607,1.64,1.64,1.588,0.00%
2025/1/3,1.607,1.655,1.655,1.586,-0.37%
2025/1/2,1.613,1.7,1.7,1.608,-3.99%
2024/12/31,1.68,1.725,1.725,1.675,-1.75%
2024/12/30,1.71,1.725,1.725,1.696,-0.06%
2024/12/27,1.711,1.745,1.745,1.683,-0.41%
2024/12/26,1.718,1.756,1.756,1.709,-1.38%
2024/12/25,1.742,1.815,1.815,1.719,0.52%
2024/12/24,1.733,1.755,1.755,1.695,2.00%
2024/12/23,1.699,1.773,1.773,1.668,0.35%
2024/12/20,1.693,1.816,1.816,1.693,-2.87%
2024/12/19,1.743,1.758,1.771,1.739,-0.63%
2024/12/18,1.754,1.775,1.775,1.721,1.21%
2024/12/17,1.733,1.795,1.795,1.721,0.58%
2024/12/16,1.723,1.853,1.853,1.71,-3.37%
2024/12/13,1.783,1.895,1.895,1.769,-1.87%
2024/12/12,1.817,1.878,1.878,1.808,-1.09%
2024/12/11,1.837,1.953,1.953,1.823,-3.01%
2024/12/10,1.894,1.978,1.978,1.877,-2.27%
2024/12/9,1.938,2.038,2.038,1.918,-1.17%
2024/12/6,1.961,2,2,1.944,0.46%
2024/12/5,1.952,1.966,1.98,1.946,-0.71%
2024/12/4,1.966,1.991,1.991,1.958,-1.31%
2024/12/3,1.992,2.071,2.071,1.992,-1.73%
2024/12/2,2.027,2.07,2.07,1.979,-1.31%
2024/11/29,2.054,2.075,2.078,2.025,0.79%
2024/11/28,2.038,2.11,2.11,2.038,-0.97%
2024/11/27,2.058,2.152,2.152,2.045,0.10%
2024/11/26,2.056,2.054,2.075,2.048,0.10%
2024/11/25,2.054,2.1,2.11,2.054,-1.53%
2024/11/22,2.086,2.101,2.101,2.069,-0.10%
2024/11/21,2.088,2.091,2.115,2.073,-0.14%
2024/11/20,2.091,2.153,2.153,2.085,0.10%
2024/11/19,2.089,2.099,2.11,2.089,-0.43%
2024/11/18,2.098,2.183,2.183,2.086,0.05%
2024/11/15,2.097,2.09,2.1,2.082,0.43%
2024/11/14,2.088,2.088,2.093,2.085,-0.10%
2024/11/13,2.09,2.075,2.1,2.075,0.67%
2024/11/12,2.076,2.108,2.108,2.075,-1.33%
2024/11/11,2.104,2.108,2.112,2.102,-1.22%
2024/11/8,2.13,2.12,2.13,2.104,0.57%
2024/11/7,2.118,2.128,2.128,2.112,-0.42%
2024/11/6,2.127,2.113,2.128,2.106,0.09%
2024/11/5,2.125,2.128,2.128,2.117,0.14%
2024/11/4,2.122,2.12,2.125,2.116,0.00%
2024/11/1,2.122,2.133,2.135,2.116,-0.70%
2024/10/31,2.137,2.15,2.15,2.128,-0.28%
2024/10/30,2.143,2.143,2.143,2.133,0.09%
2024/10/29,2.141,2.145,2.148,2.134,-0.19%
2024/10/28,2.145,2.14,2.15,2.14,0.00%
2024/10/25,2.145,2.143,2.15,2.14,0.05%
2024/10/24,2.144,2.14,2.146,2.13,0.05%
2024/10/23,2.143,2.138,2.155,2.13,0.23%
2024/10/22,2.138,2.118,2.14,2.108,1.04%
2024/10/21,2.116,2.115,2.12,2.108,1.73%
2024/10/18,2.08,2.086,2.096,2.08,-0.48%
2024/10/17,2.09,2.116,2.116,2.082,-0.38%
2024/10/16,2.098,2.13,2.14,2.098,-2.10%
2024/10/15,2.143,2.143,2.143,2.143,-0.09%
2024/10/14,2.145,2.14,2.15,2.133,0.00%
2024/10/12,2.145,2.132,2.145,2.12,0.85%
2024/10/11,2.127,2.15,2.15,2.101,-0.70%
2024/10/10,2.142,2.164,2.164,2.142,-1.65%
2024/10/9,2.178,2.163,2.196,2.163,0.46%
2024/10/8,2.168,2.148,2.168,2.086,0.37%
2024/9/30,2.16,2.23,2.23,2.16,-0.92%
2024/9/27,2.18,2.081,2.18,2.081,4.31%
2024/9/26,2.09,2.027,2.09,2.025,1.26%
2024/9/25,2.064,2.069,2.084,2.064,-0.19%
2024/9/24,2.068,2.073,2.073,2.036,0.78%
2024/9/23,2.052,2.06,2.06,2.033,0.24%
2024/9/20,2.047,2.09,2.09,2.036,0.15%
2024/9/19,2.044,2.092,2.092,2.027,0.29%
2024/9/18,2.038,2.1,2.1,2.034,-1.45%
2024/9/14,2.068,2.11,2.11,2.045,-0.34%
2024/9/13,2.075,2.127,2.127,2.075,-1.75%
2024/9/12,2.112,2.061,2.119,2.056,2.23%
2024/9/11,2.066,2.167,2.167,2.063,-3.10%
2024/9/10,2.132,2.15,2.15,2.118,0.14%
2024/9/9,2.129,2.23,2.23,2.127,-0.42%
2024/9/6,2.138,2.165,2.165,2.138,-0.42%
2024/9/5,2.147,2.127,2.151,2.108,0.23%
2024/9/4,2.142,2.17,2.17,2.111,-0.51%
2024/9/3,2.153,2.172,2.172,2.142,-0.05%
2024/9/2,2.154,2.27,2.27,2.149,-1.33%
2024/8/30,2.183,2.174,2.184,2.167,0.55%
2024/8/29,2.171,2.187,2.187,2.165,-0.37%
2024/8/28,2.179,2.207,2.207,2.167,-0.14%
2024/8/27,2.182,2.185,2.185,2.162,0.83%
2024/8/26,2.164,2.247,2.247,2.145,0.28%
2024/8/23,2.158,2.19,2.19,2.143,0.00%
2024/8/22,2.158,2.162,2.176,2.14,-0.19%
2024/8/21,2.162,2.127,2.167,2.125,1.50%
2024/8/20,2.13,2.153,2.172,2.128,-1.39%
2024/8/19,2.16,2.188,2.24,2.155,-1.32%
2024/8/16,2.189,2.194,2.223,2.182,-0.41%
2024/8/15,2.198,2.16,2.199,2.157,1.90%
2024/8/14,2.157,2.205,2.205,2.154,-1.82%
2024/8/13,2.197,2.201,2.201,2.181,-0.09%
2024/8/12,2.199,2.25,2.275,2.191,0.27%
2024/8/9,2.193,2.139,2.193,2.139,2.19%
2024/8/8,2.146,2.142,2.17,2.114,0.37%
2024/8/7,2.138,2.145,2.148,2.128,-0.37%
2024/8/6,2.146,2.134,2.15,2.119,1.23%
2024/8/5,2.12,2.216,2.216,2.099,0.09%
2024/8/2,2.118,2.18,2.18,2.111,-0.38%
2024/8/1,2.126,2.211,2.211,2.123,-1.02%
2024/7/31,2.148,2.143,2.163,2.133,0.28%
2024/7/30,2.142,2.15,2.15,2.126,0.09%
2024/7/29,2.14,2.235,2.235,2.14,-2.28%
2024/7/26,2.19,2.22,2.234,2.183,-1.40%
2024/7/25,2.221,2.228,2.247,2.217,-0.40%
2024/7/24,2.23,2.236,2.259,2.227,-0.27%
2024/7/23,2.236,2.269,2.269,2.233,-0.49%
2024/7/22,2.247,2.259,2.262,2.236,-1.08%
2024/7/21,2.272,2.272,2.272,2.272,0.02%
2024/7/20,2.271,2.271,2.271,2.271,0.44%
2024/7/19,2.261,2.354,2.354,2.256,-0.13%
2024/7/18,2.264,2.261,2.301,2.256,0.27%
2024/7/17,2.258,2.259,2.272,2.252,-0.09%
2024/7/16,2.26,2.251,2.265,2.247,0.44%
2024/7/15,2.25,2.26,2.263,2.245,-0.40%
2024/7/12,2.259,2.264,2.265,2.25,-0.40%
2024/7/11,2.268,2.273,2.285,2.264,-0.13%
2024/7/10,2.271,2.274,2.295,2.265,-0.09%
2024/7/9,2.273,2.29,2.302,2.266,-0.74%
2024/7/8,2.29,2.37,2.37,2.284,1.24%
2024/7/5,2.262,2.235,2.263,2.212,1.94%
2024/7/4,2.219,2.248,2.272,2.217,-1.07%
2024/7/3,2.243,2.261,2.261,2.236,0.18%
2024/7/2,2.239,2.238,2.257,2.222,0.13%
2024/7/1,2.236,2.303,2.303,2.183,1.27%
2024/6/28,2.208,2.207,2.24,2.2,0.00%
2024/6/27,2.208,2.229,2.233,2.206,-0.90%
2024/6/26,2.228,2.237,2.28,2.221,-0.27%
2024/6/25,2.234,2.252,2.275,2.232,-1.02%
2024/6/24,2.257,2.29,2.29,2.25,-0.09%
2024/6/21,2.259,2.245,2.272,2.245,0.67%
2024/6/20,2.244,2.246,2.272,2.239,-0.31%
2024/6/19,2.251,2.257,2.283,2.243,-0.27%
2024/6/18,2.257,2.292,2.292,2.254,-0.75%
2024/6/17,2.274,2.275,2.306,2.259,-0.79%
2024/6/14,2.292,2.301,2.314,2.286,-0.43%
2024/6/13,2.302,2.307,2.348,2.299,-0.22%
2024/6/12,2.307,2.306,2.353,2.303,0.09%
2024/6/11,2.305,2.32,2.32,2.302,-0.13%
2024/6/7,2.308,2.309,2.314,2.304,0.04%
2024/6/6,2.307,2.308,2.32,2.303,-0.04%
2024/6/5,2.308,2.316,2.34,2.305,-0.13%
2024/6/4,2.311,2.316,2.328,2.308,0.00%
2024/6/3,2.311,2.347,2.41,2.309,-0.79%
2024/6/1,2.329,2.329,2.329,2.329,0.41%
2024/5/31,2.32,2.338,2.361,2.316,0.56%
2024/5/30,2.307,2.344,2.344,2.294,0.44%
2024/5/29,2.297,2.3,2.314,2.288,-0.09%
2024/5/28,2.299,2.312,2.328,2.296,-0.52%
2024/5/27,2.311,2.315,2.33,2.305,-0.09%
2024/5/24,2.313,2.308,2.345,2.303,0.26%
2024/5/23,2.307,2.331,2.331,2.301,-0.30%
2024/5/22,2.314,2.313,2.345,2.308,0.09%
2024/5/21,2.312,2.311,2.33,2.308,0.09%
2024/5/20,2.31,2.34,2.355,2.3,-0.26%
2024/5/17,2.316,2.363,2.363,2.31,-0.13%
2024/5/16,2.319,2.304,2.348,2.299,0.91%
2024/5/15,2.298,2.311,2.311,2.289,0.17%
2024/5/14,2.294,2.294,2.296,2.283,-0.17%
2024/5/13,2.298,2.432,2.432,2.289,-1.86%
2024/5/11,2.342,2.337,2.343,2.333,0.88%
2024/5/10,2.321,2.318,2.353,2.308,0.26%
2024/5/9,2.315,2.305,2.323,2.298,0.65%
2024/5/8,2.3,2.259,2.3,2.227,0.39%
2024/5/7,2.291,2.315,2.332,2.291,-1.04%
2024/5/6,2.315,2.442,2.442,2.303,0.26%
2024/4/30,2.309,2.335,2.397,2.205,-1.99%
2024/4/29,2.356,2.335,2.397,2.205,0.83%
2024/4/28,2.336,2.311,2.343,2.305,5.87%
2024/4/26,2.207,2.335,2.335,2.205,-2.56%
2024/4/25,2.265,2.323,2.323,2.261,-0.44%
2024/4/24,2.275,2.233,2.279,2.231,1.74%
2024/4/23,2.236,2.259,2.259,2.231,-0.53%
2024/4/22,2.248,2.258,2.298,2.242,-0.35%
2024/4/19,2.256,2.263,2.263,2.25,-0.31%
2024/4/18,2.263,2.266,2.268,2.253,-0.13%
2024/4/17,2.266,2.274,2.274,2.261,-0.40%
2024/4/16,2.275,2.295,2.295,2.271,-0.26%
2024/4/15,2.281,2.323,2.323,2.271,-0.09%
2024/4/12,2.283,2.435,2.435,2.278,-0.87%
2024/4/11,2.303,2.326,2.326,2.296,0.04%
2024/4/10,2.302,2.291,2.309,2.29,0.52%
2024/4/9,2.29,2.309,2.309,2.276,0.09%
2024/4/8,2.288,2.304,2.305,2.281,-0.63%
2024/4/7,2.303,2.307,2.307,2.3,0.41%
2024/4/3,2.293,2.3,2.3,2.283,-0.22%
2024/4/2,2.298,2.315,2.326,2.292,-0.65%
2024/4/1,2.313,2.4,2.4,2.307,0.52%
2024/3/29,2.301,2.272,2.301,2.237,2.54%
2024/3/28,2.244,2.323,2.323,2.301,-2.90%
2024/3/27,2.311,2.316,2.319,2.3,0.13%
2024/3/26,2.308,2.39,2.39,2.293,-0.56%
2024/3/25,2.321,2.39,2.39,2.306,0.52%
2024/3/22,2.309,2.351,2.351,2.275,0.92%
2024/3/21,2.288,2.348,2.348,2.284,-0.95%
2024/3/20,2.31,2.29,2.31,2.279,1.09%
2024/3/19,2.285,2.312,2.312,2.269,-0.31%
2024/3/18,2.292,2.32,2.365,2.288,-1.88%
2024/3/15,2.336,2.369,2.369,2.333,-0.60%
2024/3/14,2.35,2.358,2.358,2.337,0.47%
2024/3/13,2.339,2.395,2.395,2.321,-0.81%
2024/3/12,2.358,2.4,2.4,2.315,1.95%
2024/3/11,2.313,2.3,2.313,2.271,0.48%
2024/3/8,2.302,2.294,2.323,2.283,0.22%
2024/3/7,2.297,2.293,2.314,2.255,0.57%
2024/3/6,2.284,2.333,2.339,2.283,-2.06%
2024/3/5,2.332,2.366,2.384,2.331,-1.27%
2024/3/4,2.362,2.378,2.427,2.353,-1.23%
2024/3/3,2.391,2.391,2.391,2.391,0.00%
2024/3/2,2.391,2.384,2.391,2.384,0.31%
2024/3/1,2.384,2.363,2.389,2.363,0.89%
2024/2/29,2.363,2.396,2.396,2.341,-0.76%
2024/2/28,2.381,2.4,2.4,2.373,-0.17%
2024/2/27,2.385,2.385,2.419,2.364,0.04%
2024/2/26,2.384,2.405,2.419,2.376,-0.71%
2024/2/23,2.401,2.424,2.429,2.386,-0.21%
2024/2/22,2.406,2.431,2.431,2.405,-0.58%
2024/2/21,2.42,2.426,2.453,2.417,-0.70%
2024/2/20,2.437,2.495,2.495,2.421,-0.57%
2024/2/19,2.451,2.539,2.539,2.436,-0.10%
2024/2/18,2.454,2.444,2.461,2.437,-0.39%
2024/2/9,2.463,2.439,2.466,2.438,0.74%
2024/2/8,2.445,2.439,2.457,2.438,-0.08%
2024/2/7,2.447,2.533,2.533,2.419,-0.61%
2024/2/6,2.462,2.45,2.462,2.404,2.46%
2024/2/5,2.403,2.434,2.434,2.399,-0.52%
2024/2/4,2.415,2.428,2.444,2.412,-0.80%
2024/2/2,2.435,2.458,2.458,2.432,-0.33%
2024/2/1,2.443,2.473,2.473,2.425,0.33%
2024/1/31,2.435,2.555,2.555,2.418,-1.38%
2024/1/30,2.469,2.593,2.593,2.46,-1.16%
2024/1/29,2.498,2.53,2.53,2.493,-0.20%
2024/1/26,2.503,2.619,2.619,2.495,-0.24%
2024/1/25,2.509,2.537,2.537,2.506,-0.04%
2024/1/24,2.51,2.54,2.54,2.494,0.04%
2024/1/23,2.509,2.54,2.54,2.497,0.48%
2024/1/22,2.497,2.622,2.622,2.489,-0.32%
2024/1/19,2.505,2.609,2.609,2.499,-0.32%
2024/1/18,2.513,2.607,2.607,2.501,0.04%
2024/1/17,2.512,2.62,2.62,2.507,-0.75%
2024/1/16,2.531,2.641,2.641,2.523,0.04%
2024/1/15,2.53,2.616,2.616,2.515,0.28%
2024/1/12,2.523,2.528,2.528,2.502,0.92%
2024/1/11,2.5,2.54,2.6,2.49,-1.69%
2024/1/10,2.543,2.54,2.563,2.538,0.12%
2024/1/9,2.54,2.553,2.556,2.532,-0.74%
2024/1/8,2.559,2.6,2.6,2.551,-0.31%
2024/1/5,2.567,2.571,2.593,2.544,-0.16%
2024/1/4,2.571,2.58,2.624,2.568,-0.35%
2024/1/3,2.58,2.586,2.61,2.576,-0.23%
2024/1/2,2.586,2.695,2.695,2.562,-0.25%
2023/12/30,2.592,2.592,2.592,2.592,0.52%
2023/12/29,2.579,2.591,2.62,2.573,-0.39%
2023/12/28,2.589,2.623,2.623,2.565,-0.08%
2023/12/27,2.591,2.603,2.634,2.578,-0.46%
2023/12/26,2.603,2.686,2.686,2.58,0.42%
2023/12/25,2.592,2.706,2.706,2.583,-0.96%
2023/12/22,2.617,2.619,2.638,2.61,-0.08%
2023/12/21,2.619,2.641,2.69,2.611,-0.83%
2023/12/20,2.641,2.635,2.695,2.629,0.23%
2023/12/19,2.635,2.632,2.65,2.628,0.11%
2023/12/18,2.632,2.734,2.734,2.622,-0.66%
2023/12/16,2.649,2.648,2.649,2.648,0.59%
2023/12/15,2.634,2.672,2.672,2.628,-0.87%
2023/12/14,2.657,2.656,2.683,2.652,0.04%
2023/12/13,2.656,2.66,2.686,2.638,-0.23%
2023/12/12,2.662,2.674,2.697,2.656,-0.45%
2023/12/11,2.674,2.665,2.722,2.658,-0.52%
2023/12/8,2.688,2.713,2.713,2.686,-0.15%
2023/12/7,2.692,2.726,2.726,2.681,-0.04%
2023/12/6,2.693,2.689,2.728,2.684,0.26%
2023/12/5,2.686,2.694,2.728,2.68,-0.26%
2023/12/4,2.693,2.678,2.728,2.678,0.34%
2023/12/1,2.684,2.719,2.719,2.682,-0.07%
2023/11/30,2.686,2.697,2.729,2.683,-0.56%
2023/11/29,2.701,2.722,2.722,2.686,0.41%
2023/11/28,2.69,2.714,2.76,2.689,-0.81%
2023/11/27,2.712,2.805,2.805,2.702,-0.50%
2023/11/25,2.726,2.726,2.726,2.726,0.46%
2023/11/24,2.713,2.702,2.723,2.696,0.30%
2023/11/23,2.705,2.729,2.729,2.692,0.86%
2023/11/22,2.682,2.708,2.708,2.673,0.45%
2023/11/21,2.67,2.688,2.688,2.666,0.19%
2023/11/20,2.665,2.74,2.74,2.657,-0.32%
2023/11/18,2.674,2.674,2.674,2.674,0.66%
2023/11/17,2.656,2.661,2.685,2.651,-0.11%
2023/11/16,2.659,2.671,2.703,2.655,-0.45%
2023/11/15,2.671,2.665,2.689,2.664,0.19%
2023/11/14,2.666,2.655,2.685,2.645,0.41%
2023/11/13,2.655,2.744,2.744,2.645,-0.04%
2023/11/10,2.656,2.681,2.681,2.655,-0.15%
2023/11/9,2.66,2.664,2.691,2.651,-0.41%
2023/11/8,2.671,2.693,2.693,2.661,-0.04%
2023/11/7,2.672,2.721,2.721,2.648,0.07%
2023/11/6,2.67,2.761,2.761,2.657,0.00%
2023/11/3,2.67,2.677,2.706,2.664,-0.52%
2023/11/2,2.684,2.716,2.716,2.682,-0.67%
2023/11/1,2.702,2.706,2.74,2.695,-0.26%
2023/10/31,2.709,2.723,2.749,2.705,-0.51%
2023/10/30,2.723,2.72,2.767,2.711,-0.26%
2023/10/27,2.73,2.74,2.74,2.724,0.04%
2023/10/26,2.729,2.736,2.74,2.724,-0.26%
2023/10/25,2.736,2.738,2.745,2.714,-0.07%
2023/10/24,2.738,2.727,2.746,2.725,0.26%
2023/10/23,2.731,2.72,2.739,2.706,0.07%
2023/10/20,2.729,2.759,2.76,2.718,-0.44%
2023/10/19,2.741,2.725,2.758,2.725,0.59%
2023/10/18,2.725,2.726,2.728,2.706,0.33%
2023/10/17,2.716,2.723,2.73,2.707,0.78%
2023/10/16,2.695,2.706,2.717,2.693,-0.41%
2023/10/13,2.706,2.723,2.735,2.696,-0.70%
2023/10/12,2.725,2.731,2.757,2.719,-0.18%
2023/10/11,2.73,2.723,2.73,2.712,0.66%
2023/10/10,2.712,2.709,2.715,2.699,0.52%
2023/10/9,2.698,2.706,2.706,2.686,-0.06%
2023/10/8,2.7,2.706,2.707,2.697,-0.24%
2023/10/7,2.706,2.708,2.711,2.701,-0.33%
2023/9/28,2.715,2.715,2.721,2.699,-0.15%
2023/9/27,2.719,2.723,2.741,2.709,-0.04%
2023/9/26,2.72,2.717,2.737,2.711,0.11%
2023/9/25,2.717,2.74,2.74,2.688,0.89%
2023/9/22,2.693,2.678,2.698,2.67,0.60%
2023/9/21,2.677,2.684,2.705,2.668,-0.26%
2023/9/20,2.684,2.681,2.702,2.674,0.11%
2023/9/19,2.681,2.678,2.704,2.668,0.07%
2023/9/18,2.679,2.668,2.694,2.665,0.41%
2023/9/15,2.668,2.631,2.668,2.627,1.52%
2023/9/14,2.628,2.646,2.665,2.623,-0.68%
2023/9/13,2.646,2.659,2.68,2.64,-0.45%
2023/9/12,2.658,2.665,2.665,2.643,-0.23%
2023/9/11,2.664,2.673,2.694,2.66,-0.34%
2023/9/8,2.673,2.675,2.685,2.659,0.00%
2023/9/7,2.673,2.676,2.683,2.66,-0.04%
2023/9/6,2.674,2.644,2.676,2.638,1.13%
2023/9/5,2.644,2.66,2.66,2.637,-0.04%
2023/9/4,2.645,2.656,2.656,2.639,1.34%
2023/9/1,2.61,2.594,2.62,2.594,0.81%
2023/8/31,2.589,2.591,2.612,2.583,-0.08%
2023/8/30,2.591,2.6,2.619,2.585,-0.27%
2023/8/29,2.598,2.59,2.608,2.584,0.04%
2023/8/28,2.597,2.62,2.625,2.583,0.56%
2023/8/27,2.582,2.582,2.582,2.582,0.00%
2023/8/26,2.582,2.583,2.583,2.582,0.37%
2023/8/25,2.573,2.555,2.577,2.552,0.74%
2023/8/24,2.554,2.555,2.576,2.55,-0.20%
2023/8/23,2.559,2.556,2.571,2.55,0.12%
2023/8/22,2.556,2.543,2.557,2.541,0.51%
2023/8/21,2.543,2.61,2.61,2.533,-1.05%
2023/8/18,2.57,2.615,2.615,2.562,-0.12%
2023/8/17,2.573,2.605,2.605,2.563,-0.43%
2023/8/16,2.584,2.63,2.63,2.57,-0.08%
2023/8/15,2.586,2.668,2.668,2.56,-1.56%
2023/8/14,2.627,2.687,2.687,2.618,-0.94%
2023/8/11,2.652,2.694,2.694,2.643,-0.15%
2023/8/10,2.656,2.69,2.69,2.648,0.11%
2023/8/9,2.653,2.69,2.69,2.643,0.11%
2023/8/8,2.65,2.681,2.681,2.646,-0.38%
2023/8/7,2.66,2.694,2.694,2.644,-0.67%
2023/8/4,2.678,2.785,2.785,2.666,0.11%
2023/8/3,2.675,2.755,2.755,2.668,-0.89%
2023/8/2,2.699,2.755,2.755,2.675,0.33%
2023/8/1,2.69,2.811,2.811,2.677,-0.26%
2023/7/31,2.697,2.78,2.78,2.685,0.33%
2023/7/28,2.688,2.736,2.736,2.663,0.49%
2023/7/27,2.675,2.797,2.797,2.664,-0.30%
2023/7/26,2.683,2.792,2.792,2.675,-0.74%
2023/7/25,2.703,2.695,2.703,2.652,1.96%
2023/7/24,2.651,2.74,2.74,2.636,0.11%
2023/7/21,2.648,2.713,2.713,2.64,-0.38%
2023/7/20,2.658,2.72,2.72,2.653,-0.56%
2023/7/19,2.673,2.757,2.757,2.655,0.41%
2023/7/18,2.662,2.73,2.73,2.657,-0.49%
2023/7/17,2.675,2.745,2.745,2.67,-0.56%
2023/7/14,2.69,2.735,2.735,2.676,0.26%
2023/7/13,2.683,2.715,2.715,2.674,0.00%
2023/7/12,2.683,2.77,2.77,2.672,0.11%
2023/7/11,2.68,2.738,2.738,2.665,-0.26%
2023/7/10,2.687,2.743,2.743,2.678,-0.22%
2023/7/7,2.693,2.81,2.81,2.678,0.11%
2023/7/6,2.69,2.81,2.81,2.68,0.11%
2023/7/5,2.687,2.77,2.77,2.684,-0.67%
2023/7/4,2.705,2.78,2.78,2.675,0.45%
2023/7/3,2.693,2.7,2.7,2.68,0.37%
2023/6/30,2.683,2.8,2.8,2.673,-0.63%
2023/6/29,2.7,2.76,2.76,2.691,0.15%
2023/6/28,2.696,2.765,2.765,2.689,-0.26%
2023/6/27,2.703,2.764,2.764,2.695,0.22%
2023/6/26,2.697,2.739,2.739,2.689,-0.15%
2023/6/25,2.701,2.723,2.723,2.701,-0.33%
2023/6/21,2.71,2.805,2.805,2.695,-0.22%
2023/6/20,2.716,2.808,2.808,2.705,-0.07%
2023/6/19,2.718,2.72,2.721,2.7,0.70%
2023/6/16,2.699,2.712,2.735,2.683,0.60%
2023/6/15,2.683,2.701,2.701,2.656,1.13%
2023/6/14,2.653,2.713,2.713,2.622,-0.19%
2023/6/13,2.658,2.754,2.754,2.64,-1.19%
2023/6/12,2.69,2.747,2.747,2.679,-0.15%
2023/6/9,2.694,2.774,2.774,2.682,-0.59%
2023/6/8,2.71,2.763,2.763,2.704,0.11%
2023/6/7,2.707,2.774,2.774,2.7,-0.26%
2023/6/6,2.714,2.773,2.773,2.706,-0.29%
2023/6/5,2.722,2.763,2.763,2.715,-0.04%
2023/6/2,2.723,2.801,2.801,2.705,0.59%
2023/6/1,2.707,2.785,2.785,2.7,-0.26%
2023/5/31,2.714,2.739,2.739,2.707,-0.44%
2023/5/30,2.726,2.759,2.759,2.723,-0.22%
2023/5/29,2.732,2.819,2.819,2.713,0.29%
2023/5/26,2.724,2.743,2.743,2.714,0.33%
2023/5/25,2.715,2.777,2.777,2.704,0.22%
2023/5/24,2.709,2.765,2.765,2.698,0.22%
2023/5/23,2.703,2.772,2.772,2.693,-0.52%
2023/5/22,2.717,2.83,2.83,2.714,-0.26%
2023/5/19,2.724,2.778,2.778,2.714,0.15%
2023/5/18,2.72,2.78,2.79,2.717,-0.37%
2023/5/17,2.73,2.73,2.73,2.709,0.48%
2023/5/16,2.717,2.788,2.788,2.712,-0.29%
2023/5/15,2.725,2.775,2.78,2.71,0.41%
2023/5/12,2.714,2.78,2.78,2.71,0.33%
2023/5/11,2.705,2.795,2.795,2.694,-0.73%
2023/5/10,2.725,2.78,2.78,2.722,-1.16%
2023/5/9,2.757,2.823,2.823,2.735,0.33%
2023/5/8,2.748,2.8,2.8,2.738,0.09%
2023/5/6,2.746,2.751,2.753,2.746,0.57%
2023/5/5,2.73,2.81,2.81,2.73,-1.48%
2023/5/4,2.771,2.878,2.878,2.761,-0.50%
2023/4/28,2.785,2.83,2.83,2.775,-0.11%
2023/4/27,2.788,2.875,2.875,2.781,-0.82%
2023/4/26,2.811,2.885,2.885,2.808,-0.32%
2023/4/25,2.82,2.887,2.887,2.815,0.00%
2023/4/24,2.82,2.925,2.925,2.814,-0.63%
2023/4/23,2.838,2.839,2.848,2.838,0.11%
2023/4/21,2.835,2.882,2.882,2.825,-0.11%
2023/4/20,2.838,2.903,2.903,2.83,0.07%
2023/4/19,2.836,2.933,2.933,2.828,-0.07%
2023/4/18,2.838,2.893,2.893,2.833,-0.18%
2023/4/17,2.843,2.898,2.898,2.834,0.32%
2023/4/14,2.834,2.88,2.88,2.824,-0.04%
2023/4/13,2.835,2.87,2.87,2.821,0.53%
2023/4/12,2.82,2.89,2.89,2.815,-0.35%
2023/4/11,2.83,2.9,2.9,2.825,-0.77%
2023/4/10,2.852,2.906,2.906,2.848,-0.14%
2023/4/7,2.856,2.92,2.92,2.846,-0.38%
2023/4/6,2.867,2.958,2.958,2.86,0.03%
2023/4/4,2.866,2.93,2.93,2.858,-0.14%
2023/4/3,2.87,2.913,2.913,2.853,0.31%
2023/3/31,2.861,2.93,2.93,2.854,0.03%
2023/3/30,2.86,2.9,2.9,2.85,-0.17%
2023/3/29,2.865,2.926,2.926,2.856,0.07%
2023/3/28,2.863,2.88,2.88,2.856,0.10%
2023/3/27,2.86,2.938,2.938,2.854,-0.66%
2023/3/24,2.879,2.935,2.935,2.866,0.17%
2023/3/23,2.874,2.928,2.928,2.856,0.35%
2023/3/22,2.864,2.88,2.88,2.858,-0.14%
2023/3/21,2.868,2.87,2.87,2.855,0.17%
2023/3/20,2.863,2.9,2.9,2.855,-0.14%
2023/3/17,2.867,2.925,2.925,2.855,0.31%
2023/3/16,2.858,2.92,2.93,2.858,-0.69%
2023/3/15,2.878,2.928,2.928,2.87,-0.24%
2023/3/14,2.885,2.91,2.91,2.871,0.07%
2023/3/13,2.883,2.933,2.933,2.864,0.10%
2023/3/10,2.88,2.911,2.911,2.876,-0.28%
2023/3/9,2.888,2.916,2.916,2.887,-0.28%
2023/3/8,2.896,2.913,2.963,2.885,0.21%
2023/3/7,2.89,2.918,2.918,2.887,-0.28%
2023/3/6,2.898,2.9,2.922,2.893,-0.72%
2023/3/3,2.919,2.99,2.99,2.915,-0.31%
2023/3/2,2.928,2.928,2.932,2.912,0.51%
2023/3/1,2.913,2.918,2.918,2.911,0.00%
2023/2/28,2.913,2.92,2.93,2.912,-0.10%
2023/2/27,2.916,2.91,2.948,2.91,-0.10%
2023/2/24,2.919,2.943,2.943,2.914,-0.21%
2023/2/23,2.925,2.955,2.955,2.917,0.14%
2023/2/22,2.921,2.929,2.929,2.916,-0.03%
2023/2/21,2.922,2.965,2.965,2.919,0.10%
2023/2/20,2.919,2.98,2.98,2.892,0.93%
2023/2/17,2.892,2.925,2.935,2.89,-0.31%
2023/2/16,2.901,2.97,2.97,2.893,0.14%
2023/2/15,2.897,2.92,2.92,2.892,0.14%
2023/2/14,2.893,3.02,3.02,2.892,-0.31%
2023/2/13,2.902,3,3,2.894,-0.07%
2023/2/10,2.904,2.94,2.94,2.892,0.24%
2023/2/9,2.897,2.93,2.93,2.889,-0.28%
2023/2/8,2.905,2.945,2.945,2.894,0.14%
2023/2/7,2.901,2.945,2.945,2.9,-0.28%
2023/2/6,2.909,2.943,2.943,2.894,-0.58%
2023/2/3,2.926,2.96,2.97,2.915,-0.41%
2023/2/2,2.938,2.97,2.97,2.92,0.10%
2023/2/1,2.935,2.966,2.966,2.923,0.24%
2023/1/31,2.928,3.06,3.06,2.918,-0.41%
2023/1/30,2.94,3.021,3.021,2.933,-0.61%
2023/1/29,2.958,2.971,2.971,2.953,-0.50%
2023/1/28,2.973,2.972,2.983,2.97,-0.40%
2023/1/20,2.985,3.005,3.005,2.96,1.19%
2023/1/19,2.95,3.023,3.023,2.938,-0.07%
2023/1/18,2.952,3,3,2.923,0.24%
2023/1/17,2.945,3.035,3.035,2.928,-0.34%
2023/1/16,2.955,3.007,3.007,2.943,0.75%
2023/1/13,2.933,2.98,2.98,2.907,0.55%
2023/1/12,2.917,2.933,2.933,2.908,0.00%
2023/1/11,2.917,2.951,2.951,2.907,-0.10%
2023/1/10,2.92,2.965,2.965,2.893,0.59%
2023/1/9,2.903,2.965,2.965,2.883,0.62%
2023/1/6,2.885,2.91,2.91,2.873,0.52%
2023/1/5,2.87,2.884,2.884,2.859,0.24%
2023/1/4,2.863,2.897,2.897,2.856,-0.35%
2023/1/3,2.873,2.947,2.947,2.863,-0.38%
2022/12/30,2.884,2.901,2.901,2.869,0.07%
2022/12/29,2.882,2.918,2.918,2.873,-0.38%
2022/12/28,2.893,2.948,2.948,2.89,-0.41%
2022/12/27,2.905,2.909,2.909,2.874,0.76%
2022/12/26,2.883,2.938,2.938,2.858,0.63%
2022/12/23,2.865,2.909,2.909,2.858,-0.52%
2022/12/22,2.88,2.927,2.927,2.869,-0.62%
2022/12/21,2.898,2.936,2.936,2.89,0.00%
2022/12/20,2.898,2.918,2.925,2.888,0.07%
2022/12/19,2.896,2.993,2.993,2.875,-0.52%
2022/12/16,2.911,2.943,2.943,2.906,0.07%
2022/12/15,2.909,2.913,2.913,2.89,0.48%
2022/12/14,2.895,2.954,2.954,2.888,-1.19%
2022/12/13,2.93,2.923,2.943,2.92,0.24%
2022/12/12,2.923,3.025,3.025,2.902,-0.07%
2022/12/9,2.925,2.95,2.95,2.907,0.65%
2022/12/8,2.906,2.932,2.932,2.887,0.14%
2022/12/7,2.902,2.984,2.984,2.902,-1.56%
2022/12/6,2.948,2.935,2.948,2.919,0.89%
2022/12/5,2.922,2.95,2.98,2.906,0.65%
2022/12/2,2.903,2.937,2.937,2.897,-0.14%
2022/12/1,2.907,2.932,2.948,2.9,-0.55%
2022/11/30,2.923,2.943,2.943,2.899,0.41%
2022/11/29,2.911,2.88,2.911,2.875,1.53%
2022/11/28,2.867,2.925,2.925,2.829,0.92%
2022/11/25,2.841,2.828,2.841,2.797,1.21%
2022/11/24,2.807,2.803,2.822,2.792,-0.32%
2022/11/23,2.816,2.84,2.86,2.816,-1.02%
2022/11/22,2.845,2.857,2.857,2.82,0.57%
2022/11/21,2.829,2.87,2.9,2.804,-0.14%
2022/11/18,2.833,2.85,2.85,2.803,0.39%
2022/11/17,2.822,2.838,2.86,2.814,-0.91%
2022/11/16,2.848,2.861,2.861,2.808,0.78%
2022/11/15,2.826,2.848,2.865,2.818,-0.49%
2022/11/14,2.84,2.785,2.84,2.785,3.54%
2022/11/11,2.743,2.7,2.743,2.686,1.22%
2022/11/10,2.71,2.738,2.738,2.689,0.33%
2022/11/9,2.701,2.713,2.713,2.691,-0.04%
2022/11/8,2.702,2.745,2.745,2.699,0.11%
2022/11/7,2.699,2.693,2.721,2.692,-0.33%
2022/11/4,2.708,2.688,2.713,2.676,1.20%
2022/11/3,2.676,2.684,2.712,2.672,-0.26%
2022/11/2,2.683,2.71,2.71,2.668,0.49%
2022/11/1,2.67,2.67,2.672,2.65,0.75%
2022/10/31,2.65,2.71,2.71,2.636,-1.23%
2022/10/28,2.683,2.746,2.746,2.68,-0.67%
2022/10/27,2.701,2.778,2.778,2.696,-0.95%
2022/10/26,2.727,2.732,2.746,2.72,-0.22%
2022/10/25,2.733,2.737,2.737,2.721,0.29%
2022/10/24,2.725,2.81,2.81,2.723,-0.15%
2022/10/21,2.729,2.79,2.79,2.722,-0.26%
2022/10/20,2.736,2.748,2.748,2.712,0.92%
2022/10/19,2.711,2.78,2.78,2.704,0.18%
2022/10/18,2.706,2.731,2.731,2.705,-0.15%
2022/10/17,2.71,2.74,2.74,2.699,-0.07%
2022/10/16,2.712,2.712,2.712,2.712,-0.09%
2022/10/15,2.714,2.714,2.714,2.714,0.00%
2022/10/14,2.714,2.762,2.762,2.711,-0.73%
2022/10/13,2.734,2.763,2.763,2.728,-0.51%
2022/10/12,2.748,2.78,2.78,2.744,-0.18%
2022/10/11,2.753,2.791,2.791,2.738,0.11%
2022/10/10,2.75,2.799,2.799,2.744,-0.45%
2022/10/9,2.763,2.768,2.773,2.757,-0.40%
2022/10/8,2.773,2.794,2.802,2.773,0.34%
2022/10/3,2.764,2.764,2.764,2.764,-0.65%
2022/9/30,2.782,2.79,2.79,2.758,0.91%
2022/9/29,2.757,2.759,2.759,2.736,0.40%
2022/9/28,2.746,2.739,2.752,2.716,1.14%
2022/9/27,2.715,2.723,2.76,2.707,-0.29%
2022/9/26,2.723,2.8,2.8,2.691,1.11%
2022/9/23,2.693,2.68,2.694,2.68,0.56%
2022/9/22,2.678,2.67,2.679,2.668,0.37%
2022/9/21,2.668,2.665,2.67,2.663,0.11%
2022/9/20,2.665,2.683,2.683,2.663,-0.45%
2022/9/19,2.677,2.69,2.69,2.673,-0.30%
2022/9/16,2.685,2.67,2.685,2.67,0.71%
2022/9/15,2.666,2.659,2.667,2.655,0.23%
2022/9/14,2.66,2.668,2.668,2.657,0.26%
2022/9/13,2.653,2.665,2.665,2.648,0.04%
2022/9/9,2.652,2.645,2.652,2.634,0.53%
2022/9/8,2.638,2.644,2.648,2.632,0.27%
2022/9/7,2.631,2.648,2.648,2.623,0.15%
2022/9/6,2.627,2.658,2.658,2.624,-0.27%
2022/9/5,2.634,2.667,2.667,2.628,-0.08%
2022/9/2,2.636,2.665,2.665,2.626,0.11%
2022/9/1,2.633,2.661,2.663,2.631,-0.60%
2022/8/31,2.649,2.659,2.659,2.635,0.38%
2022/8/30,2.639,2.676,2.676,2.636,-0.68%
2022/8/29,2.657,2.675,2.675,2.65,-0.45%
2022/8/26,2.669,2.669,2.672,2.654,0.34%
2022/8/25,2.66,2.658,2.665,2.641,0.80%
2022/8/24,2.639,2.652,2.653,2.636,0.00%
2022/8/23,2.639,2.643,2.645,2.631,0.34%
2022/8/22,2.63,2.67,2.67,2.617,0.27%
2022/8/19,2.623,2.624,2.642,2.615,-0.04%
2022/8/18,2.624,2.658,2.658,2.616,-0.72%
2022/8/17,2.643,2.643,2.657,2.637,0.23%
2022/8/16,2.637,2.684,2.684,2.624,-1.31%
2022/8/15,2.672,2.74,2.771,2.665,-2.45%
2022/8/12,2.739,2.767,2.767,2.731,0.07%
2022/8/11,2.737,2.761,2.761,2.735,-0.15%
2022/8/10,2.741,2.748,2.748,2.733,-0.25%
2022/8/9,2.748,2.757,2.757,2.74,0.18%
2022/8/8,2.743,2.738,2.744,2.734,0.18%
2022/8/5,2.738,2.753,2.753,2.723,0.59%
2022/8/4,2.722,2.742,2.742,2.713,-0.22%
2022/8/3,2.728,2.747,2.749,2.728,-0.18%
2022/8/2,2.733,2.752,2.752,2.725,-0.11%
2022/8/1,2.736,2.805,2.805,2.733,-0.83%
2022/7/29,2.759,2.78,2.801,2.755,-0.86%
2022/7/28,2.783,2.793,2.793,2.773,0.43%
2022/7/27,2.771,2.777,2.818,2.77,-0.14%
2022/7/26,2.775,2.785,2.804,2.773,-0.36%
2022/7/25,2.785,2.79,2.795,2.779,0.00%
2022/7/22,2.785,2.798,2.8,2.772,0.54%
2022/7/21,2.77,2.8,2.8,2.763,-0.36%
2022/7/20,2.78,2.794,2.812,2.777,-0.57%
2022/7/19,2.796,2.812,2.812,2.787,0.25%
2022/7/18,2.789,2.793,2.793,2.783,-0.11%
2022/7/15,2.792,2.811,2.812,2.788,-0.18%
2022/7/14,2.797,2.835,2.836,2.795,-0.57%
2022/7/13,2.813,2.817,2.84,2.806,-0.14%
2022/7/12,2.817,2.824,2.865,2.816,-0.25%
2022/7/11,2.824,2.905,2.905,2.823,-0.67%
2022/7/8,2.843,2.867,2.867,2.837,0.04%
2022/7/7,2.842,2.86,2.861,2.831,0.11%
2022/7/6,2.839,2.88,2.88,2.833,-0.42%
2022/7/5,2.851,2.878,2.88,2.84,-0.18%
2022/7/4,2.856,2.87,2.87,2.824,1.03%
2022/7/1,2.827,2.853,2.853,2.815,0.11%
2022/6/30,2.824,2.875,2.875,2.814,-0.49%
2022/6/29,2.838,2.867,2.867,2.83,-0.32%
2022/6/28,2.847,2.865,2.865,2.827,0.32%
2022/6/27,2.838,2.88,2.88,2.817,1.32%
2022/6/24,2.801,2.78,2.83,2.776,0.61%
2022/6/23,2.784,2.78,2.807,2.776,0.14%
2022/6/22,2.78,2.818,2.818,2.778,-0.39%
2022/6/21,2.791,2.825,2.825,2.786,-0.11%
2022/6/20,2.794,2.82,2.82,2.78,-0.78%
2022/6/17,2.816,2.82,2.832,2.81,-0.18%
2022/6/16,2.821,2.825,2.841,2.817,-0.25%
2022/6/15,2.828,2.878,2.878,2.815,0.35%
2022/6/14,2.818,2.857,2.857,2.812,0.21%
2022/6/13,2.812,2.858,2.858,2.802,0.07%
2022/6/10,2.81,2.806,2.836,2.8,0.11%
2022/6/9,2.807,2.835,2.835,2.802,-0.25%
2022/6/8,2.814,2.813,2.83,2.805,0.07%
2022/6/7,2.812,2.833,2.833,2.806,-0.35%
2022/6/6,2.822,2.81,2.822,2.793,0.50%
2022/6/2,2.808,2.81,2.811,2.793,0.29%
2022/6/1,2.8,2.825,2.825,2.792,-0.11%
2022/5/31,2.803,2.783,2.803,2.761,1.56%
2022/5/30,2.76,2.758,2.771,2.752,0.36%
2022/5/27,2.75,2.768,2.768,2.742,0.11%
2022/5/26,2.747,2.794,2.794,2.743,-1.26%
2022/5/25,2.782,2.812,2.812,2.777,-0.68%
2022/5/24,2.801,2.826,2.826,2.797,-0.14%
2022/5/23,2.805,2.82,2.85,2.802,-0.60%
2022/5/20,2.822,2.823,2.823,2.811,0.39%
2022/5/19,2.811,2.818,2.818,2.803,0.11%
2022/5/18,2.808,2.824,2.847,2.808,-0.50%
2022/5/17,2.822,2.845,2.845,2.817,-0.21%
2022/5/16,2.828,2.83,2.861,2.824,0.35%
2022/5/13,2.818,2.834,2.834,2.806,0.11%
2022/5/12,2.815,2.865,2.865,2.809,-0.46%
2022/5/11,2.828,2.833,2.836,2.814,0.60%
2022/5/10,2.811,2.843,2.843,2.805,-0.43%
2022/5/9,2.823,2.828,2.861,2.819,-0.69%
2022/5/7,2.842,2.845,2.849,2.842,0.30%
2022/5/6,2.834,2.852,2.852,2.829,0.07%
2022/5/5,2.832,2.928,2.928,2.828,-0.32%
2022/4/29,2.841,2.851,2.872,2.834,-0.32%
2022/4/28,2.85,2.87,2.87,2.846,0.25%
2022/4/27,2.843,2.847,2.847,2.833,0.35%
2022/4/26,2.833,2.85,2.85,2.818,0.43%
2022/4/25,2.821,2.869,2.869,2.815,-1.16%
2022/4/24,2.854,2.855,2.858,2.852,-0.83%
2022/4/22,2.878,2.863,2.878,2.852,0.88%
2022/4/21,2.853,2.873,2.873,2.851,-0.31%
2022/4/20,2.862,2.877,2.88,2.852,0.35%
2022/4/19,2.852,2.863,2.863,2.842,0.04%
2022/4/18,2.851,2.89,2.89,2.831,1.21%
2022/4/15,2.817,2.823,2.827,2.797,0.36%
2022/4/14,2.807,2.828,2.828,2.795,-0.28%
2022/4/13,2.815,2.837,2.837,2.805,0.04%
2022/4/12,2.814,2.83,2.83,2.798,0.11%
2022/4/11,2.811,2.802,2.83,2.789,0.29%
2022/4/9,2.803,2.803,2.803,2.803,0.47%
2022/4/8,2.79,2.813,2.813,2.784,0.14%
2022/4/7,2.786,2.788,2.833,2.783,-0.14%
2022/4/6,2.79,2.922,2.922,2.79,-1.15%
2022/4/2,2.822,2.825,2.826,2.818,0.41%
2022/4/1,2.811,2.854,2.854,2.806,-0.21%
2022/3/31,2.817,2.821,2.826,2.8,0.54%
2022/3/30,2.802,2.807,2.842,2.796,-0.21%
2022/3/29,2.808,2.837,2.837,2.806,-0.11%
2022/3/28,2.811,2.935,2.935,2.799,0.00%
2022/3/25,2.811,2.836,2.836,2.806,-0.14%
2022/3/24,2.815,2.844,2.885,2.811,-1.02%
2022/3/23,2.844,2.902,2.902,2.826,0.14%
2022/3/22,2.84,2.819,2.862,2.819,0.74%
2022/3/21,2.819,2.84,2.863,2.809,0.57%
2022/3/18,2.803,2.808,2.833,2.793,-0.36%
2022/3/17,2.813,2.81,2.847,2.801,0.11%
2022/3/16,2.81,2.845,2.845,2.8,-0.50%
2022/3/15,2.824,2.78,2.827,2.78,1.58%
2022/3/14,2.78,2.837,2.837,2.761,-1.89%
2022/3/12,2.833,2.833,2.833,2.833,0.37%
2022/3/11,2.823,2.897,2.897,2.821,-1.33%
2022/3/10,2.861,2.885,2.885,2.849,-0.07%
2022/3/9,2.863,2.84,2.863,2.84,0.81%
2022/3/8,2.84,2.862,2.862,2.832,0.00%
2022/3/7,2.84,2.844,2.844,2.825,0.28%
2022/3/4,2.832,2.844,2.844,2.825,-0.42%
2022/3/3,2.844,2.854,2.854,2.833,0.39%
2022/3/2,2.833,2.857,2.857,2.819,0.53%
2022/3/1,2.818,2.854,2.854,2.786,0.97%
2022/2/28,2.791,2.887,2.887,2.777,0.04%
2022/2/25,2.79,2.809,2.81,2.786,-0.57%
2022/2/24,2.806,2.837,2.837,2.782,-0.43%
2022/2/23,2.818,2.871,2.871,2.814,-0.88%
2022/2/22,2.843,2.866,2.866,2.827,0.21%
2022/2/21,2.837,2.883,2.883,2.805,1.18%
2022/2/18,2.804,2.803,2.804,2.78,0.75%
2022/2/17,2.783,2.831,2.831,2.779,-0.36%
2022/2/16,2.793,2.833,2.833,2.791,-0.25%
2022/2/15,2.8,2.857,2.857,2.778,0.07%
2022/2/14,2.798,2.857,2.857,2.778,0.14%
2022/2/11,2.794,2.803,2.803,2.779,1.82%
2022/2/10,2.744,2.754,2.754,2.727,0.37%
2022/2/9,2.734,2.744,2.744,2.723,0.44%
2022/2/8,2.722,2.741,2.741,2.712,0.00%
2022/2/7,2.722,2.8,2.8,2.716,0.20%
2022/1/30,2.717,2.728,2.737,2.708,-0.29%
2022/1/29,2.724,2.72,2.727,2.713,0.28%
2022/1/28,2.717,2.77,2.77,2.717,-0.66%
2022/1/27,2.735,2.748,2.748,2.718,0.74%
2022/1/26,2.715,2.706,2.721,2.672,1.61%
2022/1/25,2.672,2.727,2.727,2.66,-0.52%
2022/1/24,2.686,2.778,2.778,2.684,-1.00%
2022/1/21,2.713,2.76,2.76,2.709,-0.48%
2022/1/20,2.726,2.758,2.758,2.724,-0.22%
2022/1/19,2.732,2.773,2.773,2.718,-0.87%
2022/1/18,2.756,2.812,2.812,2.753,-1.25%
2022/1/17,2.791,2.86,2.86,2.771,-0.14%
2022/1/14,2.795,2.817,2.817,2.786,0.04%
2022/1/13,2.794,2.837,2.837,2.792,-0.21%
2022/1/12,2.8,2.822,2.822,2.795,0.04%
2022/1/11,2.799,2.841,2.841,2.797,-0.36%
2022/1/10,2.809,2.89,2.89,2.802,-0.50%
2022/1/7,2.823,2.849,2.849,2.817,0.04%
2022/1/6,2.822,2.84,2.84,2.813,0.46%
2022/1/5,2.809,2.823,2.823,2.791,0.57%
2022/1/4,2.793,2.85,2.85,2.785,0.36%
2021/12/31,2.783,2.797,2.797,2.777,0.18%
2021/12/30,2.778,2.814,2.814,2.771,-0.54%
2021/12/29,2.793,2.823,2.823,2.788,-0.43%
2021/12/28,2.805,2.845,2.845,2.803,-0.32%
2021/12/27,2.814,2.89,2.89,2.805,-0.67%
2021/12/24,2.833,2.855,2.855,2.818,0.46%
2021/12/23,2.82,2.87,2.87,2.816,-0.81%
2021/12/22,2.843,2.89,2.89,2.84,-0.70%
2021/12/21,2.863,2.878,2.878,2.856,0.17%
2021/12/20,2.858,2.911,2.911,2.854,0.07%
2021/12/17,2.856,2.895,2.895,2.853,-0.14%
2021/12/16,2.86,2.873,2.873,2.851,0.35%
2021/12/15,2.85,2.885,2.885,2.845,0.04%
2021/12/14,2.849,2.895,2.895,2.847,-0.38%
2021/12/13,2.86,2.91,2.91,2.85,0.42%
2021/12/10,2.848,2.881,2.881,2.844,-0.42%
2021/12/9,2.86,2.93,2.93,2.854,-0.10%
2021/12/8,2.863,2.877,2.877,2.852,0.28%
2021/12/7,2.855,2.87,2.87,2.826,1.03%
2021/12/6,2.826,2.94,2.94,2.818,-2.89%
2021/12/3,2.91,2.937,2.937,2.899,0.38%
2021/12/2,2.899,2.922,2.922,2.882,0.69%
2021/12/1,2.879,2.903,2.903,2.875,0.42%
2021/11/30,2.867,2.898,2.898,2.866,0.10%
2021/11/29,2.864,2.9,2.9,2.848,-0.49%
2021/11/27,2.878,2.878,2.878,2.878,0.45%
2021/11/26,2.865,2.928,2.928,2.863,-0.97%
2021/11/25,2.893,2.928,2.928,2.891,-0.24%
2021/11/24,2.9,2.975,2.975,2.898,-0.79%
2021/11/23,2.923,2.977,2.977,2.922,0.00%
2021/11/22,2.923,3.05,3.05,2.921,-0.20%
2021/11/19,2.929,2.961,2.961,2.913,0.17%
2021/11/18,2.924,2.996,2.996,2.921,-0.24%
2021/11/17,2.931,2.963,2.963,2.928,0.07%
2021/11/16,2.929,2.964,2.964,2.925,-0.10%
2021/11/15,2.932,3.003,3.003,2.929,-0.74%
2021/11/13,2.954,2.954,2.954,2.954,0.51%
2021/11/12,2.939,2.975,2.975,2.934,0.00%
2021/11/11,2.939,2.954,2.954,2.921,0.96%
2021/11/10,2.911,2.944,2.944,2.887,0.07%
2021/11/9,2.909,2.924,2.924,2.902,0.14%
2021/11/8,2.905,2.935,2.935,2.893,0.28%
2021/11/5,2.897,2.972,2.972,2.895,-1.13%
2021/11/4,2.93,2.949,2.988,2.928,-0.48%
2021/11/3,2.944,2.995,2.995,2.917,0.38%
2021/11/2,2.933,2.989,2.989,2.927,-0.51%
2021/11/1,2.948,3.03,3.03,2.946,-0.94%
2021/10/29,2.976,2.996,2.996,2.971,0.03%
2021/10/28,2.975,3.011,3.011,2.971,-0.20%
2021/10/27,2.981,3.024,3.024,2.976,-0.10%
2021/10/26,2.984,3.035,3.035,2.974,-0.03%
2021/10/25,2.985,3.04,3.04,2.975,0.00%
2021/10/22,2.985,3.015,3.015,2.969,0.47%
2021/10/21,2.971,3.037,3.037,2.966,-1.43%
2021/10/20,3.014,3.075,3.075,2.984,0.17%
2021/10/19,3.009,3.108,3.108,2.994,-1.12%
2021/10/18,3.043,3.06,3.06,3.013,1.64%
2021/10/15,2.994,2.986,2.996,2.951,1.05%
2021/10/14,2.963,2.991,2.991,2.958,-0.20%
2021/10/13,2.969,2.985,2.985,2.953,0.20%
2021/10/12,2.963,3.003,3.003,2.951,-0.03%
2021/10/11,2.964,2.958,2.968,2.925,1.11%
2021/10/9,2.931,2.92,2.934,2.92,0.77%
2021/10/8,2.909,3,3,2.885,1.22%
2021/9/30,2.874,2.91,2.91,2.87,-0.14%
2021/9/29,2.878,2.881,2.896,2.869,-0.10%
2021/9/28,2.881,2.904,2.904,2.875,0.00%
2021/9/27,2.881,3,3,2.866,-0.35%
2021/9/26,2.891,2.874,2.893,2.874,0.59%
2021/9/24,2.874,2.907,2.907,2.868,0.28%
2021/9/23,2.866,2.867,2.887,2.856,-0.03%
2021/9/22,2.867,2.94,2.94,2.858,-0.83%
2021/9/18,2.891,2.904,2.908,2.891,-0.07%
2021/9/17,2.893,2.913,2.913,2.885,-0.03%
2021/9/16,2.894,2.938,2.938,2.889,-0.21%
2021/9/15,2.9,2.93,2.93,2.883,0.35%
2021/9/14,2.89,2.923,2.923,2.885,0.00%
2021/9/13,2.89,2.94,2.94,2.86,0.21%
2021/9/10,2.884,2.91,2.91,2.868,0.28%
2021/9/9,2.876,2.898,2.898,2.871,0.14%
2021/9/8,2.872,2.894,2.894,2.847,0.42%
2021/9/7,2.86,2.861,2.868,2.838,0.78%
2021/9/6,2.838,2.96,2.96,2.826,-0.07%
2021/9/3,2.84,2.86,2.86,2.833,0.07%
2021/9/2,2.838,2.885,2.885,2.825,0.25%
2021/9/1,2.831,2.93,2.93,2.823,-0.91%
2021/8/31,2.857,2.915,2.915,2.849,-0.14%
2021/8/30,2.861,2.938,2.938,2.855,-1.65%
2021/8/27,2.909,2.887,2.911,2.869,0.94%
2021/8/26,2.882,2.883,2.883,2.859,0.84%
2021/8/25,2.858,2.98,2.98,2.836,-0.45%
2021/8/24,2.871,2.898,2.898,2.858,0.07%
2021/8/23,2.869,2.93,2.93,2.86,0.56%
2021/8/20,2.853,2.849,2.871,2.844,0.14%
2021/8/19,2.849,2.89,2.89,2.841,-0.04%
2021/8/18,2.85,2.894,2.919,2.848,-1.45%
2021/8/17,2.892,2.894,2.94,2.884,-0.07%
2021/8/16,2.894,2.955,2.955,2.878,0.52%
2021/8/13,2.879,2.95,2.95,2.873,0.31%
2021/8/12,2.87,2.92,2.92,2.864,-0.62%
2021/8/11,2.888,2.901,2.901,2.876,0.38%
2021/8/10,2.877,2.955,2.955,2.871,0.14%
2021/8/9,2.873,2.854,2.873,2.82,1.54%
2021/8/7,2.829,2.829,2.829,2.829,0.23%
2021/8/6,2.823,2.854,2.854,2.82,-0.14%
2021/8/5,2.827,2.863,2.863,2.808,-0.95%
2021/8/4,2.854,2.87,2.87,2.849,0.32%
2021/8/3,2.845,2.87,2.87,2.824,0.74%
2021/8/2,2.824,2.97,2.97,2.803,-0.74%
2021/7/30,2.845,2.97,2.97,2.843,-1.73%
2021/7/29,2.895,2.99,2.99,2.893,-0.96%
2021/7/28,2.923,2.936,2.936,2.894,0.45%
2021/7/27,2.91,2.945,2.945,2.88,0.76%
2021/7/26,2.888,2.92,2.92,2.878,-1.16%
2021/7/23,2.922,3,3,2.918,-0.44%
2021/7/22,2.935,2.975,2.975,2.93,0.17%
2021/7/21,2.93,2.988,2.988,2.926,-0.98%
2021/7/20,2.959,2.983,2.983,2.957,-0.20%
2021/7/19,2.965,3.043,3.043,2.951,0.37%
2021/7/16,2.954,2.988,2.988,2.951,-0.10%
2021/7/15,2.957,2.97,2.973,2.935,0.24%
2021/7/14,2.95,2.969,2.969,2.94,0.37%
2021/7/13,2.939,2.976,2.986,2.932,-0.58%
2021/7/12,2.956,3.135,3.135,2.953,-2.54%
2021/7/9,3.033,3.046,3.046,3.026,1.17%
2021/7/8,2.998,3.077,3.077,2.988,-2.19%
2021/7/7,3.065,3.09,3.112,3.065,-0.81%
2021/7/6,3.09,3.088,3.09,3.082,0.16%
2021/7/5,3.085,3.21,3.21,3.079,-0.13%
2021/7/2,3.089,3.12,3.12,3.089,-0.23%
2021/7/1,3.096,3.107,3.107,3.078,0.42%
2021/6/30,3.083,3.132,3.132,3.081,-0.32%
2021/6/29,3.093,3.15,3.15,3.09,-0.19%
2021/6/28,3.099,3.1,3.1,3.088,0.19%
2021/6/25,3.093,3.15,3.15,3.088,0.00%
2021/6/24,3.093,3.123,3.123,3.088,0.06%
2021/6/23,3.091,3.16,3.16,3.088,-0.23%
2021/6/22,3.098,3.14,3.14,3.095,-0.16%
2021/6/21,3.103,3.23,3.23,3.1,-0.86%
2021/6/18,3.13,3.179,3.179,3.125,-0.32%
2021/6/17,3.14,3.18,3.18,3.131,0.19%
2021/6/16,3.134,3.138,3.138,3.127,0.13%
2021/6/15,3.13,3.21,3.21,3.128,0.00%
2021/6/11,3.13,3.137,3.137,3.1,0.74%
2021/6/10,3.107,3.147,3.147,3.1,-0.32%
2021/6/9,3.117,3.198,3.198,3.112,-0.10%
2021/6/8,3.12,3.17,3.17,3.098,0.00%
2021/6/7,3.12,3.163,3.163,3.11,0.19%
2021/6/4,3.114,3.1,3.114,3.093,0.61%
2021/6/3,3.095,3.106,3.106,3.085,-0.10%
2021/6/2,3.098,3.093,3.098,3.08,0.58%
2021/6/1,3.08,3.112,3.112,3.068,0.10%
2021/5/31,3.077,3.204,3.204,3.074,-0.36%
2021/5/28,3.088,3.116,3.116,3.078,0.32%
2021/5/27,3.078,3.099,3.099,3.069,0.13%
2021/5/26,3.074,3.091,3.091,3.07,-0.07%
2021/5/25,3.076,3.096,3.096,3.07,-0.06%
2021/5/24,3.078,3.173,3.173,3.064,-0.52%
2021/5/22,3.094,3.094,3.094,3.094,0.52%
2021/5/21,3.078,3.123,3.123,3.063,-1.00%
2021/5/20,3.109,3.138,3.138,3.106,-0.38%
2021/5/19,3.121,3.172,3.172,3.12,-0.54%
2021/5/18,3.138,3.179,3.179,3.136,-0.32%
2021/5/17,3.148,3.26,3.26,3.131,0.48%
2021/5/14,3.133,3.151,3.151,3.131,-0.13%
2021/5/13,3.137,3.152,3.152,3.133,0.16%
2021/5/12,3.132,3.154,3.154,3.118,-0.10%
2021/5/11,3.135,3.181,3.183,3.133,-0.51%
2021/5/10,3.151,3.183,3.24,3.146,-0.87%
2021/5/8,3.178,3.174,3.179,3.168,0.55%
2021/5/7,3.161,3.183,3.183,3.152,0.41%
2021/5/6,3.148,3.208,3.208,3.145,-0.88%
2021/4/30,3.176,3.222,3.222,3.171,-0.50%
2021/4/29,3.192,3.32,3.32,3.179,-0.25%
2021/4/28,3.2,3.252,3.252,3.198,-0.12%
2021/4/27,3.204,3.23,3.23,3.193,0.22%
2021/4/26,3.197,3.223,3.223,3.186,-0.06%
2021/4/25,3.199,3.206,3.208,3.188,0.88%
2021/4/23,3.171,3.177,3.177,3.159,0.38%
2021/4/22,3.159,3.187,3.199,3.154,0.10%
2021/4/21,3.156,3.187,3.187,3.154,-0.09%
2021/4/20,3.159,3.161,3.22,3.145,-0.03%
2021/4/19,3.16,3.25,3.25,3.152,-0.19%
2021/4/16,3.166,3.176,3.202,3.164,-0.19%
2021/4/15,3.172,3.206,3.206,3.167,0.13%
2021/4/14,3.168,3.207,3.207,3.162,-0.16%
2021/4/13,3.173,3.208,3.24,3.173,-0.94%
2021/4/12,3.203,3.27,3.27,3.192,-0.44%
2021/4/9,3.217,3.25,3.25,3.217,-0.49%
2021/4/8,3.233,3.243,3.243,3.22,0.31%
2021/4/7,3.223,3.25,3.25,3.207,0.25%
2021/4/6,3.215,3.29,3.29,3.205,0.34%
2021/4/2,3.204,3.223,3.26,3.189,0.00%
2021/4/1,3.204,3.227,3.227,3.199,0.09%
2021/3/31,3.201,3.243,3.243,3.196,-0.03%
2021/3/30,3.202,3.227,3.227,3.197,-0.22%
2021/3/29,3.209,3.26,3.26,3.2,0.16%
2021/3/26,3.204,3.22,3.22,3.199,0.16%
2021/3/25,3.199,3.229,3.229,3.198,-0.47%
2021/3/24,3.214,3.243,3.243,3.212,-0.68%
2021/3/23,3.236,3.257,3.257,3.233,-0.03%
2021/3/22,3.237,3.36,3.36,3.23,-0.43%
2021/3/19,3.251,3.277,3.277,3.248,-0.37%
2021/3/18,3.263,3.297,3.297,3.263,-0.09%
2021/3/17,3.266,3.287,3.287,3.264,0.03%
2021/3/16,3.265,3.29,3.29,3.264,-0.24%
2021/3/15,3.273,3.295,3.295,3.268,0.28%
2021/3/12,3.264,3.26,3.264,3.248,0.46%
2021/3/11,3.249,3.29,3.29,3.243,-0.12%
2021/3/10,3.253,3.278,3.278,3.249,-0.12%
2021/3/9,3.257,3.28,3.28,3.248,0.06%
2021/3/8,3.255,3.31,3.31,3.248,-0.46%
2021/3/5,3.27,3.35,3.35,3.245,-0.03%
2021/3/4,3.271,3.262,3.283,3.262,0.15%
2021/3/3,3.266,3.277,3.277,3.257,0.25%
2021/3/2,3.258,3.276,3.276,3.245,0.00%
2021/3/1,3.258,3.325,3.325,3.252,-0.94%
2021/2/26,3.289,3.385,3.385,3.275,-0.06%
2021/2/25,3.291,3.293,3.293,3.276,0.83%
2021/2/24,3.264,3.294,3.294,3.251,-0.12%
2021/2/23,3.268,3.38,3.38,3.263,-0.21%
2021/2/22,3.275,3.3,3.3,3.273,-0.71%
2021/2/20,3.299,3.289,3.299,3.283,0.93%
2021/2/19,3.268,3.34,3.34,3.266,-1.27%
2021/2/18,3.31,3.355,3.355,3.283,1.44%
2021/2/10,3.263,3.287,3.287,3.244,0.09%
2021/2/9,3.26,3.271,3.271,3.242,0.34%
2021/2/8,3.249,3.293,3.293,3.235,0.32%
2021/2/7,3.239,3.245,3.266,3.219,-0.20%
2021/2/5,3.245,3.27,3.31,3.235,0.28%
2021/2/4,3.236,3.225,3.245,3.192,0.65%
2021/2/3,3.215,3.225,3.237,3.192,0.41%
2021/2/2,3.202,3.217,3.217,3.193,0.53%
2021/2/1,3.185,3.25,3.25,3.177,-1.30%
2021/1/29,3.227,3.22,3.229,3.188,0.66%
2021/1/28,3.206,3.194,3.206,3.179,1.07%
2021/1/27,3.172,3.187,3.187,3.164,-0.16%
2021/1/26,3.177,3.175,3.177,3.139,1.28%
2021/1/25,3.137,3.2,3.2,3.123,-0.57%
2021/1/22,3.155,3.162,3.17,3.152,0.25%
2021/1/21,3.147,3.193,3.193,3.14,-1.13%
2021/1/20,3.183,3.19,3.19,3.169,0.22%
2021/1/19,3.176,3.187,3.188,3.171,0.03%
2021/1/18,3.175,3.21,3.21,3.158,0.70%
2021/1/15,3.153,3.137,3.153,3.129,0.41%
2021/1/14,3.14,3.172,3.172,3.133,0.22%
2021/1/13,3.133,3.184,3.184,3.13,-1.04%
2021/1/12,3.166,3.19,3.19,3.15,-0.22%
2021/1/11,3.173,3.245,3.245,3.161,-0.84%
2021/1/8,3.2,3.2,3.2,3.186,0.44%
2021/1/7,3.186,3.224,3.224,3.17,0.03%
2021/1/6,3.185,3.226,3.226,3.175,-0.56%
2021/1/5,3.203,3.244,3.244,3.195,-0.47%
2021/1/4,3.218,3.278,3.278,3.195,0.47%
2020/12/31,3.203,3.192,3.207,3.174,0.34%
2020/12/30,3.192,3.23,3.23,3.185,-0.41%
2020/12/29,3.205,3.231,3.231,3.198,-0.25%
2020/12/28,3.213,3.29,3.29,3.199,-0.83%
2020/12/25,3.24,3.28,3.283,3.233,-0.58%
2020/12/24,3.259,3.274,3.28,3.242,0.46%
2020/12/23,3.244,3.282,3.282,3.244,-0.76%
2020/12/22,3.269,3.308,3.308,3.249,-0.82%
2020/12/21,3.296,3.396,3.396,3.29,-0.30%
2020/12/18,3.306,3.337,3.337,3.293,0.09%
2020/12/17,3.303,3.316,3.316,3.295,0.00%
2020/12/16,3.303,3.359,3.359,3.286,0.15%
2020/12/15,3.298,3.325,3.325,3.294,-0.36%
2020/12/14,3.31,3.401,3.401,3.309,0.09%
2020/12/11,3.307,3.35,3.35,3.293,0.61%
2020/12/10,3.287,3.35,3.35,3.273,-0.42%
2020/12/9,3.301,3.341,3.341,3.285,0.33%
2020/12/8,3.29,3.349,3.349,3.28,-0.39%
2020/12/7,3.303,3.35,3.35,3.298,0.06%
2020/12/4,3.301,3.359,3.359,3.29,-0.51%
2020/12/3,3.318,3.359,3.359,3.308,0.12%
2020/12/2,3.314,3.36,3.36,3.305,0.45%
2020/12/1,3.299,3.369,3.369,3.28,0.58%
2020/11/30,3.28,3.4,3.4,3.268,-1.00%
2020/11/27,3.313,3.375,3.375,3.291,0.18%
2020/11/26,3.307,3.352,3.352,3.298,0.00%
2020/11/25,3.307,3.399,3.399,3.286,-0.24%
2020/11/24,3.315,3.328,3.33,3.288,0.79%
2020/11/23,3.289,3.31,3.345,3.286,-1.29%
2020/11/20,3.332,3.345,3.362,3.328,-0.09%
2020/11/19,3.335,3.418,3.418,3.313,0.51%
2020/11/18,3.318,3.32,3.32,3.288,0.97%
2020/11/17,3.286,3.329,3.329,3.276,0.03%
2020/11/16,3.285,3.3,3.3,3.255,0.40%
2020/11/13,3.272,3.302,3.302,3.253,0.43%
2020/11/12,3.258,3.295,3.295,3.24,0.52%
2020/11/11,3.241,3.245,3.255,3.227,-0.06%
2020/11/10,3.243,3.33,3.33,3.228,0.00%
2020/11/9,3.243,3.32,3.32,3.216,1.00%
2020/11/6,3.211,3.22,3.22,3.19,0.69%
2020/11/5,3.189,3.25,3.25,3.174,0.41%
2020/11/4,3.176,3.22,3.22,3.166,-0.28%
2020/11/3,3.185,3.236,3.236,3.177,-0.22%
2020/11/2,3.192,3.19,3.235,3.177,0.00%
2020/10/30,3.192,3.225,3.225,3.184,0.19%
2020/10/29,3.186,3.275,3.275,3.164,0.19%
2020/10/28,3.18,3.23,3.23,3.173,0.00%
2020/10/27,3.18,3.249,3.249,3.175,-0.78%
2020/10/26,3.205,3.29,3.29,3.189,0.00%
2020/10/23,3.205,3.248,3.248,3.188,1.10%
2020/10/22,3.17,3.25,3.25,3.161,-1.06%
2020/10/21,3.204,3.245,3.245,3.196,0.03%
2020/10/20,3.203,3.25,3.25,3.195,-0.25%
2020/10/19,3.211,3.3,3.3,3.198,-0.59%
2020/10/16,3.23,3.24,3.242,3.224,-0.09%
2020/10/15,3.233,3.275,3.275,3.226,0.50%
2020/10/14,3.217,3.225,3.225,3.203,0.37%
2020/10/13,3.205,3.246,3.246,3.197,-0.62%
2020/10/12,3.225,3.24,3.242,3.21,0.86%
2020/10/11,3.197,3.197,3.197,3.197,-0.16%
2020/10/10,3.203,3.206,3.211,3.191,0.08%
2020/10/9,3.2,3.294,3.294,3.199,1.43%
2020/9/30,3.155,3.163,3.163,3.138,0.48%
2020/9/29,3.14,3.178,3.178,3.127,0.32%
2020/9/28,3.13,3.2,3.2,3.127,-0.82%
2020/9/27,3.156,3.151,3.156,3.109,1.02%
2020/9/25,3.124,3.11,3.127,3.106,1.07%
2020/9/24,3.091,3.128,3.128,3.091,-0.90%
2020/9/23,3.119,3.137,3.137,3.103,0.65%
2020/9/22,3.099,3.13,3.13,3.096,-0.35%
2020/9/21,3.11,3.185,3.185,3.098,-0.64%
2020/9/18,3.13,3.159,3.159,3.128,-0.35%
2020/9/17,3.141,3.155,3.155,3.134,-0.19%
2020/9/16,3.147,3.148,3.148,3.121,0.38%
2020/9/15,3.135,3.173,3.173,3.121,-1.20%
2020/9/14,3.173,3.25,3.25,3.165,1.05%
2020/9/11,3.14,3.113,3.143,3.104,1.09%
2020/9/10,3.106,3.12,3.12,3.09,-0.06%
2020/9/9,3.108,3.144,3.144,3.101,-1.27%
2020/9/8,3.148,3.2,3.2,3.143,-0.85%
2020/9/7,3.175,3.19,3.19,3.163,1.50%
2020/9/4,3.128,3.13,3.134,3.115,-0.06%
2020/9/3,3.13,3.118,3.148,3.103,1.07%
2020/9/2,3.097,3.058,3.099,3.058,1.71%
2020/9/1,3.045,3.055,3.055,3.038,-0.26%
2020/8/31,3.053,3.135,3.135,3.052,-0.97%
2020/8/28,3.083,3.087,3.087,3.077,0.52%
2020/8/27,3.067,3.073,3.073,3.053,0.26%
2020/8/26,3.059,3.067,3.067,3.027,0.30%
2020/8/25,3.05,3.007,3.055,3.005,1.57%
2020/8/24,3.003,3.05,3.05,2.998,-0.07%
2020/8/21,3.005,3.021,3.021,3.003,0.07%
2020/8/20,3.003,3.019,3.019,2.999,-0.20%
2020/8/19,3.009,2.995,3.009,2.988,1.07%
2020/8/18,2.977,2.967,2.977,2.953,1.16%
2020/8/17,2.943,3,3,2.94,-0.47%
2020/8/14,2.957,2.969,2.983,2.957,-0.37%
2020/8/13,2.968,3.003,3.003,2.968,-0.34%
2020/8/12,2.978,2.983,2.988,2.97,0.17%
2020/8/11,2.973,3.003,3.003,2.968,-0.57%
2020/8/10,2.99,3.07,3.07,2.98,-0.17%
2020/8/7,2.995,2.996,2.999,2.979,0.47%
2020/8/6,2.981,2.992,3,2.965,0.30%
2020/8/5,2.972,2.966,2.985,2.955,0.47%
2020/8/4,2.958,2.974,2.974,2.958,-0.17%
2020/8/3,2.963,3.035,3.035,2.96,-0.34%
2020/7/31,2.973,2.962,2.973,2.95,0.88%
2020/7/30,2.947,2.972,2.972,2.947,-0.17%
2020/7/29,2.952,2.938,2.953,2.923,0.82%
2020/7/28,2.928,2.919,2.928,2.907,0.79%
2020/7/27,2.905,2.93,2.93,2.87,0.35%
2020/7/24,2.895,2.914,2.928,2.88,-0.72%
2020/7/23,2.916,2.953,2.953,2.914,-0.48%
2020/7/22,2.93,2.953,2.953,2.927,-0.68%
2020/7/21,2.95,2.985,2.985,2.95,-0.71%
2020/7/20,2.971,2.98,3,2.971,-2.49%
2020/7/17,3.047,3.075,3.075,3.047,0.23%
2020/7/16,3.04,3.12,3.12,3.04,-0.94%
2020/7/15,3.069,3.17,3.17,3.033,-1.63%
2020/7/14,3.12,3.18,3.18,3.12,-0.86%
2020/7/13,3.147,3.19,3.19,3.143,0.43%
2020/7/11,3.134,3.134,3.134,3.134,0.50%
2020/7/10,3.118,3.168,3.175,3.112,-1.89%
2020/7/9,3.178,3.2,3.2,3.143,2.19%
2020/7/8,3.11,3.08,3.135,3.07,0.97%
2020/7/7,3.08,3.05,3.135,3.05,0.98%
2020/7/6,3.05,3,3.05,2.988,4.34%
2020/7/3,2.923,2.95,2.95,2.9,1.14%
2020/7/2,2.89,2.93,2.93,2.885,0.07%
2020/7/1,2.888,2.9,2.9,2.875,-0.24%
2020/6/30,2.895,2.93,2.935,2.895,-0.10%
2020/6/29,2.898,2.93,2.94,2.888,0.17%
2020/6/28,2.893,2.895,2.9,2.89,-0.75%
2020/6/24,2.915,3.01,3.01,2.914,-1.09%
2020/6/23,2.947,3,3,2.947,0.89%
2020/6/22,2.921,2.95,2.95,2.913,0.55%
2020/6/19,2.905,2.94,2.94,2.898,0.14%
2020/6/18,2.901,2.903,2.92,2.883,0.48%
2020/6/17,2.887,2.88,2.887,2.869,0.84%
2020/6/16,2.863,2.89,2.89,2.85,2.25%
2020/6/15,2.8,2.81,2.825,2.764,0.25%
2020/6/12,2.793,2.81,2.81,2.775,-0.36%
2020/6/11,2.803,2.88,2.88,2.793,-1.79%
2020/6/10,2.854,2.883,2.883,2.852,0.28%
2020/6/9,2.846,2.88,2.88,2.84,-0.32%
2020/6/8,2.855,2.93,2.96,2.85,-0.56%
2020/6/5,2.871,2.905,2.92,2.858,0.63%
2020/6/4,2.853,2.835,2.853,2.809,1.13%
2020/6/3,2.821,2.8,2.847,2.798,1.55%
2020/6/2,2.778,2.749,2.8,2.736,1.91%
2020/6/1,2.726,2.738,2.738,2.703,0.70%
2020/5/29,2.707,2.75,2.75,2.698,0.26%
2020/5/28,2.7,2.7,2.718,2.685,-0.33%
2020/5/27,2.709,2.698,2.723,2.683,0.33%
2020/5/26,2.7,2.662,2.7,2.648,2.12%
2020/5/25,2.644,2.658,2.658,2.62,1.50%
2020/5/22,2.605,2.69,2.7,2.602,-2.91%
2020/5/21,2.683,2.725,2.725,2.681,-0.45%
2020/5/20,2.695,2.749,2.749,2.687,-0.96%
2020/5/19,2.721,2.753,2.753,2.698,0.74%
2020/5/18,2.701,2.725,2.725,2.69,1.20%
2020/5/15,2.669,2.723,2.723,2.665,-1.33%
2020/5/14,2.705,2.683,2.708,2.677,0.93%
2020/5/13,2.68,2.71,2.71,2.65,0.83%
2020/5/12,2.658,2.662,2.67,2.633,-0.23%
2020/5/11,2.664,2.688,2.693,2.628,1.35%
2020/5/9,2.628,2.633,2.633,2.627,0.06%
2020/5/8,2.627,2.61,2.627,2.603,1.31%
2020/5/7,2.593,2.563,2.602,2.557,1.49%
2020/5/6,2.555,2.545,2.558,2.54,1.19%
2020/5/5,2.525,2.525,2.525,2.525,0.00%
2020/5/4,2.525,2.525,2.525,2.525,0.60%
2020/4/30,2.51,2.503,2.527,2.503,0.28%
2020/4/29,2.503,2.521,2.537,2.498,-0.60%
2020/4/28,2.518,2.545,2.545,2.512,-0.12%
2020/4/27,2.521,2.523,2.545,2.52,0.56%
2020/4/26,2.507,2.5,2.514,2.494,-0.20%
2020/4/24,2.512,2.552,2.561,2.508,-0.59%
2020/4/23,2.527,2.575,2.582,2.527,-1.60%
2020/4/22,2.568,2.588,2.603,2.568,-0.70%
2020/4/21,2.586,2.578,2.599,2.577,0.27%
2020/4/20,2.579,2.565,2.59,2.558,1.06%
2020/4/17,2.552,2.545,2.559,2.539,0.59%
2020/4/16,2.537,2.555,2.561,2.537,-0.55%
2020/4/15,2.551,2.57,2.589,2.544,-0.51%
2020/4/14,2.564,2.593,2.625,2.548,-0.16%
2020/4/13,2.568,2.56,2.585,2.56,1.22%
2020/4/10,2.537,2.53,2.54,2.516,0.55%
2020/4/9,2.523,2.525,2.54,2.514,0.32%
2020/4/8,2.515,2.535,2.56,2.508,-0.75%
2020/4/7,2.534,2.616,2.616,2.503,-3.19%
2020/4/6,2.618,2.641,2.72,2.618,0.36%
2020/4/3,2.608,2.593,2.636,2.565,-2.61%
2020/4/2,2.678,2.667,2.682,2.658,0.98%
2020/4/1,2.652,2.66,2.68,2.629,-0.41%
2020/3/31,2.663,2.735,2.75,2.663,-1.26%
2020/3/30,2.697,2.69,2.718,2.69,0.86%
2020/3/27,2.674,2.745,2.745,2.674,-0.67%
2020/3/26,2.692,2.76,2.76,2.667,-0.96%
2020/3/25,2.718,2.753,2.753,2.713,0.15%
2020/3/24,2.714,2.745,2.745,2.713,-0.26%
2020/3/23,2.721,2.715,2.753,2.698,-1.20%
2020/3/20,2.754,2.825,2.825,2.754,-1.33%
2020/3/19,2.791,2.823,2.823,2.763,0.32%
2020/3/18,2.782,2.831,2.831,2.767,1.05%
2020/3/17,2.753,2.77,2.77,2.739,0.47%
2020/3/16,2.74,2.79,2.79,2.688,0.70%
2020/3/13,2.721,2.765,2.765,2.694,1.61%
2020/3/12,2.678,2.72,2.72,2.662,-0.56%
2020/3/11,2.693,2.75,2.75,2.675,0.75%
2020/3/10,2.673,2.65,2.68,2.603,3.01%
2020/3/9,2.595,2.68,2.68,2.578,-3.21%
2020/3/6,2.681,2.781,2.781,2.68,-2.12%
2020/3/5,2.739,2.79,2.79,2.739,-0.98%
2020/3/4,2.766,2.825,2.825,2.756,-1.74%
2020/3/3,2.815,2.863,2.865,2.803,1.00%
2020/3/2,2.787,2.75,2.79,2.75,-0.39%
2020/2/28,2.798,2.875,2.875,2.798,-2.27%
2020/2/27,2.863,2.901,2.901,2.81,-0.49%
2020/2/26,2.877,2.876,2.887,2.85,0.17%
2020/2/25,2.872,2.9,2.9,2.861,0.03%
2020/2/24,2.871,2.92,2.92,2.865,-2.21%
2020/2/21,2.936,2.944,2.949,2.92,-0.07%
2020/2/20,2.938,2.953,2.955,2.923,0.31%
2020/2/19,2.929,2.952,2.952,2.916,0.45%
2020/2/18,2.916,2.935,2.945,2.915,-0.48%
2020/2/17,2.93,2.95,2.95,2.89,1.00%
2020/2/14,2.901,2.91,2.91,2.87,0.80%
2020/2/13,2.878,2.885,2.885,2.87,-0.07%
2020/2/12,2.88,2.9,2.9,2.858,0.77%
2020/2/11,2.858,2.9,2.9,2.834,1.35%
2020/2/10,2.82,2.858,2.858,2.816,-1.67%
2020/2/7,2.868,2.9,2.905,2.866,-0.69%
2020/2/6,2.888,2.925,2.925,2.875,-0.86%
2020/2/5,2.913,2.853,2.937,2.853,0.80%
2020/2/4,2.89,2.87,2.89,2.87,1.05%
2020/2/3,2.86,2.85,2.9,2.815,-6.23%
2020/1/23,3.05,3.05,3.05,3.015,-0.10%
2020/1/22,3.053,3.096,3.103,3.053,-1.39%
2020/1/21,3.096,3.139,3.143,3.055,-1.05%
2020/1/20,3.129,3.134,3.146,3.125,-0.08%
2020/1/19,3.132,3.118,3.136,3.118,-0.56%
2020/1/17,3.149,3.148,3.17,3.142,0.19%
2020/1/16,3.143,3.153,3.159,3.141,0.06%
2020/1/15,3.141,3.153,3.157,3.125,-0.16%
2020/1/14,3.146,3.145,3.15,3.138,-0.03%
2020/1/13,3.147,3.12,3.153,3.12,0.35%
2020/1/10,3.136,3.16,3.166,3.134,-0.73%
2020/1/9,3.159,3.171,3.184,3.158,-0.28%
2020/1/8,3.168,3.185,3.203,3.165,-0.38%
2020/1/7,3.18,3.17,3.182,3.17,0.06%
2020/1/6,3.178,3.19,3.215,3.159,-0.47%
2020/1/3,3.193,3.188,3.199,3.18,0.25%
2020/1/2,3.185,3.175,3.185,3.168,0.38%
2019/12/31,3.173,3.166,3.196,3.155,-0.13%
2019/12/30,3.177,3.17,3.183,3.168,0.19%
2019/12/27,3.171,3.155,3.188,3.155,0.67%
2019/12/26,3.15,3.187,3.21,3.14,-1.19%
2019/12/25,3.188,3.202,3.218,3.188,-0.31%
2019/12/24,3.198,3.202,3.223,3.187,-0.44%
2019/12/23,3.212,3.21,3.234,3.188,-1.08%
2019/12/20,3.247,3.287,3.287,3.234,-0.06%
2019/12/19,3.249,3.285,3.285,3.239,-0.09%
2019/12/18,3.252,3.271,3.271,3.233,0.53%
2019/12/17,3.235,3.223,3.242,3.213,0.56%
2019/12/16,3.217,3.263,3.263,3.198,0.44%
2019/12/13,3.203,3.25,3.25,3.195,0.28%
2019/12/12,3.194,3.21,3.228,3.194,-0.44%
2019/12/11,3.208,3.257,3.257,3.193,-0.47%
2019/12/10,3.223,3.271,3.271,3.201,0.47%
2019/12/9,3.208,3.26,3.26,3.208,-0.12%
2019/12/6,3.212,3.239,3.239,3.197,0.16%
2019/12/5,3.207,3.254,3.254,3.2,0.28%
2019/12/4,3.198,3.23,3.235,3.18,-1.39%
2019/12/3,3.243,3.249,3.256,3.226,0.84%
2019/12/2,3.216,3.215,3.222,3.2,0.75%
2019/11/29,3.192,3.237,3.237,3.176,-0.28%
2019/11/28,3.201,3.209,3.217,3.193,-0.16%
2019/11/27,3.206,3.186,3.224,3.176,-0.06%
2019/11/26,3.208,3.209,3.229,3.202,0.12%
2019/11/25,3.204,3.22,3.25,3.182,0.50%
2019/11/22,3.188,3.18,3.209,3.18,0.47%
2019/11/21,3.173,3.194,3.202,3.163,-0.81%
2019/11/20,3.199,3.236,3.253,3.194,-0.99%
2019/11/19,3.231,3.223,3.238,3.212,0.25%
2019/11/18,3.223,3.26,3.282,3.198,-1.23%
2019/11/15,3.263,3.299,3.299,3.245,-0.06%
2019/11/14,3.265,3.268,3.278,3.25,0.12%
2019/11/13,3.261,3.304,3.304,3.255,0.12%
2019/11/12,3.257,3.235,3.263,3.229,0.09%
2019/11/11,3.254,3.34,3.34,3.254,-1.09%
2019/11/8,3.29,3.287,3.316,3.287,0.37%
2019/11/7,3.278,3.3,3.3,3.267,0.28%
2019/11/6,3.269,3.325,3.325,3.259,-0.43%
2019/11/5,3.283,3.314,3.331,3.26,-0.48%
2019/11/4,3.299,3.3,3.318,3.288,0.49%
2019/11/1,3.283,3.343,3.343,3.281,0.06%
2019/10/31,3.281,3.378,3.378,3.28,-1.32%
2019/10/30,3.325,3.323,3.336,3.318,0.24%
2019/10/29,3.317,3.315,3.323,3.285,0.91%
2019/10/28,3.287,3.25,3.295,3.25,0.98%
2019/10/25,3.255,3.244,3.259,3.239,0.65%
2019/10/24,3.234,3.242,3.262,3.233,0.00%
2019/10/23,3.234,3.243,3.248,3.221,0.03%
2019/10/22,3.233,3.22,3.243,3.22,0.56%
2019/10/21,3.215,3.25,3.25,3.198,0.69%
2019/10/18,3.193,3.195,3.201,3.17,0.13%
2019/10/17,3.189,3.201,3.201,3.187,0.00%
2019/10/16,3.189,3.185,3.194,3.179,0.25%
2019/10/15,3.181,3.213,3.213,3.178,-0.41%
2019/10/14,3.194,3.2,3.208,3.184,0.66%
2019/10/12,3.173,3.199,3.199,3.172,0.32%
2019/10/11,3.163,3.17,3.17,3.161,0.70%
2019/10/10,3.141,3.156,3.156,3.136,0.71%
2019/10/9,3.119,3.181,3.181,3.115,-0.64%
2019/10/8,3.139,3.19,3.208,3.128,-0.51%
2019/9/30,3.155,3.18,3.18,3.155,-0.25%
2019/9/29,3.163,3.215,3.215,3.163,0.16%
2019/9/27,3.158,3.158,3.16,3.145,0.41%
2019/9/26,3.145,3.144,3.149,3.126,0.13%
2019/9/25,3.141,3.127,3.143,3.122,0.45%
2019/9/24,3.127,3.112,3.131,3.107,0.48%
2019/9/23,3.112,3.13,3.131,3.098,-0.19%
2019/9/21,3.118,3.118,3.118,3.118,0.00%
2019/9/20,3.118,3.165,3.165,3.114,-0.61%
2019/9/19,3.137,3.17,3.17,3.115,0.03%
2019/9/18,3.136,3.14,3.146,3.108,0.61%
2019/9/17,3.117,3.132,3.132,3.099,0.29%
2019/9/16,3.108,3.12,3.14,3.093,0.45%
2019/9/12,3.094,3.068,3.096,3.068,1.11%
2019/9/11,3.06,3.063,3.078,3.045,0.26%
2019/9/10,3.052,3.045,3.064,3.041,0.49%
2019/9/9,3.037,3.085,3.085,3.034,0.46%
2019/9/6,3.023,3.075,3.075,3.015,-0.79%
2019/9/5,3.047,3.078,3.078,3.047,-1.10%
2019/9/4,3.081,3.088,3.108,3.08,0.13%
2019/9/3,3.077,3.102,3.102,3.077,-0.03%
2019/9/2,3.078,3.08,3.082,3.066,0.33%
2019/8/30,3.068,3.058,3.075,3.057,0.62%
2019/8/29,3.049,3.078,3.085,3.047,-0.68%
2019/8/28,3.07,3.075,3.08,3.066,-0.16%
2019/8/27,3.075,3.086,3.086,3.068,-0.19%
2019/8/26,3.081,3.035,3.082,3.028,0.36%
2019/8/23,3.07,3.086,3.099,3.063,-0.23%
2019/8/22,3.077,3.068,3.083,3.068,0.49%
2019/8/21,3.062,3.048,3.065,3.048,0.79%
2019/8/20,3.038,3.041,3.051,3.038,-0.10%
2019/8/19,3.041,3.062,3.062,3.035,0.36%
2019/8/16,3.03,3.035,3.047,3.022,0.10%
2019/8/15,3.027,3.028,3.035,3.015,-0.03%
2019/8/14,3.028,3.034,3.041,3.024,0.17%
2019/8/13,3.023,3.05,3.055,3.02,-0.79%
2019/8/12,3.047,3.09,3.09,3.045,0.26%
2019/8/9,3.039,3.051,3.075,3.019,-0.39%
2019/8/8,3.051,3.105,3.105,3.048,-0.72%
2019/8/7,3.073,3.083,3.113,3.07,-0.16%
2019/8/6,3.078,3.073,3.088,3.051,0.39%
2019/8/5,3.066,3.16,3.16,3.058,-1.10%
2019/8/3,3.1,3.149,3.149,3.1,-1.24%
2019/8/2,3.139,3.177,3.177,3.128,-0.92%
2019/8/1,3.168,3.192,3.194,3.168,-0.47%
2019/7/31,3.183,3.199,3.2,3.165,-0.41%
2019/7/30,3.196,3.203,3.22,3.193,-0.28%
2019/7/29,3.205,3.2,3.205,3.178,0.94%
2019/7/26,3.175,3.194,3.196,3.175,-0.22%
2019/7/25,3.182,3.187,3.206,3.169,0.13%
2019/7/24,3.178,3.174,3.187,3.171,0.51%
2019/7/23,3.162,3.165,3.18,3.14,0.16%
2019/7/22,3.157,3.183,3.183,3.157,-0.50%
2019/7/19,3.173,3.221,3.221,3.173,-0.56%
2019/7/18,3.191,3.198,3.211,3.191,-0.09%
2019/7/17,3.194,3.198,3.213,3.192,0.19%
2019/7/16,3.188,3.189,3.203,3.187,0.03%
2019/7/15,3.187,3.25,3.25,3.155,-0.06%
2019/7/12,3.189,3.192,3.21,3.189,0.35%
2019/7/11,3.178,3.188,3.203,3.155,-0.28%
2019/7/10,3.187,3.22,3.228,3.186,-0.16%
2019/7/9,3.192,3.205,3.24,3.192,-0.09%
2019/7/8,3.195,3.2,3.2,3.189,0.22%
2019/7/5,3.188,3.179,3.189,3.175,0.38%
2019/7/4,3.176,3.208,3.208,3.174,-0.53%
2019/7/3,3.193,3.238,3.238,3.178,-1.11%
2019/7/2,3.229,3.262,3.268,3.229,-1.01%
2019/7/1,3.262,3.315,3.315,3.248,-0.52%
2019/6/28,3.279,3.285,3.298,3.278,-0.09%
2019/6/27,3.282,3.28,3.282,3.273,0.12%
2019/6/26,3.278,3.271,3.278,3.265,0.21%
2019/6/25,3.271,3.266,3.271,3.263,0.15%
2019/6/24,3.266,3.26,3.267,3.255,0.49%
2019/6/21,3.25,3.27,3.278,3.245,-0.82%
2019/6/20,3.277,3.27,3.277,3.25,0.68%
2019/6/19,3.255,3.27,3.27,3.253,-0.12%
2019/6/18,3.259,3.276,3.276,3.259,-0.24%
2019/6/17,3.267,3.27,3.27,3.25,-0.37%
2019/6/14,3.279,3.306,3.306,3.278,-0.33%
2019/6/13,3.29,3.319,3.319,3.287,-0.36%
2019/6/12,3.302,3.296,3.317,3.293,0.49%
2019/6/11,3.286,3.29,3.293,3.27,0.40%
2019/6/10,3.273,3.26,3.273,3.255,0.31%
2019/6/6,3.263,3.258,3.265,3.247,0.49%
2019/6/5,3.247,3.271,3.271,3.243,-0.37%
2019/6/4,3.259,3.291,3.296,3.257,-0.88%
2019/6/3,3.288,3.32,3.324,3.287,-0.27%
2019/5/31,3.297,3.332,3.347,3.294,-0.78%
2019/5/30,3.323,3.333,3.341,3.31,-0.15%
2019/5/29,3.328,3.381,3.381,3.319,-0.89%
2019/5/28,3.358,3.368,3.368,3.348,0.24%
2019/5/27,3.35,3.37,3.37,3.341,0.51%
2019/5/24,3.333,3.37,3.37,3.33,-0.18%
2019/5/23,3.339,3.4,3.4,3.305,0.66%
2019/5/22,3.317,3.316,3.333,3.311,0.27%
2019/5/21,3.308,3.313,3.314,3.302,0.30%
2019/5/20,3.298,3.38,3.38,3.29,0.46%
2019/5/17,3.283,3.335,3.335,3.265,-0.18%
2019/5/16,3.289,3.32,3.32,3.285,-0.93%
2019/5/15,3.32,3.302,3.322,3.298,0.73%
2019/5/14,3.296,3.312,3.33,3.296,-0.57%
2019/5/13,3.315,3.31,3.322,3.29,0.03%
2019/5/10,3.314,3.395,3.395,3.311,-0.48%
2019/5/9,3.33,3.343,3.366,3.32,-0.75%
2019/5/8,3.355,3.4,3.4,3.349,-0.27%
2019/5/7,3.364,3.415,3.415,3.358,-0.41%
2019/5/6,3.378,3.4,3.4,3.355,-0.79%
2019/5/5,3.405,3.39,3.405,3.39,-0.32%
2019/4/30,3.416,3.433,3.443,3.412,-0.41%
2019/4/29,3.43,3.48,3.48,3.42,0.44%
2019/4/28,3.415,3.41,3.415,3.41,-0.18%
2019/4/26,3.421,3.445,3.445,3.421,-0.35%
2019/4/25,3.433,3.455,3.475,3.413,-0.06%
2019/4/24,3.435,3.438,3.453,3.415,0.03%
2019/4/23,3.434,3.443,3.459,3.434,0.44%
2019/4/22,3.419,3.42,3.43,3.407,0.86%
2019/4/19,3.39,3.399,3.413,3.379,0.12%
2019/4/18,3.386,3.423,3.428,3.385,-1.20%
2019/4/17,3.427,3.42,3.445,3.409,0.68%
2019/4/16,3.404,3.39,3.41,3.383,0.86%
2019/4/15,3.375,3.4,3.425,3.371,1.32%
2019/4/12,3.331,3.307,3.335,3.307,1.15%
2019/4/11,3.293,3.318,3.332,3.276,-0.78%
2019/4/10,3.319,3.323,3.338,3.309,0.82%
2019/4/9,3.292,3.305,3.305,3.273,0.15%
2019/4/8,3.287,3.31,3.315,3.282,0.58%
2019/4/4,3.268,3.248,3.275,3.248,0.80%
2019/4/3,3.242,3.19,3.242,3.188,2.34%
2019/4/2,3.168,3.145,3.168,3.145,1.15%
2019/4/1,3.132,3.14,3.14,3.114,1.85%
2019/3/29,3.075,3.128,3.128,3.075,-0.45%
2019/3/28,3.089,3.11,3.111,3.087,-0.26%
2019/3/27,3.097,3.14,3.14,3.095,0.36%
2019/3/26,3.086,3.172,3.172,3.083,-0.90%
2019/3/25,3.114,3.15,3.15,3.114,-0.76%
2019/3/22,3.138,3.181,3.186,3.115,-0.79%
2019/3/21,3.163,3.18,3.18,3.163,0.29%
2019/3/20,3.154,3.173,3.173,3.154,-0.13%
2019/3/19,3.158,3.18,3.18,3.158,0.16%
2019/3/18,3.153,3.15,3.165,3.146,-0.06%
2019/3/15,3.155,3.192,3.192,3.153,-0.28%
2019/3/14,3.164,3.165,3.18,3.163,0.16%
2019/3/13,3.159,3.185,3.185,3.159,-0.13%
2019/3/12,3.163,3.197,3.197,3.16,-0.22%
2019/3/11,3.17,3.16,3.173,3.14,0.35%
2019/3/8,3.159,3.215,3.215,3.159,-0.88%
2019/3/7,3.187,3.275,3.275,3.187,-1.15%
2019/3/6,3.224,3.24,3.24,3.215,-0.12%
2019/3/5,3.228,3.252,3.252,3.221,0.47%
2019/3/4,3.213,3.28,3.28,3.213,0.56%
2019/3/1,3.195,3.218,3.218,3.188,-0.41%
2019/2/28,3.208,3.198,3.222,3.192,0.66%
2019/2/27,3.187,3.223,3.23,3.187,-0.72%
2019/2/26,3.21,3.193,3.213,3.191,1.01%
2019/2/25,3.178,3.2,3.2,3.15,0.95%
2019/2/22,3.148,3.162,3.162,3.148,0.16%
2019/2/21,3.143,3.169,3.169,3.143,-0.06%
2019/2/20,3.145,3.163,3.163,3.133,0.35%
2019/2/19,3.134,3.14,3.146,3.128,0.61%
2019/2/18,3.115,3.17,3.17,3.09,0.81%
2019/2/15,3.09,3.119,3.119,3.08,-0.16%
2019/2/14,3.095,3.121,3.121,3.082,0.06%
2019/2/13,3.093,3.132,3.132,3.091,0.00%
2019/2/12,3.093,3.16,3.16,3.09,0.10%
2019/2/11,3.09,3.144,3.144,3.09,-1.90%
2019/2/3,3.15,3.15,3.15,3.15,0.48%
2019/2/2,3.135,3.15,3.15,3.135,-0.32%
2019/2/1,3.145,3.143,3.157,3.143,0.48%
2019/1/31,3.13,3.152,3.157,3.125,-0.45%
2019/1/30,3.144,3.164,3.169,3.139,-0.38%
2019/1/29,3.156,3.187,3.187,3.152,-0.09%
2019/1/28,3.159,3.2,3.2,3.157,0.06%
2019/1/25,3.157,3.178,3.178,3.151,0.35%
2019/1/24,3.146,3.155,3.159,3.145,-0.06%
2019/1/23,3.148,3.155,3.155,3.11,0.58%
2019/1/22,3.13,3.153,3.153,3.11,0.64%
2019/1/21,3.11,3.16,3.16,3.11,-0.26%
2019/1/18,3.118,3.147,3.147,3.111,0.87%
2019/1/17,3.091,3.123,3.13,3.091,-0.71%
2019/1/16,3.113,3.175,3.175,3.113,-1.21%
2019/1/15,3.151,3.156,3.172,3.145,0.29%
2019/1/14,3.142,3.2,3.2,3.14,0.13%
2019/1/11,3.138,3.148,3.148,3.125,-0.06%
2019/1/10,3.14,3.14,3.143,3.117,0.32%
2019/1/9,3.13,3.15,3.173,3.128,-0.57%
2019/1/8,3.148,3.166,3.183,3.143,-0.66%
2019/1/7,3.169,3.18,3.205,3.169,-0.22%
2019/1/4,3.176,3.192,3.198,3.173,-0.47%
2019/1/3,3.191,3.2,3.2,3.168,-0.37%
2019/1/2,3.203,3.28,3.28,3.193,-2.05%
2018/12/29,3.27,3.27,3.27,3.27,-0.09%
2018/12/28,3.273,3.3,3.3,3.273,-0.79%
2018/12/27,3.299,3.389,3.4,3.292,-1.20%
2018/12/26,3.339,3.399,3.399,3.336,-0.54%
2018/12/25,3.357,3.361,3.365,3.351,-0.09%
2018/12/24,3.36,3.4,3.4,3.343,0.15%
2018/12/21,3.355,3.387,3.387,3.318,0.39%
2018/12/20,3.342,3.443,3.443,3.313,-1.15%
2018/12/19,3.381,3.429,3.429,3.381,-0.82%
2018/12/18,3.409,3.417,3.433,3.398,0.21%
2018/12/17,3.402,3.42,3.42,3.375,0.98%
2018/12/14,3.369,3.36,3.372,3.341,0.87%
2018/12/13,3.34,3.322,3.34,3.313,1.33%
2018/12/12,3.296,3.311,3.329,3.296,-0.09%
2018/12/11,3.299,3.341,3.341,3.288,-0.30%
2018/12/10,3.309,3.36,3.36,3.268,-0.45%
2018/12/8,3.324,3.324,3.324,3.324,0.30%
2018/12/7,3.314,3.31,3.34,3.31,-0.45%
2018/12/6,3.329,3.375,3.375,3.31,-0.48%
2018/12/5,3.345,3.348,3.37,3.333,0.00%
2018/12/4,3.345,3.44,3.44,3.345,-1.53%
2018/12/3,3.397,3.42,3.42,3.386,0.50%
2018/12/2,3.38,3.38,3.38,3.38,-0.73%
2018/12/1,3.405,3.405,3.405,3.405,0.21%
2018/11/30,3.398,3.41,3.41,3.392,-0.15%
2018/11/29,3.403,3.415,3.423,3.397,-0.15%
2018/11/28,3.408,3.458,3.458,3.408,-0.99%
2018/11/27,3.442,3.443,3.456,3.431,0.50%
2018/11/26,3.425,3.47,3.47,3.408,0.15%
2018/11/23,3.42,3.41,3.428,3.38,0.50%
2018/11/22,3.403,3.425,3.425,3.392,0.21%
2018/11/21,3.396,3.4,3.42,3.381,0.06%
2018/11/20,3.394,3.425,3.425,3.387,0.33%
2018/11/19,3.383,3.365,3.405,3.35,0.53%
2018/11/18,3.365,3.365,3.365,3.365,0.03%
2018/11/17,3.364,3.364,3.364,3.364,-0.06%
2018/11/16,3.366,3.475,3.475,3.358,-1.78%
2018/11/15,3.427,3.508,3.508,3.427,-0.87%
2018/11/14,3.457,3.522,3.522,3.448,-1.28%
2018/11/13,3.502,3.525,3.532,3.502,0.17%
2018/11/12,3.496,3.52,3.52,3.494,-0.11%
2018/11/9,3.5,3.517,3.517,3.497,-0.28%
2018/11/8,3.51,3.549,3.57,3.501,-0.31%
2018/11/7,3.521,3.549,3.57,3.521,-0.59%
2018/11/6,3.542,3.588,3.588,3.542,-0.45%
2018/11/5,3.558,3.553,3.583,3.545,0.20%
2018/11/2,3.551,3.549,3.553,3.529,0.82%
2018/11/1,3.522,3.562,3.562,3.522,-0.31%
2018/10/31,3.533,3.567,3.567,3.529,-0.31%
2018/10/30,3.544,3.593,3.593,3.525,0.11%
2018/10/29,3.54,3.65,3.65,3.538,-0.34%
2018/10/26,3.552,3.587,3.587,3.552,-0.42%
2018/10/25,3.567,3.553,3.568,3.545,-0.08%
2018/10/24,3.57,3.608,3.611,3.568,-0.86%
2018/10/23,3.601,3.65,3.65,3.601,0.22%
2018/10/22,3.593,3.61,3.61,3.593,0.28%
2018/10/19,3.583,3.63,3.63,3.555,0.14%
2018/10/18,3.578,3.616,3.616,3.578,-0.50%
2018/10/17,3.596,3.642,3.642,3.594,-0.30%
2018/10/16,3.607,3.644,3.644,3.607,-0.28%
2018/10/15,3.617,3.62,3.62,3.598,0.33%
2018/10/12,3.605,3.668,3.668,3.583,-0.41%
2018/10/11,3.62,3.655,3.655,3.6,-0.22%
2018/10/10,3.628,3.649,3.664,3.628,-0.55%
2018/10/9,3.648,3.66,3.66,3.636,0.58%
2018/10/8,3.627,3.64,3.65,3.627,-0.77%
2018/9/30,3.655,3.66,3.66,3.64,0.27%
2018/9/29,3.645,3.653,3.676,3.634,-0.22%
2018/9/28,3.653,3.662,3.673,3.651,-0.25%
2018/9/27,3.662,3.703,3.703,3.661,-0.52%
2018/9/26,3.681,3.722,3.722,3.681,-0.41%
2018/9/25,3.696,3.71,3.71,3.692,-0.46%
2018/9/21,3.713,3.698,3.727,3.698,0.51%
2018/9/20,3.694,3.689,3.698,3.679,0.14%
2018/9/19,3.689,3.676,3.695,3.66,0.60%
2018/9/18,3.667,3.671,3.672,3.65,0.11%
2018/9/17,3.663,3.69,3.69,3.635,-0.33%
2018/9/14,3.675,3.69,3.698,3.673,-0.22%
2018/9/13,3.683,3.713,3.713,3.68,-0.35%
2018/9/12,3.696,3.713,3.713,3.696,0.22%
2018/9/11,3.688,3.683,3.695,3.68,0.49%
2018/9/10,3.67,3.68,3.68,3.669,0.47%
2018/9/7,3.653,3.68,3.68,3.65,0.61%
2018/9/6,3.631,3.658,3.66,3.63,-0.22%
2018/9/5,3.639,3.665,3.665,3.637,0.28%
2018/9/4,3.629,3.652,3.652,3.618,0.44%
2018/9/3,3.613,3.65,3.65,3.605,0.36%
2018/8/31,3.6,3.639,3.665,3.593,-1.18%
2018/8/30,3.643,3.64,3.653,3.62,0.30%
2018/8/29,3.632,3.652,3.675,3.632,-0.36%
2018/8/28,3.645,3.655,3.671,3.645,-0.08%
2018/8/27,3.648,3.64,3.67,3.64,0.27%
2018/8/24,3.638,3.653,3.653,3.624,0.39%
2018/8/23,3.624,3.67,3.67,3.608,-0.60%
2018/8/22,3.646,3.671,3.671,3.643,-0.76%
2018/8/21,3.674,3.688,3.688,3.658,0.16%
2018/8/20,3.668,3.7,3.71,3.664,0.33%
2018/8/17,3.656,3.615,3.673,3.615,1.16%
2018/8/16,3.614,3.61,3.618,3.595,0.70%
2018/8/15,3.589,3.617,3.617,3.575,0.34%
2018/8/14,3.577,3.599,3.605,3.577,-0.53%
2018/8/13,3.596,3.58,3.598,3.563,0.62%
2018/8/10,3.574,3.57,3.586,3.55,0.53%
2018/8/9,3.555,3.538,3.56,3.532,0.82%
2018/8/8,3.526,3.511,3.526,3.49,0.89%
2018/8/7,3.495,3.53,3.53,3.483,0.66%
2018/8/6,3.472,3.55,3.55,3.465,-0.52%
2018/8/3,3.49,3.531,3.531,3.489,0.09%
2018/8/2,3.487,3.54,3.54,3.465,-0.43%
2018/8/1,3.502,3.583,3.583,3.5,-0.88%
2018/7/31,3.533,3.563,3.563,3.529,-0.06%
2018/7/30,3.535,3.6,3.6,3.535,-0.62%
2018/7/27,3.557,3.615,3.615,3.552,0.00%
2018/7/26,3.557,3.579,3.591,3.557,-0.45%
2018/7/25,3.573,3.573,3.582,3.56,0.34%
2018/7/24,3.561,3.574,3.581,3.554,0.79%
2018/7/23,3.533,3.57,3.57,3.508,0.71%
2018/7/20,3.508,3.488,3.513,3.444,0.34%
2018/7/19,3.496,3.528,3.528,3.488,-0.09%
2018/7/18,3.499,3.508,3.513,3.494,-0.06%
2018/7/17,3.501,3.548,3.548,3.497,-0.28%
2018/7/16,3.511,3.55,3.55,3.475,-0.14%
2018/7/13,3.516,3.533,3.55,3.513,-0.54%
2018/7/12,3.535,3.558,3.571,3.531,-0.23%
2018/7/11,3.543,3.573,3.573,3.543,-0.37%
2018/7/10,3.556,3.567,3.568,3.554,0.23%
2018/7/9,3.548,3.55,3.559,3.54,0.23%
2018/7/6,3.54,3.547,3.548,3.517,0.57%
2018/7/5,3.52,3.535,3.535,3.507,-0.06%
2018/7/4,3.522,3.515,3.523,3.504,0.31%
2018/7/3,3.511,3.509,3.511,3.485,0.66%
2018/7/2,3.488,3.55,3.55,3.488,-1.55%
2018/6/29,3.543,3.601,3.601,3.534,-0.64%
2018/6/28,3.566,3.61,3.61,3.566,-0.53%
2018/6/27,3.585,3.62,3.62,3.585,-0.50%
2018/6/26,3.603,3.633,3.633,3.603,-0.06%
2018/6/25,3.605,3.65,3.65,3.585,0.06%
2018/6/22,3.603,3.63,3.63,3.598,0.00%
2018/6/21,3.603,3.64,3.64,3.588,-0.33%
2018/6/20,3.615,3.62,3.62,3.59,0.14%
2018/6/19,3.61,3.65,3.675,3.61,-1.01%
2018/6/15,3.647,3.722,3.722,3.628,-0.90%
2018/6/14,3.68,3.721,3.721,3.68,-0.86%
2018/6/13,3.712,3.69,3.713,3.687,0.65%
2018/6/12,3.688,3.695,3.697,3.687,0.49%
2018/6/11,3.67,3.72,3.72,3.66,-0.49%
2018/6/8,3.688,3.707,3.707,3.645,-0.14%
2018/6/7,3.693,3.697,3.707,3.68,0.00%
2018/6/6,3.693,3.698,3.7,3.678,0.27%
2018/6/5,3.683,3.68,3.693,3.673,0.44%
2018/6/4,3.667,3.68,3.68,3.65,0.52%
2018/6/1,3.648,3.666,3.666,3.648,0.05%
2018/5/31,3.646,3.655,3.655,3.635,0.69%
2018/5/30,3.621,3.67,3.67,3.621,-0.52%
2018/5/29,3.64,3.67,3.67,3.633,-0.08%
2018/5/28,3.643,3.64,3.643,3.635,-1.14%
2018/5/25,3.685,3.693,3.693,3.648,0.33%
2018/5/24,3.673,3.71,3.71,3.667,-0.78%
2018/5/23,3.702,3.73,3.73,3.692,-0.08%
2018/5/22,3.705,3.745,3.745,3.673,-0.46%
2018/5/21,3.722,3.78,3.78,3.718,0.00%
2018/5/20,3.722,3.722,3.722,3.722,0.00%
2018/5/18,3.722,3.772,3.772,3.713,-0.24%
2018/5/17,3.731,3.76,3.76,3.726,0.21%
2018/5/16,3.723,3.753,3.753,3.723,0.00%
2018/5/15,3.723,3.738,3.738,3.713,0.27%
2018/5/14,3.713,3.72,3.72,3.695,0.08%
2018/5/11,3.71,3.731,3.746,3.699,-0.30%
2018/5/10,3.721,3.728,3.737,3.713,0.16%
2018/5/9,3.715,3.703,3.725,3.703,0.49%
2018/5/8,3.697,3.67,3.697,3.652,1.07%
2018/5/7,3.658,3.7,3.7,3.648,0.03%
2018/5/4,3.657,3.73,3.73,3.643,-0.41%
2018/5/3,3.672,3.673,3.675,3.662,-0.22%
2018/5/2,3.68,3.7,3.7,3.66,0.74%
2018/4/28,3.653,3.662,3.677,3.65,-0.25%
2018/4/27,3.662,3.64,3.663,3.637,0.60%
2018/4/26,3.64,3.627,3.659,3.626,0.64%
2018/4/25,3.617,3.597,3.623,3.597,0.56%
2018/4/24,3.597,3.603,3.615,3.578,-0.17%
2018/4/23,3.603,3.62,3.62,3.548,1.78%
2018/4/20,3.54,3.531,3.54,3.522,0.23%
2018/4/19,3.532,3.61,3.61,3.52,-2.08%
2018/4/18,3.607,3.668,3.668,3.575,-1.90%
2018/4/17,3.677,3.753,3.753,3.673,-1.10%
2018/4/16,3.718,3.78,3.78,3.718,-0.59%
2018/4/13,3.74,3.763,3.763,3.733,0.13%
2018/4/12,3.735,3.754,3.754,3.731,-0.35%
2018/4/11,3.748,3.757,3.757,3.74,0.54%
2018/4/10,3.728,3.747,3.747,3.726,-0.13%
2018/4/9,3.733,3.735,3.747,3.733,-0.45%
2018/4/8,3.75,3.74,3.75,3.74,0.27%
2018/4/7,3.74,3.74,3.74,3.74,0.00%
2018/4/6,3.74,3.745,3.745,3.74,-0.13%
2018/4/4,3.745,3.748,3.767,3.728,-0.08%
2018/4/3,3.748,3.747,3.78,3.745,0.03%
2018/4/2,3.747,3.8,3.8,3.746,-0.82%
2018/3/30,3.778,3.803,3.803,3.767,0.21%
2018/3/29,3.77,3.783,3.783,3.752,0.53%
2018/3/28,3.75,3.762,3.77,3.747,-0.61%
2018/3/27,3.773,3.773,3.773,3.75,0.83%
2018/3/26,3.742,3.81,3.81,3.733,-0.53%
2018/3/23,3.762,3.79,3.79,3.742,-0.19%
2018/3/22,3.769,3.834,3.837,3.769,-0.92%
2018/3/21,3.804,3.81,3.818,3.792,-0.16%
2018/3/20,3.81,3.875,3.875,3.805,-0.47%
2018/3/19,3.828,3.935,3.935,3.823,-0.78%
2018/3/16,3.858,3.863,3.88,3.849,-0.13%
2018/3/15,3.863,3.882,3.882,3.852,0.05%
2018/3/14,3.861,3.871,3.871,3.848,0.10%
2018/3/13,3.857,3.848,3.869,3.848,0.23%
2018/3/12,3.848,3.9,3.9,3.848,-0.05%
2018/3/9,3.85,3.867,3.867,3.848,-0.03%
2018/3/8,3.851,3.885,3.885,3.851,-0.36%
2018/3/7,3.865,3.895,3.895,3.865,-0.28%
2018/3/6,3.876,3.86,3.925,3.86,0.34%
2018/3/5,3.863,3.975,3.975,3.855,-0.08%
2018/3/2,3.866,3.918,3.918,3.85,0.34%
2018/3/1,3.853,3.86,3.875,3.852,-0.10%
2018/2/28,3.857,3.898,3.898,3.847,-0.44%
2018/2/27,3.874,3.902,3.902,3.866,-0.33%
2018/2/26,3.887,3.9,3.9,3.883,-0.23%
2018/2/24,3.896,3.895,3.96,3.878,0.03%
2018/2/23,3.895,3.902,3.919,3.895,-0.05%
2018/2/22,3.897,3.95,3.95,3.893,-0.08%
2018/2/18,3.9,3.9,3.9,3.9,0.00%
2018/2/14,3.9,3.922,3.922,3.9,-0.38%
2018/2/13,3.915,3.925,3.925,3.9,0.20%
2018/2/12,3.907,3.94,3.94,3.907,-0.08%
2018/2/11,3.91,3.92,3.92,3.91,0.21%
2018/2/10,3.902,3.902,3.902,3.902,0.00%
2018/2/9,3.902,3.92,3.92,3.892,0.10%
2018/2/8,3.898,3.931,3.931,3.898,-0.13%
2018/2/7,3.903,3.958,3.958,3.903,-0.36%
2018/2/6,3.917,3.945,3.945,3.915,-0.20%
2018/2/5,3.925,3.99,3.99,3.911,0.00%
2018/2/2,3.925,3.942,3.962,3.901,-0.15%
2018/2/1,3.931,3.986,3.986,3.909,-0.33%
2018/1/31,3.944,3.961,3.978,3.937,-0.25%
2018/1/30,3.954,3.962,3.972,3.951,-0.10%
2018/1/29,3.958,4,4,3.944,0.15%
2018/1/26,3.952,3.999,3.999,3.942,-0.08%
2018/1/25,3.955,3.965,3.978,3.953,-0.18%
2018/1/24,3.962,3.993,3.993,3.958,-0.20%
2018/1/23,3.97,4.05,4.05,3.953,-2.48%
2018/1/22,4.071,4.12,4.12,4.042,0.27%
2018/1/19,4.06,4.057,4.06,4.04,0.52%
2018/1/18,4.039,4.053,4.055,4.03,0.22%
2018/1/17,4.03,4.027,4.034,4.024,0.15%
2018/1/16,4.024,4.019,4.034,4.014,0.22%
2018/1/15,4.015,4.05,4.05,4.015,1.21%
2018/1/12,3.967,3.961,3.974,3.953,0.23%
2018/1/11,3.958,3.965,3.973,3.945,0.71%
2018/1/10,3.93,3.93,3.933,3.912,0.26%
2018/1/9,3.92,3.924,3.95,3.907,-0.10%
2018/1/8,3.924,3.95,3.95,3.921,-0.28%
2018/1/5,3.935,3.944,3.948,3.923,-0.08%
2018/1/4,3.938,3.93,3.943,3.927,0.46%
2018/1/3,3.92,3.918,3.932,3.905,0.05%
2018/1/2,3.918,3.95,3.95,3.881,0.08%
2017/12/29,3.915,3.938,3.938,3.915,0.05%
2017/12/28,3.913,3.913,3.929,3.911,0.00%
2017/12/27,3.913,3.914,3.919,3.906,0.28%
2017/12/26,3.902,3.908,3.914,3.901,-0.33%
2017/12/25,3.915,3.92,3.92,3.88,-0.03%
2017/12/22,3.916,3.953,3.953,3.912,-0.13%
2017/12/21,3.921,3.953,3.953,3.921,0.10%
2017/12/20,3.917,3.95,3.95,3.909,0.26%
2017/12/19,3.907,3.93,3.93,3.9,-0.03%
2017/12/18,3.908,3.98,3.98,3.89,-0.43%
2017/12/16,3.925,3.925,3.925,3.925,0.00%
2017/12/15,3.925,3.947,3.97,3.923,-0.38%
2017/12/14,3.94,3.97,3.97,3.927,-0.51%
2017/12/13,3.96,3.995,3.995,3.93,-0.25%
2017/12/12,3.97,3.963,3.97,3.954,0.68%
2017/12/11,3.943,3.95,3.95,3.94,0.59%
2017/12/9,3.92,3.915,3.92,3.915,0.13%
2017/12/8,3.915,3.919,3.919,3.91,0.41%
2017/12/7,3.899,3.928,3.928,3.895,0.05%
2017/12/6,3.897,3.9,3.907,3.895,-0.18%
2017/12/5,3.904,3.935,3.935,3.898,-0.15%
2017/12/4,3.91,3.93,3.94,3.89,0.51%
2017/12/3,3.89,3.89,3.89,3.89,-0.59%
2017/12/2,3.913,3.913,3.913,3.913,0.00%
2017/12/1,3.913,3.925,3.938,3.893,-0.10%
2017/11/30,3.917,3.968,3.968,3.917,-0.79%
2017/11/29,3.948,3.984,3.99,3.938,-0.70%
2017/11/28,3.976,3.999,3.999,3.975,-0.15%
2017/11/27,3.982,3.955,3.982,3.955,0.68%
2017/11/26,3.955,3.955,3.955,3.955,-0.98%
2017/11/25,3.994,3.994,3.994,3.994,0.28%
2017/11/24,3.983,4.008,4.008,3.975,-0.50%
2017/11/23,4.003,3.993,4.019,3.975,0.25%
2017/11/22,3.993,3.985,3.993,3.975,0.76%
2017/11/21,3.963,3.955,3.973,3.948,0.00%
2017/11/20,3.963,4.02,4.02,3.958,0.41%
2017/11/17,3.947,3.94,3.97,3.94,0.25%
2017/11/16,3.937,3.963,4.015,3.932,-0.78%
2017/11/15,3.968,3.993,4.023,3.963,-0.50%
2017/11/14,3.988,3.974,4.033,3.965,0.58%
2017/11/13,3.965,3.92,3.975,3.92,0.89%
2017/11/12,3.93,3.93,3.93,3.93,0.13%
2017/11/11,3.925,3.925,3.925,3.925,0.18%
2017/11/10,3.918,3.97,3.97,3.91,0.38%
2017/11/9,3.903,3.92,3.92,3.891,0.26%
2017/11/8,3.893,3.95,3.95,3.89,-0.08%
2017/11/7,3.896,3.9,3.9,3.871,0.46%
2017/11/6,3.878,3.9,3.9,3.873,-0.56%
2017/11/3,3.9,3.897,3.907,3.888,0.28%
2017/11/2,3.889,3.917,3.917,3.877,0.18%
2017/11/1,3.882,3.919,3.935,3.881,-0.87%
2017/10/31,3.916,3.87,3.917,3.87,0.67%
2017/10/30,3.89,3.88,3.917,3.82,1.73%
2017/10/29,3.824,3.824,3.824,3.824,0.00%
2017/10/27,3.824,3.793,3.838,3.793,0.82%
2017/10/26,3.793,3.777,3.801,3.77,0.69%
2017/10/25,3.767,3.757,3.767,3.745,0.91%
2017/10/24,3.733,3.75,3.75,3.732,-0.03%
2017/10/23,3.734,3.75,3.75,3.729,0.00%
2017/10/22,3.734,3.734,3.734,3.734,0.00%
2017/10/20,3.734,3.762,3.762,3.726,0.03%
2017/10/19,3.733,3.755,3.755,3.725,-0.40%
2017/10/18,3.748,3.74,3.76,3.73,0.35%
2017/10/17,3.735,3.706,3.743,3.706,0.84%
2017/10/16,3.704,3.75,3.75,3.697,0.60%
2017/10/13,3.682,3.678,3.683,3.663,0.14%
2017/10/12,3.677,3.689,3.689,3.666,0.08%
2017/10/11,3.674,3.669,3.674,3.668,0.16%
2017/10/10,3.668,3.68,3.68,3.648,0.41%
2017/10/9,3.653,3.7,3.7,3.63,0.41%
2017/10/3,3.638,3.638,3.638,3.638,0.00%
2017/9/30,3.638,3.638,3.638,3.638,0.17%
2017/9/29,3.632,3.671,3.671,3.632,0.06%
2017/9/28,3.63,3.64,3.648,3.63,-0.08%
2017/9/27,3.633,3.642,3.642,3.627,0.36%
2017/9/26,3.62,3.641,3.641,3.617,-0.63%
2017/9/25,3.643,3.7,3.7,3.599,0.08%
2017/9/22,3.64,3.65,3.65,3.633,-0.05%
2017/9/21,3.642,3.641,3.654,3.625,0.19%
2017/9/20,3.635,3.658,3.658,3.63,-0.08%
2017/9/19,3.638,3.642,3.642,3.622,0.44%
2017/9/18,3.622,3.7,3.7,3.61,0.36%
2017/9/15,3.609,3.669,3.669,3.609,-0.80%
2017/9/14,3.638,3.657,3.657,3.623,-0.16%
2017/9/13,3.644,3.668,3.668,3.636,0.30%
2017/9/12,3.633,3.657,3.657,3.623,0.33%
2017/9/11,3.621,3.7,3.7,3.603,-0.11%
2017/9/8,3.625,3.676,3.676,3.62,-0.41%
2017/9/7,3.64,3.677,3.68,3.64,-1.01%
2017/9/6,3.677,3.679,3.685,3.675,-0.03%
2017/9/5,3.678,3.667,3.678,3.658,0.63%
2017/9/4,3.655,3.65,3.655,3.645,-0.73%
2017/9/2,3.682,3.682,3.682,3.682,0.00%
2017/9/1,3.682,3.714,3.714,3.676,0.19%
2017/8/31,3.675,3.736,3.736,3.668,-0.22%
2017/8/30,3.683,3.711,3.711,3.68,-0.30%
2017/8/29,3.694,3.711,3.711,3.686,-0.22%
2017/8/28,3.702,3.68,3.702,3.678,0.46%
2017/8/25,3.685,3.689,3.695,3.672,0.27%
2017/8/24,3.675,3.684,3.707,3.668,0.00%
2017/8/23,3.675,3.685,3.685,3.646,0.27%
2017/8/22,3.665,3.662,3.67,3.652,0.44%
2017/8/21,3.649,3.645,3.663,3.645,0.11%
2017/8/20,3.645,3.645,3.645,3.645,0.11%
2017/8/19,3.641,3.641,3.641,3.641,0.00%
2017/8/18,3.641,3.63,3.641,3.602,0.66%
2017/8/17,3.617,3.656,3.656,3.617,-0.19%
2017/8/16,3.624,3.633,3.636,3.613,0.17%
2017/8/15,3.618,3.656,3.656,3.603,-0.36%
2017/8/14,3.631,3.68,3.68,3.63,-0.25%
2017/8/11,3.64,3.684,3.684,3.64,-0.98%
2017/8/10,3.676,3.686,3.691,3.676,-0.11%
2017/8/9,3.68,3.683,3.683,3.668,0.00%
2017/8/8,3.68,3.666,3.683,3.666,0.60%
2017/8/7,3.658,3.67,3.67,3.646,0.55%
2017/8/6,3.638,3.638,3.638,3.638,0.00%
2017/8/4,3.638,3.655,3.655,3.632,-0.16%
2017/8/3,3.644,3.646,3.651,3.633,-0.11%
2017/8/2,3.648,3.646,3.656,3.639,0.05%
2017/8/1,3.646,3.64,3.65,3.632,0.47%
2017/7/31,3.629,3.63,3.64,3.615,0.19%
2017/7/28,3.622,3.628,3.643,3.613,-0.28%
2017/7/27,3.632,3.623,3.635,3.614,0.28%
2017/7/26,3.622,3.621,3.624,3.609,0.67%
2017/7/25,3.598,3.593,3.61,3.59,-0.03%
2017/7/24,3.599,3.6,3.6,3.584,0.17%
2017/7/21,3.593,3.593,3.598,3.58,-0.19%
2017/7/20,3.6,3.607,3.607,3.588,0.06%
2017/7/19,3.598,3.6,3.6,3.588,0.14%
2017/7/18,3.593,3.58,3.594,3.58,0.31%
2017/7/17,3.582,3.583,3.616,3.553,-0.08%
2017/7/16,3.585,3.585,3.585,3.585,0.00%
2017/7/14,3.585,3.583,3.593,3.575,-0.06%
2017/7/13,3.587,3.59,3.597,3.575,-0.28%
2017/7/12,3.597,3.617,3.617,3.591,-0.33%
2017/7/11,3.609,3.63,3.63,3.595,0.00%
2017/7/10,3.609,3.59,3.623,3.59,0.33%
2017/7/7,3.597,3.602,3.612,3.589,0.03%
2017/7/6,3.596,3.617,3.617,3.586,-0.72%
2017/7/5,3.622,3.628,3.628,3.614,-0.03%
2017/7/4,3.623,3.616,3.624,3.608,0.69%
2017/7/3,3.598,3.58,3.6,3.56,0.56%
2017/7/2,3.578,3.578,3.578,3.578,0.00%
2017/7/1,3.578,3.578,3.578,3.578,0.00%
2017/6/30,3.578,3.573,3.582,3.568,0.53%
2017/6/29,3.559,3.543,3.559,3.538,0.54%
2017/6/28,3.54,3.528,3.542,3.528,0.14%
2017/6/27,3.535,3.569,3.569,3.533,-0.87%
2017/6/26,3.566,3.6,3.6,3.548,-0.11%
2017/6/25,3.57,3.57,3.57,3.57,0.00%
2017/6/24,3.57,3.57,3.57,3.57,0.00%
2017/6/23,3.57,3.555,3.57,3.535,0.51%
2017/6/22,3.552,3.528,3.557,3.523,1.43%
2017/6/21,3.502,3.505,3.505,3.49,0.37%
2017/6/20,3.489,3.554,3.554,3.488,-1.58%
2017/6/19,3.545,3.54,3.57,3.538,0.14%
2017/6/18,3.54,3.54,3.54,3.54,-0.53%
2017/6/17,3.559,3.559,3.559,3.559,0.08%
2017/6/16,3.556,3.547,3.569,3.535,0.71%
2017/6/15,3.531,3.552,3.572,3.519,-0.87%
2017/6/14,3.562,3.593,3.593,3.562,-0.22%
2017/6/13,3.57,3.598,3.62,3.554,-1.30%
2017/6/12,3.617,3.67,3.67,3.6,-1.39%
2017/6/9,3.668,3.68,3.684,3.65,0.03%
2017/6/8,3.667,3.683,3.683,3.663,0.08%
2017/6/7,3.664,3.662,3.683,3.66,0.38%
2017/6/6,3.65,3.65,3.659,3.638,-0.03%
2017/6/5,3.651,3.7,3.725,3.633,0.03%
2017/6/2,3.65,3.655,3.655,3.632,0.16%
2017/6/1,3.644,3.677,3.678,3.637,-0.71%
2017/5/31,3.67,3.7,3.7,3.662,-0.27%
2017/5/27,3.68,3.68,3.68,3.68,-0.11%
2017/5/26,3.684,3.705,3.705,3.68,-0.14%
2017/5/25,3.689,3.703,3.703,3.67,-0.30%
2017/5/24,3.7,3.693,3.7,3.69,0.30%
2017/5/23,3.689,3.684,3.689,3.672,0.74%
2017/5/22,3.662,3.7,3.7,3.648,0.69%
2017/5/19,3.637,3.662,3.662,3.626,-0.36%
2017/5/18,3.65,3.666,3.666,3.627,0.14%
2017/5/17,3.645,3.65,3.655,3.639,-0.11%
2017/5/16,3.649,3.684,3.684,3.637,-0.38%
2017/5/15,3.663,3.71,3.71,3.65,-0.16%
2017/5/12,3.669,3.711,3.711,3.66,-0.92%
2017/5/11,3.703,3.682,3.717,3.681,0.93%
2017/5/10,3.669,3.638,3.673,3.617,0.80%
2017/5/9,3.64,3.617,3.64,3.604,1.08%
2017/5/8,3.601,3.58,3.601,3.575,0.76%
2017/5/7,3.574,3.574,3.574,3.574,0.00%
2017/5/5,3.574,3.563,3.575,3.552,0.65%
2017/5/4,3.551,3.516,3.553,3.495,1.08%
2017/5/3,3.513,3.506,3.519,3.494,0.46%
2017/5/2,3.497,3.5,3.5,3.455,0.58%
2017/4/28,3.477,3.495,3.495,3.463,0.23%
2017/4/27,3.469,3.496,3.496,3.46,-0.17%
2017/4/26,3.475,3.517,3.517,3.475,-1.05%
2017/4/25,3.512,3.498,3.519,3.492,0.54%
2017/4/24,3.493,3.49,3.51,3.475,1.13%
2017/4/22,3.454,3.454,3.454,3.454,0.00%
2017/4/21,3.454,3.446,3.456,3.431,0.55%
2017/4/20,3.435,3.441,3.443,3.429,0.06%
2017/4/19,3.433,3.458,3.458,3.413,-0.03%
2017/4/18,3.434,3.422,3.441,3.415,0.97%
2017/4/17,3.401,3.415,3.415,3.37,1.25%
2017/4/14,3.359,3.348,3.359,3.334,0.48%
2017/4/13,3.343,3.342,3.348,3.33,0.03%
2017/4/12,3.342,3.337,3.355,3.325,0.18%
2017/4/11,3.336,3.339,3.348,3.334,0.42%
2017/4/10,3.322,3.33,3.33,3.295,0.58%
2017/4/7,3.303,3.368,3.368,3.303,-0.81%
2017/4/6,3.33,3.317,3.336,3.317,0.67%
2017/4/5,3.308,3.37,3.37,3.28,0.30%
2017/4/3,3.298,3.298,3.298,3.298,0.00%
2017/4/1,3.298,3.298,3.298,3.298,-0.36%
2017/3/31,3.31,3.332,3.332,3.309,0.18%
2017/3/30,3.304,3.31,3.313,3.295,0.36%
2017/3/29,3.292,3.313,3.313,3.281,0.55%
2017/3/28,3.274,3.3,3.3,3.263,-0.06%
2017/3/27,3.276,3.28,3.28,3.257,-0.91%
2017/3/26,3.306,3.306,3.306,3.306,0.00%
2017/3/24,3.306,3.355,3.355,3.305,-0.75%
2017/3/23,3.331,3.354,3.354,3.325,-0.21%
2017/3/22,3.338,3.363,3.363,3.33,0.09%
2017/3/21,3.335,3.356,3.356,3.335,-0.09%
2017/3/20,3.338,3.35,3.35,3.32,0.21%
2017/3/18,3.331,3.331,3.331,3.331,0.00%
2017/3/17,3.331,3.349,3.359,3.329,-0.72%
2017/3/16,3.355,3.388,3.388,3.327,-0.89%
2017/3/15,3.385,3.407,3.43,3.385,-0.47%
2017/3/14,3.401,3.45,3.45,3.389,-0.82%
2017/3/13,3.429,3.45,3.45,3.421,-0.20%
2017/3/10,3.436,3.451,3.451,3.436,0.00%
2017/3/9,3.436,3.43,3.436,3.41,1.06%
2017/3/8,3.4,3.393,3.4,3.386,0.41%
2017/3/7,3.386,3.388,3.395,3.378,0.15%
2017/3/6,3.381,3.38,3.391,3.363,-1.20%
2017/3/3,3.422,3.414,3.423,3.41,0.35%
2017/3/2,3.41,3.387,3.415,3.383,1.04%
2017/3/1,3.375,3.395,3.395,3.36,0.51%
2017/2/28,3.358,3.382,3.382,3.353,0.24%
2017/2/27,3.35,3.4,3.4,3.342,-0.45%
2017/2/24,3.365,3.387,3.387,3.361,0.09%
2017/2/23,3.362,3.404,3.404,3.362,-0.50%
2017/2/22,3.379,3.407,3.408,3.379,-0.18%
2017/2/21,3.385,3.386,3.386,3.357,0.30%
2017/2/20,3.375,3.4,3.4,3.375,-1.11%
2017/2/17,3.413,3.445,3.445,3.413,-1.02%
2017/2/16,3.448,3.48,3.48,3.448,-0.03%
2017/2/15,3.449,3.475,3.475,3.448,0.03%
2017/2/14,3.448,3.448,3.453,3.43,0.09%
2017/2/13,3.445,3.5,3.5,3.441,0.47%
2017/2/10,3.429,3.428,3.443,3.417,-0.64%
2017/2/9,3.451,3.464,3.473,3.448,-0.55%
2017/2/8,3.47,3.487,3.49,3.465,-0.46%
2017/2/7,3.486,3.49,3.49,3.472,0.90%
2017/2/6,3.455,3.5,3.5,3.445,0.88%
2017/2/4,3.425,3.425,3.425,3.425,0.79%
2017/2/3,3.398,3.4,3.45,3.39,1.04%
2017/1/27,3.363,3.363,3.363,3.363,0.00%
2017/1/26,3.363,3.343,3.363,3.343,0.87%
2017/1/25,3.334,3.32,3.35,3.32,1.15%
2017/1/24,3.296,3.302,3.302,3.277,0.40%
2017/1/23,3.283,3.289,3.295,3.279,0.03%
2017/1/22,3.282,3.282,3.282,3.282,0.03%
2017/1/20,3.281,3.308,3.308,3.28,-0.09%
2017/1/19,3.284,3.293,3.295,3.284,0.21%
2017/1/18,3.277,3.28,3.28,3.27,0.52%
2017/1/17,3.26,3.274,3.282,3.259,0.80%
2017/1/16,3.234,3.25,3.25,3.221,0.50%
2017/1/13,3.218,3.239,3.239,3.213,0.06%
2017/1/12,3.216,3.24,3.24,3.214,-0.12%
2017/1/11,3.22,3.205,3.225,3.197,0.85%
2017/1/10,3.193,3.223,3.223,3.183,-0.47%
2017/1/9,3.208,3.25,3.25,3.2,-0.62%
2017/1/6,3.228,3.23,3.233,3.214,0.40%
2017/1/5,3.215,3.174,3.229,3.174,2.10%
2017/1/4,3.149,3.087,3.149,3.087,2.98%
2017/1/3,3.058,3.03,3.078,3.03,-0.26%
2016/12/30,3.066,3.131,3.131,3.066,-1.92%
2016/12/29,3.126,3.182,3.182,3.123,-1.91%
2016/12/28,3.187,3.186,3.199,3.182,0.28%
2016/12/27,3.178,3.194,3.194,3.17,-0.47%
2016/12/26,3.193,3.3,3.3,3.193,-0.68%
2016/12/23,3.215,3.265,3.265,3.215,-1.92%
2016/12/22,3.278,3.343,3.351,3.278,-3.10%
2016/12/21,3.383,3.399,3.401,3.377,-0.12%
2016/12/20,3.387,3.367,3.392,3.363,1.35%
2016/12/19,3.342,3.3,3.353,3.3,0.36%
2016/12/16,3.33,3.296,3.346,3.276,3.19%
2016/12/15,3.227,3.233,3.233,3.22,0.28%
2016/12/14,3.218,3.203,3.218,3.188,1.13%
2016/12/13,3.182,3.144,3.193,3.144,1.50%
2016/12/12,3.135,3.075,3.139,3.056,1.23%
2016/12/9,3.097,3.092,3.107,3.09,-0.10%
2016/12/8,3.1,3.111,3.12,3.092,-0.48%
2016/12/7,3.115,3.104,3.125,3.068,0.97%
2016/12/6,3.085,3.045,3.092,3.026,1.48%
2016/12/5,3.04,3.032,3.068,3.003,0.46%
2016/12/2,3.026,2.997,3.033,2.992,1.14%
2016/12/1,2.992,2.948,2.998,2.948,1.66%
2016/11/30,2.943,2.901,2.964,2.899,1.24%
2016/11/29,2.907,2.87,2.907,2.868,1.11%
2016/11/28,2.875,2.855,2.896,2.815,-0.03%
2016/11/25,2.876,2.863,2.878,2.863,0.49%
2016/11/24,2.862,2.885,2.917,2.855,-0.66%
2016/11/23,2.881,2.9,2.913,2.876,-0.59%
2016/11/22,2.898,2.913,2.925,2.891,-0.31%
2016/11/21,2.907,2.925,2.947,2.893,-0.48%
2016/11/18,2.921,2.909,2.932,2.905,0.76%
2016/11/17,2.899,2.882,2.906,2.882,0.83%
2016/11/16,2.875,2.885,2.897,2.87,-0.14%
2016/11/15,2.879,2.86,2.898,2.86,0.77%
2016/11/14,2.857,2.826,2.865,2.814,0.99%
2016/11/11,2.829,2.8,2.829,2.8,1.25%
2016/11/10,2.794,2.785,2.797,2.78,0.54%
2016/11/9,2.779,2.77,2.78,2.769,0.40%
2016/11/8,2.768,2.766,2.776,2.761,0.33%
2016/11/7,2.759,2.726,2.76,2.688,0.55%
2016/11/4,2.744,2.742,2.763,2.738,0.04%
2016/11/3,2.743,2.757,2.772,2.742,-0.36%
2016/11/2,2.753,2.761,2.777,2.75,-0.11%
2016/11/1,2.756,2.753,2.759,2.75,0.44%
2016/10/31,2.744,2.691,2.744,2.601,0.70%
2016/10/28,2.725,2.748,2.772,2.725,-0.62%
2016/10/27,2.742,2.763,2.763,2.74,0.26%
2016/10/26,2.735,2.748,2.748,2.73,0.66%
2016/10/25,2.717,2.718,2.718,2.706,0.63%
2016/10/24,2.7,2.72,2.72,2.67,1.50%
2016/10/21,2.66,2.7,2.7,2.655,-1.55%
2016/10/20,2.702,2.758,2.758,2.702,-0.77%
2016/10/19,2.723,2.755,2.755,2.721,-0.40%
2016/10/18,2.734,2.748,2.748,2.73,-0.07%
2016/10/17,2.736,2.78,2.78,2.725,0.04%
2016/10/15,2.735,2.735,2.735,2.735,0.00%
2016/10/14,2.735,2.758,2.758,2.73,-0.33%
2016/10/13,2.744,2.758,2.758,2.743,0.07%
2016/10/12,2.742,2.75,2.75,2.731,0.59%
2016/10/11,2.726,2.753,2.753,2.726,-0.22%
2016/10/10,2.732,2.765,2.765,2.728,-0.44%
2016/10/9,2.744,2.744,2.744,2.744,-0.76%
2016/10/8,2.765,2.765,2.765,2.765,-0.14%
2016/9/30,2.769,2.783,2.783,2.769,0.22%
2016/9/29,2.763,2.775,2.775,2.762,0.18%
2016/9/28,2.758,2.775,2.775,2.758,0.00%
2016/9/27,2.758,2.78,2.78,2.753,-0.29%
2016/9/26,2.766,2.79,2.79,2.756,-0.54%
2016/9/25,2.781,2.781,2.781,2.781,0.00%
2016/9/24,2.781,2.781,2.781,2.781,0.00%
2016/9/23,2.781,2.8,2.8,2.767,-0.18%
2016/9/22,2.786,2.793,2.793,2.784,-0.04%
2016/9/21,2.787,2.81,2.81,2.784,-0.07%
2016/9/20,2.789,2.82,2.82,2.774,-0.43%
2016/9/19,2.801,2.808,2.812,2.799,-0.25%
2016/9/18,2.808,2.808,2.808,2.808,0.83%
2016/9/17,2.785,2.785,2.785,2.785,0.00%
2016/9/16,2.785,2.785,2.896,2.663,-0.71%
2016/9/15,2.805,2.797,2.805,2.797,0.29%
2016/9/14,2.797,2.814,2.825,2.793,-0.50%
2016/9/13,2.811,2.817,2.826,2.808,0.00%
2016/9/12,2.811,2.778,2.814,2.715,0.07%
2016/9/9,2.809,2.82,2.834,2.804,-0.50%
2016/9/8,2.823,2.813,2.824,2.813,0.43%
2016/9/7,2.811,2.817,2.818,2.808,0.29%
2016/9/6,2.803,2.813,2.813,2.797,0.14%
2016/9/5,2.799,2.82,2.82,2.795,0.04%
2016/9/3,2.798,2.799,2.799,2.798,-0.04%
2016/9/2,2.799,2.815,2.815,2.78,-0.11%
2016/9/1,2.802,2.825,2.825,2.801,-0.11%
2016/8/31,2.805,2.803,2.81,2.8,0.43%
2016/8/30,2.793,2.777,2.795,2.765,1.20%
2016/8/29,2.76,2.8,2.8,2.747,-0.14%
2016/8/26,2.764,2.804,2.804,2.764,-0.65%
2016/8/25,2.782,2.8,2.8,2.738,0.29%
2016/8/24,2.774,2.773,2.782,2.765,0.73%
2016/8/23,2.754,2.763,2.763,2.734,0.55%
2016/8/22,2.739,2.77,2.77,2.726,0.70%
2016/8/19,2.72,2.727,2.732,2.716,0.26%
2016/8/18,2.713,2.715,2.723,2.71,0.07%
2016/8/17,2.711,2.693,2.713,2.69,1.19%
2016/8/16,2.679,2.7,2.7,2.665,-0.41%
2016/8/15,2.69,2.723,2.733,2.62,-0.55%
2016/8/14,2.705,2.705,2.705,2.705,0.00%
2016/8/13,2.705,2.705,2.705,2.705,0.00%
2016/8/12,2.705,2.723,2.733,2.705,-0.33%
2016/8/11,2.714,2.733,2.733,2.713,-0.33%
2016/8/10,2.723,2.795,2.795,2.717,-1.41%
2016/8/9,2.762,2.808,2.808,2.748,-0.40%
2016/8/8,2.773,2.77,2.777,2.765,-0.32%
2016/8/6,2.782,2.782,2.782,2.782,0.00%
2016/8/5,2.782,2.81,2.81,2.782,-0.43%
2016/8/4,2.794,2.82,2.82,2.783,-0.07%
2016/8/3,2.796,2.803,2.82,2.793,0.00%
2016/8/2,2.796,2.807,2.807,2.796,-0.14%
2016/8/1,2.8,2.85,2.85,2.788,-0.18%
2016/7/29,2.805,2.833,2.838,2.798,-0.28%
2016/7/28,2.813,2.853,2.853,2.813,-0.21%
2016/7/27,2.819,2.843,2.843,2.81,-0.18%
2016/7/26,2.824,2.825,2.833,2.821,0.36%
2016/7/25,2.814,2.81,2.817,2.798,0.39%
2016/7/22,2.803,2.814,2.818,2.8,-0.39%
2016/7/21,2.814,2.868,2.868,2.812,-0.78%
2016/7/20,2.836,2.883,2.883,2.833,-0.46%
2016/7/19,2.849,2.856,2.873,2.849,-0.04%
2016/7/18,2.85,2.874,2.888,2.837,-0.25%
2016/7/15,2.857,2.874,2.888,2.856,-0.49%
2016/7/14,2.871,2.868,2.88,2.863,0.17%
2016/7/13,2.866,2.877,2.877,2.86,0.42%
2016/7/12,2.854,2.853,2.855,2.845,0.81%
2016/7/11,2.831,2.82,2.86,2.817,0.39%
2016/7/10,2.82,2.82,2.82,2.82,-0.18%
2016/7/8,2.825,2.838,2.863,2.82,-0.63%
2016/7/7,2.843,2.858,2.875,2.835,-0.59%
2016/7/6,2.86,2.869,2.872,2.858,0.03%
2016/7/5,2.859,2.849,2.859,2.849,0.81%
2016/7/4,2.836,2.82,2.84,2.807,0.57%
2016/7/3,2.82,2.82,2.82,2.82,-1.09%
2016/7/1,2.851,2.871,2.875,2.841,-0.83%
2016/6/30,2.875,2.886,2.888,2.867,-0.21%
2016/6/29,2.881,2.873,2.884,2.867,0.63%
2016/6/28,2.863,2.895,2.915,2.851,-1.38%
2016/6/27,2.903,2.9,2.903,2.825,-1.59%
2016/6/24,2.95,2.985,2.985,2.942,-0.20%
2016/6/23,2.956,2.967,2.97,2.95,-0.20%
2016/6/22,2.962,2.98,2.98,2.958,-0.20%
2016/6/21,2.968,2.983,2.983,2.966,0.07%
2016/6/20,2.966,2.96,2.97,2.953,0.00%
2016/6/17,2.966,2.993,2.993,2.966,-0.37%
2016/6/16,2.977,3.013,3.013,2.976,-0.73%
2016/6/15,2.999,3.032,3.032,2.99,-0.50%
2016/6/14,3.014,3.032,3.035,3.012,-0.43%
2016/6/13,3.027,3.037,3.037,3.022,-0.20%
2016/6/12,3.033,3.033,3.033,3.033,0.43%
2016/6/11,3.02,3.02,3.02,3.02,0.00%
2016/6/8,3.02,3.033,3.033,3.017,0.13%
2016/6/7,3.016,3.037,3.04,3.013,-0.53%
2016/6/6,3.032,3.02,3.035,3.002,-0.10%
2016/6/3,3.035,3.03,3.036,3.028,0.36%
2016/6/2,3.024,3.028,3.032,3.02,0.43%
2016/6/1,3.011,2.997,3.018,2.995,0.53%
2016/5/31,2.995,2.992,2.998,2.992,0.40%
2016/5/30,2.983,3,3,2.955,0.37%
2016/5/27,2.972,2.98,2.98,2.97,-0.03%
2016/5/26,2.973,2.985,2.987,2.969,-0.10%
2016/5/25,2.976,2.993,2.993,2.965,-0.20%
2016/5/24,2.982,2.99,2.99,2.973,0.17%
2016/5/23,2.977,3,3,2.95,-0.47%
2016/5/20,2.991,3.017,3.017,2.989,0.03%
2016/5/19,2.99,2.985,2.992,2.963,1.22%
2016/5/18,2.954,2.973,2.973,2.954,0.03%
2016/5/17,2.953,2.963,2.963,2.95,0.58%
2016/5/16,2.936,3,3,2.936,0.27%
2016/5/13,2.928,2.95,2.95,2.928,-0.14%
2016/5/12,2.932,2.937,2.94,2.932,0.14%
2016/5/11,2.928,2.933,2.935,2.928,0.58%
2016/5/10,2.911,2.947,2.947,2.909,-0.41%
2016/5/9,2.923,3,3,2.923,-0.24%
2016/5/6,2.93,2.96,2.96,2.93,0.10%
2016/5/5,2.927,2.96,2.96,2.927,0.03%
2016/5/4,2.926,2.97,2.97,2.926,-0.44%
2016/5/3,2.939,3,3,2.939,-0.24%
2016/4/29,2.946,2.977,2.977,2.946,-0.24%
2016/4/28,2.953,2.978,2.978,2.951,-0.24%
2016/4/27,2.96,2.985,2.985,2.96,-0.40%
2016/4/26,2.972,2.998,2.998,2.972,-0.03%
2016/4/25,2.973,3.02,3.03,2.97,0.37%
2016/4/22,2.962,2.98,2.98,2.962,-0.07%
2016/4/21,2.964,2.953,2.967,2.953,0.65%
2016/4/20,2.945,2.967,2.973,2.943,0.14%
2016/4/19,2.941,2.977,2.977,2.941,-0.07%
2016/4/18,2.943,2.97,2.97,2.94,-0.14%
2016/4/15,2.947,2.943,2.97,2.935,0.00%
2016/4/14,2.947,2.973,2.973,2.932,0.34%
2016/4/13,2.937,2.933,2.94,2.925,0.72%
2016/4/12,2.916,2.928,2.928,2.905,0.00%
2016/4/11,2.916,2.98,2.98,2.905,-0.65%
2016/4/8,2.935,2.92,2.939,2.913,0.72%
2016/4/7,2.914,2.94,2.94,2.91,0.14%
2016/4/6,2.91,2.913,2.913,2.903,0.66%
2016/4/5,2.891,2.91,2.91,2.873,0.07%
2016/4/4,2.889,2.889,2.889,2.889,0.00%
2016/4/1,2.889,2.91,2.91,2.889,0.10%
2016/3/31,2.886,2.937,2.937,2.882,-0.62%
2016/3/30,2.904,2.943,2.943,2.901,-0.51%
2016/3/29,2.919,2.93,2.93,2.909,0.52%
2016/3/28,2.904,2.93,2.93,2.898,0.24%
2016/3/25,2.897,2.92,2.92,2.89,-0.10%
2016/3/24,2.9,2.92,2.92,2.891,0.17%
2016/3/23,2.895,2.933,2.933,2.884,-0.07%
2016/3/22,2.897,2.907,2.907,2.888,0.59%
2016/3/21,2.88,2.95,2.95,2.88,-0.21%
2016/3/18,2.886,2.897,2.91,2.886,0.35%
2016/3/17,2.876,2.927,2.927,2.872,-0.59%
2016/3/16,2.893,2.93,2.93,2.893,0.00%
2016/3/15,2.893,2.907,2.91,2.893,-0.03%
2016/3/14,2.894,2.9,2.905,2.88,-0.52%
2016/3/11,2.909,2.95,2.95,2.909,-0.99%
2016/3/10,2.938,2.95,2.95,2.93,-0.41%
2016/3/9,2.95,2.953,2.963,2.946,-0.03%
2016/3/8,2.951,2.943,2.953,2.918,0.51%
2016/3/7,2.936,2.95,2.95,2.923,0.10%
2016/3/4,2.933,2.93,2.938,2.923,0.00%
2016/3/3,2.933,2.91,2.933,2.9,1.00%
2016/3/2,2.904,2.918,2.92,2.897,-0.21%
2016/3/1,2.91,2.905,2.913,2.9,0.03%
2016/2/29,2.909,2.91,2.93,2.888,-0.34%
2016/2/26,2.919,2.907,2.922,2.9,0.59%
2016/2/25,2.902,2.893,2.903,2.89,0.31%
2016/2/24,2.893,2.897,2.9,2.881,0.24%
2016/2/23,2.886,2.867,2.887,2.867,0.77%
2016/2/22,2.864,2.95,2.95,2.863,-0.24%
2016/2/19,2.871,2.88,2.88,2.863,0.00%
2016/2/18,2.871,2.893,2.893,2.864,0.00%
2016/2/17,2.871,2.883,2.897,2.866,-0.03%
2016/2/16,2.872,2.86,2.874,2.858,0.70%
2016/2/15,2.852,2.89,2.89,2.847,-1.01%
2016/2/14,2.881,2.87,2.885,2.87,-0.17%
2016/2/6,2.886,2.886,2.886,2.886,-0.21%
2016/2/5,2.892,2.933,2.933,2.891,-0.89%
2016/2/4,2.918,2.912,2.92,2.905,0.34%
2016/2/3,2.908,2.893,2.913,2.888,1.08%
2016/2/2,2.877,2.888,2.888,2.867,0.24%
2016/2/1,2.87,2.92,2.92,2.83,-1.34%
2016/1/29,2.909,2.94,2.94,2.903,-0.58%
2016/1/28,2.926,2.907,2.928,2.897,1.04%
2016/1/27,2.896,2.897,2.913,2.889,0.94%
2016/1/26,2.869,2.829,2.874,2.812,1.88%
2016/1/25,2.816,2.9,2.9,2.814,-0.04%
2016/1/22,2.817,2.818,2.819,2.795,-0.14%
2016/1/21,2.821,2.821,2.827,2.803,0.18%
2016/1/20,2.816,2.809,2.827,2.801,0.36%
2016/1/19,2.806,2.791,2.806,2.787,0.83%
2016/1/18,2.783,2.78,2.787,2.765,-0.18%
2016/1/15,2.788,2.76,2.789,2.76,1.01%
2016/1/14,2.76,2.83,2.83,2.754,-2.09%
2016/1/13,2.819,2.86,2.86,2.818,-0.98%
2016/1/12,2.847,2.867,2.87,2.84,-0.70%
2016/1/11,2.867,2.88,2.88,2.865,-0.55%
2016/1/10,2.883,2.883,2.883,2.883,0.00%
2016/1/8,2.883,2.917,2.917,2.88,-1.20%
2016/1/7,2.918,2.913,2.927,2.913,-0.03%
2016/1/6,2.919,2.92,2.924,2.915,0.31%
2016/1/5,2.91,2.887,2.92,2.887,1.68%
2016/1/4,2.862,2.85,2.915,2.85,0.00%
2015/12/31,2.862,2.857,2.867,2.857,0.70%
2015/12/30,2.842,2.843,2.85,2.84,0.32%
2015/12/29,2.833,2.843,2.843,2.828,-0.25%
2015/12/28,2.84,2.85,2.875,2.84,0.28%
2015/12/25,2.832,2.877,2.877,2.831,-1.36%
2015/12/24,2.871,2.883,2.887,2.86,-0.62%
2015/12/23,2.889,2.907,2.907,2.889,-0.79%
2015/12/22,2.912,2.973,2.973,2.897,-1.72%
2015/12/21,2.963,2.98,2.99,2.95,-1.56%
2015/12/18,3.01,3.037,3.037,2.997,-0.46%
2015/12/17,3.024,3.055,3.057,3.024,-0.75%
2015/12/16,3.047,3.07,3.07,3.047,-0.46%
2015/12/15,3.061,3.033,3.061,3.033,1.06%
2015/12/14,3.029,3.1,3.1,3.022,0.00%
2015/12/11,3.029,3.032,3.043,3.023,0.07%
2015/12/10,3.027,3.04,3.04,3.025,-0.26%
2015/12/9,3.035,3.067,3.067,3.035,-0.78%
2015/12/8,3.059,3.065,3.065,3.058,-0.07%
2015/12/7,3.061,3.06,3.09,3.06,-0.20%
2015/12/4,3.067,3.08,3.083,3.064,-0.36%
2015/12/3,3.078,3.1,3.1,3.078,-0.10%
2015/12/2,3.081,3.081,3.085,3.073,0.23%
2015/12/1,3.074,3.088,3.093,3.073,-0.45%
2015/11/30,3.088,3.09,3.12,3.085,0.00%
2015/11/27,3.088,3.12,3.123,3.084,-0.90%
2015/11/26,3.116,3.15,3.153,3.108,-0.76%
2015/11/25,3.14,3.158,3.163,3.136,-0.60%
2015/11/24,3.159,3.16,3.165,3.154,0.00%
2015/11/23,3.159,3.2,3.2,3.157,-0.28%
2015/11/22,3.168,3.168,3.168,3.168,0.00%
2015/11/20,3.168,3.183,3.183,3.167,-0.19%
2015/11/19,3.174,3.17,3.178,3.17,0.35%
2015/11/18,3.163,3.17,3.177,3.161,-0.19%
2015/11/17,3.169,3.165,3.17,3.162,0.25%
2015/11/16,3.161,3.16,3.165,3.155,-1.06%
2015/11/13,3.195,3.177,3.197,3.17,0.25%
2015/11/12,3.187,3.218,3.218,3.168,-1.21%
2015/11/11,3.226,3.25,3.25,3.226,-0.68%
2015/11/10,3.248,3.167,3.257,3.167,2.82%
2015/11/9,3.159,3.18,3.18,3.157,0.22%
2015/11/6,3.152,3.173,3.173,3.15,-0.28%
2015/11/5,3.161,3.138,3.173,3.133,1.48%
2015/11/4,3.115,3.09,3.115,3.09,0.97%
2015/11/3,3.085,3.1,3.1,3.084,-0.23%
2015/11/2,3.092,3.1,3.103,3.091,0.16%
2015/10/30,3.087,3.048,3.09,3.048,2.25%
2015/10/29,3.019,3.017,3.023,3.017,0.27%
2015/10/28,3.011,3.043,3.043,3,-0.92%
2015/10/27,3.039,3.083,3.083,3.038,-1.11%
2015/10/26,3.073,3.05,3.073,3.05,-0.23%
2015/10/23,3.08,3.093,3.093,3.07,-0.29%
2015/10/22,3.089,3.09,3.097,3.075,-0.03%
2015/10/21,3.09,3.15,3.15,3.09,-1.72%
2015/10/20,3.144,3.153,3.158,3.143,-0.19%
2015/10/19,3.15,3.2,3.2,3.15,1.12%
2015/10/18,3.115,3.115,3.115,3.115,0.00%
2015/10/16,3.115,3.097,3.123,3.094,1.30%
2015/10/15,3.075,3.13,3.13,3.074,-1.88%
2015/10/14,3.134,3.177,3.177,3.1,-1.54%
2015/10/13,3.183,3.198,3.198,3.177,-0.28%
2015/10/12,3.192,3.2,3.2,3.187,0.38%
2015/10/10,3.18,3.18,3.18,3.18,-2.54%
2015/10/9,3.263,3.28,3.28,3.234,-0.03%
2015/10/8,3.264,3.3,3.3,3.263,-0.37%
2015/10/3,3.276,3.276,3.276,3.276,0.00%
2015/9/30,3.276,3.32,3.32,3.272,-1.24%
2015/9/29,3.317,3.347,3.347,3.308,-0.69%
2015/9/28,3.34,3.38,3.38,3.337,-0.21%
2015/9/27,3.347,3.347,3.347,3.347,0.00%
2015/9/25,3.347,3.368,3.368,3.346,-0.48%
2015/9/24,3.363,3.36,3.367,3.353,0.45%
2015/9/23,3.348,3.36,3.36,3.346,-0.18%
2015/9/22,3.354,3.347,3.354,3.343,0.33%
2015/9/21,3.343,3.37,3.37,3.34,-0.24%
2015/9/18,3.351,3.355,3.36,3.347,0.21%
2015/9/17,3.344,3.357,3.357,3.337,0.09%
2015/9/16,3.341,3.358,3.358,3.333,-0.54%
2015/9/15,3.359,3.383,3.383,3.348,-0.06%
2015/9/14,3.361,3.4,3.4,3.36,-0.36%
2015/9/11,3.373,3.39,3.39,3.37,-0.09%
2015/9/10,3.376,3.39,3.393,3.368,-0.38%
2015/9/9,3.389,3.383,3.39,3.372,0.68%
2015/9/8,3.366,3.363,3.389,3.363,0.36%
2015/9/7,3.354,3.34,3.354,3.339,0.60%
2015/9/6,3.334,3.334,3.334,3.334,0.03%
2015/9/5,3.333,3.333,3.333,3.333,0.00%
2015/9/2,3.333,3.36,3.36,3.33,-0.60%
2015/9/1,3.353,3.407,3.407,3.342,-1.21%
2015/8/31,3.394,3.43,3.43,3.378,-0.64%
2015/8/28,3.416,3.437,3.443,3.406,-1.07%
2015/8/27,3.453,3.497,3.497,3.444,-0.78%
2015/8/26,3.48,3.493,3.493,3.467,-0.54%
2015/8/25,3.499,3.513,3.513,3.492,-0.68%
2015/8/24,3.523,3.57,3.57,3.512,-0.42%
2015/8/21,3.538,3.56,3.56,3.533,-0.23%
2015/8/20,3.546,3.56,3.56,3.543,0.34%
2015/8/19,3.534,3.568,3.568,3.534,-0.39%
2015/8/18,3.548,3.56,3.56,3.545,0.28%
2015/8/17,3.538,3.545,3.55,3.537,-0.08%
2015/8/14,3.541,3.573,3.573,3.532,-0.65%
2015/8/13,3.564,3.557,3.567,3.555,0.17%
2015/8/12,3.558,3.51,3.564,3.51,1.37%
2015/8/11,3.51,3.505,3.514,3.493,0.66%
2015/8/10,3.487,3.52,3.52,3.478,-0.09%
2015/8/7,3.49,3.503,3.503,3.479,-0.29%
2015/8/6,3.5,3.513,3.513,3.495,0.06%
2015/8/5,3.498,3.507,3.507,3.496,0.03%
2015/8/4,3.497,3.51,3.512,3.495,-0.20%
2015/8/3,3.504,3.53,3.53,3.5,0.86%
2015/7/31,3.474,3.463,3.48,3.46,0.49%
2015/7/30,3.457,3.48,3.48,3.453,-0.29%
2015/7/29,3.467,3.493,3.493,3.462,-0.49%
2015/7/28,3.484,3.503,3.503,3.48,0.00%
2015/7/27,3.484,3.5,3.505,3.48,-0.49%
2015/7/24,3.501,3.548,3.548,3.5,-1.02%
2015/7/23,3.537,3.547,3.557,3.521,-0.20%
2015/7/22,3.544,3.543,3.547,3.533,0.43%
2015/7/21,3.529,3.54,3.54,3.525,-0.25%
2015/7/20,3.538,3.57,3.57,3.525,-0.23%
2015/7/18,3.546,3.546,3.546,3.546,0.00%
2015/7/17,3.546,3.583,3.583,3.544,-0.53%
2015/7/16,3.565,3.568,3.58,3.553,0.11%
2015/7/15,3.561,3.55,3.573,3.55,0.79%
2015/7/14,3.533,3.527,3.548,3.523,1.17%
2015/7/13,3.492,3.53,3.55,3.485,0.55%
2015/7/10,3.473,3.475,3.48,3.472,0.29%
2015/7/9,3.463,3.487,3.487,3.453,-0.26%
2015/7/8,3.472,3.488,3.49,3.443,-1.11%
2015/7/7,3.511,3.582,3.585,3.49,-2.20%
2015/7/6,3.59,3.63,3.63,3.55,-1.48%
2015/7/3,3.644,3.65,3.653,3.623,0.11%
2015/7/2,3.64,3.63,3.64,3.629,0.36%
2015/7/1,3.627,3.638,3.638,3.624,-0.06%
2015/6/30,3.629,3.64,3.64,3.623,-0.14%
2015/6/29,3.634,3.6,3.64,3.58,0.11%
2015/6/26,3.63,3.645,3.645,3.623,-0.17%
2015/6/25,3.636,3.643,3.643,3.623,0.14%
2015/6/24,3.631,3.625,3.632,3.623,0.50%
2015/6/23,3.613,3.62,3.64,3.61,0.44%
2015/6/19,3.597,3.623,3.623,3.59,-0.80%
2015/6/18,3.626,3.632,3.645,3.607,0.00%
2015/6/17,3.626,3.67,3.67,3.621,-0.87%
2015/6/16,3.658,3.665,3.676,3.645,0.00%
2015/6/15,3.658,3.63,3.667,3.63,0.41%
2015/6/12,3.643,3.638,3.649,3.623,0.66%
2015/6/11,3.619,3.6,3.623,3.6,0.81%
2015/6/10,3.59,3.593,3.6,3.586,0.00%
2015/6/9,3.59,3.623,3.623,3.58,-0.50%
2015/6/8,3.608,3.66,3.66,3.588,-0.11%
2015/6/7,3.612,3.612,3.612,3.612,0.00%
2015/6/5,3.612,3.64,3.64,3.607,-0.50%
2015/6/4,3.63,3.63,3.64,3.614,0.28%
2015/6/3,3.62,3.66,3.66,3.61,-1.31%
2015/6/2,3.668,3.657,3.668,3.628,0.94%
2015/6/1,3.634,3.65,3.65,3.623,1.20%
2015/5/30,3.591,3.591,3.591,3.591,0.00%
2015/5/29,3.591,3.578,3.608,3.558,1.18%
2015/5/28,3.549,3.56,3.565,3.54,0.00%
2015/5/27,3.549,3.495,3.55,3.485,2.22%
2015/5/26,3.472,3.468,3.474,3.455,0.35%
2015/5/25,3.46,3.52,3.52,3.445,0.23%
2015/5/22,3.452,3.467,3.467,3.447,-0.23%
2015/5/21,3.46,3.475,3.475,3.45,-0.09%
2015/5/20,3.463,3.458,3.463,3.445,0.49%
2015/5/19,3.446,3.435,3.449,3.427,0.67%
2015/5/18,3.423,3.44,3.445,3.413,0.26%
2015/5/15,3.414,3.44,3.443,3.414,-0.58%
2015/5/14,3.434,3.435,3.437,3.423,0.09%
2015/5/13,3.431,3.43,3.437,3.427,0.44%
2015/5/12,3.416,3.435,3.447,3.415,-0.20%
2015/5/11,3.423,3.4,3.454,3.4,-0.81%
2015/5/8,3.451,3.49,3.49,3.433,-0.46%
2015/5/7,3.467,3.458,3.493,3.445,1.14%
2015/5/6,3.428,3.438,3.453,3.421,0.59%
2015/5/5,3.408,3.403,3.427,3.39,0.47%
2015/5/4,3.392,3.43,3.43,3.385,-0.88%
2015/4/30,3.422,3.445,3.445,3.413,0.12%
2015/4/29,3.418,3.458,3.458,3.416,-0.44%
2015/4/28,3.433,3.47,3.47,3.427,-0.87%
2015/4/27,3.463,3.55,3.55,3.46,0.20%
2015/4/24,3.456,3.468,3.483,3.456,0.35%
2015/4/23,3.444,3.468,3.47,3.442,0.15%
2015/4/22,3.439,3.495,3.495,3.435,-1.29%
2015/4/21,3.484,3.577,3.577,3.463,-2.65%
2015/4/20,3.579,3.55,3.579,3.54,-0.08%
2015/4/17,3.582,3.637,3.637,3.581,-0.89%
2015/4/16,3.614,3.673,3.673,3.614,-1.18%
2015/4/15,3.657,3.688,3.688,3.637,-0.79%
2015/4/14,3.686,3.72,3.72,3.677,-0.54%
2015/4/13,3.706,3.73,3.75,3.705,-0.40%
2015/4/10,3.721,3.738,3.738,3.721,0.43%
2015/4/9,3.705,3.62,3.713,3.62,2.18%
2015/4/8,3.626,3.62,3.655,3.61,0.69%
2015/4/7,3.601,3.65,3.65,3.57,0.31%
2015/4/6,3.59,3.59,3.59,3.59,0.36%
2015/4/3,3.577,3.625,3.625,3.571,-1.27%
2015/4/2,3.623,3.673,3.673,3.617,-1.06%
2015/4/1,3.662,3.62,3.669,3.62,1.08%
2015/3/31,3.623,3.622,3.637,3.613,0.75%
2015/3/30,3.596,3.65,3.65,3.588,0.95%
2015/3/27,3.562,3.568,3.583,3.555,0.85%
2015/3/26,3.532,3.53,3.548,3.518,0.63%
2015/3/25,3.51,3.552,3.552,3.498,-0.23%
2015/3/24,3.518,3.555,3.555,3.512,-0.11%
2015/3/23,3.522,3.55,3.56,3.503,-0.68%
2015/3/20,3.546,3.573,3.573,3.536,-0.45%
2015/3/19,3.562,3.573,3.573,3.556,0.14%
2015/3/18,3.557,3.558,3.56,3.54,0.65%
2015/3/17,3.534,3.543,3.563,3.533,0.86%
2015/3/16,3.504,3.55,3.55,3.49,0.95%
2015/3/13,3.471,3.5,3.5,3.463,0.12%
2015/3/12,3.467,3.535,3.535,3.46,-1.67%
2015/3/11,3.526,3.518,3.53,3.513,0.26%
2015/3/10,3.517,3.497,3.525,3.497,0.83%
2015/3/9,3.488,3.53,3.53,3.485,0.52%
2015/3/7,3.47,3.484,3.497,3.47,-0.40%
2015/3/6,3.484,3.465,3.51,3.465,0.81%
2015/3/5,3.456,3.445,3.463,3.445,0.61%
2015/3/4,3.435,3.429,3.444,3.417,0.73%
2015/3/3,3.41,3.396,3.429,3.396,0.83%
2015/3/2,3.382,3.4,3.405,3.34,0.09%
2015/2/28,3.379,3.375,3.395,3.375,0.12%
2015/2/27,3.375,3.37,3.391,3.37,0.45%
2015/2/26,3.36,3.377,3.377,3.355,0.27%
2015/2/25,3.351,3.37,3.37,3.335,-0.21%
2015/2/19,3.358,3.358,3.358,3.358,0.00%
2015/2/17,3.358,3.387,3.387,3.358,-0.59%
2015/2/16,3.378,3.39,3.39,3.378,-0.06%
2015/2/15,3.38,3.38,3.38,3.38,-0.68%
2015/2/13,3.403,3.414,3.416,3.401,-0.18%
2015/2/12,3.409,3.443,3.443,3.408,-0.81%
2015/2/11,3.437,3.45,3.453,3.427,-0.12%
2015/2/10,3.441,3.465,3.465,3.439,-0.38%
2015/2/9,3.454,3.47,3.47,3.42,0.38%
2015/2/6,3.441,3.483,3.483,3.439,-0.86%
2015/2/5,3.471,3.48,3.48,3.448,-0.12%
2015/2/4,3.475,3.503,3.503,3.47,-0.29%
2015/2/3,3.485,3.52,3.52,3.483,-0.46%
2015/2/2,3.501,3.53,3.54,3.501,-0.37%
2015/2/1,3.514,3.514,3.514,3.514,0.00%
2015/1/30,3.514,3.524,3.525,3.507,0.40%
2015/1/29,3.5,3.483,3.514,3.47,0.86%
2015/1/28,3.47,3.473,3.483,3.463,0.23%
2015/1/27,3.462,3.462,3.477,3.448,-0.17%
2015/1/26,3.468,3.47,3.5,3.448,-0.12%
2015/1/23,3.472,3.483,3.493,3.46,-0.34%
2015/1/22,3.484,3.501,3.501,3.48,-0.20%
2015/1/21,3.491,3.491,3.5,3.487,-0.26%
2015/1/20,3.5,3.522,3.522,3.498,-0.65%
2015/1/19,3.523,3.55,3.55,3.478,-1.12%
2015/1/16,3.563,3.567,3.583,3.557,-0.20%
2015/1/15,3.57,3.6,3.6,3.567,-0.67%
2015/1/14,3.594,3.653,3.653,3.585,-1.67%
2015/1/13,3.655,3.661,3.662,3.643,-0.11%
2015/1/12,3.659,3.7,3.7,3.645,-0.05%
2015/1/9,3.661,3.665,3.67,3.661,-0.05%
2015/1/8,3.663,3.67,3.676,3.663,0.14%
2015/1/7,3.658,3.673,3.673,3.655,0.11%
2015/1/6,3.654,3.66,3.663,3.65,0.19%
2015/1/5,3.647,3.657,3.66,3.647,-0.08%
2015/1/4,3.65,3.65,3.65,3.65,0.05%
2015/1/1,3.648,3.648,3.648,3.648,0.00%
2014/12/31,3.648,3.661,3.661,3.648,0.08%
2014/12/30,3.645,3.67,3.67,3.645,-0.11%
2014/12/29,3.649,3.7,3.7,3.635,0.00%
2014/12/28,3.649,3.649,3.649,3.649,0.00%
2014/12/26,3.649,3.648,3.657,3.638,0.44%
2014/12/25,3.633,3.68,3.68,3.629,-0.76%
2014/12/24,3.661,3.723,3.723,3.659,-1.61%
2014/12/23,3.721,3.754,3.754,3.7,-0.72%
2014/12/22,3.748,3.7,3.768,3.7,-0.82%
2014/12/19,3.779,3.79,3.79,3.775,0.24%
2014/12/18,3.77,3.797,3.797,3.764,-0.24%
2014/12/17,3.779,3.81,3.82,3.778,-0.34%
2014/12/16,3.792,3.797,3.806,3.787,0.50%
2014/12/15,3.773,3.8,3.85,3.773,0.16%
2014/12/14,3.767,3.767,3.767,3.767,0.00%
2014/12/12,3.767,3.783,3.8,3.764,0.16%
2014/12/11,3.761,3.787,3.787,3.735,-0.50%
2014/12/10,3.78,3.807,3.83,3.78,-0.50%
2014/12/9,3.799,3.823,3.828,3.793,0.00%
2014/12/8,3.799,3.83,3.83,3.755,3.12%
2014/12/5,3.684,3.613,3.708,3.613,1.63%
2014/12/4,3.625,3.59,3.626,3.59,1.20%
2014/12/3,3.582,3.565,3.6,3.565,1.02%
2014/12/2,3.546,3.56,3.57,3.543,0.03%
2014/12/1,3.545,3.55,3.557,3.533,0.85%
2014/11/30,3.515,3.515,3.515,3.515,0.00%
2014/11/29,3.515,3.546,3.55,3.515,-0.87%
2014/11/28,3.546,3.556,3.573,3.545,-0.06%
2014/11/27,3.548,3.578,3.578,3.547,0.25%
2014/11/26,3.539,3.54,3.555,3.527,0.65%
2014/11/25,3.516,3.66,3.66,3.516,-4.17%
2014/11/24,3.669,3.55,3.677,3.53,-0.22%
2014/11/22,3.677,3.671,3.677,3.671,0.16%
2014/11/21,3.671,3.657,3.698,3.657,0.27%
2014/11/20,3.661,3.658,3.663,3.649,0.49%
2014/11/19,3.643,3.69,3.69,3.637,-0.36%
2014/11/18,3.656,3.677,3.69,3.656,-0.11%
2014/11/17,3.66,3.72,3.72,3.658,1.13%
2014/11/16,3.619,3.619,3.619,3.619,0.00%
2014/11/14,3.619,3.618,3.653,3.616,0.56%
2014/11/13,3.599,3.575,3.62,3.575,1.41%
2014/11/12,3.549,3.547,3.553,3.54,-0.39%
2014/11/11,3.563,3.6,3.6,3.483,-0.75%
2014/11/10,3.59,3.6,3.603,3.56,-1.24%
2014/11/7,3.635,3.653,3.653,3.627,-0.52%
2014/11/6,3.654,3.677,3.683,3.653,-0.16%
2014/11/5,3.66,3.728,3.728,3.656,-2.17%
2014/11/4,3.741,3.753,3.753,3.711,-0.69%
2014/11/3,3.767,3.8,3.8,3.73,-0.50%
2014/10/31,3.786,3.77,3.789,3.765,0.42%
2014/10/30,3.77,3.78,3.785,3.763,-0.11%
2014/10/29,3.774,3.798,3.798,3.76,-0.63%
2014/10/28,3.798,3.818,3.823,3.798,-0.39%
2014/10/27,3.813,3.85,3.85,3.808,0.34%
2014/10/25,3.8,3.818,3.818,3.8,-0.47%
2014/10/24,3.818,3.82,3.838,3.813,0.08%
2014/10/23,3.815,3.803,3.826,3.79,0.42%
2014/10/22,3.799,3.805,3.827,3.789,-0.18%
2014/10/21,3.806,3.84,3.843,3.805,-0.78%
2014/10/20,3.836,3.8,3.848,3.76,-0.16%
2014/10/17,3.842,3.885,3.885,3.842,-0.75%
2014/10/16,3.871,3.895,3.896,3.85,-2.20%
2014/10/15,3.958,4.007,4.013,3.958,-1.10%
2014/10/14,4.002,4.04,4.04,4.002,-0.55%
2014/10/13,4.024,4.1,4.1,4.024,-0.57%
2014/10/11,4.047,4.047,4.047,4.047,0.00%
2014/10/10,4.047,4.037,4.047,4.037,0.07%
2014/10/9,4.044,4.037,4.044,4.023,0.37%
2014/10/8,4.029,4.03,4.04,4.015,0.02%
2014/9/30,4.028,4.047,4.047,4.028,-0.32%
2014/9/29,4.041,4.11,4.11,4.038,0.32%
2014/9/28,4.028,4.028,4.028,4.028,0.00%
2014/9/27,4.028,4.028,4.028,4.028,0.00%
2014/9/26,4.028,4.07,4.07,4.027,-0.52%
2014/9/25,4.049,4.04,4.064,4.04,0.30%
2014/9/24,4.037,4.038,4.057,4.037,-0.15%
2014/9/23,4.043,4.053,4.057,4.024,-0.25%
2014/9/22,4.053,4.05,4.075,4.05,-1.91%
2014/9/19,4.132,4.21,4.21,4.132,-1.85%
2014/9/18,4.21,4.273,4.273,4.21,-1.50%
2014/9/17,4.274,4.273,4.274,4.265,-0.12%
2014/9/16,4.279,4.307,4.307,4.273,-0.23%
2014/9/15,4.289,4.28,4.289,4.255,-0.02%
2014/9/13,4.29,4.298,4.298,4.29,-0.19%
2014/9/12,4.298,4.315,4.315,4.293,0.00%
2014/9/11,4.298,4.31,4.31,4.293,0.12%
2014/9/10,4.293,4.293,4.293,4.293,0.00%
2014/9/9,4.293,4.38,4.38,4.288,-0.05%
2014/9/7,4.295,4.285,4.295,4.285,0.23%
2014/9/5,4.285,4.286,4.295,4.283,0.19%
2014/9/4,4.277,4.283,4.283,4.27,0.26%
2014/9/3,4.266,4.27,4.274,4.261,0.14%
2014/9/2,4.26,4.268,4.268,4.25,0.14%
2014/9/1,4.254,4.3,4.3,4.248,0.14%
2014/8/31,4.248,4.248,4.248,4.248,0.00%
2014/8/29,4.248,4.25,4.252,4.242,-0.09%
2014/8/28,4.252,4.27,4.27,4.245,-0.07%
2014/8/27,4.255,4.273,4.273,4.248,-0.12%
2014/8/26,4.26,4.273,4.273,4.253,-0.16%
2014/8/25,4.267,4.28,4.281,4.267,-0.02%
2014/8/22,4.268,4.288,4.288,4.268,-0.05%
2014/8/21,4.27,4.285,4.287,4.27,0.14%
2014/8/20,4.264,4.24,4.264,4.237,0.47%
2014/8/19,4.244,4.237,4.244,4.235,0.24%
2014/8/18,4.234,4.24,4.24,4.213,0.33%
2014/8/16,4.22,4.22,4.22,4.22,-0.17%
2014/8/15,4.227,4.292,4.292,4.227,-1.19%
2014/8/14,4.278,4.307,4.307,4.257,-0.23%
2014/8/13,4.288,4.293,4.3,4.288,-0.12%
2014/8/12,4.293,4.295,4.303,4.288,0.21%
2014/8/11,4.284,4.32,4.32,4.28,0.12%
2014/8/10,4.279,4.279,4.279,4.279,0.00%
2014/8/8,4.279,4.283,4.283,4.275,0.05%
2014/8/7,4.277,4.283,4.283,4.272,-0.09%
2014/8/6,4.281,4.28,4.283,4.265,0.09%
2014/8/5,4.277,4.28,4.28,4.273,-0.05%
2014/8/4,4.279,4.3,4.3,4.27,0.68%
2014/8/2,4.25,4.25,4.25,4.25,-0.93%
2014/8/1,4.29,4.31,4.31,4.283,-0.19%
2014/7/31,4.298,4.293,4.3,4.29,-0.02%
2014/7/30,4.299,4.29,4.299,4.286,0.07%
2014/7/29,4.296,4.3,4.3,4.288,-0.07%
2014/7/28,4.299,4.32,4.32,4.28,-0.16%
2014/7/27,4.306,4.306,4.306,4.306,0.00%
2014/7/25,4.306,4.283,4.306,4.283,0.12%
2014/7/24,4.301,4.292,4.301,4.288,-0.02%
2014/7/23,4.302,4.28,4.306,4.28,0.05%
2014/7/22,4.3,4.29,4.34,4.25,0.00%
2014/7/21,4.3,4.31,4.35,4.27,0.94%
2014/7/20,4.26,4.26,4.26,4.26,0.00%
2014/7/18,4.26,4.29,4.31,4.18,0.95%
2014/7/17,4.22,4.21,4.26,4.13,0.96%
2014/7/16,4.18,4.22,4.22,4.09,0.00%
2014/7/15,4.18,4.17,4.2,4.09,1.21%
2014/7/14,4.13,4.15,4.18,4.09,-0.24%
2014/7/12,4.14,4.14,4.14,4.14,0.00%
2014/7/11,4.14,4.15,4.2,4.09,-0.24%
2014/7/10,4.15,4.14,4.2,4.09,0.48%
2014/7/9,4.13,4.15,4.18,4.09,-1.20%
2014/7/8,4.18,4.18,4.18,4.09,0.48%
2014/7/7,4.16,4.22,4.22,4.1,0.48%
2014/7/4,4.14,4.22,4.22,4.1,-0.24%
2014/7/3,4.15,4.15,4.18,4.06,1.47%
2014/7/2,4.09,4.15,4.15,4.06,0.49%
2014/7/1,4.07,4.07,4.1,4.04,0.25%
2014/6/30,4.06,4.1,4.1,4.03,-0.49%
2014/6/27,4.08,4.05,4.1,4.03,0.00%
2014/6/26,4.08,4.07,4.12,4.03,0.00%
2014/6/25,4.08,4.05,4.1,4.03,0.29%
2014/6/24,4.068,4.08,4.1,4.03,0.44%
2014/6/23,4.05,4.07,4.1,4.03,-0.49%
2014/6/20,4.07,4.07,4.1,4.02,0.49%
2014/6/19,4.05,4.1,4.1,4.03,-0.74%
2014/6/18,4.08,4.1,4.1,4.03,0.25%
2014/6/17,4.07,4.09,4.11,4.05,-0.49%
2014/6/16,4.09,4.11,4.13,4.03,0.25%
2014/6/13,4.08,4.11,4.115,3.99,-0.49%
2014/6/12,4.1,4.1,4.11,4.04,0.49%
2014/6/11,4.08,4.1,4.11,4.04,0.00%
2014/6/10,4.08,4.11,4.11,4,0.00%
2014/6/9,4.08,4.06,4.1,4,-0.49%
2014/6/6,4.1,4.1,4.1,4,2.24%
2014/6/5,4.01,4.03,4.09,4,-0.99%
2014/6/4,4.05,4.05,4.1,4,0.00%
2014/6/3,4.05,4.05,4.12,4.03,-2.64%
2014/5/30,4.16,4.15,4.17,4.09,0.48%
2014/5/29,4.14,4.18,4.21,4.12,-1.19%
2014/5/28,4.19,4.19,4.23,4.13,0.00%
2014/5/27,4.19,4.2,4.23,4.13,-0.48%
2014/5/26,4.21,4.2,4.23,4.13,1.94%
2014/5/25,4.13,4.13,4.13,4.13,0.00%
2014/5/23,4.13,4.2,4.23,4.13,0.00%
2014/5/22,4.13,4.2,4.23,4.13,-1.90%
2014/5/21,4.21,4.2,4.25,4.13,0.48%
2014/5/20,4.19,4.2,4.23,4.12,0.96%
2014/5/19,4.15,4.19,4.25,4.12,-1.19%
2014/5/16,4.2,4.22,4.25,4.12,-0.71%
2014/5/15,4.23,4.22,4.25,4.12,0.71%
2014/5/14,4.2,4.19,4.25,4.13,1.69%
2014/5/13,4.13,4.15,4.25,4.1,-0.24%
2014/5/12,4.14,4.14,4.25,4.1,0.34%
2014/5/9,4.126,4.22,4.35,4.12,-2.04%
2014/5/8,4.212,4.28,4.36,4.21,-3.17%
2014/5/7,4.35,4.31,4.36,4.25,0.00%
2014/5/6,4.35,4.32,4.37,4.28,1.16%
2014/5/5,4.3,4.33,4.37,4.28,0.00%
2014/5/4,4.3,4.33,4.54,4.29,-0.69%
2014/4/30,4.33,4.37,4.39,4.3,-0.46%
2014/4/29,4.35,4.38,4.38,4.3,0.46%
2014/4/28,4.33,4.38,4.38,4.32,-0.69%
2014/4/25,4.36,4.38,4.38,4.29,-0.23%
2014/4/24,4.37,4.37,4.43,4.29,-0.46%
2014/4/23,4.39,4.39,4.42,4.29,-0.23%
2014/4/22,4.4,4.31,4.42,4.29,2.56%
2014/4/21,4.29,4.39,4.39,4.28,-2.94%
2014/4/18,4.42,4.47,4.47,4.4,-0.45%
2014/4/17,4.44,4.44,4.54,4.42,0.45%
2014/4/16,4.42,4.53,4.55,4.42,-2.00%
2014/4/15,4.51,4.55,4.56,4.48,0.00%
2014/4/14,4.51,4.56,4.58,4.48,-0.88%
2014/4/11,4.55,4.58,4.6,4.5,0.89%
2014/4/10,4.51,4.58,4.6,4.5,-1.31%
2014/4/9,4.57,4.57,4.59,4.5,0.44%
2014/4/8,4.55,4.55,4.58,4.49,0.00%
2014/4/4,4.55,4.58,4.59,4.48,-0.22%
2014/4/3,4.56,4.56,4.56,4.47,1.33%
2014/4/2,4.5,4.54,4.55,4.48,-0.44%
2014/4/1,4.52,4.54,4.55,4.46,0.89%
2014/3/31,4.48,4.54,4.55,4.47,-0.88%
2014/3/28,4.52,4.54,4.54,4.47,0.00%
2014/3/27,4.52,4.52,4.55,4.46,0.44%
2014/3/26,4.5,4.53,4.55,4.43,-0.44%
2014/3/25,4.52,4.53,4.53,4.45,0.44%
2014/3/24,4.5,4.52,4.53,4.44,0.45%
2014/3/21,4.48,4.51,4.55,4.42,0.67%
2014/3/20,4.45,4.52,4.52,4.42,0.45%
2014/3/19,4.43,4.49,4.51,4.41,-1.12%
2014/3/18,4.48,4.486,4.49,4.39,0.67%
2014/3/17,4.45,4.47,4.48,4.39,-0.67%
2014/3/14,4.48,4.47,4.5,4.43,-0.44%
2014/3/13,4.5,4.5,4.52,4.43,0.22%
2014/3/12,4.49,4.48,4.53,4.44,-0.44%
2014/3/11,4.51,4.52,4.54,4.45,0.67%
2014/3/10,4.48,4.52,4.54,4.46,-0.67%
2014/3/9,4.51,4.51,4.51,4.51,0.00%
2014/3/7,4.51,4.5,4.54,4.44,0.45%
2014/3/6,4.49,4.5,4.56,4.44,-0.66%
2014/3/5,4.52,4.45,4.54,4.44,0.44%
2014/3/4,4.5,4.5,4.5,4.38,2.74%
2014/3/3,4.38,4.43,4.48,4.35,-0.90%
2014/2/28,4.42,4.43,4.43,4.34,-0.67%
2014/2/27,4.45,4.45,4.5,4.37,0.45%
2014/2/26,4.43,4.445,4.5,4.41,-3.28%
2014/2/25,4.58,4.5,4.6,4.449,1.55%
2014/2/24,4.51,4.54,4.599,4.48,-0.66%
2014/2/21,4.54,4.56,4.6,4.48,0.00%
2014/2/20,4.54,4.57,4.62,4.48,-1.30%
2014/2/19,4.6,4.57,4.61,4.48,0.88%
2014/2/18,4.56,4.57,4.57,4.48,0.88%
2014/2/17,4.52,4.52,4.54,4.45,0.44%
2014/2/14,4.5,4.52,4.54,4.45,0.22%
2014/2/13,4.49,4.52,4.55,4.47,-0.20%
2014/2/12,4.499,4.55,4.55,4.46,0.09%
2014/2/11,4.495,4.55,4.55,4.48,0.33%
2014/2/10,4.48,4.49,4.55,4.48,-1.54%
2014/2/8,4.55,4.51,4.58,4.48,0.00%
2014/2/7,4.55,4.54,4.62,4.47,0.00%
2014/2/4,4.55,4.55,4.55,4.55,0.00%
2014/1/30,4.55,4.55,4.58,4.48,1.56%
2014/1/29,4.48,4.55,4.57,4.48,-0.88%
2014/1/28,4.52,4.5,4.54,4.46,0.00%
2014/1/27,4.52,4.5,4.54,4.45,-0.88%
2014/1/26,4.56,4.55,4.57,4.49,0.22%
2014/1/24,4.55,4.55,4.56,4.48,-0.44%
2014/1/23,4.57,4.55,4.61,4.52,0.44%
2014/1/22,4.55,4.53,4.61,4.52,-0.66%
2014/1/21,4.58,4.6,4.65,4.55,-0.87%
2014/1/20,4.62,4.62,4.67,4.55,1.54%
2014/1/17,4.55,4.63,4.65,4.55,-1.09%
2014/1/16,4.6,4.62,4.67,4.53,-0.22%
2014/1/15,4.61,4.62,4.68,4.58,0.22%
2014/1/14,4.6,4.64,4.68,4.57,0.00%
2014/1/13,4.6,4.64,4.71,4.58,0.00%
2014/1/10,4.6,4.65,4.71,4.57,-0.86%
2014/1/9,4.64,4.68,4.71,4.57,-0.43%
2014/1/8,4.66,4.68,4.71,4.56,-1.06%
2014/1/7,4.71,4.68,4.71,4.53,2.39%
2014/1/6,4.6,4.62,4.68,4.53,0.66%
2014/1/3,4.57,4.63,4.68,4.48,-1.51%
2014/1/2,4.64,4.63,4.64,4.53,0.22%
2013/12/31,4.63,4.63,4.64,4.57,0.43%
2013/12/30,4.61,4.63,4.64,4.57,-0.43%
2013/12/27,4.63,4.62,4.64,4.58,0.43%
2013/12/26,4.61,4.6,4.64,4.58,-0.43%
2013/12/25,4.63,4.59,4.68,4.45,0.65%
2013/12/24,4.6,4.62,4.68,4.58,-0.22%
2013/12/23,4.61,4.64,4.66,4.59,-0.43%
2013/12/20,4.63,4.62,4.66,4.56,1.31%
2013/12/19,4.57,4.6,4.68,4.56,-0.87%
2013/12/18,4.61,4.63,4.68,4.52,0.66%
2013/12/17,4.58,4.6,4.68,4.52,0.44%
2013/12/16,4.56,4.6,4.65,4.52,-1.72%
2013/12/13,4.64,4.6,4.68,4.55,0.00%
2013/12/12,4.64,4.66,4.68,4.57,0.65%
2013/12/11,4.61,4.68,4.68,4.55,1.10%
2013/12/10,4.56,4.58,4.641,4.45,0.44%
2013/12/9,4.54,4.57,4.641,4.45,1.79%
2013/12/6,4.46,4.55,4.6,4.4,-1.11%
2013/12/5,4.51,4.5,4.55,4.4,0.00%
2013/12/4,4.51,4.45,4.56,4.42,0.00%
2013/12/3,4.51,4.53,4.6,4.38,3.20%
2013/12/2,4.37,4.4,4.43,4.37,-0.61%
2013/11/29,4.397,4.45,4.55,4.36,-3.91%
2013/11/28,4.576,4.6,4.66,4.42,-0.52%
2013/11/27,4.6,4.63,4.73,4.55,-2.34%
2013/11/26,4.71,4.65,4.73,4.55,0.00%
2013/11/25,4.71,4.6,4.73,4.55,0.00%
2013/11/22,4.71,4.72,4.76,4.59,1.29%
2013/11/21,4.65,4.73,4.77,4.6,2.20%
2013/11/20,4.55,4.73,4.75,4.55,-1.52%
2013/11/19,4.62,4.68,4.7,4.55,3.12%
2013/11/18,4.48,4.63,4.67,4.48,1.13%
2013/11/17,4.43,4.43,4.43,4.43,0.00%
2013/11/15,4.43,4.55,4.6,4.39,-1.56%
2013/11/14,4.5,4.46,4.52,4.28,0.00%
2013/11/13,4.5,4.46,4.5,4.28,0.67%
2013/11/12,4.47,4.46,4.47,4.28,4.68%
2013/11/11,4.27,4.38,4.42,4.19,0.00%
2013/11/8,4.27,4.35,4.35,4.17,0.00%
2013/11/7,4.27,4.24,4.32,4.11,-0.23%
2013/11/6,4.28,4.24,4.28,4.088,1.18%
2013/11/5,4.23,4.19,4.26,4.05,-0.47%
2013/11/4,4.25,4.19,4.26,4.05,4.94%
2013/11/3,4.05,4.05,4.05,4.05,0.00%
2013/11/1,4.05,4.2,4.26,4.05,-4.03%
2013/10/31,4.22,4.23,4.26,4.11,1.44%
2013/10/30,4.16,4.23,4.26,4.11,-1.65%
2013/10/29,4.23,4.23,4.26,4.07,0.24%
2013/10/28,4.22,4.23,4.25,4.11,1.44%
2013/10/27,4.16,4.16,4.16,4.16,0.00%
2013/10/25,4.16,4.24,4.24,4.09,0.00%
2013/10/24,4.16,4.19,4.23,4.05,0.00%
2013/10/23,4.16,4.05,4.2,4.04,3.48%
2013/10/22,4.02,4.15,4.2,4.01,-2.19%
2013/10/21,4.11,4.15,4.2,4.01,0.24%
2013/10/18,4.1,4.15,4.2,4.01,-0.97%
2013/10/17,4.14,4.15,4.2,4.01,-0.96%
2013/10/16,4.18,4.11,4.2,4.01,3.98%
2013/10/15,4.02,4.1,4.18,4,0.00%
2013/10/14,4.02,4.06,4.11,4,-0.99%
2013/10/12,4.06,4.06,4.11,4,0.25%
2013/10/11,4.05,4.07,4.11,4,-0.25%
2013/10/10,4.06,4.07,4.11,4,0.25%
2013/10/9,4.05,4.05,4.11,3.97,1.25%
2013/10/8,4,4.2,4.2,3.98,-1.23%
2013/9/30,4.05,4.04,4.11,3.98,1.25%
2013/9/29,4,4.04,4.11,3.98,-1.23%
2013/9/27,4.05,4.06,4.11,4,0.75%
2013/9/26,4.02,4.07,4.11,4,-0.99%
2013/9/25,4.06,4.08,4.11,4,1.00%
2013/9/24,4.02,4.06,4.13,3.99,0.00%
2013/9/23,4.02,4.12,4.2,3.97,0.00%
2013/9/22,4.02,4.12,4.2,4.02,-0.74%
2013/9/18,4.05,4.12,4.2,4.01,-1.94%
2013/9/17,4.13,4.18,4.2,4.01,0.73%
2013/9/16,4.1,4.2,4.2,4.01,-0.97%
2013/9/15,4.14,4.14,4.14,4.14,0.00%
2013/9/13,4.14,4.18,4.2,4.01,1.72%
2013/9/12,4.07,4.18,4.18,4.01,0.49%
2013/9/11,4.05,4.13,4.16,3.98,0.75%
2013/9/10,4.02,4.12,4.12,3.98,-0.99%
2013/9/9,4.06,4.1,4.11,3.98,-0.49%
2013/9/8,4.08,4.08,4.08,4.08,0.00%
2013/9/7,4.08,4.08,4.08,4.08,0.00%
2013/9/6,4.08,4.1,4.11,3.98,0.25%
2013/9/5,4.07,4.1,4.11,3.98,0.00%
2013/9/4,4.07,4.07,4.11,3.98,1.50%
2013/9/3,4.01,4.07,4.11,3.96,0.75%
2013/9/2,3.98,4.06,4.11,3.96,-1.73%
2013/9/1,4.05,4.05,4.05,4.05,0.00%
2013/8/30,4.05,4.07,4.11,3.96,1.00%
2013/8/29,4.01,4.06,4.11,3.96,-1.23%
2013/8/28,4.06,4.02,4.06,3.96,2.01%
2013/8/27,3.98,3.98,4.01,3.98,0.51%
2013/8/26,3.96,4.03,4.05,3.96,-2.22%
2013/8/23,4.05,4.05,4.05,3.99,-0.25%
2013/8/22,4.06,4.08,4.1,4,-0.73%
2013/8/21,4.09,4.1,4.13,4,1.49%
2013/8/20,4.03,4.02,4.06,3.98,0.75%
2013/8/19,4,3.92,4.04,3.92,1.27%
2013/8/16,3.95,4.03,4.03,3.94,-1.25%
2013/8/15,4,3.95,4.01,3.93,1.27%
2013/8/14,3.95,3.96,3.99,3.91,-0.23%
2013/8/13,3.959,3.889,3.959,3.6,3.10%
2013/8/12,3.84,3.85,3.88,3.6,0.00%
2013/8/11,3.84,3.84,3.84,3.84,0.00%
2013/8/10,3.84,3.84,3.84,3.84,0.00%
2013/8/9,3.84,3.85,3.87,3.6,-0.23%
2013/8/8,3.849,3.8,3.849,3.6,1.29%
2013/8/7,3.8,3.75,3.8,3.6,1.33%
2013/8/6,3.75,3.75,3.75,3.6,0.81%
2013/8/5,3.72,3.71,3.76,3.6,3.33%
2013/8/2,3.6,3.72,3.76,3.6,-3.23%
2013/8/1,3.72,3.72,3.76,3.6,3.33%
2013/7/31,3.6,3.72,3.73,3.6,-4.00%
2013/7/30,3.75,3.76,3.78,3.6,4.17%
2013/7/29,3.6,3.75,3.75,3.6,-3.23%
2013/7/26,3.72,3.7,3.78,3.6,3.33%
2013/7/25,3.6,3.78,3.78,3.6,-6.49%
2013/7/24,3.85,3.8,3.85,3.6,2.67%
2013/7/23,3.75,3.75,3.76,3.6,-0.27%
2013/7/22,3.76,3.72,3.77,3.6,1.08%
2013/7/19,3.72,3.75,3.76,3.6,0.00%
2013/7/18,3.72,3.75,3.75,3.6,0.08%
2013/7/17,3.717,3.7,3.72,3.6,1.86%
2013/7/16,3.649,3.65,3.65,3.59,1.36%
2013/7/15,3.6,3.6,3.65,3.58,-0.28%
2013/7/12,3.61,3.62,3.64,3.57,0.28%
2013/7/11,3.6,3.6,3.61,3.57,2.56%
2013/7/10,3.51,3.6,3.6,3.51,-2.50%
2013/7/9,3.6,3.6,3.6,3.5,0.00%
2013/7/8,3.6,3.6,3.6,3.49,-0.28%
2013/7/5,3.61,3.58,3.61,3.49,0.28%
2013/7/4,3.6,3.58,3.6,3.51,2.56%
2013/7/3,3.51,3.54,3.6,3.51,-2.50%
2013/7/2,3.6,3.54,3.6,3.51,0.00%
2013/7/1,3.6,3.54,3.61,3.498,0.00%
2013/6/28,3.6,3.59,3.6,3.57,0.56%
2013/6/27,3.58,3.59,3.6,3.58,-0.83%
2013/6/26,3.61,3.64,3.65,3.58,-0.28%
2013/6/25,3.62,3.65,3.65,3.584,-0.82%
2013/6/24,3.65,3.65,3.65,3.58,0.83%
2013/6/23,3.62,3.62,3.62,3.62,0.00%
2013/6/21,3.62,3.62,3.64,3.62,4.02%
2013/6/20,3.48,3.6,3.605,3.47,-1.97%
2013/6/19,3.55,3.51,3.55,3.44,1.43%
2013/6/18,3.5,3.49,3.55,3.43,0.00%
2013/6/17,3.5,3.5,3.51,3.43,0.29%
2013/6/16,3.49,3.49,3.49,3.49,0.00%
2013/6/14,3.49,3.5,3.53,3.457,1.45%
2013/6/13,3.44,3.5,3.6,3.44,0.00%
2013/6/9,3.44,3.5,3.55,3.43,-1.15%
2013/6/8,3.48,3.5,3.55,3.43,-0.57%
2013/6/7,3.5,3.5,3.52,3.43,-0.28%
2013/6/6,3.51,3.5,3.52,3.43,1.74%
2013/6/5,3.45,3.48,3.51,3.43,-0.58%
2013/6/4,3.47,3.48,3.5,3.426,0.87%
2013/6/3,3.44,3.46,3.49,3.36,-0.15%
2013/5/31,3.445,3.45,3.49,3.412,-0.72%
2013/5/30,3.47,3.45,3.47,3.36,0.58%
2013/5/29,3.45,3.46,3.47,3.36,-0.58%
2013/5/28,3.47,3.43,3.48,3.36,-0.29%
2013/5/27,3.48,3.44,3.48,3.36,0.00%
2013/5/25,3.48,3.48,3.48,3.48,0.00%
2013/5/24,3.48,3.45,3.48,3.36,0.58%
2013/5/23,3.46,3.46,3.48,3.36,0.87%
2013/5/22,3.43,3.43,3.48,3.405,-2.00%
2013/5/21,3.5,3.45,3.55,3.36,0.86%
2013/5/20,3.47,3.45,3.55,3.36,1.17%
2013/5/17,3.43,3.58,3.59,3.43,0.00%
2013/5/16,3.43,3.55,3.588,3.36,-1.15%
2013/5/15,3.47,3.44,3.59,3.36,0.87%
2013/5/14,3.44,3.43,3.59,3.402,-3.51%
2013/5/13,3.565,3.55,3.6,3.47,2.44%
2013/5/10,3.48,3.48,3.6,3.413,0.00%
2013/5/9,3.48,3.55,3.6,3.37,3.26%
2013/5/8,3.37,3.45,3.6,3.37,-1.75%
2013/5/7,3.43,3.42,3.6,3.335,1.69%
2013/5/6,3.373,3.398,3.6,3.286,-2.32%
2013/5/3,3.453,3.266,3.6,3.237,4.89%
2013/5/2,3.292,3.6,3.6,3.292,-4.50%
2013/4/29,3.447,3.5,3.5,3.447,-1.51%
2013/4/27,3.5,3.44,3.6,3.41,0.00%
2013/4/26,3.5,3.407,3.6,3.251,1.33%
2013/4/25,3.454,3.381,3.6,3.335,0.82%
2013/4/24,3.426,3.64,3.64,3.386,0.20%
2013/4/23,3.419,3.456,3.64,3.376,-2.12%
2013/4/22,3.493,3.55,3.6,3.346,4.11%
2013/4/19,3.355,3.55,3.6,3.345,-2.64%
2013/4/18,3.446,3.372,3.6,3.316,0.73%
2013/4/17,3.421,3.498,3.6,3.346,-3.63%
2013/4/16,3.55,3.505,3.6,3.392,0.00%
2013/4/15,3.55,3.459,3.6,3.426,1.28%
2013/4/12,3.505,3.366,3.6,3.28,2.73%
2013/4/11,3.412,3.46,3.64,3.337,-0.55%
2013/4/10,3.431,3.47,3.6,3.398,-0.84%
2013/4/9,3.46,3.495,3.6,3.411,-2.26%
2013/4/8,3.54,3.55,3.64,3.431,-1.94%
2013/4/7,3.61,3.55,3.64,3.48,2.56%
2013/4/3,3.52,3.507,3.64,3.419,-0.85%
2013/4/2,3.55,3.523,3.64,3.455,-0.48%
2013/4/1,3.567,3.55,3.64,3.499,3.57%
2013/3/29,3.444,3.537,3.62,3.444,-3.80%
2013/3/28,3.58,3.587,3.64,3.364,-1.38%
2013/3/27,3.63,3.527,3.64,3.376,1.68%
2013/3/26,3.57,3.64,3.64,3.419,5.72%
2013/3/25,3.377,3.376,3.64,3.284,-0.35%
2013/3/22,3.389,3.627,3.64,3.389,-6.56%
2013/3/21,3.627,3.587,3.64,3.382,0.75%
2013/3/20,3.6,3.594,3.64,3.401,-0.19%
2013/3/19,3.607,3.592,3.64,3.408,0.06%
2013/3/18,3.605,3.377,3.654,3.305,6.34%
2013/3/17,3.39,3.39,3.39,3.39,0.00%
2013/3/15,3.39,3.618,3.654,3.39,-6.61%
2013/3/14,3.63,3.578,3.654,3.396,1.11%
2013/3/13,3.59,3.606,3.63,3.391,-0.77%
2013/3/12,3.618,3.573,3.664,3.413,0.92%
2013/3/11,3.585,3.635,3.635,3.35,-1.70%
2013/3/8,3.647,3.588,3.647,3.533,1.31%
2013/3/7,3.6,3.65,3.65,3.49,0.28%
2013/3/6,3.59,3.65,3.67,3.49,0.28%
2013/3/5,3.58,3.65,3.65,3.49,-2.45%
2013/3/4,3.67,3.61,3.67,3.49,0.00%
2013/3/1,3.67,3.65,3.67,3.49,1.94%
2013/2/28,3.6,3.585,3.67,3.49,0.42%
2013/2/27,3.585,3.59,3.63,3.49,-0.42%
2013/2/26,3.6,3.65,3.65,3.49,-0.55%
2013/2/25,3.62,3.59,3.64,3.49,1.17%
2013/2/22,3.578,3.65,3.65,3.49,-0.61%
2013/2/21,3.6,3.58,3.63,3.49,0.56%
2013/2/20,3.58,3.595,3.63,3.49,-0.14%
2013/2/19,3.585,3.585,3.63,3.49,-0.42%
2013/2/18,3.6,3.599,3.64,3.49,0.47%
2013/2/17,3.583,3.585,3.64,3.49,0.00%
2013/2/16,3.583,3.599,3.64,3.49,-0.06%
2013/2/14,3.585,3.585,3.585,3.585,0.00%
2013/2/13,3.585,3.585,3.585,3.585,0.00%
2013/2/9,3.585,3.585,3.585,3.585,0.00%
2013/2/8,3.585,3.59,3.64,3.49,-0.42%
2013/2/7,3.6,3.65,3.65,3.49,-1.10%
2013/2/6,3.64,3.65,3.65,3.49,1.11%
2013/2/5,3.6,3.595,3.64,3.49,-0.28%
2013/2/4,3.61,3.65,3.65,3.49,0.56%
2013/2/1,3.59,3.63,3.65,3.49,-0.28%
2013/1/31,3.6,3.61,3.65,3.49,-1.37%
2013/1/30,3.65,3.63,3.65,3.49,2.24%
2013/1/29,3.57,3.63,3.65,3.49,-2.19%
2013/1/28,3.65,3.6,3.65,3.49,1.67%
2013/1/25,3.59,3.6,3.63,3.49,-0.28%
2013/1/24,3.6,3.585,3.63,3.49,0.00%
2013/1/23,3.6,3.585,3.63,3.49,0.84%
2013/1/22,3.57,3.64,3.64,3.51,-0.28%
2013/1/21,3.58,3.59,3.63,3.51,0.28%
2013/1/18,3.57,3.64,3.65,3.51,0.00%
2013/1/17,3.57,3.64,3.65,3.51,-0.83%
2013/1/16,3.6,3.6,3.65,3.51,0.28%
2013/1/15,3.59,3.64,3.65,3.51,-1.37%
2013/1/14,3.64,3.64,3.64,3.51,1.11%
2013/1/13,3.6,3.6,3.6,3.6,0.00%
2013/1/11,3.6,3.595,3.64,3.51,0.28%
2013/1/10,3.59,3.58,3.62,3.51,0.28%
2013/1/9,3.58,3.595,3.65,3.5,-0.56%
2013/1/8,3.6,3.59,3.65,3.5,0.28%
2013/1/7,3.59,3.65,3.65,3.5,1.13%
2013/1/6,3.55,3.6,3.65,3.5,-1.93%
2013/1/5,3.62,3.65,3.65,3.5,0.28%
2013/1/4,3.61,3.58,3.63,3.5,0.98%
2013/1/1,3.575,3.575,3.575,3.575,0.00%
2012/12/31,3.575,3.58,3.63,3.5,1.27%
2012/12/30,3.53,3.53,3.53,3.53,0.00%
2012/12/28,3.53,3.58,3.63,3.5,-1.94%
2012/12/27,3.6,3.59,3.64,3.5,1.98%
2012/12/26,3.53,3.59,3.64,3.5,-1.53%
2012/12/25,3.585,3.6,3.64,3.5,-0.97%
2012/12/24,3.62,3.6,3.64,3.5,0.00%
2012/12/23,3.62,3.62,3.62,3.62,0.00%
2012/12/22,3.62,3.62,3.62,3.62,0.00%
2012/12/21,3.62,3.61,3.64,3.5,0.28%
2012/12/20,3.61,3.59,3.64,3.5,0.84%
2012/12/19,3.58,3.58,3.62,3.5,0.00%
2012/12/18,3.58,3.58,3.62,3.5,-0.56%
2012/12/17,3.6,3.58,3.61,3.5,2.86%
2012/12/14,3.5,3.57,3.61,3.5,-2.78%
2012/12/13,3.6,3.57,3.61,3.5,0.84%
2012/12/12,3.57,3.57,3.61,3.5,0.00%
2012/12/11,3.57,3.6,3.61,3.39,0.56%
2012/12/10,3.55,3.57,3.6,3.5,-1.39%
2012/12/7,3.6,3.56,3.6,3.5,1.41%
2012/12/6,3.55,3.56,3.62,3.5,-0.28%
2012/12/5,3.56,3.55,3.62,3.5,1.71%
2012/12/4,3.5,3.55,3.62,3.39,-2.78%
2012/12/3,3.6,3.55,3.62,3.5,0.78%
2012/11/30,3.572,3.53,3.62,3.39,-0.78%
2012/11/29,3.6,3.55,3.62,3.39,1.12%
2012/11/28,3.56,3.56,3.62,3.5,-0.28%
2012/11/27,3.57,3.55,3.62,3.39,2.00%
2012/11/26,3.5,3.55,3.71,3.39,-0.28%
2012/11/24,3.51,3.51,3.51,3.51,0.00%
2012/11/23,3.51,3.55,3.62,3.39,-1.40%
2012/11/22,3.56,3.53,3.62,3.39,1.71%
2012/11/21,3.5,3.51,3.62,3.484,-0.85%
2012/11/20,3.53,3.52,3.62,3.39,-0.84%
2012/11/19,3.56,3.52,3.71,3.487,-1.11%
2012/11/17,3.6,3.6,3.6,3.6,0.00%
2012/11/16,3.6,3.53,3.62,3.5,1.98%
2012/11/15,3.53,3.54,3.62,3.5,-1.12%
2012/11/14,3.57,3.55,3.62,3.5,3.63%
2012/11/13,3.445,3.57,3.71,3.39,-4.57%
2012/11/12,3.61,3.57,3.71,3.5,1.26%
2012/11/10,3.565,3.565,3.565,3.565,0.00%
2012/11/9,3.565,3.575,3.71,3.5,-0.97%
2012/11/8,3.6,3.57,3.71,3.39,0.84%
2012/11/7,3.57,3.58,3.71,3.5,-0.83%
2012/11/6,3.6,3.59,3.71,3.5,-1.10%
2012/11/5,3.64,3.6,3.71,3.5,0.55%
2012/11/3,3.62,3.62,3.62,3.62,0.00%
2012/11/2,3.62,3.6,3.71,3.5,0.00%
2012/11/1,3.62,3.586,3.71,3.5,1.40%
2012/10/31,3.57,3.57,3.71,3.5,0.28%
2012/10/30,3.56,3.57,3.71,3.5,2.59%
2012/10/29,3.47,3.58,3.71,3.47,-3.07%
2012/10/27,3.58,3.58,3.58,3.58,0.00%
2012/10/26,3.58,3.58,3.71,3.5,-0.83%
2012/10/25,3.61,3.58,3.71,3.39,1.40%
2012/10/24,3.56,3.54,3.62,3.39,0.56%
2012/10/23,3.54,3.55,3.71,3.45,0.00%
2012/10/22,3.54,3.54,3.62,3.39,1.14%
2012/10/20,3.5,3.5,3.5,3.5,0.00%
2012/10/19,3.5,3.53,3.62,3.39,0.00%
2012/10/18,3.5,3.52,3.62,3.39,-0.28%
2012/10/17,3.51,3.51,3.62,3.39,0.86%
2012/10/16,3.48,3.5,3.62,3.39,-0.29%
2012/10/15,3.49,3.49,3.58,3.39,-0.29%
2012/10/13,3.5,3.5,3.5,3.5,0.00%
2012/10/12,3.5,3.51,3.62,3.39,-0.28%
2012/10/11,3.51,3.54,3.62,3.39,0.29%
2012/10/10,3.5,3.51,3.62,3.34,0.00%
2012/10/9,3.5,3.5,3.62,3.39,0.00%
2012/10/8,3.5,3.48,3.62,3.34,0.86%
2012/9/30,3.47,3.47,3.47,3.47,0.00%
2012/9/29,3.47,3.47,3.47,3.47,-0.86%
2012/9/28,3.5,3.47,3.62,3.34,-1.13%
2012/9/27,3.54,3.46,3.56,3.34,1.72%
2012/9/26,3.48,3.5,3.62,3.39,-1.69%
2012/9/25,3.54,3.5,3.62,3.39,0.57%
2012/9/24,3.52,3.56,3.62,3.39,0.00%
2012/9/23,3.52,3.52,3.52,3.52,0.00%
2012/9/22,3.52,3.52,3.52,3.52,0.00%
2012/9/21,3.52,3.52,3.62,3.39,0.57%
2012/9/20,3.5,3.55,3.65,3.45,1.16%
2012/9/19,3.46,3.54,3.63,3.45,-1.98%
2012/9/18,3.53,3.59,3.65,3.39,8.28%
2012/9/17,3.26,3.58,3.65,3.26,-8.94%
2012/9/15,3.58,3.58,3.58,3.58,0.00%
2012/9/14,3.58,3.65,3.65,3.39,1.13%
2012/9/13,3.54,3.52,3.55,3.36,0.57%
2012/9/12,3.52,3.5,3.57,3.36,1.44%
2012/9/11,3.47,3.48,3.51,3.34,-0.29%
2012/9/10,3.48,3.44,3.5,3.26,3.88%
2012/9/8,3.35,3.35,3.35,3.35,0.00%
2012/9/7,3.35,3.44,3.49,3.21,1.21%
2012/9/6,3.31,3.4,3.46,3.22,0.61%
2012/9/5,3.29,3.4,3.46,3.22,1.23%
2012/9/4,3.25,3.41,3.467,3.21,0.00%
2012/9/3,3.25,3.41,3.467,3.22,-5.80%
2012/9/1,3.45,3.45,3.45,3.45,0.00%
2012/8/31,3.45,3.4,3.45,3.26,1.17%
2012/8/30,3.41,3.4,3.45,3.26,1.82%
2012/8/29,3.349,3.38,3.45,3.26,-0.03%
2012/8/28,3.35,3.36,3.45,3.26,-0.59%
2012/8/27,3.37,3.36,3.45,3.26,0.60%
2012/8/25,3.35,3.35,3.35,3.35,0.00%
2012/8/24,3.35,3.37,3.45,3.26,-1.18%
2012/8/23,3.39,3.4,3.45,3.26,1.19%
2012/8/22,3.35,3.39,3.46,3.26,0.00%
2012/8/21,3.35,3.37,3.41,3.26,-0.89%
2012/8/20,3.38,3.35,3.4,3.26,0.00%
2012/8/17,3.38,3.34,3.4,3.26,-0.29%
2012/8/16,3.39,3.35,3.4,3.26,1.50%
2012/8/15,3.34,3.33,3.4,3.26,0.30%
2012/8/14,3.33,3.32,3.4,3.26,0.60%
2012/8/13,3.31,3.3,3.4,3.26,-0.60%
2012/8/10,3.33,3.33,3.4,3.26,-0.89%
2012/8/9,3.36,3.35,3.4,3.26,-0.30%
2012/8/8,3.37,3.35,3.4,3.26,1.20%
2012/8/7,3.33,3.31,3.4,3.26,0.00%
2012/8/6,3.33,3.31,3.36,3.26,1.22%
2012/8/3,3.29,3.29,3.35,3.26,0.00%
2012/8/2,3.29,3.29,3.35,3.26,0.30%
2012/8/1,3.28,3.29,3.35,3.26,-1.50%
2012/7/31,3.33,3.27,3.35,3.254,1.52%
2012/7/30,3.28,3.3,3.35,3.255,0.00%
2012/7/27,3.28,3.3,3.35,3.255,-1.20%
2012/7/26,3.32,3.29,3.35,3.255,0.91%
2012/7/25,3.29,3.285,3.4,3.255,0.92%
2012/7/24,3.26,3.28,3.4,3.255,-0.61%
2012/7/23,3.28,3.29,3.41,3.26,0.00%
2012/7/20,3.28,3.3,3.41,3.25,0.92%
2012/7/19,3.25,3.3,3.41,3.25,-1.52%
2012/7/18,3.3,3.28,3.41,3.25,0.92%
2012/7/17,3.27,3.28,3.41,3.25,-0.61%
2012/7/16,3.29,3.26,3.41,3.238,0.30%
2012/7/13,3.28,3.26,3.41,3.229,0.61%
2012/7/12,3.26,3.25,3.41,3.219,0.00%
2012/7/11,3.26,3.25,3.41,3.234,-0.15%
2012/7/10,3.265,3.27,3.38,3.25,-2.54%
2012/7/9,3.35,3.32,3.41,3.27,0.60%
2012/7/6,3.33,3.32,3.45,3.27,0.30%
2012/7/5,3.32,3.34,3.45,3.299,-0.30%
2012/7/4,3.33,3.32,3.45,3.3,0.00%
2012/7/3,3.33,3.34,3.45,3.315,-0.60%
2012/7/2,3.35,3.33,3.45,3.305,-0.59%
2012/6/29,3.37,3.35,3.45,3.305,1.20%
2012/6/28,3.33,3.35,3.45,3.305,0.00%
2012/6/27,3.33,3.38,3.45,3.33,-2.06%
2012/6/26,3.4,3.4,3.45,3.348,0.59%
2012/6/25,3.38,3.41,3.5,3.35,-3.43%
2012/6/21,3.5,3.43,3.5,3.32,2.04%
2012/6/20,3.43,3.45,3.5,3.32,0.29%
2012/6/19,3.42,3.41,3.5,3.32,3.01%
2012/6/18,3.32,3.41,3.5,3.32,-2.35%
2012/6/15,3.4,3.43,3.5,3.3,0.00%
2012/6/14,3.4,3.4,3.5,3.3,0.00%
2012/6/13,3.4,3.4,3.5,3.3,1.49%
2012/6/12,3.35,3.37,3.5,3.3,-0.89%
2012/6/11,3.38,3.36,3.5,3.29,1.81%
2012/6/8,3.32,3.32,3.5,3.29,-2.35%
2012/6/7,3.4,3.37,3.5,3.34,0.00%
2012/6/6,3.4,3.36,3.5,3.336,-2.86%
2012/6/5,3.5,3.36,3.5,3.327,5.11%
2012/6/4,3.33,3.321,3.5,3.321,-0.42%
2012/6/1,3.344,3.38,3.44,3.325,-4.46%
2012/5/31,3.5,3.39,3.5,3.325,2.94%
2012/5/30,3.4,3.39,3.5,3.33,-0.29%
2012/5/29,3.41,3.3,3.535,3.3,0.00%
2012/5/28,3.41,3.3,3.535,3.3,-0.87%
2012/5/25,3.44,3.38,3.535,3.3,0.00%
2012/5/24,3.44,3.39,3.535,3.34,0.00%
2012/5/23,3.44,3.41,3.5,3.34,1.18%
2012/5/22,3.4,3.42,3.535,3.34,-2.02%
2012/5/21,3.47,3.43,3.56,3.34,1.17%
2012/5/18,3.43,3.41,3.56,3.37,0.88%
2012/5/17,3.4,3.36,3.535,3.36,-3.82%
2012/5/16,3.535,3.4,3.56,3.36,0.14%
2012/5/15,3.53,3.44,3.6,3.39,0.00%
2012/5/14,3.53,3.46,3.6,3.41,0.28%
2012/5/11,3.52,3.53,3.6,3.48,-1.68%
2012/5/10,3.58,3.55,3.6,3.52,1.70%
2012/5/9,3.52,3.56,3.6,3.52,-0.85%
2012/5/8,3.55,3.56,3.6,3.52,-0.28%
2012/5/7,3.56,3.57,3.6,3.5,0.85%
2012/5/4,3.53,3.55,3.6,3.5,-1.40%
2012/5/3,3.58,3.54,3.6,3.5,0.00%
2012/5/2,3.58,3.54,3.6,3.5,0.85%
2012/4/28,3.55,3.55,3.55,3.55,0.00%
2012/4/27,3.55,3.53,3.6,3.5,-0.84%
2012/4/26,3.58,3.54,3.6,3.5,1.42%
2012/4/25,3.53,3.53,3.6,3.5,0.28%
2012/4/24,3.52,3.54,3.6,3.5,-0.56%
2012/4/23,3.54,3.54,3.6,3.5,0.57%
2012/4/20,3.52,3.54,3.6,3.5,-0.56%
2012/4/19,3.54,3.54,3.6,3.5,0.00%
2012/4/18,3.54,3.53,3.6,3.5,-0.28%
2012/4/17,3.55,3.53,3.6,3.5,0.00%
2012/4/16,3.55,3.53,3.6,3.5,0.00%
2012/4/13,3.55,3.54,3.6,3.52,0.00%
2012/4/12,3.55,3.53,3.6,3.52,0.00%
2012/4/11,3.55,3.54,3.6,3.52,0.00%
2012/4/10,3.55,3.53,3.6,3.52,0.00%
2012/4/9,3.55,3.52,3.6,3.52,0.00%
2012/4/6,3.55,3.52,3.6,3.5,-1.39%
2012/4/5,3.6,3.52,3.6,3.5,1.41%
2012/4/1,3.55,3.55,3.55,3.55,0.00%
2012/3/31,3.55,3.55,3.55,3.55,0.00%
2012/3/30,3.55,3.51,3.6,3.5,0.57%
2012/3/29,3.53,3.52,3.6,3.5,-0.56%
2012/3/28,3.55,3.54,3.6,3.52,0.00%
2012/3/27,3.55,3.52,3.6,3.52,0.28%
2012/3/26,3.54,3.54,3.6,3.52,-0.28%
2012/3/23,3.55,3.55,3.6,3.52,-0.28%
2012/3/22,3.56,3.56,3.6,3.52,0.28%
2012/3/21,3.55,3.56,3.603,3.52,-0.28%
2012/3/20,3.56,3.56,3.6,3.52,0.00%
2012/3/19,3.56,3.58,3.6,3.52,1.14%
2012/3/16,3.52,3.57,3.603,3.52,-0.56%
2012/3/15,3.54,3.55,3.6,3.53,0.00%
2012/3/14,3.54,3.56,3.6,3.52,-0.28%
2012/3/13,3.55,3.54,3.6,3.52,0.85%
2012/3/12,3.52,3.54,3.6,3.52,-0.34%
2012/3/9,3.532,3.56,3.6,3.41,0.91%
2012/3/8,3.5,3.56,3.6,3.41,-1.96%
2012/3/7,3.57,3.55,3.6,3.4,0.56%
2012/3/6,3.55,3.56,3.6,3.4,0.00%
2012/3/5,3.55,3.56,3.6,3.4,0.00%
2012/3/2,3.55,3.565,3.6,3.4,-1.39%
2012/3/1,3.6,3.53,3.6,3.41,1.41%
2012/2/29,3.55,3.55,3.6,3.4,0.00%
2012/2/28,3.55,3.56,3.6,3.4,0.28%
2012/2/27,3.54,3.54,3.6,3.4,1.14%
2012/2/24,3.5,3.52,3.6,3.4,-1.13%
2012/2/23,3.54,3.52,3.6,3.4,0.00%
2012/2/22,3.54,3.52,3.6,3.4,0.28%
2012/2/21,3.53,3.51,3.6,3.4,-0.28%
2012/2/20,3.54,3.5,3.6,3.4,0.63%
2012/2/17,3.518,3.54,3.6,3.4,-0.34%
2012/2/16,3.53,3.53,3.6,3.4,-1.94%
2012/2/15,3.6,3.52,3.6,3.4,1.41%
2012/2/14,3.55,3.51,3.6,3.4,0.57%
2012/2/13,3.53,3.54,3.65,3.4,0.86%
2012/2/10,3.5,3.57,3.65,3.4,2.64%
2012/2/9,3.41,3.54,3.7,3.4,0.29%
2012/2/8,3.4,3.5,3.58,3.38,0.00%
2012/2/7,3.4,3.48,3.52,3.38,0.00%
2012/2/6,3.4,3.46,3.53,3.38,-1.45%
2012/2/3,3.45,3.44,3.51,3.38,1.47%
2012/2/2,3.4,3.43,3.51,3.38,0.00%
2012/2/1,3.4,3.41,3.51,3.38,0.00%
2012/1/31,3.4,3.4,3.51,3.38,0.00%
2012/1/30,3.4,3.4,3.524,3.38,-2.86%
2012/1/29,3.5,3.5,3.5,3.5,2.94%
2012/1/21,3.4,3.4,3.4,3.4,-2.86%
2012/1/20,3.5,3.375,3.51,3.375,2.64%
2012/1/19,3.41,3.4,3.51,3.38,0.29%
2012/1/18,3.4,3.4,3.51,3.4,-0.29%
2012/1/17,3.41,3.42,3.51,3.4,-2.57%
2012/1/16,3.5,3.41,3.514,3.4,2.94%
2012/1/13,3.4,3.4,3.51,3.39,-0.58%
2012/1/12,3.42,3.42,3.53,3.39,-0.87%
2012/1/11,3.45,3.4,3.53,3.385,1.47%
2012/1/10,3.4,3.38,3.55,3.38,-0.58%
2012/1/9,3.42,3.43,3.55,3.385,-2.68%
2012/1/6,3.514,3.43,3.55,3.4,1.86%
2012/1/5,3.45,3.45,3.55,3.43,-1.43%
2012/1/4,3.5,3.42,3.55,3.42,-1.41%
2011/12/31,3.55,3.55,3.55,3.55,0.85%
2011/12/30,3.52,3.45,3.55,3.44,0.17%
2011/12/29,3.514,3.46,3.55,3.46,0.11%
2011/12/28,3.51,3.46,3.55,3.46,0.29%
2011/12/27,3.5,3.47,3.55,3.47,-0.57%
2011/12/26,3.52,3.48,3.55,3.47,0.00%
2011/12/23,3.52,3.5,3.55,3.47,0.00%
2011/12/22,3.52,3.47,3.55,3.47,0.17%
2011/12/21,3.514,3.46,3.55,3.46,0.11%
2011/12/20,3.51,3.47,3.55,3.47,0.00%
2011/12/19,3.51,3.46,3.55,3.45,0.29%
2011/12/16,3.5,3.49,3.55,3.45,-0.57%
2011/12/15,3.52,3.5,3.55,3.45,-0.85%
2011/12/14,3.55,3.5,3.55,3.45,0.00%
2011/12/13,3.55,3.52,3.556,3.45,1.02%
2011/12/12,3.514,3.52,3.55,3.45,-1.01%
2011/12/9,3.55,3.5,3.7,3.45,1.43%
2011/12/8,3.5,3.49,3.65,3.45,-1.41%
2011/12/7,3.55,3.47,3.588,3.41,1.43%
2011/12/6,3.5,3.5,3.68,3.41,-1.41%
2011/12/5,3.55,3.5,3.7,3.41,1.14%
2011/12/2,3.51,3.55,3.68,3.41,0.00%
2011/12/1,3.51,3.55,3.76,3.43,-3.04%
2011/11/30,3.62,3.65,3.76,3.56,0.00%
2011/11/29,3.62,3.64,3.73,3.56,0.00%
2011/11/28,3.62,3.61,3.76,3.56,1.69%
2011/11/25,3.56,3.61,3.76,3.56,-1.66%
2011/11/24,3.62,3.59,3.76,3.58,-1.63%
2011/11/23,3.68,3.64,3.76,3.56,0.82%
2011/11/22,3.65,3.66,3.76,3.55,0.83%
2011/11/21,3.62,3.64,3.78,3.55,0.56%
2011/11/18,3.6,3.64,3.78,3.55,-1.37%
2011/11/17,3.65,3.62,3.8,3.55,-1.35%
2011/11/16,3.7,3.7,3.8,3.55,2.78%
2011/11/15,3.6,3.58,3.8,3.55,0.00%
2011/11/14,3.6,3.63,3.8,3.55,-0.55%
2011/11/11,3.62,3.6,3.8,3.55,-2.16%
2011/11/10,3.7,3.64,3.8,3.55,-1.07%
2011/11/9,3.74,3.7,3.85,3.57,0.27%
2011/11/8,3.73,3.73,3.85,3.695,-0.27%
2011/11/7,3.74,3.72,3.85,3.695,-0.27%
2011/11/4,3.75,3.72,3.85,3.71,-1.32%
2011/11/3,3.8,3.72,3.87,3.72,1.60%
2011/11/2,3.74,3.77,3.85,3.7,0.00%
2011/11/1,3.74,3.76,3.87,3.73,-1.84%
2011/10/31,3.81,3.79,3.92,3.71,0.26%
2011/10/28,3.8,3.8,3.9,3.71,0.00%
2011/10/27,3.8,3.79,3.92,3.71,-0.52%
2011/10/26,3.82,3.8,3.92,3.71,-0.78%
2011/10/25,3.85,3.75,3.9,3.71,1.32%
2011/10/24,3.8,3.74,4.1,3.71,1.33%
2011/10/21,3.75,3.73,3.92,3.71,-2.39%
2011/10/20,3.842,3.73,3.95,3.71,2.45%
2011/10/19,3.75,3.74,3.9,3.73,-1.06%
2011/10/18,3.79,3.79,4.1,3.73,0.26%
2011/10/17,3.78,3.8,4.1,3.73,-1.82%
2011/10/14,3.85,3.82,4.1,3.73,0.00%
2011/10/13,3.85,3.8,4.1,3.73,1.05%
2011/10/12,3.81,3.76,4.02,3.73,1.60%
2011/10/11,3.75,3.77,4.1,3.73,-1.32%
2011/10/10,3.8,3.81,4.08,3.76,-3.31%
2011/10/9,3.93,3.93,3.93,3.93,0.00%
2011/10/8,3.93,3.93,3.93,3.93,1.55%
2011/9/30,3.87,3.88,4.1,3.86,-1.78%
2011/9/29,3.94,3.92,4.1,3.885,0.00%
2011/9/28,3.94,3.92,4.1,3.9,1.03%
2011/9/27,3.9,3.92,4.11,3.89,-4.88%
2011/9/26,4.1,3.97,4.15,3.885,-0.24%
2011/9/23,4.11,4.08,4.11,3.92,0.00%
2011/9/22,4.11,4.11,4.17,3.95,0.24%
2011/9/21,4.1,4.08,4.17,3.95,-0.24%
2011/9/20,4.11,4.08,4.17,3.95,0.74%
2011/9/19,4.08,4.1,4.17,3.95,0.74%
2011/9/16,4.05,4.05,4.17,3.95,-0.25%
2011/9/15,4.06,4.07,4.17,3.9,0.25%
2011/9/14,4.05,4.02,4.17,3.95,-0.25%
2011/9/13,4.06,4.04,4.17,3.922,-0.49%
2011/9/9,4.08,4.07,4.2,3.95,-0.49%
2011/9/8,4.1,4.05,4.17,3.95,1.74%
2011/9/7,4.03,4.03,4.2,3.965,-1.95%
2011/9/6,4.11,4.09,4.2,3.99,-0.48%
2011/9/5,4.13,4.07,4.17,3.95,3.25%
2011/9/2,4,4.12,4.17,3.95,-3.15%
2011/9/1,4.13,4.1,4.15,4,3.25%
2011/8/31,4,4.14,4.16,4,-3.61%
2011/8/30,4.15,4.13,4.2,4,3.75%
2011/8/29,4,4.13,4.2,3.99,1.01%
2011/8/26,3.96,3.98,4.1,3.88,0.76%
2011/8/25,3.93,3.98,4.1,3.87,-4.15%
2011/8/24,4.1,3.98,4.1,3.87,3.54%
2011/8/23,3.96,3.96,4.1,3.87,0.00%
2011/8/22,3.96,3.96,4.1,3.87,0.25%
2011/8/19,3.95,3.96,4.07,3.88,1.28%
2011/8/18,3.9,3.96,4.1,3.88,-0.76%
2011/8/17,3.93,3.95,4.1,3.88,0.77%
2011/8/16,3.9,3.92,4.1,3.88,-4.18%
2011/8/15,4.07,3.95,4.1,3.88,4.36%
2011/8/12,3.9,3.93,4.1,3.88,0.52%
2011/8/11,3.88,3.98,4.116,3.88,-2.76%
2011/8/10,3.99,3.96,4.116,3.92,-1.48%
2011/8/9,4.05,4,4.15,3.9,0.00%
2011/8/8,4.05,4.04,4.15,3.9,0.00%
2011/8/5,4.05,4.12,4.15,3.9,0.00%
2011/8/4,4.05,4.12,4.2,3.88,-0.49%
2011/8/3,4.07,4.09,4.2,3.88,-1.21%
2011/8/2,4.12,4.08,4.151,3.92,1.48%
2011/8/1,4.06,4.07,4.15,3.92,-1.46%
2011/7/29,4.12,4.09,4.15,3.9,1.73%
2011/7/28,4.05,4.08,4.15,3.88,2.79%
2011/7/27,3.94,4.09,4.15,3.88,-3.55%
2011/7/26,4.085,4.09,4.15,3.88,4.21%
2011/7/25,3.92,4.08,4.15,3.9,-5.20%
2011/7/22,4.135,4.13,4.2,3.88,5.48%
2011/7/21,3.92,4.1,4.18,3.9,-0.76%
2011/7/20,3.95,4.06,4.2,3.88,1.54%
2011/7/19,3.89,4,4.1,3.89,-0.26%
2011/7/18,3.9,3.95,4.1,3.88,-1.27%
2011/7/15,3.95,3.94,4.1,3.813,0.51%
2011/7/14,3.93,3.91,3.98,3.788,0.00%
2011/7/13,3.93,3.91,3.987,3.868,0.77%
2011/7/12,3.9,3.9,3.986,3.777,-0.76%
2011/7/11,3.93,3.91,3.98,3.764,1.55%
2011/7/8,3.87,3.94,4,3.87,-2.76%
2011/7/7,3.98,3.95,4.1,3.87,1.79%
2011/7/6,3.91,3.91,4,3.87,-0.26%
2011/7/5,3.92,3.905,4,3.84,0.51%
2011/7/4,3.9,3.89,4,3.84,0.00%
2011/7/1,3.9,3.9,4,3.84,0.52%
2011/6/30,3.88,3.894,4.114,3.84,-0.51%
2011/6/29,3.9,3.89,4,3.84,-0.51%
2011/6/28,3.92,3.9,4,3.84,-1.16%
2011/6/27,3.966,3.91,4,3.86,0.41%
2011/6/24,3.95,3.96,4.1,3.84,0.46%
2011/6/23,3.932,3.97,4.05,3.828,1.37%
2011/6/22,3.879,3.92,4.044,3.828,-0.03%
2011/6/21,3.88,3.96,4.044,3.828,0.00%
2011/6/20,3.88,3.98,4.05,3.828,0.00%
2011/6/17,3.88,4,4.05,3.829,0.00%
2011/6/16,3.88,4,4.05,3.84,-1.77%
2011/6/15,3.95,3.98,4.1,3.81,0.00%
2011/6/14,3.95,3.9,4.044,3.81,1.28%
2011/6/13,3.9,3.88,4.044,3.81,0.52%
2011/6/10,3.88,3.88,4.044,3.8,-0.77%
2011/6/9,3.91,3.864,4.044,3.81,1.82%
2011/6/8,3.84,3.85,4.044,3.81,-1.79%
2011/6/7,3.91,3.845,4.044,3.81,0.00%
2011/6/3,3.91,3.85,4.044,3.81,0.00%
2011/6/2,3.91,3.85,4.044,3.81,-0.79%
2011/6/1,3.941,3.84,4.044,3.81,2.63%
2011/5/31,3.84,3.876,4.044,3.81,-2.56%
2011/5/30,3.941,3.82,4.044,3.81,2.10%
2011/5/27,3.86,3.84,4.044,3.81,-1.28%
2011/5/26,3.91,3.84,4.044,3.84,0.00%
2011/5/25,3.91,3.85,4.044,3.81,1.82%
2011/5/24,3.84,3.85,4.044,3.81,-0.26%
2011/5/23,3.85,3.845,4.044,3.81,-4.80%
2011/5/20,4.044,3.85,4.044,3.81,3.43%
2011/5/19,3.91,3.85,4.044,3.81,1.82%
2011/5/18,3.84,3.85,4.044,3.83,-1.79%
2011/5/17,3.91,3.85,4.044,3.826,2.09%
2011/5/16,3.83,3.83,4.044,3.827,0.08%
2011/5/13,3.827,3.82,4.044,3.82,-0.85%
2011/5/12,3.86,3.84,4.044,3.817,-0.52%
2011/5/11,3.88,3.83,4.044,3.83,0.78%
2011/5/10,3.85,3.85,4.044,3.84,-4.80%
2011/5/9,4.044,3.83,4.044,3.815,3.43%
2011/5/6,3.91,3.87,3.99,3.815,-1.01%
2011/5/5,3.95,3.87,4.044,3.84,2.33%
2011/5/4,3.86,3.87,4.044,3.85,-1.53%
2011/5/3,3.92,3.88,4.044,3.85,1.03%
2011/4/29,3.88,3.87,4.044,3.85,0.52%
2011/4/28,3.86,3.88,4.044,3.85,0.00%
2011/4/27,3.86,3.89,3.95,3.85,-4.55%
2011/4/26,4.044,3.89,4.044,3.85,4.77%
2011/4/25,3.86,3.89,4.044,3.85,-1.03%
2011/4/22,3.9,3.89,3.96,3.85,-1.27%
2011/4/21,3.95,3.89,4.067,3.85,0.25%
2011/4/20,3.94,3.89,4.044,3.849,0.00%
2011/4/19,3.94,3.89,4.05,3.849,-0.51%
2011/4/18,3.96,3.87,4.05,3.848,2.86%
2011/4/15,3.85,3.88,4.05,3.849,-2.28%
2011/4/14,3.94,3.89,4.05,3.846,2.07%
2011/4/13,3.86,3.88,4.05,3.86,-1.03%
2011/4/12,3.9,3.91,4.05,3.86,-0.51%
2011/4/11,3.92,3.92,4.05,3.86,-1.01%
2011/4/8,3.96,3.92,4.068,3.863,-2.65%
2011/4/7,4.068,3.94,4.068,3.77,0.59%
2011/4/6,4.044,3.98,4.05,3.77,2.38%
2011/4/2,3.95,3.95,3.95,3.95,4.77%
2011/4/1,3.77,3.92,4.05,3.77,-3.33%
2011/3/31,3.9,3.92,4.05,3.77,-3.56%
2011/3/30,4.044,3.91,4.05,3.77,3.88%
2011/3/29,3.893,3.9,4.05,3.77,-0.18%
2011/3/28,3.9,3.89,4.05,3.77,-1.02%
2011/3/25,3.94,3.9,4.05,3.77,0.51%
2011/3/24,3.92,3.92,4.068,3.86,-2.00%
2011/3/23,4,3.89,4.1,3.84,3.63%
2011/3/22,3.86,3.87,4.1,3.84,-1.53%
2011/3/21,3.92,3.88,4.05,3.84,1.03%
2011/3/18,3.88,3.9,4.1,3.822,-2.51%
2011/3/17,3.98,3.9,4.1,3.77,1.53%
2011/3/16,3.92,3.89,4.1,3.86,-0.25%
2011/3/15,3.93,3.91,4.1,3.85,0.77%
2011/3/14,3.9,3.95,4.1,3.89,-1.02%
2011/3/11,3.94,3.96,4.1,3.89,0.77%
2011/3/10,3.91,3.91,4.1,3.89,-1.01%
2011/3/9,3.95,3.95,4.1,3.86,-0.25%
2011/3/8,3.96,3.95,4.1,3.905,0.25%
2011/3/7,3.95,3.96,4.1,3.93,-1.25%
2011/3/4,4,3.95,4.1,3.92,1.52%
2011/3/3,3.94,3.95,4.1,3.82,-0.25%
2011/3/2,3.95,3.95,4.1,3.9,-0.50%
2011/3/1,3.97,3.95,4.1,3.91,0.76%
2011/2/28,3.94,3.96,4.12,3.91,0.25%
2011/2/25,3.93,3.92,4.12,3.9,0.51%
2011/2/24,3.91,3.98,4.1,3.89,-2.25%
2011/2/23,4,4.01,4.177,3.89,-1.23%
2011/2/22,4.05,4.07,4.15,3.89,1.76%
2011/2/21,3.98,4.06,4.15,3.98,-4.10%
2011/2/18,4.15,4.04,4.15,3.85,2.47%
2011/2/17,4.05,4.04,4.15,3.85,-2.41%
2011/2/16,4.15,4.04,4.15,3.89,0.00%
2011/2/15,4.15,4.06,4.15,3.89,6.41%
2011/2/14,3.9,4.05,4.2,3.9,-4.88%
2011/2/12,4.1,4.1,4.1,4.1,-0.24%
2011/2/11,4.11,4.14,4.2,3.95,1.48%
2011/2/10,4.05,4.18,4.2,3.9,-2.41%
2011/2/9,4.15,4.1,4.2,3.85,3.29%
2011/2/1,4.018,4.03,4.1,3.86,3.29%
2011/1/31,3.89,4.03,4.1,3.85,-2.99%
2011/1/30,4.01,4.01,4.01,4.01,-0.25%
2011/1/28,4.02,4.02,4.1,3.86,3.34%
2011/1/27,3.89,4.02,4.1,3.8,-2.75%
2011/1/26,4,4.03,4.1,3.84,-0.25%
2011/1/25,4.01,4.02,4.1,3.84,0.25%
2011/1/24,4,4,4.1,3.85,0.00%
2011/1/21,4,4,4.05,3.8,2.83%
2011/1/20,3.89,3.99,4.1,3.8,-2.51%
2011/1/19,3.99,4,4.05,3.8,0.00%
2011/1/18,3.99,3.97,4.05,3.8,0.50%
2011/1/17,3.97,3.93,4.01,3.8,1.79%
2011/1/14,3.9,3.9,3.99,3.769,0.00%
2011/1/13,3.9,3.87,3.95,3.8,1.04%
2011/1/12,3.86,3.87,3.959,3.8,-0.77%
2011/1/11,3.89,3.85,3.95,3.8,-0.26%
2011/1/10,3.9,3.82,3.95,3.8,0.52%
2011/1/7,3.88,3.95,3.95,3.78,-0.51%
2011/1/6,3.9,3.82,3.95,3.78,-0.51%
2011/1/5,3.92,3.84,3.95,3.78,1.55%
2011/1/4,3.86,3.89,4,3.78,-1.03%
2010/12/31,3.9,3.95,4,3.78,-2.50%
2010/12/30,4,4,4,3.78,0.00%
2010/12/29,4,3.94,4,3.78,1.52%
2010/12/28,3.94,3.92,4,3.78,3.68%
2010/12/27,3.8,3.95,4.1,3.78,-0.26%
2010/12/24,3.81,3.83,3.9,3.78,0.79%
2010/12/23,3.78,3.78,3.78,3.78,-0.53%
2010/12/22,3.8,3.85,3.9,3.78,-0.52%
2010/12/21,3.82,3.8,3.9,3.765,0.00%
2010/12/20,3.82,3.85,4,3.77,0.00%
2010/12/17,3.82,3.8,3.95,3.8,-2.05%
2010/12/16,3.9,3.83,4,3.803,1.30%
2010/12/15,3.85,3.83,4,3.803,-0.77%
2010/12/14,3.88,3.89,4,3.802,-1.77%
2010/12/13,3.95,3.87,4,3.802,2.60%
2010/12/10,3.85,3.86,4,3.801,-0.26%
2010/12/9,3.86,3.84,4,3.8,0.78%
2010/12/8,3.83,4,4,3.799,0.00%
2010/12/7,3.83,3.91,4,3.79,-1.54%
2010/12/6,3.89,3.88,4,3.798,-0.26%
2010/12/3,3.9,3.92,4.03,3.797,1.30%
2010/12/2,3.85,3.888,4.1,3.84,-3.75%
2010/12/1,4,3.97,4.1,3.795,2.56%
2010/11/30,3.9,4.01,4.1,3.795,-1.27%
2010/11/29,3.95,4.03,4.1,3.83,0.00%
2010/11/26,3.95,4,4.08,3.83,-0.75%
2010/11/25,3.98,4,4.01,3.83,0.51%
2010/11/24,3.96,3.92,4,3.83,0.00%
2010/11/23,3.96,3.96,4,3.791,3.39%
2010/11/22,3.83,3.95,4,3.79,-1.79%
2010/11/19,3.9,3.85,4,3.75,1.56%
2010/11/18,3.84,4,4,3.75,-1.03%
2010/11/17,3.88,3.92,4,3.7,1.04%
2010/11/16,3.84,3.96,4,3.67,-1.54%
2010/11/15,3.9,3.7,4,3.7,1.56%
2010/11/12,3.84,3.82,4.05,3.78,-3.90%
2010/11/11,3.996,3.83,4.03,3.7,5.71%
2010/11/10,3.78,3.8,3.95,3.78,-1.31%
2010/11/9,3.83,3.78,3.88,3.68,4.36%
2010/11/8,3.67,3.85,3.9,3.47,7.62%
2010/11/5,3.41,3.82,3.9,3.4,-7.08%
2010/11/4,3.67,3.84,3.87,3.4,-0.81%
2010/11/3,3.7,3.77,3.85,3.4,8.19%
2010/11/2,3.42,3.72,3.77,3.23,-7.57%
2010/11/1,3.7,3.7,3.72,3.38,0.82%
2010/10/29,3.67,3.7,3.72,3.38,-0.81%
2010/10/28,3.7,3.7,3.72,3.38,3.67%
2010/10/27,3.569,3.72,3.73,3.29,-3.02%
2010/10/26,3.68,3.455,3.72,3.38,7.92%
2010/10/25,3.41,3.68,3.7,3.38,0.29%
2010/10/22,3.4,3.68,3.7,3.38,-1.45%
2010/10/21,3.45,3.7,3.7,3.27,1.17%
2010/10/20,3.41,3.7,3.7,3.23,0.29%
2010/10/19,3.4,3.4,3.45,3.23,-0.29%
2010/10/18,3.41,3.27,3.45,3.27,-0.87%
2010/10/15,3.44,3.41,3.45,3.27,1.47%
2010/10/14,3.39,3.41,3.45,3.23,0.00%
2010/10/13,3.39,3.42,3.45,3.23,-0.59%
2010/10/12,3.41,3.45,3.45,3.23,-1.16%
2010/10/11,3.45,3.34,3.45,3.23,3.29%
2010/10/9,3.34,3.34,3.34,3.34,-0.15%
2010/10/8,3.345,3.34,3.4,3.22,2.83%
2010/9/30,3.253,3.33,3.4,3.22,0.71%
2010/9/29,3.23,3.34,3.4,3.22,0.31%
2010/9/28,3.22,3.32,3.4,3.22,-4.45%
2010/9/27,3.37,3.335,3.4,3.22,4.66%
2010/9/26,3.22,3.22,3.22,3.22,-2.57%
2010/9/25,3.305,3.305,3.305,3.305,-1.93%
2010/9/21,3.37,3.335,3.4,3.22,3.06%
2010/9/20,3.27,3.24,3.4,3.22,3.15%
2010/9/19,3.17,3.17,3.17,3.17,-1.71%
2010/9/17,3.225,3.35,3.4,3.22,-3.73%
2010/9/16,3.35,3.34,3.4,3.22,4.04%
2010/9/15,3.22,3.33,3.4,3.22,-2.42%
2010/9/14,3.3,3.32,3.4,3.22,-1.49%
2010/9/13,3.35,3.3,3.4,3.22,2.26%
2010/9/10,3.276,3.25,3.3,3.22,1.74%
2010/9/9,3.22,3.25,3.3,3.22,0.00%
2010/9/8,3.22,3.265,3.3,3.22,0.00%
2010/9/7,3.22,3.25,3.3,3.2,-1.71%
2010/9/6,3.276,3.276,3.276,3.276,1.58%
2010/9/3,3.225,3.225,3.225,3.225,-1.68%
2010/9/2,3.28,3.28,3.28,3.28,1.55%
2010/9/1,3.23,3.23,3.23,3.23,0.28%
2010/8/31,3.221,3.221,3.221,3.221,-1.68%
2010/8/30,3.276,3.276,3.276,3.276,1.42%
2010/8/27,3.23,3.23,3.23,3.23,0.31%
2010/8/26,3.22,3.22,3.22,3.22,-0.92%
2010/8/25,3.25,3.25,3.25,3.25,0.62%
2010/8/24,3.23,3.23,3.23,3.23,0.00%
2010/8/23,3.23,3.23,3.23,3.23,0.00%
2010/8/20,3.23,3.23,3.23,3.23,0.00%
2010/8/19,3.23,3.23,3.23,3.23,0.00%
2010/8/18,3.23,3.23,3.23,3.23,-0.62%
2010/8/17,3.25,3.25,3.25,3.25,0.00%
2010/8/16,3.25,3.25,3.25,3.25,-0.91%
2010/8/13,3.28,3.28,3.28,3.28,1.86%
2010/8/12,3.22,3.22,3.22,3.22,-3.01%
2010/8/11,3.32,3.32,3.32,3.32,1.22%
2010/8/10,3.28,3.28,3.28,3.28,-0.61%
2010/8/9,3.3,3.3,3.3,3.3,0.00%
2010/8/6,3.3,3.3,3.3,3.3,-1.79%
2010/8/5,3.36,3.36,3.36,3.36,1.82%
2010/8/4,3.3,3.3,3.3,3.3,-0.60%
2010/8/3,3.32,3.32,3.32,3.32,0.00%
2010/8/2,3.32,3.32,3.32,3.32,0.30%
2010/7/30,3.31,3.31,3.31,3.31,0.91%
2010/7/29,3.28,3.28,3.28,3.28,-3.53%
2010/7/28,3.4,3.4,3.4,3.4,5.26%
2010/7/27,3.23,3.23,3.23,3.23,-2.71%
2010/7/26,3.32,3.32,3.32,3.32,2.79%
2010/7/23,3.23,3.23,3.23,3.23,0.00%
2010/7/22,3.23,3.23,3.23,3.23,0.31%
2010/7/21,3.22,3.22,3.22,3.22,0.31%
2010/7/20,3.21,3.21,3.21,3.21,-1.23%
2010/7/19,3.25,3.25,3.25,3.25,1.56%
2010/7/16,3.2,3.2,3.2,3.2,-0.62%
2010/7/15,3.22,3.22,3.22,3.22,-0.92%
2010/7/14,3.25,3.25,3.25,3.25,0.93%
2010/7/13,3.22,3.22,3.22,3.22,0.00%
2010/7/12,3.22,3.22,3.22,3.22,-0.92%
2010/7/9,3.25,3.25,3.25,3.25,0.00%
2010/7/8,3.25,3.25,3.25,3.25,0.93%
2010/7/7,3.22,3.22,3.22,3.22,-1.23%
2010/7/6,3.26,3.26,3.26,3.26,-0.31%
2010/7/5,3.27,3.27,3.27,3.27,0.62%
2010/7/2,3.25,3.25,3.25,3.25,-5.25%
2010/7/1,3.43,3.43,3.43,3.43,3.00%
2010/6/30,3.33,3.33,3.33,3.33,1.52%
2010/6/29,3.28,3.28,3.28,3.28,-4.37%
2010/6/28,3.43,3.43,3.43,3.43,0.00%
2010/6/25,3.43,3.43,3.43,3.43,0.59%
2010/6/24,3.41,3.41,3.41,3.41,0.29%
2010/6/23,3.4,3.4,3.4,3.4,0.00%
2010/6/22,3.4,3.4,3.4,3.4,-0.87%
2010/6/21,3.43,3.43,3.43,3.43,3.00%
2010/6/18,3.33,3.33,3.33,3.33,0.91%
2010/6/17,3.3,3.3,3.3,3.3,-0.90%
2010/6/13,3.33,3.33,3.33,3.33,-0.60%
2010/6/12,3.35,3.35,3.35,3.35,1.52%
2010/6/11,3.3,3.3,3.3,3.3,-0.90%
2010/6/10,3.33,3.33,3.33,3.33,2.62%
2010/6/9,3.245,3.245,3.245,3.245,-1.67%
2010/6/8,3.3,3.3,3.3,3.3,2.80%
2010/6/7,3.21,3.21,3.21,3.21,-3.02%
2010/6/4,3.31,3.31,3.31,3.31,0.91%
2010/6/3,3.28,3.28,3.28,3.28,-1.50%
2010/6/2,3.33,3.33,3.33,3.33,0.00%
2010/6/1,3.33,3.33,3.33,3.33,0.60%
2010/5/31,3.31,3.31,3.31,3.31,3.44%
2010/5/28,3.2,3.2,3.2,3.2,-2.74%
2010/5/27,3.29,3.29,3.29,3.29,2.81%
2010/5/26,3.2,3.2,3.2,3.2,-1.84%
2010/5/25,3.26,3.26,3.26,3.26,-0.91%
2010/5/24,3.29,3.29,3.29,3.29,2.81%
2010/5/21,3.2,3.2,3.2,3.2,-2.44%
2010/5/20,3.28,3.28,3.28,3.28,1.86%
2010/5/19,3.22,3.22,3.22,3.22,1.26%
2010/5/18,3.18,3.18,3.18,3.18,-2.45%
2010/5/17,3.26,3.26,3.26,3.26,-0.61%
2010/5/14,3.28,3.28,3.28,3.28,0.61%
2010/5/13,3.26,3.26,3.26,3.26,-3.83%
2010/5/12,3.39,3.39,3.39,3.39,2.11%
2010/5/11,3.32,3.32,3.32,3.32,-1.19%
2010/5/10,3.36,3.36,3.36,3.36,1.82%
2010/5/7,3.3,3.3,3.3,3.3,-5.17%
2010/5/6,3.48,3.48,3.48,3.48,3.26%
2010/5/5,3.37,3.37,3.37,3.37,0.00%
2010/5/4,3.37,3.37,3.37,3.37,0.90%
2010/4/30,3.34,3.34,3.34,3.34,-2.34%
2010/4/29,3.42,3.42,3.42,3.42,-0.87%
2010/4/28,3.45,3.45,3.45,3.45,2.07%
2010/4/27,3.38,3.38,3.38,3.38,-3.43%
2010/4/26,3.5,3.5,3.5,3.5,0.29%
2010/4/23,3.49,3.49,3.49,3.49,0.00%
2010/4/22,3.49,3.49,3.49,3.49,0.00%
2010/4/21,3.49,3.49,3.49,3.49,0.00%
2010/4/20,3.49,3.49,3.49,3.49,-1.97%
2010/4/19,3.56,3.56,3.56,3.56,2.30%
2010/4/16,3.48,3.48,3.48,3.48,-1.97%
2010/4/15,3.55,3.55,3.55,3.55,1.43%
2010/4/14,3.5,3.5,3.5,3.5,-3.05%
2010/4/13,3.61,3.61,3.61,3.61,2.27%
2010/4/12,3.53,3.53,3.53,3.53,1.44%
2010/4/9,3.48,3.48,3.48,3.48,-1.69%
2010/4/8,3.54,3.54,3.54,3.54,1.14%
2010/4/7,3.5,3.5,3.5,3.5,0.00%
2010/4/6,3.5,3.5,3.5,3.5,0.57%
2010/4/2,3.48,3.48,3.48,3.48,-2.25%
2010/4/1,3.56,3.56,3.56,3.56,-0.56%
2010/3/31,3.58,3.58,3.58,3.58,3.17%
2010/3/30,3.47,3.47,3.47,3.47,0.00%
2010/3/29,3.47,3.47,3.47,3.47,0.87%
2010/3/26,3.44,3.44,3.44,3.44,0.58%
2010/3/25,3.42,3.42,3.42,3.42,0.00%
2010/3/24,3.42,3.42,3.42,3.42,-0.87%
2010/3/23,3.45,3.45,3.45,3.45,2.07%
2010/3/22,3.38,3.38,3.38,3.38,-2.03%
2010/3/19,3.45,3.45,3.45,3.45,2.07%
2010/3/18,3.38,3.38,3.38,3.38,-0.59%
2010/3/17,3.4,3.4,3.4,3.4,-0.58%
2010/3/16,3.42,3.42,3.42,3.42,-0.87%
2010/3/15,3.45,3.45,3.45,3.45,-2.54%
2010/3/12,3.54,3.54,3.54,3.54,5.04%
2010/3/11,3.37,3.37,3.37,3.37,0.00%
2010/3/10,3.37,3.37,3.37,3.37,-0.30%
2010/3/9,3.38,3.38,3.38,3.38,-0.29%
2010/3/8,3.39,3.39,3.39,3.39,0.89%
2010/3/5,3.36,3.36,3.36,3.36,-4.27%
2010/3/4,3.51,3.51,3.51,3.51,4.78%
2010/3/3,3.35,3.35,3.35,3.35,-5.63%
2010/3/2,3.55,3.55,3.55,3.55,4.41%
2010/3/1,3.4,3.4,3.4,3.4,-4.23%
2010/2/26,3.55,3.55,3.55,3.55,2.90%
2010/2/25,3.45,3.45,3.45,3.45,-0.58%
2010/2/24,3.47,3.47,3.47,3.47,-2.25%
2010/2/23,3.55,3.55,3.55,3.55,1.72%
2010/2/22,3.49,3.49,3.49,3.49,-0.57%
2010/2/21,3.51,3.51,3.51,3.51,0.57%
2010/2/20,3.49,3.49,3.49,3.49,-2.51%
2010/2/12,3.58,3.58,3.58,3.58,0.85%
2010/2/11,3.55,3.55,3.55,3.55,3.50%
2010/2/10,3.43,3.43,3.43,3.43,-3.65%
2010/2/9,3.56,3.56,3.56,3.56,2.59%
2010/2/8,3.47,3.47,3.47,3.47,-2.25%
2010/2/5,3.55,3.55,3.55,3.55,1.43%
2010/2/4,3.5,3.5,3.5,3.5,-2.51%
2010/2/3,3.59,3.59,3.59,3.59,-0.28%
2010/2/2,3.6,3.6,3.6,3.6,-3.23%
2010/2/1,3.72,3.72,3.72,3.72,3.33%
2010/1/29,3.6,3.6,3.6,3.6,-1.10%
2010/1/28,3.64,3.64,3.64,3.64,1.11%
2010/1/27,3.6,3.6,3.6,3.6,-1.91%
2010/1/26,3.67,3.67,3.67,3.67,1.94%
2010/1/25,3.6,3.6,3.6,3.6,0.00%
2010/1/22,3.6,3.6,3.6,3.6,-3.74%
2010/1/21,3.74,3.74,3.74,3.74,3.89%
2010/1/20,3.6,3.6,3.6,3.6,-3.74%
2010/1/19,3.74,3.74,3.74,3.74,0.81%
2010/1/18,3.71,3.71,3.71,3.71,0.00%
2010/1/15,3.71,3.71,3.71,3.71,1.09%
2010/1/14,3.67,3.67,3.67,3.67,-2.13%
2010/1/13,3.75,3.75,3.75,3.75,4.17%
2010/1/12,3.6,3.6,3.6,3.6,-1.91%
2010/1/11,3.67,3.67,3.67,3.67,1.94%
2010/1/8,3.6,3.6,3.6,3.6,-1.37%
2010/1/7,3.65,3.65,3.65,3.65,1.39%
2010/1/6,3.6,3.6,3.6,3.6,0.00%
2010/1/5,3.6,3.6,3.6,3.6,-1.37%
2010/1/4,3.65,3.65,3.65,3.65,1.39%
2009/12/31,3.6,3.6,3.6,3.6,-1.10%
2009/12/30,3.64,3.64,3.64,3.64,0.28%
2009/12/29,3.63,3.63,3.63,3.63,0.83%
2009/12/28,3.6,3.6,3.6,3.6,0.00%
2009/12/25,3.6,3.6,3.6,3.6,0.00%
2009/12/24,3.6,3.6,3.6,3.6,-0.28%
2009/12/23,3.61,3.61,3.61,3.61,0.28%
2009/12/22,3.6,3.6,3.6,3.6,-0.69%
2009/12/21,3.625,3.625,3.625,3.625,-0.68%
2009/12/18,3.65,3.65,3.65,3.65,0.69%
2009/12/17,3.625,3.625,3.625,3.625,-0.14%
2009/12/16,3.63,3.63,3.63,3.63,0.55%
2009/12/15,3.61,3.61,3.61,3.61,-0.82%
2009/12/14,3.64,3.64,3.64,3.64,0.83%
2009/12/11,3.61,3.61,3.61,3.61,0.28%
2009/12/10,3.6,3.6,3.6,3.6,-1.10%
2009/12/9,3.64,3.64,3.64,3.64,1.11%
2009/12/8,3.6,3.6,3.6,3.6,-0.55%
2009/12/7,3.62,3.62,3.62,3.62,0.84%
2009/12/4,3.59,3.59,3.59,3.59,0.00%
2009/12/3,3.59,3.59,3.59,3.59,-1.37%
2009/12/2,3.64,3.64,3.64,3.64,0.00%
2009/12/1,3.64,3.64,3.64,3.64,2.25%
2009/11/30,3.56,3.56,3.56,3.56,-4.56%
2009/11/27,3.73,3.73,3.73,3.73,1.08%
2009/11/26,3.69,3.69,3.69,3.69,0.00%
2009/11/25,3.69,3.69,3.69,3.69,-1.07%
2009/11/24,3.73,3.73,3.73,3.73,0.65%
2009/11/23,3.706,3.706,3.706,3.706,0.16%
2009/11/20,3.7,3.7,3.7,3.7,0.00%
2009/11/19,3.7,3.7,3.7,3.7,-1.07%
2009/11/18,3.74,3.74,3.74,3.74,1.08%
2009/11/17,3.7,3.7,3.7,3.7,0.00%
2009/11/16,3.7,3.7,3.7,3.7,0.27%
2009/11/13,3.69,3.69,3.69,3.69,0.00%
2009/11/12,3.69,3.69,3.69,3.69,-0.27%
2009/11/11,3.7,3.7,3.7,3.7,0.00%
2009/11/10,3.7,3.7,3.7,3.7,0.00%
2009/11/9,3.7,3.7,3.7,3.7,0.00%
2009/11/6,3.7,3.7,3.7,3.7,-0.54%
2009/11/5,3.72,3.72,3.72,3.72,0.00%
2009/11/4,3.72,3.72,3.72,3.72,0.81%
2009/11/3,3.69,3.69,3.69,3.69,0.00%
2009/11/2,3.69,3.69,3.69,3.69,-0.27%
2009/10/30,3.7,3.7,3.7,3.7,-0.80%
2009/10/29,3.73,3.73,3.73,3.73,0.27%
2009/10/28,3.72,3.72,3.72,3.72,-0.27%
2009/10/27,3.73,3.73,3.73,3.73,0.81%
2009/10/26,3.7,3.7,3.7,3.7,-2.63%
2009/10/23,3.8,3.8,3.8,3.8,0.00%
2009/10/22,3.8,3.8,3.8,3.8,1.88%
2009/10/21,3.73,3.73,3.73,3.73,-0.80%
2009/10/20,3.76,3.76,3.76,3.76,-1.05%
2009/10/19,3.8,3.8,3.8,3.8,6.44%
2009/10/16,3.57,3.57,3.57,3.57,0.00%
2009/10/15,3.57,3.57,3.57,3.57,-3.51%
2009/10/14,3.7,3.7,3.7,3.7,1.09%
2009/10/13,3.66,3.66,3.66,3.66,2.81%
2009/10/12,3.56,3.56,3.56,3.56,-2.47%
2009/10/10,3.65,3.65,3.65,3.65,3.11%
2009/10/9,3.54,3.54,3.54,3.54,0.00%
2009/9/30,3.54,3.54,3.54,3.54,0.00%
2009/9/29,3.54,3.54,3.54,3.54,-2.75%
2009/9/28,3.64,3.64,3.64,3.64,5.81%
2009/9/27,3.44,3.44,3.44,3.44,-1.15%
2009/9/25,3.48,3.48,3.48,3.48,-0.57%
2009/9/24,3.5,3.5,3.5,3.5,1.74%
2009/9/23,3.44,3.44,3.44,3.44,0.00%
2009/9/22,3.44,3.44,3.44,3.44,0.00%
2009/9/21,3.44,3.44,3.44,3.44,0.00%
2009/9/18,3.44,3.44,3.44,3.44,0.00%
2009/9/17,3.44,3.44,3.44,3.44,0.00%
2009/9/16,3.44,3.44,3.44,3.44,0.29%
2009/9/15,3.43,3.43,3.43,3.43,0.00%
2009/9/14,3.43,3.43,3.43,3.43,0.00%
2009/9/11,3.43,3.43,3.43,3.43,-2.56%
2009/9/10,3.52,3.52,3.52,3.52,0.28%
2009/9/9,3.51,3.51,3.51,3.51,0.00%
2009/9/8,3.51,3.51,3.51,3.51,-1.13%
2009/9/7,3.55,3.55,3.55,3.55,0.00%
2009/9/4,3.55,3.55,3.55,3.55,0.00%
2009/9/3,3.55,3.55,3.55,3.55,0.00%
2009/9/2,3.55,3.55,3.55,3.55,2.01%
2009/9/1,3.48,3.48,3.48,3.48,-1.97%
2009/8/31,3.55,3.55,3.55,3.55,0.00%
2009/8/28,3.55,3.55,3.55,3.55,0.00%
2009/8/27,3.55,3.55,3.55,3.55,0.00%
2009/8/26,3.55,3.55,3.55,3.55,-0.84%
2009/8/25,3.58,3.58,3.58,3.58,0.85%
2009/8/24,3.55,3.55,3.55,3.55,0.00%
2009/8/21,3.55,3.55,3.55,3.55,0.00%
2009/8/20,3.55,3.55,3.55,3.55,0.00%
2009/8/19,3.55,3.55,3.55,3.55,0.00%
2009/8/18,3.55,3.55,3.55,3.55,0.00%
2009/8/17,3.55,3.55,3.55,3.55,0.00%
2009/8/14,3.55,3.55,3.55,3.55,0.00%
2009/8/13,3.55,3.55,3.55,3.55,-0.28%
2009/8/12,3.56,3.56,3.56,3.56,0.28%
2009/8/11,3.55,3.55,3.55,3.55,0.00%
2009/8/10,3.55,3.55,3.55,3.55,1.43%
2009/8/7,3.5,3.5,3.5,3.5,-3.85%
2009/8/6,3.64,3.64,3.64,3.64,2.54%
2009/8/5,3.55,3.55,3.55,3.55,0.00%
2009/8/4,3.55,3.55,3.55,3.55,-0.28%
2009/8/3,3.56,3.56,3.56,3.56,8.94%
2009/7/31,3.268,3.53,3.6,3.268,-7.94%
2009/7/30,3.55,3.55,3.55,3.55,2.01%
2009/7/29,3.48,3.48,3.48,3.48,-1.97%
2009/7/28,3.55,3.55,3.55,3.55,1.43%
2009/7/27,3.5,3.5,3.5,3.5,0.00%
2009/7/24,3.5,3.5,3.5,3.5,0.00%
2009/7/23,3.5,3.5,3.5,3.5,9.37%
2009/7/22,3.2,3.5,3.6,3.2,-8.57%
2009/7/21,3.5,3.5,3.5,3.5,6.71%
2009/7/20,3.28,3.52,3.6,3.2,-4.37%
2009/7/17,3.43,3.43,3.43,3.43,2.39%
2009/7/16,3.35,3.35,3.35,3.35,-1.47%
2009/7/15,3.4,3.4,3.4,3.4,0.59%
2009/7/14,3.38,3.38,3.38,3.38,2.74%
2009/7/13,3.29,3.29,3.29,3.29,0.00%
2009/7/10,3.29,3.29,3.29,3.29,-0.30%
2009/7/9,3.3,3.3,3.3,3.3,0.00%
2009/7/8,3.3,3.3,3.3,3.3,0.98%
2009/7/7,3.268,3.268,3.268,3.268,-2.45%
2009/7/6,3.35,3.35,3.35,3.35,2.13%
2009/7/3,3.28,3.28,3.28,3.28,-0.49%
2009/7/2,3.296,3.296,3.296,3.296,0.00%
2009/7/1,3.296,3.296,3.296,3.296,0.49%
2009/6/30,3.28,3.28,3.28,3.28,0.00%
2009/6/29,3.28,3.28,3.28,3.28,0.00%
2009/6/26,3.28,3.28,3.28,3.28,3.47%
2009/6/25,3.17,3.17,3.17,3.17,2.19%
2009/6/24,3.102,3.102,3.102,3.102,-0.67%
2009/6/23,3.123,3.123,3.123,3.123,-0.22%
2009/6/22,3.13,3.13,3.13,3.13,1.62%
2009/6/19,3.08,3.08,3.08,3.08,-1.60%
2009/6/18,3.13,3.13,3.13,3.13,0.97%
2009/6/17,3.1,3.1,3.1,3.1,0.00%
2009/6/16,3.1,3.1,3.1,3.1,0.00%
2009/6/15,3.1,3.1,3.1,3.1,0.65%
2009/6/12,3.08,3.08,3.08,3.08,-0.65%
2009/6/11,3.1,3.1,3.1,3.1,0.00%
2009/6/10,3.1,3.1,3.1,3.1,0.29%
2009/6/9,3.091,3.091,3.091,3.091,0.36%
2009/6/8,3.08,3.08,3.08,3.08,0.00%
2009/6/5,3.08,3.08,3.08,3.08,-0.65%
2009/6/4,3.1,3.1,3.1,3.1,0.00%
2009/6/3,3.1,3.1,3.1,3.1,0.98%
2009/6/2,3.07,3.07,3.07,3.07,-0.32%
2009/6/1,3.08,3.08,3.08,3.08,0.65%
2009/5/31,3.06,3.06,3.06,3.06,0.00%
2009/5/27,3.06,3.06,3.06,3.06,-0.97%
2009/5/26,3.09,3.09,3.09,3.09,1.98%
2009/5/25,3.03,3.03,3.03,3.03,0.33%
2009/5/22,3.02,3.02,3.02,3.02,-1.31%
2009/5/21,3.06,3.06,3.06,3.06,-2.33%
2009/5/20,3.133,3.133,3.133,3.133,2.39%
2009/5/19,3.06,3.06,3.06,3.06,0.00%
2009/5/18,3.06,3.06,3.06,3.06,0.00%
2009/5/15,3.06,3.06,3.06,3.06,-0.33%
2009/5/14,3.07,3.07,3.07,3.07,-3.97%
2009/5/13,3.197,3.197,3.197,3.197,-0.09%
2009/5/12,3.2,3.2,3.2,3.2,3.90%
2009/5/11,3.08,3.08,3.08,3.08,-1.28%
2009/5/8,3.12,3.12,3.12,3.12,0.65%
2009/5/7,3.1,3.1,3.1,3.1,0.00%
2009/5/6,3.1,3.1,3.1,3.1,-1.90%
2009/5/5,3.16,3.16,3.16,3.16,0.96%
2009/5/4,3.13,3.13,3.13,3.13,-1.57%
2009/4/30,3.18,3.18,3.18,3.18,0.63%
2009/4/29,3.16,3.16,3.16,3.16,0.70%
2009/4/28,3.138,3.138,3.138,3.138,-0.70%
2009/4/27,3.16,3.16,3.16,3.16,0.00%
2009/4/24,3.16,3.16,3.16,3.16,0.00%
2009/4/23,3.16,3.16,3.16,3.16,-0.63%
2009/4/22,3.18,3.18,3.18,3.18,0.63%
2009/4/21,3.16,3.16,3.16,3.16,0.00%
2009/4/20,3.16,3.16,3.16,3.16,0.00%
2009/4/17,3.16,3.16,3.16,3.16,0.00%
2009/4/16,3.16,3.16,3.16,3.16,-0.63%
2009/4/15,3.18,3.18,3.18,3.18,-3.20%
2009/4/14,3.285,3.285,3.285,3.285,3.96%
2009/4/13,3.16,3.16,3.16,3.16,-0.63%
2009/4/10,3.18,3.18,3.18,3.18,1.02%
2009/4/9,3.148,3.148,3.148,3.148,-1.93%
2009/4/8,3.21,3.21,3.21,3.21,1.58%
2009/4/7,3.16,3.16,3.16,3.16,-0.63%
2009/4/3,3.18,3.18,3.18,3.18,0.63%
2009/4/2,3.16,3.16,3.16,3.16,0.00%
2009/4/1,3.16,3.16,3.16,3.16,0.00%
2009/3/31,3.16,3.16,3.16,3.16,0.60%
2009/3/30,3.141,3.141,3.141,3.141,-2.45%
2009/3/27,3.22,3.22,3.22,3.22,1.26%
2009/3/26,3.18,3.18,3.18,3.18,0.63%
2009/3/25,3.16,3.16,3.16,3.16,0.00%
2009/3/24,3.16,3.16,3.16,3.16,0.32%
2009/3/23,3.15,3.15,3.15,3.15,0.64%
2009/3/20,3.13,3.13,3.13,3.13,-5.18%
2009/3/19,3.301,3.301,3.301,3.301,3.81%
2009/3/18,3.18,3.18,3.18,3.18,0.00%
2009/3/17,3.18,3.18,3.18,3.18,0.00%
2009/3/16,3.18,3.18,3.18,3.18,0.00%
2009/3/13,3.18,3.18,3.18,3.18,0.32%
2009/3/12,3.17,3.17,3.17,3.17,-0.91%
2009/3/11,3.199,3.199,3.199,3.199,-0.81%
2009/3/10,3.225,3.225,3.225,3.225,1.42%
2009/3/9,3.18,3.18,3.18,3.18,-3.05%
2009/3/6,3.28,3.28,3.28,3.28,0.00%
2009/3/5,3.28,3.28,3.28,3.28,2.50%
2009/3/4,3.2,3.2,3.2,3.2,0.00%
2009/3/3,3.2,3.2,3.2,3.2,3.23%
2009/3/2,3.1,3.1,3.1,3.1,0.00%
2009/2/27,3.1,3.1,3.1,3.1,-1.62%
2009/2/26,3.151,3.151,3.151,3.151,0.99%
2009/2/25,3.12,3.12,3.12,3.12,0.00%
2009/2/24,3.12,3.12,3.12,3.12,-0.95%
2009/2/23,3.15,3.15,3.15,3.15,0.00%
2009/2/20,3.15,3.15,3.15,3.15,0.00%
2009/2/19,3.15,3.15,3.15,3.15,1.61%
2009/2/18,3.1,3.1,3.1,3.1,0.00%
2009/2/17,3.1,3.1,3.1,3.1,1.64%
2009/2/16,3.05,3.05,3.05,3.05,-3.91%
2009/2/13,3.174,3.174,3.174,3.174,2.39%
2009/2/12,3.1,3.1,3.1,3.1,-8.82%
2009/2/11,3.4,3.4,3.4,3.4,1.49%
2009/2/10,3.35,3.35,3.35,3.35,9.84%
2009/2/9,3.05,3.05,3.05,3.05,0.00%
2009/2/6,3.05,3.05,3.05,3.05,0.00%
2009/2/5,3.05,3.05,3.05,3.05,-4.69%
2009/2/4,3.2,3.2,3.2,3.2,0.00%
2009/2/3,3.2,3.2,3.2,3.2,3.90%
2009/2/2,3.08,3.08,3.08,3.08,-0.65%
2009/2/1,3.1,3.1,3.1,3.1,0.03%
2009/1/24,3.099,3.099,3.099,3.099,1.31%
2009/1/23,3.059,3.059,3.059,3.059,-0.68%
2009/1/22,3.08,3.08,3.08,3.08,-0.65%
2009/1/21,3.1,3.1,3.1,3.1,0.00%
2009/1/20,3.1,3.1,3.1,3.1,-0.03%
2009/1/19,3.101,3.101,3.101,3.101,3.02%
2009/1/16,3.01,3.01,3.01,3.01,0.33%
2009/1/15,3,3,3,3,3.45%
2009/1/14,2.9,2.9,2.9,2.9,6.97%
2009/1/13,2.711,2.711,2.711,2.711,-1.42%
2009/1/12,2.75,2.75,2.75,2.75,-6.56%
2009/1/9,2.943,2.943,2.943,2.943,5.86%
2009/1/8,2.78,2.78,2.78,2.78,-4.04%
2009/1/7,2.897,2.897,2.897,2.897,4.21%
2009/1/6,2.78,2.78,2.78,2.78,4.24%
2009/1/5,2.667,2.75,2.8,2.65,-7.94%
2009/1/4,2.897,2.897,2.897,2.897,5.38%
2008/12/31,2.749,2.749,2.749,2.749,-9.75%
2008/12/30,3.046,3.046,3.046,3.046,8.79%
2008/12/29,2.8,2.8,2.8,2.8,1.86%
2008/12/26,2.749,2.749,2.749,2.749,-6.69%
2008/12/25,2.946,2.946,2.946,2.946,7.13%
2008/12/24,2.75,2.75,2.75,2.75,-5.07%
2008/12/23,2.897,2.897,2.897,2.897,0.00%
2008/12/22,2.897,2.897,2.897,2.897,0.59%
2008/12/19,2.88,2.88,2.88,2.88,2.86%
2008/12/18,2.8,2.8,2.8,2.8,0.00%
2008/12/17,2.8,2.8,2.8,2.8,-3.45%
2008/12/16,2.9,2.9,2.9,2.9,-1.69%
2008/12/15,2.95,2.95,2.95,2.95,-1.99%
2008/12/12,3.01,3.01,3.01,3.01,0.00%
2008/12/11,3.01,3.01,3.01,3.01,0.00%
2008/12/10,3.01,3.01,3.01,3.01,2.07%
2008/12/9,2.949,2.949,2.949,2.949,1.69%
2008/12/8,2.9,2.9,2.9,2.9,0.00%
2008/12/5,2.9,2.9,2.9,2.9,-1.02%
2008/12/4,2.93,2.93,2.93,2.93,-0.68%
2008/12/3,2.95,2.95,2.95,2.95,-2.64%
2008/12/2,3.03,3.03,3.03,3.03,3.45%
2008/12/1,2.929,2.929,2.929,2.929,-11.24%
2008/11/28,3.3,3.3,3.3,3.3,12.67%
2008/11/27,2.929,2.929,2.929,2.929,-8.75%
2008/11/26,3.21,3.21,3.21,3.21,11.07%
2008/11/25,2.89,2.89,2.89,2.89,-3.28%
2008/11/24,2.988,2.988,2.988,2.988,-1.26%
2008/11/21,3.026,3.026,3.026,3.026,1.24%
2008/11/20,2.989,2.989,2.989,2.989,0.00%
2008/11/19,2.989,2.989,2.989,2.989,3.43%
2008/11/18,2.89,2.89,2.89,2.89,-3.67%
2008/11/17,3,3,3,3,3.48%
2008/11/14,2.899,2.899,2.899,2.899,-5.57%
2008/11/13,3.07,3.07,3.07,3.07,-1.60%
2008/11/12,3.12,3.12,3.12,3.12,1.63%
2008/11/11,3.07,3.07,3.07,3.07,-0.29%
2008/11/10,3.079,3.079,3.079,3.079,-0.68%
2008/11/7,3.1,3.1,3.1,3.1,-3.09%
2008/11/6,3.199,3.199,3.199,3.199,4.54%
2008/11/5,3.06,3.06,3.06,3.06,0.33%
2008/11/4,3.05,3.05,3.05,3.05,-5.25%
2008/11/3,3.219,3.219,3.219,3.219,4.85%
2008/10/31,3.07,3.07,3.07,3.07,0.16%
2008/10/30,3.065,3.065,3.065,3.065,-3.62%
2008/10/29,3.18,3.18,3.18,3.18,-0.93%
2008/10/28,3.21,3.21,3.21,3.21,1.90%
2008/10/27,3.15,3.15,3.15,3.15,-1.04%
2008/10/24,3.183,3.183,3.183,3.183,-0.16%
2008/10/23,3.188,3.188,3.188,3.188,0.16%
2008/10/22,3.183,3.183,3.183,3.183,0.35%
2008/10/21,3.172,3.172,3.172,3.172,1.02%
2008/10/20,3.14,3.14,3.14,3.14,-0.92%
2008/10/17,3.169,3.169,3.169,3.169,1.41%
2008/10/16,3.125,3.125,3.125,3.125,0.77%
2008/10/15,3.101,3.101,3.101,3.101,0.68%
2008/10/14,3.08,3.08,3.08,3.08,1.32%
2008/10/13,3.04,3.04,3.04,3.04,-1.55%
2008/10/10,3.088,3.088,3.088,3.088,-1.59%
2008/10/9,3.138,3.138,3.138,3.138,-15.58%
2008/10/8,3.717,3.717,3.717,3.717,-6.58%
2008/10/7,3.979,3.72,3.979,3.52,8.30%
2008/10/6,3.674,3.674,3.674,3.674,-0.81%
2008/9/28,3.704,3.704,3.704,3.704,-0.38%
2008/9/27,3.718,3.718,3.718,3.718,0.00%
2008/9/26,3.718,3.718,3.718,3.718,-0.05%
2008/9/25,3.72,3.72,3.72,3.72,-0.80%
2008/9/24,3.75,3.75,3.75,3.75,-5.78%
2008/9/23,3.98,3.8,3.98,3.699,6.13%
2008/9/22,3.75,3.75,3.75,3.75,-1.32%
2008/9/19,3.8,3.8,3.8,3.8,-9.07%
2008/9/18,4.179,3.8,4.18,3.62,2.48%
2008/9/17,4.078,4.078,4.078,4.078,-2.44%
2008/9/16,4.18,4.18,4.18,4.18,5.53%
2008/9/12,3.961,3.961,3.961,3.961,-2.25%
2008/9/11,4.052,4.052,4.052,4.052,-0.93%
2008/9/10,4.09,4.09,4.09,4.09,-1.02%
2008/9/9,4.132,4.132,4.132,4.132,-0.70%
2008/9/8,4.161,4.161,4.161,4.161,0.00%
2008/9/5,4.161,4.161,4.161,4.161,0.12%
2008/9/4,4.156,4.156,4.156,4.156,0.53%
2008/9/3,4.134,4.134,4.134,4.134,-7.10%
2008/9/2,4.45,4.1,4.595,4.09,1.60%
2008/9/1,4.38,4.38,4.38,4.38,2.58%
2008/8/29,4.27,4.27,4.27,4.27,0.12%
2008/8/28,4.265,4.265,4.265,4.265,-0.81%
2008/8/27,4.3,4.3,4.3,4.3,-0.46%
2008/8/26,4.32,4.32,4.32,4.32,-0.69%
2008/8/25,4.35,4.35,4.35,4.35,0.09%
2008/8/22,4.346,4.346,4.346,4.346,-0.32%
2008/8/21,4.36,4.36,4.36,4.36,-1.11%
2008/8/20,4.409,4.409,4.409,4.409,-3.31%
2008/8/19,4.56,4.56,4.56,4.56,0.00%
2008/8/18,4.56,4.56,4.56,4.56,3.52%
2008/8/15,4.405,4.405,4.405,4.405,-4.24%
2008/8/14,4.6,4.6,4.6,4.6,2.34%
2008/8/13,4.495,4.495,4.495,4.495,-2.15%
2008/8/12,4.594,4.594,4.594,4.594,0.66%
2008/8/11,4.564,4.564,4.564,4.564,1.65%
2008/8/8,4.49,4.49,4.49,4.49,-0.55%
2008/8/7,4.515,4.515,4.515,4.515,1.80%
2008/8/6,4.435,4.435,4.435,4.435,-0.34%
2008/8/5,4.45,4.45,4.45,4.45,-0.11%
2008/8/4,4.455,4.455,4.455,4.455,-3.72%
2008/8/1,4.627,4.627,4.627,4.627,0.87%
2008/7/31,4.587,4.587,4.587,4.587,3.08%
2008/7/30,4.45,4.45,4.45,4.45,-1.90%
2008/7/29,4.536,4.536,4.536,4.536,1.93%
2008/7/28,4.45,4.45,4.45,4.45,0.00%
2008/7/25,4.45,4.45,4.45,4.45,0.00%
2008/7/24,4.45,4.45,4.45,4.45,-2.99%
2008/7/23,4.587,4.587,4.587,4.587,3.08%
2008/7/22,4.45,4.45,4.45,4.45,0.00%
2008/7/21,4.45,4.45,4.45,4.45,-1.11%
2008/7/18,4.5,4.5,4.5,4.5,0.00%
2008/7/17,4.5,4.5,4.5,4.5,0.00%
2008/7/16,4.5,4.5,4.5,4.5,0.00%
2008/7/15,4.5,4.5,4.5,4.5,0.00%
2008/7/14,4.5,4.5,4.5,4.5,-1.90%
2008/7/11,4.587,4.587,4.587,4.587,1.93%
2008/7/10,4.5,4.5,4.5,4.5,1.81%
2008/7/9,4.42,4.42,4.42,4.42,-1.76%
2008/7/8,4.499,4.499,4.499,4.499,-0.49%
2008/7/7,4.521,4.521,4.521,4.521,-1.31%
2008/7/4,4.581,4.581,4.581,4.581,0.75%
2008/7/3,4.547,4.547,4.547,4.547,0.00%
2008/7/2,4.547,4.547,4.547,4.547,2.16%
2008/7/1,4.451,4.451,4.451,4.451,0.00%
2008/6/30,4.451,4.451,4.451,4.451,-2.20%
2008/6/27,4.551,4.551,4.551,4.551,0.09%
2008/6/26,4.547,4.547,4.547,4.547,1.09%
2008/6/25,4.498,4.498,4.498,4.498,6.56%
2008/6/24,4.221,4.221,4.221,4.221,0.60%
2008/6/23,4.196,4.196,4.196,4.196,-0.59%
2008/6/20,4.221,4.221,4.221,4.221,-1.36%
2008/6/19,4.279,4.279,4.279,4.279,-0.49%
2008/6/18,4.3,4.3,4.3,4.3,-1.15%
2008/6/17,4.35,4.35,4.35,4.35,1.16%
2008/6/16,4.3,4.3,4.3,4.3,0.00%
2008/6/13,4.3,4.3,4.3,4.3,-1.15%
2008/6/12,4.35,4.35,4.35,4.35,2.35%
2008/6/11,4.25,4.25,4.25,4.25,0.00%
2008/6/10,4.25,4.25,4.25,4.25,0.71%
2008/6/6,4.22,4.22,4.22,4.22,1.20%
2008/6/5,4.17,4.17,4.17,4.17,-1.18%
2008/6/4,4.22,4.22,4.22,4.22,0.60%
2008/6/3,4.195,4.195,4.195,4.195,-0.59%
2008/6/2,4.22,4.22,4.22,4.22,1.05%
2008/5/30,4.176,4.176,4.176,4.176,-0.10%
2008/5/29,4.18,4.18,4.18,4.18,0.24%
2008/5/28,4.17,4.17,4.17,4.17,-0.60%
2008/5/27,4.195,4.195,4.195,4.195,1.08%
2008/5/26,4.15,4.15,4.15,4.15,0.00%
2008/5/23,4.15,4.15,4.15,4.15,-0.48%
2008/5/22,4.17,4.17,4.17,4.17,0.48%
2008/5/21,4.15,4.15,4.15,4.15,-0.48%
2008/5/20,4.17,4.17,4.17,4.17,0.48%
2008/5/19,4.15,4.15,4.15,4.15,0.00%
2008/5/16,4.15,4.15,4.15,4.15,0.00%
2008/5/15,4.15,4.15,4.15,4.15,1.74%
2008/5/14,4.079,4.079,4.079,4.079,-1.71%
2008/5/13,4.15,4.15,4.15,4.15,0.24%
2008/5/12,4.14,4.14,4.14,4.14,0.98%
2008/5/9,4.1,4.1,4.1,4.1,0.00%
2008/5/8,4.1,4.1,4.1,4.1,-0.97%
2008/5/7,4.14,4.14,4.14,4.14,0.98%
2008/5/6,4.1,4.1,4.1,4.1,-0.02%
2008/5/5,4.101,4.101,4.101,4.101,0.51%
2008/5/4,4.08,4.08,4.08,4.08,0.00%
2008/4/30,4.08,4.08,4.08,4.08,-0.49%
2008/4/29,4.1,4.1,4.1,4.1,0.00%
2008/4/28,4.1,4.1,4.1,4.1,-0.02%
2008/4/25,4.101,4.101,4.101,4.101,0.86%
2008/4/24,4.066,4.066,4.066,4.066,0.40%
2008/4/23,4.05,4.05,4.05,4.05,0.00%
2008/4/22,4.05,4.05,4.05,4.05,-0.74%
2008/4/21,4.08,4.08,4.08,4.08,1.24%
2008/4/18,4.03,4.03,4.03,4.03,-1.23%
2008/4/17,4.08,4.08,4.08,4.08,-0.49%
2008/4/16,4.1,4.1,4.1,4.1,1.74%
2008/4/15,4.03,4.03,4.03,4.03,-1.23%
2008/4/14,4.08,4.08,4.08,4.08,-0.51%
2008/4/11,4.101,4.101,4.101,4.101,0.86%
2008/4/10,4.066,4.066,4.066,4.066,-0.34%
2008/4/9,4.08,4.08,4.08,4.08,0.25%
2008/4/8,4.07,4.07,4.07,4.07,-1.43%
2008/4/7,4.129,4.129,4.129,4.129,2.66%
2008/4/3,4.022,4.022,4.022,4.022,-2.59%
2008/4/2,4.129,4.129,4.129,4.129,-0.51%
2008/4/1,4.15,4.15,4.15,4.15,-0.95%
2008/3/31,4.19,4.19,4.19,4.19,0.00%
2008/3/28,4.19,4.19,4.19,4.19,-1.57%
2008/3/27,4.257,4.257,4.257,4.257,2.09%
2008/3/26,4.17,4.17,4.17,4.17,0.00%
2008/3/25,4.17,4.17,4.17,4.17,0.97%
2008/3/24,4.13,4.13,4.13,4.13,-1.43%
2008/3/21,4.19,4.19,4.19,4.19,0.00%
2008/3/20,4.19,4.19,4.19,4.19,0.24%
2008/3/19,4.18,4.18,4.18,4.18,-0.48%
2008/3/18,4.2,4.2,4.2,4.2,0.48%
2008/3/17,4.18,4.18,4.18,4.18,0.50%
2008/3/14,4.159,4.159,4.159,4.159,-0.98%
2008/3/13,4.2,4.2,4.2,4.2,0.99%
2008/3/12,4.159,4.159,4.159,4.159,-0.98%
2008/3/11,4.2,4.2,4.2,4.2,0.00%
2008/3/10,4.2,4.2,4.2,4.2,0.00%
2008/3/7,4.2,4.2,4.2,4.2,0.00%
2008/3/6,4.2,4.2,4.2,4.2,0.00%
2008/3/5,4.2,4.2,4.2,4.2,-1.36%
2008/3/4,4.258,4.258,4.258,4.258,3.10%
2008/3/3,4.13,4.13,4.13,4.13,1.23%
2008/2/29,4.08,4.08,4.08,4.08,-1.69%
2008/2/28,4.15,4.15,4.15,4.15,-2.38%
2008/2/27,4.251,4.251,4.251,4.251,0.00%
2008/2/26,4.251,4.251,4.251,4.251,4.19%
2008/2/25,4.08,4.08,4.08,4.08,-0.66%
2008/2/22,4.107,4.107,4.107,4.107,-2.21%
2008/2/21,4.2,4.2,4.2,4.2,-1.18%
2008/2/20,4.25,4.25,4.25,4.25,0.00%
2008/2/19,4.25,4.25,4.25,4.25,1.92%
2008/2/18,4.17,4.17,4.17,4.17,-1.88%
2008/2/15,4.25,4.25,4.25,4.25,2.53%
2008/2/14,4.145,4.145,4.145,4.145,-0.62%
2008/2/13,4.171,4.171,4.171,4.171,-2.09%
2008/2/5,4.26,4.26,4.26,4.26,0.92%
2008/2/4,4.221,4.221,4.221,4.221,-5.15%
2008/2/3,4.45,4.45,4.45,4.45,3.49%
2008/2/1,4.3,4.3,4.3,4.3,0.47%
2008/1/31,4.28,4.28,4.28,4.28,-0.47%
2008/1/30,4.3,4.3,4.3,4.3,-2.03%
2008/1/29,4.389,4.389,4.389,4.389,1.60%
2008/1/28,4.32,4.32,4.32,4.32,-2.26%
2008/1/25,4.42,4.42,4.42,4.42,0.89%
2008/1/24,4.381,4.381,4.381,4.381,-1.55%
2008/1/23,4.45,4.45,4.45,4.45,-1.11%
2008/1/22,4.5,4.5,4.5,4.5,1.58%
2008/1/21,4.43,4.43,4.43,4.43,-2.01%
2008/1/18,4.521,4.521,4.521,4.521,1.14%
2008/1/17,4.47,4.47,4.47,4.47,-1.13%
2008/1/16,4.521,4.521,4.521,4.521,2.70%
2008/1/15,4.402,4.402,4.402,4.402,-2.61%
2008/1/14,4.52,4.52,4.52,4.52,2.03%
2008/1/11,4.43,4.43,4.43,4.43,-0.89%
2008/1/10,4.47,4.47,4.47,4.47,-1.11%
2008/1/9,4.52,4.52,4.52,4.52,0.47%
2008/1/8,4.499,4.499,4.499,4.499,0.65%
2008/1/7,4.47,4.47,4.47,4.47,0.68%
2008/1/4,4.44,4.44,4.44,4.44,-1.77%
2008/1/3,4.52,4.52,4.52,4.52,-0.66%
2008/1/2,4.55,4.55,4.55,4.55,1.79%
2007/12/29,4.47,4.47,4.47,4.47,1.82%
2007/12/28,4.39,4.39,4.39,4.39,-2.66%
2007/12/27,4.51,4.51,4.51,4.51,-1.74%
2007/12/26,4.59,4.59,4.59,4.59,1.66%
2007/12/25,4.515,4.515,4.515,4.515,0.33%
2007/12/24,4.5,4.5,4.5,4.5,-2.45%
2007/12/21,4.613,4.613,4.613,4.613,3.66%
2007/12/20,4.45,4.45,4.45,4.45,-1.11%
2007/12/19,4.5,4.5,4.5,4.5,0.00%
2007/12/18,4.5,4.5,4.5,4.5,0.00%
2007/12/17,4.5,4.5,4.5,4.5,-1.53%
2007/12/14,4.57,4.57,4.57,4.57,-0.93%
2007/12/13,4.613,4.613,4.613,4.613,-1.85%
2007/12/12,4.7,4.7,4.7,4.7,1.89%
2007/12/11,4.613,4.613,4.613,4.613,0.00%
2007/12/10,4.613,4.613,4.613,4.613,-1.85%
2007/12/7,4.7,4.7,4.7,4.7,1.89%
2007/12/6,4.613,4.613,4.613,4.613,0.26%
2007/12/5,4.601,4.601,4.601,4.601,0.00%
2007/12/4,4.601,4.601,4.601,4.601,-0.26%
2007/12/3,4.613,4.613,4.613,4.613,0.26%
2007/11/30,4.601,4.601,4.601,4.601,0.00%
2007/11/29,4.601,4.601,4.601,4.601,0.00%
2007/11/28,4.601,4.601,4.601,4.601,0.02%
2007/11/27,4.6,4.6,4.6,4.6,-0.02%
2007/11/26,4.601,4.601,4.601,4.601,0.00%
2007/11/23,4.601,4.601,4.601,4.601,-0.41%
2007/11/22,4.62,4.62,4.62,4.62,2.17%
2007/11/21,4.522,4.522,4.522,4.522,-1.72%
2007/11/20,4.601,4.601,4.601,4.601,0.02%
2007/11/19,4.6,4.6,4.6,4.6,0.00%
2007/11/16,4.6,4.6,4.6,4.6,0.00%
2007/11/15,4.6,4.6,4.6,4.6,0.00%
2007/11/14,4.6,4.6,4.6,4.6,0.00%
2007/11/13,4.6,4.6,4.6,4.6,1.10%
2007/11/12,4.55,4.55,4.55,4.55,0.00%
2007/11/9,4.55,4.55,4.55,4.55,-0.22%
2007/11/8,4.56,4.56,4.56,4.56,0.00%
2007/11/7,4.56,4.56,4.56,4.56,0.22%
2007/11/6,4.55,4.55,4.55,4.55,-1.17%
2007/11/5,4.604,4.604,4.604,4.604,0.00%
2007/11/2,4.604,4.604,4.604,4.604,1.84%
2007/11/1,4.521,4.521,4.521,4.521,-1.80%
2007/10/31,4.604,4.604,4.604,4.604,0.00%
2007/10/30,4.604,4.604,4.604,4.604,-1.10%
2007/10/29,4.655,4.655,4.655,4.655,0.00%
2007/10/26,4.655,4.655,4.655,4.655,4.14%
2007/10/25,4.47,4.47,4.47,4.47,-0.11%
2007/10/24,4.475,4.475,4.475,4.475,0.00%
2007/10/23,4.475,4.475,4.475,4.475,0.00%
2007/10/22,4.475,4.475,4.475,4.475,0.34%
2007/10/19,4.46,4.46,4.46,4.46,-0.20%
2007/10/18,4.469,4.469,4.469,4.469,0.40%
2007/10/17,4.451,4.451,4.451,4.451,-1.55%
2007/10/16,4.521,4.521,4.521,4.521,1.19%
2007/10/15,4.468,4.468,4.468,4.468,-1.17%
2007/10/12,4.521,4.521,4.521,4.521,0.00%
2007/10/11,4.521,4.521,4.521,4.521,1.34%
2007/10/10,4.461,4.461,4.461,4.461,6.32%
2007/10/9,4.196,4.196,4.196,4.196,0.00%
2007/10/8,4.196,4.411,4.657,4.196,-3.09%
2007/9/30,4.33,4.33,4.33,4.33,3.19%
2007/9/29,4.196,4.196,4.196,4.196,-6.32%
2007/9/28,4.479,4.479,4.479,4.479,-0.91%
2007/9/27,4.52,4.52,4.52,4.52,0.44%
2007/9/26,4.5,4.5,4.5,4.5,7.22%
2007/9/25,4.197,4.197,4.197,4.197,0.00%
2007/9/24,4.197,4.489,4.68,4.197,-6.73%
2007/9/21,4.5,4.5,4.5,4.5,-0.44%
2007/9/20,4.52,4.52,4.52,4.52,1.57%
2007/9/19,4.45,4.45,4.45,4.45,6.03%
2007/9/18,4.197,4.197,4.197,4.197,-5.66%
2007/9/17,4.449,4.449,4.449,4.449,1.11%
2007/9/14,4.4,4.4,4.4,4.4,0.94%
2007/9/13,4.359,4.359,4.359,4.359,-0.46%
2007/9/12,4.379,4.379,4.379,4.379,3.55%
2007/9/11,4.229,4.229,4.229,4.229,-3.84%
2007/9/10,4.398,4.398,4.398,4.398,4.00%
2007/9/7,4.229,4.229,4.229,4.229,-3.84%
2007/9/6,4.398,4.398,4.398,4.398,4.00%
2007/9/5,4.229,4.229,4.229,4.229,-0.82%
2007/9/4,4.264,4.264,4.264,4.264,-3.05%
2007/9/3,4.398,4.398,4.398,4.398,0.00%
2007/8/31,4.398,4.398,4.398,4.398,3.48%
2007/8/30,4.25,4.25,4.25,4.25,-3.37%
2007/8/29,4.398,4.398,4.398,4.398,-0.02%
2007/8/28,4.399,4.399,4.399,4.399,0.00%
2007/8/27,4.399,4.399,4.399,4.399,1.17%
2007/8/24,4.348,4.348,4.348,4.348,-0.73%
2007/8/23,4.38,4.38,4.38,4.38,-0.43%
2007/8/22,4.399,4.399,4.399,4.399,0.00%
2007/8/21,4.399,4.399,4.399,4.399,0.00%
2007/8/20,4.399,4.399,4.399,4.399,-0.02%
2007/8/17,4.4,4.4,4.4,4.4,0.02%
2007/8/16,4.399,4.399,4.399,4.399,1.13%
2007/8/15,4.35,4.35,4.35,4.35,1.19%
2007/8/14,4.299,4.299,4.299,4.299,0.00%
2007/8/13,4.299,4.299,4.299,4.299,-2.27%
2007/8/10,4.399,4.399,4.399,4.399,0.00%
2007/8/9,4.399,4.399,4.399,4.399,0.00%
2007/8/8,4.399,4.399,4.399,4.399,1.45%
2007/8/7,4.336,4.336,4.336,4.336,-2.82%
2007/8/6,4.462,4.462,4.462,4.462,2.91%
2007/8/3,4.336,4.336,4.336,4.336,-1.43%
2007/8/2,4.399,4.399,4.399,4.399,0.00%
2007/8/1,4.399,4.399,4.399,4.399,0.87%
2007/7/31,4.361,4.361,4.361,4.361,0.28%
2007/7/30,4.349,4.349,4.349,4.349,-3.89%
2007/7/27,4.525,4.525,4.525,4.525,4.05%
2007/7/26,4.349,4.349,4.349,4.349,-3.89%
2007/7/25,4.525,4.525,4.525,4.525,1.71%
2007/7/24,4.449,4.449,4.449,4.449,-1.09%
2007/7/23,4.498,4.498,4.498,4.498,0.00%
2007/7/20,4.498,4.498,4.498,4.498,1.53%
2007/7/19,4.43,4.43,4.43,4.43,-0.72%
2007/7/18,4.462,4.462,4.462,4.462,-0.80%
2007/7/17,4.498,4.498,4.498,4.498,1.08%
2007/7/16,4.45,4.45,4.45,4.45,0.00%
2007/7/13,4.45,4.45,4.45,4.45,3.78%
2007/7/12,4.288,4.288,4.288,4.288,-3.18%
2007/7/11,4.429,4.429,4.429,4.429,3.31%
2007/7/10,4.287,4.287,4.287,4.287,-3.66%
2007/7/9,4.45,4.45,4.45,4.45,-3.28%
2007/7/6,4.601,4.601,4.601,4.601,2.29%
2007/7/5,4.498,4.498,4.498,4.498,0.00%
2007/7/4,4.498,4.498,4.498,4.498,1.15%
2007/7/3,4.447,4.447,4.447,4.447,3.13%
2007/7/2,4.312,4.312,4.312,4.312,0.63%
2007/6/29,4.285,4.285,4.285,4.285,3.18%
2007/6/28,4.153,4.153,4.153,4.153,0.00%
2007/6/27,4.153,4.378,4.599,3.427,-4.53%
2007/6/26,4.35,4.35,4.35,4.35,0.49%
2007/6/25,4.329,4.329,4.329,4.329,-1.14%
2007/6/22,4.379,4.379,4.379,4.379,-0.48%
2007/6/21,4.4,4.4,4.4,4.4,0.00%
2007/6/20,4.4,4.4,4.4,4.4,1.64%
2007/6/19,4.329,4.329,4.329,4.329,-0.46%
2007/6/18,4.349,4.349,4.349,4.349,4.77%
2007/6/15,4.151,4.151,4.151,4.151,-2.19%
2007/6/14,4.244,4.244,4.244,4.244,2.81%
2007/6/13,4.128,4.128,4.128,4.128,-0.48%
2007/6/12,4.148,4.148,4.148,4.148,0.00%
2007/6/11,4.148,4.148,4.148,4.148,2.24%
2007/6/8,4.057,4.057,4.057,4.057,-1.00%
2007/6/7,4.098,4.098,4.098,4.098,0.49%
2007/6/6,4.078,4.078,4.078,4.078,1.77%
2007/6/5,4.007,4.007,4.007,4.007,-1.01%
2007/6/4,4.048,4.048,4.048,4.048,-5.86%
2007/6/1,4.3,4.3,4.3,4.3,0.00%
2007/5/31,4.3,4.145,4.3,3.754,0.00%
2007/5/30,4.3,4.018,4.3,3.228,0.02%
2007/5/29,4.299,4.299,4.299,4.299,0.00%
2007/5/28,4.299,4.083,4.299,3.754,0.00%
2007/5/25,4.299,4.252,4.299,3.754,0.02%
2007/5/24,4.298,4.298,4.298,4.298,0.00%
2007/5/23,4.298,3.98,4.489,3.666,9.03%
2007/5/22,3.942,3.942,3.942,3.942,2.44%
2007/5/21,3.848,3.848,3.848,3.848,-1.26%
2007/5/18,3.897,3.897,3.897,3.897,3.98%
2007/5/17,3.748,3.748,3.748,3.748,0.00%
2007/5/16,3.748,3.748,3.748,3.748,-3.65%
2007/5/15,3.89,3.89,3.89,3.89,0.00%
2007/5/14,3.89,3.89,3.89,3.89,7.22%
2007/5/11,3.628,3.628,3.628,3.628,0.00%
2007/5/10,3.628,3.628,3.628,3.628,0.81%
2007/5/9,3.599,3.599,3.599,3.599,-7.46%
2007/5/8,3.889,3.889,3.889,3.889,0.00%
2007/4/30,3.889,3.665,3.889,3.477,6.81%
2007/4/29,3.641,3.641,3.641,3.641,1.17%
2007/4/28,3.599,3.599,3.599,3.599,-0.53%
2007/4/27,3.618,3.618,3.618,3.618,0.53%
2007/4/26,3.599,3.599,3.599,3.599,0.00%
2007/4/25,3.599,3.599,3.599,3.599,0.00%
2007/4/24,3.599,3.599,3.599,3.599,-6.59%
2007/4/23,3.853,3.853,3.853,3.853,0.00%
2007/4/20,3.853,3.558,4.046,3.38,-2.78%
2007/4/19,3.963,3.578,4.045,3.38,10.36%
2007/4/18,3.591,3.591,3.591,3.591,0.34%
2007/4/17,3.579,3.579,3.579,3.579,2.32%
2007/4/16,3.498,3.498,3.498,3.498,1.60%
2007/4/13,3.443,3.443,3.443,3.443,-1.60%
2007/4/12,3.499,3.499,3.499,3.499,1.66%
2007/4/11,3.442,3.442,3.442,3.442,-1.63%
2007/4/10,3.499,3.499,3.499,3.499,1.48%
2007/4/9,3.448,3.448,3.448,3.448,0.00%
2007/4/6,3.448,3.448,3.448,3.448,2.07%
2007/4/5,3.378,3.378,3.378,3.378,-1.66%
2007/4/4,3.435,3.435,3.435,3.435,-0.43%
2007/4/3,3.45,3.45,3.45,3.45,0.44%
2007/4/2,3.435,3.435,3.435,3.435,1.09%
2007/3/30,3.398,3.398,3.398,3.398,-1.51%
2007/3/29,3.45,3.45,3.45,3.45,0.00%
2007/3/28,3.45,3.45,3.45,3.45,1.20%
2007/3/27,3.409,3.409,3.409,3.409,0.89%
2007/3/26,3.379,3.379,3.379,3.379,-0.65%
2007/3/23,3.401,3.401,3.401,3.401,-0.29%
2007/3/22,3.411,3.411,3.411,3.411,0.26%
2007/3/21,3.402,3.402,3.402,3.402,3.66%
2007/3/20,3.282,3.282,3.282,3.282,-1.03%
2007/3/19,3.316,3.316,3.316,3.316,1.66%
2007/3/16,3.262,3.262,3.262,3.262,2.19%
2007/3/15,3.192,3.192,3.192,3.192,-2.15%
2007/3/14,3.262,3.262,3.262,3.262,1.27%
2007/3/13,3.221,3.221,3.221,3.221,0.31%
2007/3/12,3.211,3.211,3.211,3.211,-1.23%
2007/3/9,3.251,3.251,3.251,3.251,1.56%
2007/3/8,3.201,3.201,3.201,3.201,0.00%
2007/3/7,3.201,3.201,3.201,3.201,1.30%
2007/3/6,3.16,3.16,3.16,3.16,-0.66%
2007/3/5,3.181,3.181,3.181,3.181,0.66%
2007/3/2,3.16,3.16,3.16,3.16,1.87%
2007/3/1,3.102,3.102,3.102,3.102,-0.96%
2007/2/28,3.132,3.132,3.132,3.132,0.00%
2007/2/27,3.132,3.132,3.132,3.132,-0.57%
2007/2/26,3.15,3.15,3.15,3.15,1.91%
2007/2/25,3.091,3.091,3.091,3.091,-0.58%
2007/2/17,3.109,3.109,3.109,3.109,-1.74%
2007/2/16,3.164,3.164,3.164,3.164,0.00%
2007/2/15,3.164,3.164,3.164,3.164,0.44%
2007/2/14,3.15,3.15,3.15,3.15,2.31%
2007/2/13,3.079,3.079,3.079,3.079,-0.10%
2007/2/12,3.082,3.082,3.082,3.082,-1.44%
2007/2/9,3.127,3.127,3.127,3.127,0.00%
2007/2/8,3.127,3.127,3.127,3.127,1.46%
2007/2/7,3.082,3.082,3.082,3.082,-0.61%
2007/2/6,3.101,3.101,3.101,3.101,1.27%
2007/2/5,3.062,3.062,3.062,3.062,-1.29%
2007/2/2,3.102,3.102,3.102,3.102,3.13%
2007/2/1,3.008,3.008,3.008,3.008,-2.34%
2007/1/31,3.08,3.08,3.08,3.08,1.95%
2007/1/30,3.021,3.021,3.021,3.021,-0.63%
2007/1/29,3.04,3.04,3.04,3.04,1.00%
2007/1/26,3.01,3.01,3.01,3.01,-0.99%
2007/1/25,3.04,3.04,3.04,3.04,0.63%
2007/1/24,3.021,3.021,3.021,3.021,-0.33%
2007/1/23,3.031,3.031,3.031,3.031,-0.62%
2007/1/22,3.05,3.05,3.05,3.05,1.63%
2007/1/19,3.001,3.001,3.001,3.001,-1.02%
2007/1/18,3.032,3.032,3.032,3.032,0.03%
2007/1/17,3.031,3.031,3.031,3.031,0.00%
2007/1/16,3.031,3.031,3.031,3.031,1.00%
2007/1/15,3.001,3.001,3.001,3.001,0.00%
2007/1/12,3.001,3.001,3.001,3.001,-0.99%
2007/1/11,3.031,3.031,3.031,3.031,-0.36%
2007/1/10,3.042,3.042,3.042,3.042,0.40%
2007/1/9,3.03,3.03,3.03,3.03,0.30%
2007/1/8,3.021,3.021,3.021,3.021,-0.33%
2007/1/5,3.031,3.031,3.031,3.031,0.26%
2007/1/4,3.023,3.023,3.023,3.023,-1.91%
2006/12/31,3.082,3.082,3.082,3.082,0.98%
2006/12/30,3.052,3.052,3.052,3.052,0.39%
2006/12/29,3.04,3.04,3.04,3.04,-1.59%
2006/12/28,3.089,3.089,3.089,3.089,1.25%
2006/12/27,3.051,3.051,3.051,3.051,1.73%
2006/12/26,2.999,2.999,2.999,2.999,-1.64%
2006/12/25,3.049,3.049,3.049,3.049,0.63%
2006/12/22,3.03,3.03,3.03,3.03,-0.33%
2006/12/21,3.04,3.04,3.04,3.04,0.30%
2006/12/20,3.031,3.031,3.031,3.031,-0.59%
2006/12/19,3.049,3.049,3.049,3.049,1.84%
2006/12/18,2.994,2.994,2.994,2.994,-1.87%
2006/12/15,3.051,3.051,3.051,3.051,1.94%
2006/12/14,2.993,2.993,2.993,2.993,-0.30%
2006/12/13,3.002,3.002,3.002,3.002,0.37%
2006/12/12,2.991,2.991,2.991,2.991,-0.37%
2006/12/11,3.002,3.002,3.002,3.002,0.07%
2006/12/8,3,3,3,3,0.00%
2006/12/7,3,3,3,3,0.00%
2006/12/6,3,3,3,3,-0.53%
2006/12/5,3.016,3.016,3.016,3.016,0.00%
2006/12/4,3.016,3.016,3.016,3.016,0.20%
2006/12/1,3.01,3.01,3.01,3.01,-0.30%
2006/11/30,3.019,3.019,3.019,3.019,-2.58%
2006/11/29,3.099,3.099,3.099,3.099,3.13%
2006/11/28,3.005,3.005,3.005,3.005,-2.15%
2006/11/27,3.071,3.071,3.071,3.071,0.03%
2006/11/24,3.07,3.07,3.07,3.07,-0.97%
2006/11/23,3.1,3.1,3.1,3.1,4.31%
2006/11/22,2.972,2.972,2.972,2.972,-0.27%
2006/11/21,2.98,2.98,2.98,2.98,0.27%
2006/11/20,2.972,2.972,2.972,2.972,-0.67%
2006/11/17,2.992,2.992,2.992,2.992,-0.07%
2006/11/16,2.994,2.994,2.994,2.994,-0.17%
2006/11/15,2.999,2.999,2.999,2.999,-0.13%
2006/11/14,3.003,3.003,3.003,3.003,0.10%
2006/11/13,3,3,3,3,0.13%
2006/11/10,2.996,2.996,2.996,2.996,0.07%
2006/11/9,2.994,2.994,2.994,2.994,0.13%
2006/11/8,2.99,2.99,2.99,2.99,0.13%
2006/11/7,2.986,2.986,2.986,2.986,0.00%
2006/11/6,2.986,2.986,2.986,2.986,0.57%
2006/11/3,2.969,2.969,2.969,2.969,0.00%
2006/11/2,2.969,2.969,2.969,2.969,0.07%
2006/11/1,2.967,2.967,2.967,2.967,0.03%
2006/10/31,2.966,2.966,2.966,2.966,-0.17%
2006/10/30,2.971,2.971,2.971,2.971,-0.07%
2006/10/27,2.973,2.973,2.973,2.973,0.03%
2006/10/26,2.972,2.972,2.972,2.972,0.10%
2006/10/25,2.969,2.969,2.969,2.969,0.00%
2006/10/24,2.969,2.969,2.969,2.969,-0.07%
2006/10/23,2.971,2.971,2.971,2.971,-0.10%
2006/10/20,2.974,2.974,2.974,2.974,-0.17%
2006/10/19,2.979,2.979,2.979,2.979,-0.13%
2006/10/18,2.983,2.983,2.983,2.983,0.00%
2006/10/17,2.983,2.983,2.983,2.983,-0.07%
2006/10/16,2.985,2.985,2.985,2.985,0.03%
2006/10/13,2.984,2.984,2.984,2.984,-0.10%
2006/10/12,2.987,2.987,2.987,2.987,-0.40%
2006/10/11,2.999,2.999,2.999,2.999,-0.17%
2006/10/10,3.004,3.004,3.004,3.004,-8.83%
2006/10/9,3.295,3.295,3.295,3.295,0.12%
2006/10/8,3.291,3.291,3.291,3.291,-0.33%
2006/9/30,3.302,3.302,3.302,3.302,0.00%
2006/9/29,3.302,3.302,3.302,3.302,3.90%
2006/9/28,3.178,3.178,3.178,3.178,0.06%
2006/9/27,3.176,3.176,3.176,3.176,-2.93%
2006/9/26,3.272,3.272,3.272,3.272,-0.91%
2006/9/25,3.302,3.302,3.302,3.302,0.86%
2006/9/22,3.274,3.274,3.274,3.274,-1.56%
2006/9/21,3.326,3.326,3.326,3.326,0.60%
2006/9/20,3.306,3.306,3.306,3.306,-0.03%
2006/9/19,3.307,3.307,3.307,3.307,-0.03%
2006/9/18,3.308,3.308,3.308,3.308,-0.09%
2006/9/15,3.311,3.311,3.311,3.311,-0.24%
2006/9/14,3.319,3.319,3.319,3.319,0.73%
2006/9/13,3.295,3.295,3.295,3.295,-0.09%
2006/9/12,3.298,3.298,3.298,3.298,-0.63%
2006/9/11,3.319,3.319,3.319,3.319,0.06%
2006/9/8,3.317,3.317,3.317,3.317,0.00%
2006/9/7,3.317,3.317,3.317,3.317,-0.15%
2006/9/6,3.322,3.322,3.322,3.322,0.06%
2006/9/5,3.32,3.32,3.32,3.32,0.15%
2006/9/4,3.315,3.315,3.315,3.315,-0.09%
2006/9/1,3.318,3.318,3.318,3.318,-0.15%
2006/8/31,3.323,3.323,3.323,3.323,-0.42%
2006/8/30,3.337,3.337,3.337,3.337,-0.09%
2006/8/29,3.34,3.34,3.34,3.34,1.86%
2006/8/28,3.279,3.279,3.279,3.279,-1.71%
2006/8/25,3.336,3.336,3.336,3.336,-0.48%
2006/8/24,3.352,3.352,3.352,3.352,0.54%
2006/8/23,3.334,3.334,3.334,3.334,-4.52%
2006/8/22,3.492,3.492,3.492,3.492,-0.77%
2006/8/21,3.519,3.519,3.519,3.519,0.60%
2006/8/18,3.498,3.498,3.498,3.498,-0.46%
2006/8/17,3.514,3.514,3.514,3.514,0.00%
2006/8/16,3.514,3.514,3.514,3.514,0.03%
2006/8/15,3.513,3.513,3.513,3.513,1.41%
2006/8/14,3.464,3.464,3.464,3.464,-0.03%
2006/8/11,3.465,3.465,3.465,3.465,0.00%
2006/8/10,3.465,3.465,3.465,3.465,0.00%
2006/8/9,3.465,3.465,3.465,3.465,-0.29%
2006/8/8,3.475,3.475,3.475,3.475,-0.11%
2006/8/7,3.479,3.479,3.479,3.479,0.64%
2006/8/4,3.457,3.457,3.457,3.457,4.82%
2006/8/3,3.298,3.298,3.298,3.298,-0.36%
2006/8/2,3.31,3.31,3.31,3.31,0.03%
2006/8/1,3.309,3.309,3.309,3.309,-2.39%
2006/7/31,3.39,3.39,3.39,3.39,0.59%
2006/7/28,3.37,3.37,3.37,3.37,0.42%
2006/7/27,3.356,3.356,3.356,3.356,0.09%
2006/7/26,3.353,3.353,3.353,3.353,-0.09%
2006/7/25,3.356,3.356,3.356,3.356,-0.03%
2006/7/24,3.357,3.357,3.357,3.357,0.24%
2006/7/21,3.349,3.349,3.349,3.349,0.66%
2006/7/20,3.327,3.327,3.327,3.327,0.82%
2006/7/19,3.3,3.3,3.3,3.3,3.03%
2006/7/18,3.203,3.203,3.203,3.203,-0.19%
2006/7/17,3.209,3.209,3.209,3.209,-1.05%
2006/7/14,3.243,3.243,3.243,3.243,-0.52%
2006/7/13,3.26,3.26,3.26,3.26,1.87%
2006/7/12,3.2,3.2,3.2,3.2,-0.22%
2006/7/11,3.207,3.207,3.207,3.207,0.38%
2006/7/10,3.195,3.195,3.195,3.195,0.09%
2006/7/7,3.192,3.192,3.192,3.192,-0.34%
2006/7/6,3.203,3.203,3.203,3.203,1.68%
2006/7/5,3.15,3.15,3.15,3.15,0.67%
2006/7/4,3.129,3.129,3.129,3.129,0.16%
2006/7/3,3.124,3.124,3.124,3.124,-0.26%
2006/6/30,3.132,3.132,3.132,3.132,-0.85%
2006/6/29,3.159,3.159,3.159,3.159,-0.22%
2006/6/28,3.166,3.166,3.166,3.166,1.74%
2006/6/27,3.112,3.112,3.112,3.112,4.25%
2006/6/26,2.985,2.985,2.985,2.985,0.10%
2006/6/23,2.982,2.982,2.982,2.982,-0.17%
2006/6/22,2.987,2.987,2.987,2.987,0.27%
2006/6/21,2.979,2.979,2.979,2.979,-0.33%
2006/6/20,2.989,2.989,2.989,2.989,-1.12%
2006/6/19,3.023,3.023,3.023,3.023,0.20%
2006/6/16,3.017,3.017,3.017,3.017,-0.82%
2006/6/15,3.042,3.042,3.042,3.042,0.43%
2006/6/14,3.029,3.029,3.029,3.029,0.60%
2006/6/13,3.011,3.011,3.011,3.011,-1.12%
2006/6/12,3.045,3.045,3.045,3.045,1.13%
2006/6/9,3.011,3.011,3.011,3.011,-0.07%
2006/6/8,3.013,3.013,3.013,3.013,-0.56%
2006/6/7,3.03,3.03,3.03,3.03,0.10%
2006/6/6,3.027,3.027,3.027,3.027,-0.13%
2006/6/5,3.031,3.031,3.031,3.031,-0.72%
2006/6/2,3.053,3.053,3.053,3.053,0.39%
2006/6/1,3.041,3.041,3.041,3.041,-0.20%
2006/5/31,3.047,3.047,3.047,3.047,-0.16%
2006/5/30,3.052,3.052,3.052,3.052,0.23%
2006/5/29,3.045,3.045,3.045,3.045,0.93%
2006/5/26,3.017,3.017,3.017,3.017,-0.46%
2006/5/25,3.031,3.031,3.031,3.031,0.36%
2006/5/24,3.02,3.02,3.02,3.02,0.00%
2006/5/23,3.02,3.02,3.02,3.02,0.00%
2006/5/22,3.02,3.02,3.02,3.02,-0.63%
2006/5/19,3.039,3.039,3.039,3.039,-0.30%
2006/5/18,3.048,3.048,3.048,3.048,-0.03%
2006/5/17,3.049,3.049,3.049,3.049,0.00%
2006/5/16,3.049,3.049,3.049,3.049,-1.17%
2006/5/15,3.085,3.085,3.085,3.085,-0.29%
2006/5/12,3.094,3.094,3.094,3.094,1.71%
2006/5/11,3.042,3.042,3.042,3.042,-0.03%
2006/5/10,3.043,3.043,3.043,3.043,-0.10%
2006/5/9,3.046,3.046,3.046,3.046,-2.71%
2006/5/8,3.131,3.131,3.131,3.131,2.76%
2006/4/30,3.047,3.047,3.047,3.047,-0.16%
2006/4/29,3.052,3.052,3.052,3.052,0.23%
2006/4/28,3.045,3.045,3.045,3.045,-0.03%
2006/4/27,3.046,3.046,3.046,3.046,-0.49%
2006/4/26,3.061,3.061,3.061,3.061,1.39%
2006/4/25,3.019,3.019,3.019,3.019,-0.59%
2006/4/24,3.037,3.037,3.037,3.037,0.20%
2006/4/21,3.031,3.031,3.031,3.031,-0.88%
2006/4/20,3.058,3.058,3.058,3.058,-1.32%
2006/4/19,3.099,3.099,3.099,3.099,-0.10%
2006/4/18,3.102,3.102,3.102,3.102,0.10%
2006/4/17,3.099,3.099,3.099,3.099,0.42%
2006/4/14,3.086,3.086,3.086,3.086,0.52%
2006/4/13,3.07,3.07,3.07,3.07,0.99%
2006/4/12,3.04,3.04,3.04,3.04,0.13%
2006/4/11,3.036,3.036,3.036,3.036,0.03%
2006/4/10,3.035,3.035,3.035,3.035,0.00%
2006/4/7,3.035,3.035,3.035,3.035,-0.69%
2006/4/6,3.056,3.056,3.056,3.056,1.02%
2006/4/5,3.025,3.025,3.025,3.025,0.07%
2006/4/4,3.023,3.023,3.023,3.023,2.89%
2006/4/3,2.938,2.938,2.938,2.938,-0.34%
2006/3/31,2.948,2.948,2.948,2.948,0.79%
2006/3/30,2.925,2.925,2.925,2.925,-0.85%
2006/3/29,2.95,2.95,2.95,2.95,0.17%
2006/3/28,2.945,2.945,2.945,2.945,0.17%
2006/3/27,2.94,2.94,2.94,2.94,-4.02%
2006/3/24,3.063,3.063,3.063,3.063,1.46%
2006/3/23,3.019,3.019,3.019,3.019,-0.40%
2006/3/22,3.031,3.031,3.031,3.031,0.36%
2006/3/21,3.02,3.02,3.02,3.02,0.53%
2006/3/20,3.004,3.004,3.004,3.004,0.87%
2006/3/17,2.978,2.978,2.978,2.978,0.20%
2006/3/16,2.972,2.972,2.972,2.972,-0.27%
2006/3/15,2.98,2.98,2.98,2.98,0.03%
2006/3/14,2.979,2.979,2.979,2.979,0.24%
2006/3/13,2.972,2.972,2.972,2.972,-1.07%
2006/3/10,3.004,3.004,3.004,3.004,1.52%
2006/3/9,2.959,2.959,2.959,2.959,-1.60%
2006/3/8,3.007,3.007,3.007,3.007,-0.20%
2006/3/7,3.013,3.013,3.013,3.013,1.35%
2006/3/6,2.973,2.973,2.973,2.973,0.03%
2006/3/3,2.972,2.972,2.972,2.972,0.10%
2006/3/2,2.969,2.969,2.969,2.969,0.20%
2006/3/1,2.963,2.963,2.963,2.963,-0.24%
2006/2/28,2.97,2.97,2.97,2.97,-2.21%
2006/2/27,3.037,3.037,3.037,3.037,1.37%
2006/2/24,2.996,2.996,2.996,2.996,-1.54%
2006/2/23,3.043,3.043,3.043,3.043,-1.71%
2006/2/22,3.096,3.096,3.096,3.096,1.18%
2006/2/21,3.06,3.06,3.06,3.06,-1.35%
2006/2/20,3.102,3.102,3.102,3.102,-0.51%
2006/2/17,3.118,3.118,3.118,3.118,-0.57%
2006/2/16,3.136,3.136,3.136,3.136,-1.20%
2006/2/15,3.174,3.174,3.174,3.174,3.19%
2006/2/14,3.076,3.076,3.076,3.076,-2.53%
2006/2/13,3.156,3.156,3.156,3.156,-1.22%
2006/2/10,3.195,3.195,3.195,3.195,1.78%
2006/2/9,3.139,3.139,3.139,3.139,-2.52%
2006/2/8,3.22,3.22,3.22,3.22,1.19%
2006/2/7,3.182,3.182,3.182,3.182,0.73%
2006/2/6,3.159,3.159,3.159,3.159,0.73%
2006/2/5,3.136,3.136,3.136,3.136,0.06%
2006/1/28,3.134,3.134,3.134,3.134,0.00%
2006/1/27,3.134,3.134,3.134,3.134,0.29%
2006/1/26,3.125,3.125,3.125,3.125,0.22%
2006/1/25,3.118,3.118,3.118,3.118,-2.29%
2006/1/24,3.191,3.191,3.191,3.191,-0.41%
2006/1/23,3.204,3.204,3.204,3.204,-0.12%
2006/1/20,3.208,3.208,3.208,3.208,1.97%
2006/1/19,3.146,3.146,3.146,3.146,-1.26%
2006/1/18,3.186,3.186,3.186,3.186,0.47%
2006/1/17,3.171,3.171,3.171,3.171,-2.10%
2006/1/16,3.239,3.239,3.239,3.239,0.56%
2006/1/13,3.221,3.221,3.221,3.221,-0.09%
2006/1/12,3.224,3.224,3.224,3.224,-1.35%
2006/1/11,3.268,3.268,3.268,3.268,0.34%
2006/1/10,3.257,3.257,3.257,3.257,0.37%
2006/1/9,3.245,3.245,3.245,3.245,0.00%
2006/1/6,3.245,3.245,3.245,3.245,-1.99%
2006/1/5,3.311,3.311,3.311,3.311,1.01%
2006/1/4,3.278,3.278,3.278,3.278,-0.70%
2005/12/31,3.301,3.301,3.301,3.301,-0.42%
2005/12/30,3.315,3.315,3.315,3.315,1.19%
2005/12/29,3.276,3.276,3.276,3.276,0.00%
2005/12/28,3.276,3.276,3.276,3.276,0.52%
2005/12/27,3.259,3.259,3.259,3.259,-2.19%
2005/12/26,3.332,3.332,3.332,3.332,0.33%
2005/12/23,3.321,3.321,3.321,3.321,-3.15%
2005/12/22,3.429,3.429,3.429,3.429,1.93%
2005/12/21,3.364,3.364,3.364,3.364,-0.38%
2005/12/20,3.377,3.377,3.377,3.377,0.90%
2005/12/19,3.347,3.347,3.347,3.347,2.64%
2005/12/16,3.261,3.261,3.261,3.261,-1.30%
2005/12/15,3.304,3.304,3.304,3.304,2.32%
2005/12/14,3.229,3.229,3.229,3.229,-4.33%
2005/12/13,3.375,3.375,3.375,3.375,0.33%
2005/12/12,3.364,3.364,3.364,3.364,-0.21%
2005/12/9,3.371,3.371,3.371,3.371,0.84%
2005/12/8,3.343,3.343,3.343,3.343,0.39%
2005/12/7,3.33,3.33,3.33,3.33,-1.04%
2005/12/6,3.365,3.365,3.365,3.365,-1.00%
2005/12/5,3.399,3.399,3.399,3.399,0.44%
2005/12/2,3.384,3.384,3.384,3.384,-0.73%
2005/12/1,3.409,3.409,3.409,3.409,3.52%
2005/11/30,3.293,3.293,3.293,3.293,-1.05%
2005/11/29,3.328,3.328,3.328,3.328,-1.04%
2005/11/28,3.363,3.363,3.363,3.363,1.14%
2005/11/25,3.325,3.325,3.325,3.325,0.18%
2005/11/24,3.319,3.319,3.319,3.319,0.94%
2005/11/23,3.288,3.288,3.288,3.288,0.37%
2005/11/22,3.276,3.276,3.276,3.276,-0.36%
2005/11/21,3.288,3.288,3.288,3.288,-0.21%
2005/11/18,3.295,3.295,3.295,3.295,2.65%
2005/11/17,3.21,3.21,3.21,3.21,-1.68%
2005/11/16,3.265,3.265,3.265,3.265,0.55%
2005/11/15,3.247,3.247,3.247,3.247,-0.67%
2005/11/14,3.269,3.269,3.269,3.269,-0.12%
2005/11/11,3.273,3.273,3.273,3.273,-0.21%
2005/11/10,3.28,3.28,3.28,3.28,0.52%
2005/11/9,3.263,3.263,3.263,3.263,0.15%
2005/11/8,3.258,3.258,3.258,3.258,0.74%
2005/11/7,3.234,3.234,3.234,3.234,-0.12%
2005/11/4,3.238,3.238,3.238,3.238,2.24%
2005/11/3,3.167,3.167,3.167,3.167,-2.01%
2005/11/2,3.232,3.232,3.232,3.232,1.16%
2005/11/1,3.195,3.195,3.195,3.195,0.66%
2005/10/31,3.174,3.174,3.174,3.174,-0.38%
2005/10/28,3.186,3.186,3.186,3.186,3.07%
2005/10/27,3.091,3.091,3.091,3.091,-0.23%
2005/10/26,3.098,3.098,3.098,3.098,0.32%
2005/10/25,3.088,3.088,3.088,3.088,-1.62%
2005/10/24,3.139,3.139,3.139,3.139,0.26%
2005/10/21,3.131,3.131,3.131,3.131,0.13%
2005/10/20,3.127,3.127,3.127,3.127,1.39%
2005/10/19,3.084,3.084,3.084,3.084,-1.15%
2005/10/18,3.12,3.12,3.12,3.12,-1.39%
2005/10/17,3.164,3.164,3.164,3.164,-0.57%
2005/10/14,3.182,3.182,3.182,3.182,-0.44%
2005/10/13,3.196,3.196,3.196,3.196,-0.37%
2005/10/12,3.208,3.208,3.208,3.208,0.25%
2005/10/11,3.2,3.2,3.2,3.2,-0.25%
2005/10/10,3.208,3.208,3.208,3.208,-3.87%
2005/10/9,3.337,3.337,3.337,3.337,1.31%
2005/10/8,3.294,3.294,3.294,3.294,-0.93%
2005/9/30,3.325,3.325,3.325,3.325,0.97%
2005/9/29,3.293,3.293,3.293,3.293,0.76%
2005/9/28,3.268,3.268,3.268,3.268,-0.79%
2005/9/27,3.294,3.294,3.294,3.294,-0.57%
2005/9/26,3.313,3.313,3.313,3.313,0.06%
2005/9/23,3.311,3.311,3.311,3.311,-0.06%
2005/9/22,3.313,3.313,3.313,3.313,0.12%
2005/9/21,3.309,3.309,3.309,3.309,-0.27%
2005/9/20,3.318,3.318,3.318,3.318,0.70%
2005/9/19,3.295,3.295,3.295,3.295,1.76%
2005/9/16,3.238,3.238,3.238,3.238,-3.20%
2005/9/15,3.345,3.345,3.345,3.345,-3.57%
2005/9/14,3.469,3.469,3.469,3.469,-0.29%
2005/9/13,3.479,3.479,3.479,3.479,-1.39%
2005/9/12,3.528,3.528,3.528,3.528,2.08%
2005/9/9,3.456,3.456,3.456,3.456,-0.03%
2005/9/8,3.457,3.457,3.457,3.457,0.32%
2005/9/7,3.446,3.446,3.446,3.446,-1.77%
2005/9/6,3.508,3.508,3.508,3.508,0.06%
2005/9/5,3.506,3.506,3.506,3.506,0.14%
2005/9/2,3.501,3.501,3.501,3.501,-0.14%
2005/9/1,3.506,3.506,3.506,3.506,-0.34%
2005/8/31,3.518,3.518,3.518,3.518,-0.06%
2005/8/30,3.52,3.52,3.52,3.52,0.11%
2005/8/29,3.516,3.516,3.516,3.516,0.00%
2005/8/26,3.516,3.516,3.516,3.516,0.46%
2005/8/25,3.5,3.5,3.5,3.5,-0.57%
2005/8/24,3.52,3.52,3.52,3.52,1.79%
2005/8/23,3.458,3.458,3.458,3.458,0.00%
2005/8/22,3.458,3.458,3.458,3.458,0.12%
2005/8/19,3.454,3.454,3.454,3.454,0.49%
2005/8/18,3.437,3.437,3.437,3.437,-1.18%
2005/8/17,3.478,3.478,3.478,3.478,0.06%
2005/8/16,3.476,3.476,3.476,3.476,0.64%
2005/8/15,3.454,3.454,3.454,3.454,0.00%
2005/8/12,3.454,3.454,3.454,3.454,-0.35%
2005/8/11,3.466,3.466,3.466,3.466,-1.17%
2005/8/10,3.507,3.507,3.507,3.507,0.46%
2005/8/9,3.491,3.491,3.491,3.491,-0.14%
2005/8/8,3.496,3.496,3.496,3.496,1.84%
2005/8/5,3.433,3.433,3.433,3.433,0.79%
2005/8/4,3.406,3.406,3.406,3.406,-0.50%
2005/8/3,3.423,3.423,3.423,3.423,-0.75%
2005/8/2,3.449,3.449,3.449,3.449,-1.00%
2005/8/1,3.484,3.484,3.484,3.484,-1.80%
2005/7/29,3.548,3.548,3.548,3.548,-2.90%
2005/7/28,3.654,3.654,3.654,3.654,1.56%
2005/7/27,3.598,3.598,3.598,3.598,-4.92%
2005/7/26,3.784,3.784,3.784,3.784,0.29%
2005/7/25,3.773,3.773,3.773,3.773,0.53%
2005/7/22,3.753,3.753,3.753,3.753,0.21%
2005/7/21,3.745,3.745,3.745,3.745,0.27%
2005/7/20,3.735,3.735,3.735,3.735,2.55%
2005/7/19,3.642,3.642,3.642,3.642,-2.70%
2005/7/18,3.743,3.743,3.743,3.743,0.56%
2005/7/15,3.722,3.722,3.722,3.722,-1.33%
2005/7/14,3.772,3.772,3.772,3.772,2.00%
2005/7/13,3.698,3.698,3.698,3.698,-1.78%
2005/7/12,3.765,3.765,3.765,3.765,-3.49%
2005/7/11,3.901,3.901,3.901,3.901,1.38%
2005/7/8,3.848,3.848,3.848,3.848,1.00%
2005/7/7,3.81,3.81,3.81,3.81,0.34%
2005/7/6,3.797,3.797,3.797,3.797,-1.58%
2005/7/5,3.858,3.858,3.858,3.858,0.21%
2005/7/4,3.85,3.85,3.85,3.85,-0.62%
2005/7/1,3.874,3.874,3.874,3.874,0.00%
2005/6/30,3.874,3.874,3.874,3.874,0.73%
2005/6/29,3.846,3.846,3.846,3.846,-0.44%
2005/6/28,3.863,3.863,3.863,3.863,0.99%
2005/6/27,3.825,3.825,3.825,3.825,-0.44%
2005/6/24,3.842,3.842,3.842,3.842,-0.85%
2005/6/23,3.875,3.875,3.875,3.875,-0.31%
2005/6/22,3.887,3.887,3.887,3.887,0.75%
2005/6/21,3.858,3.858,3.858,3.858,-1.93%
2005/6/20,3.934,3.934,3.934,3.934,1.50%
2005/6/17,3.876,3.876,3.876,3.876,-0.18%
2005/6/16,3.883,3.883,3.883,3.883,-2.85%
2005/6/15,3.997,3.997,3.997,3.997,-0.74%
2005/6/14,4.027,4.027,4.027,4.027,-1.56%
2005/6/13,4.091,4.091,4.091,4.091,0.17%
2005/6/10,4.084,4.084,4.084,4.084,-1.42%
2005/6/9,4.143,4.143,4.143,4.143,1.37%
2005/6/8,4.087,4.087,4.087,4.087,0.29%
2005/6/7,4.075,4.075,4.075,4.075,-0.56%
2005/6/6,4.098,4.098,4.098,4.098,-0.89%
2005/6/3,4.135,4.135,4.135,4.135,-0.41%
2005/6/2,4.152,4.152,4.152,4.152,0.05%
2005/6/1,4.15,4.15,4.15,4.15,0.41%
2005/5/31,4.133,4.133,4.133,4.133,1.35%
2005/5/30,4.078,4.078,4.078,4.078,0.69%
2005/5/27,4.05,4.05,4.05,4.05,-0.93%
2005/5/26,4.088,4.088,4.088,4.088,-2.48%
2005/5/25,4.192,4.192,4.192,4.192,3.43%
2005/5/24,4.053,4.053,4.053,4.053,-0.02%
2005/5/23,4.054,4.054,4.054,4.054,-2.59%
2005/5/20,4.162,4.162,4.162,4.162,0.29%
2005/5/19,4.15,4.15,4.15,4.15,-2.19%
2005/5/18,4.243,4.243,4.243,4.243,0.88%
2005/5/17,4.206,4.206,4.206,4.206,1.59%
2005/5/16,4.14,4.14,4.14,4.14,-2.61%
2005/5/13,4.251,4.251,4.251,4.251,-0.16%
2005/5/12,4.258,4.258,4.258,4.258,-0.47%
2005/5/11,4.278,4.278,4.278,4.278,0.05%
2005/5/10,4.276,4.276,4.276,4.276,0.16%
2005/5/9,4.269,4.269,4.269,4.269,-0.02%
2005/5/8,4.27,4.27,4.27,4.27,-2.00%
2005/4/30,4.357,4.357,4.357,4.357,2.04%
2005/4/29,4.27,4.27,4.27,4.27,0.07%
2005/4/28,4.267,4.267,4.267,4.267,0.05%
2005/4/27,4.265,4.265,4.265,4.265,-0.21%
2005/4/26,4.274,4.274,4.274,4.274,-0.40%
2005/4/25,4.291,4.291,4.291,4.291,0.09%
2005/4/22,4.287,4.287,4.287,4.287,-0.19%
2005/4/21,4.295,4.295,4.295,4.295,0.09%
2005/4/20,4.291,4.291,4.291,4.291,-0.74%
2005/4/19,4.323,4.323,4.323,4.323,-0.25%
2005/4/18,4.334,4.334,4.334,4.334,1.48%
2005/4/15,4.271,4.271,4.271,4.271,-2.80%
2005/4/14,4.394,4.394,4.394,4.394,0.83%
2005/4/13,4.358,4.358,4.358,4.358,1.16%
2005/4/12,4.308,4.308,4.308,4.308,-2.49%
2005/4/11,4.418,4.418,4.418,4.418,0.09%
2005/4/8,4.414,4.414,4.414,4.414,-1.16%
2005/4/7,4.466,4.466,4.466,4.466,0.45%
2005/4/6,4.446,4.446,4.446,4.446,-0.74%
2005/4/5,4.479,4.479,4.479,4.479,0.72%
2005/4/4,4.447,4.447,4.447,4.447,-0.43%
2005/4/1,4.466,4.466,4.466,4.466,1.25%
2005/3/31,4.411,4.411,4.411,4.411,-1.30%
2005/3/30,4.469,4.469,4.469,4.469,2.64%
2005/3/29,4.354,4.354,4.354,4.354,0.00%
2005/3/28,4.354,4.354,4.354,4.354,-0.48%
2005/3/25,4.375,4.375,4.375,4.375,0.18%
2005/3/24,4.367,4.367,4.367,4.367,-0.43%
2005/3/23,4.386,4.386,4.386,4.386,0.07%
2005/3/22,4.383,4.383,4.383,4.383,-1.31%
2005/3/21,4.441,4.441,4.441,4.441,-0.13%
2005/3/18,4.447,4.447,4.447,4.447,-1.40%
2005/3/17,4.51,4.51,4.51,4.51,0.40%
2005/3/16,4.492,4.492,4.492,4.492,-1.56%
2005/3/15,4.563,4.563,4.563,4.563,-0.26%
2005/3/14,4.575,4.575,4.575,4.575,-0.28%
2005/3/11,4.588,4.588,4.588,4.588,0.26%
2005/3/10,4.576,4.576,4.576,4.576,-0.74%
2005/3/9,4.61,4.61,4.61,4.61,0.04%
2005/3/8,4.608,4.608,4.608,4.608,-1.01%
2005/3/7,4.655,4.655,4.655,4.655,0.89%
2005/3/4,4.614,4.614,4.614,4.614,-0.88%
2005/3/3,4.655,4.655,4.655,4.655,-0.98%
2005/3/2,4.701,4.701,4.701,4.701,-0.06%
2005/3/1,4.704,4.704,4.704,4.704,0.68%
2005/2/28,4.672,4.672,4.672,4.672,-0.32%
2005/2/25,4.687,4.687,4.687,4.687,0.41%
2005/2/24,4.668,4.668,4.668,4.668,0.41%
2005/2/23,4.649,4.649,4.649,4.649,-0.66%
2005/2/22,4.68,4.68,4.68,4.68,-0.26%
2005/2/21,4.692,4.692,4.692,4.692,-0.66%
2005/2/18,4.723,4.723,4.723,4.723,0.85%
2005/2/17,4.683,4.683,4.683,4.683,0.04%
2005/2/16,4.681,4.681,4.681,4.681,-0.93%
2005/2/8,4.725,4.725,4.725,4.725,0.68%
2005/2/7,4.693,4.693,4.693,4.693,-0.09%
2005/2/6,4.697,4.697,4.697,4.697,0.17%
2005/2/5,4.689,4.689,4.689,4.689,0.00%
2005/2/4,4.689,4.689,4.689,4.689,0.43%
2005/2/3,4.669,4.669,4.669,4.669,-1.08%
2005/2/2,4.72,4.72,4.72,4.72,-0.17%
2005/2/1,4.728,4.728,4.728,4.728,1.74%
2005/1/31,4.647,4.647,4.647,4.647,-1.02%
2005/1/28,4.695,4.695,4.695,4.695,-0.40%
2005/1/27,4.714,4.714,4.714,4.714,-0.06%
2005/1/26,4.717,4.717,4.717,4.717,0.47%
2005/1/25,4.695,4.695,4.695,4.695,0.17%
2005/1/24,4.687,4.687,4.687,4.687,-0.74%
2005/1/21,4.722,4.722,4.722,4.722,0.21%
2005/1/20,4.712,4.712,4.712,4.712,-0.74%
2005/1/19,4.747,4.747,4.747,4.747,0.13%
2005/1/18,4.741,4.741,4.741,4.741,0.40%
2005/1/17,4.722,4.722,4.722,4.722,3.37%
2005/1/14,4.568,4.568,4.568,4.568,-1.30%
2005/1/13,4.628,4.628,4.628,4.628,-1.76%
2005/1/12,4.711,4.711,4.711,4.711,0.53%
2005/1/11,4.686,4.686,4.686,4.686,-0.11%
2005/1/10,4.691,4.691,4.691,4.691,3.30%
2005/1/7,4.541,4.541,4.541,4.541,-0.55%
2005/1/6,4.566,4.566,4.566,4.566,0.18%
2005/1/5,4.558,4.558,4.558,4.558,-2.21%
2005/1/4,4.661,4.661,4.661,4.661,2.82%
2004/12/31,4.533,4.533,4.533,4.533,-2.33%
2004/12/30,4.641,4.641,4.641,4.641,-2.05%
2004/12/29,4.738,4.738,4.738,4.738,-0.13%
2004/12/28,4.744,4.744,4.744,4.744,0.94%
2004/12/27,4.7,4.7,4.7,4.7,0.23%
2004/12/24,4.689,4.689,4.689,4.689,1.71%
2004/12/23,4.61,4.61,4.61,4.61,-1.05%
2004/12/22,4.659,4.659,4.659,4.659,-1.40%
2004/12/21,4.725,4.725,4.725,4.725,-0.11%
2004/12/20,4.73,4.73,4.73,4.73,-3.76%
2004/12/17,4.915,4.915,4.915,4.915,0.97%
2004/12/16,4.868,4.868,4.868,4.868,3.07%
2004/12/15,4.723,4.723,4.723,4.723,-2.52%
2004/12/13,4.845,4.845,4.845,4.845,1.61%
2004/12/10,4.768,4.768,4.768,4.768,-0.69%
2004/12/8,4.801,4.801,4.801,4.801,3.25%
2004/12/7,4.65,4.65,4.65,4.65,-0.36%
2004/12/6,4.667,4.667,4.667,4.667,-0.15%
2004/12/3,4.674,4.674,4.674,4.674,-0.36%
2004/12/2,4.691,4.691,4.691,4.691,0.02%
2004/12/1,4.69,4.69,4.69,4.69,-1.33%
2004/11/30,4.753,4.753,4.753,4.753,-1.59%
2004/11/29,4.83,4.83,4.83,4.83,-1.19%
2004/11/26,4.888,4.888,4.888,4.888,-0.71%
2004/11/25,4.923,4.923,4.923,4.923,1.53%
2004/11/24,4.849,4.849,4.849,4.849,-0.39%
2004/11/23,4.868,4.868,4.868,4.868,-0.59%
2004/11/22,4.897,4.897,4.897,4.897,-0.95%
2004/11/19,4.944,4.944,4.944,4.944,2.21%
2004/11/18,4.837,4.837,4.837,4.837,0.69%
2004/11/17,4.804,4.804,4.804,4.804,-0.04%
2004/11/16,4.806,4.806,4.806,4.806,0.00%
2004/11/15,4.806,4.806,4.806,4.806,-0.54%
2004/11/12,4.832,4.832,4.832,4.832,0.46%
2004/11/11,4.81,4.81,4.81,4.81,0.06%
2004/11/10,4.807,4.807,4.807,4.807,1.48%
2004/11/9,4.737,4.737,4.737,4.737,0.68%
2004/11/8,4.705,4.705,4.705,4.705,-1.40%
2004/11/5,4.772,4.772,4.772,4.772,1.23%
2004/11/4,4.714,4.714,4.714,4.714,-0.06%
2004/11/3,4.717,4.717,4.717,4.717,-2.10%
2004/11/2,4.818,4.818,4.818,4.818,0.63%
2004/11/1,4.788,4.788,4.788,4.788,-0.06%
2004/10/29,4.791,4.791,4.791,4.791,0.50%
2004/10/28,4.767,4.767,4.767,4.767,0.93%
2004/10/27,4.723,4.723,4.723,4.723,4.01%
2004/10/22,4.541,4.541,4.541,4.541,-0.13%
2004/10/21,4.547,4.547,4.547,4.547,-1.73%
2004/10/20,4.627,4.627,4.627,4.627,1.31%
2004/10/19,4.567,4.567,4.567,4.567,-0.13%
2004/10/18,4.573,4.573,4.573,4.573,-0.02%
2004/10/15,4.574,4.574,4.574,4.574,0.00%
2004/10/14,4.574,4.574,4.574,4.574,-0.02%
2004/10/13,4.575,4.575,4.575,4.575,-0.09%
2004/10/12,4.579,4.579,4.579,4.579,-0.52%
2004/10/11,4.603,4.603,4.603,4.603,-0.43%
2004/10/10,4.623,4.623,4.623,4.623,-3.22%
2004/10/9,4.777,4.777,4.777,4.777,-0.67%
2004/10/8,4.809,4.809,4.809,4.809,0.40%
2004/9/30,4.79,4.79,4.79,4.79,1.08%
2004/9/29,4.739,4.739,4.739,4.739,0.51%
2004/9/28,4.715,4.715,4.715,4.715,-3.30%
2004/9/27,4.876,4.876,4.876,4.876,0.81%
2004/9/24,4.837,4.837,4.837,4.837,-0.23%
2004/9/23,4.848,4.848,4.848,4.848,-0.04%
2004/9/22,4.85,4.85,4.85,4.85,2.45%
2004/9/21,4.734,4.734,4.734,4.734,-1.33%
2004/9/20,4.798,4.798,4.798,4.798,0.78%
2004/9/17,4.761,4.761,4.761,4.761,0.06%
2004/9/16,4.758,4.758,4.758,4.758,-0.10%
2004/9/15,4.763,4.763,4.763,4.763,0.13%
2004/9/14,4.757,4.757,4.757,4.757,-0.17%
2004/9/13,4.765,4.765,4.765,4.765,0.04%
2004/9/10,4.763,4.763,4.763,4.763,0.06%
2004/9/9,4.76,4.76,4.76,4.76,0.32%
2004/9/8,4.745,4.745,4.745,4.745,0.34%
2004/9/7,4.729,4.729,4.729,4.729,-0.88%
2004/9/6,4.771,4.771,4.771,4.771,-2.45%
2004/9/3,4.891,4.891,4.891,4.891,-0.10%
2004/9/2,4.896,4.896,4.896,4.896,0.60%
2004/9/1,4.867,4.867,4.867,4.867,-1.70%
2004/8/31,4.951,4.951,4.951,4.951,3.36%
2004/8/30,4.79,4.79,4.79,4.79,-0.15%
2004/8/27,4.797,4.797,4.797,4.797,0.73%
2004/8/26,4.762,4.762,4.762,4.762,3.34%
2004/8/25,4.608,4.608,4.608,4.608,0.35%
2004/8/24,4.592,4.592,4.592,4.592,-2.94%
2004/8/23,4.731,4.731,4.731,4.731,3.39%
2004/8/20,4.576,4.576,4.576,4.576,-1.95%
2004/8/19,4.667,4.667,4.667,4.667,-0.64%
2004/8/18,4.697,4.697,4.697,4.697,1.12%
2004/8/17,4.645,4.645,4.645,4.645,-0.02%
2004/8/16,4.646,4.646,4.646,4.646,-0.94%
2004/8/13,4.69,4.69,4.69,4.69,0.58%
2004/8/12,4.663,4.663,4.663,4.663,-0.34%
2004/8/11,4.679,4.679,4.679,4.679,0.09%
2004/8/10,4.675,4.675,4.675,4.675,0.30%
2004/8/9,4.661,4.661,4.661,4.661,0.00%
2004/8/6,4.661,4.661,4.661,4.661,0.56%
2004/8/5,4.635,4.635,4.635,4.635,-1.07%
2004/8/4,4.685,4.685,4.685,4.685,0.00%
2004/8/3,4.685,4.685,4.685,4.685,-0.68%
2004/8/2,4.717,4.717,4.717,4.717,1.57%
2004/7/30,4.644,4.644,4.644,4.644,-1.55%
2004/7/29,4.717,4.717,4.717,4.717,-0.17%
2004/7/28,4.725,4.725,4.725,4.725,-4.33%
2004/7/27,4.939,4.939,4.939,4.939,0.02%
2004/7/26,4.938,4.938,4.938,4.938,-0.08%
2004/7/23,4.942,4.942,4.942,4.942,0.18%
2004/7/22,4.933,4.933,4.933,4.933,0.16%
2004/7/21,4.925,4.925,4.925,4.925,1.19%
2004/7/20,4.867,4.867,4.867,4.867,0.00%
2004/7/19,4.867,4.867,4.867,4.867,-1.54%
2004/7/16,4.943,4.943,4.943,4.943,0.86%
2004/7/15,4.901,4.901,4.901,4.901,-0.83%
2004/7/14,4.942,4.942,4.942,4.942,2.72%
2004/7/13,4.811,4.811,4.811,4.811,0.12%
2004/7/12,4.805,4.805,4.805,4.805,0.25%
2004/7/9,4.793,4.793,4.793,4.793,-0.10%
2004/7/8,4.798,4.798,4.798,4.798,-0.77%
2004/7/7,4.835,4.835,4.835,4.835,0.21%
2004/7/6,4.825,4.825,4.825,4.825,-0.04%
2004/7/5,4.827,4.827,4.827,4.827,1.49%
2004/7/2,4.756,4.756,4.756,4.756,0.49%
2004/7/1,4.733,4.733,4.733,4.733,4.07%
2004/6/29,4.548,4.548,4.548,4.548,0.69%
2004/6/28,4.517,4.517,4.517,4.517,0.58%
2004/6/25,4.491,4.491,4.491,4.491,-2.67%
2004/6/24,4.614,4.614,4.614,4.614,0.61%
2004/6/23,4.586,4.586,4.586,4.586,-0.17%
2004/6/22,4.594,4.594,4.594,4.594,-0.20%
2004/6/21,4.603,4.603,4.603,4.603,2.86%
2004/6/18,4.475,4.475,4.475,4.475,-1.19%
2004/6/17,4.529,4.529,4.529,4.529,3.52%
2004/6/16,4.375,4.375,4.375,4.375,4.04%
2004/6/15,4.205,4.205,4.205,4.205,2.01%
2004/6/14,4.122,4.122,4.122,4.122,0.98%
2004/6/11,4.082,4.082,4.082,4.082,0.72%
2004/6/10,4.053,4.053,4.053,4.053,-2.95%
2004/6/8,4.176,4.176,4.176,4.176,2.20%
2004/6/7,4.086,4.086,4.086,4.086,3.36%
2004/6/4,3.953,3.953,3.953,3.953,-0.28%
2004/6/3,3.964,3.964,3.964,3.964,-1.02%
2004/6/2,4.005,4.005,4.005,4.005,-1.50%
2004/6/1,4.066,4.066,4.066,4.066,-1.19%
2004/5/31,4.115,4.115,4.115,4.115,1.78%
2004/5/28,4.043,4.043,4.043,4.043,2.35%
2004/5/26,3.95,3.95,3.95,3.95,-3.56%
2004/5/25,4.096,4.096,4.096,4.096,-1.49%
2004/5/24,4.158,4.158,4.158,4.158,0.63%
2004/5/21,4.132,4.132,4.132,4.132,-1.67%
2004/5/20,4.202,4.202,4.202,4.202,2.56%
2004/5/19,4.097,4.097,4.097,4.097,-2.17%
2004/5/18,4.188,4.188,4.188,4.188,-0.99%
2004/5/17,4.23,4.23,4.23,4.23,-0.05%
2004/5/14,4.232,4.232,4.232,4.232,2.89%
2004/5/13,4.113,4.113,4.113,4.113,-4.04%
2004/5/12,4.286,4.286,4.286,4.286,-1.04%
2004/5/11,4.331,4.331,4.331,4.331,3.89%
2004/5/10,4.169,4.169,4.169,4.169,3.81%
2004/5/9,4.016,4.016,4.016,4.016,0.00%
2004/5/8,4.016,4.016,4.016,4.016,-1.86%
2004/4/30,4.092,4.092,4.092,4.092,-2.20%
2004/4/29,4.184,4.184,4.184,4.184,2.75%
2004/4/28,4.072,4.072,4.072,4.072,1.32%
2004/4/27,4.019,4.019,4.019,4.019,-1.45%
2004/4/26,4.078,4.078,4.078,4.078,-2.32%
2004/4/23,4.175,4.175,4.175,4.175,4.48%
2004/4/22,3.996,3.996,3.996,3.996,-3.15%
2004/4/21,4.126,4.126,4.126,4.126,2.84%
2004/4/20,4.012,4.012,4.012,4.012,1.06%
2004/4/19,3.97,3.97,3.97,3.97,2.96%
2004/4/16,3.856,3.856,3.856,3.856,0.76%
2004/4/15,3.827,3.827,3.827,3.827,-2.10%
2004/4/14,3.909,3.909,3.909,3.909,-1.21%
2004/4/13,3.957,3.957,3.957,3.957,2.12%
2004/4/12,3.875,3.875,3.875,3.875,0.31%
2004/4/9,3.863,3.863,3.863,3.863,0.26%
2004/4/8,3.853,3.853,3.853,3.853,-0.98%
2004/4/7,3.891,3.891,3.891,3.891,2.69%
2004/4/6,3.789,3.789,3.789,3.789,0.03%
2004/4/5,3.788,3.788,3.788,3.788,0.13%
2004/4/2,3.783,3.783,3.783,3.783,-0.68%
2004/4/1,3.809,3.809,3.809,3.809,-4.30%
2004/3/31,3.98,3.98,3.98,3.98,5.26%
2004/3/30,3.781,3.781,3.781,3.781,3.05%
2004/3/29,3.669,3.669,3.669,3.669,-3.52%
2004/3/26,3.803,3.803,3.803,3.803,-1.20%
2004/3/25,3.849,3.849,3.849,3.849,1.64%
2004/3/24,3.787,3.787,3.787,3.787,-0.99%
2004/3/23,3.825,3.825,3.825,3.825,1.19%
2004/3/22,3.78,3.78,3.78,3.78,-1.41%
2004/3/19,3.834,3.834,3.834,3.834,-1.77%
2004/3/18,3.903,3.903,3.903,3.903,2.39%
2004/3/17,3.812,3.812,3.812,3.812,7.41%
2004/3/16,3.549,3.549,3.549,3.549,-0.28%
2004/3/15,3.559,3.559,3.559,3.559,3.52%
2004/3/12,3.438,3.438,3.438,3.438,-0.72%
2004/3/11,3.463,3.463,3.463,3.463,-0.12%
2004/3/10,3.467,3.467,3.467,3.467,-3.26%
2004/3/9,3.584,3.584,3.584,3.584,4.37%
2004/3/8,3.434,3.434,3.434,3.434,-6.38%
2004/3/5,3.668,3.668,3.668,3.668,-3.50%
2004/3/4,3.801,3.801,3.801,3.801,-0.63%
2004/3/2,3.825,3.825,3.825,3.825,-1.11%
2004/3/1,3.868,3.868,3.868,3.868,-2.03%
2004/2/27,3.948,3.948,3.948,3.948,-0.08%
2004/2/26,3.951,3.951,3.951,3.951,0.46%
2004/2/25,3.933,3.933,3.933,3.933,-0.25%
2004/2/24,3.943,3.943,3.943,3.943,3.68%
2004/2/23,3.803,3.803,3.803,3.803,-0.81%
2004/2/20,3.834,3.834,3.834,3.834,0.50%
2004/2/19,3.815,3.815,3.815,3.815,-1.29%
2004/2/18,3.865,3.865,3.865,3.865,2.14%
2004/2/17,3.784,3.784,3.784,3.784,-1.82%
2004/2/16,3.854,3.854,3.854,3.854,0.36%
2004/2/13,3.84,3.84,3.84,3.84,2.43%
2004/2/12,3.749,3.749,3.749,3.749,-1.83%
2004/2/11,3.819,3.819,3.819,3.819,-0.08%
2004/2/10,3.822,3.822,3.822,3.822,1.81%
2004/2/9,3.754,3.754,3.754,3.754,3.25%
2004/2/6,3.636,3.636,3.636,3.636,-3.48%
2004/2/5,3.767,3.767,3.767,3.767,0.83%
2004/2/4,3.736,3.736,3.736,3.736,4.80%
2004/2/3,3.565,3.565,3.565,3.565,-0.97%
2004/2/2,3.6,3.6,3.6,3.6,-4.26%
2004/1/30,3.76,3.76,3.76,3.76,4.39%
2004/1/29,3.602,3.602,3.602,3.602,-2.91%
2004/1/21,3.71,3.71,3.71,3.71,2.04%
2004/1/20,3.636,3.636,3.636,3.636,0.06%
2004/1/19,3.634,3.634,3.634,3.634,1.76%
2004/1/18,3.571,3.571,3.571,3.571,1.30%
2004/1/17,3.525,3.525,3.525,3.525,-4.55%
2004/1/16,3.693,3.693,3.693,3.693,3.59%
2004/1/15,3.565,3.565,3.565,3.565,-0.25%
2004/1/14,3.574,3.574,3.574,3.574,-3.95%
2004/1/13,3.721,3.721,3.721,3.721,1.81%
2004/1/12,3.655,3.655,3.655,3.655,-0.14%
2004/1/9,3.66,3.66,3.66,3.66,0.77%
2004/1/8,3.632,3.632,3.632,3.632,-1.92%
2004/1/7,3.703,3.703,3.703,3.703,1.26%
2004/1/6,3.657,3.657,3.657,3.657,1.92%
2004/1/5,3.588,3.588,3.588,3.588,-4.45%
2003/12/30,3.755,3.755,3.755,3.755,-0.03%
2003/12/29,3.756,3.756,3.756,3.756,-1.65%
2003/12/26,3.819,3.819,3.819,3.819,3.33%
2003/12/25,3.696,3.696,3.696,3.696,-1.39%
2003/12/24,3.748,3.748,3.748,3.748,0.16%
2003/12/23,3.742,3.742,3.742,3.742,-0.03%
2003/12/22,3.743,3.743,3.743,3.743,-0.56%
2003/12/19,3.764,3.764,3.764,3.764,2.17%
2003/12/18,3.684,3.684,3.684,3.684,-0.86%
2003/12/17,3.716,3.716,3.716,3.716,-0.64%
2003/12/16,3.74,3.74,3.74,3.74,-1.81%
2003/12/12,3.809,3.809,3.809,3.809,-1.98%
2003/12/11,3.886,3.886,3.886,3.886,2.67%
2003/12/10,3.785,3.785,3.785,3.785,-2.50%
2003/12/9,3.882,3.882,3.882,3.882,-1.12%
2003/12/8,3.926,3.926,3.926,3.926,3.92%
2003/12/5,3.778,3.778,3.778,3.778,-3.52%
2003/12/4,3.916,3.916,3.916,3.916,4.48%
2003/12/2,3.748,3.748,3.748,3.748,-0.24%
2003/12/1,3.757,3.757,3.757,3.757,-0.71%
2003/11/28,3.784,3.784,3.784,3.784,-1.48%
2003/11/27,3.841,3.841,3.841,3.841,3.84%
2003/11/26,3.699,3.699,3.699,3.699,-4.02%
2003/11/25,3.854,3.854,3.854,3.854,2.01%
2003/11/24,3.778,3.778,3.778,3.778,-0.32%
2003/11/21,3.79,3.79,3.79,3.79,-0.37%
2003/11/20,3.804,3.804,3.804,3.804,2.87%
2003/11/19,3.698,3.698,3.698,3.698,-3.42%
2003/11/18,3.829,3.829,3.829,3.829,1.27%
2003/11/17,3.781,3.781,3.781,3.781,1.12%
2003/11/14,3.739,3.739,3.739,3.739,1.16%
2003/11/13,3.696,3.696,3.696,3.696,-0.83%
2003/11/12,3.727,3.727,3.727,3.727,0.38%
2003/11/11,3.713,3.713,3.713,3.713,1.25%
2003/11/10,3.667,3.667,3.667,3.667,0.66%
2003/11/7,3.643,3.643,3.643,3.643,-2.33%
2003/11/6,3.73,3.73,3.73,3.73,0.38%
2003/11/5,3.716,3.716,3.716,3.716,3.16%
2003/11/4,3.602,3.602,3.602,3.602,0.98%
2003/11/3,3.567,3.567,3.567,3.567,-1.65%
2003/10/31,3.627,3.627,3.627,3.627,-0.11%
2003/10/30,3.631,3.631,3.631,3.631,0.39%
2003/10/29,3.617,3.617,3.617,3.617,2.46%
2003/10/28,3.53,3.53,3.53,3.53,0.23%
2003/10/27,3.522,3.522,3.522,3.522,-5.65%
2003/10/23,3.733,3.733,3.733,3.733,6.96%
2003/10/21,3.49,3.49,3.49,3.49,1.75%
2003/10/20,3.43,3.43,3.43,3.43,-0.06%
2003/10/17,3.432,3.432,3.432,3.432,1.18%
2003/10/16,3.392,3.392,3.392,3.392,-3.20%
2003/10/14,3.504,3.504,3.504,3.504,-0.11%
2003/10/13,3.508,3.508,3.508,3.508,-0.23%
2003/10/10,3.516,3.516,3.516,3.516,3.11%
2003/9/28,3.41,3.41,3.41,3.41,-0.12%
2003/9/27,3.414,3.414,3.414,3.414,-3.04%
2003/9/26,3.521,3.521,3.521,3.521,3.19%
2003/9/25,3.412,3.412,3.412,3.412,0.21%
2003/9/24,3.405,3.405,3.405,3.405,0.71%
2003/9/23,3.381,3.381,3.381,3.381,-1.60%
2003/9/22,3.436,3.436,3.436,3.436,2.81%
2003/9/19,3.342,3.342,3.342,3.342,5.29%
2003/9/18,3.174,3.174,3.174,3.174,-2.85%
2003/9/17,3.267,3.267,3.267,3.267,-4.67%
2003/9/16,3.427,3.427,3.427,3.427,1.03%
2003/9/15,3.392,3.392,3.392,3.392,-0.41%
2003/9/12,3.406,3.406,3.406,3.406,0.09%
2003/9/11,3.403,3.403,3.403,3.403,0.53%
2003/9/10,3.385,3.385,3.385,3.385,0.95%
2003/9/9,3.353,3.353,3.353,3.353,-0.27%
2003/9/8,3.362,3.362,3.362,3.362,3.57%
2003/9/5,3.246,3.246,3.246,3.246,9.18%
2003/9/4,2.973,2.973,2.973,2.973,0.47%
2003/9/3,2.959,2.959,2.959,2.959,0.78%
2003/9/2,2.936,2.936,2.936,2.936,-0.10%
2003/9/1,2.939,2.939,2.939,2.939,-0.03%
2003/8/29,2.94,2.94,2.94,2.94,-0.37%
2003/8/28,2.951,2.951,2.951,2.951,-0.10%
2003/8/27,2.954,2.954,2.954,2.954,0.03%
2003/8/26,2.953,2.953,2.953,2.953,0.41%
2003/8/25,2.941,2.941,2.941,2.941,0.31%
2003/8/22,2.932,2.932,2.932,2.932,0.17%
2003/8/21,2.927,2.927,2.927,2.927,0.17%
2003/8/20,2.922,2.922,2.922,2.922,-0.65%
2003/8/19,2.941,2.941,2.941,2.941,0.14%
2003/8/18,2.937,2.937,2.937,2.937,0.00%
2003/8/15,2.937,2.937,2.937,2.937,-0.07%
2003/8/14,2.939,2.939,2.939,2.939,-0.03%
2003/8/13,2.94,2.94,2.94,2.94,0.00%
2003/8/12,2.94,2.94,2.94,2.94,-0.17%
2003/8/11,2.945,2.945,2.945,2.945,0.00%
2003/8/8,2.945,2.945,2.945,2.945,-0.03%
2003/8/7,2.946,2.946,2.946,2.946,0.10%
2003/8/6,2.943,2.943,2.943,2.943,-0.07%
2003/8/5,2.945,2.945,2.945,2.945,0.10%
2003/8/4,2.942,2.942,2.942,2.942,0.20%
2003/8/1,2.936,2.936,2.936,2.936,1.17%
2003/7/31,2.902,2.902,2.902,2.902,-0.03%
2003/7/30,2.903,2.903,2.903,2.903,-0.41%
2003/7/29,2.915,2.915,2.915,2.915,-0.92%
2003/7/28,2.942,2.942,2.942,2.942,-0.98%
2003/7/25,2.971,2.971,2.971,2.971,0.27%
2003/7/24,2.963,2.963,2.963,2.963,-0.07%
2003/7/23,2.965,2.965,2.965,2.965,0.03%
2003/7/22,2.964,2.964,2.964,2.964,-0.03%
2003/7/21,2.965,2.965,2.965,2.965,-1.23%
2003/7/18,3.002,3.002,3.002,3.002,-0.03%
2003/7/17,3.003,3.003,3.003,3.003,-1.05%
2003/7/16,3.035,3.035,3.035,3.035,0.00%
2003/7/15,3.035,3.035,3.035,3.035,0.43%
2003/7/14,3.022,3.022,3.022,3.022,0.23%
2003/7/11,3.015,3.015,3.015,3.015,0.03%
2003/7/10,3.014,3.014,3.014,3.014,1.45%
2003/7/9,2.971,2.971,2.971,2.971,0.03%
2003/7/8,2.97,2.97,2.97,2.97,-0.10%
2003/7/7,2.973,2.973,2.973,2.973,-0.07%
2003/7/4,2.975,2.975,2.975,2.975,0.13%
2003/7/3,2.971,2.971,2.971,2.971,-0.50%
2003/7/2,2.986,2.986,2.986,2.986,-0.20%
2003/7/1,2.992,2.992,2.992,2.992,0.27%
2003/6/30,2.984,2.984,2.984,2.984,0.91%
2003/6/27,2.957,2.957,2.957,2.957,-0.64%
2003/6/26,2.976,2.976,2.976,2.976,-0.57%
2003/6/25,2.993,2.993,2.993,2.993,1.22%
2003/6/24,2.957,2.957,2.957,2.957,2.04%
2003/6/23,2.898,2.898,2.898,2.898,-0.21%
2003/6/20,2.904,2.904,2.904,2.904,-0.34%
2003/6/19,2.914,2.914,2.914,2.914,1.85%
2003/6/18,2.861,2.861,2.861,2.861,-2.65%
2003/6/17,2.939,2.939,2.939,2.939,-0.17%
2003/6/16,2.944,2.944,2.944,2.944,-0.44%
2003/6/13,2.957,2.957,2.957,2.957,1.83%
2003/6/12,2.904,2.904,2.904,2.904,-0.85%
2003/6/11,2.929,2.929,2.929,2.929,-0.17%
2003/6/10,2.934,2.934,2.934,2.934,0.34%
2003/6/9,2.924,2.924,2.924,2.924,0.10%
2003/6/6,2.921,2.921,2.921,2.921,1.35%
2003/6/5,2.882,2.882,2.882,2.882,0.17%
2003/6/4,2.877,2.877,2.877,2.877,-0.17%
2003/6/3,2.882,2.882,2.882,2.882,-0.62%
2003/6/2,2.9,2.9,2.9,2.9,0.10%
2003/5/30,2.897,2.897,2.897,2.897,-0.48%
2003/5/29,2.911,2.911,2.911,2.911,-0.24%
2003/5/28,2.918,2.918,2.918,2.918,-0.27%
2003/5/27,2.926,2.926,2.926,2.926,0.24%
2003/5/26,2.919,2.919,2.919,2.919,1.57%
2003/5/23,2.874,2.874,2.874,2.874,1.55%
2003/5/22,2.83,2.83,2.83,2.83,-4.23%
2003/5/21,2.955,2.955,2.955,2.955,0.07%
2003/5/20,2.953,2.953,2.953,2.953,0.24%
2003/5/19,2.946,2.946,2.946,2.946,-0.10%
2003/5/16,2.949,2.949,2.949,2.949,0.14%
2003/5/15,2.945,2.945,2.945,2.945,1.90%
2003/5/14,2.89,2.89,2.89,2.89,0.10%
2003/5/13,2.887,2.887,2.887,2.887,1.26%
2003/5/12,2.851,2.851,2.851,2.851,1.39%
2003/5/9,2.812,2.812,2.812,2.812,-1.82%
2003/5/8,2.864,2.864,2.864,2.864,-8.41%
2003/5/7,3.127,3.127,3.127,3.127,0.39%
2003/5/6,3.115,3.115,3.115,3.115,-0.19%
2003/4/30,3.121,3.121,3.121,3.121,3.83%
2003/4/29,3.006,3.006,3.006,3.006,-5.47%
2003/4/23,3.18,3.18,3.18,3.18,1.47%
2003/4/22,3.134,3.134,3.134,3.134,0.80%
2003/4/21,3.109,3.109,3.109,3.109,-2.69%
2003/4/18,3.195,3.195,3.195,3.195,-0.81%
2003/4/17,3.221,3.221,3.221,3.221,7.40%
2003/4/15,2.999,2.999,2.999,2.999,-0.17%
2003/4/14,3.004,3.004,3.004,3.004,0.33%
2003/4/11,2.994,2.994,2.994,2.994,-0.40%
2003/4/10,3.006,3.006,3.006,3.006,-0.33%
2003/4/9,3.016,3.016,3.016,3.016,0.50%
2003/4/8,3.001,3.001,3.001,3.001,-0.33%
2003/4/7,3.011,3.011,3.011,3.011,0.40%
2003/4/4,2.999,2.999,2.999,2.999,0.67%
2003/4/3,2.979,2.979,2.979,2.979,0.30%
2003/4/2,2.97,2.97,2.97,2.97,-0.13%
2003/4/1,2.974,2.974,2.974,2.974,0.37%
2003/3/31,2.963,2.963,2.963,2.963,0.14%
2003/3/28,2.959,2.959,2.959,2.959,-1.99%
2003/3/27,3.019,3.019,3.019,3.019,0.84%
2003/3/26,2.994,2.994,2.994,2.994,-2.12%
2003/3/25,3.059,3.059,3.059,3.059,0.00%
2003/3/24,3.059,3.059,3.059,3.059,-0.81%
2003/3/21,3.084,3.084,3.084,3.084,3.49%
2003/3/20,2.98,2.98,2.98,2.98,0.27%
2003/3/19,2.972,2.972,2.972,2.972,0.71%
2003/3/18,2.951,2.951,2.951,2.951,-0.51%
2003/3/17,2.966,2.966,2.966,2.966,-0.77%
2003/3/15,2.989,2.989,2.989,2.989,0.00%
2003/3/14,2.989,2.989,2.989,2.989,-2.67%
2003/3/13,3.071,3.071,3.071,3.071,2.71%
2003/3/12,2.99,2.99,2.99,2.99,1.39%
2003/3/11,2.949,2.949,2.949,2.949,-1.63%
2003/3/10,2.998,2.998,2.998,2.998,-2.22%
2003/3/8,3.066,3.066,3.066,3.066,0.00%
2003/3/7,3.066,3.066,3.066,3.066,0.33%
2003/3/6,3.056,3.056,3.056,3.056,-0.20%
2003/3/5,3.062,3.062,3.062,3.062,1.59%
2003/3/4,3.014,3.014,3.014,3.014,0.00%
2003/3/3,3.014,3.014,3.014,3.014,0.17%
2003/3/2,3.009,3.009,3.009,3.009,0.00%
2003/3/1,3.009,3.009,3.009,3.009,0.00%
2003/2/28,3.009,3.009,3.009,3.009,-0.07%
2003/2/27,3.011,3.011,3.011,3.011,0.74%
2003/2/26,2.989,2.989,2.989,2.989,0.07%
2003/2/25,2.987,2.987,2.987,2.987,0.20%
2003/2/24,2.981,2.981,2.981,2.981,-0.23%
2003/2/21,2.988,2.988,2.988,2.988,0.17%
2003/2/20,2.983,2.983,2.983,2.983,-0.13%
2003/2/19,2.987,2.987,2.987,2.987,-0.10%
2003/2/18,2.99,2.99,2.99,2.99,-0.60%
2003/2/17,3.008,3.008,3.008,3.008,0.87%
2003/2/14,2.982,2.982,2.982,2.982,-0.60%
2003/2/13,3,3,3,3,-0.03%
2003/2/12,3.001,3.001,3.001,3.001,-0.17%
2003/2/11,3.006,3.006,3.006,3.006,-0.03%
2003/2/10,3.007,3.007,3.007,3.007,-0.07%
2003/2/9,3.009,3.009,3.009,3.009,0.00%
2003/2/8,3.009,3.009,3.009,3.009,-1.57%
2003/1/31,3.057,3.057,3.057,3.057,0.00%
2003/1/30,3.057,3.057,3.057,3.057,-0.29%
2003/1/29,3.066,3.066,3.066,3.066,0.23%
2003/1/28,3.059,3.059,3.059,3.059,-0.65%
2003/1/27,3.079,3.079,3.079,3.079,1.92%
2003/1/24,3.021,3.021,3.021,3.021,-0.13%
2003/1/23,3.025,3.025,3.025,3.025,-0.03%
2003/1/22,3.026,3.026,3.026,3.026,-0.10%
2003/1/21,3.029,3.029,3.029,3.029,-0.16%
2003/1/20,3.034,3.034,3.034,3.034,-2.13%
2003/1/17,3.1,3.1,3.1,3.1,-0.16%
2003/1/16,3.105,3.105,3.105,3.105,2.68%
2003/1/15,3.024,3.024,3.024,3.024,-0.53%
2003/1/14,3.04,3.04,3.04,3.04,-0.07%
2003/1/13,3.042,3.042,3.042,3.042,-0.72%
2003/1/10,3.064,3.064,3.064,3.064,0.03%
2003/1/9,3.063,3.063,3.063,3.063,-0.29%
2003/1/8,3.072,3.072,3.072,3.072,-0.07%
2003/1/7,3.074,3.074,3.074,3.074,-0.45%
2003/1/6,3.088,3.088,3.088,3.088,0.42%
2003/1/3,3.075,3.075,3.075,3.075,0.65%
2003/1/2,3.055,3.055,3.055,3.055,-1.42%
2002/12/31,3.099,3.099,3.099,3.099,-2.18%
2002/12/30,3.168,3.168,3.168,3.168,4.83%
2002/12/26,3.022,3.022,3.022,3.022,-0.30%
2002/12/25,3.031,3.031,3.031,3.031,-0.13%
2002/12/24,3.035,3.035,3.035,3.035,0.03%
2002/12/23,3.034,3.034,3.034,3.034,-0.82%
2002/12/20,3.059,3.059,3.059,3.059,-0.16%
2002/12/19,3.064,3.064,3.064,3.064,-4.64%
2002/12/18,3.213,3.213,3.213,3.213,-0.25%
2002/12/17,3.221,3.221,3.221,3.221,-1.11%
2002/12/16,3.257,3.257,3.257,3.257,-1.33%
2002/12/13,3.301,3.301,3.301,3.301,-1.17%
2002/12/12,3.34,3.34,3.34,3.34,0.57%
2002/12/11,3.321,3.321,3.321,3.321,0.00%
2002/12/10,3.321,3.321,3.321,3.321,-0.75%
2002/12/9,3.346,3.346,3.346,3.346,-0.48%
2002/12/6,3.362,3.362,3.362,3.362,0.39%
2002/12/5,3.349,3.349,3.349,3.349,4.10%
2002/12/4,3.217,3.217,3.217,3.217,-3.65%
2002/12/3,3.339,3.339,3.339,3.339,0.51%
2002/11/28,3.322,3.322,3.322,3.322,0.58%
2002/11/27,3.303,3.303,3.303,3.303,2.29%
2002/11/26,3.229,3.229,3.229,3.229,-2.42%
2002/11/25,3.309,3.309,3.309,3.309,0.73%
2002/11/22,3.285,3.285,3.285,3.285,0.12%
2002/11/21,3.281,3.281,3.281,3.281,2.98%
2002/11/20,3.186,3.186,3.186,3.186,-0.09%
2002/11/19,3.189,3.189,3.189,3.189,0.00%
2002/11/18,3.189,3.189,3.189,3.189,1.24%
2002/11/15,3.15,3.15,3.15,3.15,0.00%
2002/11/14,3.15,3.15,3.15,3.15,0.00%
2002/11/13,3.15,3.15,3.15,3.15,-1.56%
2002/11/12,3.2,3.2,3.2,3.2,0.38%
2002/11/11,3.188,3.188,3.188,3.188,2.31%
2002/11/8,3.116,3.116,3.116,3.116,0.65%
2002/11/7,3.096,3.096,3.096,3.096,2.14%
2002/11/6,3.031,3.031,3.031,3.031,1.75%
2002/11/5,2.979,2.979,2.979,2.979,-4.00%
2002/11/4,3.103,3.103,3.103,3.103,1.21%
2002/11/1,3.066,3.066,3.066,3.066,-0.07%
2002/10/31,3.068,3.068,3.068,3.068,-1.60%
2002/10/30,3.118,3.118,3.118,3.118,2.00%
2002/10/29,3.057,3.057,3.057,3.057,-1.96%
2002/10/28,3.118,3.118,3.118,3.118,-0.22%
2002/10/25,3.125,3.125,3.125,3.125,0.48%
2002/10/24,3.11,3.11,3.11,3.11,2.44%
2002/10/23,3.036,3.036,3.036,3.036,-0.82%
2002/10/22,3.061,3.061,3.061,3.061,-0.65%
2002/10/21,3.081,3.081,3.081,3.081,-1.38%
2002/10/18,3.124,3.124,3.124,3.124,-0.03%
2002/10/17,3.125,3.125,3.125,3.125,-0.03%
2002/10/16,3.126,3.126,3.126,3.126,-0.51%
2002/10/15,3.142,3.142,3.142,3.142,-0.22%
2002/10/14,3.149,3.149,3.149,3.149,0.03%
2002/10/11,3.148,3.148,3.148,3.148,1.06%
2002/10/10,3.115,3.115,3.115,3.115,0.00%
2002/10/9,3.115,3.115,3.115,3.115,0.42%
2002/10/8,3.102,3.102,3.102,3.102,0.68%
2002/9/30,3.081,3.081,3.081,3.081,0.03%
2002/9/29,3.08,3.08,3.08,3.08,0.72%
2002/9/28,3.058,3.058,3.058,3.058,-1.55%
2002/9/27,3.106,3.106,3.106,3.106,-0.70%
2002/9/26,3.128,3.128,3.128,3.128,0.03%
2002/9/25,3.127,3.127,3.127,3.127,2.63%
2002/9/24,3.047,3.047,3.047,3.047,-0.07%
2002/9/23,3.049,3.049,3.049,3.049,0.23%
2002/9/20,3.042,3.042,3.042,3.042,0.03%
2002/9/19,3.041,3.041,3.041,3.041,-0.07%
2002/9/18,3.043,3.043,3.043,3.043,0.13%
2002/9/17,3.039,3.039,3.039,3.039,3.54%
2002/9/16,2.935,2.935,2.935,2.935,-0.03%
2002/9/13,2.936,2.936,2.936,2.936,-0.03%
2002/9/12,2.937,2.937,2.937,2.937,-0.44%
2002/9/11,2.95,2.95,2.95,2.95,0.65%
2002/9/10,2.931,2.931,2.931,2.931,-1.01%
2002/9/9,2.961,2.961,2.961,2.961,0.27%
2002/9/6,2.953,2.953,2.953,2.953,0.27%
2002/9/5,2.945,2.945,2.945,2.945,-0.81%
2002/9/4,2.969,2.969,2.969,2.969,2.49%
2002/9/3,2.897,2.897,2.897,2.897,2.58%
2002/9/2,2.824,2.824,2.824,2.824,-0.81%
2002/8/30,2.847,2.847,2.847,2.847,0.11%
2002/8/29,2.844,2.844,2.844,2.844,-0.18%
2002/8/28,2.849,2.849,2.849,2.849,0.64%
2002/8/27,2.831,2.831,2.831,2.831,-0.60%
2002/8/26,2.848,2.848,2.848,2.848,-0.14%
2002/8/23,2.852,2.852,2.852,2.852,0.74%
2002/8/22,2.831,2.831,2.831,2.831,-0.21%
2002/8/21,2.837,2.837,2.837,2.837,-1.25%
2002/8/20,2.873,2.873,2.873,2.873,-0.38%
2002/8/19,2.884,2.884,2.884,2.884,-0.38%
2002/8/16,2.895,2.895,2.895,2.895,0.14%
2002/8/15,2.891,2.891,2.891,2.891,-0.55%
2002/8/14,2.907,2.907,2.907,2.907,0.94%
2002/8/13,2.88,2.88,2.88,2.88,0.88%
2002/8/12,2.855,2.855,2.855,2.855,-0.21%
2002/8/9,2.861,2.861,2.861,2.861,0.18%
2002/8/8,2.856,2.856,2.856,2.856,1.38%
2002/8/7,2.817,2.817,2.817,2.817,0.21%
2002/8/6,2.811,2.811,2.811,2.811,-0.04%
2002/8/5,2.812,2.812,2.812,2.812,-0.39%
2002/8/2,2.823,2.823,2.823,2.823,-1.36%
2002/8/1,2.862,2.862,2.862,2.862,-0.28%
2002/7/31,2.87,2.87,2.87,2.87,0.67%
2002/7/30,2.851,2.851,2.851,2.851,3.26%
2002/7/29,2.761,2.761,2.761,2.761,1.25%
2002/7/26,2.727,2.727,2.727,2.727,0.18%
2002/7/25,2.722,2.722,2.722,2.722,0.37%
2002/7/24,2.712,2.712,2.712,2.712,-0.26%
2002/7/23,2.719,2.719,2.719,2.719,-0.48%
2002/7/22,2.732,2.732,2.732,2.732,0.00%
2002/7/19,2.732,2.732,2.732,2.732,-0.11%
2002/7/18,2.735,2.735,2.735,2.735,1.30%
2002/7/17,2.7,2.7,2.7,2.7,0.78%
2002/7/16,2.679,2.679,2.679,2.679,-0.78%
2002/7/15,2.7,2.7,2.7,2.7,1.24%
2002/7/12,2.667,2.667,2.667,2.667,0.38%
2002/7/11,2.657,2.657,2.657,2.657,0.91%
2002/7/10,2.633,2.633,2.633,2.633,1.78%
2002/7/9,2.587,2.587,2.587,2.587,-0.35%
2002/7/8,2.596,2.596,2.596,2.596,0.31%
2002/7/5,2.588,2.588,2.588,2.588,1.81%
2002/7/4,2.542,2.542,2.542,2.542,-0.08%
2002/7/3,2.544,2.544,2.544,2.544,0.43%
2002/7/2,2.533,2.533,2.533,2.533,-0.59%
2002/7/1,2.548,2.548,2.548,2.548,0.71%
2002/6/28,2.53,2.53,2.53,2.53,-0.71%
2002/6/27,2.548,2.548,2.548,2.548,-0.12%
2002/6/26,2.551,2.551,2.551,2.551,-0.20%
2002/6/25,2.556,2.556,2.556,2.556,0.91%
2002/6/24,2.533,2.533,2.533,2.533,3.43%
2002/6/21,2.449,2.449,2.449,2.449,0.66%
2002/6/20,2.433,2.433,2.433,2.433,-1.02%
2002/6/19,2.458,2.458,2.458,2.458,0.57%
2002/6/18,2.444,2.444,2.444,2.444,0.16%
2002/6/17,2.44,2.44,2.44,2.44,0.41%
2002/6/14,2.43,2.43,2.43,2.43,-0.45%
2002/6/13,2.441,2.441,2.441,2.441,0.45%
2002/6/12,2.43,2.43,2.43,2.43,-0.08%
2002/6/11,2.432,2.432,2.432,2.432,-0.12%
2002/6/10,2.435,2.435,2.435,2.435,0.70%
2002/6/7,2.418,2.418,2.418,2.418,0.17%
2002/6/6,2.414,2.414,2.414,2.414,-16.35%
