日付,終値,始値,高値,安値,変化率 %
2026/8/14,2.878,2.876,2.881,2.842,0.14%
2026/8/13,2.874,2.841,2.876,2.837,0.81%
2026/8/12,2.851,2.83,2.856,2.825,1.60%
2026/8/11,2.806,2.807,2.806,2.806,-0.11%
2026/8/10,2.809,2.781,2.815,2.781,0.32%
2026/8/7,2.8,2.798,2.803,2.781,1.38%
2026/8/6,2.762,2.81,2.81,2.755,-1.60%
2026/8/5,2.807,2.835,2.838,2.804,-1.44%
2026/8/4,2.848,2.811,2.867,2.788,0.89%
2026/8/3,2.823,2.82,2.834,2.806,0.97%
2026/7/31,2.796,2.807,2.819,2.776,-0.21%
2026/7/30,2.802,2.778,2.811,2.776,1.97%
2026/7/29,2.748,2.777,2.783,2.741,-1.19%
2026/7/28,2.781,2.791,2.801,2.763,0.22%
2026/7/27,2.775,2.791,2.791,2.755,-1.35%
2026/7/24,2.813,2.79,2.82,2.782,1.44%
2026/7/23,2.773,2.76,2.776,2.746,1.13%
2026/7/22,2.742,2.75,2.759,2.735,0.59%
2026/7/21,2.726,2.729,2.737,2.721,0.26%
2026/7/20,2.719,2.719,2.719,2.719,0.33%
2026/7/17,2.71,2.726,2.731,2.699,-0.07%
2026/7/16,2.712,2.674,2.713,2.673,0.93%
2026/7/15,2.687,2.675,2.702,2.654,-1.03%
2026/7/14,2.715,2.802,2.808,2.703,-2.76%
2026/7/13,2.792,2.728,2.796,2.728,0.98%
2026/7/10,2.765,2.868,2.876,2.76,-3.96%
2026/7/9,2.879,2.881,2.901,2.872,0.21%
2026/7/8,2.873,2.854,2.875,2.854,0.81%
2026/7/7,2.85,2.826,2.859,2.803,0.60%
2026/7/6,2.833,2.791,2.834,2.787,2.13%
2026/7/3,2.774,2.821,2.821,2.761,-0.04%
2026/7/2,2.775,2.718,2.775,2.71,2.63%
2026/7/1,2.704,2.702,2.725,2.7,0.97%
2026/6/30,2.678,2.644,2.691,2.641,1.59%
2026/6/29,2.636,2.631,2.651,2.629,1.27%
2026/6/26,2.603,2.649,2.65,2.594,-0.76%
2026/6/25,2.623,2.643,2.659,2.617,-1.69%
2026/6/24,2.668,2.668,2.683,2.662,-0.48%
2026/6/23,2.681,2.686,2.693,2.665,0.19%
2026/6/22,2.676,2.671,2.681,2.66,0.94%
2026/6/19,2.651,2.626,2.659,2.626,1.22%
2026/6/18,2.619,2.631,2.638,2.601,0.69%
2026/6/17,2.601,2.622,2.635,2.59,-1.77%
2026/6/16,2.648,2.58,2.661,2.58,2.60%
2026/6/15,2.581,2.613,2.613,2.559,-2.35%
2026/6/12,2.643,2.64,2.668,2.632,-1.56%
2026/6/11,2.685,2.709,2.713,2.675,0.07%
2026/6/10,2.683,2.672,2.707,2.665,0.56%
2026/6/9,2.668,2.731,2.747,2.666,-2.02%
2026/6/8,2.723,2.684,2.726,2.683,2.06%
2026/6/5,2.668,2.664,2.674,2.651,-0.22%
2026/6/4,2.674,2.649,2.678,2.635,1.21%
2026/6/3,2.642,2.59,2.645,2.585,2.68%
2026/6/2,2.573,2.691,2.697,2.571,-4.10%
2026/6/1,2.683,2.664,2.695,2.664,0.90%
2026/5/29,2.659,2.671,2.672,2.636,-1.45%
2026/5/28,2.698,2.707,2.724,2.681,0.26%
2026/5/27,2.691,2.721,2.736,2.689,-1.18%
2026/5/26,2.723,2.696,2.73,2.695,1.08%
2026/5/25,2.694,2.735,2.743,2.692,-2.53%
2026/5/22,2.764,2.767,2.791,2.76,0.00%
2026/5/21,2.764,2.744,2.784,2.737,-1.00%
2026/5/20,2.792,2.806,2.809,2.76,-0.29%
2026/5/19,2.8,2.722,2.804,2.712,2.23%
2026/5/18,2.739,2.761,2.804,2.737,1.22%
2026/5/15,2.706,2.65,2.734,2.65,2.85%
2026/5/14,2.631,2.59,2.639,2.59,1.58%
2026/5/13,2.59,2.575,2.599,2.565,1.61%
2026/5/12,2.549,2.531,2.55,2.53,1.07%
2026/5/11,2.522,2.478,2.524,2.478,1.78%
2026/5/8,2.478,2.484,2.494,2.475,0.49%
2026/5/7,2.466,2.482,2.503,2.465,-1.44%
2026/5/6,2.502,2.502,2.502,2.502,0.00%
2026/5/5,2.502,2.502,2.502,2.502,0.24%
2026/5/4,2.496,2.496,2.496,2.496,-0.40%
2026/5/1,2.506,2.493,2.519,2.482,-0.44%
2026/4/30,2.517,2.469,2.537,2.469,2.15%
2026/4/29,2.464,2.463,2.464,2.464,-0.12%
2026/4/28,2.467,2.48,2.487,2.46,-0.12%
2026/4/27,2.47,2.435,2.47,2.435,1.35%
2026/4/24,2.437,2.434,2.449,2.428,0.49%
2026/4/23,2.425,2.398,2.429,2.39,0.96%
2026/4/22,2.402,2.403,2.411,2.394,0.80%
2026/4/21,2.383,2.392,2.393,2.373,-0.63%
2026/4/20,2.398,2.417,2.417,2.389,-0.99%
2026/4/17,2.422,2.425,2.43,2.405,0.79%
2026/4/16,2.403,2.426,2.427,2.399,-0.21%
2026/4/15,2.408,2.426,2.434,2.395,-0.37%
2026/4/14,2.417,2.47,2.47,2.416,-2.07%
2026/4/13,2.468,2.456,2.496,2.456,1.31%
2026/4/10,2.436,2.397,2.436,2.396,1.67%
2026/4/9,2.396,2.384,2.411,2.384,1.05%
2026/4/8,2.371,2.39,2.391,2.346,-1.70%
2026/4/7,2.412,2.42,2.434,2.403,-0.62%
2026/4/6,2.427,2.389,2.428,2.389,1.93%
2026/4/3,2.381,2.382,2.399,2.369,-0.17%
2026/4/2,2.385,2.311,2.394,2.304,3.61%
2026/4/1,2.302,2.355,2.356,2.299,-2.42%
2026/3/31,2.359,2.359,2.372,2.334,0.13%
2026/3/30,2.356,2.392,2.396,2.355,-0.80%
2026/3/27,2.375,2.296,2.377,2.295,4.26%
2026/3/26,2.278,2.254,2.28,2.25,0.98%
2026/3/25,2.256,2.259,2.26,2.24,-0.66%
2026/3/24,2.271,2.307,2.307,2.267,-1.65%
2026/3/23,2.309,2.263,2.324,2.263,1.99%
2026/3/20,2.264,2.264,2.264,2.264,0.00%
2026/3/19,2.264,2.221,2.266,2.221,2.35%
2026/3/18,2.212,2.259,2.26,2.21,-2.56%
2026/3/17,2.27,2.265,2.282,2.26,-0.22%
2026/3/16,2.275,2.247,2.275,2.234,1.56%
2026/3/13,2.24,2.218,2.241,2.204,2.52%
2026/3/12,2.185,2.177,2.199,2.177,1.11%
2026/3/11,2.161,2.185,2.203,2.159,-0.92%
2026/3/10,2.181,2.161,2.181,2.152,-0.14%
2026/3/9,2.184,2.189,2.232,2.181,0.92%
2026/3/6,2.164,2.158,2.173,2.149,0.23%
2026/3/5,2.159,2.134,2.17,2.134,2.27%
2026/3/4,2.111,2.13,2.136,2.088,-1.72%
2026/3/3,2.148,2.085,2.148,2.08,3.97%
2026/3/2,2.066,2.084,2.106,2.061,-2.36%
2026/2/27,2.116,2.15,2.15,2.114,-1.67%
2026/2/26,2.152,2.163,2.173,2.15,0.70%
2026/2/25,2.137,2.079,2.144,2.078,1.57%
2026/2/24,2.104,2.103,2.108,2.048,0.14%
2026/2/23,2.101,2.101,2.101,2.101,-0.19%
2026/2/20,2.105,2.14,2.14,2.091,-1.64%
2026/2/19,2.14,2.156,2.161,2.135,0.05%
2026/2/18,2.139,2.128,2.149,2.09,0.56%
2026/2/17,2.127,2.202,2.202,2.126,-3.80%
2026/2/16,2.211,2.204,2.216,2.198,-0.14%
2026/2/13,2.214,2.194,2.24,2.187,-0.72%
2026/2/12,2.23,2.233,2.238,2.189,-0.31%
2026/2/11,2.237,2.235,2.237,2.237,-0.04%
2026/2/10,2.238,2.265,2.268,2.236,-2.36%
2026/2/9,2.292,2.263,2.295,2.263,2.55%
2026/2/6,2.235,2.208,2.239,2.172,0.36%
2026/2/5,2.227,2.249,2.26,2.225,-1.11%
2026/2/4,2.252,2.261,2.269,2.244,-0.22%
2026/2/3,2.257,2.258,2.262,2.249,1.17%
2026/2/2,2.231,2.251,2.281,2.228,-0.62%
2026/1/30,2.245,2.253,2.255,2.23,-0.27%
2026/1/29,2.251,2.245,2.262,2.241,0.67%
2026/1/28,2.236,2.288,2.288,2.232,-2.14%
2026/1/27,2.285,2.238,2.286,2.238,1.96%
2026/1/26,2.241,2.228,2.252,2.206,-0.84%
2026/1/23,2.26,2.231,2.261,2.223,0.94%
2026/1/22,2.239,2.29,2.3,2.223,-2.06%
2026/1/21,2.286,2.332,2.348,2.279,-2.35%
2026/1/20,2.341,2.275,2.355,2.275,2.95%
2026/1/19,2.274,2.186,2.279,2.186,4.22%
2026/1/16,2.182,2.168,2.189,2.168,0.97%
2026/1/15,2.161,2.173,2.173,2.144,-0.87%
2026/1/14,2.18,2.178,2.192,2.175,0.79%
2026/1/13,2.163,2.112,2.163,2.112,3.79%
2026/1/12,2.084,2.084,2.084,2.084,-0.48%
2026/1/9,2.094,2.077,2.099,2.074,0.87%
2026/1/8,2.076,2.109,2.11,2.073,-2.26%
2026/1/7,2.124,2.12,2.128,2.11,-0.42%
2026/1/6,2.133,2.117,2.134,2.102,0.61%
2026/1/5,2.12,2.083,2.128,2.083,2.32%
2026/1/2,2.072,2.072,2.072,2.072,0.00%
2026/1/1,2.072,2.072,2.072,2.072,-0.34%
2025/12/31,2.079,2.082,2.079,2.079,0.43%
2025/12/30,2.07,2.055,2.077,2.044,0.68%
2025/12/29,2.056,2.032,2.059,2.032,0.78%
2025/12/26,2.04,2.042,2.057,2.034,-0.49%
2025/12/25,2.05,2.044,2.054,1.999,0.29%
2025/12/24,2.044,2.039,2.045,2.016,0.20%
2025/12/23,2.04,2.055,2.065,2.029,-2.11%
2025/12/22,2.084,2.025,2.103,2.025,3.02%
2025/12/19,2.023,1.967,2.023,1.957,2.64%
2025/12/18,1.971,1.981,1.983,1.97,-0.25%
2025/12/17,1.976,1.955,1.983,1.955,1.18%
2025/12/16,1.953,1.963,1.965,1.949,-0.31%
2025/12/15,1.959,1.951,1.962,1.942,0.36%
2025/12/12,1.952,1.931,1.955,1.918,1.24%
2025/12/11,1.928,1.962,1.962,1.914,-1.43%
2025/12/10,1.956,1.959,1.965,1.952,-0.20%
2025/12/9,1.96,1.969,1.97,1.959,-0.20%
2025/12/8,1.964,1.951,1.966,1.945,0.77%
2025/12/5,1.949,1.937,1.949,1.927,0.62%
2025/12/4,1.937,1.895,1.941,1.895,2.32%
2025/12/3,1.893,1.859,1.894,1.859,1.99%
2025/12/2,1.856,1.869,1.884,1.854,-0.96%
2025/12/1,1.874,1.814,1.879,1.814,3.71%
2025/11/28,1.807,1.801,1.83,1.801,0.67%
2025/11/27,1.795,1.81,1.814,1.79,-1.05%
2025/11/26,1.814,1.795,1.82,1.792,0.55%
2025/11/25,1.804,1.781,1.805,1.781,1.29%
2025/11/24,1.781,1.781,1.781,1.781,-0.22%
2025/11/21,1.785,1.806,1.806,1.783,-1.76%
2025/11/20,1.817,1.794,1.846,1.794,3.06%
2025/11/19,1.763,1.756,1.781,1.754,1.15%
2025/11/18,1.743,1.733,1.76,1.733,0.75%
2025/11/17,1.73,1.705,1.734,1.705,1.59%
2025/11/14,1.703,1.697,1.704,1.689,0.41%
2025/11/13,1.696,1.687,1.696,1.68,0.41%
2025/11/12,1.689,1.691,1.692,1.68,-0.12%
2025/11/11,1.691,1.697,1.7,1.684,-0.53%
2025/11/10,1.7,1.687,1.7,1.687,1.19%
2025/11/7,1.68,1.671,1.688,1.671,-0.18%
2025/11/6,1.683,1.681,1.684,1.669,1.20%
2025/11/5,1.663,1.666,1.674,1.653,-0.72%
2025/11/4,1.675,1.669,1.683,1.668,1.27%
2025/11/3,1.654,1.654,1.654,1.654,-0.30%
2025/10/31,1.659,1.652,1.663,1.644,0.79%
2025/10/30,1.646,1.673,1.683,1.644,-0.30%
2025/10/29,1.651,1.643,1.656,1.643,0.49%
2025/10/28,1.643,1.658,1.664,1.643,-1.68%
2025/10/27,1.671,1.66,1.673,1.66,0.91%
2025/10/24,1.656,1.663,1.671,1.649,-0.24%
2025/10/23,1.66,1.641,1.661,1.641,0.36%
2025/10/22,1.654,1.661,1.668,1.648,-0.12%
2025/10/21,1.656,1.668,1.669,1.653,-0.78%
2025/10/20,1.669,1.631,1.674,1.631,2.71%
2025/10/17,1.625,1.641,1.642,1.614,-1.93%
2025/10/16,1.657,1.659,1.665,1.647,0.36%
2025/10/15,1.651,1.663,1.673,1.648,-0.60%
2025/10/14,1.661,1.663,1.682,1.654,-1.89%
2025/10/13,1.693,1.693,1.693,1.693,0.18%
2025/10/10,1.69,1.695,1.704,1.685,-0.24%
2025/10/9,1.694,1.695,1.697,1.684,-0.12%
2025/10/8,1.696,1.684,1.699,1.683,1.13%
2025/10/7,1.677,1.699,1.701,1.669,0.06%
2025/10/6,1.676,1.663,1.681,1.659,0.90%
2025/10/3,1.661,1.67,1.674,1.66,-0.12%
2025/10/2,1.663,1.643,1.663,1.634,0.79%
2025/10/1,1.65,1.65,1.658,1.633,0.12%
2025/9/30,1.648,1.645,1.656,1.626,0.37%
2025/9/29,1.642,1.652,1.656,1.632,-1.02%
2025/9/26,1.659,1.65,1.66,1.642,0.73%
2025/9/25,1.647,1.652,1.659,1.64,0.37%
2025/9/24,1.641,1.652,1.652,1.639,-1.08%
2025/9/23,1.659,1.662,1.659,1.659,0.24%
2025/9/22,1.655,1.643,1.668,1.635,0.85%
2025/9/19,1.641,1.612,1.646,1.608,2.56%
2025/9/18,1.6,1.601,1.605,1.589,0.25%
2025/9/17,1.596,1.609,1.611,1.595,-0.62%
2025/9/16,1.606,1.599,1.611,1.585,0.75%
2025/9/15,1.594,1.594,1.594,1.594,-0.13%
2025/9/12,1.596,1.58,1.596,1.579,1.27%
2025/9/11,1.576,1.568,1.58,1.559,0.70%
2025/9/10,1.565,1.577,1.588,1.56,0.26%
2025/9/9,1.561,1.555,1.566,1.54,-0.64%
2025/9/8,1.571,1.569,1.582,1.56,0.00%
2025/9/5,1.571,1.601,1.601,1.57,-2.18%
2025/9/4,1.606,1.629,1.629,1.603,-1.65%
2025/9/3,1.633,1.618,1.634,1.617,1.87%
2025/9/2,1.603,1.629,1.63,1.595,-1.23%
2025/9/1,1.623,1.604,1.625,1.603,1.25%
2025/8/29,1.603,1.609,1.62,1.603,-1.05%
2025/8/28,1.62,1.619,1.627,1.613,-0.37%
2025/8/27,1.626,1.624,1.63,1.615,0.18%
2025/8/26,1.623,1.619,1.625,1.613,0.43%
2025/8/25,1.616,1.607,1.623,1.607,0.00%
2025/8/22,1.616,1.613,1.62,1.608,0.50%
2025/8/21,1.608,1.606,1.614,1.598,-0.12%
2025/8/20,1.61,1.591,1.611,1.585,1.19%
2025/8/19,1.591,1.582,1.601,1.574,1.27%
2025/8/18,1.571,1.595,1.595,1.57,0.45%
2025/8/15,1.564,1.568,1.575,1.556,0.64%
2025/8/14,1.554,1.507,1.555,1.507,2.30%
2025/8/13,1.519,1.509,1.529,1.505,1.33%
2025/8/12,1.499,1.496,1.506,1.493,1.15%
2025/8/11,1.482,1.482,1.482,1.482,-0.54%
2025/8/8,1.49,1.49,1.5,1.487,0.00%
2025/8/7,1.49,1.492,1.496,1.484,-0.40%
2025/8/6,1.496,1.474,1.498,1.474,1.56%
2025/8/5,1.473,1.494,1.499,1.465,-2.19%
2025/8/4,1.506,1.489,1.511,1.466,-3.15%
2025/8/1,1.555,1.558,1.559,1.528,0.13%
2025/7/31,1.553,1.563,1.576,1.552,-0.45%
2025/7/30,1.56,1.559,1.56,1.539,0.13%
2025/7/29,1.558,1.569,1.573,1.55,-0.51%
2025/7/28,1.566,1.603,1.603,1.558,-2.31%
2025/7/25,1.603,1.606,1.61,1.586,0.19%
2025/7/24,1.6,1.598,1.61,1.585,0.31%
2025/7/23,1.595,1.534,1.601,1.531,6.12%
2025/7/22,1.503,1.531,1.541,1.495,-1.05%
2025/7/21,1.519,1.519,1.519,1.519,-0.20%
2025/7/18,1.522,1.558,1.56,1.518,-2.37%
2025/7/17,1.559,1.574,1.58,1.554,-0.83%
2025/7/16,1.572,1.591,1.6,1.565,-1.01%
2025/7/15,1.588,1.577,1.6,1.571,0.89%
2025/7/14,1.574,1.525,1.576,1.525,4.86%
2025/7/11,1.501,1.499,1.504,1.485,0.40%
2025/7/10,1.495,1.508,1.51,1.484,-0.60%
2025/7/9,1.504,1.501,1.505,1.484,0.94%
2025/7/8,1.49,1.463,1.499,1.46,2.41%
2025/7/7,1.455,1.438,1.461,1.438,0.90%
2025/7/4,1.442,1.458,1.461,1.434,-0.35%
2025/7/3,1.447,1.438,1.455,1.437,1.19%
2025/7/2,1.43,1.407,1.429,1.403,2.51%
2025/7/1,1.395,1.428,1.438,1.39,-2.38%
2025/6/30,1.429,1.437,1.451,1.43,0.07%
2025/6/27,1.428,1.42,1.43,1.416,0.92%
2025/6/26,1.415,1.404,1.42,1.391,1.22%
2025/6/25,1.398,1.424,1.425,1.394,-1.27%
2025/6/24,1.416,1.413,1.44,1.413,0.64%
2025/6/23,1.407,1.399,1.425,1.394,0.72%
2025/6/20,1.397,1.412,1.43,1.395,-1.13%
2025/6/19,1.413,1.455,1.458,1.41,-2.82%
2025/6/18,1.454,1.477,1.477,1.446,-1.36%
2025/6/17,1.474,1.453,1.491,1.44,1.73%
2025/6/16,1.449,1.411,1.452,1.411,3.28%
2025/6/13,1.403,1.431,1.431,1.385,-3.44%
2025/6/12,1.453,1.461,1.461,1.444,-0.14%
2025/6/11,1.455,1.477,1.478,1.455,-1.29%
2025/6/10,1.474,1.473,1.484,1.46,0.34%
2025/6/9,1.469,1.469,1.488,1.469,1.31%
2025/6/6,1.45,1.469,1.487,1.444,-0.48%
2025/6/5,1.457,1.486,1.493,1.455,-2.67%
2025/6/4,1.497,1.491,1.505,1.49,1.22%
2025/6/3,1.479,1.524,1.526,1.475,-1.40%
2025/6/2,1.5,1.5,1.514,1.499,0.20%
2025/5/30,1.497,1.5,1.516,1.484,-1.25%
2025/5/29,1.516,1.524,1.536,1.504,0.40%
2025/5/28,1.51,1.468,1.533,1.468,3.21%
2025/5/27,1.463,1.494,1.499,1.452,-2.53%
2025/5/26,1.501,1.533,1.541,1.507,-1.51%
2025/5/25,1.524,1.524,1.524,1.524,-0.91%
2025/5/23,1.538,1.565,1.576,1.542,-1.16%
2025/5/22,1.556,1.554,1.568,1.54,3.05%
2025/5/21,1.51,1.519,1.537,1.51,0.00%
2025/5/20,1.51,1.484,1.53,1.465,2.10%
2025/5/19,1.479,1.468,1.485,1.463,0.82%
2025/5/18,1.467,1.467,1.467,1.467,1.31%
2025/5/16,1.448,1.474,1.475,1.45,-1.83%
2025/5/15,1.475,1.475,1.489,1.47,1.86%
2025/5/14,1.448,1.452,1.457,1.44,0.35%
2025/5/13,1.443,1.46,1.473,1.444,3.66%
2025/5/12,1.392,1.374,1.405,1.374,2.65%
2025/5/9,1.356,1.347,1.371,1.347,1.95%
2025/5/8,1.33,1.302,1.33,1.27,2.23%
2025/5/7,1.301,1.268,1.3,1.266,2.44%
2025/5/2,1.27,1.253,1.29,1.253,-0.86%
2025/5/1,1.281,1.31,1.315,1.258,-2.66%
2025/4/30,1.316,1.316,1.327,1.304,-0.30%
2025/4/28,1.32,1.338,1.346,1.312,-1.27%
2025/4/25,1.337,1.318,1.355,1.318,1.36%
2025/4/24,1.319,1.355,1.36,1.313,-0.83%
2025/4/23,1.33,1.326,1.35,1.318,1.29%
2025/4/22,1.313,1.301,1.335,1.295,1.63%
2025/4/21,1.292,1.275,1.299,1.256,0.00%
2025/4/18,1.292,1.311,1.311,1.278,-1.82%
2025/4/17,1.316,1.288,1.33,1.259,1.62%
2025/4/16,1.295,1.368,1.368,1.288,-5.27%
2025/4/15,1.367,1.341,1.377,1.335,1.86%
2025/4/14,1.342,1.321,1.351,1.304,-0.52%
2025/4/11,1.349,1.342,1.37,1.33,-1.75%
2025/4/10,1.373,1.353,1.382,1.312,6.93%
2025/4/9,1.284,1.26,1.373,1.247,1.02%
2025/4/8,1.271,1.18,1.266,1.177,12.68%
2025/4/7,1.128,1.156,1.156,1.05,-4.08%
2025/4/4,1.176,1.321,1.321,1.16,-12.04%
2025/4/3,1.337,1.441,1.441,1.325,-7.98%
2025/4/2,1.453,1.499,1.513,1.469,-2.02%
2025/4/1,1.483,1.498,1.512,1.494,0.95%
2025/3/31,1.469,1.53,1.53,1.485,-3.86%
2025/3/28,1.528,1.582,1.59,1.544,-2.24%
2025/3/27,1.563,1.584,1.592,1.571,0.26%
2025/3/26,1.559,1.576,1.59,1.575,0.58%
2025/3/25,1.55,1.553,1.578,1.553,2.04%
2025/3/24,1.519,1.521,1.54,1.518,0.93%
2025/3/21,1.505,1.521,1.536,1.515,0.40%
2025/3/19,1.499,1.502,1.524,1.494,1.08%
2025/3/18,1.483,1.504,1.516,1.489,-0.54%
2025/3/17,1.491,1.515,1.534,1.502,-0.80%
2025/3/14,1.503,1.543,1.565,1.52,-1.31%
2025/3/13,1.523,1.514,1.55,1.496,1.20%
2025/3/12,1.505,1.522,1.553,1.518,0.94%
2025/3/11,1.491,1.532,1.547,1.489,-3.87%
2025/3/10,1.551,1.523,1.579,1.523,3.40%
2025/3/7,1.5,1.517,1.538,1.502,0.27%
2025/3/6,1.496,1.483,1.521,1.483,4.62%
2025/3/5,1.43,1.44,1.45,1.434,1.35%
2025/3/4,1.411,1.406,1.43,1.396,1.29%
2025/3/3,1.393,1.376,1.405,1.375,2.43%
2025/2/28,1.36,1.387,1.389,1.364,-1.52%
2025/2/27,1.381,1.365,1.411,1.363,1.92%
2025/2/26,1.355,1.384,1.384,1.319,-1.09%
2025/2/25,1.37,1.408,1.408,1.36,-2.91%
2025/2/21,1.411,1.46,1.467,1.395,-1.05%
2025/2/20,1.426,1.436,1.447,1.423,0.35%
2025/2/19,1.421,1.432,1.446,1.414,0.35%
2025/2/18,1.416,1.399,1.435,1.388,3.06%
2025/2/17,1.374,1.354,1.389,1.353,2.46%
2025/2/14,1.341,1.338,1.355,1.336,0.00%
2025/2/13,1.341,1.36,1.375,1.349,0.45%
2025/2/12,1.335,1.319,1.345,1.319,2.06%
2025/2/10,1.308,1.301,1.325,1.293,1.00%
2025/2/7,1.295,1.284,1.305,1.273,2.78%
2025/2/6,1.26,1.283,1.285,1.259,-1.56%
2025/2/5,1.28,1.292,1.3,1.283,0.71%
2025/2/4,1.271,1.258,1.275,1.255,2.33%
2025/2/3,1.242,1.256,1.264,1.219,0.00%
2025/1/31,1.242,1.213,1.248,1.213,2.73%
2025/1/30,1.209,1.201,1.219,1.201,1.60%
2025/1/29,1.19,1.193,1.199,1.18,-0.08%
2025/1/28,1.191,1.21,1.21,1.186,-2.14%
2025/1/27,1.217,1.233,1.235,1.214,-0.90%
2025/1/24,1.228,1.21,1.24,1.209,1.99%
2025/1/23,1.204,1.193,1.21,1.189,0.67%
2025/1/22,1.196,1.186,1.21,1.181,0.67%
2025/1/21,1.188,1.189,1.191,1.173,-0.50%
2025/1/20,1.194,1.203,1.204,1.189,-0.50%
2025/1/17,1.2,1.2,1.207,1.174,-0.25%
2025/1/16,1.203,1.232,1.243,1.201,-3.76%
2025/1/15,1.25,1.241,1.26,1.234,0.73%
2025/1/14,1.241,1.239,1.256,1.234,3.59%
2025/1/10,1.198,1.18,1.199,1.175,1.87%
2025/1/9,1.176,1.178,1.188,1.169,-0.08%
2025/1/8,1.177,1.161,1.179,1.161,5.18%
2025/1/7,1.119,1.131,1.139,1.122,0.45%
2025/1/6,1.114,1.095,1.126,1.094,2.96%
2024/12/30,1.082,1.113,1.12,1.09,-0.73%
2024/12/27,1.09,1.086,1.104,1.077,0.83%
2024/12/26,1.081,1.071,1.098,1.071,2.27%
2024/12/25,1.057,1.067,1.07,1.06,-0.28%
2024/12/24,1.06,1.072,1.074,1.062,0.28%
2024/12/23,1.057,1.046,1.065,1.042,1.25%
2024/12/20,1.044,1.063,1.063,1.03,-2.52%
2024/12/19,1.071,1.075,1.101,1.068,1.32%
2024/12/18,1.057,1.077,1.078,1.064,-1.31%
2024/12/17,1.071,1.075,1.083,1.069,1.32%
2024/12/16,1.057,1.054,1.068,1.053,2.32%
2024/12/13,1.033,1.048,1.053,1.031,-0.77%
2024/12/12,1.041,1.069,1.081,1.047,-1.70%
2024/12/11,1.059,1.066,1.077,1.064,0.57%
2024/12/10,1.053,1.048,1.072,1.047,1.94%
2024/12/9,1.033,1.046,1.047,1.03,-1.24%
2024/12/6,1.046,1.071,1.073,1.049,-1.51%
2024/12/5,1.062,1.054,1.072,1.051,1.53%
2024/12/4,1.046,1.077,1.078,1.044,-2.06%
2024/12/3,1.068,1.073,1.09,1.073,0.09%
2024/12/2,1.067,1.077,1.085,1.074,2.20%
2024/11/29,1.044,1.054,1.07,1.049,-0.29%
2024/11/28,1.047,1.056,1.061,1.049,-1.69%
2024/11/27,1.065,1.07,1.078,1.069,1.14%
2024/11/26,1.053,1.06,1.065,1.054,-1.13%
2024/11/25,1.065,1.072,1.08,1.066,-0.84%
2024/11/22,1.074,1.095,1.101,1.079,-1.20%
2024/11/21,1.087,1.073,1.099,1.073,2.45%
2024/11/20,1.061,1.057,1.075,1.055,0.38%
2024/11/19,1.057,1.073,1.073,1.059,-0.56%
2024/11/18,1.063,1.07,1.082,1.065,-0.37%
2024/11/15,1.067,1.065,1.085,1.065,1.43%
2024/11/14,1.052,1.053,1.06,1.05,1.35%
2024/11/13,1.038,1.033,1.048,1.029,3.70%
2024/11/12,1.001,0.999,1.006,0.995,0.70%
2024/11/11,0.994,1.001,1.002,0.987,-0.50%
2024/11/8,0.999,0.993,1.005,0.985,-0.70%
2024/11/7,1.006,0.992,1.019,0.991,2.65%
2024/11/6,0.98,0.927,0.992,0.917,5.04%
2024/11/5,0.933,0.943,0.946,0.933,-1.17%
2024/11/1,0.944,0.954,0.966,0.941,0.75%
2024/10/31,0.937,0.959,0.967,0.935,-1.68%
2024/10/30,0.953,0.976,0.98,0.955,-2.36%
2024/10/29,0.976,0.978,0.979,0.967,0.62%
2024/10/28,0.97,0.942,0.976,0.93,2.21%
2024/10/25,0.949,0.961,0.966,0.945,-1.15%
2024/10/24,0.96,0.985,0.986,0.956,-2.04%
2024/10/23,0.98,0.98,0.985,0.975,0.00%
2024/10/22,0.98,0.983,0.992,0.974,2.62%
2024/10/21,0.955,0.961,0.965,0.954,-0.31%
2024/10/20,0.958,0.958,0.958,0.958,-1.24%
2024/10/18,0.97,0.974,0.986,0.97,0.52%
2024/10/17,0.965,0.949,0.967,0.948,1.15%
2024/10/16,0.954,0.962,0.962,0.95,-1.75%
2024/10/15,0.971,0.958,0.972,0.955,1.78%
2024/10/14,0.954,0.946,0.954,0.946,0.42%
2024/10/11,0.95,0.957,0.957,0.94,-0.84%
2024/10/10,0.958,0.946,0.96,0.941,2.35%
2024/10/9,0.936,0.927,0.938,0.925,1.08%
2024/10/8,0.926,0.934,0.936,0.924,0.54%
2024/10/7,0.921,0.916,0.926,0.91,0.11%
2024/10/6,0.92,0.92,0.92,0.92,4.55%
2024/10/4,0.88,0.875,0.885,0.87,7.19%
2024/10/3,0.821,0.829,0.835,0.815,0.61%
2024/10/2,0.816,0.829,0.84,0.816,-4.56%
2024/10/1,0.855,0.856,0.863,0.845,0.00%
2024/9/30,0.855,0.849,0.861,0.849,-1.04%
2024/9/29,0.864,0.864,0.864,0.864,7.20%
2024/9/27,0.806,0.826,0.826,0.798,-3.01%
2024/9/26,0.831,0.818,0.837,0.818,2.47%
2024/9/25,0.811,0.804,0.816,0.797,0.12%
2024/9/24,0.81,0.834,0.834,0.81,-3.23%
2024/9/23,0.837,0.843,0.843,0.837,-3.35%
2024/9/20,0.866,0.853,0.866,0.845,1.29%
2024/9/19,0.855,0.842,0.856,0.842,3.51%
2024/9/18,0.826,0.829,0.835,0.815,0.00%
2024/9/17,0.826,0.841,0.841,0.819,-0.84%
2024/9/16,0.833,0.848,0.848,0.833,-0.95%
2024/9/13,0.841,0.863,0.864,0.834,-2.32%
2024/9/12,0.861,0.855,0.879,0.855,1.18%
2024/9/11,0.851,0.869,0.872,0.845,-4.49%
2024/9/10,0.891,0.878,0.896,0.878,0.00%
2024/9/9,0.891,0.854,0.895,0.854,1.02%
2024/9/8,0.882,0.882,0.882,0.882,3.64%
2024/9/6,0.851,0.87,0.876,0.85,-2.63%
2024/9/5,0.874,0.862,0.876,0.86,-1.35%
2024/9/4,0.886,0.913,0.913,0.88,-3.80%
2024/9/3,0.921,0.914,0.931,0.913,1.66%
2024/9/2,0.906,0.91,0.915,0.905,1.68%
2024/8/30,0.891,0.897,0.913,0.89,0.00%
2024/8/29,0.891,0.897,0.907,0.885,-0.34%
2024/8/28,0.894,0.879,0.896,0.878,1.48%
2024/8/27,0.881,0.889,0.892,0.879,0.00%
2024/8/26,0.881,0.892,0.892,0.875,-0.45%
2024/8/25,0.885,0.885,0.885,0.885,-1.12%
2024/8/23,0.895,0.896,0.905,0.885,2.29%
2024/8/22,0.875,0.868,0.881,0.861,0.46%
2024/8/21,0.871,0.879,0.889,0.864,-2.13%
2024/8/20,0.89,0.891,0.898,0.879,-0.11%
2024/8/19,0.891,0.876,0.906,0.876,0.56%
2024/8/18,0.886,0.886,0.886,0.886,1.14%
2024/8/16,0.876,0.88,0.888,0.873,4.53%
2024/8/15,0.838,0.811,0.839,0.808,2.95%
2024/8/14,0.814,0.843,0.843,0.806,-3.55%
2024/8/13,0.844,0.851,0.867,0.842,-0.71%
2024/8/12,0.85,0.857,0.857,0.85,-0.93%
2024/8/9,0.858,0.866,0.883,0.853,2.63%
2024/8/8,0.836,0.882,0.906,0.835,-4.57%
2024/8/7,0.876,0.885,0.918,0.847,-2.23%
2024/8/6,0.896,0.814,0.953,0.814,16.67%
2024/8/5,0.768,0.863,0.865,0.733,-10.39%
2024/8/4,0.857,0.857,0.857,0.857,-10.73%
2024/8/2,0.96,1.013,1.013,0.956,-7.07%
2024/8/1,1.033,1.04,1.058,1.027,-2.64%
2024/7/31,1.061,1.062,1.076,1.02,5.99%
2024/7/30,1.001,1.019,1.025,1,-2.44%
2024/7/29,1.026,1.052,1.052,1.02,-2.10%
2024/7/28,1.048,1.048,1.048,1.048,-1.04%
2024/7/26,1.059,1.067,1.068,1.05,-1.03%
2024/7/25,1.07,1.093,1.106,1.066,-0.47%
2024/7/24,1.075,1.064,1.085,1.064,1.32%
2024/7/23,1.061,1.063,1.076,1.06,0.95%
2024/7/22,1.051,1.042,1.055,1.033,1.25%
2024/7/21,1.038,1.038,1.038,1.038,0.19%
2024/7/19,1.036,1.041,1.055,1.028,0.10%
2024/7/18,1.035,1.034,1.065,1.033,0.19%
2024/7/17,1.033,1.016,1.035,1.005,1.18%
2024/7/16,1.021,1.053,1.057,1.015,-2.85%
2024/7/15,1.051,1.051,1.051,1.051,0.38%
2024/7/12,1.047,1.079,1.079,1.045,-3.59%
2024/7/11,1.086,1.086,1.091,1.081,0.09%
2024/7/10,1.085,1.083,1.094,1.08,0.93%
2024/7/9,1.075,1.094,1.095,1.071,-1.01%
2024/7/8,1.086,1.068,1.093,1.065,0.65%
2024/7/7,1.079,1.068,1.079,1.079,0.75%
2024/7/5,1.071,1.08,1.083,1.07,-1.20%
2024/7/4,1.084,1.081,1.093,1.079,-1.45%
2024/7/3,1.1,1.105,1.106,1.094,1.38%
2024/7/2,1.085,1.078,1.089,1.066,2.26%
2024/7/1,1.061,1.073,1.085,1.061,-0.19%
2024/6/30,1.063,1.073,1.063,1.063,1.63%
2024/6/28,1.046,1.064,1.089,1.04,-2.70%
2024/6/27,1.075,1.05,1.084,1.05,5.08%
2024/6/26,1.023,1.001,1.024,0.998,2.30%
2024/6/25,1,0.995,1.001,0.988,1.01%
2024/6/24,0.99,0.995,1,0.989,1.02%
2024/6/23,0.98,0.995,0.98,0.98,0.00%
2024/6/21,0.98,0.972,0.985,0.97,2.73%
2024/6/20,0.954,0.932,0.956,0.928,1.92%
2024/6/19,0.936,0.943,0.953,0.933,-0.53%
2024/6/18,0.941,0.942,0.947,0.934,1.29%
2024/6/17,0.929,0.919,0.934,0.916,0.65%
2024/6/16,0.923,0.919,0.923,0.923,-0.75%
2024/6/14,0.93,0.951,0.952,0.898,-3.93%
2024/6/13,0.968,0.975,0.978,0.955,-2.02%
2024/6/12,0.988,1.007,1.009,0.983,-3.61%
2024/6/11,1.025,1.034,1.039,1.015,-1.06%
2024/6/10,1.036,1.007,1.037,1.007,3.70%
2024/6/9,0.999,1.007,0.999,0.999,2.36%
2024/6/7,0.976,0.967,0.994,0.96,1.56%
2024/6/6,0.961,0.994,0.999,0.956,-3.90%
2024/6/5,1,1.009,1.009,0.988,-3.29%
2024/6/4,1.034,1.047,1.051,1.03,-3.00%
2024/6/3,1.066,1.067,1.073,1.059,0.95%
2024/6/2,1.056,1.067,1.056,1.056,-1.77%
2024/5/31,1.075,1.057,1.078,1.048,1.42%
2024/5/30,1.06,1.085,1.103,1.058,-1.85%
2024/5/29,1.08,1.053,1.081,1.049,4.45%
2024/5/28,1.034,1.023,1.045,1.02,0.88%
2024/5/27,1.025,1.001,1.029,1.001,3.12%
2024/5/26,0.994,1.001,0.994,0.994,-1.39%
2024/5/24,1.008,1.008,1.011,0.998,0.80%
2024/5/23,1,1,1.004,0.99,0.50%
2024/5/22,0.995,0.981,1,0.978,1.53%
2024/5/21,0.98,0.985,0.985,0.97,0.31%
2024/5/20,0.977,0.963,0.979,0.962,2.09%
2024/5/19,0.957,0.963,0.957,0.957,0.84%
2024/5/17,0.949,0.941,0.95,0.93,3.15%
2024/5/16,0.92,0.934,0.937,0.914,-3.36%
2024/5/15,0.952,0.963,0.963,0.951,-0.94%
2024/5/14,0.961,0.945,0.971,0.945,2.13%
2024/5/13,0.941,0.914,0.947,0.909,3.75%
2024/5/12,0.907,0.914,0.907,0.907,-0.33%
2024/5/10,0.91,0.906,0.916,0.904,0.22%
2024/5/9,0.908,0.886,0.927,0.886,3.30%
2024/5/8,0.879,0.865,0.879,0.855,0.92%
2024/5/7,0.871,0.876,0.885,0.869,0.00%
2024/5/6,0.871,0.876,0.871,0.871,-3.65%
2024/5/2,0.904,0.875,0.904,0.873,1.23%
2024/5/1,0.893,0.886,0.895,0.885,2.41%
2024/4/30,0.872,0.892,0.892,0.865,-0.11%
2024/4/29,0.873,0.892,0.873,0.873,-5.11%
2024/4/26,0.92,0.935,0.935,0.905,2.79%
2024/4/25,0.895,0.896,0.901,0.888,0.79%
2024/4/24,0.888,0.882,0.893,0.878,0.34%
2024/4/23,0.885,0.878,0.893,0.874,0.57%
2024/4/22,0.88,0.853,0.885,0.853,2.44%
2024/4/21,0.859,0.853,0.859,0.859,2.87%
2024/4/19,0.835,0.872,0.877,0.823,-3.47%
2024/4/18,0.865,0.875,0.887,0.863,-2.70%
2024/4/17,0.889,0.877,0.891,0.871,2.54%
2024/4/16,0.867,0.878,0.887,0.865,0.81%
2024/4/15,0.86,0.856,0.861,0.841,1.78%
2024/4/14,0.845,0.856,0.85,0.845,-1.86%
2024/4/12,0.861,0.856,0.868,0.841,0.70%
2024/4/11,0.855,0.826,0.861,0.826,7.41%
2024/4/10,0.796,0.794,0.798,0.79,1.40%
2024/4/9,0.785,0.784,0.791,0.78,0.13%
2024/4/8,0.784,0.782,0.787,0.778,-0.13%
2024/4/7,0.785,0.782,0.785,0.785,1.95%
2024/4/5,0.77,0.772,0.78,0.764,-0.65%
2024/4/4,0.775,0.768,0.777,0.76,1.31%
2024/4/3,0.765,0.779,0.781,0.762,2.68%
2024/4/2,0.745,0.753,0.756,0.724,0.68%
2024/4/1,0.74,0.734,0.751,0.734,1.09%
2024/3/31,0.732,0.734,0.732,0.732,0.83%
2024/3/29,0.726,0.714,0.73,0.714,2.83%
2024/3/28,0.706,0.722,0.726,0.7,-2.22%
2024/3/27,0.722,0.739,0.746,0.72,-2.30%
2024/3/26,0.739,0.736,0.746,0.733,1.23%
2024/3/25,0.73,0.732,0.732,0.72,1.67%
2024/3/24,0.718,0.732,0.718,0.718,-3.23%
2024/3/22,0.742,0.744,0.751,0.736,-0.40%
2024/3/21,0.745,0.727,0.746,0.725,2.90%
2024/3/20,0.724,0.727,0.724,0.724,-1.09%
2024/3/19,0.732,0.761,0.771,0.725,-3.17%
2024/3/18,0.756,0.789,0.796,0.756,-2.70%
2024/3/17,0.777,0.781,0.781,0.777,-1.02%
2024/3/15,0.785,0.789,0.801,0.785,0.51%
2024/3/14,0.781,0.77,0.787,0.77,2.63%
2024/3/13,0.761,0.771,0.772,0.758,-1.17%
2024/3/12,0.77,0.774,0.779,0.765,0.79%
2024/3/11,0.764,0.758,0.77,0.756,0.73%
2024/3/10,0.758,0.754,0.758,0.754,3.20%
2024/3/8,0.735,0.742,0.746,0.73,0.41%
2024/3/7,0.732,0.722,0.741,0.721,2.38%
2024/3/6,0.715,0.705,0.721,0.701,1.85%
2024/3/5,0.702,0.722,0.731,0.701,-1.54%
2024/3/4,0.713,0.707,0.719,0.704,1.78%
2024/3/3,0.701,0.702,0.702,0.701,-2.16%
2024/3/1,0.716,0.714,0.726,0.71,0.14%
2024/2/29,0.715,0.694,0.732,0.686,2.14%
2024/2/28,0.7,0.695,0.705,0.691,1.30%
2024/2/27,0.691,0.697,0.706,0.689,0.58%
2024/2/26,0.687,0.715,0.715,0.686,-1.65%
2024/2/25,0.698,0.711,0.711,0.698,-2.44%
2024/2/22,0.716,0.732,0.737,0.703,-1.38%
2024/2/21,0.726,0.733,0.735,0.725,-0.68%
2024/2/20,0.731,0.735,0.746,0.725,0.00%
2024/2/19,0.731,0.732,0.736,0.721,0.90%
2024/2/18,0.725,0.724,0.725,0.724,-0.89%
2024/2/16,0.731,0.723,0.741,0.718,0.27%
2024/2/15,0.729,0.75,0.752,0.715,-3.57%
2024/2/14,0.756,0.756,0.775,0.749,4.28%
2024/2/13,0.725,0.726,0.732,0.72,1.12%
2024/2/12,0.717,0.716,0.717,0.716,-0.55%
2024/2/9,0.721,0.711,0.73,0.707,3.44%
2024/2/8,0.697,0.73,0.736,0.696,-1.27%
2024/2/7,0.706,0.715,0.717,0.706,-1.81%
2024/2/6,0.719,0.739,0.745,0.717,-0.28%
2024/2/5,0.721,0.709,0.725,0.707,2.34%
2024/2/4,0.705,0.697,0.705,0.697,6.26%
2024/2/2,0.663,0.682,0.687,0.66,-4.88%
2024/2/1,0.697,0.74,0.746,0.692,-5.30%
2024/1/31,0.736,0.716,0.756,0.715,3.37%
2024/1/30,0.712,0.711,0.721,0.708,-1.93%
2024/1/29,0.726,0.711,0.73,0.711,3.05%
2024/1/28,0.705,0.706,0.706,0.705,-1.61%
2024/1/26,0.716,0.719,0.727,0.71,-4.41%
2024/1/25,0.749,0.736,0.756,0.729,3.74%
2024/1/24,0.722,0.704,0.746,0.698,12.81%
2024/1/23,0.64,0.642,0.656,0.63,-1.84%
2024/1/22,0.652,0.666,0.672,0.652,-0.46%
2024/1/21,0.655,0.662,0.662,0.655,-2.38%
2024/1/19,0.671,0.653,0.672,0.637,2.29%
2024/1/18,0.656,0.622,0.657,0.62,7.36%
2024/1/17,0.611,0.608,0.621,0.606,3.21%
2024/1/16,0.592,0.571,0.592,0.57,6.09%
2024/1/15,0.558,0.571,0.574,0.551,-1.76%
2024/1/14,0.568,0.586,0.586,0.568,-4.05%
2024/1/12,0.592,0.578,0.592,0.576,-1.82%
2024/1/11,0.603,0.62,0.622,0.597,2.73%
2024/1/10,0.587,0.581,0.591,0.558,0.69%
2024/1/9,0.583,0.606,0.611,0.581,-4.27%
2024/1/8,0.609,0.609,0.609,0.609,1.33%
2024/1/5,0.601,0.63,0.634,0.6,-2.59%
2024/1/4,0.617,0.632,0.633,0.615,-1.75%
2024/1/3,0.628,0.624,0.628,0.624,1.95%
2023/12/29,0.616,0.605,0.625,0.605,4.41%
2023/12/28,0.59,0.602,0.602,0.586,-1.83%
2023/12/27,0.601,0.637,0.637,0.6,-5.06%
2023/12/26,0.633,0.617,0.638,0.616,2.93%
2023/12/25,0.615,0.628,0.628,0.594,-0.97%
2023/12/24,0.621,0.631,0.631,0.621,-0.64%
2023/12/22,0.625,0.609,0.63,0.609,7.57%
2023/12/21,0.581,0.557,0.585,0.557,4.87%
2023/12/20,0.554,0.598,0.599,0.553,-13.44%
2023/12/19,0.64,0.679,0.689,0.63,-4.48%
2023/12/18,0.67,0.695,0.71,0.67,-5.03%
2023/12/17,0.706,0.702,0.706,0.702,-0.77%
2023/12/15,0.711,0.677,0.711,0.677,5.18%
2023/12/14,0.676,0.651,0.696,0.624,-2.03%
2023/12/13,0.69,0.713,0.733,0.688,-6.12%
2023/12/12,0.735,0.766,0.777,0.731,-5.28%
2023/12/11,0.776,0.803,0.806,0.776,-2.70%
2023/12/10,0.798,0.777,0.798,0.777,3.30%
2023/12/8,0.772,0.754,0.805,0.748,3.21%
2023/12/7,0.748,0.626,0.756,0.626,15.08%
2023/12/6,0.65,0.639,0.651,0.621,-3.70%
2023/12/5,0.675,0.697,0.706,0.671,-2.17%
2023/12/4,0.69,0.659,0.701,0.657,3.53%
2023/12/3,0.666,0.674,0.674,0.666,-5.33%
2023/12/1,0.704,0.691,0.718,0.685,4.14%
2023/11/30,0.676,0.67,0.696,0.632,-0.44%
2023/11/29,0.679,0.728,0.731,0.676,-10.19%
2023/11/28,0.756,0.764,0.768,0.745,-2.45%
2023/11/27,0.775,0.778,0.785,0.773,0.19%
2023/11/26,0.774,0.774,0.774,0.774,0.32%
2023/11/24,0.771,0.735,0.776,0.735,4.26%
2023/11/23,0.739,0.729,0.739,0.729,1.16%
2023/11/22,0.731,0.702,0.735,0.699,4.88%
2023/11/21,0.697,0.739,0.74,0.692,-6.32%
2023/11/20,0.744,0.759,0.765,0.742,-2.23%
2023/11/19,0.761,0.752,0.761,0.752,1.20%
2023/11/17,0.752,0.759,0.765,0.716,-4.93%
2023/11/16,0.791,0.804,0.806,0.786,-1.13%
2023/11/15,0.8,0.804,0.805,0.771,-6.54%
2023/11/14,0.856,0.869,0.877,0.854,-2.28%
2023/11/13,0.876,0.866,0.899,0.866,1.45%
2023/11/12,0.863,0.854,0.863,0.854,0.76%
2023/11/10,0.857,0.864,0.87,0.855,2.02%
2023/11/9,0.84,0.838,0.843,0.83,-0.94%
2023/11/8,0.848,0.868,0.871,0.845,-3.75%
2023/11/7,0.881,0.885,0.892,0.875,0.69%
2023/11/6,0.875,0.915,0.915,0.865,-0.79%
2023/11/5,0.882,0.902,0.902,0.882,-3.71%
2023/11/2,0.916,0.938,0.939,0.911,-4.18%
2023/11/1,0.956,0.952,0.975,0.936,0.53%
2023/10/31,0.951,0.95,0.962,0.906,6.61%
2023/10/30,0.892,0.882,0.898,0.881,1.88%
2023/10/29,0.876,0.871,0.876,0.871,0.29%
2023/10/27,0.873,0.873,0.881,0.865,-1.47%
2023/10/26,0.886,0.875,0.89,0.874,3.63%
2023/10/25,0.855,0.858,0.871,0.851,1.06%
2023/10/24,0.846,0.86,0.868,0.843,-2.65%
2023/10/23,0.869,0.853,0.869,0.852,2.30%
2023/10/22,0.85,0.837,0.85,0.837,1.01%
2023/10/20,0.841,0.849,0.85,0.831,-0.47%
2023/10/19,0.845,0.818,0.846,0.818,4.45%
2023/10/18,0.809,0.808,0.819,0.806,3.45%
2023/10/17,0.782,0.764,0.786,0.761,3.99%
2023/10/16,0.752,0.757,0.759,0.749,-0.07%
2023/10/15,0.752,0.752,0.752,0.752,-1.25%
2023/10/13,0.762,0.776,0.784,0.757,0.93%
2023/10/12,0.755,0.753,0.756,0.749,-2.45%
2023/10/11,0.774,0.776,0.782,0.766,-0.26%
2023/10/10,0.776,0.78,0.784,0.765,-0.51%
2023/10/9,0.78,0.796,0.796,0.78,-2.50%
2023/10/6,0.8,0.799,0.81,0.796,-0.62%
2023/10/5,0.805,0.792,0.806,0.789,-0.12%
2023/10/4,0.806,0.781,0.807,0.777,5.77%
2023/10/3,0.762,0.779,0.786,0.755,-1.93%
2023/10/2,0.777,0.771,0.782,0.771,2.10%
2023/10/1,0.761,0.752,0.761,0.752,-1.30%
2023/9/29,0.771,0.762,0.776,0.756,1.98%
2023/9/28,0.756,0.747,0.757,0.745,2.02%
2023/9/27,0.741,0.741,0.744,0.73,-0.54%
2023/9/26,0.745,0.737,0.752,0.737,2.05%
2023/9/25,0.73,0.739,0.741,0.729,0.83%
2023/9/24,0.724,0.726,0.726,0.724,-2.95%
2023/9/22,0.746,0.758,0.758,0.728,0.00%
2023/9/21,0.746,0.735,0.75,0.734,2.90%
2023/9/20,0.725,0.719,0.73,0.718,0.55%
2023/9/19,0.721,0.719,0.722,0.711,2.12%
2023/9/18,0.706,0.702,0.706,0.702,0.14%
2023/9/15,0.705,0.719,0.723,0.704,-0.84%
2023/9/14,0.711,0.708,0.715,0.697,0.14%
2023/9/13,0.71,0.709,0.711,0.696,0.00%
2023/9/12,0.71,0.708,0.723,0.706,0.57%
2023/9/11,0.706,0.695,0.708,0.692,3.22%
2023/9/10,0.684,0.656,0.684,0.656,5.72%
2023/9/8,0.647,0.655,0.655,0.638,-1.97%
2023/9/7,0.66,0.662,0.666,0.651,0.61%
2023/9/6,0.656,0.666,0.667,0.652,0.00%
2023/9/5,0.656,0.656,0.662,0.651,2.18%
2023/9/4,0.642,0.65,0.652,0.641,1.18%
2023/9/3,0.635,0.632,0.635,0.632,0.40%
2023/9/1,0.632,0.648,0.648,0.626,-2.92%
2023/8/31,0.651,0.661,0.661,0.646,-0.76%
2023/8/30,0.656,0.645,0.657,0.645,1.55%
2023/8/29,0.646,0.667,0.667,0.644,-3.00%
2023/8/28,0.666,0.665,0.672,0.66,1.91%
2023/8/27,0.654,0.65,0.654,0.65,-0.53%
2023/8/25,0.657,0.662,0.662,0.655,0.92%
2023/8/24,0.651,0.67,0.67,0.649,-3.98%
2023/8/23,0.678,0.669,0.681,0.661,1.19%
2023/8/22,0.67,0.663,0.671,0.659,2.76%
2023/8/21,0.652,0.633,0.652,0.633,4.91%
2023/8/20,0.622,0.621,0.622,0.621,-1.35%
2023/8/18,0.63,0.644,0.649,0.628,-3.23%
2023/8/17,0.651,0.629,0.658,0.629,3.33%
2023/8/16,0.63,0.631,0.637,0.626,0.64%
2023/8/15,0.626,0.624,0.631,0.615,0.81%
2023/8/14,0.621,0.62,0.627,0.615,1.72%
2023/8/13,0.61,0.596,0.61,0.596,3.65%
2023/8/10,0.589,0.586,0.597,0.584,2.97%
2023/8/9,0.572,0.596,0.597,0.566,-6.69%
2023/8/8,0.613,0.637,0.641,0.606,-1.92%
2023/8/7,0.625,0.634,0.634,0.621,0.81%
2023/8/6,0.62,0.627,0.627,0.62,-3.58%
2023/8/4,0.643,0.651,0.654,0.642,-1.38%
2023/8/3,0.652,0.654,0.658,0.636,3.99%
2023/8/2,0.627,0.605,0.63,0.6,5.20%
2023/8/1,0.596,0.603,0.614,0.594,-1.32%
2023/7/31,0.604,0.573,0.612,0.573,4.32%
2023/7/30,0.579,0.559,0.579,0.559,4.14%
2023/7/28,0.556,0.516,0.579,0.501,26.08%
2023/7/27,0.441,0.464,0.465,0.436,-1.78%
2023/7/26,0.449,0.467,0.472,0.447,-2.60%
2023/7/25,0.461,0.462,0.469,0.46,0.66%
2023/7/24,0.458,0.445,0.463,0.444,2.81%
2023/7/23,0.445,0.465,0.465,0.445,-7.19%
2023/7/21,0.48,0.48,0.486,0.476,3.90%
2023/7/20,0.462,0.466,0.467,0.454,-1.07%
2023/7/19,0.467,0.463,0.476,0.462,-2.71%
2023/7/18,0.48,0.485,0.485,0.471,2.67%
2023/7/17,0.468,0.472,0.472,0.468,-2.60%
2023/7/14,0.48,0.472,0.489,0.469,2.13%
2023/7/13,0.47,0.471,0.475,0.464,-1.47%
2023/7/12,0.477,0.455,0.478,0.45,5.76%
2023/7/11,0.451,0.462,0.462,0.449,-3.43%
2023/7/10,0.467,0.466,0.469,0.457,1.30%
2023/7/9,0.461,0.461,0.461,0.461,4.54%
2023/7/7,0.441,0.432,0.441,0.426,8.62%
2023/7/6,0.406,0.388,0.41,0.386,6.56%
2023/7/5,0.381,0.4,0.401,0.381,1.33%
2023/7/4,0.376,0.404,0.406,0.375,-6.23%
2023/7/3,0.401,0.397,0.406,0.39,1.65%
2023/7/2,0.394,0.396,0.396,0.394,-0.38%
2023/6/30,0.396,0.39,0.397,0.384,3.66%
2023/6/29,0.382,0.378,0.385,0.376,-2.05%
2023/6/28,0.39,0.381,0.396,0.381,4.84%
2023/6/27,0.372,0.359,0.375,0.355,5.08%
2023/6/26,0.354,0.362,0.371,0.351,-2.61%
2023/6/25,0.363,0.361,0.363,0.361,-0.95%
2023/6/23,0.367,0.385,0.388,0.366,-1.08%
2023/6/22,0.371,0.371,0.376,0.366,-1.07%
2023/6/21,0.375,0.382,0.382,0.374,-3.10%
2023/6/20,0.387,0.398,0.398,0.378,-2.27%
2023/6/19,0.396,0.403,0.405,0.392,1.67%
2023/6/18,0.389,0.4,0.4,0.389,-4.06%
2023/6/16,0.406,0.437,0.437,0.401,-4.69%
2023/6/15,0.426,0.424,0.43,0.416,-1.16%
2023/6/14,0.431,0.431,0.44,0.43,2.38%
2023/6/13,0.421,0.423,0.426,0.416,-1.17%
2023/6/12,0.426,0.427,0.431,0.416,2.53%
2023/6/11,0.415,0.426,0.426,0.415,-3.82%
2023/6/9,0.432,0.433,0.439,0.426,-1.14%
2023/6/8,0.437,0.435,0.438,0.426,5.30%
2023/6/7,0.415,0.419,0.421,0.41,-2.35%
2023/6/6,0.425,0.434,0.434,0.421,-2.52%
2023/6/5,0.436,0.423,0.44,0.423,2.59%
2023/6/4,0.425,0.419,0.425,0.419,2.16%
2023/6/2,0.416,0.409,0.416,0.401,-1.19%
2023/6/1,0.421,0.433,0.445,0.416,-2.32%
2023/5/31,0.431,0.424,0.436,0.415,-1.15%
2023/5/30,0.436,0.424,0.441,0.424,0.23%
2023/5/29,0.435,0.425,0.436,0.425,3.33%
2023/5/26,0.421,0.459,0.46,0.418,-1.41%
2023/5/25,0.427,0.415,0.431,0.412,5.17%
2023/5/24,0.406,0.399,0.411,0.399,2.01%
2023/5/23,0.398,0.392,0.399,0.384,2.84%
2023/5/22,0.387,0.399,0.4,0.382,-1.53%
2023/5/21,0.393,0.4,0.4,0.393,-2.00%
2023/5/19,0.401,0.408,0.411,0.395,3.89%
2023/5/18,0.386,0.376,0.387,0.368,6.93%
2023/5/17,0.361,0.403,0.406,0.356,-8.84%
2023/5/16,0.396,0.415,0.416,0.396,-3.41%
2023/5/15,0.41,0.399,0.411,0.399,3.40%
2023/5/14,0.396,0.39,0.396,0.39,2.72%
2023/5/12,0.386,0.383,0.389,0.361,-1.28%
2023/5/11,0.391,0.414,0.416,0.39,-5.10%
2023/5/10,0.412,0.427,0.427,0.411,-3.06%
2023/5/9,0.425,0.422,0.436,0.421,3.41%
2023/5/8,0.411,0.41,0.418,0.409,0.24%
2023/5/7,0.41,0.414,0.414,0.41,-2.61%
2023/5/2,0.421,0.415,0.427,0.415,4.99%
2023/5/1,0.401,0.38,0.406,0.38,4.43%
2023/4/30,0.384,0.38,0.384,0.38,-3.52%
2023/4/28,0.398,0.476,0.492,0.392,-14.04%
2023/4/27,0.463,0.466,0.466,0.456,1.54%
2023/4/26,0.456,0.463,0.466,0.451,-5.79%
2023/4/25,0.484,0.47,0.488,0.469,2.98%
2023/4/24,0.47,0.475,0.475,0.467,0.00%
2023/4/23,0.47,0.467,0.47,0.467,0.54%
2023/4/21,0.467,0.472,0.472,0.463,-0.85%
2023/4/20,0.471,0.468,0.472,0.465,-1.05%
2023/4/19,0.476,0.473,0.477,0.47,0.00%
2023/4/18,0.476,0.489,0.489,0.475,-1.45%
2023/4/17,0.483,0.473,0.485,0.473,2.01%
2023/4/16,0.474,0.465,0.474,0.465,0.53%
2023/4/14,0.471,0.469,0.472,0.468,0.00%
2023/4/13,0.471,0.458,0.477,0.455,1.07%
2023/4/12,0.466,0.467,0.471,0.461,3.10%
2023/4/11,0.452,0.457,0.46,0.446,-2.16%
2023/4/10,0.462,0.472,0.474,0.461,-1.28%
2023/4/9,0.468,0.463,0.468,0.463,1.52%
2023/4/7,0.461,0.469,0.471,0.461,-1.91%
2023/4/6,0.47,0.467,0.486,0.463,-0.63%
2023/4/5,0.473,0.467,0.475,0.456,17.66%
2023/4/4,0.402,0.361,0.416,0.361,6.91%
2023/4/3,0.376,0.354,0.376,0.341,5.32%
2023/4/2,0.357,0.327,0.357,0.327,10.19%
2023/3/31,0.324,0.321,0.349,0.32,0.93%
2023/3/30,0.321,0.321,0.329,0.311,7.00%
2023/3/29,0.3,0.305,0.32,0.3,-5.96%
2023/3/28,0.319,0.336,0.348,0.312,8.87%
2023/3/27,0.293,0.288,0.301,0.279,4.27%
2023/3/26,0.281,0.282,0.282,0.281,-1.75%
2023/3/24,0.286,0.298,0.31,0.281,-4.67%
2023/3/23,0.3,0.314,0.325,0.291,-8.26%
2023/3/22,0.327,0.248,0.328,0.248,16.16%
2023/3/21,0.282,0.233,0.282,0.233,12.60%
2023/3/20,0.25,0.243,0.266,0.232,5.93%
2023/3/19,0.236,0.257,0.257,0.236,-15.71%
2023/3/17,0.28,0.306,0.312,0.28,-2.78%
2023/3/16,0.288,0.244,0.312,0.24,-10.84%
2023/3/15,0.323,0.323,0.323,0.323,17.03%
2023/3/14,0.276,0.206,0.286,0.174,-11.25%
2023/3/13,0.311,0.365,0.38,0.305,-15.83%
2023/3/12,0.37,0.381,0.381,0.37,-5.74%
2023/3/10,0.392,0.501,0.501,0.387,-21.76%
2023/3/9,0.501,0.501,0.503,0.497,-0.79%
2023/3/8,0.505,0.5,0.506,0.499,0.80%
2023/3/7,0.501,0.506,0.507,0.5,-0.60%
2023/3/6,0.504,0.503,0.506,0.5,0.80%
2023/3/5,0.5,0.5,0.5,0.5,-0.79%
2023/3/3,0.504,0.504,0.506,0.501,-0.40%
2023/3/2,0.506,0.506,0.508,0.504,0.40%
2023/3/1,0.504,0.501,0.505,0.5,0.60%
2023/2/28,0.501,0.5,0.502,0.5,-0.20%
2023/2/27,0.502,0.502,0.505,0.5,0.40%
2023/2/26,0.5,0.5,0.5,0.5,0.00%
2023/2/24,0.5,0.502,0.505,0.5,0.00%
2023/2/23,0.5,0.5,0.5,0.5,-0.89%
2023/2/22,0.504,0.506,0.506,0.501,-0.20%
2023/2/21,0.505,0.501,0.506,0.499,1.00%
2023/2/20,0.5,0.501,0.501,0.499,0.00%
2023/2/19,0.5,0.5,0.5,0.5,-0.20%
2023/2/17,0.501,0.507,0.507,0.499,0.20%
2023/2/16,0.5,0.501,0.502,0.499,0.00%
2023/2/15,0.5,0.5,0.501,0.499,0.00%
2023/2/14,0.5,0.501,0.501,0.499,0.00%
2023/2/13,0.5,0.5,0.502,0.499,0.40%
2023/2/12,0.498,0.495,0.498,0.495,0.61%
2023/2/10,0.495,0.496,0.496,0.493,0.20%
2023/2/9,0.494,0.491,0.498,0.489,0.61%
2023/2/8,0.491,0.491,0.491,0.488,-0.81%
2023/2/7,0.495,0.501,0.501,0.495,0.00%
2023/2/6,0.495,0.492,0.495,0.49,0.61%
2023/2/5,0.492,0.487,0.492,0.487,1.23%
2023/2/3,0.486,0.495,0.495,0.485,-1.62%
2023/2/2,0.494,0.469,0.495,0.467,2.07%
2023/2/1,0.484,0.488,0.491,0.48,-1.22%
2023/1/31,0.49,0.48,0.49,0.479,3.81%
2023/1/30,0.472,0.478,0.481,0.471,-1.05%
2023/1/29,0.477,0.477,0.477,0.477,-0.62%
2023/1/27,0.48,0.477,0.482,0.473,4.35%
2023/1/26,0.46,0.439,0.46,0.436,5.75%
2023/1/25,0.435,0.405,0.438,0.404,7.14%
2023/1/24,0.406,0.38,0.41,0.38,6.84%
2023/1/23,0.38,0.399,0.4,0.377,-2.94%
2023/1/22,0.391,0.396,0.396,0.391,-2.13%
2023/1/20,0.4,0.414,0.414,0.383,-2.68%
2023/1/19,0.411,0.421,0.426,0.404,-1.91%
2023/1/18,0.419,0.508,0.513,0.358,-17.03%
2023/1/17,0.505,0.501,0.506,0.5,0.00%
2023/1/16,0.505,0.511,0.517,0.5,0.20%
2023/1/15,0.504,0.505,0.505,0.504,-0.40%
2023/1/13,0.506,0.511,0.553,0.504,0.20%
2023/1/12,0.505,0.505,0.506,0.5,1.00%
2023/1/11,0.5,0.501,0.505,0.499,-0.79%
2023/1/10,0.504,0.5,0.504,0.5,1.51%
2023/1/9,0.496,0.497,0.497,0.496,-0.70%
2023/1/6,0.5,0.5,0.504,0.5,18.48%
2023/1/5,0.422,0.458,0.469,0.418,-7.86%
2023/1/4,0.458,0.427,0.461,0.424,9.57%
2023/1/3,0.418,0.417,0.418,0.417,0.00%
2022/12/30,0.418,0.441,0.452,0.415,-7.93%
2022/12/29,0.454,0.455,0.465,0.447,-0.22%
2022/12/28,0.455,0.468,0.469,0.447,-1.73%
2022/12/27,0.463,0.446,0.471,0.446,3.81%
2022/12/26,0.446,0.381,0.451,0.35,23.89%
2022/12/25,0.36,0.371,0.371,0.36,-5.76%
2022/12/23,0.382,0.395,0.407,0.374,-4.74%
2022/12/22,0.401,0.48,0.482,0.388,-16.98%
2022/12/21,0.483,0.417,0.485,0.414,14.73%
2022/12/20,0.421,0.255,0.47,0.25,64.45%
2022/12/19,0.256,0.255,0.256,0.255,3.02%
2022/12/18,0.249,0.249,0.249,0.249,-1.00%
2022/12/16,0.251,0.254,0.256,0.251,-1.57%
2022/12/15,0.255,0.252,0.257,0.251,1.59%
2022/12/14,0.251,0.25,0.252,0.25,0.00%
2022/12/13,0.251,0.25,0.252,0.25,0.00%
2022/12/12,0.251,0.252,0.253,0.25,1.83%
2022/12/11,0.247,0.246,0.247,0.246,-1.40%
2022/12/9,0.25,0.25,0.251,0.25,0.00%
2022/12/8,0.25,0.25,0.251,0.25,0.00%
2022/12/7,0.25,0.25,0.251,0.25,-1.57%
2022/12/6,0.254,0.254,0.255,0.25,1.20%
2022/12/5,0.251,0.253,0.255,0.25,1.01%
2022/12/4,0.249,0.249,0.249,0.249,-2.55%
2022/12/2,0.255,0.25,0.256,0.25,0.00%
2022/12/1,0.255,0.25,0.256,0.25,1.59%
2022/11/30,0.251,0.251,0.251,0.25,0.00%
2022/11/29,0.251,0.25,0.252,0.25,0.40%
2022/11/28,0.25,0.25,0.251,0.25,1.42%
2022/11/27,0.247,0.247,0.247,0.247,-1.40%
2022/11/25,0.25,0.249,0.251,0.245,2.04%
2022/11/24,0.245,0.244,0.246,0.24,1.87%
2022/11/23,0.241,0.239,0.241,0.239,-1.84%
2022/11/22,0.245,0.248,0.248,0.245,0.00%
2022/11/21,0.245,0.25,0.25,0.245,0.41%
2022/11/20,0.244,0.244,0.244,0.244,-0.41%
2022/11/18,0.245,0.245,0.246,0.244,0.41%
2022/11/17,0.244,0.243,0.246,0.242,-0.41%
2022/11/16,0.245,0.24,0.245,0.235,-1.21%
2022/11/15,0.248,0.244,0.248,0.24,3.33%
2022/11/14,0.24,0.24,0.245,0.235,1.69%
2022/11/13,0.236,0.235,0.236,0.235,-1.67%
2022/11/11,0.24,0.239,0.241,0.235,-4.00%
2022/11/10,0.25,0.25,0.251,0.25,0.00%
2022/11/9,0.25,0.25,0.251,0.25,0.00%
2022/11/8,0.25,0.254,0.254,0.25,0.00%
2022/11/7,0.25,0.253,0.253,0.25,0.60%
2022/11/6,0.249,0.249,0.249,0.249,-0.60%
2022/11/4,0.25,0.251,0.251,0.25,1.42%
2022/11/3,0.247,0.246,0.247,0.246,-1.40%
2022/11/2,0.25,0.25,0.251,0.25,0.00%
2022/11/1,0.25,0.246,0.25,0.246,4.17%
2022/10/31,0.24,0.246,0.246,0.24,-0.41%
2022/10/30,0.241,0.238,0.241,0.238,-1.63%
2022/10/28,0.245,0.249,0.261,0.235,-3.92%
2022/10/27,0.255,0.25,0.256,0.25,2.00%
2022/10/26,0.25,0.25,0.255,0.25,-1.96%
2022/10/25,0.255,0.254,0.256,0.25,0.00%
2022/10/24,0.255,0.251,0.256,0.25,3.87%
2022/10/23,0.245,0.249,0.249,0.245,-3.73%
2022/10/21,0.255,0.251,0.255,0.25,2.00%
2022/10/20,0.25,0.255,0.256,0.25,-1.19%
2022/10/19,0.253,0.252,0.255,0.25,0.80%
2022/10/18,0.251,0.253,0.255,0.25,0.40%
2022/10/17,0.25,0.25,0.255,0.25,1.63%
2022/10/16,0.246,0.246,0.246,0.246,-1.60%
2022/10/14,0.25,0.25,0.25,0.25,0.00%
2022/10/13,0.25,0.25,0.25,0.25,0.00%
2022/10/12,0.25,0.25,0.251,0.25,0.00%
2022/10/11,0.25,0.251,0.251,0.25,1.42%
2022/10/10,0.247,0.246,0.247,0.246,-1.40%
2022/10/7,0.25,0.25,0.25,0.25,0.00%
2022/10/6,0.25,0.248,0.25,0.247,0.00%
2022/10/5,0.25,0.248,0.25,0.245,9.17%
2022/10/4,0.229,0.237,0.239,0.228,-4.58%
2022/10/3,0.24,0.248,0.248,0.24,-0.41%
2022/10/2,0.241,0.242,0.242,0.241,-1.63%
2022/9/30,0.245,0.251,0.251,0.245,-2.00%
2022/9/29,0.25,0.244,0.25,0.242,0.00%
2022/9/28,0.25,0.251,0.251,0.25,0.00%
2022/9/27,0.25,0.251,0.251,0.25,-0.40%
2022/9/26,0.251,0.245,0.251,0.244,4.15%
2022/9/25,0.241,0.239,0.241,0.239,2.55%
2022/9/22,0.235,0.255,0.256,0.225,-7.84%
2022/9/21,0.255,0.256,0.257,0.255,0.00%
2022/9/20,0.255,0.256,0.256,0.255,1.80%
2022/9/19,0.25,0.251,0.251,0.25,-1.76%
2022/9/16,0.255,0.255,0.255,0.25,-0.39%
2022/9/15,0.256,0.25,0.256,0.25,2.40%
2022/9/14,0.25,0.25,0.251,0.249,2.04%
2022/9/13,0.245,0.245,0.246,0.245,0.00%
2022/9/12,0.245,0.248,0.25,0.245,1.03%
2022/9/11,0.243,0.243,0.243,0.243,-3.00%
2022/9/9,0.25,0.25,0.251,0.244,2.04%
2022/9/8,0.245,0.244,0.245,0.24,0.00%
2022/9/7,0.245,0.246,0.25,0.245,2.08%
2022/9/6,0.24,0.238,0.24,0.235,4.35%
2022/9/5,0.23,0.238,0.24,0.23,-0.43%
2022/9/4,0.231,0.234,0.234,0.231,-3.75%
2022/9/2,0.24,0.243,0.243,0.239,0.42%
2022/9/1,0.239,0.233,0.244,0.233,6.22%
2022/8/31,0.225,0.227,0.228,0.22,0.00%
2022/8/30,0.225,0.244,0.244,0.224,-6.25%
2022/8/29,0.24,0.229,0.241,0.229,5.73%
2022/8/28,0.227,0.219,0.227,0.219,3.18%
2022/8/26,0.22,0.22,0.225,0.216,-4.35%
2022/8/25,0.23,0.232,0.235,0.229,2.68%
2022/8/24,0.224,0.219,0.225,0.219,4.67%
2022/8/23,0.214,0.225,0.225,0.214,-2.28%
2022/8/22,0.219,0.212,0.219,0.209,5.80%
2022/8/21,0.207,0.209,0.209,0.207,4.02%
2022/8/19,0.199,0.195,0.2,0.193,0.51%
2022/8/18,0.198,0.199,0.2,0.185,7.61%
2022/8/17,0.184,0.177,0.187,0.174,8.24%
2022/8/16,0.17,0.179,0.18,0.169,-9.57%
2022/8/15,0.188,0.191,0.197,0.184,-1.83%
2022/8/14,0.191,0.185,0.191,0.185,1.32%
2022/8/12,0.189,0.198,0.205,0.188,-0.79%
2022/8/11,0.191,0.193,0.193,0.191,0.79%
2022/8/10,0.189,0.165,0.194,0.164,14.55%
2022/8/9,0.165,0.169,0.17,0.164,-2.37%
2022/8/8,0.169,0.18,0.189,0.169,-3.98%
2022/8/7,0.176,0.176,0.176,0.176,6.67%
2022/8/5,0.165,0.168,0.186,0.164,-5.71%
2022/8/4,0.175,0.185,0.186,0.175,-7.41%
2022/8/3,0.189,0.189,0.201,0.184,8.00%
2022/8/2,0.175,0.175,0.181,0.167,-5.41%
2022/8/1,0.185,0.187,0.19,0.184,1.93%
2022/7/31,0.182,0.185,0.185,0.182,3.71%
2022/7/29,0.175,0.19,0.19,0.174,-14.22%
2022/7/28,0.204,0.204,0.205,0.194,0.49%
2022/7/27,0.203,0.203,0.21,0.199,-0.49%
2022/7/26,0.204,0.199,0.214,0.199,1.49%
2022/7/25,0.201,0.197,0.205,0.178,6.07%
2022/7/24,0.19,0.195,0.195,0.19,-13.47%
2022/7/22,0.219,0.226,0.229,0.215,-7.59%
2022/7/21,0.237,0.242,0.244,0.229,-2.47%
2022/7/20,0.243,0.244,0.245,0.243,3.85%
2022/7/19,0.234,0.236,0.239,0.229,1.96%
2022/7/18,0.229,0.231,0.231,0.229,-1.92%
2022/7/15,0.234,0.234,0.239,0.232,0.00%
2022/7/14,0.234,0.23,0.236,0.228,0.00%
2022/7/13,0.234,0.237,0.237,0.23,-1.68%
2022/7/12,0.238,0.243,0.244,0.238,-2.46%
2022/7/11,0.244,0.249,0.25,0.243,0.00%
2022/7/10,0.244,0.245,0.245,0.244,0.00%
2022/7/8,0.244,0.245,0.249,0.244,0.00%
2022/7/7,0.244,0.249,0.25,0.243,-0.41%
2022/7/6,0.245,0.247,0.25,0.244,11.36%
2022/7/5,0.22,0.227,0.229,0.22,0.46%
2022/7/4,0.219,0.209,0.22,0.205,7.35%
2022/7/3,0.204,0.203,0.204,0.203,-7.69%
2022/7/1,0.221,0.225,0.227,0.22,-1.78%
2022/6/30,0.225,0.225,0.23,0.22,-2.17%
2022/6/29,0.23,0.232,0.232,0.225,-2.13%
2022/6/28,0.235,0.235,0.237,0.234,0.00%
2022/6/27,0.235,0.23,0.236,0.229,4.44%
2022/6/26,0.225,0.223,0.225,0.223,0.00%
2022/6/24,0.225,0.229,0.231,0.224,-4.26%
2022/6/23,0.235,0.238,0.238,0.232,-1.26%
2022/6/22,0.238,0.238,0.241,0.235,1.28%
2022/6/21,0.235,0.24,0.242,0.235,0.00%
2022/6/20,0.235,0.218,0.243,0.219,11.11%
2022/6/19,0.212,0.212,0.212,0.212,-6.00%
2022/6/17,0.225,0.259,0.267,0.217,-10.36%
2022/6/16,0.251,0.254,0.258,0.25,-0.40%
2022/6/15,0.252,0.253,0.257,0.238,-1.56%
2022/6/14,0.256,0.255,0.258,0.251,0.39%
2022/6/13,0.255,0.249,0.256,0.249,3.24%
2022/6/12,0.247,0.247,0.247,0.247,-1.20%
2022/6/10,0.25,0.25,0.25,0.249,0.40%
2022/6/9,0.249,0.249,0.25,0.244,1.63%
2022/6/8,0.245,0.24,0.245,0.24,0.00%
2022/6/7,0.245,0.245,0.245,0.244,2.08%
2022/6/6,0.24,0.239,0.241,0.239,2.35%
2022/6/5,0.235,0.234,0.235,0.234,0.00%
2022/6/3,0.235,0.239,0.24,0.234,-2.08%
2022/6/2,0.24,0.238,0.242,0.236,2.13%
2022/6/1,0.235,0.24,0.241,0.235,-2.49%
2022/5/31,0.241,0.24,0.241,0.235,4.78%
2022/5/30,0.23,0.226,0.23,0.224,4.07%
2022/5/29,0.221,0.222,0.222,0.221,-3.49%
2022/5/27,0.229,0.239,0.239,0.225,-2.55%
2022/5/26,0.235,0.211,0.235,0.209,11.90%
2022/5/25,0.21,0.223,0.224,0.206,-8.70%
2022/5/24,0.23,0.237,0.238,0.23,-2.13%
2022/5/23,0.235,0.238,0.238,0.23,1.73%
2022/5/22,0.231,0.234,0.234,0.231,-3.35%
2022/5/20,0.239,0.24,0.245,0.235,-0.42%
2022/5/19,0.24,0.238,0.243,0.235,-0.41%
2022/5/18,0.241,0.248,0.251,0.24,-1.23%
2022/5/17,0.244,0.24,0.245,0.24,-0.41%
2022/5/16,0.245,0.245,0.245,0.24,1.66%
2022/5/15,0.241,0.24,0.241,0.24,0.42%
2022/5/13,0.24,0.244,0.245,0.239,-1.64%
2022/5/12,0.244,0.246,0.249,0.244,-2.01%
2022/5/11,0.249,0.249,0.249,0.249,0.00%
2022/5/10,0.249,0.245,0.25,0.24,1.63%
2022/5/9,0.245,0.245,0.245,0.242,1.66%
2022/5/8,0.241,0.242,0.242,0.241,0.42%
2022/5/6,0.24,0.23,0.242,0.23,3.00%
2022/5/5,0.233,0.225,0.233,0.225,3.56%
2022/5/2,0.225,0.228,0.231,0.22,0.00%
2022/5/1,0.225,0.215,0.225,0.215,3.46%
2022/4/28,0.217,0.246,0.249,0.214,-11.07%
2022/4/27,0.244,0.229,0.245,0.228,0.00%
2022/4/26,0.244,0.245,0.249,0.244,-0.81%
2022/4/25,0.246,0.249,0.25,0.244,0.00%
2022/4/24,0.246,0.243,0.246,0.243,0.41%
2022/4/22,0.245,0.246,0.25,0.244,-2.00%
2022/4/21,0.25,0.248,0.25,0.246,-0.40%
2022/4/20,0.251,0.25,0.251,0.249,2.45%
2022/4/19,0.245,0.243,0.245,0.239,1.66%
2022/4/18,0.241,0.245,0.245,0.239,1.47%
2022/4/17,0.237,0.241,0.241,0.237,-0.63%
2022/4/15,0.239,0.241,0.241,0.235,1.70%
2022/4/14,0.235,0.236,0.24,0.232,-1.26%
2022/4/13,0.238,0.234,0.239,0.23,-0.83%
2022/4/12,0.24,0.237,0.241,0.236,0.42%
2022/4/11,0.239,0.235,0.24,0.233,2.80%
2022/4/10,0.233,0.229,0.233,0.229,3.33%
2022/4/8,0.225,0.238,0.239,0.224,-3.43%
2022/4/7,0.233,0.239,0.239,0.229,-2.51%
2022/4/6,0.239,0.224,0.239,0.224,14.35%
2022/4/5,0.209,0.204,0.209,0.197,0.00%
2022/4/4,0.209,0.221,0.221,0.207,-3.02%
2022/4/3,0.215,0.213,0.215,0.213,0.00%
2022/4/1,0.215,0.202,0.216,0.181,0.47%
2022/3/31,0.214,0.221,0.226,0.21,0.00%
2022/3/30,0.214,0.228,0.24,0.209,-14.06%
2022/3/29,0.249,0.25,0.25,0.247,-0.40%
2022/3/28,0.25,0.245,0.25,0.24,4.38%
2022/3/27,0.24,0.236,0.24,0.236,0.21%
2022/3/25,0.239,0.235,0.24,0.234,3.91%
2022/3/24,0.23,0.224,0.23,0.224,2.22%
2022/3/23,0.225,0.223,0.226,0.216,2.27%
2022/3/22,0.22,0.218,0.22,0.215,3.53%
2022/3/21,0.213,0.21,0.213,0.21,3.66%
2022/3/18,0.205,0.204,0.21,0.199,0.49%
2022/3/17,0.204,0.208,0.211,0.198,0.99%
2022/3/16,0.202,0.203,0.204,0.197,-3.35%
2022/3/15,0.209,0.205,0.214,0.204,7.73%
2022/3/14,0.194,0.194,0.195,0.189,3.74%
2022/3/13,0.187,0.188,0.188,0.187,1.08%
2022/3/11,0.185,0.199,0.2,0.184,-2.12%
2022/3/10,0.189,0.174,0.195,0.17,18.87%
2022/3/9,0.159,0.168,0.174,0.159,3.25%
2022/3/8,0.154,0.16,0.164,0.154,10.00%
2022/3/7,0.14,0.142,0.144,0.134,7.28%
2022/3/6,0.131,0.132,0.132,0.131,-15.81%
2022/3/4,0.155,0.172,0.181,0.144,-8.28%
2022/3/3,0.169,0.159,0.179,0.158,21.58%
2022/3/2,0.139,0.174,0.186,0.134,-5.44%
2022/3/1,0.147,0.147,0.147,0.147,-20.11%
2022/2/28,0.184,0.202,0.203,0.183,-6.12%
2022/2/27,0.196,0.203,0.203,0.196,-6.22%
2022/2/25,0.209,0.196,0.209,0.195,10.58%
2022/2/24,0.189,0.2,0.205,0.185,-5.26%
2022/2/23,0.199,0.194,0.199,0.194,2.84%
2022/2/22,0.194,0.201,0.201,0.19,-7.18%
2022/2/21,0.209,0.201,0.21,0.199,5.82%
2022/2/20,0.198,0.199,0.199,0.198,-9.40%
2022/2/18,0.218,0.217,0.224,0.214,-2.68%
2022/2/17,0.224,0.217,0.225,0.21,4.19%
2022/2/16,0.215,0.216,0.219,0.21,2.38%
2022/2/15,0.21,0.22,0.22,0.209,-3.67%
2022/2/14,0.218,0.214,0.22,0.2,4.31%
2022/2/13,0.209,0.209,0.209,0.209,-6.70%
2022/2/10,0.224,0.213,0.226,0.212,9.27%
2022/2/9,0.205,0.214,0.219,0.203,-1.91%
2022/2/8,0.209,0.202,0.21,0.2,5.03%
2022/2/7,0.199,0.208,0.209,0.197,1.02%
2022/2/6,0.197,0.206,0.206,0.197,-1.01%
2022/2/4,0.199,0.188,0.202,0.188,11.17%
2022/2/3,0.179,0.169,0.18,0.169,2.87%
2022/2/2,0.174,0.18,0.18,0.169,-2.79%
2022/2/1,0.179,0.179,0.182,0.165,2.87%
2022/1/31,0.174,0.165,0.187,0.164,7.08%
2022/1/30,0.162,0.163,0.163,0.162,-0.91%
2022/1/28,0.164,0.152,0.164,0.151,3.80%
2022/1/27,0.158,0.146,0.162,0.144,14.49%
2022/1/26,0.138,0.138,0.141,0.134,2.99%
2022/1/25,0.134,0.134,0.138,0.133,0.00%
2022/1/24,0.134,0.129,0.139,0.128,5.51%
2022/1/23,0.127,0.125,0.127,0.125,-5.22%
2022/1/21,0.134,0.136,0.137,0.124,-6.29%
2022/1/20,0.143,0.134,0.144,0.134,6.72%
2022/1/19,0.134,0.145,0.149,0.133,-9.46%
2022/1/18,0.148,0.144,0.15,0.135,2.78%
2022/1/17,0.144,0.146,0.15,0.139,0.70%
2022/1/16,0.143,0.145,0.145,0.143,-4.67%
2022/1/14,0.15,0.126,0.159,0.126,20.00%
2022/1/13,0.125,0.129,0.139,0.124,0.81%
2022/1/12,0.124,0.145,0.146,0.124,-16.78%
2022/1/11,0.149,0.138,0.15,0.129,14.18%
2022/1/10,0.131,0.132,0.132,0.131,5.24%
2022/1/7,0.124,0.123,0.132,0.119,5.98%
2022/1/6,0.117,0.105,0.12,0.105,39.29%
2022/1/5,0.084,0.089,0.094,0.083,0.00%
2022/1/4,0.084,0.083,0.085,0.079,3.07%
2022/1/3,0.082,0.076,0.082,0.076,16.43%
2021/12/30,0.07,0.065,0.074,0.062,18.64%
2021/12/29,0.059,0.059,0.059,0.054,0.00%
2021/12/28,0.059,0.057,0.06,0.057,0.00%
2021/12/27,0.059,0.063,0.064,0.059,-1.67%
2021/12/26,0.06,0.06,0.06,0.06,0.00%
2021/12/24,0.06,0.062,0.064,0.059,1.69%
2021/12/23,0.059,0.062,0.064,0.058,0.00%
2021/12/22,0.059,0.055,0.064,0.054,20.41%
2021/12/21,0.049,0.044,0.049,0.039,25.64%
2021/12/20,0.039,0.044,0.044,0.039,0.00%
2021/12/19,0.039,0.041,0.041,0.039,-11.36%
2021/12/17,0.044,0.04,0.045,0.039,0.00%
2021/12/16,0.044,0.049,0.05,0.04,0.00%
2021/12/15,0.044,0.05,0.05,0.044,-8.33%
2021/12/14,0.048,0.044,0.049,0.044,-2.04%
2021/12/13,0.049,0.048,0.05,0.047,6.52%
2021/12/12,0.046,0.044,0.046,0.044,-13.21%
2021/12/10,0.053,0.046,0.055,0.043,8.16%
2021/12/9,0.049,0.055,0.055,0.049,0.00%
2021/12/8,0.049,0.059,0.06,0.044,-9.26%
2021/12/7,0.054,0.049,0.06,0.044,38.46%
2021/12/6,0.039,0.044,0.046,0.039,-9.30%
2021/12/5,0.043,0.037,0.043,0.037,-12.24%
2021/12/3,0.049,0.059,0.064,0.049,-16.95%
2021/12/2,0.059,0.059,0.064,0.054,-7.81%
2021/12/1,0.064,0.059,0.069,0.059,8.47%
2021/11/30,0.059,0.07,0.07,0.055,-20.27%
2021/11/29,0.074,0.073,0.076,0.069,2.78%
2021/11/28,0.072,0.072,0.072,0.072,-2.70%
2021/11/26,0.074,0.081,0.084,0.074,-11.90%
2021/11/25,0.084,0.088,0.089,0.08,5.00%
2021/11/24,0.08,0.084,0.085,0.08,-1.23%
2021/11/23,0.081,0.081,0.081,0.081,15.71%
2021/11/22,0.07,0.073,0.075,0.069,0.00%
2021/11/21,0.07,0.068,0.07,0.068,-6.67%
2021/11/19,0.075,0.076,0.08,0.074,-7.41%
2021/11/18,0.081,0.075,0.091,0.069,8.00%
2021/11/17,0.075,0.077,0.078,0.072,1.35%
2021/11/16,0.074,0.073,0.075,0.07,13.85%
2021/11/15,0.065,0.076,0.079,0.064,-9.72%
2021/11/14,0.072,0.071,0.072,0.071,-2.70%
2021/11/12,0.074,0.074,0.075,0.07,13.85%
2021/11/11,0.065,0.067,0.075,0.065,10.17%
2021/11/10,0.059,0.057,0.059,0.054,0.00%
2021/11/9,0.059,0.063,0.064,0.054,-1.67%
2021/11/8,0.06,0.057,0.064,0.05,10.09%
2021/11/7,0.054,0.054,0.054,0.054,-9.17%
2021/11/5,0.06,0.064,0.069,0.059,-20.00%
2021/11/4,0.075,0.08,0.085,0.07,-2.60%
2021/11/3,0.077,0.077,0.077,0.077,-8.33%
2021/11/2,0.084,0.095,0.096,0.079,-10.64%
2021/11/1,0.094,0.097,0.11,0.094,-1.05%
2021/10/31,0.095,0.094,0.095,0.094,1.06%
2021/10/29,0.094,0.09,0.099,0.089,5.62%
2021/10/28,0.089,0.086,0.094,0.083,-10.10%
2021/10/27,0.099,0.104,0.109,0.099,-4.81%
2021/10/26,0.104,0.101,0.104,0.094,6.12%
2021/10/25,0.098,0.095,0.099,0.089,7.10%
2021/10/24,0.091,0.09,0.091,0.09,2.81%
2021/10/22,0.089,0.097,0.099,0.089,0.00%
2021/10/21,0.089,0.093,0.095,0.085,-4.30%
2021/10/20,0.093,0.091,0.099,0.089,4.49%
2021/10/19,0.089,0.089,0.09,0.084,0.00%
2021/10/18,0.089,0.088,0.09,0.084,4.09%
2021/10/17,0.086,0.083,0.086,0.083,8.23%
2021/10/15,0.079,0.074,0.08,0.074,0.00%
2021/10/14,0.079,0.082,0.084,0.079,-11.24%
2021/10/13,0.089,0.087,0.089,0.084,0.00%
2021/10/12,0.089,0.091,0.094,0.089,-1.11%
2021/10/11,0.09,0.086,0.09,0.083,11.11%
2021/10/10,0.081,0.083,0.083,0.081,1.25%
2021/10/8,0.08,0.079,0.084,0.079,8.11%
2021/10/7,0.074,0.077,0.08,0.071,-11.90%
2021/10/6,0.084,0.068,0.085,0.068,55.56%
2021/10/5,0.054,0.044,0.055,0.04,20.00%
2021/10/4,0.045,0.048,0.048,0.044,7.14%
2021/10/3,0.042,0.045,0.045,0.042,-16.00%
2021/10/1,0.05,0.055,0.059,0.044,-23.08%
2021/9/30,0.065,0.067,0.074,0.055,0.00%
2021/9/29,0.065,0.078,0.078,0.058,-10.96%
2021/9/28,0.073,0.058,0.075,0.057,35.19%
2021/9/27,0.054,0.057,0.06,0.05,-4.42%
2021/9/26,0.056,0.057,0.057,0.056,13.00%
2021/9/24,0.05,0.045,0.054,0.043,19.05%
2021/9/23,0.042,0.04,0.042,0.04,20.00%
2021/9/22,0.035,0.037,0.039,0.034,-12.50%
2021/9/21,0.04,0.041,0.043,0.037,17.65%
2021/9/20,0.034,0.038,0.038,0.034,-24.44%
2021/9/17,0.045,0.049,0.049,0.044,9.76%
2021/9/16,0.041,0.032,0.042,0.032,17.14%
2021/9/15,0.035,0.039,0.042,0.034,-22.22%
2021/9/14,0.045,0.042,0.045,0.04,2.27%
2021/9/13,0.044,0.047,0.047,0.044,0.00%
2021/9/12,0.044,0.042,0.044,0.042,10.00%
2021/9/10,0.04,0.035,0.044,0.034,0.00%
2021/9/9,0.04,0.038,0.043,0.035,-9.09%
2021/9/8,0.044,0.043,0.045,0.04,10.00%
2021/9/7,0.04,0.044,0.044,0.034,-9.09%
2021/9/6,0.044,0.042,0.044,0.039,17.33%
2021/9/5,0.038,0.04,0.04,0.038,7.14%
2021/9/3,0.035,0.032,0.04,0.03,16.67%
2021/9/2,0.03,0.025,0.03,0.024,3.45%
2021/9/1,0.029,0.027,0.03,0.025,20.83%
2021/8/31,0.024,0.02,0.025,0.015,20.00%
2021/8/30,0.02,0.02,0.02,0.015,60.00%
2021/8/29,0.013,0.022,0.022,0.013,-50.00%
2021/8/27,0.025,0.02,0.029,0.02,25.00%
2021/8/26,0.02,0.029,0.03,0.015,0.00%
2021/8/25,0.02,0.018,0.024,0.018,5.26%
2021/8/24,0.019,0.014,0.02,0.013,26.67%
2021/8/23,0.015,0.013,0.019,0.012,30.43%
2021/8/22,0.012,0.009,0.012,0.009,15.00%
2021/8/20,0.01,0.013,0.015,0.009,-28.57%
2021/8/19,0.014,0.015,0.02,0.014,0.00%
2021/8/18,0.014,0.008,0.015,0.008,55.56%
2021/8/17,0.009,0.018,0.018,0.009,-10.00%
2021/8/16,0.01,0.016,0.016,0.01,-16.67%
2021/8/15,0.012,0.012,0.012,0.012,-50.00%
2021/8/13,0.024,0.026,0.026,0.024,-4.00%
2021/8/12,0.025,0.029,0.03,0.024,-28.57%
2021/8/11,0.035,0.026,0.035,0.025,45.83%
2021/8/10,0.024,0.025,0.025,0.02,20.00%
2021/8/9,0.02,0.022,0.022,0.02,42.86%
2021/8/6,0.014,0.01,0.014,0.01,55.56%
2021/8/5,0.009,0.005,0.01,0.004,125.00%
2021/8/4,0.004,0.008,0.01,0.003,-55.56%
2021/8/3,0.009,0.01,0.013,0.009,-40.00%
2021/8/2,0.015,0.02,0.02,0.015,-21.05%
2021/7/30,0.019,0.02,0.02,0.015,0.00%
2021/7/29,0.019,0.015,0.02,0.014,35.71%
2021/7/28,0.014,0.013,0.015,0.013,-26.32%
2021/7/27,0.019,0.017,0.02,0.015,90.00%
2021/7/26,0.01,0.018,0.019,0.009,-31.03%
2021/7/25,0.014,0.013,0.014,0.013,45.00%
2021/7/21,0.01,0.011,0.014,0.009,0.00%
2021/7/20,0.01,0.009,0.014,0.009,-33.33%
2021/7/19,0.015,0.013,0.015,0.009,66.67%
2021/7/18,0.009,0.009,0.009,0.009,-52.63%
2021/7/16,0.019,0.013,0.026,0.009,35.71%
2021/7/15,0.014,0.011,0.015,0.009,-6.67%
2021/7/14,0.015,0.028,0.028,0.015,-40.00%
2021/7/13,0.025,0.028,0.03,0.024,-13.79%
2021/7/12,0.029,0.034,0.034,0.025,-3.33%
2021/7/11,0.03,0.03,0.03,0.03,0.00%
2021/7/9,0.03,0.023,0.035,0.022,3.45%
2021/7/8,0.029,0.037,0.038,0.019,-9.38%
2021/7/7,0.032,0.036,0.036,0.028,-20.00%
2021/7/6,0.04,0.041,0.045,0.04,17.65%
2021/7/5,0.034,0.036,0.04,0.034,4.62%
2021/7/4,0.032,0.031,0.032,0.031,-27.78%
2021/7/2,0.045,0.04,0.048,0.039,15.38%
2021/7/1,0.039,0.052,0.053,0.034,-27.78%
2021/6/30,0.054,0.065,0.065,0.054,-3.57%
2021/6/29,0.056,0.052,0.058,0.049,-3.45%
2021/6/28,0.058,0.051,0.059,0.05,20.83%
2021/6/27,0.048,0.048,0.048,0.048,-2.04%
2021/6/25,0.049,0.053,0.054,0.049,-9.26%
2021/6/24,0.054,0.055,0.059,0.049,0.00%
2021/6/23,0.054,0.049,0.054,0.049,1.89%
2021/6/22,0.053,0.052,0.054,0.049,20.45%
2021/6/21,0.044,0.052,0.053,0.039,-7.37%
2021/6/20,0.047,0.049,0.049,0.047,-12.04%
2021/6/18,0.054,0.052,0.059,0.051,-16.92%
2021/6/17,0.065,0.066,0.067,0.059,30.00%
2021/6/16,0.05,0.05,0.055,0.045,11.11%
2021/6/15,0.045,0.044,0.049,0.039,15.38%
2021/6/14,0.039,0.036,0.04,0.03,13.04%
2021/6/13,0.034,0.032,0.034,0.032,0.00%
2021/6/11,0.034,0.04,0.04,0.024,-30.61%
2021/6/10,0.049,0.06,0.06,0.047,-23.44%
2021/6/9,0.064,0.073,0.073,0.064,-13.51%
2021/6/8,0.074,0.078,0.079,0.073,-6.33%
2021/6/7,0.079,0.078,0.079,0.074,6.76%
2021/6/6,0.074,0.075,0.075,0.074,-12.94%
2021/6/4,0.085,0.085,0.085,0.084,2.41%
2021/6/3,0.083,0.079,0.086,0.074,5.06%
2021/6/2,0.079,0.078,0.079,0.076,1.28%
2021/6/1,0.078,0.077,0.079,0.077,-1.27%
2021/5/31,0.079,0.078,0.08,0.078,2.60%
2021/5/30,0.077,0.077,0.077,0.077,-2.53%
2021/5/28,0.079,0.079,0.084,0.079,6.76%
2021/5/27,0.074,0.071,0.074,0.069,0.00%
2021/5/26,0.074,0.072,0.074,0.069,0.00%
2021/5/25,0.074,0.075,0.079,0.074,-6.33%
2021/5/24,0.079,0.08,0.08,0.074,2.60%
2021/5/23,0.077,0.077,0.077,0.077,-3.75%
2021/5/21,0.08,0.079,0.08,0.077,1.27%
2021/5/20,0.079,0.079,0.082,0.074,6.76%
2021/5/19,0.074,0.076,0.079,0.074,-6.33%
2021/5/18,0.079,0.083,0.084,0.079,0.00%
2021/5/17,0.079,0.079,0.08,0.074,3.27%
2021/5/16,0.076,0.079,0.079,0.076,-4.37%
2021/5/14,0.08,0.084,0.084,0.079,-10.11%
2021/5/13,0.089,0.086,0.089,0.084,12.66%
2021/5/12,0.079,0.079,0.084,0.074,6.76%
2021/5/11,0.074,0.082,0.082,0.074,-7.50%
2021/5/10,0.08,0.082,0.085,0.079,-1.23%
2021/5/9,0.081,0.079,0.081,0.079,-3.57%
2021/5/7,0.084,0.086,0.088,0.082,-1.18%
2021/5/6,0.085,0.087,0.089,0.082,3.03%
2021/5/5,0.083,0.084,0.084,0.083,-7.30%
2021/4/30,0.089,0.092,0.095,0.089,2.30%
2021/4/29,0.087,0.087,0.087,0.087,-8.42%
2021/4/28,0.095,0.084,0.096,0.084,18.75%
2021/4/27,0.08,0.077,0.085,0.075,8.11%
2021/4/26,0.074,0.062,0.074,0.062,19.35%
2021/4/25,0.062,0.06,0.062,0.06,-10.14%
2021/4/23,0.069,0.068,0.069,0.059,0.00%
2021/4/22,0.069,0.074,0.074,0.064,0.00%
2021/4/21,0.069,0.083,0.083,0.064,-17.86%
2021/4/20,0.084,0.086,0.09,0.079,0.00%
2021/4/19,0.084,0.094,0.094,0.083,-2.33%
2021/4/18,0.086,0.09,0.09,0.086,-2.27%
2021/4/16,0.088,0.082,0.09,0.08,-1.12%
2021/4/15,0.089,0.093,0.094,0.085,2.30%
2021/4/14,0.087,0.094,0.095,0.084,-16.35%
2021/4/13,0.104,0.109,0.111,0.1,0.00%
2021/4/12,0.104,0.104,0.108,0.099,0.97%
2021/4/11,0.103,0.101,0.103,0.101,-1.90%
2021/4/9,0.105,0.094,0.105,0.093,6.06%
2021/4/8,0.099,0.098,0.1,0.093,4.21%
2021/4/7,0.095,0.105,0.106,0.095,-12.04%
2021/4/6,0.108,0.12,0.121,0.108,-9.24%
2021/4/5,0.119,0.124,0.124,0.115,2.15%
2021/4/4,0.116,0.12,0.12,0.116,-0.43%
2021/4/2,0.117,0.114,0.12,0.112,5.41%
2021/4/1,0.111,0.118,0.124,0.099,16.84%
2021/3/31,0.095,0.089,0.096,0.081,10.47%
2021/3/30,0.086,0.081,0.086,0.071,22.86%
2021/3/29,0.07,0.085,0.086,0.07,-14.63%
2021/3/28,0.082,0.081,0.082,0.081,1.23%
2021/3/26,0.081,0.089,0.09,0.076,0.00%
2021/3/25,0.081,0.073,0.09,0.072,15.71%
2021/3/24,0.07,0.07,0.071,0.064,-13.58%
2021/3/23,0.081,0.082,0.085,0.072,1.25%
2021/3/22,0.08,0.11,0.11,0.079,-15.34%
2021/3/21,0.094,0.105,0.105,0.094,-18.53%
2021/3/19,0.116,0.109,0.129,0.103,10.48%
2021/3/18,0.105,0.096,0.126,0.084,10.53%
2021/3/17,0.095,0.096,0.096,0.09,-5.00%
2021/3/16,0.1,0.108,0.11,0.098,-8.26%
2021/3/15,0.109,0.124,0.124,0.105,-4.80%
2021/3/14,0.115,0.119,0.119,0.115,0.44%
2021/3/12,0.114,0.103,0.115,0.098,8.57%
2021/3/11,0.105,0.131,0.135,0.101,-13.22%
2021/3/10,0.121,0.121,0.131,0.118,-6.92%
2021/3/9,0.13,0.139,0.146,0.126,17.12%
2021/3/8,0.111,0.1,0.115,0.095,18.09%
2021/3/7,0.094,0.092,0.094,0.092,4.44%
2021/3/5,0.09,0.153,0.155,0.066,-33.82%
2021/3/4,0.136,0.131,0.142,0.13,14.29%
2021/3/3,0.119,0.121,0.128,0.117,-5.56%
2021/3/2,0.126,0.144,0.145,0.125,-15.44%
2021/3/1,0.149,0.148,0.156,0.142,6.43%
2021/2/28,0.14,0.145,0.145,0.14,-15.15%
2021/2/26,0.165,0.169,0.181,0.159,17.02%
2021/2/25,0.141,0.128,0.143,0.125,17.50%
2021/2/24,0.12,0.119,0.126,0.117,3.00%
2021/2/23,0.116,0.114,0.116,0.114,0.43%
2021/2/22,0.116,0.115,0.121,0.11,5.94%
2021/2/21,0.109,0.111,0.111,0.109,9.50%
2021/2/19,0.1,0.096,0.105,0.095,9.89%
2021/2/18,0.091,0.092,0.094,0.085,-9.00%
2021/2/17,0.1,0.09,0.101,0.09,25.00%
2021/2/16,0.08,0.077,0.086,0.075,5.26%
2021/2/15,0.076,0.074,0.08,0.071,12.59%
2021/2/14,0.068,0.07,0.07,0.068,3.85%
2021/2/12,0.065,0.068,0.075,0.065,-7.80%
2021/2/11,0.071,0.064,0.071,0.064,-7.24%
2021/2/10,0.076,0.065,0.08,0.065,8.57%
2021/2/9,0.07,0.064,0.071,0.061,6.06%
2021/2/8,0.066,0.06,0.067,0.06,14.78%
2021/2/7,0.058,0.058,0.058,0.058,-8.73%
2021/2/5,0.063,0.063,0.063,0.063,10.53%
2021/2/4,0.057,0.062,0.063,0.056,3.64%
2021/2/3,0.055,0.053,0.057,0.05,7.84%
2021/2/2,0.051,0.059,0.06,0.051,-15.00%
2021/2/1,0.06,0.06,0.061,0.056,6.19%
2021/1/31,0.056,0.056,0.056,0.056,10.78%
2021/1/29,0.051,0.04,0.053,0.04,37.84%
2021/1/28,0.037,0.039,0.041,0.036,5.71%
2021/1/27,0.035,0.036,0.039,0.035,16.67%
2021/1/26,0.03,0.033,0.035,0.03,-16.67%
2021/1/25,0.036,0.035,0.037,0.034,12.50%
2021/1/24,0.032,0.031,0.032,0.031,-21.95%
2021/1/22,0.041,0.036,0.041,0.035,28.12%
2021/1/21,0.032,0.036,0.036,0.03,-13.51%
2021/1/20,0.037,0.044,0.044,0.033,-15.91%
2021/1/19,0.044,0.05,0.05,0.044,-10.20%
2021/1/18,0.049,0.048,0.056,0.045,2.08%
2021/1/17,0.048,0.043,0.048,0.043,54.84%
2021/1/15,0.031,0.03,0.031,0.028,0.00%
2021/1/14,0.031,0.026,0.032,0.025,3.33%
2021/1/13,0.03,0.032,0.033,0.025,-3.23%
2021/1/12,0.031,0.038,0.041,0.03,-12.68%
2021/1/11,0.036,0.035,0.036,0.035,0.00%
2021/1/8,0.036,0.039,0.04,0.035,2.86%
2021/1/7,0.035,0.031,0.038,0.03,84.21%
2021/1/6,0.019,0.01,0.02,0.01,72.73%
2021/1/5,0.011,0.017,0.017,0.01,-47.62%
2021/1/4,0.021,0.02,0.021,0.015,35.48%
2021/1/3,0.015,0.02,0.02,0.015,-26.19%
2020/12/30,0.021,0.021,0.026,0.02,5.00%
2020/12/29,0.02,0.015,0.02,0.015,0.00%
2020/12/28,0.02,0.019,0.02,0.015,42.86%
2020/12/27,0.014,0.014,0.014,0.014,-30.00%
2020/12/25,0.02,0.013,0.021,0.01,25.00%
2020/12/24,0.016,0.012,0.017,0.011,166.67%
2020/12/23,0.006,0.009,0.011,0.005,-40.00%
2020/12/22,0.01,0.01,0.015,0.01,-9.09%
2020/12/21,0.011,0.014,0.015,0.005,0.00%
2020/12/20,0.011,0.009,0.011,0.009,10.00%
2020/12/18,0.01,0.009,0.014,0.005,0.00%
2020/12/17,0.01,0.008,0.011,0.005,0.00%
2020/12/16,0.01,0.008,0.01,0.001,66.67%
2020/12/15,0.006,0.014,0.014,0.005,-40.00%
2020/12/14,0.01,0.011,0.015,0.01,17.65%
2020/12/13,0.009,0.007,0.009,0.007,-39.29%
2020/12/11,0.014,0.014,0.016,0.008,-6.67%
2020/12/10,0.015,0.015,0.021,0.015,-11.76%
2020/12/9,0.017,0.019,0.021,0.016,6.25%
2020/12/8,0.016,0.02,0.02,0.015,-23.81%
2020/12/7,0.021,0.026,0.03,0.021,-16.00%
2020/12/6,0.025,0.025,0.025,0.025,19.05%
2020/12/4,0.021,0.024,0.024,0.018,-16.00%
2020/12/3,0.025,0.027,0.027,0.02,0.00%
2020/12/2,0.025,0.027,0.028,0.024,25.00%
2020/12/1,0.02,0.032,0.034,0.015,-35.48%
2020/11/30,0.031,0.029,0.034,0.028,26.53%
2020/11/29,0.024,0.024,0.024,0.024,-18.33%
2020/11/27,0.03,0.02,0.03,0.018,15.38%
2020/11/26,0.026,0.019,0.026,0.018,23.81%
2020/11/25,0.021,0.024,0.026,0.021,0.00%
2020/11/24,0.021,0.017,0.025,0.017,110.00%
2020/11/20,0.01,0.01,0.016,0.01,-37.50%
2020/11/19,0.016,0.018,0.021,0.016,0.00%
2020/11/18,0.016,0.02,0.021,0.015,-36.00%
2020/11/17,0.025,0.028,0.028,0.02,19.05%
2020/11/16,0.021,0.028,0.028,0.02,-8.70%
2020/11/15,0.023,0.024,0.024,0.023,-8.00%
2020/11/13,0.025,0.021,0.025,0.019,-16.67%
2020/11/12,0.03,0.04,0.04,0.029,-21.05%
2020/11/11,0.038,0.038,0.041,0.035,5.56%
2020/11/10,0.036,0.035,0.038,0.031,125.00%
2020/11/9,0.016,0.032,0.032,0.015,-40.74%
2020/11/8,0.027,0.027,0.027,0.027,35.00%
2020/11/6,0.02,0.021,0.025,0.019,0.00%
2020/11/5,0.02,0.03,0.031,0.02,-44.44%
2020/11/4,0.036,0.054,0.057,0.035,-25.77%
2020/11/3,0.049,0.049,0.049,0.049,7.78%
2020/11/2,0.045,0.04,0.045,0.04,9.76%
2020/10/30,0.041,0.033,0.041,0.031,36.67%
2020/10/29,0.03,0.027,0.03,0.025,20.00%
2020/10/28,0.025,0.019,0.026,0.019,-16.67%
2020/10/27,0.03,0.029,0.03,0.028,-3.23%
2020/10/26,0.031,0.033,0.035,0.03,16.98%
2020/10/25,0.026,0.03,0.03,0.026,-32.05%
2020/10/23,0.039,0.036,0.041,0.035,25.81%
2020/10/22,0.031,0.03,0.036,0.025,0.00%
2020/10/21,0.031,0.024,0.036,0.023,24.00%
2020/10/20,0.025,0.025,0.026,0.02,0.00%
2020/10/19,0.025,0.02,0.026,0.02,38.89%
2020/10/18,0.018,0.017,0.018,0.017,-10.00%
2020/10/16,0.02,0.021,0.028,0.018,-20.00%
2020/10/15,0.025,0.03,0.032,0.024,-19.35%
2020/10/14,0.031,0.022,0.031,0.022,3.33%
2020/10/13,0.03,0.031,0.031,0.025,15.38%
2020/10/12,0.026,0.031,0.031,0.025,0.00%
2020/10/11,0.026,0.03,0.03,0.026,-14.52%
2020/10/9,0.031,0.035,0.035,0.03,-11.43%
2020/10/8,0.035,0.04,0.041,0.035,-2.78%
2020/10/7,0.036,0.031,0.037,0.031,2.86%
2020/10/6,0.035,0.034,0.04,0.03,40.00%
2020/10/5,0.025,0.025,0.03,0.024,13.64%
2020/10/4,0.022,0.023,0.023,0.022,15.79%
2020/10/2,0.019,0.023,0.025,0.019,26.67%
2020/10/1,0.015,0.018,0.019,0.01,-6.25%
2020/9/30,0.016,0.011,0.021,0.01,-5.88%
2020/9/29,0.017,0.024,0.024,0.015,-19.05%
2020/9/28,0.021,0.005,0.021,0.005,200.00%
2020/9/27,0.007,0.009,0.009,0.007,-30.00%
2020/9/25,0.01,0.009,0.015,0.006,-9.09%
2020/9/24,0.011,0.006,0.011,0.005,57.14%
2020/9/23,0.007,0.013,0.013,0.005,0.00%
2020/9/22,0.007,0.009,0.009,0.007,-46.15%
2020/9/18,0.013,0.013,0.015,0.01,0.00%
2020/9/17,0.013,0.016,0.02,0.013,-35.00%
2020/9/16,0.02,0.02,0.021,0.015,11.11%
2020/9/15,0.018,0.02,0.026,0.017,-10.00%
2020/9/14,0.02,0.024,0.025,0.019,0.00%
2020/9/13,0.02,0.02,0.02,0.02,-22.00%
2020/9/11,0.025,0.026,0.027,0.02,0.00%
2020/9/10,0.025,0.029,0.031,0.022,-16.67%
2020/9/9,0.03,0.032,0.032,0.026,-14.29%
2020/9/8,0.035,0.042,0.042,0.034,-18.60%
2020/9/7,0.043,0.05,0.051,0.041,-8.51%
2020/9/6,0.047,0.045,0.047,0.045,30.56%
2020/9/4,0.036,0.032,0.039,0.03,2.86%
2020/9/3,0.035,0.04,0.04,0.034,-14.63%
2020/9/2,0.041,0.041,0.045,0.035,-8.89%
2020/9/1,0.045,0.049,0.049,0.03,-4.26%
2020/8/31,0.047,0.051,0.056,0.047,0.00%
2020/8/30,0.047,0.045,0.047,0.045,-16.96%
2020/8/28,0.056,0.05,0.058,0.05,36.59%
2020/8/27,0.041,0.04,0.045,0.034,-2.38%
2020/8/26,0.042,0.037,0.045,0.036,40.00%
2020/8/25,0.03,0.029,0.03,0.025,20.00%
2020/8/24,0.025,0.029,0.029,0.025,2.04%
2020/8/23,0.024,0.026,0.026,0.024,-20.97%
2020/8/21,0.031,0.025,0.035,0.023,0.00%
2020/8/20,0.031,0.035,0.036,0.026,3.33%
2020/8/19,0.03,0.037,0.04,0.03,-14.29%
2020/8/18,0.035,0.043,0.044,0.035,-14.63%
2020/8/17,0.041,0.043,0.046,0.04,-2.38%
2020/8/16,0.042,0.039,0.042,0.039,-8.70%
2020/8/14,0.046,0.044,0.046,0.04,35.29%
2020/8/13,0.034,0.041,0.041,0.03,-15.00%
2020/8/12,0.04,0.036,0.041,0.034,53.85%
2020/8/11,0.026,0.02,0.027,0.02,48.57%
2020/8/10,0.018,0.018,0.018,0.018,59.09%
2020/8/7,0.011,0.013,0.016,0.009,-31.25%
2020/8/6,0.016,0.015,0.021,0.015,45.45%
2020/8/5,0.011,0.004,0.011,0.004,-26.67%
2020/8/4,0.015,0.022,0.026,0.013,-40.00%
2020/8/3,0.025,0.019,0.03,0.019,13.64%
2020/8/2,0.022,0.015,0.022,0.015,37.50%
2020/7/31,0.016,0.016,0.016,0.005,-23.81%
2020/7/30,0.021,0.02,0.022,0.016,10.53%
2020/7/29,0.019,0.017,0.02,0.015,-9.52%
2020/7/28,0.021,0.02,0.025,0.015,5.00%
2020/7/27,0.02,0.017,0.021,0.016,53.85%
2020/7/26,0.013,0.009,0.013,0.009,-18.75%
2020/7/22,0.016,0.01,0.018,0.01,33.33%
2020/7/21,0.012,0.024,0.026,0.011,-42.86%
2020/7/20,0.021,0.022,0.028,0.016,23.53%
2020/7/19,0.017,0.017,0.017,0.017,21.43%
2020/7/17,0.014,0.01,0.015,0.007,-6.67%
2020/7/16,0.015,0.02,0.021,0.013,-34.78%
2020/7/15,0.023,0.024,0.031,0.022,9.52%
2020/7/14,0.021,0.027,0.028,0.02,-32.26%
2020/7/13,0.031,0.024,0.032,0.022,31.91%
2020/7/12,0.023,0.016,0.023,0.016,56.67%
2020/7/10,0.015,0.014,0.02,0.014,-21.05%
2020/7/9,0.019,0.023,0.026,0.016,-13.64%
2020/7/8,0.022,0.034,0.036,0.02,-37.14%
2020/7/7,0.035,0.042,0.042,0.034,-14.63%
2020/7/6,0.041,0.03,0.041,0.03,34.43%
2020/7/5,0.031,0.027,0.031,0.027,17.31%
2020/7/3,0.026,0.032,0.041,0.023,-25.71%
2020/7/2,0.035,0.057,0.061,0.026,-27.08%
2020/7/1,0.048,0.038,0.051,0.035,77.78%
2020/6/30,0.027,0.017,0.031,0.016,145.45%
2020/6/29,0.011,0.006,0.011,0.005,450.00%
2020/6/28,0.002,0.002,0.002,0.002,-81.82%
2020/6/26,0.011,0.012,0.016,0.008,-15.38%
2020/6/25,0.013,0.01,0.015,0.007,8.33%
2020/6/24,0.012,0.013,0.017,0.012,33.33%
2020/6/23,0.009,0.007,0.012,0.005,28.57%
2020/6/22,0.007,0.005,0.012,0.005,16.67%
2020/6/21,0.006,0.002,0.006,0.002,-50.00%
2020/6/19,0.012,0.014,0.017,0.008,9.09%
2020/6/18,0.011,0.018,0.018,0.006,-31.25%
2020/6/17,0.016,0.014,0.018,0.014,-23.81%
2020/6/16,0.021,0.014,0.022,0.014,320.00%
2020/6/15,0.005,0.011,0.016,0.004,-54.55%
2020/6/12,0.011,0.002,0.013,-0.003,83.33%
2020/6/11,0.006,0.011,0.019,0.005,-71.43%
2020/6/10,0.021,0.015,0.026,0.006,31.25%
2020/6/9,0.016,0.038,0.041,0.016,-61.90%
2020/6/8,0.042,0.053,0.055,0.041,-10.64%
2020/6/7,0.047,0.045,0.047,0.045,0.00%
2020/6/5,0.047,0.037,0.049,0.029,42.42%
2020/6/4,0.033,0.022,0.033,0.021,153.85%
2020/6/3,0.013,0.011,0.016,0.011,85.71%
2020/6/2,0.007,0.015,0.015,0.006,0.00%
2020/6/1,0.007,0.006,0.009,0.002,0.00%
2020/5/31,0.007,0.002,0.007,0.002,0.00%
2020/5/29,0.007,0.005,0.008,-0.003,-450.00%
2020/5/28,-0.002,-0.003,0.001,-0.008,-300.00%
2020/5/27,0.001,0.008,0.009,0.001,-66.67%
2020/5/26,0.003,0.006,0.006,0,50.00%
2020/5/25,0.002,-0.001,0.005,-0.002,-133.33%
2020/5/24,-0.006,-0.009,-0.006,-0.009,50.00%
2020/5/22,-0.004,0.001,0.001,-0.008,-500.00%
2020/5/21,0.001,0.002,0.002,-0.004,-50.00%
2020/5/20,0.002,0.002,0.003,0,0.00%
2020/5/19,0.002,0.002,0.006,-0.001,-122.22%
2020/5/18,-0.009,0.001,0.002,-0.01,125.00%
2020/5/17,-0.004,-0.004,-0.004,-0.004,100.00%
2020/5/15,-0.002,-0.002,0.001,-0.008,0.00%
2020/5/14,-0.002,-0.004,0.001,-0.007,100.00%
2020/5/13,-0.001,-0.004,-0.001,-0.012,-66.67%
2020/5/12,-0.003,0.011,0.012,-0.007,-133.33%
2020/5/11,0.009,0.006,0.012,0.002,28.57%
2020/5/10,0.007,0.003,0.007,0.002,40.00%
2020/5/8,0.005,-0.007,0.005,-0.012,-171.43%
2020/5/7,-0.007,-0.012,0.009,-0.013,-22.22%
2020/5/6,-0.009,-0.023,-0.009,-0.024,-65.38%
2020/5/1,-0.026,-0.03,-0.021,-0.036,-31.58%
2020/4/30,-0.038,-0.048,-0.037,-0.051,-22.45%
2020/4/29,-0.049,-0.046,-0.046,-0.05,16.67%
2020/4/28,-0.042,-0.044,-0.037,-0.049,23.53%
2020/4/27,-0.034,-0.017,-0.008,-0.036,325.00%
2020/4/26,-0.008,-0.018,-0.008,-0.02,-57.89%
2020/4/24,-0.019,-0.024,-0.014,-0.037,375.00%
2020/4/23,-0.004,0.006,0.01,-0.009,33.33%
2020/4/22,-0.003,0.009,0.01,-0.009,-114.29%
2020/4/21,0.021,0.013,0.022,0.009,40.00%
2020/4/20,0.015,0.024,0.03,0.014,-44.44%
2020/4/19,0.027,0.016,0.027,0.015,68.75%
2020/4/17,0.016,0.011,0.019,0.008,166.67%
2020/4/16,0.006,0.007,0.013,0,-64.71%
2020/4/15,0.017,0.017,0.029,0.016,54.55%
2020/4/14,0.011,0.011,0.016,0.009,57.14%
2020/4/13,0.007,0.001,0.008,-0.004,-800.00%
2020/4/12,-0.001,0.001,0.001,-0.001,-200.00%
2020/4/10,0.001,0.014,0.017,-0.001,-90.91%
2020/4/9,0.011,0.028,0.031,0.006,-31.25%
2020/4/8,0.016,0.012,0.018,0.008,77.78%
2020/4/7,0.009,0.012,0.012,-0.001,0.00%
2020/4/6,0.009,-0.008,0.011,-0.008,-280.00%
2020/4/5,-0.005,-0.01,-0.005,-0.01,-16.67%
2020/4/3,-0.006,0.002,0.005,-0.01,-40.00%
2020/4/2,-0.01,0.019,0.029,-0.011,-242.86%
2020/4/1,0.007,0.005,0.015,-0.003,-58.82%
2020/3/31,0.017,0.017,0.034,0.01,750.00%
2020/3/30,0.002,-0.016,0.007,-0.017,-150.00%
2020/3/29,-0.004,0.009,0.009,-0.014,-136.36%
2020/3/27,0.011,0.005,0.015,0.002,83.33%
2020/3/26,0.006,0.05,0.054,0.002,-83.33%
2020/3/25,0.036,0.044,0.045,0.021,-2.70%
2020/3/24,0.037,0.064,0.064,0.02,-45.59%
2020/3/23,0.068,0.029,0.086,0.026,78.95%
2020/3/22,0.038,0.071,0.071,0.029,-63.46%
2020/3/19,0.104,0.089,0.106,0.038,82.46%
2020/3/18,0.057,0.018,0.063,0.015,338.46%
2020/3/17,0.013,0.023,0.024,-0.008,30.00%
2020/3/16,0.01,0.053,0.057,-0.015,-33.33%
2020/3/15,0.015,0.002,0.048,0.002,-850.00%
2020/3/13,-0.002,-0.048,0.005,-0.048,-96.23%
2020/3/12,-0.053,-0.045,-0.028,-0.08,-20.90%
2020/3/11,-0.067,-0.038,-0.037,-0.088,63.41%
2020/3/10,-0.041,-0.146,-0.025,-0.146,-72.67%
2020/3/9,-0.15,-0.19,-0.144,-0.197,-23.08%
2020/3/8,-0.195,-0.135,-0.134,-0.195,41.30%
2020/3/6,-0.138,-0.115,-0.115,-0.158,24.32%
2020/3/5,-0.111,-0.113,-0.106,-0.135,-20.71%
2020/3/4,-0.14,-0.138,-0.133,-0.16,25.00%
2020/3/3,-0.112,-0.106,-0.088,-0.113,-17.04%
2020/3/2,-0.135,-0.166,-0.129,-0.177,-18.67%
2020/3/1,-0.166,-0.158,-0.158,-0.168,8.50%
2020/2/28,-0.153,-0.116,-0.115,-0.154,45.71%
2020/2/27,-0.105,-0.095,-0.095,-0.115,12.90%
2020/2/26,-0.093,-0.106,-0.091,-0.106,-8.82%
2020/2/25,-0.102,-0.084,-0.082,-0.102,20.00%
2020/2/24,-0.085,-0.06,-0.06,-0.086,32.81%
2020/2/21,-0.064,-0.054,-0.047,-0.067,48.84%
2020/2/20,-0.043,-0.036,-0.028,-0.052,-8.51%
2020/2/19,-0.047,-0.05,-0.041,-0.051,-12.96%
2020/2/18,-0.054,-0.033,-0.033,-0.059,42.11%
2020/2/17,-0.038,-0.028,-0.028,-0.04,31.03%
2020/2/16,-0.029,-0.03,-0.028,-0.03,0.00%
2020/2/14,-0.029,-0.025,-0.022,-0.029,-14.71%
2020/2/13,-0.034,-0.034,-0.025,-0.044,-12.82%
2020/2/12,-0.039,-0.051,-0.033,-0.058,-26.42%
2020/2/11,-0.053,-0.056,-0.051,-0.056,-8.62%
2020/2/10,-0.058,-0.045,-0.044,-0.058,26.09%
2020/2/9,-0.046,-0.038,-0.038,-0.046,21.05%
2020/2/7,-0.038,-0.029,-0.021,-0.042,123.53%
2020/2/6,-0.017,-0.018,-0.004,-0.022,-55.26%
2020/2/5,-0.038,-0.041,-0.028,-0.045,-25.49%
2020/2/4,-0.051,-0.06,-0.048,-0.061,-13.56%
2020/2/3,-0.059,-0.075,-0.059,-0.078,-21.33%
2020/2/2,-0.075,-0.062,-0.062,-0.077,19.05%
2020/1/31,-0.063,-0.058,-0.053,-0.067,14.55%
2020/1/30,-0.055,-0.043,-0.043,-0.064,52.78%
2020/1/29,-0.036,-0.031,-0.029,-0.038,-5.26%
2020/1/28,-0.038,-0.046,-0.038,-0.051,-13.64%
2020/1/27,-0.044,-0.046,-0.039,-0.052,-13.73%
2020/1/26,-0.051,-0.021,-0.021,-0.052,131.82%
2020/1/24,-0.022,-0.021,-0.015,-0.026,15.79%
2020/1/23,-0.019,-0.008,-0.007,-0.02,533.33%
2020/1/22,-0.003,-0.005,0.001,-0.009,-50.00%
2020/1/21,-0.006,0.007,0.011,-0.009,-200.00%
2020/1/20,0.006,-0.001,0.008,-0.001,500.00%
2020/1/19,0.001,-0.001,0.001,-0.001,0.00%
2020/1/17,0,0.008,0.012,-0.003,-100.00%
2020/1/16,0.009,0.001,0.009,0.001,-10.00%
2020/1/15,0.01,0.01,0.016,0.006,-37.50%
2020/1/14,0.016,0.003,0.016,0.002,433.33%
2020/1/13,0.003,-0.001,0.004,-0.001,50.00%
2020/1/10,0.002,0,0.004,-0.005,0.00%
2020/1/9,0,0.004,0.005,-0.003,-100.00%
2020/1/8,-0.01,-0.012,-0.002,-0.028,-16.67%
2020/1/7,-0.012,-0.012,-0.003,-0.016,-58.62%
2020/1/6,-0.029,-0.034,-0.027,-0.048,-19.44%
2020/1/5,-0.036,-0.019,-0.019,-0.036,63.64%
2019/12/30,-0.022,-0.011,-0.007,-0.025,175.00%
2019/12/29,-0.008,-0.009,-0.008,-0.01,-20.00%
2019/12/27,-0.01,-0.013,-0.008,-0.019,-23.08%
2019/12/26,-0.013,-0.023,-0.003,-0.023,-7.14%
2019/12/25,-0.014,0.002,0.005,-0.018,-333.33%
2019/12/24,0.006,0.012,0.013,0,-25.00%
2019/12/23,0.008,0.011,0.013,0.002,-20.00%
2019/12/22,0.01,0.014,0.014,0.01,25.00%
2019/12/20,0.008,0,0.012,0,-214.29%
2019/12/19,-0.007,-0.006,-0.001,-0.007,-46.15%
2019/12/18,-0.013,-0.008,-0.007,-0.018,116.67%
2019/12/17,-0.006,-0.012,-0.003,-0.018,-72.73%
2019/12/16,-0.022,-0.027,-0.017,-0.031,-26.67%
2019/12/15,-0.03,-0.019,-0.018,-0.03,57.89%
2019/12/13,-0.019,0.008,0.009,-0.023,-17.39%
2019/12/12,-0.023,-0.007,-0.004,-0.024,2200.00%
2019/12/11,-0.001,-0.018,0.004,-0.019,-93.75%
2019/12/10,-0.016,-0.005,0.014,-0.019,166.67%
2019/12/9,-0.006,-0.009,0.001,-0.015,-45.45%
2019/12/8,-0.011,-0.008,-0.008,-0.012,0.00%
2019/12/6,-0.011,-0.027,-0.01,-0.027,-72.50%
2019/12/5,-0.04,-0.014,-0.013,-0.04,11.11%
2019/12/4,-0.036,-0.052,-0.025,-0.06,71.43%
2019/12/3,-0.021,-0.045,-0.012,-0.048,-54.35%
2019/12/2,-0.046,-0.07,-0.045,-0.07,-31.34%
2019/12/1,-0.067,-0.075,-0.067,-0.075,-15.19%
2019/11/29,-0.079,-0.086,-0.068,-0.088,-13.19%
2019/11/28,-0.091,-0.101,-0.088,-0.105,-17.27%
2019/11/27,-0.11,-0.102,-0.099,-0.113,17.02%
2019/11/26,-0.094,-0.089,-0.077,-0.097,14.63%
2019/11/25,-0.082,-0.079,-0.078,-0.092,3.80%
2019/11/24,-0.079,-0.078,-0.078,-0.08,0.00%
2019/11/22,-0.079,-0.096,-0.073,-0.096,-28.83%
2019/11/21,-0.111,-0.105,-0.104,-0.127,3.74%
2019/11/20,-0.107,-0.09,-0.089,-0.11,16.30%
2019/11/19,-0.092,-0.089,-0.085,-0.098,10.84%
2019/11/18,-0.083,-0.08,-0.074,-0.086,0.00%
2019/11/17,-0.083,-0.072,-0.072,-0.083,25.76%
2019/11/15,-0.066,-0.085,-0.062,-0.09,-8.33%
2019/11/14,-0.072,-0.051,-0.049,-0.078,67.44%
2019/11/13,-0.043,-0.034,-0.034,-0.055,26.47%
2019/11/12,-0.034,-0.058,-0.031,-0.058,-46.03%
2019/11/11,-0.063,-0.058,-0.057,-0.073,1.61%
2019/11/10,-0.062,-0.059,-0.058,-0.062,6.90%
2019/11/8,-0.058,-0.04,-0.035,-0.059,-30.12%
2019/11/7,-0.083,-0.099,-0.07,-0.102,1.22%
2019/11/6,-0.082,-0.11,-0.066,-0.11,-38.81%
2019/11/5,-0.134,-0.161,-0.133,-0.161,-10.07%
2019/11/4,-0.149,-0.169,-0.149,-0.169,-17.22%
2019/11/1,-0.18,-0.162,-0.162,-0.187,29.50%
2019/10/31,-0.139,-0.119,-0.119,-0.141,18.80%
2019/10/30,-0.117,-0.118,-0.114,-0.127,9.35%
2019/10/29,-0.107,-0.116,-0.107,-0.117,-18.94%
2019/10/28,-0.132,-0.133,-0.125,-0.137,0.00%
2019/10/27,-0.132,-0.133,-0.132,-0.135,-8.97%
2019/10/25,-0.145,-0.143,-0.141,-0.15,0.00%
2019/10/24,-0.145,-0.137,-0.13,-0.146,5.07%
2019/10/23,-0.138,-0.128,-0.126,-0.139,5.34%
2019/10/22,-0.131,-0.124,-0.124,-0.131,-2.24%
2019/10/21,-0.134,-0.148,-0.129,-0.149,-9.46%
2019/10/20,-0.148,-0.137,-0.137,-0.148,0.68%
2019/10/18,-0.147,-0.148,-0.139,-0.152,-4.55%
2019/10/17,-0.154,-0.159,-0.14,-0.159,-4.35%
2019/10/16,-0.161,-0.157,-0.154,-0.169,-4.73%
2019/10/15,-0.169,-0.167,-0.166,-0.184,-1.74%
2019/10/14,-0.172,-0.174,-0.164,-0.174,-3.91%
2019/10/11,-0.179,-0.185,-0.176,-0.193,-13.94%
2019/10/10,-0.208,-0.196,-0.189,-0.214,-0.48%
2019/10/9,-0.209,-0.212,-0.207,-0.219,2.96%
2019/10/8,-0.203,-0.218,-0.2,-0.218,-9.38%
2019/10/7,-0.224,-0.211,-0.208,-0.224,3.70%
2019/10/6,-0.216,-0.208,-0.208,-0.216,3.35%
2019/10/4,-0.209,-0.204,-0.198,-0.218,10.58%
2019/10/3,-0.189,-0.17,-0.169,-0.193,13.86%
2019/10/2,-0.166,-0.168,-0.153,-0.17,13.70%
2019/10/1,-0.146,-0.205,-0.137,-0.206,-34.53%
2019/9/30,-0.223,-0.231,-0.218,-0.232,-3.46%
2019/9/29,-0.231,-0.236,-0.228,-0.236,-3.35%
2019/9/27,-0.239,-0.247,-0.239,-0.255,-2.45%
2019/9/26,-0.245,-0.243,-0.234,-0.249,-3.92%
2019/9/25,-0.255,-0.246,-0.245,-0.262,6.69%
2019/9/24,-0.239,-0.234,-0.23,-0.244,1.70%
2019/9/23,-0.235,-0.216,-0.216,-0.235,9.81%
2019/9/20,-0.214,-0.213,-0.198,-0.228,-5.73%
2019/9/19,-0.227,-0.185,-0.176,-0.229,26.82%
2019/9/18,-0.179,-0.158,-0.145,-0.183,16.99%
2019/9/17,-0.153,-0.146,-0.142,-0.168,-3.16%
2019/9/16,-0.158,-0.154,-0.147,-0.158,1.94%
2019/9/13,-0.155,-0.186,-0.149,-0.189,-26.19%
2019/9/12,-0.21,-0.206,-0.194,-0.216,3.45%
2019/9/11,-0.203,-0.22,-0.193,-0.223,-9.38%
2019/9/10,-0.224,-0.238,-0.213,-0.239,-13.18%
2019/9/9,-0.258,-0.248,-0.245,-0.264,4.03%
2019/9/8,-0.248,-0.245,-0.245,-0.248,1.64%
2019/9/6,-0.244,-0.245,-0.234,-0.252,-8.96%
2019/9/5,-0.268,-0.278,-0.255,-0.278,-5.63%
2019/9/4,-0.284,-0.285,-0.276,-0.29,4.03%
2019/9/3,-0.273,-0.265,-0.257,-0.274,3.02%
2019/9/2,-0.265,-0.272,-0.262,-0.274,-3.28%
2019/9/1,-0.274,-0.272,-0.271,-0.274,-0.36%
2019/8/30,-0.275,-0.271,-0.261,-0.289,-4.18%
2019/8/29,-0.287,-0.271,-0.27,-0.289,5.13%
2019/8/28,-0.273,-0.271,-0.264,-0.285,3.41%
2019/8/27,-0.264,-0.261,-0.25,-0.265,-5.38%
2019/8/26,-0.279,-0.259,-0.257,-0.284,6.08%
2019/8/25,-0.263,-0.235,-0.234,-0.263,12.39%
2019/8/23,-0.234,-0.236,-0.231,-0.242,-3.70%
2019/8/22,-0.243,-0.237,-0.235,-0.244,1.67%
2019/8/21,-0.239,-0.236,-0.235,-0.248,1.70%
2019/8/20,-0.235,-0.225,-0.222,-0.237,2.62%
2019/8/19,-0.229,-0.227,-0.221,-0.23,2.23%
2019/8/18,-0.224,-0.231,-0.224,-0.231,-3.86%
2019/8/16,-0.233,-0.236,-0.229,-0.25,-2.10%
2019/8/15,-0.238,-0.237,-0.231,-0.241,8.68%
2019/8/14,-0.219,-0.226,-0.218,-0.228,-6.41%
2019/8/13,-0.234,-0.228,-0.223,-0.235,3.54%
2019/8/12,-0.226,-0.218,-0.218,-0.226,3.67%
2019/8/9,-0.218,-0.192,-0.192,-0.218,14.14%
2019/8/8,-0.191,-0.188,-0.184,-0.201,-2.55%
2019/8/7,-0.196,-0.191,-0.188,-0.201,8.89%
2019/8/6,-0.18,-0.208,-0.172,-0.211,-6.74%
2019/8/5,-0.193,-0.17,-0.17,-0.195,11.56%
2019/8/4,-0.173,-0.169,-0.169,-0.175,4.85%
2019/8/2,-0.165,-0.159,-0.154,-0.173,24.06%
2019/8/1,-0.133,-0.155,-0.13,-0.158,-14.19%
2019/7/31,-0.155,-0.152,-0.152,-0.159,2.65%
2019/7/30,-0.151,-0.146,-0.143,-0.151,4.86%
2019/7/29,-0.144,-0.149,-0.144,-0.151,-4.64%
2019/7/28,-0.151,-0.15,-0.149,-0.151,1.34%
2019/7/26,-0.149,-0.145,-0.142,-0.153,-1.32%
2019/7/25,-0.151,-0.15,-0.146,-0.151,2.03%
2019/7/24,-0.148,-0.144,-0.143,-0.149,2.78%
2019/7/23,-0.144,-0.14,-0.137,-0.144,5.11%
2019/7/22,-0.137,-0.135,-0.134,-0.14,-0.72%
2019/7/21,-0.138,-0.136,-0.135,-0.138,2.99%
2019/7/19,-0.134,-0.136,-0.129,-0.144,-0.74%
2019/7/18,-0.135,-0.128,-0.128,-0.139,8.87%
2019/7/17,-0.124,-0.12,-0.114,-0.129,2.48%
2019/7/16,-0.121,-0.127,-0.119,-0.132,-6.92%
2019/7/15,-0.13,-0.125,-0.122,-0.13,13.04%
2019/7/12,-0.115,-0.119,-0.113,-0.126,-17.27%
2019/7/11,-0.139,-0.132,-0.131,-0.14,12.10%
2019/7/10,-0.124,-0.135,-0.123,-0.138,-13.89%
2019/7/9,-0.144,-0.145,-0.142,-0.147,-2.70%
2019/7/8,-0.148,-0.149,-0.144,-0.154,0.00%
2019/7/7,-0.148,-0.151,-0.146,-0.151,-9.20%
2019/7/5,-0.163,-0.163,-0.156,-0.168,6.54%
2019/7/4,-0.153,-0.149,-0.149,-0.157,0.00%
2019/7/3,-0.153,-0.135,-0.135,-0.154,6.99%
2019/7/2,-0.143,-0.151,-0.141,-0.151,-0.69%
2019/7/1,-0.144,-0.154,-0.139,-0.154,1.41%
2019/6/30,-0.142,-0.161,-0.142,-0.161,-10.69%
2019/6/28,-0.159,-0.148,-0.144,-0.16,14.39%
2019/6/27,-0.139,-0.138,-0.134,-0.145,-3.47%
2019/6/26,-0.144,-0.153,-0.139,-0.159,-6.49%
2019/6/25,-0.154,-0.157,-0.154,-0.167,-0.65%
2019/6/24,-0.155,-0.16,-0.15,-0.161,-2.52%
2019/6/23,-0.159,-0.161,-0.159,-0.161,-3.05%
2019/6/21,-0.164,-0.161,-0.157,-0.191,0.00%
2019/6/20,-0.164,-0.146,-0.142,-0.165,22.39%
2019/6/19,-0.134,-0.141,-0.134,-0.152,3.88%
2019/6/18,-0.129,-0.125,-0.119,-0.13,4.03%
2019/6/17,-0.124,-0.125,-0.122,-0.133,1.64%
2019/6/16,-0.122,-0.126,-0.122,-0.127,-3.94%
2019/6/14,-0.127,-0.114,-0.114,-0.128,12.39%
2019/6/13,-0.113,-0.119,-0.108,-0.129,0.00%
2019/6/12,-0.113,-0.11,-0.107,-0.114,0.89%
2019/6/11,-0.112,-0.114,-0.103,-0.115,-7.44%
2019/6/10,-0.121,-0.121,-0.119,-0.128,-0.82%
2019/6/9,-0.122,-0.121,-0.121,-0.125,7.02%
2019/6/7,-0.114,-0.119,-0.111,-0.134,-4.20%
2019/6/6,-0.119,-0.128,-0.105,-0.129,-4.80%
2019/6/5,-0.125,-0.096,-0.096,-0.127,21.36%
2019/6/4,-0.103,-0.095,-0.094,-0.104,13.19%
2019/6/3,-0.091,-0.098,-0.089,-0.099,-7.14%
2019/6/2,-0.098,-0.097,-0.097,-0.099,0.00%
2019/5/31,-0.098,-0.09,-0.088,-0.099,19.51%
2019/5/30,-0.082,-0.085,-0.077,-0.086,-12.77%
2019/5/29,-0.094,-0.078,-0.078,-0.095,30.56%
2019/5/28,-0.072,-0.069,-0.068,-0.073,9.09%
2019/5/27,-0.066,-0.071,-0.066,-0.071,-4.35%
2019/5/26,-0.069,-0.07,-0.069,-0.07,1.47%
2019/5/24,-0.068,-0.064,-0.064,-0.07,15.25%
2019/5/23,-0.059,-0.059,-0.054,-0.06,11.32%
2019/5/22,-0.053,-0.044,-0.041,-0.054,10.42%
2019/5/21,-0.048,-0.045,-0.043,-0.048,9.09%
2019/5/20,-0.044,-0.054,-0.044,-0.055,-10.20%
2019/5/19,-0.049,-0.055,-0.048,-0.055,-14.04%
2019/5/17,-0.057,-0.06,-0.054,-0.061,-8.06%
2019/5/16,-0.062,-0.056,-0.054,-0.064,24.00%
2019/5/15,-0.05,-0.051,-0.049,-0.054,2.04%
2019/5/14,-0.049,-0.054,-0.044,-0.055,4.26%
2019/5/13,-0.047,-0.05,-0.046,-0.054,-12.96%
2019/5/12,-0.054,-0.047,-0.047,-0.054,12.50%
2019/5/10,-0.048,-0.051,-0.042,-0.054,-2.04%
2019/5/9,-0.049,-0.051,-0.047,-0.055,-5.77%
2019/5/8,-0.052,-0.057,-0.05,-0.059,-1.89%
2019/5/7,-0.053,-0.055,-0.05,-0.064,-5.36%
2019/5/6,-0.056,-0.052,-0.051,-0.056,27.27%
2019/4/26,-0.044,-0.032,-0.029,-0.044,41.94%
2019/4/25,-0.031,-0.044,-0.026,-0.048,-24.39%
2019/4/24,-0.041,-0.033,-0.031,-0.042,41.38%
2019/4/23,-0.029,-0.023,-0.023,-0.033,0.00%
2019/4/22,-0.029,-0.032,-0.028,-0.034,-14.71%
2019/4/21,-0.034,-0.03,-0.03,-0.034,41.67%
2019/4/19,-0.024,-0.033,-0.018,-0.04,-17.24%
2019/4/18,-0.029,-0.016,-0.014,-0.029,222.22%
2019/4/17,-0.009,-0.021,-0.009,-0.027,-59.09%
2019/4/16,-0.022,-0.027,-0.021,-0.039,-33.33%
2019/4/15,-0.033,-0.035,-0.029,-0.039,-5.71%
2019/4/14,-0.035,-0.045,-0.034,-0.052,-33.96%
2019/4/12,-0.053,-0.055,-0.049,-0.059,-10.17%
2019/4/11,-0.059,-0.057,-0.056,-0.063,5.36%
2019/4/10,-0.056,-0.054,-0.053,-0.059,27.27%
2019/4/9,-0.044,-0.043,-0.039,-0.045,-4.35%
2019/4/8,-0.046,-0.039,-0.038,-0.049,15.00%
2019/4/7,-0.04,-0.034,-0.034,-0.042,25.00%
2019/4/5,-0.032,-0.041,-0.025,-0.045,-15.79%
2019/4/4,-0.038,-0.05,-0.034,-0.05,-24.00%
2019/4/3,-0.05,-0.056,-0.045,-0.063,-20.63%
2019/4/2,-0.063,-0.068,-0.063,-0.077,-18.18%
2019/4/1,-0.077,-0.083,-0.073,-0.083,-2.53%
2019/3/31,-0.079,-0.088,-0.079,-0.088,-14.13%
2019/3/29,-0.092,-0.085,-0.08,-0.093,-1.08%
2019/3/28,-0.093,-0.074,-0.071,-0.094,38.81%
2019/3/27,-0.067,-0.063,-0.062,-0.072,8.06%
2019/3/26,-0.062,-0.087,-0.062,-0.088,-24.39%
2019/3/25,-0.082,-0.085,-0.082,-0.092,-2.38%
2019/3/24,-0.084,-0.076,-0.075,-0.085,27.27%
2019/3/22,-0.066,-0.049,-0.049,-0.069,20.00%
2019/3/21,-0.055,-0.051,-0.049,-0.055,48.65%
2019/3/20,-0.037,-0.044,-0.025,-0.044,-11.90%
2019/3/19,-0.042,-0.036,-0.034,-0.043,16.67%
2019/3/18,-0.036,-0.041,-0.033,-0.041,-5.26%
2019/3/17,-0.038,-0.039,-0.038,-0.041,2.70%
2019/3/15,-0.037,-0.039,-0.032,-0.043,-11.90%
2019/3/14,-0.042,-0.045,-0.038,-0.045,-2.33%
2019/3/13,-0.043,-0.033,-0.033,-0.044,30.30%
2019/3/12,-0.033,-0.032,-0.028,-0.034,3.12%
2019/3/11,-0.032,-0.034,-0.028,-0.034,6.67%
2019/3/10,-0.03,-0.036,-0.03,-0.036,-6.25%
2019/3/8,-0.032,-0.019,-0.018,-0.033,357.14%
2019/3/7,-0.007,-0.006,-0.003,-0.008,75.00%
2019/3/6,-0.004,0.01,0.01,-0.004,-233.33%
2019/3/5,0.003,-0.003,0.004,-0.004,50.00%
2019/3/4,0.002,-0.002,0.003,-0.004,-200.00%
2019/3/3,-0.002,-0.007,-0.001,-0.007,-81.82%
2019/3/1,-0.011,-0.007,-0.003,-0.014,-52.17%
2019/2/28,-0.023,-0.022,-0.018,-0.028,0.00%
2019/2/27,-0.023,-0.029,-0.021,-0.034,-14.81%
2019/2/26,-0.027,-0.032,-0.023,-0.034,-20.59%
2019/2/25,-0.034,-0.039,-0.032,-0.04,-5.56%
2019/2/24,-0.036,-0.042,-0.036,-0.042,-5.26%
2019/2/22,-0.038,-0.032,-0.032,-0.048,0.00%
2019/2/21,-0.038,-0.036,-0.032,-0.042,11.76%
2019/2/20,-0.034,-0.037,-0.03,-0.04,17.24%
2019/2/19,-0.029,-0.02,-0.014,-0.029,26.09%
2019/2/18,-0.023,-0.02,-0.018,-0.028,21.05%
2019/2/17,-0.019,-0.021,-0.019,-0.021,0.00%
2019/2/15,-0.019,-0.019,-0.019,-0.028,58.33%
2019/2/14,-0.012,-0.001,0,-0.015,100.00%
2019/2/13,-0.006,-0.007,0,-0.009,-53.85%
2019/2/12,-0.013,-0.024,-0.013,-0.028,-45.83%
2019/2/11,-0.024,-0.025,-0.024,-0.025,-14.29%
2019/2/8,-0.028,-0.019,-0.018,-0.034,250.00%
2019/2/7,-0.008,-0.016,-0.003,-0.016,-42.86%
2019/2/6,-0.014,-0.009,-0.009,-0.018,7.69%
2019/2/5,-0.013,-0.009,-0.005,-0.015,0.00%
2019/2/4,-0.013,-0.008,-0.007,-0.014,62.50%
2019/2/3,-0.008,-0.009,-0.008,-0.009,-61.90%
2019/2/1,-0.021,-0.005,-0.002,-0.021,0.00%
2019/1/31,0,0,0.004,-0.004,-100.00%
2019/1/30,0.005,0.004,0.009,0.004,400.00%
2019/1/29,0.001,-0.003,0.004,-0.004,0.00%
2019/1/28,0,0.001,0.004,-0.004,-100.00%
2019/1/27,0.001,0.002,0.002,0.001,0.00%
2019/1/25,0,0.001,0.005,0,-100.00%
2019/1/24,0.01,0.006,0.01,0.004,100.00%
2019/1/23,0.005,-0.001,0.01,-0.001,400.00%
2019/1/22,0.001,0.004,0.005,-0.004,-83.33%
2019/1/21,0.006,0.019,0.021,0.005,-68.42%
2019/1/20,0.019,0.02,0.02,0.017,90.00%
2019/1/18,0.01,0.016,0.019,0.01,100.00%
2019/1/17,0.005,0.015,0.015,0.002,0.00%
2019/1/16,0.005,0.013,0.02,0.001,-54.55%
2019/1/15,0.011,0.01,0.02,0.007,22.22%
2019/1/14,0.009,0.011,0.011,0.008,-40.00%
2019/1/11,0.015,0.028,0.031,0.011,-40.00%
2019/1/10,0.025,0.033,0.036,0.021,-19.35%
2019/1/9,0.031,0.022,0.031,0.02,3000.00%
2019/1/8,0.001,-0.003,0.008,-0.003,-106.67%
2019/1/7,-0.015,-0.012,-0.009,-0.022,66.67%
2019/1/6,-0.009,-0.015,-0.009,-0.015,-75.68%
2019/1/4,-0.037,-0.015,-0.015,-0.048,0.00%
2019/1/3,-0.037,-0.014,-0.014,-0.037,-1950.00%
2018/12/28,0.002,0.015,0.016,-0.001,-90.91%
2018/12/27,0.022,0.041,0.043,0.021,4.76%
2018/12/26,0.021,0.02,0.034,0.011,31.25%
2018/12/25,0.016,0.032,0.032,0.006,-38.46%
2018/12/24,0.026,0.034,0.034,0.026,-38.10%
2018/12/21,0.042,0.037,0.051,0.031,35.48%
2018/12/20,0.031,0.029,0.038,0.017,-11.43%
2018/12/19,0.035,0.022,0.048,0.009,34.62%
2018/12/18,0.026,0.032,0.036,0.023,-16.13%
2018/12/17,0.031,0.024,0.035,0.024,3.33%
2018/12/16,0.03,0.024,0.03,0.024,-14.29%
2018/12/14,0.035,0.051,0.051,0.034,-36.36%
2018/12/13,0.055,0.058,0.066,0.055,7.84%
2018/12/12,0.051,0.054,0.056,0.046,13.33%
2018/12/11,0.045,0.039,0.049,0.038,12.50%
2018/12/10,0.04,0.049,0.051,0.039,-14.89%
2018/12/9,0.047,0.048,0.049,0.047,-16.07%
2018/12/7,0.056,0.06,0.069,0.051,5.66%
2018/12/6,0.053,0.063,0.07,0.039,-24.29%
2018/12/5,0.07,0.056,0.071,0.05,0.00%
2018/12/4,0.07,0.075,0.079,0.068,-14.63%
2018/12/3,0.082,0.086,0.091,0.08,-7.87%
2018/12/2,0.089,0.08,0.091,0.08,3.49%
2018/11/30,0.086,0.078,0.089,0.075,6.17%
2018/11/29,0.081,0.099,0.102,0.08,-19.00%
2018/11/28,0.1,0.089,0.1,0.088,13.64%
2018/11/27,0.088,0.091,0.095,0.088,0.00%
2018/11/26,0.088,0.093,0.095,0.086,-6.38%
2018/11/25,0.094,0.094,0.094,0.094,-2.08%
2018/11/22,0.096,0.095,0.099,0.09,1.05%
2018/11/21,0.095,0.1,0.108,0.094,-5.94%
2018/11/20,0.101,0.093,0.104,0.093,9.78%
2018/11/19,0.092,0.101,0.103,0.09,-8.91%
2018/11/18,0.101,0.102,0.102,0.101,-3.81%
2018/11/16,0.105,0.102,0.107,0.1,-4.55%
2018/11/15,0.11,0.109,0.115,0.104,-1.79%
2018/11/14,0.112,0.114,0.116,0.105,-1.75%
2018/11/13,0.114,0.115,0.123,0.11,-4.20%
2018/11/12,0.119,0.121,0.121,0.118,-1.65%
2018/11/11,0.121,0.12,0.121,0.12,0.00%
2018/11/9,0.121,0.128,0.13,0.12,-3.20%
2018/11/8,0.125,0.13,0.134,0.124,0.81%
2018/11/7,0.124,0.13,0.134,0.123,-5.34%
2018/11/6,0.131,0.13,0.135,0.129,1.55%
2018/11/5,0.129,0.134,0.136,0.127,-4.44%
2018/11/4,0.135,0.135,0.135,0.135,5.47%
2018/11/2,0.128,0.119,0.132,0.115,2.40%
2018/11/1,0.125,0.133,0.14,0.122,-0.79%
2018/10/31,0.126,0.125,0.13,0.121,8.62%
2018/10/30,0.116,0.112,0.121,0.11,5.45%
2018/10/29,0.11,0.11,0.125,0.109,-0.90%
2018/10/28,0.111,0.113,0.113,0.111,0.91%
2018/10/26,0.11,0.114,0.123,0.104,-3.51%
2018/10/25,0.114,0.122,0.122,0.112,-15.56%
2018/10/24,0.135,0.143,0.146,0.133,-7.53%
2018/10/23,0.146,0.155,0.155,0.145,-3.31%
2018/10/22,0.151,0.15,0.152,0.149,0.00%
2018/10/21,0.151,0.15,0.151,0.15,1.34%
2018/10/19,0.149,0.149,0.151,0.146,-1.32%
2018/10/18,0.151,0.15,0.156,0.146,3.42%
2018/10/17,0.146,0.15,0.151,0.144,-2.01%
2018/10/16,0.149,0.141,0.15,0.141,3.47%
2018/10/15,0.144,0.149,0.15,0.141,-1.37%
2018/10/14,0.146,0.148,0.15,0.146,-2.01%
2018/10/12,0.149,0.143,0.151,0.14,2.76%
2018/10/11,0.145,0.148,0.148,0.14,-5.84%
2018/10/10,0.154,0.156,0.157,0.151,-2.53%
2018/10/9,0.158,0.154,0.16,0.15,4.64%
2018/10/8,0.151,0.154,0.154,0.15,1.34%
2018/10/5,0.149,0.158,0.159,0.149,-6.29%
2018/10/4,0.159,0.148,0.161,0.147,13.57%
2018/10/3,0.14,0.14,0.141,0.138,9.37%
2018/10/2,0.128,0.131,0.134,0.127,-3.03%
2018/10/1,0.132,0.128,0.132,0.126,1.54%
2018/9/30,0.13,0.129,0.13,0.127,3.17%
2018/9/28,0.126,0.12,0.13,0.119,5.00%
2018/9/27,0.12,0.123,0.124,0.116,-4.00%
2018/9/26,0.125,0.131,0.131,0.125,-5.30%
2018/9/25,0.132,0.125,0.136,0.125,2.33%
2018/9/24,0.129,0.128,0.131,0.125,-1.53%
2018/9/21,0.131,0.118,0.135,0.113,11.02%
2018/9/20,0.118,0.121,0.121,0.115,-1.67%
2018/9/19,0.12,0.121,0.122,0.115,4.35%
2018/9/18,0.115,0.115,0.118,0.112,-0.86%
2018/9/17,0.116,0.117,0.118,0.115,4.50%
2018/9/14,0.111,0.113,0.115,0.11,0.00%
2018/9/13,0.111,0.108,0.114,0.107,1.83%
2018/9/12,0.109,0.113,0.115,0.107,0.00%
2018/9/11,0.109,0.115,0.116,0.108,-4.39%
2018/9/10,0.114,0.115,0.115,0.109,0.00%
2018/9/9,0.114,0.11,0.115,0.11,2.70%
2018/9/7,0.111,0.106,0.111,0.103,1.83%
2018/9/6,0.109,0.114,0.114,0.104,-4.39%
2018/9/5,0.114,0.12,0.121,0.112,-0.87%
2018/9/4,0.115,0.119,0.119,0.111,0.00%
2018/9/3,0.115,0.109,0.122,0.109,0.88%
2018/9/2,0.114,0.112,0.115,0.109,10.68%
2018/8/31,0.103,0.103,0.106,0.098,-7.21%
2018/8/30,0.111,0.101,0.111,0.101,11.00%
2018/8/29,0.1,0.1,0.101,0.098,4.17%
2018/8/28,0.096,0.098,0.1,0.095,0.00%
2018/8/27,0.096,0.099,0.1,0.095,-3.03%
2018/8/26,0.099,0.102,0.102,0.098,-1.00%
2018/8/24,0.1,0.099,0.102,0.095,6.38%
2018/8/23,0.094,0.092,0.104,0.087,-1.05%
2018/8/22,0.095,0.092,0.099,0.087,3.26%
2018/8/21,0.092,0.092,0.098,0.091,-3.16%
2018/8/20,0.095,0.099,0.101,0.09,-5.00%
2018/8/19,0.1,0.098,0.101,0.098,5.26%
2018/8/17,0.095,0.1,0.101,0.094,-5.00%
2018/8/16,0.1,0.097,0.105,0.09,5.26%
2018/8/15,0.095,0.106,0.106,0.095,-10.38%
2018/8/14,0.106,0.102,0.108,0.101,9.28%
2018/8/13,0.097,0.098,0.1,0.095,-3.00%
2018/8/12,0.1,0.099,0.1,0.095,-3.85%
2018/8/10,0.104,0.11,0.11,0.101,-9.57%
2018/8/9,0.115,0.11,0.115,0.109,3.60%
2018/8/8,0.111,0.113,0.115,0.108,1.83%
2018/8/7,0.109,0.105,0.115,0.104,1.87%
2018/8/6,0.107,0.105,0.109,0.1,3.88%
2018/8/5,0.103,0.108,0.108,0.1,-7.21%
2018/8/3,0.111,0.126,0.13,0.106,-7.50%
2018/8/2,0.12,0.143,0.145,0.113,-1.64%
2018/8/1,0.122,0.066,0.125,0.063,117.86%
2018/7/31,0.056,0.108,0.116,0.052,-45.10%
2018/7/30,0.102,0.105,0.113,0.102,-3.77%
2018/7/29,0.106,0.105,0.107,0.104,7.07%
2018/7/27,0.099,0.094,0.11,0.089,11.24%
2018/7/26,0.089,0.078,0.099,0.078,27.14%
2018/7/25,0.07,0.088,0.088,0.069,-17.65%
2018/7/24,0.085,0.089,0.091,0.075,0.00%
2018/7/23,0.085,0.081,0.093,0.062,3.66%
2018/7/22,0.082,0.079,0.093,0.079,127.78%
2018/7/20,0.036,0.037,0.037,0.032,-12.20%
2018/7/19,0.041,0.044,0.046,0.039,-6.82%
2018/7/18,0.044,0.04,0.045,0.039,7.32%
2018/7/17,0.041,0.039,0.045,0.039,-2.38%
2018/7/16,0.042,0.039,0.043,0.039,-6.67%
2018/7/13,0.045,0.04,0.045,0.038,12.50%
2018/7/12,0.04,0.039,0.045,0.039,-2.44%
2018/7/11,0.041,0.04,0.044,0.038,2.50%
2018/7/10,0.04,0.033,0.04,0.033,14.29%
2018/7/9,0.035,0.03,0.035,0.029,16.67%
2018/7/8,0.03,0.029,0.032,0.029,-3.23%
2018/7/6,0.031,0.031,0.036,0.03,-8.82%
2018/7/5,0.034,0.036,0.04,0.029,-8.11%
2018/7/4,0.037,0.036,0.037,0.036,23.33%
2018/7/3,0.03,0.025,0.03,0.025,15.38%
2018/7/2,0.026,0.033,0.033,0.026,-18.75%
2018/7/1,0.032,0.029,0.033,0.029,3.23%
2018/6/29,0.031,0.032,0.036,0.031,0.00%
2018/6/28,0.031,0.032,0.036,0.031,-8.82%
2018/6/27,0.034,0.035,0.036,0.032,0.00%
2018/6/26,0.034,0.03,0.035,0.029,17.24%
2018/6/25,0.029,0.033,0.035,0.028,-6.45%
2018/6/24,0.031,0.035,0.035,0.029,-3.13%
2018/6/22,0.032,0.035,0.035,0.031,-5.88%
2018/6/21,0.034,0.034,0.04,0.034,0.00%
2018/6/20,0.034,0.031,0.037,0.031,6.25%
2018/6/19,0.032,0.037,0.04,0.032,-11.11%
2018/6/18,0.036,0.035,0.039,0.034,-2.70%
2018/6/17,0.037,0.034,0.038,0.034,0.00%
2018/6/15,0.037,0.039,0.041,0.035,-9.76%
2018/6/14,0.041,0.049,0.049,0.039,-18.00%
2018/6/13,0.05,0.049,0.051,0.049,2.04%
2018/6/12,0.049,0.049,0.051,0.045,8.89%
2018/6/11,0.045,0.044,0.046,0.044,0.00%
2018/6/10,0.045,0.043,0.045,0.043,-4.26%
2018/6/8,0.047,0.051,0.052,0.045,-2.08%
2018/6/7,0.048,0.055,0.057,0.048,-4.00%
2018/6/6,0.05,0.049,0.051,0.045,2.04%
2018/6/5,0.049,0.049,0.052,0.048,0.00%
2018/6/4,0.049,0.046,0.05,0.046,0.00%
2018/6/3,0.049,0.046,0.05,0.044,11.36%
2018/6/1,0.044,0.034,0.049,0.03,18.92%
2018/5/31,0.037,0.035,0.037,0.033,37.04%
2018/5/30,0.027,0.026,0.031,0.023,-25.00%
2018/5/29,0.036,0.039,0.04,0.036,-7.69%
2018/5/28,0.039,0.039,0.041,0.038,0.00%
2018/5/27,0.039,0.049,0.049,0.039,-7.14%
2018/5/25,0.042,0.044,0.046,0.039,-6.67%
2018/5/24,0.045,0.043,0.048,0.043,0.00%
2018/5/23,0.045,0.049,0.053,0.045,-11.76%
2018/5/22,0.051,0.054,0.056,0.051,-12.07%
2018/5/21,0.058,0.056,0.059,0.052,11.54%
2018/5/20,0.052,0.07,0.07,0.052,-11.86%
2018/5/18,0.059,0.062,0.065,0.059,1.72%
2018/5/17,0.058,0.055,0.058,0.054,1.75%
2018/5/16,0.057,0.057,0.062,0.054,0.00%
2018/5/15,0.057,0.051,0.058,0.049,18.75%
2018/5/14,0.048,0.045,0.05,0.044,4.35%
2018/5/13,0.046,0.045,0.047,0.044,0.00%
2018/5/11,0.046,0.048,0.051,0.045,-6.12%
2018/5/10,0.049,0.05,0.055,0.048,-2.00%
2018/5/9,0.05,0.048,0.051,0.047,4.17%
2018/5/8,0.048,0.045,0.05,0.043,17.07%
2018/5/7,0.041,0.042,0.044,0.04,-2.38%
2018/5/6,0.042,0.043,0.043,0.04,-4.55%
2018/5/2,0.044,0.039,0.049,0.036,12.82%
2018/5/1,0.039,0.047,0.049,0.035,-17.02%
2018/4/30,0.047,0.049,0.049,0.047,-16.07%
2018/4/27,0.056,0.056,0.057,0.05,-6.67%
2018/4/26,0.06,0.066,0.072,0.059,-1.64%
2018/4/25,0.061,0.055,0.064,0.052,10.91%
2018/4/24,0.055,0.063,0.066,0.054,-6.78%
2018/4/23,0.059,0.06,0.071,0.058,-9.23%
2018/4/22,0.065,0.059,0.065,0.059,8.33%
2018/4/20,0.06,0.043,0.06,0.041,53.85%
2018/4/19,0.039,0.037,0.043,0.034,11.43%
2018/4/18,0.035,0.039,0.039,0.035,-14.63%
2018/4/17,0.041,0.039,0.041,0.037,5.13%
2018/4/16,0.039,0.036,0.04,0.036,0.00%
2018/4/15,0.039,0.035,0.04,0.035,8.33%
2018/4/13,0.036,0.038,0.038,0.031,16.13%
2018/4/12,0.031,0.031,0.034,0.028,3.33%
2018/4/11,0.03,0.034,0.034,0.03,-9.09%
2018/4/10,0.033,0.034,0.039,0.033,-10.81%
2018/4/9,0.037,0.039,0.039,0.034,5.71%
2018/4/8,0.035,0.039,0.039,0.034,-14.63%
2018/4/6,0.041,0.039,0.044,0.038,2.50%
2018/4/5,0.04,0.031,0.044,0.031,17.65%
2018/4/4,0.034,0.031,0.034,0.024,21.43%
2018/4/3,0.028,0.04,0.041,0.028,-36.36%
2018/4/2,0.044,0.045,0.052,0.043,-2.22%
2018/4/1,0.045,0.046,0.047,0.044,-2.17%
2018/3/30,0.046,0.039,0.049,0.034,17.95%
2018/3/29,0.039,0.035,0.045,0.035,14.71%
2018/3/28,0.034,0.031,0.035,0.03,3.03%
2018/3/27,0.033,0.028,0.039,0.028,37.50%
2018/3/26,0.024,0.02,0.025,0.02,20.00%
2018/3/25,0.02,0.021,0.021,0.02,-13.04%
2018/3/23,0.023,0.031,0.031,0.021,-37.84%
2018/3/22,0.037,0.04,0.04,0.035,0.00%
2018/3/21,0.037,0.039,0.041,0.037,-5.13%
2018/3/20,0.039,0.041,0.042,0.038,-2.50%
2018/3/19,0.04,0.033,0.04,0.033,14.29%
2018/3/18,0.035,0.034,0.035,0.033,-7.89%
2018/3/16,0.038,0.043,0.043,0.035,-15.56%
2018/3/15,0.045,0.048,0.05,0.045,-8.16%
2018/3/14,0.049,0.048,0.051,0.046,-3.92%
2018/3/13,0.051,0.051,0.053,0.048,10.87%
2018/3/12,0.046,0.05,0.051,0.046,-6.12%
2018/3/11,0.049,0.05,0.05,0.049,-3.92%
2018/3/9,0.051,0.054,0.059,0.049,-7.27%
2018/3/8,0.055,0.05,0.055,0.049,5.77%
2018/3/7,0.052,0.049,0.057,0.045,-3.70%
2018/3/6,0.054,0.049,0.055,0.044,20.00%
2018/3/5,0.045,0.065,0.065,0.045,-26.23%
2018/3/4,0.061,0.067,0.067,0.06,-14.08%
2018/3/2,0.071,0.051,0.081,0.041,69.05%
2018/3/1,0.042,0.049,0.051,0.038,-10.64%
2018/2/28,0.047,0.049,0.049,0.045,4.44%
2018/2/27,0.045,0.047,0.047,0.044,-6.25%
2018/2/26,0.048,0.048,0.051,0.045,-4.00%
2018/2/25,0.05,0.048,0.05,0.047,-1.96%
2018/2/23,0.051,0.052,0.052,0.044,-3.77%
2018/2/22,0.053,0.057,0.059,0.053,-5.36%
2018/2/21,0.056,0.062,0.064,0.056,-11.11%
2018/2/20,0.063,0.06,0.064,0.058,5.00%
2018/2/19,0.06,0.058,0.065,0.057,3.45%
2018/2/18,0.058,0.059,0.059,0.057,-3.33%
2018/2/16,0.06,0.06,0.063,0.055,-4.76%
2018/2/15,0.063,0.069,0.073,0.062,-3.08%
2018/2/14,0.065,0.071,0.071,0.063,-4.41%
2018/2/13,0.068,0.07,0.072,0.067,0.00%
2018/2/12,0.068,0.07,0.072,0.068,-4.23%
2018/2/9,0.071,0.075,0.077,0.07,-10.13%
2018/2/8,0.079,0.074,0.083,0.074,5.33%
2018/2/7,0.075,0.079,0.083,0.074,-1.32%
2018/2/6,0.076,0.074,0.077,0.065,-9.52%
2018/2/5,0.084,0.085,0.089,0.082,-5.62%
2018/2/4,0.089,0.084,0.089,0.084,4.71%
2018/2/2,0.085,0.098,0.102,0.084,-9.57%
2018/2/1,0.094,0.084,0.097,0.084,11.90%
2018/1/31,0.084,0.09,0.096,0.081,-11.58%
2018/1/30,0.095,0.084,0.099,0.084,13.10%
2018/1/29,0.084,0.078,0.086,0.078,5.00%
2018/1/28,0.08,0.079,0.082,0.078,5.26%
2018/1/26,0.076,0.084,0.084,0.075,-9.52%
2018/1/25,0.084,0.084,0.091,0.081,6.33%
2018/1/24,0.079,0.072,0.08,0.069,6.76%
2018/1/23,0.074,0.079,0.079,0.074,-6.33%
2018/1/22,0.079,0.078,0.081,0.076,1.28%
2018/1/21,0.078,0.084,0.084,0.078,-1.27%
2018/1/19,0.079,0.083,0.085,0.077,-1.25%
2018/1/18,0.08,0.087,0.09,0.079,-5.88%
2018/1/17,0.085,0.082,0.087,0.078,6.25%
2018/1/16,0.08,0.075,0.08,0.071,8.11%
2018/1/15,0.074,0.072,0.078,0.069,4.23%
2018/1/14,0.071,0.074,0.074,0.071,-4.05%
2018/1/12,0.074,0.071,0.075,0.069,2.78%
2018/1/11,0.072,0.082,0.089,0.07,-15.29%
2018/1/10,0.085,0.082,0.085,0.078,30.77%
2018/1/9,0.065,0.059,0.07,0.058,12.07%
2018/1/8,0.058,0.059,0.059,0.058,-1.69%
2018/1/5,0.059,0.053,0.06,0.052,9.26%
2018/1/4,0.054,0.048,0.056,0.048,10.20%
2018/1/3,0.049,0.048,0.05,0.048,-2.00%
2017/12/29,0.05,0.056,0.064,0.049,-5.66%
2017/12/28,0.053,0.051,0.058,0.045,-1.85%
2017/12/27,0.054,0.045,0.055,0.045,20.00%
2017/12/26,0.045,0.04,0.052,0.039,9.76%
2017/12/25,0.041,0.047,0.047,0.04,-6.82%
2017/12/24,0.044,0.047,0.048,0.044,-15.38%
2017/12/22,0.052,0.059,0.06,0.05,-13.33%
2017/12/21,0.06,0.062,0.07,0.056,9.09%
2017/12/20,0.055,0.048,0.057,0.045,34.15%
2017/12/19,0.041,0.042,0.044,0.038,2.50%
2017/12/18,0.04,0.043,0.045,0.039,-11.11%
2017/12/17,0.045,0.044,0.045,0.043,2.27%
2017/12/16,0.044,0.044,0.044,0.044,-4.35%
2017/12/15,0.046,0.051,0.053,0.046,-9.80%
2017/12/14,0.051,0.051,0.051,0.046,2.00%
2017/12/13,0.05,0.045,0.051,0.042,8.70%
2017/12/12,0.046,0.05,0.053,0.046,-13.21%
2017/12/11,0.053,0.051,0.057,0.051,-3.64%
2017/12/10,0.055,0.05,0.055,0.049,7.84%
2017/12/8,0.051,0.053,0.055,0.046,-5.56%
2017/12/7,0.054,0.057,0.06,0.054,-3.57%
2017/12/6,0.056,0.057,0.065,0.056,27.27%
2017/12/5,0.044,0.039,0.051,0.038,10.00%
2017/12/4,0.04,0.035,0.041,0.035,0.00%
2017/12/3,0.04,0.035,0.04,0.034,17.65%
2017/12/1,0.034,0.039,0.041,0.03,-5.56%
2017/11/30,0.036,0.035,0.045,0.032,16.13%
2017/11/29,0.031,0.034,0.035,0.03,-18.42%
2017/11/28,0.038,0.04,0.041,0.033,5.56%
2017/11/27,0.036,0.029,0.04,0.029,5.88%
2017/11/26,0.034,0.029,0.034,0.028,13.33%
2017/11/24,0.03,0.025,0.041,0.025,15.38%
2017/11/23,0.026,0.024,0.031,0.024,8.33%
2017/11/22,0.024,0.03,0.03,0.022,-22.58%
2017/11/21,0.031,0.035,0.04,0.03,-20.51%
2017/11/20,0.039,0.034,0.044,0.033,8.33%
2017/11/19,0.036,0.033,0.036,0.033,0.00%
2017/11/17,0.036,0.051,0.051,0.036,-18.18%
2017/11/16,0.044,0.042,0.045,0.039,2.33%
2017/11/15,0.043,0.048,0.052,0.04,-15.69%
2017/11/14,0.051,0.052,0.056,0.049,6.25%
2017/11/13,0.048,0.044,0.051,0.044,0.00%
2017/11/12,0.048,0.037,0.05,0.037,20.00%
2017/11/10,0.04,0.029,0.04,0.029,33.33%
2017/11/9,0.03,0.025,0.035,0.024,25.00%
2017/11/8,0.024,0.025,0.029,0.023,-20.00%
2017/11/7,0.03,0.02,0.03,0.019,3.45%
2017/11/6,0.029,0.046,0.05,0.026,-36.96%
2017/11/5,0.046,0.055,0.055,0.045,-17.86%
2017/11/2,0.056,0.061,0.061,0.055,-11.11%
2017/11/1,0.063,0.066,0.069,0.058,-3.08%
2017/10/31,0.065,0.066,0.069,0.064,-5.80%
2017/10/30,0.069,0.069,0.071,0.065,0.00%
2017/10/29,0.069,0.069,0.069,0.069,-2.82%
2017/10/27,0.071,0.069,0.075,0.068,2.90%
2017/10/26,0.069,0.069,0.075,0.065,-1.43%
2017/10/25,0.07,0.072,0.08,0.07,0.00%
2017/10/24,0.07,0.07,0.071,0.065,-1.41%
2017/10/23,0.071,0.081,0.084,0.07,-11.25%
2017/10/22,0.08,0.073,0.084,0.073,9.59%
2017/10/20,0.073,0.065,0.074,0.06,12.31%
2017/10/19,0.065,0.075,0.077,0.062,-4.41%
2017/10/18,0.068,0.07,0.071,0.065,-1.45%
2017/10/17,0.069,0.07,0.071,0.065,9.52%
2017/10/16,0.063,0.059,0.065,0.056,6.78%
2017/10/15,0.059,0.063,0.063,0.058,-9.23%
2017/10/13,0.065,0.064,0.07,0.059,-1.52%
2017/10/12,0.066,0.063,0.069,0.057,4.76%
2017/10/11,0.063,0.06,0.07,0.06,10.53%
2017/10/10,0.057,0.056,0.066,0.054,-3.39%
2017/10/9,0.059,0.057,0.064,0.054,9.26%
2017/10/6,0.054,0.047,0.058,0.046,12.50%
2017/10/5,0.048,0.054,0.059,0.046,-12.73%
2017/10/4,0.055,0.073,0.075,0.054,-30.38%
2017/10/3,0.079,0.074,0.086,0.073,0.00%
2017/10/2,0.079,0.065,0.081,0.065,14.49%
2017/10/1,0.069,0.063,0.07,0.063,7.81%
2017/9/29,0.064,0.063,0.066,0.059,-12.33%
2017/9/28,0.073,0.064,0.076,0.063,43.14%
2017/9/27,0.051,0.029,0.051,0.029,64.52%
2017/9/26,0.031,0.024,0.032,0.02,29.17%
2017/9/25,0.024,0.022,0.025,0.019,14.29%
2017/9/24,0.021,0.024,0.024,0.019,-12.50%
2017/9/22,0.024,0.03,0.03,0.02,-17.24%
2017/9/21,0.029,0.032,0.04,0.026,-3.33%
2017/9/20,0.03,0.034,0.038,0.029,-3.23%
2017/9/19,0.031,0.03,0.034,0.026,3.33%
2017/9/18,0.03,0.021,0.033,0.021,36.36%
2017/9/15,0.022,0.037,0.037,0.021,-45.00%
2017/9/14,0.04,0.025,0.041,0.025,66.67%
2017/9/13,0.024,0.026,0.038,0.02,4.35%
2017/9/12,0.023,0.009,0.033,0.009,2200.00%
2017/9/11,0.001,0.001,0.007,0.001,-50.00%
2017/9/10,0.002,-0.006,0.003,-0.006,-140.00%
2017/9/8,-0.005,0.01,0.015,-0.005,-133.33%
2017/9/7,0.015,0.014,0.017,0.01,36.36%
2017/9/6,0.011,0.013,0.015,0.007,-466.67%
2017/9/5,-0.003,-0.002,0.002,-0.005,0.00%
2017/9/4,0,-0.004,0,-0.008,-100.00%
2017/9/3,-0.004,-0.003,-0.003,-0.008,0.00%
2017/9/1,0,0.007,0.01,0,-100.00%
2017/8/31,0.006,0.009,0.015,0.006,-14.29%
2017/8/30,0.007,0.005,0.017,0.005,40.00%
2017/8/29,0.005,0.009,0.011,0.004,-50.00%
2017/8/28,0.01,0.014,0.018,0.008,0.00%
2017/8/27,0.01,0.015,0.015,0.009,-33.33%
2017/8/25,0.015,0.023,0.023,0.015,-40.00%
2017/8/24,0.025,0.031,0.031,0.024,-30.56%
2017/8/23,0.036,0.04,0.046,0.036,-10.00%
2017/8/22,0.04,0.032,0.045,0.032,14.29%
2017/8/21,0.035,0.039,0.041,0.034,-12.50%
2017/8/20,0.04,0.036,0.04,0.035,2.56%
2017/8/18,0.039,0.041,0.043,0.039,-13.33%
2017/8/17,0.045,0.039,0.05,0.038,9.76%
2017/8/16,0.041,0.052,0.055,0.041,-14.58%
2017/8/15,0.048,0.051,0.056,0.048,-11.11%
2017/8/14,0.054,0.053,0.056,0.051,-3.57%
2017/8/13,0.056,0.054,0.056,0.051,-5.08%
2017/8/10,0.059,0.054,0.065,0.054,-1.67%
2017/8/9,0.06,0.069,0.07,0.059,-15.49%
2017/8/8,0.071,0.069,0.074,0.069,5.97%
2017/8/7,0.067,0.07,0.07,0.065,-2.90%
2017/8/6,0.069,0.064,0.07,0.064,6.15%
2017/8/4,0.065,0.066,0.07,0.063,-8.45%
2017/8/3,0.071,0.076,0.076,0.07,-4.05%
2017/8/2,0.074,0.074,0.075,0.07,-5.13%
2017/8/1,0.078,0.077,0.081,0.076,2.63%
2017/7/31,0.076,0.074,0.079,0.071,2.70%
2017/7/30,0.074,0.076,0.076,0.073,0.00%
2017/7/28,0.074,0.072,0.075,0.07,4.23%
2017/7/27,0.071,0.072,0.075,0.068,-11.25%
2017/7/26,0.08,0.078,0.083,0.075,14.29%
2017/7/25,0.07,0.069,0.071,0.066,1.45%
2017/7/24,0.069,0.067,0.071,0.064,4.55%
2017/7/23,0.066,0.067,0.068,0.064,-5.71%
2017/7/21,0.07,0.076,0.076,0.069,-5.41%
2017/7/20,0.074,0.076,0.08,0.071,-1.33%
2017/7/19,0.075,0.072,0.075,0.068,7.14%
2017/7/18,0.07,0.078,0.078,0.069,-6.67%
2017/7/17,0.075,0.078,0.078,0.072,-3.85%
2017/7/16,0.078,0.078,0.078,0.078,-1.27%
2017/7/14,0.079,0.086,0.091,0.078,-1.25%
2017/7/13,0.08,0.088,0.089,0.08,-10.11%
2017/7/12,0.089,0.093,0.096,0.089,-6.32%
2017/7/11,0.095,0.095,0.1,0.093,1.06%
2017/7/10,0.094,0.089,0.095,0.086,6.82%
2017/7/9,0.088,0.087,0.093,0.086,-4.35%
2017/7/7,0.092,0.106,0.109,0.084,-8.00%
2017/7/6,0.1,0.09,0.101,0.09,13.64%
2017/7/5,0.088,0.079,0.089,0.078,6.02%
2017/7/4,0.083,0.086,0.087,0.082,1.22%
2017/7/3,0.082,0.086,0.089,0.081,-4.65%
2017/7/2,0.086,0.081,0.089,0.081,6.17%
2017/7/1,0.081,0.081,0.081,0.081,-3.57%
2017/6/30,0.084,0.065,0.09,0.065,35.48%
2017/6/29,0.062,0.061,0.062,0.057,12.73%
2017/6/28,0.055,0.053,0.058,0.051,12.24%
2017/6/27,0.049,0.054,0.055,0.049,-7.55%
2017/6/26,0.053,0.053,0.055,0.05,0.00%
2017/6/25,0.053,0.053,0.053,0.051,-3.64%
2017/6/23,0.055,0.054,0.058,0.053,-1.79%
2017/6/22,0.056,0.059,0.063,0.056,1.82%
2017/6/21,0.055,0.051,0.059,0.049,-1.79%
2017/6/20,0.056,0.053,0.06,0.053,0.00%
2017/6/19,0.056,0.054,0.06,0.054,1.82%
2017/6/18,0.055,0.055,0.057,0.054,-1.79%
2017/6/16,0.056,0.063,0.065,0.054,1.82%
2017/6/15,0.055,0.058,0.06,0.054,-16.67%
2017/6/14,0.066,0.065,0.068,0.061,0.00%
2017/6/13,0.066,0.058,0.068,0.058,8.20%
2017/6/12,0.061,0.054,0.064,0.054,5.17%
2017/6/11,0.058,0.056,0.06,0.054,3.57%
2017/6/9,0.056,0.066,0.066,0.054,-21.13%
2017/6/8,0.071,0.052,0.085,0.051,47.92%
2017/6/7,0.048,0.042,0.05,0.039,4.35%
2017/6/6,0.046,0.051,0.054,0.046,-9.80%
2017/6/5,0.051,0.051,0.053,0.047,2.00%
2017/6/4,0.05,0.051,0.053,0.05,-7.41%
2017/6/2,0.054,0.054,0.059,0.051,22.73%
2017/6/1,0.044,0.045,0.045,0.039,-2.22%
2017/5/31,0.045,0.039,0.046,0.037,15.38%
2017/5/30,0.039,0.039,0.04,0.034,-4.88%
2017/5/29,0.041,0.039,0.045,0.038,7.89%
2017/5/28,0.038,0.039,0.039,0.038,5.56%
2017/5/26,0.036,0.047,0.048,0.036,-25.00%
2017/5/25,0.048,0.051,0.055,0.048,-2.04%
2017/5/24,0.049,0.048,0.05,0.046,4.26%
2017/5/23,0.047,0.051,0.054,0.046,-2.08%
2017/5/22,0.048,0.042,0.048,0.039,20.00%
2017/5/21,0.04,0.039,0.042,0.039,2.56%
2017/5/19,0.039,0.047,0.051,0.038,-15.22%
2017/5/18,0.046,0.043,0.05,0.033,4.55%
2017/5/17,0.044,0.043,0.05,0.04,-2.22%
2017/5/16,0.045,0.043,0.051,0.043,9.76%
2017/5/15,0.041,0.041,0.042,0.039,2.50%
2017/5/14,0.04,0.044,0.044,0.04,-9.09%
2017/5/12,0.044,0.05,0.05,0.044,-15.38%
2017/5/11,0.052,0.041,0.054,0.041,20.93%
2017/5/10,0.043,0.035,0.044,0.031,22.86%
2017/5/9,0.035,0.035,0.038,0.031,16.67%
2017/5/8,0.03,0.025,0.035,0.025,7.14%
2017/5/7,0.028,0.019,0.028,0.019,47.37%
2017/5/4,0.019,0.019,0.019,0.019,-9.52%
2017/5/2,0.021,0.015,0.021,0.013,31.25%
2017/5/1,0.016,0.013,0.016,0.011,14.29%
2017/4/30,0.014,0.013,0.014,0.011,-12.50%
2017/4/28,0.016,0.021,0.021,0.014,-15.79%
2017/4/27,0.019,0.02,0.021,0.014,-17.39%
2017/4/26,0.023,0.023,0.03,0.021,21.05%
2017/4/25,0.019,0.018,0.02,0.014,-17.39%
2017/4/24,0.023,0.022,0.026,0.019,64.29%
2017/4/22,0.014,0.014,0.014,0.014,-12.50%
2017/4/21,0.016,0.019,0.023,0.011,6.67%
2017/4/20,0.015,0.007,0.019,0.007,200.00%
2017/4/19,0.005,0.003,0.009,0.001,-64.29%
2017/4/18,0.014,0.012,0.019,0.011,100.00%
2017/4/17,0.007,0.008,0.018,0.005,-30.00%
2017/4/16,0.01,0.01,0.011,0.005,-33.33%
2017/4/14,0.015,0.018,0.035,0.015,-37.50%
2017/4/13,0.024,0.02,0.025,0.006,9.09%
2017/4/12,0.022,0.037,0.037,0.019,-45.00%
2017/4/11,0.04,0.046,0.046,0.039,-21.57%
2017/4/10,0.051,0.059,0.061,0.051,-15.00%
2017/4/9,0.06,0.054,0.06,0.054,20.00%
2017/4/7,0.05,0.059,0.064,0.05,-20.63%
2017/4/6,0.063,0.064,0.069,0.06,-3.08%
2017/4/5,0.065,0.062,0.07,0.062,0.00%
2017/4/4,0.065,0.07,0.071,0.06,-13.33%
2017/4/3,0.075,0.067,0.076,0.066,10.29%
2017/4/2,0.068,0.068,0.068,0.066,-4.23%
2017/3/31,0.071,0.063,0.074,0.063,12.70%
2017/3/30,0.063,0.056,0.071,0.055,8.62%
2017/3/29,0.058,0.062,0.065,0.057,-4.92%
2017/3/28,0.061,0.061,0.068,0.06,3.39%
2017/3/27,0.059,0.063,0.063,0.059,-6.35%
2017/3/26,0.063,0.067,0.067,0.061,-1.56%
2017/3/24,0.064,0.059,0.071,0.059,14.29%
2017/3/23,0.056,0.059,0.06,0.054,-3.45%
2017/3/22,0.058,0.061,0.065,0.053,-10.77%
2017/3/21,0.065,0.069,0.07,0.064,-9.72%
2017/3/18,0.072,0.072,0.072,0.072,-5.26%
2017/3/17,0.076,0.077,0.079,0.071,0.00%
2017/3/16,0.076,0.078,0.085,0.075,-20.83%
2017/3/15,0.096,0.09,0.096,0.087,7.87%
2017/3/14,0.089,0.093,0.095,0.087,-2.20%
2017/3/13,0.091,0.096,0.096,0.085,1.11%
2017/3/10,0.09,0.099,0.099,0.081,-2.17%
2017/3/9,0.092,0.082,0.095,0.08,21.05%
2017/3/8,0.076,0.072,0.076,0.065,8.57%
2017/3/7,0.07,0.074,0.075,0.068,-7.89%
2017/3/6,0.076,0.076,0.081,0.075,0.00%
2017/3/3,0.076,0.085,0.09,0.076,10.14%
2017/3/2,0.069,0.072,0.075,0.065,11.29%
2017/3/1,0.062,0.058,0.064,0.058,16.98%
2017/2/28,0.053,0.052,0.06,0.05,6.00%
2017/2/27,0.05,0.055,0.06,0.05,-18.03%
2017/2/24,0.061,0.07,0.075,0.056,-19.74%
2017/2/23,0.076,0.083,0.085,0.074,-10.59%
2017/2/22,0.085,0.094,0.095,0.08,-10.53%
2017/2/21,0.095,0.092,0.1,0.092,2.15%
2017/2/20,0.093,0.089,0.095,0.086,1.09%
2017/2/17,0.092,0.089,0.093,0.087,-3.16%
2017/2/16,0.095,0.093,0.099,0.088,4.40%
2017/2/15,0.091,0.1,0.101,0.09,-4.21%
2017/2/14,0.095,0.094,0.096,0.091,4.40%
2017/2/13,0.091,0.088,0.093,0.088,4.60%
2017/2/10,0.087,0.092,0.101,0.086,2.35%
2017/2/9,0.085,0.091,0.092,0.083,-11.46%
2017/2/8,0.096,0.107,0.107,0.095,-4.00%
2017/2/7,0.1,0.097,0.105,0.095,-1.96%
2017/2/6,0.102,0.097,0.107,0.091,4.08%
2017/2/3,0.098,0.108,0.155,0.094,-6.67%
2017/2/2,0.105,0.094,0.118,0.088,11.70%
2017/2/1,0.094,0.086,0.096,0.085,6.82%
2017/1/31,0.088,0.086,0.089,0.079,6.02%
2017/1/30,0.083,0.083,0.087,0.079,3.75%
2017/1/27,0.08,0.086,0.086,0.07,-9.09%
2017/1/26,0.088,0.085,0.092,0.077,25.71%
2017/1/25,0.07,0.061,0.09,0.058,55.56%
2017/1/24,0.045,0.052,0.052,0.043,-21.05%
2017/1/23,0.057,0.063,0.065,0.05,-13.64%
2017/1/20,0.066,0.081,0.082,0.061,-12.00%
2017/1/19,0.075,0.066,0.078,0.065,36.36%
2017/1/18,0.055,0.046,0.06,0.041,12.24%
2017/1/17,0.049,0.051,0.056,0.049,-7.55%
2017/1/16,0.053,0.049,0.055,0.048,6.00%
2017/1/13,0.05,0.048,0.06,0.044,2.04%
2017/1/12,0.049,0.059,0.059,0.047,-18.33%
2017/1/11,0.06,0.06,0.063,0.055,3.45%
2017/1/10,0.058,0.059,0.064,0.05,3.57%
2017/1/6,0.056,0.056,0.06,0.048,-5.08%
2017/1/5,0.059,0.067,0.071,0.055,-9.23%
2017/1/4,0.065,0.046,0.071,0.045,32.65%
2016/12/30,0.049,0.037,0.058,0.035,11.36%
2016/12/29,0.044,0.054,0.056,0.043,-26.67%
2016/12/28,0.06,0.062,0.064,0.054,-4.76%
2016/12/27,0.063,0.059,0.065,0.058,8.62%
2016/12/26,0.058,0.058,0.064,0.056,5.45%
2016/12/22,0.055,0.057,0.06,0.05,-11.29%
2016/12/21,0.062,0.067,0.073,0.061,-10.14%
2016/12/20,0.069,0.076,0.078,0.064,-13.75%
2016/12/19,0.08,0.085,0.085,0.071,0.00%
2016/12/16,0.08,0.088,0.093,0.077,-3.61%
2016/12/15,0.083,0.073,0.09,0.069,33.87%
2016/12/14,0.062,0.077,0.082,0.049,-28.74%
2016/12/13,0.087,0.083,0.088,0.057,20.83%
2016/12/12,0.072,0.064,0.076,0.059,28.57%
2016/12/9,0.056,0.057,0.068,0.05,19.15%
2016/12/8,0.047,0.03,0.052,0.025,27.03%
2016/12/7,0.037,0.051,0.052,0.036,-28.85%
2016/12/6,0.052,0.042,0.055,0.04,73.33%
2016/12/5,0.03,0.032,0.04,0.026,-25.00%
2016/12/2,0.04,0.051,0.051,0.035,60.00%
2016/12/1,0.025,0.035,0.037,0.023,25.00%
2016/11/30,0.02,0.014,0.026,0.011,42.86%
2016/11/29,0.014,0.015,0.02,0.01,-17.65%
2016/11/28,0.017,0.036,0.036,0.011,-54.05%
2016/11/25,0.037,0.034,0.051,0.022,8.82%
2016/11/24,0.034,0.039,0.045,0.032,13.33%
2016/11/22,0.03,0.025,0.032,0.019,7.14%
2016/11/21,0.028,0.036,0.039,0.022,-30.00%
2016/11/18,0.04,0.001,0.043,0.001,300.00%
2016/11/17,0.01,0.026,0.029,0.01,-56.52%
2016/11/16,0.023,0.003,0.031,-0.002,283.33%
2016/11/15,0.006,-0.01,0.006,-0.024,-146.15%
2016/11/14,-0.013,-0.029,-0.013,-0.031,-59.38%
2016/11/11,-0.032,-0.021,-0.019,-0.038,-25.58%
2016/11/10,-0.043,-0.047,-0.029,-0.047,-44.16%
2016/11/9,-0.077,-0.062,-0.059,-0.083,20.31%
2016/11/8,-0.064,-0.049,-0.047,-0.067,25.49%
2016/11/7,-0.051,-0.057,-0.049,-0.057,-15.00%
2016/11/4,-0.06,-0.06,-0.059,-0.065,3.45%
2016/11/2,-0.058,-0.052,-0.05,-0.06,20.83%
2016/11/1,-0.048,-0.048,-0.043,-0.054,-2.04%
2016/10/31,-0.049,-0.046,-0.045,-0.05,11.36%
2016/10/28,-0.044,-0.048,-0.04,-0.049,-20.00%
2016/10/27,-0.055,-0.054,-0.052,-0.06,-15.38%
2016/10/26,-0.065,-0.06,-0.06,-0.066,1.56%
2016/10/25,-0.064,-0.056,-0.05,-0.065,20.75%
2016/10/24,-0.053,-0.054,-0.047,-0.054,-10.17%
2016/10/21,-0.059,-0.064,-0.059,-0.069,-3.28%
2016/10/20,-0.061,-0.056,-0.053,-0.063,10.91%
2016/10/19,-0.055,-0.053,-0.053,-0.055,10.00%
2016/10/18,-0.05,-0.051,-0.049,-0.057,-9.09%
2016/10/17,-0.055,-0.053,-0.048,-0.056,-1.79%
2016/10/15,-0.056,-0.056,-0.056,-0.056,3.70%
2016/10/14,-0.054,-0.055,-0.051,-0.06,-8.47%
2016/10/13,-0.059,-0.058,-0.054,-0.063,3.51%
2016/10/12,-0.057,-0.045,-0.045,-0.058,18.75%
2016/10/11,-0.048,-0.056,-0.041,-0.056,-22.58%
2016/10/7,-0.062,-0.055,-0.055,-0.064,8.77%
2016/10/6,-0.057,-0.055,-0.048,-0.058,-3.39%
2016/10/5,-0.059,-0.057,-0.055,-0.068,-9.23%
2016/10/4,-0.065,-0.056,-0.051,-0.066,-2.99%
2016/10/3,-0.067,-0.076,-0.062,-0.076,-14.10%
2016/9/30,-0.078,-0.088,-0.064,-0.088,-4.88%
2016/9/29,-0.082,-0.084,-0.071,-0.087,-5.75%
2016/9/28,-0.087,-0.077,-0.075,-0.089,17.57%
2016/9/27,-0.074,-0.063,-0.063,-0.074,42.31%
2016/9/26,-0.052,-0.042,-0.042,-0.058,6.12%
2016/9/25,-0.049,-0.049,-0.049,-0.049,0.00%
2016/9/24,-0.049,-0.049,-0.049,-0.049,2.08%
2016/9/23,-0.048,-0.042,-0.033,-0.06,108.70%
2016/9/21,-0.023,-0.062,0.011,-0.062,-56.60%
2016/9/20,-0.053,-0.041,-0.037,-0.057,43.24%
2016/9/17,-0.037,-0.037,-0.037,-0.037,8.82%
2016/9/16,-0.034,-0.04,-0.028,-0.043,-5.56%
2016/9/15,-0.036,-0.021,-0.021,-0.038,176.92%
2016/9/14,-0.013,-0.026,-0.009,-0.028,0.00%
2016/9/13,-0.013,-0.01,-0.002,-0.019,62.50%
2016/9/12,-0.008,-0.007,-0.002,-0.029,-38.46%
2016/9/9,-0.013,-0.016,-0.009,-0.028,-61.76%
2016/9/8,-0.034,-0.052,-0.032,-0.065,-30.61%
2016/9/7,-0.049,-0.04,-0.026,-0.051,188.24%
2016/9/6,-0.017,-0.01,-0.002,-0.019,-10.53%
2016/9/5,-0.019,-0.013,-0.003,-0.022,-5.00%
2016/9/2,-0.02,-0.032,-0.013,-0.038,-61.54%
2016/9/1,-0.052,-0.063,-0.046,-0.064,-23.53%
2016/8/31,-0.068,-0.073,-0.064,-0.08,-4.23%
2016/8/30,-0.071,-0.071,-0.063,-0.076,9.23%
2016/8/29,-0.065,-0.068,-0.049,-0.068,-4.41%
2016/8/26,-0.068,-0.084,-0.064,-0.085,-18.07%
2016/8/25,-0.083,-0.073,-0.07,-0.083,7.79%
2016/8/24,-0.077,-0.09,-0.072,-0.095,-10.47%
2016/8/23,-0.086,-0.071,-0.069,-0.089,24.64%
2016/8/22,-0.069,-0.071,-0.069,-0.077,-16.87%
2016/8/19,-0.083,-0.084,-0.08,-0.09,9.21%
2016/8/18,-0.076,-0.067,-0.066,-0.086,1.33%
2016/8/17,-0.075,-0.092,-0.071,-0.094,-19.35%
2016/8/16,-0.093,-0.082,-0.073,-0.093,17.72%
2016/8/15,-0.079,-0.108,-0.074,-0.108,-23.30%
2016/8/14,-0.103,-0.103,-0.103,-0.103,0.00%
2016/8/13,-0.103,-0.103,-0.103,-0.103,1.98%
2016/8/12,-0.101,-0.101,-0.089,-0.108,2.02%
2016/8/10,-0.099,-0.083,-0.08,-0.101,22.22%
2016/8/9,-0.081,-0.043,-0.022,-0.082,68.75%
2016/8/8,-0.048,-0.056,-0.039,-0.075,-47.83%
2016/8/6,-0.092,-0.092,-0.092,-0.092,4.55%
2016/8/5,-0.088,-0.085,-0.075,-0.101,14.29%
2016/8/4,-0.077,-0.082,-0.058,-0.091,-4.94%
2016/8/3,-0.081,-0.067,-0.064,-0.093,52.83%
2016/8/2,-0.053,-0.113,-0.009,-0.122,-60.15%
2016/8/1,-0.133,-0.183,-0.12,-0.185,-20.36%
2016/7/29,-0.167,-0.272,-0.159,-0.276,-38.38%
2016/7/28,-0.271,-0.288,-0.261,-0.288,-6.87%
2016/7/27,-0.291,-0.257,-0.25,-0.291,17.34%
2016/7/26,-0.248,-0.237,-0.227,-0.257,4.64%
2016/7/25,-0.237,-0.222,-0.22,-0.237,5.80%
2016/7/22,-0.224,-0.23,-0.218,-0.237,-1.75%
2016/7/21,-0.228,-0.231,-0.223,-0.237,-2.15%
2016/7/20,-0.233,-0.228,-0.222,-0.235,3.10%
2016/7/19,-0.226,-0.224,-0.222,-0.236,-0.44%
2016/7/15,-0.227,-0.258,-0.214,-0.261,-13.36%
2016/7/14,-0.262,-0.278,-0.253,-0.281,-4.73%
2016/7/13,-0.275,-0.271,-0.258,-0.28,1.48%
2016/7/12,-0.271,-0.263,-0.247,-0.275,-0.73%
2016/7/11,-0.273,-0.283,-0.268,-0.285,-2.50%
2016/7/8,-0.28,-0.271,-0.271,-0.289,2.94%
2016/7/7,-0.272,-0.258,-0.252,-0.276,2.64%
2016/7/6,-0.265,-0.262,-0.258,-0.281,7.72%
2016/7/5,-0.246,-0.244,-0.233,-0.247,0.41%
2016/7/4,-0.245,-0.261,-0.241,-0.264,-1.21%
2016/7/1,-0.248,-0.217,-0.211,-0.251,10.22%
2016/6/30,-0.225,-0.23,-0.222,-0.231,-2.17%
2016/6/29,-0.23,-0.224,-0.208,-0.23,4.07%
2016/6/28,-0.221,-0.193,-0.193,-0.226,13.92%
2016/6/27,-0.194,-0.18,-0.177,-0.209,1.57%
2016/6/24,-0.191,-0.135,-0.129,-0.199,39.42%
2016/6/23,-0.137,-0.14,-0.124,-0.14,-0.72%
2016/6/22,-0.138,-0.137,-0.133,-0.142,0.00%
2016/6/21,-0.138,-0.136,-0.132,-0.145,-4.17%
2016/6/20,-0.144,-0.139,-0.132,-0.152,-2.70%
2016/6/17,-0.148,-0.195,-0.136,-0.195,-24.87%
2016/6/16,-0.197,-0.196,-0.174,-0.202,5.35%
2016/6/15,-0.187,-0.168,-0.164,-0.188,14.72%
2016/6/14,-0.163,-0.161,-0.158,-0.168,3.16%
2016/6/13,-0.158,-0.159,-0.149,-0.159,7.48%
2016/6/10,-0.147,-0.135,-0.13,-0.15,20.49%
2016/6/9,-0.122,-0.11,-0.11,-0.122,14.02%
2016/6/8,-0.107,-0.112,-0.106,-0.118,-8.55%
2016/6/7,-0.117,-0.119,-0.112,-0.12,1.74%
2016/6/6,-0.115,-0.12,-0.109,-0.12,17.35%
2016/6/3,-0.098,-0.1,-0.094,-0.1,-9.26%
2016/6/2,-0.108,-0.111,-0.103,-0.117,-5.26%
2016/6/1,-0.114,-0.102,-0.093,-0.116,0.00%
2016/5/31,-0.114,-0.111,-0.108,-0.115,2.70%
2016/5/30,-0.111,-0.109,-0.106,-0.112,-0.89%
2016/5/27,-0.112,-0.112,-0.106,-0.117,6.67%
2016/5/26,-0.105,-0.09,-0.089,-0.105,10.53%
2016/5/25,-0.095,-0.099,-0.09,-0.1,-2.06%
2016/5/24,-0.097,-0.094,-0.088,-0.101,2.11%
2016/5/23,-0.095,-0.11,-0.093,-0.11,-1.04%
2016/5/20,-0.096,-0.085,-0.081,-0.1,31.51%
2016/5/19,-0.073,-0.089,-0.067,-0.089,-26.26%
2016/5/18,-0.099,-0.107,-0.097,-0.109,-9.17%
2016/5/17,-0.109,-0.099,-0.097,-0.11,1.87%
2016/5/16,-0.107,-0.109,-0.101,-0.109,-0.93%
2016/5/13,-0.108,-0.108,-0.107,-0.113,2.86%
2016/5/12,-0.105,-0.095,-0.088,-0.106,11.70%
2016/5/11,-0.094,-0.106,-0.09,-0.106,9.30%
2016/5/10,-0.086,-0.103,-0.085,-0.103,-15.69%
2016/5/9,-0.102,-0.121,-0.099,-0.121,-7.27%
2016/5/6,-0.11,-0.107,-0.107,-0.115,5.77%
2016/5/2,-0.104,-0.095,-0.091,-0.114,40.54%
2016/4/29,-0.074,-0.074,-0.074,-0.074,-2.63%
2016/4/28,-0.076,-0.056,-0.056,-0.089,28.81%
2016/4/27,-0.059,-0.093,-0.054,-0.093,-38.54%
2016/4/26,-0.096,-0.063,-0.063,-0.097,35.21%
2016/4/25,-0.071,-0.111,-0.066,-0.111,-39.32%
2016/4/22,-0.117,-0.11,-0.09,-0.118,6.36%
2016/4/21,-0.11,-0.126,-0.1,-0.129,-15.38%
2016/4/20,-0.13,-0.123,-0.122,-0.133,8.33%
2016/4/19,-0.12,-0.11,-0.106,-0.122,6.19%
2016/4/18,-0.113,-0.112,-0.112,-0.124,7.62%
2016/4/15,-0.105,-0.084,-0.084,-0.11,25.00%
2016/4/14,-0.084,-0.084,-0.07,-0.087,5.00%
2016/4/13,-0.08,-0.088,-0.073,-0.09,-12.09%
2016/4/12,-0.091,-0.079,-0.078,-0.092,15.19%
2016/4/11,-0.079,-0.082,-0.073,-0.083,1.28%
2016/4/8,-0.078,-0.062,-0.049,-0.079,47.17%
2016/4/7,-0.053,-0.061,-0.046,-0.064,-3.64%
2016/4/6,-0.055,-0.069,-0.053,-0.071,-12.70%
2016/4/5,-0.063,-0.075,-0.057,-0.082,-21.25%
2016/4/4,-0.08,-0.065,-0.062,-0.08,26.98%
2016/4/1,-0.063,-0.061,-0.025,-0.076,50.00%
2016/3/31,-0.042,-0.089,-0.04,-0.09,-51.72%
2016/3/30,-0.087,-0.095,-0.086,-0.097,7.41%
2016/3/29,-0.081,-0.084,-0.075,-0.087,-7.95%
2016/3/28,-0.088,-0.09,-0.078,-0.097,-2.22%
2016/3/25,-0.09,-0.086,-0.082,-0.092,8.43%
2016/3/24,-0.083,-0.104,-0.076,-0.11,-12.63%
2016/3/23,-0.095,-0.092,-0.074,-0.102,0.00%
2016/3/22,-0.095,-0.089,-0.078,-0.103,-2.06%
2016/3/18,-0.097,-0.054,-0.053,-0.131,120.45%
2016/3/17,-0.044,-0.058,-0.038,-0.06,-2.22%
2016/3/16,-0.045,0.003,0.006,-0.047,200.00%
2016/3/15,-0.015,-0.043,-0.008,-0.046,-57.14%
2016/3/14,-0.035,-0.007,-0.002,-0.049,337.50%
2016/3/11,-0.008,-0.002,0.025,-0.009,-42.86%
2016/3/10,-0.014,-0.024,-0.003,-0.035,-12.50%
2016/3/9,-0.016,-0.087,-0.007,-0.088,-81.61%
2016/3/8,-0.087,-0.04,-0.03,-0.091,102.33%
2016/3/7,-0.043,-0.034,-0.023,-0.045,48.28%
2016/3/4,-0.029,-0.022,-0.022,-0.046,190.00%
2016/3/3,-0.01,-0.027,-0.007,-0.034,-67.74%
2016/3/2,-0.031,-0.034,-0.011,-0.039,-48.33%
2016/3/1,-0.06,-0.051,-0.05,-0.069,3.45%
2016/2/29,-0.058,-0.057,-0.052,-0.066,-1.69%
2016/2/26,-0.059,-0.06,-0.047,-0.071,7.27%
2016/2/25,-0.055,-0.05,-0.032,-0.059,37.50%
2016/2/24,-0.04,0.005,0.005,-0.043,-2100.00%
2016/2/23,0.002,-0.003,0.003,-0.013,0.00%
2016/2/22,0.002,0.012,0.012,-0.004,-83.33%
2016/2/19,0.012,0.011,0.013,-0.001,-52.00%
2016/2/18,0.025,0.052,0.055,0.02,-54.55%
2016/2/17,0.055,0.046,0.066,0.041,17.02%
2016/2/16,0.047,0.084,0.09,0.046,-50.00%
2016/2/15,0.094,0.074,0.097,0.072,17.50%
2016/2/14,0.08,0.08,0.08,0.08,5.26%
2016/2/12,0.076,-0.02,0.083,-0.029,375.00%
2016/2/10,0.016,-0.02,0.031,-0.029,-633.33%
2016/2/9,-0.003,0.023,0.027,-0.01,-107.14%
2016/2/8,0.042,0.02,0.054,0.016,7.69%
2016/2/5,0.039,0.051,0.06,0.035,-40.00%
2016/2/4,0.065,0.086,0.093,0.063,-5.80%
2016/2/3,0.069,0.071,0.074,0.054,-18.82%
2016/2/2,0.085,0.078,0.1,0.07,23.19%
2016/2/1,0.069,0.092,0.093,0.06,-39.47%
2016/1/29,0.114,0.222,0.231,0.11,-49.56%
2016/1/28,0.226,0.221,0.232,0.22,1.80%
2016/1/27,0.222,0.221,0.222,0.213,-1.77%
2016/1/26,0.226,0.222,0.23,0.221,-1.74%
2016/1/25,0.23,0.237,0.237,0.227,-2.13%
2016/1/22,0.235,0.237,0.238,0.223,2.62%
2016/1/21,0.229,0.216,0.23,0.216,5.53%
2016/1/20,0.217,0.218,0.226,0.216,-0.91%
2016/1/19,0.219,0.22,0.22,0.207,5.29%
2016/1/18,0.208,0.22,0.22,0.207,-9.57%
2016/1/15,0.23,0.239,0.254,0.225,0.00%
2016/1/14,0.23,0.209,0.233,0.198,8.49%
2016/1/13,0.212,0.219,0.225,0.211,-7.02%
2016/1/12,0.228,0.23,0.235,0.225,-3.39%
2016/1/10,0.236,0.236,0.236,0.236,0.43%
2016/1/8,0.235,0.245,0.247,0.233,-5.62%
2016/1/7,0.249,0.251,0.253,0.246,-2.73%
2016/1/6,0.256,0.258,0.261,0.254,-2.29%
2016/1/5,0.262,0.265,0.267,0.255,-2.60%
2016/1/4,0.269,0.27,0.28,0.268,-1.10%
2015/12/31,0.272,0.272,0.272,0.272,0.00%
2015/12/30,0.272,0.275,0.281,0.272,0.00%
2015/12/29,0.272,0.272,0.277,0.27,-1.09%
2015/12/28,0.275,0.28,0.282,0.273,-3.51%
2015/12/25,0.285,0.28,0.286,0.279,0.71%
2015/12/24,0.283,0.279,0.286,0.277,1.07%
2015/12/22,0.28,0.275,0.285,0.272,1.08%
2015/12/21,0.277,0.272,0.28,0.27,0.36%
2015/12/18,0.276,0.301,0.301,0.272,-8.00%
2015/12/17,0.3,0.3,0.305,0.296,0.00%
2015/12/16,0.3,0.299,0.309,0.299,0.67%
2015/12/15,0.298,0.301,0.305,0.296,-1.97%
2015/12/14,0.304,0.314,0.315,0.304,-4.40%
2015/12/11,0.318,0.312,0.322,0.312,2.25%
2015/12/10,0.311,0.311,0.316,0.31,-0.64%
2015/12/9,0.313,0.314,0.317,0.311,-2.19%
2015/12/8,0.32,0.325,0.328,0.319,-3.03%
2015/12/7,0.33,0.329,0.337,0.325,-1.20%
2015/12/4,0.334,0.338,0.339,0.329,3.41%
2015/12/3,0.323,0.326,0.329,0.318,-0.92%
2015/12/2,0.326,0.318,0.327,0.317,7.59%
2015/12/1,0.303,0.305,0.308,0.301,-0.66%
2015/11/30,0.305,0.303,0.309,0.302,0.33%
2015/11/27,0.304,0.302,0.311,0.302,1.00%
2015/11/26,0.301,0.302,0.305,0.298,-2.59%
2015/11/25,0.309,0.316,0.318,0.308,-4.04%
2015/11/24,0.322,0.316,0.327,0.313,-0.92%
2015/11/22,0.325,0.325,0.325,0.325,3.50%
2015/11/20,0.314,0.301,0.32,0.3,3.97%
2015/11/19,0.302,0.3,0.303,0.3,0.00%
2015/11/18,0.302,0.302,0.307,0.3,-0.66%
2015/11/17,0.304,0.309,0.313,0.301,-0.98%
2015/11/16,0.307,0.299,0.313,0.298,-0.97%
2015/11/13,0.31,0.31,0.313,0.302,-1.27%
2015/11/12,0.314,0.32,0.322,0.312,-2.48%
2015/11/11,0.322,0.315,0.326,0.314,0.00%
2015/11/10,0.322,0.34,0.34,0.319,-4.17%
2015/11/9,0.336,0.343,0.347,0.335,5.00%
2015/11/6,0.32,0.318,0.322,0.309,0.31%
2015/11/5,0.319,0.322,0.329,0.318,0.63%
2015/11/4,0.317,0.319,0.324,0.316,1.93%
2015/11/2,0.311,0.308,0.315,0.307,2.30%
2015/10/30,0.304,0.304,0.317,0.304,1.33%
2015/10/29,0.3,0.307,0.313,0.299,0.00%
2015/10/28,0.3,0.301,0.305,0.298,-2.60%
2015/10/27,0.308,0.316,0.316,0.306,-2.84%
2015/10/26,0.317,0.311,0.321,0.311,3.26%
2015/10/23,0.307,0.309,0.315,0.304,-2.54%
2015/10/22,0.315,0.315,0.318,0.313,-1.87%
2015/10/21,0.321,0.319,0.322,0.316,0.94%
2015/10/20,0.318,0.327,0.331,0.318,-2.75%
2015/10/19,0.327,0.324,0.332,0.324,2.19%
2015/10/18,0.32,0.32,0.32,0.32,-0.31%
2015/10/16,0.321,0.322,0.332,0.318,0.31%
2015/10/15,0.32,0.304,0.322,0.303,1.91%
2015/10/14,0.314,0.321,0.327,0.312,-2.48%
2015/10/13,0.322,0.325,0.326,0.32,-1.83%
2015/10/9,0.328,0.33,0.335,0.327,-1.50%
2015/10/8,0.333,0.34,0.341,0.327,0.00%
2015/10/7,0.333,0.328,0.34,0.327,2.46%
2015/10/6,0.325,0.322,0.332,0.322,2.85%
2015/10/5,0.316,0.311,0.317,0.311,-2.47%
2015/10/3,0.324,0.324,0.324,0.324,-0.92%
2015/10/2,0.327,0.327,0.336,0.324,-2.10%
2015/10/1,0.334,0.346,0.347,0.329,-4.57%
2015/9/30,0.35,0.338,0.351,0.338,2.94%
2015/9/29,0.34,0.346,0.347,0.337,-2.58%
2015/9/28,0.349,0.327,0.355,0.327,6.08%
2015/9/27,0.329,0.329,0.329,0.329,0.30%
2015/9/25,0.328,0.331,0.342,0.326,-1.20%
2015/9/24,0.332,0.327,0.335,0.327,-2.35%
2015/9/18,0.34,0.357,0.359,0.337,-6.85%
2015/9/17,0.365,0.372,0.375,0.362,-1.88%
2015/9/16,0.372,0.384,0.395,0.372,-0.80%
2015/9/15,0.375,0.36,0.384,0.36,3.31%
2015/9/14,0.363,0.344,0.367,0.342,2.83%
2015/9/11,0.353,0.355,0.366,0.346,-0.84%
2015/9/10,0.356,0.362,0.367,0.352,-3.00%
2015/9/9,0.367,0.371,0.375,0.359,0.27%
2015/9/8,0.366,0.372,0.381,0.365,-1.35%
2015/9/7,0.371,0.37,0.375,0.367,-0.80%
2015/9/4,0.374,0.392,0.396,0.373,-7.20%
2015/9/3,0.403,0.396,0.41,0.395,1.77%
2015/9/2,0.396,0.387,0.4,0.385,7.32%
2015/9/1,0.369,0.4,0.401,0.368,-3.15%
2015/8/31,0.381,0.384,0.385,0.376,-1.30%
2015/8/28,0.386,0.385,0.39,0.385,-0.52%
2015/8/27,0.388,0.381,0.391,0.377,3.47%
2015/8/26,0.375,0.381,0.389,0.372,0.27%
2015/8/25,0.374,0.357,0.385,0.356,6.25%
2015/8/24,0.352,0.354,0.362,0.35,-1.68%
2015/8/21,0.358,0.354,0.363,0.353,-1.10%
2015/8/20,0.362,0.366,0.371,0.361,-3.98%
2015/8/19,0.377,0.376,0.381,0.368,0.00%
2015/8/18,0.377,0.389,0.392,0.375,-4.56%
2015/8/17,0.395,0.391,0.4,0.389,3.95%
2015/8/14,0.38,0.383,0.389,0.379,-1.55%
2015/8/13,0.386,0.37,0.388,0.37,5.46%
2015/8/12,0.366,0.381,0.386,0.363,-8.73%
2015/8/11,0.401,0.41,0.42,0.4,-1.72%
2015/8/10,0.408,0.408,0.411,0.404,-3.09%
2015/8/7,0.421,0.415,0.43,0.414,-0.71%
2015/8/6,0.424,0.407,0.426,0.407,6.53%
2015/8/5,0.398,0.393,0.407,0.393,1.02%
2015/8/4,0.394,0.415,0.415,0.393,-5.29%
2015/8/3,0.416,0.4,0.421,0.4,0.97%
2015/7/31,0.412,0.414,0.42,0.409,-0.96%
2015/7/30,0.416,0.41,0.427,0.409,2.46%
2015/7/29,0.406,0.407,0.416,0.406,0.00%
2015/7/28,0.406,0.406,0.412,0.4,-1.46%
2015/7/27,0.412,0.408,0.419,0.405,-0.72%
2015/7/24,0.415,0.41,0.416,0.407,-0.72%
2015/7/23,0.418,0.419,0.422,0.413,0.48%
2015/7/22,0.416,0.421,0.435,0.412,-1.89%
2015/7/21,0.424,0.425,0.431,0.421,-4.72%
2015/7/18,0.445,0.445,0.445,0.445,3.97%
2015/7/17,0.428,0.445,0.445,0.428,-4.25%
2015/7/16,0.447,0.45,0.452,0.434,-1.54%
2015/7/15,0.454,0.458,0.465,0.454,-1.52%
2015/7/14,0.461,0.457,0.477,0.456,3.13%
2015/7/13,0.447,0.451,0.451,0.441,2.05%
2015/7/10,0.438,0.454,0.468,0.436,-2.23%
2015/7/9,0.448,0.419,0.455,0.415,6.16%
2015/7/8,0.422,0.444,0.447,0.419,-8.06%
2015/7/7,0.459,0.467,0.471,0.449,-1.50%
2015/7/6,0.466,0.465,0.467,0.451,-4.31%
2015/7/3,0.487,0.502,0.502,0.485,-5.07%
2015/7/2,0.513,0.502,0.536,0.502,7.55%
2015/7/1,0.477,0.464,0.487,0.464,4.15%
2015/6/30,0.458,0.447,0.47,0.446,3.39%
2015/6/29,0.443,0.445,0.451,0.433,-6.54%
2015/6/26,0.474,0.481,0.493,0.472,-0.21%
2015/6/25,0.475,0.456,0.489,0.447,1.71%
2015/6/24,0.467,0.465,0.475,0.463,-0.21%
2015/6/23,0.468,0.442,0.47,0.441,9.09%
2015/6/22,0.429,0.419,0.431,0.415,1.18%
2015/6/19,0.424,0.444,0.444,0.423,-4.50%
2015/6/18,0.444,0.478,0.478,0.443,-8.26%
2015/6/17,0.484,0.498,0.498,0.482,-3.59%
2015/6/16,0.502,0.506,0.511,0.497,-1.18%
2015/6/15,0.508,0.5,0.515,0.5,0.40%
2015/6/12,0.506,0.51,0.512,0.495,-5.24%
2015/6/11,0.534,0.516,0.552,0.516,6.59%
2015/6/10,0.501,0.472,0.503,0.469,9.63%
2015/6/9,0.457,0.494,0.495,0.453,-7.11%
2015/6/8,0.492,0.497,0.5,0.49,-3.91%
2015/6/7,0.512,0.512,0.512,0.512,5.13%
2015/6/5,0.487,0.482,0.489,0.475,-2.01%
2015/6/4,0.497,0.499,0.508,0.493,5.30%
2015/6/3,0.472,0.472,0.472,0.472,14.84%
2015/6/2,0.411,0.418,0.434,0.411,1.99%
2015/6/1,0.403,0.395,0.416,0.395,0.50%
2015/5/30,0.401,0.401,0.401,0.401,1.26%
2015/5/29,0.396,0.4,0.412,0.392,-1.74%
2015/5/28,0.403,0.391,0.412,0.387,2.81%
2015/5/27,0.392,0.41,0.415,0.388,-7.11%
2015/5/26,0.422,0.425,0.446,0.421,-0.71%
2015/5/25,0.425,0.415,0.432,0.414,1.43%
2015/5/22,0.419,0.405,0.421,0.405,1.95%
2015/5/21,0.411,0.391,0.413,0.391,3.53%
2015/5/20,0.397,0.386,0.402,0.386,2.58%
2015/5/19,0.387,0.391,0.407,0.387,1.57%
2015/5/18,0.381,0.382,0.39,0.377,-4.03%
2015/5/15,0.397,0.44,0.44,0.397,-12.17%
2015/5/14,0.452,0.468,0.476,0.452,-1.95%
2015/5/13,0.461,0.447,0.469,0.443,1.10%
2015/5/12,0.456,0.415,0.477,0.415,15.15%
2015/5/11,0.396,0.41,0.41,0.391,-5.49%
2015/5/8,0.419,0.428,0.434,0.416,-3.90%
2015/5/7,0.436,0.388,0.441,0.387,18.80%
2015/5/5,0.367,0.367,0.367,0.367,0.00%
2015/5/4,0.367,0.367,0.367,0.367,0.82%
2015/5/1,0.364,0.343,0.367,0.342,9.97%
2015/4/30,0.331,0.319,0.35,0.315,9.24%
2015/4/28,0.303,0.305,0.311,0.297,-1.30%
2015/4/27,0.307,0.29,0.309,0.286,5.14%
2015/4/24,0.292,0.314,0.315,0.291,-7.89%
2015/4/23,0.317,0.319,0.32,0.311,3.59%
2015/4/22,0.306,0.311,0.32,0.305,-1.92%
2015/4/21,0.312,0.318,0.321,0.307,-0.32%
2015/4/20,0.313,0.307,0.319,0.306,1.29%
2015/4/17,0.309,0.328,0.328,0.308,-6.08%
2015/4/16,0.329,0.327,0.356,0.322,-0.30%
2015/4/15,0.33,0.323,0.34,0.322,0.92%
2015/4/14,0.327,0.339,0.343,0.327,-4.66%
2015/4/13,0.343,0.34,0.348,0.333,-0.29%
2015/4/10,0.344,0.362,0.371,0.344,-3.64%
2015/4/9,0.357,0.361,0.375,0.339,-1.92%
2015/4/8,0.364,0.361,0.38,0.357,1.11%
2015/4/7,0.36,0.351,0.385,0.35,4.05%
2015/4/6,0.346,0.351,0.352,0.333,-3.35%
2015/4/3,0.358,0.344,0.366,0.342,4.07%
2015/4/2,0.344,0.378,0.378,0.343,-9.23%
2015/4/1,0.379,0.404,0.414,0.378,-5.25%
2015/3/31,0.4,0.37,0.41,0.37,6.67%
2015/3/30,0.375,0.373,0.396,0.368,-1.32%
2015/3/27,0.38,0.33,0.411,0.33,14.80%
2015/3/26,0.331,0.335,0.336,0.326,0.61%
2015/3/25,0.329,0.305,0.332,0.302,3.79%
2015/3/24,0.317,0.312,0.326,0.306,0.96%
2015/3/23,0.314,0.322,0.326,0.304,-3.98%
2015/3/20,0.327,0.328,0.336,0.323,-0.61%
2015/3/19,0.329,0.363,0.363,0.313,-12.03%
2015/3/18,0.374,0.412,0.423,0.369,-10.95%
2015/3/17,0.42,0.413,0.427,0.406,-0.94%
2015/3/16,0.424,0.414,0.429,0.414,1.44%
2015/3/13,0.418,0.378,0.418,0.364,7.73%
2015/3/12,0.388,0.411,0.419,0.376,-8.06%
2015/3/11,0.422,0.452,0.459,0.421,-10.59%
2015/3/10,0.472,0.431,0.479,0.428,8.76%
2015/3/9,0.434,0.403,0.435,0.403,11.86%
2015/3/6,0.388,0.396,0.409,0.38,-5.13%
2015/3/5,0.409,0.41,0.43,0.399,-0.49%
2015/3/4,0.411,0.414,0.426,0.408,9.02%
2015/3/3,0.377,0.358,0.387,0.356,9.28%
2015/3/2,0.345,0.337,0.348,0.334,1.47%
2015/2/27,0.34,0.34,0.354,0.334,0.59%
2015/2/26,0.338,0.339,0.352,0.326,-0.88%
2015/2/25,0.341,0.374,0.374,0.338,-9.31%
2015/2/24,0.376,0.379,0.385,0.371,-2.08%
2015/2/23,0.384,0.389,0.391,0.376,-1.79%
2015/2/20,0.391,0.393,0.4,0.377,-1.76%
2015/2/19,0.398,0.414,0.416,0.391,-2.93%
2015/2/18,0.41,0.397,0.417,0.397,3.27%
2015/2/17,0.397,0.451,0.459,0.396,-11.78%
2015/2/16,0.45,0.423,0.456,0.421,7.66%
2015/2/13,0.418,0.397,0.438,0.395,6.36%
2015/2/12,0.393,0.395,0.405,0.386,-0.51%
2015/2/10,0.395,0.363,0.408,0.363,10.34%
2015/2/9,0.358,0.353,0.366,0.349,4.07%
2015/2/6,0.344,0.357,0.382,0.343,-6.01%
2015/2/5,0.366,0.378,0.404,0.344,-3.94%
2015/2/4,0.381,0.352,0.396,0.351,4.67%
2015/2/3,0.364,0.286,0.37,0.284,25.95%
2015/2/2,0.289,0.275,0.302,0.27,-0.34%
2015/2/1,0.29,0.29,0.29,0.29,1.40%
2015/1/30,0.286,0.288,0.306,0.283,-2.72%
2015/1/29,0.294,0.274,0.306,0.268,-0.34%
2015/1/28,0.295,0.256,0.3,0.256,12.60%
2015/1/27,0.262,0.227,0.269,0.225,15.93%
2015/1/26,0.226,0.233,0.236,0.22,-8.50%
2015/1/23,0.247,0.292,0.294,0.229,-21.84%
2015/1/22,0.316,0.257,0.327,0.24,25.40%
2015/1/21,0.252,0.215,0.253,0.215,15.07%
2015/1/20,0.219,0.202,0.22,0.199,5.80%
2015/1/19,0.207,0.243,0.246,0.207,-14.11%
2015/1/16,0.241,0.247,0.246,0.227,-4.37%
2015/1/15,0.252,0.247,0.257,0.243,-1.56%
2015/1/14,0.256,0.269,0.27,0.255,-4.12%
2015/1/13,0.267,0.274,0.274,0.259,-5.32%
2015/1/9,0.282,0.292,0.303,0.276,-2.42%
2015/1/8,0.289,0.301,0.309,0.284,-3.34%
2015/1/7,0.299,0.286,0.304,0.269,3.82%
2015/1/6,0.288,0.318,0.319,0.287,-11.38%
2015/1/5,0.325,0.329,0.33,0.322,-1.52%
2014/12/30,0.33,0.315,0.344,0.314,4.10%
2014/12/29,0.317,0.334,0.336,0.316,-3.94%
2014/12/28,0.33,0.33,0.33,0.33,0.00%
2014/12/26,0.33,0.307,0.339,0.304,6.80%
2014/12/25,0.309,0.338,0.338,0.308,-8.85%
2014/12/24,0.339,0.341,0.345,0.331,0.00%
2014/12/23,0,0.339,0.345,0,-100.00%
2014/12/22,0.34,0.346,0.349,0.336,-3.41%
2014/12/19,0.352,0.357,0.358,0.347,-1.68%
2014/12/18,0.358,0.371,0.372,0.347,-3.24%
2014/12/17,0.37,0.351,0.37,0.347,5.11%
2014/12/16,0.352,0.379,0.384,0.35,-6.63%
2014/12/15,0.377,0.387,0.392,0.376,-4.56%
2014/12/14,0.395,0.395,0.395,0.395,0.00%
2014/12/12,0.395,0.406,0.407,0.388,-2.47%
2014/12/11,0.405,0.406,0.414,0.394,-0.98%
2014/12/10,0.409,0.421,0.422,0.271,-2.39%
2014/12/9,0.419,0.434,0.437,0.41,-3.68%
2014/12/8,0.435,0.425,0.445,0.424,0.00%
2014/12/5,0.435,0.431,0.439,0.42,0.69%
2014/12/4,0.432,0.432,0.447,0.426,-0.46%
2014/12/3,0.434,0.453,0.457,0.432,-4.41%
2014/12/2,0.454,0.44,0.465,0.419,2.95%
2014/12/1,0.441,0.42,0.441,0.417,5.00%
2014/11/30,0.42,0.42,0.42,0.42,0.00%
2014/11/28,0.42,0.428,0.432,0.417,-1.41%
2014/11/27,0.426,0.427,0.429,0.422,-2.07%
2014/11/26,0.435,0.451,0.456,0.435,-3.76%
2014/11/25,0.452,0.458,0.458,0.448,0.00%
2014/11/24,0,0.46,0.461,0,-100.00%
2014/11/21,0.46,0.463,0.471,0.457,-0.86%
2014/11/20,0.464,0.477,0.491,0.463,-2.32%
2014/11/19,0.475,0.499,0.499,0.473,-4.62%
2014/11/18,0.498,0.496,0.52,0.491,0.61%
2014/11/17,0.495,0.47,0.495,0.461,2.27%
2014/11/16,0.484,0.484,0.484,0.484,0.00%
2014/11/14,0.484,0.496,0.503,0.47,-2.62%
2014/11/13,0.497,0.532,0.534,0.497,-6.75%
2014/11/12,0.533,0.52,0.54,0.502,2.50%
2014/11/11,0.52,0.461,0.52,0.461,12.55%
2014/11/10,0.462,0.464,0.467,0.453,-3.75%
2014/11/7,0.48,0.479,0.487,0.467,0.21%
2014/11/6,0.479,0.473,0.487,0.464,1.05%
2014/11/5,0.474,0.446,0.486,0.444,6.52%
2014/11/4,0.445,0.445,0.45,0.439,0.00%
2014/11/3,0,0.445,0.445,0,-100.00%
2014/10/31,0.457,0.477,0.48,0.441,-4.39%
2014/10/30,0.478,0.47,0.48,0.467,1.49%
2014/10/29,0.471,0.467,0.473,0.461,1.07%
2014/10/28,0.466,0.473,0.474,0.457,-1.06%
2014/10/27,0.471,0.469,0.477,0.465,0.86%
2014/10/24,0.467,0.481,0.482,0.465,-3.11%
2014/10/23,0.482,0.487,0.488,0.479,-0.82%
2014/10/22,0.486,0.485,0.5,0.48,0.41%
2014/10/21,0.484,0.486,0.495,0.48,-0.21%
2014/10/20,0.485,0.48,0.495,0.478,2.11%
2014/10/17,0.475,0.487,0.489,0.468,-2.26%
2014/10/16,0.486,0.478,0.495,0.473,1.67%
2014/10/15,0.478,0.494,0.495,0.465,-3.24%
2014/10/14,0.494,0.492,0.5,0.489,-1.79%
2014/10/10,0.503,0.497,0.509,0.493,1.41%
2014/10/9,0.496,0.501,0.502,0.488,-0.80%
2014/10/8,0.5,0.507,0.51,0.498,-1.38%
2014/10/7,0.507,0.519,0.52,0.506,-2.31%
2014/10/6,0.519,0.522,0.529,0.515,-0.19%
2014/10/3,0.52,0.525,0.531,0.518,-1.14%
2014/10/2,0.526,0.519,0.53,0.516,0.96%
2014/10/1,0.521,0.531,0.535,0.517,-2.25%
2014/9/30,0.533,0.52,0.535,0.517,2.30%
2014/9/29,0.521,0.518,0.53,0.513,-0.76%
2014/9/27,0.525,0.525,0.525,0.525,0.00%
2014/9/26,0.525,0.514,0.528,0.511,1.94%
2014/9/25,0.515,0.535,0.535,0.513,-3.56%
2014/9/24,0.534,0.532,0.535,0.527,-1.48%
2014/9/22,0.542,0.549,0.556,0.536,-3.73%
2014/9/19,0.563,0.569,0.587,0.559,-1.40%
2014/9/18,0.571,0.568,0.574,0.553,0.71%
2014/9/17,0.567,0.586,0.587,0.555,-3.08%
2014/9/16,0.585,0.576,0.585,0.573,0.00%
2014/9/15,0,0.58,0.58,0,-100.00%
2014/9/13,0.577,0.577,0.577,0.577,0.00%
2014/9/12,0.577,0.564,0.58,0.563,2.30%
2014/9/11,0.564,0.564,0.575,0.559,0.00%
2014/9/10,0.564,0.533,0.569,0.529,5.42%
2014/9/9,0.535,0.539,0.542,0.529,-0.56%
2014/9/8,0.538,0.534,0.539,0.529,-1.28%
2014/9/5,0.545,0.543,0.545,0.534,0.37%
2014/9/4,0.543,0.529,0.546,0.525,1.69%
2014/9/3,0.534,0.541,0.545,0.532,-1.29%
2014/9/2,0.541,0.494,0.541,0.494,9.29%
2014/9/1,0.495,0.501,0.504,0.494,-0.40%
2014/8/31,0.497,0.497,0.497,0.497,0.00%
2014/8/29,0.497,0.492,0.506,0.491,1.22%
2014/8/28,0.491,0.497,0.497,0.488,-1.21%
2014/8/27,0.497,0.504,0.506,0.494,-1.39%
2014/8/26,0.504,0.509,0.509,0.499,-1.18%
2014/8/25,0.51,0.512,0.513,0.509,-0.20%
2014/8/22,0.511,0.523,0.535,0.507,-2.48%
2014/8/21,0.524,0.521,0.537,0.519,0.38%
2014/8/20,0.522,0.501,0.522,0.5,3.98%
2014/8/19,0.502,0.506,0.506,0.499,-0.59%
2014/8/18,0.505,0.504,0.507,0.499,0.00%
2014/8/15,0.505,0.503,0.508,0.496,0.00%
2014/8/14,0.505,0.507,0.511,0.503,-0.59%
2014/8/13,0.508,0.513,0.517,0.505,-0.78%
2014/8/12,0.512,0.517,0.52,0.508,-1.16%
2014/8/11,0.518,0.516,0.522,0.514,1.77%
2014/8/10,0.509,0.509,0.509,0.509,0.00%
2014/8/8,0.509,0.522,0.523,0.508,-2.68%
2014/8/7,0.523,0.521,0.532,0.518,0.19%
2014/8/6,0.522,0.519,0.525,0.517,0.38%
2014/8/5,0.52,0.534,0.534,0.519,-2.44%
2014/8/4,0.533,0.532,0.537,0.528,-1.11%
2014/8/2,0.539,0.539,0.539,0.539,0.00%
2014/8/1,0.539,0.533,0.539,0.53,0.94%
2014/7/31,0.534,0.54,0.542,0.533,-1.11%
2014/7/30,0.54,0.524,0.542,0.523,2.86%
2014/7/29,0.525,0.53,0.532,0.523,-0.94%
2014/7/28,0.53,0.53,0.53,0.525,-1.12%
2014/7/27,0.536,0.536,0.536,0.536,0.00%
2014/7/25,0.536,0.532,0.537,0.528,0.56%
2014/7/24,0.533,0.533,0.536,0.523,-0.19%
2014/7/23,0.534,0.543,0.547,0.532,-1.66%
2014/7/22,0.543,0.542,0.547,0.54,0.00%
2014/7/21,0,0.542,0.543,0,-100.00%
2014/7/20,0.545,0.545,0.545,0.545,0.00%
2014/7/18,0.545,0.524,0.546,0.514,3.81%
2014/7/17,0.525,0.546,0.546,0.524,-4.02%
2014/7/16,0.547,0.547,0.551,0.543,0.00%
2014/7/15,0.547,0.542,0.548,0.539,1.11%
2014/7/14,0.541,0.542,0.549,0.539,0.74%
2014/7/12,0.537,0.537,0.537,0.537,0.00%
2014/7/11,0.537,0.543,0.548,0.534,-1.10%
2014/7/10,0.543,0.549,0.551,0.541,-1.09%
2014/7/9,0.549,0.552,0.558,0.545,-0.36%
2014/7/8,0.551,0.563,0.564,0.549,-2.30%
2014/7/7,0.564,0.568,0.571,0.564,-0.70%
2014/7/4,0.568,0.565,0.574,0.563,0.35%
2014/7/3,0.566,0.567,0.572,0.565,-0.18%
2014/7/2,0.567,0.562,0.568,0.56,0.71%
2014/7/1,0.563,0.566,0.567,0.554,-0.71%
2014/6/30,0.567,0.566,0.572,0.564,0.35%
2014/6/27,0.565,0.573,0.573,0.56,-1.22%
2014/6/26,0.572,0.574,0.576,0.564,-0.52%
2014/6/25,0.575,0.578,0.581,0.567,-0.52%
2014/6/24,0.578,0.587,0.588,0.578,-1.87%
2014/6/23,0.589,0.584,0.592,0.581,0.51%
2014/6/20,0.586,0.591,0.597,0.581,-1.01%
2014/6/19,0.592,0.592,0.595,0.586,-0.34%
2014/6/18,0.594,0.597,0.604,0.594,-0.34%
2014/6/17,0.596,0.602,0.605,0.59,-0.83%
2014/6/16,0.601,0.603,0.605,0.597,-0.66%
2014/6/13,0.605,0.603,0.611,0.6,0.83%
2014/6/12,0.6,0.601,0.607,0.595,-0.33%
2014/6/11,0.602,0.597,0.609,0.597,0.67%
2014/6/10,0.598,0.606,0.607,0.595,-1.48%
2014/6/9,0.607,0.6,0.609,0.599,1.34%
2014/6/6,0.599,0.611,0.613,0.597,-2.12%
2014/6/5,0.612,0.62,0.622,0.611,-0.97%
2014/6/4,0.618,0.617,0.622,0.613,0.00%
2014/6/3,0.618,0.592,0.621,0.586,4.22%
2014/6/2,0.593,0.587,0.594,0.582,2.42%
2014/5/30,0.579,0.58,0.588,0.572,0.00%
2014/5/29,0.579,0.577,0.589,0.562,0.35%
2014/5/28,0.577,0.597,0.597,0.573,-3.19%
2014/5/27,0.596,0.596,0.598,0.592,0.00%
2014/5/26,0.596,0.597,0.598,0.59,0.68%
2014/5/25,0.592,0.592,0.592,0.592,0.00%
2014/5/23,0.592,0.605,0.608,0.59,-2.15%
2014/5/22,0.605,0.602,0.609,0.598,0.33%
2014/5/21,0.603,0.592,0.604,0.592,1.69%
2014/5/20,0.593,0.598,0.602,0.588,-0.84%
2014/5/19,0.598,0.587,0.6,0.586,1.01%
2014/5/16,0.592,0.588,0.593,0.583,0.51%
2014/5/15,0.589,0.598,0.6,0.587,-1.67%
2014/5/14,0.599,0.611,0.617,0.599,-1.96%
2014/5/13,0.611,0.62,0.62,0.604,-1.29%
2014/5/12,0.619,0.613,0.62,0.607,1.64%
2014/5/9,0.609,0.604,0.613,0.603,0.50%
2014/5/8,0.606,0.607,0.611,0.603,0.00%
2014/5/7,0.606,0.613,0.613,0.599,0.00%
2014/5/6,0,0.611,0.615,0,-100.00%
2014/5/2,0.611,0.62,0.622,0.609,-1.13%
2014/5/1,0.618,0.62,0.626,0.615,-0.32%
2014/4/30,0.62,0.618,0.628,0.617,0.00%
2014/4/29,0,0.616,0.617,0,-100.00%
2014/4/28,0.616,0.621,0.623,0.613,-1.28%
2014/4/25,0.624,0.634,0.636,0.62,-1.89%
2014/4/24,0.636,0.616,0.636,0.613,3.41%
2014/4/23,0.615,0.607,0.618,0.605,1.32%
2014/4/22,0.607,0.613,0.617,0.605,-0.82%
2014/4/21,0.612,0.602,0.614,0.6,1.66%
2014/4/18,0.602,0.618,0.618,0.6,-2.43%
2014/4/17,0.617,0.61,0.617,0.602,0.82%
2014/4/16,0.612,0.602,0.613,0.602,1.49%
2014/4/15,0.603,0.611,0.613,0.602,-1.47%
2014/4/14,0.612,0.608,0.62,0.605,0.49%
2014/4/11,0.609,0.607,0.614,0.602,0.33%
2014/4/10,0.607,0.616,0.622,0.607,-1.62%
2014/4/9,0.617,0.622,0.622,0.615,-0.64%
2014/4/8,0.621,0.61,0.626,0.61,1.64%
2014/4/7,0.611,0.627,0.628,0.61,-5.86%
2014/4/4,0.649,0.647,0.651,0.631,0.15%
2014/4/3,0.648,0.642,0.654,0.638,0.62%
2014/4/2,0.644,0.619,0.645,0.618,4.21%
2014/4/1,0.618,0.644,0.644,0.618,-3.89%
2014/3/31,0.643,0.64,0.653,0.637,2.06%
2014/3/28,0.63,0.626,0.638,0.623,0.64%
2014/3/27,0.626,0.628,0.643,0.62,-0.16%
2014/3/26,0.627,0.613,0.633,0.609,2.12%
2014/3/25,0.614,0.608,0.622,0.606,1.15%
2014/3/24,0.607,0.602,0.613,0.599,1.00%
2014/3/20,0.601,0.619,0.619,0.598,-2.75%
2014/3/19,0.618,0.621,0.623,0.609,-0.48%
2014/3/18,0.621,0.632,0.635,0.615,-1.58%
2014/3/17,0.631,0.62,0.631,0.62,0.96%
2014/3/14,0.625,0.635,0.647,0.614,-1.73%
2014/3/13,0.636,0.622,0.658,0.621,2.09%
2014/3/12,0.623,0.627,0.643,0.622,-0.80%
2014/3/11,0.628,0.628,0.644,0.625,0.00%
2014/3/10,0.628,0.63,0.638,0.621,0.48%
2014/3/9,0.625,0.625,0.625,0.625,0.00%
2014/3/7,0.625,0.62,0.638,0.62,0.64%
2014/3/6,0.621,0.617,0.63,0.614,0.32%
2014/3/5,0.619,0.612,0.621,0.608,1.31%
2014/3/4,0.611,0.583,0.611,0.58,4.98%
2014/3/3,0.582,0.578,0.584,0.578,-0.68%
2014/2/28,0.586,0.584,0.598,0.584,0.17%
2014/2/27,0.585,0.588,0.601,0.584,-0.68%
2014/2/26,0.589,0.586,0.6,0.586,0.34%
2014/2/25,0.587,0.603,0.603,0.585,-2.65%
2014/2/24,0.603,0.597,0.603,0.586,0.33%
2014/2/21,0.601,0.599,0.607,0.594,0.33%
2014/2/20,0.599,0.613,0.614,0.585,-2.28%
2014/2/19,0.613,0.608,0.618,0.604,0.66%
2014/2/18,0.609,0.608,0.617,0.601,0.00%
2014/2/17,0.609,0.597,0.609,0.593,1.84%
2014/2/14,0.598,0.607,0.609,0.591,-1.48%
2014/2/13,0.607,0.615,0.619,0.6,-1.14%
2014/2/12,0.614,0.618,0.622,0.611,0.00%
2014/2/11,0,0.61,0.617,0,-100.00%
2014/2/10,0.606,0.615,0.621,0.605,-2.42%
2014/2/7,0.621,0.624,0.632,0.618,-0.48%
2014/2/6,0.624,0.615,0.627,0.609,1.63%
2014/2/5,0.614,0.618,0.62,0.599,-0.81%
2014/2/4,0.619,0.61,0.622,0.604,1.48%
2014/2/3,0.61,0.621,0.624,0.608,-2.56%
2014/1/31,0.626,0.627,0.634,0.613,-0.79%
2014/1/30,0.631,0.618,0.633,0.618,1.94%
2014/1/29,0.619,0.639,0.653,0.618,-2.52%
2014/1/28,0.635,0.628,0.638,0.624,0.95%
2014/1/27,0.629,0.621,0.642,0.616,-0.63%
2014/1/24,0.633,0.636,0.646,0.621,-0.63%
2014/1/23,0.637,0.685,0.69,0.636,-6.87%
2014/1/22,0.684,0.683,0.689,0.677,0.44%
2014/1/21,0.681,0.667,0.692,0.667,2.10%
2014/1/20,0.667,0.673,0.673,0.662,-1.19%
2014/1/17,0.675,0.673,0.685,0.668,0.60%
2014/1/16,0.671,0.671,0.682,0.663,0.15%
2014/1/15,0.67,0.669,0.673,0.662,0.15%
2014/1/14,0.669,0.672,0.675,0.655,0.00%
2014/1/13,0,0.685,0.685,0,-100.00%
2014/1/10,0.701,0.701,0.707,0.694,-0.28%
2014/1/9,0.703,0.717,0.717,0.7,-1.95%
2014/1/8,0.717,0.695,0.717,0.695,3.02%
2014/1/7,0.696,0.731,0.732,0.69,-4.79%
2014/1/6,0.731,0.741,0.745,0.725,-0.81%
2013/12/30,0.737,0.711,0.75,0.709,3.37%
2013/12/27,0.713,0.717,0.717,0.704,0.14%
2013/12/26,0.712,0.701,0.716,0.699,2.45%
2013/12/25,0.695,0.685,0.697,0.685,1.91%
2013/12/24,0.682,0.683,0.693,0.674,-1.16%
2013/12/20,0.69,0.687,0.696,0.686,1.47%
2013/12/19,0.68,0.664,0.683,0.661,3.03%
2013/12/18,0.66,0.663,0.666,0.651,-1.20%
2013/12/17,0.668,0.691,0.695,0.668,-2.91%
2013/12/16,0.688,0.691,0.697,0.682,-0.29%
2013/12/13,0.69,0.666,0.696,0.665,4.23%
2013/12/12,0.662,0.656,0.666,0.656,-0.15%
2013/12/11,0.663,0.67,0.675,0.661,-1.04%
2013/12/10,0.67,0.661,0.671,0.659,1.06%
2013/12/9,0.663,0.685,0.686,0.661,-2.21%
2013/12/7,0.678,0.678,0.678,0.678,0.44%
2013/12/6,0.675,0.652,0.686,0.649,6.47%
2013/12/5,0.634,0.636,0.639,0.628,0.16%
2013/12/4,0.633,0.631,0.639,0.623,-0.47%
2013/12/3,0.636,0.616,0.639,0.616,3.08%
2013/12/2,0.617,0.6,0.617,0.6,1.82%
2013/11/30,0.606,0.606,0.606,0.606,-0.98%
2013/11/29,0.612,0.601,0.616,0.601,0.82%
2013/11/28,0.607,0.61,0.619,0.602,0.50%
2013/11/27,0.604,0.621,0.622,0.603,-3.05%
2013/11/26,0.623,0.64,0.643,0.622,-3.11%
2013/11/25,0.643,0.626,0.647,0.626,2.06%
2013/11/23,0.63,0.63,0.63,0.63,-0.94%
2013/11/22,0.636,0.643,0.651,0.629,1.11%
2013/11/21,0.629,0.615,0.633,0.615,1.78%
2013/11/20,0.618,0.618,0.624,0.614,-0.80%
2013/11/19,0.623,0.636,0.642,0.622,-1.89%
2013/11/18,0.635,0.648,0.653,0.632,-0.31%
2013/11/17,0.637,0.637,0.637,0.637,0.00%
2013/11/16,0.637,0.637,0.637,0.637,0.16%
2013/11/15,0.636,0.609,0.638,0.608,5.65%
2013/11/14,0.602,0.601,0.607,0.597,-0.82%
2013/11/13,0.607,0.605,0.609,0.602,0.66%
2013/11/12,0.603,0.59,0.606,0.59,1.34%
2013/11/11,0.595,0.601,0.608,0.593,0.68%
2013/11/9,0.591,0.591,0.591,0.591,-1.01%
2013/11/8,0.597,0.586,0.599,0.586,-0.17%
2013/11/7,0.598,0.616,0.616,0.597,-2.13%
2013/11/6,0.611,0.611,0.616,0.605,1.33%
2013/11/5,0.603,0.61,0.613,0.596,0.50%
2013/11/3,0.6,0.6,0.6,0.6,0.00%
2013/11/2,0.6,0.6,0.6,0.6,0.33%
2013/11/1,0.598,0.604,0.608,0.593,0.67%
2013/10/31,0.594,0.599,0.603,0.589,-0.50%
2013/10/30,0.597,0.61,0.617,0.594,-2.61%
2013/10/29,0.613,0.621,0.622,0.612,-1.13%
2013/10/28,0.62,0.612,0.622,0.612,0.65%
2013/10/27,0.616,0.616,0.616,0.616,0.00%
2013/10/26,0.616,0.616,0.616,0.616,-0.32%
2013/10/25,0.618,0.606,0.623,0.605,0.65%
2013/10/24,0.614,0.609,0.617,0.598,0.99%
2013/10/23,0.608,0.621,0.623,0.603,-2.25%
2013/10/22,0.622,0.629,0.633,0.618,-0.96%
2013/10/21,0.628,0.625,0.63,0.624,1.29%
2013/10/19,0.62,0.62,0.62,0.62,-0.32%
2013/10/18,0.622,0.628,0.629,0.618,-2.35%
2013/10/17,0.637,0.645,0.653,0.635,-1.09%
2013/10/16,0.644,0.674,0.68,0.644,-3.45%
2013/10/15,0.667,0.659,0.678,0.657,1.06%
2013/10/12,0.66,0.66,0.66,0.66,0.30%
2013/10/11,0.658,0.663,0.671,0.657,0.00%
2013/10/10,0.658,0.662,0.668,0.656,0.00%
2013/10/9,0.658,0.656,0.663,0.651,0.15%
2013/10/8,0.657,0.646,0.662,0.642,1.39%
2013/10/7,0.648,0.656,0.657,0.644,-1.82%
2013/10/5,0.66,0.66,0.66,0.66,0.92%
2013/10/4,0.654,0.645,0.66,0.635,1.71%
2013/10/3,0.643,0.641,0.662,0.638,-0.77%
2013/10/2,0.648,0.667,0.667,0.644,-2.41%
2013/10/1,0.664,0.692,0.697,0.66,-3.49%
2013/9/30,0.688,0.688,0.699,0.679,0.58%
2013/9/29,0.684,0.684,0.684,0.684,0.00%
2013/9/28,0.684,0.684,0.684,0.684,0.00%
2013/9/27,0.684,0.7,0.7,0.684,-1.87%
2013/9/26,0.697,0.678,0.7,0.674,2.95%
2013/9/25,0.677,0.665,0.686,0.664,-0.15%
2013/9/24,0.678,0.7,0.7,0.677,-3.42%
2013/9/22,0.702,0.702,0.702,0.702,0.00%
2013/9/21,0.702,0.702,0.702,0.702,0.86%
2013/9/20,0.696,0.682,0.699,0.674,2.50%
2013/9/19,0.679,0.715,0.715,0.67,-5.30%
2013/9/18,0.717,0.721,0.729,0.711,-0.83%
2013/9/17,0.723,0.724,0.733,0.718,-0.28%
2013/9/15,0.725,0.725,0.725,0.725,0.00%
2013/9/14,0.725,0.725,0.725,0.725,-0.41%
2013/9/13,0.728,0.732,0.738,0.727,-0.14%
2013/9/12,0.729,0.739,0.741,0.725,-2.15%
2013/9/11,0.745,0.751,0.756,0.741,0.40%
2013/9/10,0.742,0.759,0.767,0.727,-1.85%
2013/9/9,0.756,0.789,0.802,0.754,-4.91%
2013/9/8,0.795,0.795,0.795,0.795,0.00%
2013/9/7,0.795,0.795,0.795,0.795,-0.25%
2013/9/6,0.797,0.791,0.8,0.785,2.57%
2013/9/5,0.777,0.775,0.786,0.772,-0.26%
2013/9/4,0.779,0.779,0.78,0.766,4.01%
2013/9/3,0.749,0.749,0.758,0.74,0.81%
2013/9/2,0.743,0.73,0.744,0.73,1.92%
2013/9/1,0.729,0.729,0.729,0.729,0.00%
2013/8/31,0.729,0.729,0.729,0.729,1.25%
2013/8/30,0.72,0.712,0.723,0.708,0.84%
2013/8/29,0.714,0.726,0.728,0.712,-1.38%
2013/8/28,0.724,0.736,0.736,0.72,-3.60%
2013/8/27,0.751,0.766,0.767,0.747,-2.09%
2013/8/26,0.767,0.771,0.771,0.76,-0.52%
2013/8/24,0.771,0.771,0.771,0.771,0.26%
2013/8/23,0.769,0.758,0.78,0.753,1.99%
2013/8/22,0.754,0.742,0.764,0.742,2.31%
2013/8/21,0.737,0.748,0.751,0.728,-1.60%
2013/8/20,0.749,0.772,0.778,0.748,-2.85%
2013/8/19,0.771,0.761,0.772,0.757,0.92%
2013/8/17,0.764,0.764,0.764,0.764,0.00%
2013/8/16,0.764,0.75,0.77,0.75,1.87%
2013/8/15,0.75,0.76,0.76,0.739,-0.79%
2013/8/14,0.756,0.746,0.757,0.745,1.48%
2013/8/13,0.745,0.755,0.763,0.734,-0.67%
2013/8/12,0.75,0.761,0.764,0.749,-1.32%
2013/8/11,0.76,0.76,0.76,0.76,0.00%
2013/8/10,0.76,0.76,0.76,0.76,0.26%
2013/8/9,0.758,0.761,0.776,0.752,0.00%
2013/8/8,0.758,0.761,0.785,0.758,-0.66%
2013/8/7,0.763,0.787,0.787,0.759,-3.05%
2013/8/6,0.787,0.783,0.789,0.776,1.03%
2013/8/5,0.779,0.815,0.815,0.778,-5.12%
2013/8/3,0.821,0.821,0.821,0.821,0.86%
2013/8/2,0.814,0.817,0.83,0.808,2.01%
2013/8/1,0.798,0.809,0.812,0.798,0.00%
2013/7/31,0.798,0.795,0.805,0.79,0.13%
2013/7/30,0.797,0.796,0.807,0.796,0.13%
2013/7/29,0.796,0.796,0.802,0.779,1.02%
2013/7/27,0.788,0.788,0.788,0.788,-0.51%
2013/7/26,0.792,0.808,0.809,0.789,-1.25%
2013/7/25,0.802,0.791,0.807,0.787,3.48%
2013/7/24,0.775,0.785,0.785,0.773,-1.27%
2013/7/23,0.785,0.792,0.792,0.772,-0.88%
2013/7/22,0.792,0.817,0.817,0.788,-2.22%
2013/7/20,0.81,0.81,0.81,0.81,0.25%
2013/7/19,0.808,0.806,0.823,0.806,-0.49%
2013/7/18,0.812,0.817,0.827,0.81,-1.58%
2013/7/17,0.825,0.821,0.832,0.821,-0.48%
2013/7/16,0.829,0.825,0.833,0.821,0.61%
2013/7/15,0.824,0.824,0.824,0.824,0.00%
2013/7/13,0.824,0.824,0.824,0.824,0.24%
2013/7/12,0.822,0.834,0.838,0.816,-0.12%
2013/7/11,0.823,0.857,0.857,0.821,-3.97%
2013/7/10,0.857,0.874,0.877,0.857,-2.06%
2013/7/9,0.875,0.88,0.884,0.865,-1.02%
2013/7/8,0.884,0.864,0.894,0.864,2.31%
2013/7/6,0.864,0.864,0.864,0.864,0.12%
2013/7/5,0.863,0.86,0.868,0.849,-0.69%
2013/7/4,0.869,0.88,0.883,0.853,-1.81%
2013/7/3,0.885,0.899,0.905,0.879,-1.01%
2013/7/2,0.894,0.9,0.901,0.882,1.02%
2013/7/1,0.885,0.857,0.899,0.857,3.27%
2013/6/29,0.857,0.857,0.857,0.857,1.54%
2013/6/28,0.844,0.844,0.861,0.832,-0.12%
2013/6/27,0.845,0.877,0.877,0.836,-2.76%
2013/6/26,0.869,0.886,0.89,0.867,-0.34%
2013/6/25,0.872,0.886,0.9,0.865,-1.80%
2013/6/24,0.888,0.885,0.903,0.87,0.45%
2013/6/23,0.884,0.884,0.884,0.884,0.00%
2013/6/21,0.884,0.86,0.9,0.854,4.62%
2013/6/20,0.845,0.854,0.871,0.814,3.55%
2013/6/19,0.816,0.842,0.845,0.809,-1.45%
2013/6/18,0.828,0.845,0.855,0.819,-2.01%
2013/6/17,0.845,0.815,0.863,0.806,2.55%
2013/6/16,0.824,0.824,0.824,0.824,0.00%
2013/6/15,0.824,0.824,0.824,0.824,0.12%
2013/6/14,0.823,0.87,0.884,0.813,-4.97%
2013/6/13,0.866,0.883,0.883,0.8,-1.81%
2013/6/12,0.882,0.894,0.915,0.851,0.68%
2013/6/11,0.876,0.841,0.889,0.841,3.42%
2013/6/10,0.847,0.851,0.853,0.833,-0.82%
2013/6/8,0.854,0.854,0.854,0.854,0.83%
2013/6/7,0.847,0.835,0.874,0.804,0.12%
2013/6/6,0.846,0.863,0.876,0.845,-1.63%
2013/6/5,0.86,0.88,0.883,0.841,-0.46%
2013/6/4,0.864,0.813,0.865,0.813,6.54%
2013/6/3,0.811,0.866,0.871,0.796,-6.46%
2013/5/31,0.867,0.896,0.897,0.86,-2.58%
2013/5/30,0.89,0.926,0.926,0.878,-4.81%
2013/5/29,0.935,0.945,0.965,0.905,3.09%
2013/5/28,0.907,0.828,0.916,0.828,8.36%
2013/5/27,0.837,0.846,0.852,0.819,-1.06%
2013/5/25,0.846,0.846,0.846,0.846,0.95%
2013/5/24,0.838,0.861,0.917,0.829,0.12%
2013/5/23,0.837,0.984,1.002,0.822,-5.53%
2013/5/22,0.886,0.888,0.909,0.861,1.14%
2013/5/21,0.876,0.856,0.903,0.845,3.55%
2013/5/20,0.846,0.807,0.882,0.807,5.75%
2013/5/18,0.8,0.8,0.8,0.8,-1.11%
2013/5/17,0.809,0.812,0.847,0.802,-4.49%
2013/5/16,0.847,0.86,0.88,0.824,-2.53%
2013/5/15,0.869,0.867,0.929,0.82,1.52%
2013/5/14,0.856,0.779,0.862,0.771,9.74%
2013/5/13,0.78,0.716,0.804,0.716,11.27%
2013/5/11,0.701,0.701,0.701,0.701,0.72%
2013/5/10,0.696,0.608,0.706,0.608,16.39%
2013/5/9,0.598,0.6,0.601,0.587,-0.50%
2013/5/8,0.601,0.61,0.61,0.596,0.84%
2013/5/7,0.596,0.569,0.599,0.569,5.30%
2013/5/2,0.566,0.587,0.59,0.561,-4.71%
2013/5/1,0.594,0.607,0.607,0.592,-2.78%
2013/4/30,0.611,0.595,0.613,0.591,3.04%
2013/4/26,0.593,0.59,0.603,0.586,1.37%
2013/4/25,0.585,0.604,0.605,0.578,-1.68%
2013/4/24,0.595,0.591,0.613,0.587,0.68%
2013/4/23,0.591,0.61,0.612,0.586,-3.43%
2013/4/22,0.612,0.585,0.613,0.584,4.62%
2013/4/19,0.585,0.566,0.588,0.552,-0.85%
2013/4/18,0.59,0.607,0.61,0.572,-2.32%
2013/4/17,0.604,0.596,0.611,0.587,1.68%
2013/4/16,0.594,0.655,0.655,0.577,-8.05%
2013/4/15,0.646,0.628,0.653,0.616,4.36%
2013/4/12,0.619,0.562,0.626,0.535,12.14%
2013/4/11,0.552,0.618,0.639,0.55,-5.48%
2013/4/10,0.584,0.536,0.586,0.536,9.98%
2013/4/9,0.531,0.519,0.547,0.509,1.92%
2013/4/8,0.521,0.541,0.541,0.443,-2.62%
2013/4/5,0.535,0.38,0.646,0.32,18.63%
2013/4/4,0.451,0.557,0.562,0.444,-19.32%
2013/4/3,0.559,0.563,0.567,0.554,-1.24%
2013/4/2,0.566,0.562,0.574,0.553,-0.53%
2013/4/1,0.569,0.567,0.599,0.567,2.34%
2013/3/29,0.556,0.515,0.563,0.513,8.17%
2013/3/28,0.514,0.511,0.519,0.511,-1.15%
2013/3/27,0.52,0.545,0.548,0.518,-4.41%
2013/3/26,0.544,0.561,0.567,0.533,-3.37%
2013/3/25,0.563,0.564,0.572,0.556,-0.71%
2013/3/22,0.567,0.573,0.573,0.567,-2.91%
2013/3/21,0.584,0.596,0.602,0.583,-2.01%
2013/3/19,0.596,0.595,0.6,0.588,0.51%
2013/3/18,0.593,0.619,0.619,0.592,-4.66%
2013/3/15,0.622,0.625,0.628,0.621,-0.96%
2013/3/14,0.628,0.632,0.636,0.626,-0.63%
2013/3/13,0.632,0.639,0.641,0.627,-2.47%
2013/3/12,0.648,0.659,0.669,0.646,-2.85%
2013/3/11,0.667,0.655,0.677,0.655,0.76%
2013/3/8,0.662,0.675,0.69,0.643,-3.36%
2013/3/7,0.685,0.674,0.697,0.674,0.74%
2013/3/6,0.68,0.679,0.685,0.666,7.09%
2013/3/5,0.635,0.601,0.64,0.59,3.08%
2013/3/4,0.616,0.653,0.655,0.61,-6.53%
2013/3/1,0.659,0.664,0.675,0.643,-0.90%
2013/2/28,0.665,0.67,0.678,0.663,-1.04%
2013/2/27,0.672,0.688,0.688,0.672,-2.47%
2013/2/26,0.689,0.709,0.71,0.681,-2.96%
2013/2/25,0.71,0.73,0.73,0.705,-2.87%
2013/2/22,0.731,0.736,0.736,0.722,-1.48%
2013/2/21,0.742,0.744,0.75,0.738,-0.13%
2013/2/20,0.743,0.741,0.75,0.741,0.27%
2013/2/19,0.741,0.747,0.748,0.732,-0.80%
2013/2/18,0.747,0.753,0.764,0.747,-1.06%
2013/2/15,0.755,0.769,0.769,0.743,-2.08%
2013/2/14,0.771,0.747,0.772,0.747,3.63%
2013/2/13,0.744,0.75,0.76,0.743,-1.46%
2013/2/12,0.755,0.757,0.769,0.755,-1.31%
2013/2/8,0.765,0.766,0.775,0.763,-0.26%
2013/2/7,0.767,0.775,0.776,0.753,-1.67%
2013/2/6,0.78,0.809,0.809,0.775,-2.13%
2013/2/5,0.797,0.802,0.803,0.792,-1.36%
2013/2/4,0.808,0.773,0.808,0.773,4.66%
2013/2/1,0.772,0.753,0.774,0.753,2.39%
2013/1/31,0.754,0.78,0.781,0.746,-2.46%
2013/1/30,0.773,0.77,0.781,0.769,0.52%
2013/1/29,0.769,0.754,0.781,0.75,2.81%
2013/1/28,0.748,0.73,0.753,0.73,2.47%
2013/1/25,0.73,0.733,0.744,0.726,-0.54%
2013/1/24,0.734,0.743,0.753,0.732,-0.81%
2013/1/23,0.74,0.746,0.751,0.737,0.27%
2013/1/22,0.738,0.739,0.759,0.726,-0.27%
2013/1/21,0.74,0.758,0.759,0.738,-2.12%
2013/1/18,0.756,0.744,0.757,0.744,1.34%
2013/1/17,0.746,0.748,0.757,0.736,-1.45%
2013/1/16,0.757,0.771,0.773,0.754,-2.95%
2013/1/15,0.78,0.814,0.817,0.779,-5.11%
2013/1/11,0.822,0.825,0.847,0.812,-0.96%
2013/1/10,0.83,0.823,0.835,0.82,-0.12%
2013/1/9,0.831,0.822,0.834,0.814,-0.48%
2013/1/8,0.835,0.84,0.845,0.83,0.12%
2013/1/7,0.834,0.842,0.848,0.832,0.12%
2013/1/4,0.833,0.797,0.838,0.797,3.87%
2012/12/28,0.802,0.799,0.809,0.799,-0.12%
2012/12/27,0.803,0.794,0.807,0.787,1.77%
2012/12/26,0.789,0.77,0.792,0.77,2.47%
2012/12/25,0.77,0.765,0.771,0.761,0.65%
2012/12/21,0.765,0.775,0.788,0.757,-0.78%
2012/12/20,0.771,0.778,0.778,0.761,-0.64%
2012/12/19,0.776,0.762,0.782,0.76,2.65%
2012/12/18,0.756,0.738,0.765,0.738,2.44%
2012/12/17,0.738,0.728,0.742,0.728,0.68%
2012/12/14,0.733,0.729,0.739,0.721,0.69%
2012/12/13,0.728,0.706,0.731,0.706,3.85%
2012/12/12,0.701,0.705,0.709,0.701,-0.43%
2012/12/11,0.704,0.699,0.706,0.692,0.28%
2012/12/10,0.702,0.71,0.71,0.698,-0.57%
2012/12/7,0.706,0.695,0.708,0.69,1.88%
2012/12/6,0.693,0.715,0.718,0.691,-2.94%
2012/12/5,0.714,0.73,0.73,0.713,1.13%
2012/12/4,0.706,0.71,0.714,0.703,-0.42%
2012/12/3,0.709,0.707,0.718,0.705,-0.42%
2012/11/30,0.712,0.719,0.724,0.712,-0.70%
2012/11/29,0.717,0.72,0.722,0.714,-0.69%
2012/11/28,0.722,0.734,0.735,0.722,-2.04%
2012/11/27,0.737,0.735,0.739,0.732,-0.14%
2012/11/26,0.738,0.74,0.746,0.737,-0.54%
2012/11/22,0.742,0.735,0.746,0.735,0.41%
2012/11/21,0.739,0.732,0.744,0.731,0.54%
2012/11/20,0.735,0.738,0.748,0.733,-0.41%
2012/11/19,0.738,0.73,0.744,0.73,0.14%
2012/11/16,0.737,0.734,0.744,0.733,-0.27%
2012/11/15,0.739,0.752,0.767,0.735,-0.67%
2012/11/14,0.744,0.736,0.745,0.736,0.95%
2012/11/13,0.737,0.736,0.744,0.733,0.27%
2012/11/12,0.735,0.734,0.74,0.731,-0.54%
2012/11/9,0.739,0.742,0.743,0.735,-1.34%
2012/11/8,0.749,0.764,0.764,0.748,-2.35%
2012/11/7,0.767,0.76,0.77,0.756,0.00%
2012/11/6,0.767,0.767,0.771,0.759,-0.78%
2012/11/5,0.773,0.78,0.78,0.772,-1.28%
2012/11/2,0.783,0.78,0.785,0.778,0.13%
2012/11/1,0.782,0.776,0.795,0.776,0.77%
2012/10/31,0.776,0.771,0.779,0.771,1.70%
2012/10/30,0.763,0.773,0.773,0.759,-1.42%
2012/10/29,0.774,0.765,0.778,0.765,0.78%
2012/10/26,0.768,0.789,0.789,0.767,-1.66%
2012/10/25,0.781,0.772,0.782,0.772,0.26%
2012/10/24,0.779,0.775,0.783,0.774,-0.76%
2012/10/23,0.785,0.781,0.799,0.781,0.38%
2012/10/22,0.782,0.784,0.784,0.77,-0.26%
2012/10/19,0.784,0.795,0.795,0.775,-1.26%
2012/10/18,0.794,0.784,0.801,0.784,2.85%
2012/10/17,0.772,0.769,0.777,0.769,1.31%
2012/10/16,0.762,0.758,0.767,0.758,0.53%
2012/10/15,0.758,0.766,0.77,0.758,-1.30%
2012/10/12,0.768,0.759,0.774,0.757,1.19%
2012/10/11,0.759,0.771,0.772,0.758,-1.56%
2012/10/10,0.771,0.775,0.775,0.769,-0.52%
2012/10/9,0.775,0.786,0.789,0.774,-0.39%
2012/10/5,0.778,0.774,0.783,0.774,0.65%
2012/10/4,0.773,0.765,0.78,0.765,0.91%
2012/10/3,0.766,0.761,0.766,0.757,0.52%
2012/10/2,0.762,0.765,0.768,0.758,-0.13%
2012/10/1,0.763,0.773,0.773,0.763,-1.29%
2012/9/28,0.773,0.779,0.783,0.772,-1.02%
2012/9/27,0.781,0.782,0.783,0.772,-0.38%
2012/9/26,0.784,0.795,0.795,0.783,-1.51%
2012/9/25,0.796,0.792,0.802,0.792,-0.13%
2012/9/24,0.797,0.803,0.804,0.793,-0.62%
2012/9/21,0.802,0.8,0.809,0.8,-0.12%
2012/9/20,0.803,0.814,0.815,0.803,-1.95%
2012/9/19,0.819,0.818,0.819,0.8,0.49%
2012/9/18,0.815,0.828,0.834,0.813,1.62%
2012/9/14,0.802,0.825,0.825,0.8,-3.14%
2012/9/13,0.828,0.82,0.838,0.82,2.10%
2012/9/12,0.811,0.801,0.82,0.801,1.37%
2012/9/11,0.8,0.801,0.805,0.798,-0.50%
2012/9/10,0.804,0.815,0.817,0.802,-2.19%
2012/9/7,0.822,0.812,0.829,0.812,1.61%
2012/9/6,0.809,0.8,0.816,0.8,0.75%
2012/9/5,0.803,0.811,0.811,0.803,1.90%
2012/9/4,0.788,0.782,0.791,0.78,0.38%
2012/9/3,0.785,0.796,0.798,0.784,-1.63%
2012/8/31,0.798,0.803,0.809,0.797,-1.12%
2012/8/30,0.807,0.802,0.807,0.8,0.62%
2012/8/29,0.802,0.806,0.809,0.802,-1.35%
2012/8/28,0.813,0.815,0.818,0.807,0.00%
2012/8/27,0.813,0.813,0.82,0.809,0.25%
2012/8/24,0.811,0.821,0.824,0.811,-2.41%
2012/8/23,0.831,0.828,0.836,0.805,0.48%
2012/8/22,0.827,0.833,0.833,0.819,-0.12%
2012/8/21,0.828,0.851,0.851,0.825,-1.90%
2012/8/20,0.844,0.836,0.846,0.832,0.84%
2012/8/17,0.837,0.871,0.871,0.836,-3.24%
2012/8/16,0.865,0.844,0.868,0.844,5.23%
2012/8/15,0.822,0.815,0.825,0.804,3.14%
2012/8/14,0.797,0.797,0.8,0.791,0.50%
2012/8/13,0.793,0.805,0.805,0.784,-1.12%
2012/8/10,0.802,0.813,0.813,0.794,-0.37%
2012/8/9,0.805,0.791,0.806,0.773,0.37%
2012/8/8,0.802,0.801,0.818,0.801,3.22%
2012/8/7,0.777,0.745,0.779,0.745,4.72%
2012/8/6,0.742,0.744,0.757,0.738,0.41%
2012/8/3,0.739,0.768,0.768,0.735,-4.89%
2012/8/2,0.777,0.785,0.792,0.777,-0.64%
2012/8/1,0.782,0.782,0.796,0.776,-2.01%
2012/7/31,0.798,0.785,0.802,0.774,2.05%
2012/7/30,0.782,0.76,0.782,0.76,4.55%
2012/7/27,0.748,0.754,0.754,0.738,1.36%
2012/7/26,0.738,0.733,0.74,0.726,1.37%
2012/7/25,0.728,0.742,0.742,0.725,-1.22%
2012/7/24,0.737,0.724,0.74,0.724,1.24%
2012/7/23,0.728,0.742,0.745,0.728,-2.28%
2012/7/20,0.745,0.739,0.752,0.738,0.13%
2012/7/19,0.744,0.754,0.76,0.743,-1.98%
2012/7/18,0.759,0.769,0.781,0.758,-1.94%
2012/7/17,0.774,0.775,0.78,0.77,-0.39%
2012/7/13,0.777,0.768,0.778,0.758,0.26%
2012/7/12,0.775,0.784,0.797,0.774,-1.77%
2012/7/11,0.789,0.798,0.802,0.789,-1.13%
2012/7/10,0.798,0.794,0.806,0.794,-0.87%
2012/7/9,0.805,0.799,0.814,0.797,-0.49%
2012/7/6,0.809,0.809,0.813,0.806,-0.37%
2012/7/5,0.812,0.814,0.821,0.811,-1.22%
2012/7/4,0.822,0.819,0.822,0.815,-0.24%
2012/7/3,0.824,0.834,0.842,0.819,-1.20%
2012/7/2,0.834,0.841,0.855,0.833,-0.60%
2012/6/29,0.839,0.814,0.842,0.811,2.19%
2012/6/28,0.821,0.815,0.823,0.809,0.98%
2012/6/27,0.813,0.832,0.832,0.813,-1.81%
2012/6/26,0.828,0.839,0.839,0.826,-0.96%
2012/6/25,0.836,0.829,0.838,0.829,0.48%
2012/6/22,0.832,0.831,0.834,0.819,0.60%
2012/6/21,0.827,0.83,0.846,0.827,-0.24%
2012/6/20,0.829,0.824,0.832,0.813,1.10%
2012/6/19,0.82,0.833,0.835,0.817,-2.96%
2012/6/18,0.845,0.864,0.87,0.841,-0.82%
2012/6/15,0.852,0.864,0.875,0.851,-1.16%
2012/6/14,0.862,0.856,0.872,0.85,-0.12%
2012/6/13,0.863,0.857,0.869,0.857,1.41%
2012/6/12,0.851,0.873,0.873,0.845,-2.85%
2012/6/11,0.876,0.854,0.878,0.854,1.86%
2012/6/8,0.86,0.893,0.893,0.86,-3.15%
2012/6/7,0.888,0.894,0.9,0.883,1.72%
2012/6/6,0.873,0.882,0.899,0.868,1.16%
2012/6/5,0.863,0.841,0.863,0.836,4.73%
2012/6/4,0.824,0.811,0.824,0.797,0.86%
2012/6/1,0.817,0.834,0.835,0.81,-1.45%
2012/5/31,0.829,0.819,0.832,0.815,-2.47%
2012/5/30,0.85,0.856,0.858,0.85,-0.82%
2012/5/29,0.857,0.871,0.873,0.856,-3.05%
2012/5/28,0.884,0.887,0.895,0.877,-0.79%
2012/5/25,0.891,0.876,0.891,0.873,1.95%
2012/5/24,0.874,0.856,0.875,0.853,0.23%
2012/5/23,0.872,0.87,0.888,0.864,1.04%
2012/5/22,0.863,0.865,0.878,0.86,0.23%
2012/5/21,0.861,0.829,0.867,0.829,3.49%
2012/5/18,0.832,0.846,0.849,0.817,-2.35%
2012/5/17,0.852,0.832,0.853,0.83,2.16%
2012/5/16,0.834,0.855,0.855,0.83,-2.57%
2012/5/15,0.856,0.839,0.857,0.835,0.35%
2012/5/14,0.853,0.85,0.864,0.85,-0.58%
2012/5/11,0.858,0.868,0.882,0.853,-1.15%
2012/5/10,0.868,0.854,0.869,0.852,1.64%
2012/5/9,0.854,0.863,0.864,0.853,-2.18%
2012/5/8,0.873,0.869,0.874,0.866,1.04%
2012/5/7,0.864,0.884,0.884,0.861,-3.36%
2012/5/2,0.894,0.89,0.896,0.884,1.02%
2012/5/1,0.885,0.899,0.899,0.884,-1.45%
2012/4/27,0.898,0.906,0.921,0.897,-2.50%
2012/4/26,0.921,0.931,0.931,0.917,-0.75%
2012/4/25,0.928,0.941,0.941,0.926,-0.96%
2012/4/24,0.937,0.917,0.938,0.917,1.08%
2012/4/23,0.927,0.935,0.937,0.923,-1.59%
2012/4/20,0.942,0.933,0.95,0.933,-0.42%
2012/4/19,0.946,0.944,0.957,0.943,-0.11%
2012/4/18,0.947,0.944,0.947,0.941,1.07%
2012/4/17,0.937,0.945,0.948,0.937,-0.64%
2012/4/16,0.943,0.941,0.949,0.939,-1.05%
2012/4/13,0.953,0.961,0.961,0.949,-0.42%
2012/4/12,0.957,0.968,0.968,0.95,0.21%
2012/4/11,0.955,0.957,0.962,0.95,-0.83%
2012/4/10,0.963,0.968,0.978,0.962,-1.03%
2012/4/9,0.973,0.964,0.98,0.962,-2.21%
2012/4/6,0.995,1.016,1.016,0.988,-1.39%
2012/4/5,1.009,1.02,1.025,1.008,-2.42%
2012/4/4,1.034,1.058,1.059,1.03,-0.19%
2012/4/3,1.036,1.016,1.036,1.012,1.77%
2012/4/2,1.018,1.001,1.024,1.001,2.52%
2012/3/30,0.993,0.998,0.998,0.992,-0.90%
2012/3/29,1.002,1.012,1.019,0.996,-0.69%
2012/3/28,1.009,1.024,1.027,1.008,-1.18%
2012/3/27,1.021,1.034,1.034,1.019,-0.10%
2012/3/26,1.022,1.024,1.037,1.019,-1.06%
2012/3/23,1.033,1.022,1.039,1.022,0.00%
2012/3/22,1.033,1.026,1.034,1.014,0.58%
2012/3/21,1.027,1.044,1.059,1.027,-1.25%
2012/3/19,1.04,1.058,1.058,1.038,-1.05%
2012/3/16,1.051,1.043,1.063,1.036,-0.47%
2012/3/15,1.056,1.06,1.066,1.034,3.94%
2012/3/14,1.016,0.995,1.017,0.995,3.46%
2012/3/13,0.982,0.983,0.99,0.974,-0.10%
2012/3/12,0.983,0.99,0.991,0.982,-1.31%
2012/3/9,0.996,0.99,1.003,0.99,0.00%
2012/3/8,0.996,0.988,0.999,0.986,0.81%
2012/3/7,0.988,0.987,0.991,0.986,-0.90%
2012/3/6,0.997,0.989,1,0.989,0.50%
2012/3/5,0.992,0.995,1,0.985,-0.20%
2012/3/2,0.994,0.98,0.994,0.98,3.22%
2012/3/1,0.963,0.967,0.971,0.956,-0.52%
2012/2/29,0.968,0.973,0.975,0.967,-0.51%
2012/2/28,0.973,0.983,0.983,0.967,-0.92%
2012/2/27,0.982,0.969,0.986,0.967,0.00%
2012/2/24,0.982,0.982,0.983,0.972,-0.20%
2012/2/23,0.984,0.988,0.989,0.98,0.20%
2012/2/22,0.982,0.97,0.983,0.967,1.45%
2012/2/21,0.968,0.956,0.968,0.952,1.47%
2012/2/20,0.954,0.955,0.961,0.951,0.00%
2012/2/17,0.954,0.945,0.958,0.945,0.21%
2012/2/16,0.952,0.97,0.97,0.947,-1.86%
2012/2/15,0.97,0.967,0.971,0.955,-0.31%
2012/2/14,0.973,0.991,0.991,0.966,-1.32%
2012/2/13,0.986,0.974,0.991,0.973,0.00%
2012/2/10,0.986,1.002,1.002,0.983,-0.70%
2012/2/9,0.993,0.995,1.003,0.988,-0.40%
2012/2/8,0.997,0.99,0.997,0.982,2.05%
2012/2/7,0.977,0.977,0.989,0.973,0.21%
2012/2/6,0.975,0.96,0.976,0.96,1.88%
2012/2/3,0.957,0.941,0.957,0.94,-0.10%
2012/2/2,0.958,0.968,0.98,0.957,-1.03%
2012/2/1,0.968,0.973,0.973,0.959,-0.51%
2012/1/31,0.973,0.965,0.974,0.965,0.52%
2012/1/30,0.968,0.978,0.978,0.967,-0.62%
2012/1/27,0.974,0.99,0.99,0.973,-1.42%
2012/1/26,0.988,1.015,1.015,0.988,-2.47%
2012/1/25,1.013,1.015,1.015,1.007,0.10%
2012/1/24,1.012,1.005,1.014,1.004,0.60%
2012/1/23,1.006,0.995,1.007,0.989,1.93%
2012/1/20,0.987,0.973,0.989,0.973,1.44%
2012/1/19,0.973,0.976,0.982,0.972,0.10%
2012/1/18,0.972,0.963,0.978,0.96,0.62%
2012/1/17,0.966,0.945,0.967,0.945,2.44%
2012/1/16,0.943,0.946,0.949,0.939,-1.15%
2012/1/13,0.954,0.955,0.96,0.95,-0.42%
2012/1/12,0.958,0.969,0.969,0.954,-1.24%
2012/1/11,0.97,0.98,0.98,0.965,-0.92%
2012/1/10,0.979,0.986,0.99,0.978,-0.51%
2012/1/6,0.984,0.987,0.995,0.981,-0.30%
2012/1/5,0.987,0.99,0.994,0.986,-0.50%
2012/1/4,0.992,0.974,0.997,0.97,0.40%
2011/12/30,0.988,0.982,0.995,0.977,-1.00%
2011/12/29,0.998,0.996,1,0.988,-0.10%
2011/12/28,0.999,0.985,1.002,0.985,1.52%
2011/12/27,0.984,0.974,0.986,0.971,0.72%
2011/12/26,0.977,0.974,0.99,0.971,0.00%
2011/12/22,0.977,0.976,0.984,0.976,-0.31%
2011/12/21,0.98,0.988,0.99,0.979,0.10%
2011/12/20,0.979,0.975,0.985,0.969,0.41%
2011/12/19,0.975,0.98,0.98,0.97,-0.91%
2011/12/16,0.984,0.995,0.995,0.973,0.10%
2011/12/15,0.983,0.994,1.009,0.981,-1.40%
2011/12/14,0.997,0.991,1.005,0.985,-0.40%
2011/12/13,1.001,1.011,1.014,1.001,-2.05%
2011/12/12,1.022,1.019,1.03,1.017,0.29%
2011/12/9,1.019,1.039,1.042,1.015,-2.21%
2011/12/8,1.042,1.039,1.05,1.038,-0.86%
2011/12/7,1.051,1.045,1.054,1.042,0.38%
2011/12/6,1.047,1.05,1.053,1.037,-0.57%
2011/12/5,1.053,1.075,1.075,1.039,-1.59%
2011/12/2,1.07,1.095,1.095,1.068,0.19%
2011/12/1,1.068,1.086,1.098,1.054,-0.47%
2011/11/30,1.073,1.067,1.076,1.057,0.75%
2011/11/29,1.065,1.084,1.086,1.049,0.57%
2011/11/28,1.059,1.038,1.07,1.038,3.12%
2011/11/25,1.027,0.997,1.039,0.997,4.58%
2011/11/24,0.982,0.97,0.986,0.961,1.34%
2011/11/22,0.969,0.946,0.972,0.945,1.04%
2011/11/21,0.959,0.945,0.964,0.945,1.27%
2011/11/18,0.947,0.947,0.955,0.945,-1.15%
2011/11/17,0.958,0.953,0.958,0.945,0.52%
2011/11/16,0.953,0.966,0.967,0.953,-1.55%
2011/11/15,0.968,0.972,0.979,0.968,-1.22%
2011/11/14,0.98,0.98,0.984,0.978,0.82%
2011/11/11,0.972,0.972,0.98,0.97,0.21%
2011/11/10,0.97,0.969,0.979,0.963,-1.22%
2011/11/9,0.982,0.988,0.989,0.978,0.00%
2011/11/8,0.982,0.998,0.998,0.977,-0.91%
2011/11/7,0.991,0.991,1.003,0.99,0.00%
2011/11/4,0.991,0.999,1,0.986,-0.60%
2011/11/2,0.997,1.001,1.009,0.996,-3.02%
2011/11/1,1.028,1.022,1.035,1.022,-2.10%
2011/10/31,1.05,1.041,1.052,1.04,0.38%
2011/10/28,1.046,1.039,1.046,1.035,3.26%
2011/10/27,1.013,1,1.015,0.993,1.60%
2011/10/26,0.997,1.009,1.013,0.996,-2.45%
2011/10/25,1.022,1.023,1.029,1.02,-0.10%
2011/10/24,1.023,1.007,1.024,1.007,1.09%
2011/10/21,1.012,1.011,1.015,1.008,0.30%
2011/10/20,1.009,1.03,1.03,1.008,-1.46%
2011/10/19,1.024,1.027,1.03,1.017,-0.19%
2011/10/18,1.026,1.019,1.034,1.015,0.00%
2011/10/17,1.026,1.026,1.033,1.022,0.69%
2011/10/14,1.019,1.014,1.021,1.011,-0.29%
2011/10/13,1.022,1.014,1.027,1.008,2.10%
2011/10/12,1.001,0.994,1.004,0.989,0.30%
2011/10/11,0.998,1.004,1.01,0.99,1.01%
2011/10/7,0.988,0.982,0.998,0.98,1.13%
2011/10/6,0.977,0.979,0.985,0.966,0.62%
2011/10/5,0.971,0.995,0.995,0.971,-2.22%
2011/10/4,0.993,1.019,1.019,0.993,-3.31%
2011/10/3,1.027,1.03,1.031,1.022,-0.48%
2011/9/30,1.032,1,1.032,1,2.69%
2011/9/29,1.005,1.007,1.009,0.999,-0.10%
2011/9/28,1.006,1.001,1.008,1,0.40%
2011/9/27,1.002,0.989,1.002,0.989,2.24%
2011/9/26,0.98,0.982,0.992,0.978,-0.61%
2011/9/22,0.986,0.99,0.992,0.97,-0.60%
2011/9/21,0.992,0.997,1,0.99,-0.50%
2011/9/20,0.997,0.995,1.005,0.985,-1.19%
2011/9/16,1.009,1.004,1.012,1,1.31%
2011/9/15,0.996,0.996,1.004,0.992,-0.20%
2011/9/14,0.998,1,1.004,0.992,-0.70%
2011/9/13,1.005,1.006,1.012,0.995,0.30%
2011/9/12,1.002,0.991,1.004,0.989,-0.60%
2011/9/9,1.008,1.011,1.013,0.996,-0.88%
2011/9/8,1.017,1.014,1.028,1.012,0.89%
2011/9/7,1.008,0.985,1.013,0.985,2.02%
2011/9/6,0.988,1.015,1.015,0.988,-3.33%
2011/9/5,1.022,1.051,1.051,1.018,-3.95%
2011/9/2,1.064,1.079,1.079,1.06,1.33%
2011/9/1,1.05,1.038,1.056,1.038,1.74%
2011/8/31,1.032,1.012,1.036,1.012,0.78%
2011/8/30,1.024,1.017,1.029,1.013,0.10%
2011/8/29,1.023,1.037,1.055,1.019,-1.92%
2011/8/26,1.043,1.029,1.048,1.029,0.29%
2011/8/25,1.04,1.043,1.045,1.021,2.46%
2011/8/24,1.015,1.027,1.037,1.009,-0.10%
2011/8/23,1.016,0.992,1.017,0.991,2.63%
2011/8/22,0.99,0.988,0.993,0.983,0.10%
2011/8/19,0.989,0.989,1.007,0.97,-0.80%
2011/8/18,0.997,1.013,1.02,0.997,-2.64%
2011/8/17,1.024,1.029,1.034,1.023,-1.54%
2011/8/16,1.04,1.046,1.047,1.035,-0.29%
2011/8/15,1.043,1.049,1.054,1.038,-0.29%
2011/8/12,1.046,1.05,1.057,1.036,0.58%
2011/8/11,1.04,1.013,1.049,1.013,-0.19%
2011/8/10,1.042,1.02,1.047,1.013,-0.57%
2011/8/9,1.048,1.01,1.052,0.982,3.46%
2011/8/8,1.013,1.006,1.028,1.006,0.40%
2011/8/5,1.009,0.99,1.013,0.984,-1.37%
2011/8/4,1.023,1.011,1.023,0.998,0.39%
2011/8/3,1.019,1.029,1.03,1.013,-2.77%
2011/8/2,1.048,1.059,1.067,1.044,-2.87%
2011/8/1,1.079,1.065,1.084,1.065,0.00%
2011/7/29,1.079,1.086,1.097,1.079,0.09%
2011/7/28,1.078,1.076,1.08,1.069,-0.37%
2011/7/27,1.082,1.09,1.095,1.082,-1.28%
2011/7/26,1.096,1.1,1.102,1.09,0.37%
2011/7/25,1.092,1.094,1.102,1.091,-0.46%
2011/7/22,1.097,1.112,1.113,1.096,-0.27%
2011/7/21,1.1,1.092,1.103,1.084,1.76%
2011/7/20,1.081,1.075,1.09,1.07,0.09%
2011/7/19,1.08,1.069,1.082,1.064,-0.46%
2011/7/15,1.085,1.081,1.096,1.078,0.74%
2011/7/14,1.077,1.103,1.105,1.075,-2.62%
2011/7/13,1.106,1.105,1.114,1.096,-0.45%
2011/7/12,1.111,1.133,1.135,1.096,-2.29%
2011/7/11,1.137,1.173,1.175,1.137,-3.40%
2011/7/8,1.177,1.177,1.183,1.17,0.26%
2011/7/7,1.174,1.177,1.183,1.173,-0.25%
2011/7/6,1.177,1.163,1.182,1.163,0.68%
2011/7/5,1.169,1.171,1.177,1.167,0.60%
2011/7/4,1.162,1.163,1.167,1.149,1.31%
2011/7/1,1.147,1.143,1.161,1.139,1.06%
2011/6/30,1.135,1.142,1.146,1.127,1.43%
2011/6/29,1.119,1.117,1.125,1.108,2.57%
2011/6/28,1.091,1.11,1.117,1.09,-1.09%
2011/6/27,1.103,1.106,1.108,1.095,-0.72%
2011/6/24,1.111,1.102,1.117,1.1,0.09%
2011/6/23,1.11,1.118,1.12,1.108,-1.16%
2011/6/22,1.123,1.126,1.13,1.113,-0.27%
2011/6/21,1.126,1.122,1.131,1.119,0.54%
2011/6/20,1.12,1.12,1.125,1.116,0.09%
2011/6/17,1.119,1.121,1.128,1.106,-0.18%
2011/6/16,1.121,1.153,1.153,1.12,-3.36%
2011/6/15,1.16,1.164,1.167,1.154,1.05%
2011/6/14,1.148,1.138,1.153,1.128,0.70%
2011/6/13,1.14,1.119,1.144,1.119,0.53%
2011/6/10,1.134,1.135,1.154,1.133,-0.26%
2011/6/9,1.137,1.154,1.154,1.128,-1.22%
2011/6/8,1.151,1.154,1.167,1.151,-0.95%
2011/6/7,1.162,1.145,1.168,1.143,1.40%
2011/6/6,1.146,1.134,1.15,1.129,0.97%
2011/6/3,1.135,1.156,1.167,1.134,-0.79%
2011/6/2,1.144,1.164,1.17,1.133,-1.12%
2011/6/1,1.157,1.154,1.166,1.15,0.17%
2011/5/31,1.155,1.126,1.162,1.125,2.76%
2011/5/30,1.124,1.114,1.125,1.114,0.27%
2011/5/27,1.121,1.138,1.138,1.119,-1.92%
2011/5/26,1.143,1.131,1.146,1.118,1.69%
2011/5/25,1.124,1.127,1.135,1.122,-0.35%
2011/5/24,1.128,1.13,1.138,1.113,-0.09%
2011/5/23,1.129,1.124,1.134,1.115,0.09%
2011/5/20,1.128,1.145,1.154,1.12,-2.25%
2011/5/19,1.154,1.158,1.161,1.152,0.17%
2011/5/18,1.152,1.156,1.17,1.152,-0.17%
2011/5/17,1.154,1.132,1.159,1.131,1.58%
2011/5/16,1.136,1.115,1.138,1.107,1.25%
2011/5/13,1.122,1.133,1.133,1.119,0.27%
2011/5/12,1.119,1.125,1.127,1.117,-1.06%
2011/5/11,1.131,1.14,1.152,1.126,-0.70%
2011/5/10,1.139,1.14,1.147,1.134,0.18%
2011/5/9,1.137,1.143,1.149,1.13,0.18%
2011/5/6,1.135,1.191,1.197,1.133,-5.50%
2011/5/2,1.201,1.2,1.21,1.193,-0.41%
2011/4/28,1.206,1.225,1.232,1.2,-0.82%
2011/4/27,1.216,1.208,1.231,1.207,-0.08%
2011/4/26,1.217,1.225,1.227,1.214,-0.90%
2011/4/25,1.228,1.216,1.233,1.215,0.90%
2011/4/22,1.217,1.219,1.223,1.212,-0.90%
2011/4/21,1.228,1.251,1.251,1.228,-0.41%
2011/4/20,1.233,1.245,1.253,1.232,-0.80%
2011/4/19,1.243,1.248,1.25,1.232,-0.56%
2011/4/18,1.25,1.269,1.279,1.249,-2.72%
2011/4/15,1.285,1.3,1.3,1.277,-1.00%
2011/4/14,1.298,1.311,1.312,1.295,-1.22%
2011/4/13,1.314,1.33,1.333,1.311,-1.65%
2011/4/12,1.336,1.323,1.34,1.312,0.68%
2011/4/11,1.327,1.323,1.339,1.32,0.30%
2011/4/8,1.323,1.315,1.332,1.312,0.53%
2011/4/7,1.316,1.301,1.318,1.3,1.70%
2011/4/6,1.294,1.275,1.302,1.271,1.89%
2011/4/5,1.27,1.305,1.311,1.267,-2.01%
2011/4/4,1.296,1.283,1.298,1.282,0.86%
2011/4/1,1.285,1.251,1.287,1.251,2.39%
2011/3/31,1.255,1.237,1.262,1.236,0.72%
2011/3/30,1.246,1.235,1.256,1.228,0.97%
2011/3/29,1.234,1.243,1.245,1.22,-0.72%
2011/3/28,1.243,1.219,1.25,1.218,2.14%
2011/3/25,1.217,1.21,1.231,1.208,0.66%
2011/3/24,1.209,1.219,1.226,1.208,-0.33%
2011/3/23,1.213,1.237,1.243,1.212,-2.80%
2011/3/22,1.248,1.21,1.257,1.208,3.14%
2011/3/18,1.21,1.217,1.249,1.208,0.33%
2011/3/17,1.206,1.215,1.223,1.177,-0.41%
2011/3/16,1.211,1.223,1.277,1.209,0.08%
2011/3/15,1.21,1.202,1.247,1.126,0.50%
2011/3/14,1.204,1.22,1.26,1.191,-6.16%
2011/3/11,1.283,1.302,1.304,1.261,-1.38%
2011/3/10,1.301,1.29,1.316,1.29,0.08%
2011/3/9,1.3,1.304,1.308,1.292,0.08%
2011/3/8,1.299,1.279,1.301,1.275,1.64%
2011/3/7,1.278,1.283,1.293,1.267,-1.69%
2011/3/4,1.3,1.292,1.324,1.292,0.62%
2011/3/3,1.292,1.286,1.299,1.269,1.49%
2011/3/2,1.273,1.289,1.289,1.265,-0.93%
2011/3/1,1.285,1.261,1.286,1.261,2.07%
2011/2/28,1.259,1.244,1.261,1.234,0.96%
2011/2/25,1.247,1.229,1.248,1.228,1.96%
2011/2/24,1.223,1.25,1.253,1.221,-2.16%
2011/2/23,1.25,1.281,1.281,1.236,-1.34%
2011/2/22,1.267,1.304,1.31,1.267,-3.50%
2011/2/21,1.313,1.305,1.316,1.303,0.23%
2011/2/18,1.31,1.329,1.334,1.302,-2.31%
2011/2/17,1.341,1.35,1.35,1.332,-0.74%
2011/2/16,1.351,1.312,1.352,1.306,3.60%
2011/2/15,1.304,1.312,1.312,1.294,-0.38%
2011/2/14,1.309,1.306,1.31,1.299,0.23%
2011/2/10,1.306,1.32,1.328,1.3,-1.66%
2011/2/9,1.328,1.341,1.355,1.328,1.30%
2011/2/8,1.311,1.289,1.322,1.283,1.47%
2011/2/7,1.292,1.284,1.305,1.284,0.78%
2011/2/4,1.282,1.251,1.29,1.245,3.30%
2011/2/3,1.241,1.237,1.247,1.227,1.22%
2011/2/2,1.226,1.236,1.247,1.218,-0.73%
2011/2/1,1.235,1.225,1.244,1.222,1.65%
2011/1/31,1.215,1.209,1.218,1.199,-0.25%
2011/1/28,1.218,1.235,1.243,1.213,-1.38%
2011/1/27,1.235,1.236,1.256,1.224,-0.16%
2011/1/26,1.237,1.242,1.247,1.23,-0.88%
2011/1/25,1.248,1.24,1.256,1.234,0.08%
2011/1/24,1.247,1.212,1.247,1.21,2.97%
2011/1/21,1.211,1.217,1.237,1.206,0.08%
2011/1/20,1.21,1.26,1.263,1.202,-3.89%
2011/1/19,1.259,1.233,1.266,1.229,2.61%
2011/1/18,1.227,1.21,1.233,1.21,1.07%
2011/1/17,1.214,1.203,1.231,1.202,1.08%
2011/1/14,1.201,1.178,1.203,1.169,1.35%
2011/1/13,1.185,1.19,1.204,1.183,0.17%
2011/1/12,1.183,1.2,1.205,1.17,-0.50%
2011/1/11,1.189,1.198,1.198,1.172,-1.25%
2011/1/7,1.204,1.209,1.221,1.203,-1.71%
2011/1/6,1.225,1.198,1.229,1.198,5.42%
2011/1/5,1.162,1.166,1.178,1.146,-0.09%
2011/1/4,1.163,1.119,1.169,1.119,4.21%
2010/12/30,1.116,1.156,1.157,1.116,-3.79%
2010/12/29,1.16,1.145,1.183,1.145,2.75%
2010/12/28,1.129,1.159,1.176,1.128,-3.42%
2010/12/27,1.169,1.159,1.171,1.151,0.95%
2010/12/24,1.158,1.144,1.159,1.136,0.61%
2010/12/22,1.151,1.168,1.181,1.137,-1.96%
2010/12/21,1.174,1.196,1.198,1.162,-0.84%
2010/12/20,1.184,1.195,1.195,1.173,-1.66%
2010/12/17,1.204,1.255,1.255,1.19,-4.90%
2010/12/16,1.266,1.266,1.3,1.265,0.48%
2010/12/15,1.26,1.292,1.304,1.253,0.64%
2010/12/14,1.252,1.243,1.264,1.22,-0.16%
2010/12/13,1.254,1.2,1.265,1.2,4.50%
2010/12/10,1.2,1.256,1.259,1.19,-4.38%
2010/12/9,1.255,1.245,1.278,1.188,1.62%
2010/12/8,1.235,1.205,1.25,1.199,4.93%
2010/12/7,1.177,1.164,1.179,1.154,1.55%
2010/12/6,1.159,1.197,1.214,1.158,-4.21%
2010/12/3,1.21,1.22,1.22,1.195,1.34%
2010/12/2,1.194,1.193,1.22,1.188,2.67%
2010/12/1,1.163,1.196,1.202,1.147,-2.68%
2010/11/30,1.195,1.186,1.205,1.175,0.34%
2010/11/29,1.191,1.172,1.203,1.168,-0.33%
2010/11/26,1.195,1.174,1.198,1.169,2.84%
2010/11/25,1.162,1.141,1.164,1.121,3.11%
2010/11/24,1.127,1.117,1.135,1.086,1.44%
2010/11/22,1.111,1.074,1.12,1.071,2.11%
2010/11/19,1.088,1.111,1.116,1.063,1.87%
2010/11/18,1.068,1.062,1.116,1.062,0.19%
2010/11/17,1.066,1.033,1.066,1.026,2.11%
2010/11/16,1.044,1.09,1.097,1.029,1.85%
2010/11/15,1.025,1.012,1.045,1.001,2.19%
2010/11/12,1.003,1.021,1.025,0.992,-0.50%
2010/11/11,1.008,0.999,1.013,0.989,1.00%
2010/11/10,0.998,0.99,1.002,0.985,2.15%
2010/11/9,0.977,0.953,0.979,0.947,1.45%
2010/11/8,0.963,0.935,0.966,0.934,3.44%
2010/11/5,0.931,0.913,0.94,0.913,0.65%
2010/11/4,0.925,0.903,0.928,0.903,-2.12%
2010/11/2,0.945,0.967,0.982,0.939,0.21%
2010/11/1,0.943,0.931,0.949,0.922,0.86%
2010/10/29,0.935,0.905,0.938,0.9,3.54%
2010/10/28,0.903,0.961,0.967,0.903,-6.42%
2010/10/27,0.965,0.938,0.965,0.928,5.81%
2010/10/26,0.912,0.9,0.93,0.895,0.77%
2010/10/25,0.905,0.889,0.905,0.889,2.84%
2010/10/22,0.88,0.901,0.905,0.88,0.00%
2010/10/21,0.88,0.898,0.905,0.88,-1.23%
2010/10/20,0.891,0.878,0.901,0.877,-0.45%
2010/10/19,0.895,0.878,0.899,0.878,1.70%
2010/10/18,0.88,0.899,0.899,0.868,0.00%
2010/10/15,0.88,0.902,0.904,0.876,1.15%
2010/10/14,0.87,0.893,0.906,0.87,-1.14%
2010/10/13,0.88,0.86,0.902,0.86,2.92%
2010/10/12,0.855,0.863,0.868,0.849,-0.58%
2010/10/8,0.86,0.874,0.923,0.857,-2.05%
2010/10/7,0.878,0.839,0.89,0.827,5.02%
2010/10/6,0.836,0.883,0.886,0.836,-6.90%
2010/10/5,0.898,0.924,0.947,0.897,-3.44%
2010/10/4,0.93,0.943,0.951,0.929,-3.63%
2010/10/1,0.965,0.951,0.978,0.95,2.66%
2010/9/30,0.94,0.928,0.955,0.927,5.62%
2010/9/29,0.89,0.957,0.957,0.89,-7.77%
2010/9/28,0.965,0.986,0.987,0.961,-3.50%
2010/9/27,1,0.999,1.009,0.988,-0.99%
2010/9/24,1.01,1.014,1.021,1,-1.94%
2010/9/22,1.03,1.051,1.051,1.005,-2.37%
2010/9/21,1.055,1.083,1.083,1.045,-2.50%
2010/9/17,1.082,1.05,1.083,1.05,1.79%
2010/9/16,1.063,1.064,1.08,1.031,0.00%
2010/9/15,1.063,1.113,1.114,1.044,-3.63%
2010/9/14,1.103,1.161,1.179,1.099,-5.32%
2010/9/13,1.165,1.17,1.171,1.151,0.00%
2010/9/10,1.165,1.139,1.165,1.139,3.10%
2010/9/9,1.13,1.143,1.158,1.121,-1.57%
2010/9/8,1.148,1.129,1.148,1.108,0.26%
2010/9/7,1.145,1.175,1.183,1.139,-4.34%
2010/9/6,1.197,1.173,1.204,1.162,4.45%
2010/9/3,1.146,1.13,1.154,1.106,3.06%
2010/9/2,1.112,1.096,1.125,1.089,7.96%
2010/9/1,1.03,0.987,1.052,0.986,4.57%
2010/8/31,0.985,1.015,1.017,0.968,-4.74%
2010/8/30,1.034,1.018,1.118,1.018,2.38%
2010/8/27,1.01,0.939,1.021,0.937,8.02%
2010/8/26,0.935,0.921,0.948,0.916,2.75%
2010/8/25,0.91,0.911,0.919,0.905,-1.41%
2010/8/24,0.923,0.938,0.938,0.92,-1.81%
2010/8/23,0.94,0.942,0.951,0.937,1.08%
2010/8/20,0.93,0.918,0.938,0.916,-1.06%
2010/8/19,0.94,0.926,0.952,0.913,2.17%
2010/8/18,0.92,0.953,0.961,0.911,-3.16%
2010/8/17,0.95,0.936,0.956,0.927,-0.31%
2010/8/16,0.953,0.975,0.978,0.952,-3.25%
2010/8/13,0.985,1.012,1.023,0.985,-1.50%
2010/8/12,1,0.998,1.013,0.989,-1.48%
2010/8/11,1.015,1.016,1.023,1.003,-2.12%
2010/8/10,1.037,1.026,1.047,1.015,1.67%
2010/8/9,1.02,1.056,1.056,1.02,-4.32%
2010/8/6,1.066,1.027,1.07,1.027,3.00%
2010/8/5,1.035,1.018,1.047,1.018,2.99%
2010/8/4,1.005,1.028,1.03,1.003,-2.99%
2010/8/3,1.036,1.071,1.075,1.03,-2.17%
2010/8/2,1.059,1.067,1.07,1.047,-0.28%
2010/7/30,1.062,1.09,1.092,1.062,-2.12%
2010/7/29,1.085,1.081,1.101,1.081,-1.45%
2010/7/28,1.101,1.067,1.101,1.063,3.87%
2010/7/27,1.06,1.066,1.075,1.055,-0.56%
2010/7/26,1.066,1.082,1.089,1.066,-0.84%
2010/7/23,1.075,1.08,1.087,1.064,0.94%
2010/7/22,1.065,1.082,1.087,1.055,-2.29%
2010/7/21,1.09,1.1,1.108,1.085,-0.46%
2010/7/20,1.095,1.082,1.106,1.077,-0.09%
2010/7/16,1.096,1.085,1.104,1.075,-1.53%
2010/7/15,1.113,1.13,1.13,1.083,-2.96%
2010/7/14,1.147,1.145,1.157,1.141,1.06%
2010/7/13,1.135,1.125,1.156,1.118,1.34%
2010/7/12,1.12,1.155,1.163,1.12,-4.19%
2010/7/9,1.169,1.161,1.172,1.153,1.30%
2010/7/8,1.154,1.167,1.173,1.142,1.85%
2010/7/7,1.133,1.142,1.188,1.079,-0.70%
2010/7/6,1.141,1.104,1.145,1.1,2.79%
2010/7/5,1.11,1.113,1.13,1.104,0.18%
2010/7/2,1.108,1.09,1.109,1.077,3.55%
2010/7/1,1.07,1.09,1.115,1.066,-1.83%
2010/6/30,1.09,1.097,1.102,1.083,-1.54%
2010/6/29,1.107,1.156,1.164,1.103,-5.06%
2010/6/28,1.166,1.147,1.167,1.145,1.39%
2010/6/25,1.15,1.145,1.157,1.138,0.44%
2010/6/24,1.145,1.163,1.164,1.137,-2.55%
2010/6/23,1.175,1.187,1.187,1.169,-1.59%
2010/6/22,1.194,1.219,1.228,1.194,-3.16%
2010/6/21,1.233,1.222,1.233,1.209,1.90%
2010/6/18,1.21,1.224,1.224,1.207,-1.87%
2010/6/17,1.233,1.23,1.24,1.228,-0.96%
2010/6/16,1.245,1.249,1.255,1.239,0.81%
2010/6/15,1.235,1.236,1.248,1.229,-0.64%
2010/6/14,1.243,1.242,1.255,1.235,0.57%
2010/6/11,1.236,1.235,1.255,1.23,1.73%
2010/6/10,1.215,1.208,1.224,1.199,0.08%
2010/6/9,1.214,1.234,1.24,1.208,-1.70%
2010/6/8,1.235,1.234,1.25,1.229,0.16%
2010/6/7,1.233,1.25,1.251,1.226,-3.07%
2010/6/4,1.272,1.292,1.303,1.265,-1.78%
2010/6/3,1.295,1.281,1.296,1.271,2.21%
2010/6/2,1.267,1.278,1.295,1.267,2.26%
2010/6/1,1.239,1.263,1.265,1.238,-2.44%
2010/5/31,1.27,1.255,1.273,1.249,0.79%
2010/5/28,1.26,1.278,1.285,1.253,0.08%
2010/5/27,1.259,1.216,1.264,1.216,2.36%
2010/5/26,1.23,1.22,1.23,1.213,0.41%
2010/5/25,1.225,1.246,1.249,1.204,-2.39%
2010/5/24,1.255,1.247,1.265,1.244,0.72%
2010/5/21,1.246,1.237,1.255,1.229,-1.50%
2010/5/20,1.265,1.296,1.3,1.262,-1.94%
2010/5/19,1.29,1.285,1.3,1.28,-1.07%
2010/5/18,1.304,1.3,1.31,1.295,0.93%
2010/5/17,1.292,1.296,1.3,1.286,-0.31%
2010/5/14,1.296,1.304,1.314,1.291,-1.29%
2010/5/13,1.313,1.308,1.323,1.307,0.15%
2010/5/12,1.311,1.333,1.337,1.307,-0.83%
2010/5/11,1.322,1.32,1.327,1.313,0.69%
2010/5/10,1.313,1.301,1.316,1.3,1.86%
2010/5/7,1.289,1.261,1.291,1.26,0.62%
2010/5/6,1.281,1.265,1.285,1.26,-0.70%
2010/4/30,1.29,1.296,1.306,1.284,-0.15%
2010/4/28,1.292,1.293,1.302,1.288,-1.30%
2010/4/27,1.309,1.328,1.33,1.305,-1.43%
2010/4/26,1.328,1.327,1.336,1.321,0.23%
2010/4/23,1.325,1.331,1.333,1.317,0.00%
2010/4/22,1.325,1.325,1.331,1.317,-1.12%
2010/4/21,1.34,1.33,1.344,1.329,0.37%
2010/4/20,1.335,1.326,1.337,1.317,0.98%
2010/4/19,1.322,1.336,1.336,1.313,-2.07%
2010/4/16,1.35,1.356,1.366,1.345,-0.81%
2010/4/15,1.361,1.373,1.378,1.352,-1.02%
2010/4/14,1.375,1.382,1.384,1.369,-0.87%
2010/4/13,1.387,1.397,1.401,1.379,-1.35%
2010/4/12,1.406,1.405,1.406,1.403,0.79%
2010/4/9,1.395,1.395,1.396,1.376,0.36%
2010/4/8,1.39,1.402,1.404,1.388,-1.84%
2010/4/7,1.416,1.402,1.418,1.394,0.57%
2010/4/6,1.408,1.403,1.413,1.4,1.66%
2010/4/5,1.385,1.385,1.396,1.381,1.61%
2010/4/2,1.363,1.353,1.38,1.352,-0.37%
2010/4/1,1.368,1.405,1.41,1.362,-3.18%
2010/3/31,1.413,1.397,1.419,1.392,1.00%
2010/3/30,1.399,1.401,1.41,1.395,-0.50%
2010/3/29,1.406,1.387,1.41,1.381,1.52%
2010/3/26,1.385,1.385,1.395,1.379,1.09%
2010/3/25,1.37,1.364,1.375,1.356,1.93%
2010/3/24,1.344,1.355,1.36,1.34,-0.44%
2010/3/23,1.35,1.368,1.369,1.349,-1.24%
2010/3/19,1.367,1.373,1.38,1.364,-0.22%
2010/3/18,1.37,1.368,1.385,1.363,0.74%
2010/3/17,1.36,1.344,1.365,1.34,0.37%
2010/3/16,1.355,1.347,1.359,1.344,0.37%
2010/3/15,1.35,1.352,1.36,1.34,0.00%
2010/3/12,1.35,1.332,1.355,1.325,1.73%
2010/3/11,1.327,1.305,1.33,1.303,1.45%
2010/3/10,1.308,1.311,1.316,1.304,-0.15%
2010/3/9,1.31,1.32,1.331,1.305,-0.91%
2010/3/8,1.322,1.312,1.329,1.312,0.61%
2010/3/5,1.314,1.335,1.338,1.31,-1.72%
2010/3/4,1.337,1.336,1.345,1.33,-0.07%
2010/3/3,1.338,1.335,1.389,1.33,2.61%
2010/3/2,1.304,1.317,1.317,1.295,-1.14%
2010/3/1,1.319,1.305,1.32,1.304,0.76%
2010/2/26,1.309,1.299,1.317,1.298,0.46%
2010/2/25,1.303,1.323,1.323,1.302,-1.59%
2010/2/24,1.324,1.321,1.331,1.32,-1.05%
2010/2/23,1.338,1.352,1.352,1.335,-0.74%
2010/2/22,1.348,1.34,1.356,1.339,0.60%
2010/2/19,1.34,1.342,1.346,1.329,1.28%
2010/2/18,1.323,1.33,1.332,1.322,-0.60%
2010/2/17,1.331,1.32,1.333,1.319,0.00%
2010/2/16,1.331,1.344,1.344,1.324,-0.08%
2010/2/15,1.332,1.318,1.334,1.316,-0.08%
2010/2/12,1.333,1.348,1.348,1.33,-0.07%
2010/2/10,1.334,1.355,1.357,1.329,-0.97%
2010/2/9,1.347,1.365,1.365,1.341,-0.96%
2010/2/8,1.36,1.374,1.378,1.359,-0.29%
2010/2/5,1.364,1.361,1.382,1.354,-1.09%
2010/2/4,1.379,1.373,1.395,1.37,1.03%
2010/2/3,1.365,1.352,1.368,1.349,0.74%
2010/2/2,1.355,1.347,1.362,1.345,1.35%
2010/2/1,1.337,1.325,1.343,1.322,0.53%
2010/1/29,1.33,1.313,1.33,1.308,0.99%
2010/1/28,1.317,1.319,1.323,1.312,0.84%
2010/1/27,1.306,1.332,1.339,1.305,-1.73%
2010/1/26,1.329,1.34,1.346,1.324,-0.75%
2010/1/25,1.339,1.326,1.345,1.322,0.30%
2010/1/22,1.335,1.332,1.335,1.315,-0.82%
2010/1/21,1.346,1.332,1.352,1.327,0.60%
2010/1/20,1.338,1.341,1.348,1.332,0.30%
2010/1/19,1.334,1.317,1.338,1.315,1.21%
2010/1/18,1.318,1.321,1.326,1.314,-0.90%
2010/1/15,1.33,1.328,1.34,1.324,-0.60%
2010/1/14,1.338,1.347,1.361,1.334,-0.52%
2010/1/13,1.345,1.34,1.35,1.333,-0.52%
2010/1/12,1.352,1.354,1.37,1.34,-1.24%
2010/1/8,1.369,1.361,1.375,1.355,1.26%
2010/1/7,1.352,1.341,1.354,1.332,0.75%
2010/1/6,1.342,1.341,1.348,1.334,0.30%
2010/1/5,1.338,1.327,1.341,1.323,0.68%
2010/1/4,1.329,1.316,1.33,1.303,2.94%
2009/12/30,1.291,1.302,1.306,1.288,-1.83%
2009/12/29,1.315,1.315,1.318,1.294,0.61%
2009/12/28,1.307,1.284,1.314,1.275,2.35%
2009/12/25,1.277,1.274,1.289,1.265,0.71%
2009/12/24,1.268,1.264,1.275,1.257,1.20%
2009/12/22,1.253,1.237,1.26,1.232,2.54%
2009/12/21,1.222,1.248,1.248,1.221,-1.21%
2009/12/18,1.237,1.238,1.254,1.22,-0.88%
2009/12/17,1.248,1.258,1.261,1.243,-1.42%
2009/12/16,1.266,1.299,1.299,1.257,-1.71%
2009/12/15,1.288,1.302,1.317,1.285,-1.38%
2009/12/14,1.306,1.298,1.31,1.287,1.56%
2009/12/11,1.286,1.295,1.297,1.256,2.14%
2009/12/10,1.259,1.251,1.259,1.227,1.53%
2009/12/9,1.24,1.27,1.27,1.24,-2.13%
2009/12/8,1.267,1.288,1.299,1.266,-1.55%
2009/12/7,1.287,1.31,1.337,1.281,-0.23%
2009/12/4,1.29,1.297,1.298,1.273,0.39%
2009/12/3,1.285,1.263,1.289,1.246,2.72%
2009/12/2,1.251,1.285,1.289,1.247,1.30%
2009/12/1,1.235,1.269,1.273,1.208,-2.06%
2009/11/30,1.261,1.267,1.276,1.26,0.88%
2009/11/27,1.25,1.29,1.295,1.25,-2.72%
2009/11/26,1.285,1.285,1.29,1.28,-1.91%
2009/11/25,1.31,1.31,1.31,1.31,0.38%
2009/11/24,1.305,1.305,1.305,1.305,-0.76%
2009/11/20,1.315,1.305,1.315,1.27,1.94%
2009/11/19,1.29,1.315,1.36,1.29,-0.77%
2009/11/18,1.3,1.275,1.32,1.275,-1.14%
2009/11/17,1.315,1.34,1.34,1.305,-1.87%
2009/11/16,1.34,1.345,1.35,1.325,-0.74%
2009/11/13,1.35,1.38,1.38,1.35,-2.17%
2009/11/12,1.38,1.435,1.435,1.38,-4.17%
2009/11/11,1.44,1.475,1.48,1.43,-2.04%
2009/11/10,1.47,1.485,1.485,1.455,-0.68%
2009/11/9,1.48,1.45,1.48,1.41,2.07%
2009/11/6,1.45,1.445,1.46,1.425,0.69%
2009/11/5,1.44,1.405,1.46,1.405,1.77%
2009/11/4,1.415,1.37,1.415,1.37,2.17%
2009/11/2,1.385,1.385,1.385,1.385,-2.12%
2009/10/30,1.415,1.415,1.415,1.415,0.71%
2009/10/29,1.405,1.39,1.425,1.39,-1.40%
2009/10/28,1.425,1.39,1.43,1.385,1.42%
2009/10/27,1.405,1.405,1.41,1.39,0.00%
2009/10/26,1.405,1.38,1.405,1.375,2.93%
2009/10/23,1.365,1.35,1.37,1.35,-0.73%
2009/10/22,1.375,1.365,1.375,1.355,1.85%
2009/10/21,1.35,1.335,1.355,1.335,-0.74%
2009/10/20,1.36,1.325,1.36,1.325,1.12%
2009/10/19,1.345,1.31,1.35,1.31,1.13%
2009/10/16,1.33,1.325,1.335,1.325,0.76%
2009/10/15,1.32,1.3,1.33,1.3,1.54%
2009/10/14,1.3,1.305,1.305,1.3,0.00%
2009/10/13,1.3,1.295,1.305,1.295,0.78%
2009/10/9,1.29,1.27,1.29,1.27,1.98%
2009/10/8,1.265,1.23,1.265,1.23,-0.39%
2009/10/7,1.27,1.265,1.27,1.26,1.20%
2009/10/6,1.255,1.255,1.265,1.245,-0.79%
2009/10/5,1.265,1.26,1.27,1.255,0.80%
2009/10/2,1.255,1.295,1.295,1.245,-2.33%
2009/10/1,1.285,1.295,1.3,1.285,-1.15%
2009/9/30,1.3,1.275,1.305,1.275,2.36%
2009/9/29,1.27,1.32,1.32,1.27,-1.17%
2009/9/28,1.285,1.315,1.315,1.28,-1.53%
2009/9/25,1.305,1.325,1.325,1.305,-1.88%
2009/9/24,1.33,1.325,1.335,1.315,-1.12%
2009/9/18,1.345,1.335,1.35,1.335,-0.37%
2009/9/17,1.35,1.325,1.35,1.32,1.89%
2009/9/16,1.325,1.315,1.34,1.285,0.76%
2009/9/15,1.315,1.295,1.32,1.295,1.15%
2009/9/14,1.3,1.305,1.31,1.295,-0.76%
2009/9/11,1.31,1.31,1.315,1.31,-1.50%
2009/9/10,1.33,1.33,1.34,1.305,0.00%
2009/9/9,1.33,1.33,1.34,1.315,-0.37%
2009/9/8,1.335,1.36,1.36,1.33,-1.84%
2009/9/7,1.36,1.36,1.365,1.345,2.26%
2009/9/4,1.33,1.315,1.33,1.31,1.53%
2009/9/3,1.31,1.31,1.315,1.3,0.00%
2009/9/2,1.31,1.3,1.32,1.3,1.16%
2009/9/1,1.295,1.32,1.32,1.29,-0.77%
2009/8/31,1.305,1.315,1.32,1.295,-0.76%
2009/8/28,1.315,1.305,1.325,1.305,1.54%
2009/8/27,1.295,1.34,1.34,1.29,-1.52%
2009/8/26,1.315,1.32,1.325,1.31,-1.13%
2009/8/25,1.33,1.33,1.33,1.31,-0.37%
2009/8/24,1.335,1.315,1.345,1.315,1.52%
2009/8/21,1.315,1.35,1.35,1.31,-2.23%
2009/8/20,1.345,1.35,1.41,1.34,-0.74%
2009/8/19,1.355,1.35,1.355,1.335,1.50%
2009/8/18,1.335,1.35,1.355,1.325,-1.48%
2009/8/17,1.355,1.385,1.385,1.34,-1.45%
2009/8/14,1.375,1.41,1.41,1.37,-2.83%
2009/8/13,1.415,1.42,1.42,1.405,-1.05%
2009/8/12,1.43,1.45,1.45,1.415,-1.72%
2009/8/11,1.455,1.46,1.46,1.435,-0.68%
2009/8/10,1.465,1.435,1.465,1.435,1.95%
2009/8/7,1.437,1.438,1.451,1.434,-0.21%
2009/8/6,1.44,1.435,1.45,1.43,0.35%
2009/8/5,1.435,1.455,1.465,1.43,-0.69%
2009/8/4,1.445,1.44,1.475,1.44,0.35%
2009/8/3,1.44,1.415,1.445,1.39,1.41%
2009/7/31,1.42,1.39,1.435,1.385,1.43%
2009/7/30,1.4,1.375,1.4,1.375,2.19%
2009/7/29,1.37,1.39,1.39,1.37,-0.72%
2009/7/28,1.38,1.39,1.4,1.38,-1.08%
2009/7/27,1.395,1.375,1.4,1.37,1.09%
2009/7/24,1.38,1.385,1.44,1.375,-0.36%
2009/7/23,1.385,1.34,1.4,1.34,0.73%
2009/7/22,1.375,1.31,1.39,1.31,0.73%
2009/7/21,1.365,1.31,1.37,1.31,3.02%
2009/7/17,1.325,1.33,1.34,1.31,-0.75%
2009/7/16,1.335,1.335,1.343,1.335,-0.37%
2009/7/15,1.34,1.34,1.348,1.33,-0.37%
2009/7/14,1.345,1.305,1.345,1.295,2.67%
2009/7/13,1.31,1.3,1.32,1.29,1.95%
2009/7/10,1.285,1.295,1.315,1.285,-1.53%
2009/7/9,1.305,1.29,1.325,1.255,0.77%
2009/7/8,1.295,1.28,1.315,1.25,-1.15%
2009/7/7,1.31,1.325,1.33,1.295,0.77%
2009/7/6,1.3,1.325,1.34,1.3,-1.89%
2009/7/3,1.325,1.34,1.35,1.32,-1.85%
2009/7/2,1.35,1.345,1.365,1.335,0.37%
2009/7/1,1.345,1.355,1.4,1.34,-0.37%
2009/6/30,1.35,1.385,1.4,1.35,-2.53%
2009/6/29,1.385,1.35,1.41,1.35,-1.42%
2009/6/26,1.405,1.385,1.405,1.345,1.44%
2009/6/25,1.385,1.43,1.43,1.37,0.73%
2009/6/24,1.375,1.405,1.435,1.375,-3.51%
2009/6/23,1.425,1.4,1.46,1.4,-2.40%
2009/6/22,1.46,1.445,1.47,1.425,1.04%
2009/6/19,1.445,1.455,1.475,1.445,-1.37%
2009/6/18,1.465,1.465,1.5,1.44,0.00%
2009/6/17,1.465,1.51,1.51,1.45,-1.01%
2009/6/16,1.48,1.535,1.535,1.46,-1.99%
2009/6/15,1.51,1.515,1.525,1.5,-0.33%
2009/6/12,1.515,1.56,1.56,1.515,-1.62%
2009/6/11,1.54,1.545,1.565,1.54,-0.32%
2009/6/10,1.545,1.53,1.565,1.525,0.98%
2009/6/9,1.53,1.53,1.535,1.51,0.99%
2009/6/8,1.515,1.53,1.55,1.515,0.66%
2009/6/5,1.505,1.55,1.55,1.495,-0.66%
2009/6/4,1.515,1.55,1.55,1.505,-1.30%
2009/6/3,1.535,1.51,1.555,1.51,1.66%
2009/6/2,1.51,1.485,1.525,1.485,0.67%
2009/6/1,1.5,1.485,1.5,1.47,0.33%
2009/5/29,1.495,1.49,1.5,1.475,0.34%
2009/5/28,1.49,1.5,1.51,1.475,1.36%
2009/5/27,1.47,1.435,1.5,1.435,2.08%
2009/5/26,1.44,1.45,1.455,1.44,-1.03%
2009/5/25,1.455,1.45,1.455,1.44,1.39%
2009/5/22,1.435,1.43,1.47,1.425,0.35%
2009/5/21,1.43,1.425,1.435,1.41,0.35%
2009/5/20,1.425,1.42,1.435,1.405,-0.35%
2009/5/19,1.43,1.405,1.44,1.395,1.06%
2009/5/18,1.415,1.43,1.45,1.395,-2.75%
2009/5/15,1.455,1.43,1.455,1.42,1.39%
2009/5/14,1.435,1.455,1.455,1.405,-1.71%
2009/5/13,1.46,1.45,1.47,1.44,0.34%
2009/5/12,1.455,1.46,1.5,1.435,-0.68%
2009/5/11,1.465,1.445,1.485,1.44,0.69%
2009/5/8,1.455,1.415,1.455,1.41,2.11%
2009/5/7,1.425,1.4,1.425,1.39,1.79%
2009/5/1,1.4,1.425,1.425,1.395,-2.10%
2009/4/30,1.43,1.415,1.47,1.415,1.06%
2009/4/28,1.415,1.46,1.46,1.405,-0.35%
2009/4/27,1.42,1.43,1.5,1.42,-0.35%
2009/4/24,1.425,1.43,1.47,1.405,-0.70%
2009/4/23,1.435,1.435,1.48,1.41,0.35%
2009/4/22,1.43,1.46,1.485,1.43,-1.72%
2009/4/21,1.455,1.475,1.475,1.44,-1.69%
2009/4/20,1.48,1.45,1.5,1.45,1.72%
2009/4/17,1.455,1.455,1.49,1.435,-0.34%
2009/4/16,1.46,1.435,1.5,1.425,1.39%
2009/4/15,1.44,1.48,1.48,1.43,-1.37%
2009/4/14,1.46,1.43,1.475,1.43,-0.34%
2009/4/13,1.465,1.49,1.5,1.445,1.03%
2009/4/10,1.45,1.48,1.5,1.435,-1.02%
2009/4/9,1.465,1.5,1.525,1.465,0.34%
2009/4/8,1.46,1.43,1.5,1.405,2.10%
2009/4/7,1.43,1.485,1.485,1.425,-0.35%
2009/4/6,1.435,1.42,1.505,1.42,0.35%
2009/4/3,1.43,1.375,1.43,1.375,3.62%
2009/4/2,1.38,1.345,1.4,1.345,2.60%
2009/4/1,1.345,1.35,1.41,1.33,-0.74%
2009/3/31,1.355,1.335,1.36,1.295,1.12%
2009/3/30,1.34,1.34,1.345,1.315,0.75%
2009/3/27,1.33,1.33,1.335,1.295,0.38%
2009/3/26,1.325,1.295,1.328,1.295,2.71%
2009/3/25,1.29,1.265,1.295,1.255,0.78%
2009/3/24,1.28,1.255,1.3,1.255,0.79%
2009/3/23,1.27,1.265,1.275,1.26,0.00%
2009/3/19,1.27,1.3,1.305,1.26,-3.05%
2009/3/18,1.31,1.305,1.35,1.285,0.38%
2009/3/17,1.305,1.3,1.34,1.295,0.00%
2009/3/16,1.305,1.32,1.325,1.295,-1.51%
2009/3/13,1.325,1.31,1.34,1.305,0.38%
2009/3/12,1.32,1.3,1.34,1.29,0.00%
2009/3/11,1.32,1.305,1.36,1.295,1.15%
2009/3/10,1.305,1.3,1.31,1.285,1.16%
2009/3/9,1.29,1.33,1.33,1.275,-0.39%
2009/3/6,1.295,1.31,1.31,1.285,-1.15%
2009/3/5,1.31,1.34,1.35,1.3,-0.76%
2009/3/4,1.32,1.305,1.32,1.29,1.93%
2009/3/3,1.295,1.26,1.3,1.26,-0.77%
2009/3/2,1.305,1.28,1.305,1.255,3.16%
2009/2/27,1.265,1.3,1.3,1.265,-0.78%
2009/2/26,1.275,1.325,1.325,1.265,-0.39%
2009/2/25,1.28,1.295,1.31,1.27,0.39%
2009/2/24,1.275,1.275,1.28,1.265,-0.39%
2009/2/23,1.28,1.285,1.285,1.25,0.39%
2009/2/20,1.275,1.265,1.3,1.26,0.39%
2009/2/19,1.27,1.28,1.28,1.24,1.20%
2009/2/18,1.255,1.275,1.28,1.24,-2.71%
2009/2/17,1.29,1.245,1.32,1.245,0.00%
2009/2/16,1.29,1.25,1.315,1.25,1.98%
2009/2/13,1.265,1.3,1.3,1.25,0.40%
2009/2/12,1.26,1.235,1.305,1.235,-3.08%
2009/2/10,1.3,1.31,1.33,1.295,-1.14%
2009/2/9,1.315,1.33,1.4,1.305,-1.87%
2009/2/6,1.34,1.36,1.36,1.32,-0.74%
2009/2/5,1.35,1.355,1.365,1.315,0.37%
2009/2/4,1.345,1.345,1.36,1.305,3.07%
2009/2/3,1.305,1.32,1.33,1.28,0.38%
2009/2/2,1.3,1.305,1.305,1.27,0.78%
2009/1/30,1.29,1.3,1.3,1.265,1.98%
2009/1/29,1.265,1.3,1.3,1.255,-0.39%
2009/1/28,1.27,1.25,1.275,1.225,0.40%
2009/1/27,1.265,1.245,1.3,1.225,1.61%
2009/1/26,1.245,1.255,1.255,1.215,1.22%
2009/1/23,1.23,1.24,1.265,1.225,-0.40%
2009/1/22,1.235,1.27,1.27,1.22,0.41%
2009/1/21,1.23,1.265,1.265,1.2,0.82%
2009/1/20,1.22,1.295,1.295,1.22,-2.79%
2009/1/19,1.255,1.3,1.3,1.235,2.45%
2009/1/16,1.225,1.24,1.24,1.21,0.82%
2009/1/15,1.215,1.26,1.26,1.205,-4.33%
2009/1/14,1.27,1.265,1.27,1.245,2.01%
2009/1/13,1.245,1.235,1.265,1.235,-4.60%
2009/1/9,1.305,1.325,1.325,1.29,-0.38%
2009/1/8,1.31,1.3,1.315,1.26,3.97%
2009/1/7,1.26,1.26,1.27,1.24,-0.40%
2009/1/6,1.265,1.24,1.265,1.22,4.55%
2009/1/5,1.21,1.21,1.21,1.185,2.98%
2008/12/30,1.175,1.19,1.2,1.16,-1.67%
2008/12/29,1.195,1.215,1.215,1.175,1.70%
2008/12/26,1.175,1.2,1.235,1.175,-3.69%
2008/12/25,1.22,1.205,1.23,1.195,0.41%
2008/12/24,1.215,1.225,1.23,1.195,-0.82%
2008/12/22,1.225,1.25,1.25,1.195,-0.81%
2008/12/19,1.235,1.27,1.31,1.215,-4.63%
2008/12/18,1.295,1.285,1.3,1.26,0.00%
2008/12/17,1.295,1.35,1.37,1.29,-5.82%
2008/12/16,1.375,1.375,1.42,1.36,-0.72%
2008/12/15,1.385,1.42,1.42,1.365,-0.72%
2008/12/12,1.395,1.395,1.395,1.38,-2.11%
2008/12/11,1.425,1.415,1.43,1.405,0.71%
2008/12/10,1.415,1.35,1.42,1.35,1.80%
2008/12/9,1.39,1.4,1.41,1.39,0.00%
2008/12/8,1.39,1.38,1.4,1.35,2.58%
2008/12/5,1.355,1.37,1.395,1.335,-1.09%
2008/12/4,1.37,1.385,1.41,1.37,-1.44%
2008/12/3,1.39,1.325,1.4,1.325,2.96%
2008/12/2,1.35,1.415,1.415,1.34,-3.57%
2008/12/1,1.4,1.44,1.44,1.39,0.00%
2008/11/28,1.4,1.345,1.41,1.345,1.82%
2008/11/27,1.375,1.39,1.4,1.365,-0.72%
2008/11/26,1.385,1.41,1.45,1.375,-1.42%
2008/11/25,1.405,1.49,1.49,1.405,-0.35%
2008/11/21,1.41,1.41,1.435,1.385,-3.75%
2008/11/20,1.465,1.48,1.5,1.43,-0.34%
2008/11/19,1.47,1.505,1.505,1.47,-1.34%
2008/11/18,1.49,1.46,1.5,1.46,-0.33%
2008/11/17,1.495,1.565,1.565,1.48,-0.33%
2008/11/14,1.5,1.52,1.545,1.48,0.00%
2008/11/13,1.5,1.515,1.515,1.43,-1.32%
2008/11/12,1.52,1.475,1.52,1.475,2.01%
2008/11/11,1.49,1.54,1.54,1.485,-2.93%
2008/11/10,1.535,1.53,1.54,1.515,1.32%
2008/11/7,1.515,1.455,1.52,1.455,1.34%
2008/11/6,1.495,1.555,1.555,1.48,-1.32%
2008/11/5,1.515,1.54,1.565,1.485,0.33%
2008/11/4,1.51,1.555,1.555,1.485,1.34%
2008/10/31,1.49,1.53,1.53,1.455,-0.33%
2008/10/30,1.495,1.525,1.525,1.455,0.00%
2008/10/29,1.495,1.525,1.525,1.445,2.75%
2008/10/28,1.455,1.525,1.525,1.455,-1.02%
2008/10/27,1.47,1.5,1.54,1.46,0.00%
2008/10/24,1.47,1.48,1.58,1.45,-2.97%
2008/10/23,1.515,1.51,1.545,1.47,-0.66%
2008/10/22,1.525,1.6,1.6,1.525,-1.93%
2008/10/21,1.555,1.6,1.6,1.555,-1.27%
2008/10/20,1.575,1.6,1.6,1.53,0.32%
2008/10/17,1.57,1.605,1.605,1.545,-1.57%
2008/10/16,1.595,1.58,1.6,1.535,1.27%
2008/10/15,1.575,1.6,1.6,1.53,-0.63%
2008/10/14,1.585,1.62,1.62,1.545,2.92%
2008/10/10,1.54,1.5,1.544,1.45,3.70%
2008/10/9,1.485,1.425,1.492,1.41,2.41%
2008/10/8,1.45,1.44,1.45,1.38,-1.36%
2008/10/7,1.47,1.43,1.48,1.355,1.73%
2008/10/6,1.445,1.425,1.445,1.37,-0.34%
2008/10/3,1.45,1.465,1.56,1.42,-3.97%
2008/10/2,1.51,1.465,1.56,1.42,3.07%
2008/10/1,1.465,1.465,1.56,1.42,-1.01%
2008/9/30,1.48,1.465,1.55,1.42,-0.67%
2008/9/29,1.49,1.465,1.55,1.465,3.11%
2008/9/26,1.445,1.485,1.5,1.445,-2.36%
2008/9/25,1.48,1.48,1.505,1.465,-0.67%
2008/9/24,1.49,1.46,1.5,1.46,0.68%
2008/9/22,1.48,1.53,1.55,1.48,0.00%
2008/9/19,1.48,1.505,1.55,1.46,-0.67%
2008/9/18,1.49,1.5,1.52,1.46,0.00%
2008/9/17,1.49,1.535,1.535,1.47,1.71%
2008/9/16,1.465,1.53,1.53,1.465,-2.01%
2008/9/12,1.495,1.5,1.55,1.495,1.01%
2008/9/11,1.48,1.49,1.525,1.48,-1.66%
2008/9/10,1.505,1.49,1.535,1.475,0.00%
2008/9/9,1.505,1.5,1.53,1.445,-1.31%
2008/9/8,1.525,1.515,1.529,1.515,6.27%
2008/9/5,1.435,1.51,1.51,1.435,-1.71%
2008/9/4,1.46,1.48,1.53,1.46,0.00%
2008/9/3,1.46,1.46,1.49,1.455,-0.68%
2008/9/2,1.47,1.5,1.51,1.435,-0.68%
2008/9/1,1.48,1.405,1.485,1.405,4.23%
2008/8/29,1.42,1.45,1.45,1.405,-0.70%
2008/8/28,1.43,1.44,1.445,1.41,-1.04%
2008/8/27,1.445,1.42,1.45,1.415,2.12%
2008/8/26,1.415,1.405,1.45,1.405,-1.74%
2008/8/25,1.44,1.5,1.5,1.405,-2.04%
2008/8/22,1.47,1.45,1.47,1.415,1.73%
2008/8/21,1.445,1.43,1.445,1.41,0.70%
2008/8/20,1.435,1.45,1.5,1.435,0.00%
2008/8/19,1.435,1.44,1.45,1.43,-0.69%
2008/8/18,1.445,1.44,1.46,1.43,-1.37%
2008/8/15,1.465,1.44,1.472,1.44,2.09%
2008/8/14,1.435,1.405,1.45,1.405,-1.37%
2008/8/13,1.455,1.425,1.463,1.425,-0.68%
2008/8/12,1.465,1.44,1.47,1.425,0.69%
2008/8/11,1.455,1.515,1.515,1.455,-1.02%
2008/8/8,1.47,1.52,1.52,1.47,-3.61%
2008/8/7,1.525,1.555,1.555,1.505,-0.33%
2008/8/6,1.53,1.535,1.535,1.51,0.33%
2008/8/5,1.525,1.525,1.545,1.505,1.33%
2008/8/4,1.505,1.5,1.55,1.495,-0.33%
2008/8/1,1.51,1.495,1.54,1.495,-1.95%
2008/7/31,1.54,1.51,1.6,1.5,-0.32%
2008/7/30,1.545,1.535,1.565,1.525,1.64%
2008/7/29,1.52,1.57,1.57,1.52,-2.88%
2008/7/28,1.565,1.605,1.63,1.55,-0.63%
2008/7/25,1.575,1.595,1.65,1.57,-3.37%
2008/7/24,1.63,1.625,1.7,1.625,-0.31%
2008/7/23,1.635,1.675,1.675,1.63,1.24%
2008/7/22,1.615,1.63,1.63,1.585,-0.31%
2008/7/18,1.62,1.65,1.65,1.57,1.57%
2008/7/17,1.595,1.66,1.66,1.575,0.38%
2008/7/16,1.589,1.58,1.589,1.55,0.25%
2008/7/15,1.585,1.545,1.585,1.53,-0.31%
2008/7/14,1.59,1.65,1.65,1.56,-0.31%
2008/7/11,1.595,1.62,1.63,1.5,-0.93%
2008/7/10,1.61,1.58,1.61,1.565,-0.31%
2008/7/9,1.615,1.65,1.665,1.61,0.00%
2008/7/8,1.615,1.66,1.7,1.61,-1.52%
2008/7/7,1.64,1.67,1.71,1.64,-0.30%
2008/7/4,1.645,1.655,1.675,1.62,-0.60%
2008/7/3,1.655,1.665,1.705,1.615,-0.30%
2008/7/2,1.66,1.685,1.69,1.645,-1.19%
2008/7/1,1.68,1.69,1.69,1.635,5.33%
2008/6/30,1.595,1.605,1.615,1.59,-1.85%
2008/6/27,1.625,1.59,1.65,1.59,-1.81%
2008/6/26,1.655,1.69,1.69,1.645,-0.30%
2008/6/25,1.66,1.64,1.705,1.64,-2.64%
2008/6/24,1.705,1.71,1.735,1.695,-0.58%
2008/6/23,1.715,1.755,1.755,1.71,-2.28%
2008/6/20,1.755,1.765,1.81,1.735,-2.50%
2008/6/19,1.8,1.725,1.8,1.725,1.12%
2008/6/18,1.78,1.835,1.84,1.755,-2.47%
2008/6/17,1.825,1.81,1.9,1.81,-2.93%
2008/6/16,1.88,1.785,1.9,1.785,0.80%
2008/6/13,1.865,1.85,1.9,1.8,1.08%
2008/6/12,1.845,1.84,1.85,1.785,0.27%
2008/6/11,1.84,1.85,1.855,1.81,3.66%
2008/6/10,1.775,1.73,1.85,1.73,2.60%
2008/6/9,1.73,1.7,1.75,1.7,-2.81%
2008/6/6,1.78,1.77,1.805,1.73,1.42%
2008/6/5,1.755,1.8,1.8,1.725,-1.40%
2008/6/4,1.78,1.725,1.79,1.725,3.49%
2008/6/3,1.72,1.79,1.79,1.715,-1.43%
2008/6/2,1.745,1.76,1.795,1.745,-0.85%
2008/5/30,1.76,1.785,1.81,1.74,1.15%
2008/5/29,1.74,1.8,1.81,1.74,-1.42%
2008/5/28,1.765,1.8,1.8,1.73,0.28%
2008/5/27,1.76,1.74,1.8,1.735,0.00%
2008/5/26,1.76,1.655,1.8,1.655,3.83%
2008/5/23,1.695,1.66,1.78,1.66,2.73%
2008/5/22,1.65,1.61,1.75,1.58,1.85%
2008/5/21,1.62,1.595,1.645,1.595,0.31%
2008/5/20,1.615,1.66,1.675,1.615,-3.00%
2008/5/19,1.665,1.745,1.745,1.645,-0.60%
2008/5/16,1.675,1.71,1.71,1.65,0.00%
2008/5/15,1.675,1.72,1.74,1.67,2.13%
2008/5/14,1.64,1.65,1.73,1.585,3.80%
2008/5/13,1.58,1.58,1.7,1.58,-1.25%
2008/5/12,1.6,1.56,1.6,1.55,-0.93%
2008/5/9,1.615,1.615,1.645,1.55,-1.82%
2008/5/8,1.645,1.665,1.69,1.635,0.00%
2008/5/7,1.645,1.645,1.71,1.63,0.61%
2008/5/2,1.635,1.5,1.65,1.5,2.19%
2008/5/1,1.6,1.5,1.6,1.5,-1.54%
2008/4/30,1.625,1.555,1.64,1.53,-2.99%
2008/4/28,1.675,1.595,1.675,1.595,4.04%
2008/4/25,1.61,1.6,1.64,1.495,7.69%
2008/4/24,1.495,1.5,1.5,1.44,2.75%
2008/4/23,1.455,1.485,1.485,1.435,0.34%
2008/4/22,1.45,1.42,1.48,1.42,3.57%
2008/4/21,1.4,1.45,1.455,1.4,-0.36%
2008/4/18,1.405,1.405,1.405,1.375,1.44%
2008/4/17,1.385,1.4,1.4,1.36,2.97%
2008/4/16,1.345,1.395,1.395,1.34,0.37%
2008/4/15,1.34,1.35,1.365,1.335,0.37%
2008/4/14,1.335,1.3,1.375,1.3,-2.27%
2008/4/11,1.366,1.32,1.4,1.315,2.17%
2008/4/10,1.337,1.35,1.365,1.325,-0.37%
2008/4/9,1.342,1.315,1.35,1.315,-0.22%
2008/4/8,1.345,1.345,1.35,1.295,-0.81%
2008/4/7,1.356,1.315,1.36,1.305,1.73%
2008/4/4,1.333,1.36,1.365,1.33,-0.67%
2008/4/3,1.342,1.4,1.4,1.325,-1.03%
2008/4/2,1.356,1.385,1.385,1.34,-0.07%
2008/4/1,1.357,1.3,1.36,1.3,5.52%
2008/3/31,1.286,1.275,1.286,1.265,0.39%
2008/3/28,1.281,1.27,1.29,1.23,0.00%
2008/3/27,1.281,1.25,1.285,1.25,0.39%
2008/3/26,1.276,1.25,1.285,1.22,1.11%
2008/3/25,1.262,1.3,1.3,1.245,0.00%
2008/3/24,1.262,1.29,1.29,1.25,-1.48%
2008/3/21,1.281,1.245,1.32,1.245,0.39%
2008/3/19,1.276,1.34,1.34,1.235,-1.47%
2008/3/18,1.295,1.35,1.365,1.27,1.49%
2008/3/17,1.276,1.365,1.365,1.215,0.00%
2008/3/14,1.276,1.295,1.32,1.245,-0.39%
2008/3/13,1.281,1.325,1.34,1.275,-4.26%
2008/3/12,1.338,1.33,1.4,1.33,0.00%
2008/3/11,1.338,1.305,1.34,1.305,0.38%
2008/3/10,1.333,1.325,1.4,1.325,-0.74%
2008/3/7,1.343,1.3,1.4,1.3,-1.40%
2008/3/6,1.362,1.37,1.4,1.345,-1.02%
2008/3/5,1.376,1.385,1.425,1.365,0.29%
2008/3/4,1.372,1.39,1.39,1.335,1.40%
2008/3/3,1.353,1.33,1.36,1.32,-1.02%
2008/2/29,1.367,1.415,1.43,1.355,-4.00%
2008/2/28,1.424,1.44,1.495,1.415,-2.93%
2008/2/27,1.467,1.47,1.5,1.42,-0.95%
2008/2/26,1.481,1.475,1.535,1.475,-0.60%
2008/2/25,1.49,1.465,1.495,1.455,0.00%
2008/2/22,1.49,1.445,1.535,1.435,0.61%
2008/2/21,1.481,1.43,1.5,1.43,0.07%
2008/2/20,1.48,1.465,1.5,1.42,0.89%
2008/2/19,1.467,1.465,1.5,1.46,0.69%
2008/2/18,1.457,1.445,1.465,1.44,0.00%
2008/2/15,1.457,1.465,1.465,1.45,-0.68%
2008/2/14,1.467,1.47,1.5,1.41,2.30%
2008/2/13,1.434,1.4,1.434,1.4,2.06%
2008/2/12,1.405,1.435,1.435,1.4,-2.36%
2008/2/8,1.439,1.5,1.5,1.41,0.70%
2008/2/7,1.429,1.425,1.435,1.405,-0.35%
2008/2/6,1.434,1.455,1.475,1.375,-2.25%
2008/2/5,1.467,1.495,1.52,1.46,0.00%
2008/2/4,1.467,1.5,1.5,1.43,2.66%
2008/2/1,1.429,1.405,1.45,1.405,-1.65%
2008/1/31,1.453,1.44,1.48,1.41,0.69%
2008/1/30,1.443,1.52,1.52,1.42,-2.57%
2008/1/29,1.481,1.455,1.481,1.435,3.28%
2008/1/28,1.434,1.475,1.475,1.405,-3.50%
2008/1/25,1.486,1.44,1.49,1.425,6.83%
2008/1/24,1.391,1.43,1.43,1.375,1.38%
2008/1/23,1.372,1.35,1.372,1.315,4.73%
2008/1/22,1.31,1.34,1.345,1.295,-3.18%
2008/1/21,1.353,1.4,1.4,1.345,-3.70%
2008/1/18,1.405,1.405,1.405,1.38,-2.36%
2008/1/17,1.439,1.405,1.439,1.38,3.45%
2008/1/16,1.391,1.405,1.425,1.38,-2.66%
2008/1/15,1.429,1.43,1.44,1.42,-0.97%
2008/1/11,1.443,1.45,1.5,1.41,0.00%
2008/1/10,1.443,1.47,1.475,1.44,-1.64%
2008/1/9,1.467,1.465,1.475,1.44,-0.61%
2008/1/8,1.476,1.46,1.48,1.445,0.61%
2008/1/7,1.467,1.465,1.475,1.45,-0.61%
2008/1/4,1.476,1.41,1.505,1.41,-2.19%
2007/12/28,1.509,1.55,1.55,1.5,-1.82%
2007/12/27,1.537,1.585,1.585,1.537,-1.22%
2007/12/26,1.556,1.57,1.575,1.55,-1.77%
2007/12/25,1.584,1.57,1.595,1.565,1.80%
2007/12/21,1.556,1.54,1.56,1.52,2.17%
2007/12/20,1.523,1.48,1.535,1.48,2.21%
2007/12/19,1.49,1.555,1.555,1.49,-3.37%
2007/12/18,1.542,1.545,1.56,1.53,-0.90%
2007/12/17,1.556,1.57,1.585,1.545,0.26%
2007/12/14,1.552,1.52,1.555,1.52,3.47%
2007/12/13,1.5,1.515,1.53,1.5,-1.83%
2007/12/12,1.528,1.525,1.53,1.52,-3.84%
2007/12/11,1.589,1.58,1.595,1.575,1.47%
2007/12/10,1.566,1.58,1.595,1.555,0.00%
2007/12/7,1.566,1.575,1.585,1.515,0.32%
2007/12/6,1.561,1.52,1.57,1.515,4.41%
2007/12/5,1.495,1.45,1.5,1.435,4.84%
2007/12/4,1.426,1.455,1.46,1.405,-2.60%
2007/12/3,1.464,1.5,1.5,1.42,-1.94%
2007/11/30,1.493,1.48,1.493,1.46,-0.60%
2007/11/29,1.502,1.52,1.52,1.48,0.00%
2007/11/28,1.502,1.54,1.54,1.48,-1.25%
2007/11/27,1.521,1.475,1.53,1.425,1.26%
2007/11/26,1.502,1.465,1.502,1.42,4.96%
2007/11/22,1.431,1.415,1.63,1.395,-0.69%
2007/11/21,1.441,1.475,1.49,1.42,-3.16%
2007/11/20,1.488,1.435,1.488,1.43,0.61%
2007/11/19,1.479,1.485,1.485,1.465,-0.60%
2007/11/16,1.488,1.49,1.49,1.46,-1.59%
2007/11/15,1.512,1.515,1.52,1.495,0.93%
2007/11/14,1.498,1.495,1.53,1.485,-0.33%
2007/11/13,1.503,1.51,1.515,1.485,-2.15%
2007/11/12,1.536,1.525,1.536,1.495,-0.58%
2007/11/9,1.545,1.545,1.565,1.52,-0.64%
2007/11/8,1.555,1.555,1.56,1.535,-1.21%
2007/11/7,1.574,1.58,1.615,1.56,-0.25%
2007/11/6,1.578,1.555,1.59,1.555,-0.63%
2007/11/5,1.588,1.565,1.588,1.55,-0.25%
2007/11/2,1.592,1.61,1.665,1.575,-4.56%
2007/11/1,1.668,1.645,1.675,1.645,3.54%
2007/10/31,1.611,1.61,1.62,1.6,-0.86%
2007/10/30,1.625,1.62,1.63,1.605,0.87%
2007/10/29,1.611,1.64,1.645,1.6,-1.17%
2007/10/26,1.63,1.61,1.635,1.58,1.18%
2007/10/25,1.611,1.6,1.611,1.56,2.35%
2007/10/24,1.574,1.59,1.59,1.56,-1.44%
2007/10/23,1.597,1.595,1.597,1.58,0.88%
2007/10/22,1.583,1.555,1.605,1.535,-1.43%
2007/10/19,1.606,1.66,1.66,1.6,-2.01%
2007/10/18,1.639,1.635,1.665,1.63,-1.74%
2007/10/17,1.668,1.685,1.7,1.645,-1.07%
2007/10/16,1.686,1.75,1.75,1.68,-2.71%
2007/10/15,1.733,1.705,1.75,1.705,1.35%
2007/10/12,1.71,1.735,1.745,1.71,-1.61%
2007/10/11,1.738,1.73,1.745,1.72,0.58%
2007/10/10,1.728,1.725,1.74,1.715,0.82%
2007/10/9,1.714,1.725,1.745,1.7,0.53%
2007/10/5,1.705,1.705,1.705,1.69,-0.53%
2007/10/4,1.714,1.7,1.725,1.69,1.90%
2007/10/3,1.682,1.67,1.7,1.67,-0.83%
2007/10/2,1.696,1.675,1.7,1.665,1.44%
2007/10/1,1.672,1.67,1.672,1.67,-0.30%
2007/9/28,1.677,1.7,1.72,1.67,-2.44%
2007/9/27,1.719,1.66,1.73,1.66,2.50%
2007/9/26,1.677,1.69,1.695,1.65,-0.30%
2007/9/25,1.682,1.665,1.7,1.655,0.00%
2007/9/21,1.682,1.66,1.705,1.63,2.87%
2007/9/20,1.635,1.6,1.64,1.59,1.74%
2007/9/19,1.607,1.565,1.607,1.53,3.34%
2007/9/18,1.555,1.545,1.555,1.53,0.00%
2007/9/14,1.555,1.565,1.58,1.53,0.97%
2007/9/13,1.54,1.55,1.55,1.51,0.92%
2007/9/12,1.526,1.545,1.55,1.515,-1.55%
2007/9/11,1.55,1.52,1.55,1.52,-2.94%
2007/9/10,1.597,1.585,1.597,1.5,0.00%
2007/9/7,1.597,1.655,1.655,1.585,-1.48%
2007/9/6,1.621,1.595,1.625,1.585,-0.86%
2007/9/5,1.635,1.63,1.65,1.63,0.74%
2007/9/4,1.623,1.635,1.635,1.595,-1.16%
2007/9/3,1.642,1.61,1.642,1.6,1.17%
2007/8/31,1.623,1.5,1.623,1.5,3.05%
2007/8/30,1.575,1.59,1.595,1.555,-0.94%
2007/8/29,1.59,1.535,1.61,1.535,-2.33%
2007/8/28,1.628,1.595,1.628,1.59,0.00%
2007/8/27,1.628,1.595,1.628,1.59,1.18%
2007/8/24,1.609,1.58,1.609,1.57,-0.25%
2007/8/23,1.613,1.605,1.613,1.565,1.45%
2007/8/22,1.59,1.53,1.59,1.53,2.19%
2007/8/21,1.556,1.565,1.58,1.535,-2.99%
2007/8/20,1.604,1.6,1.62,1.565,0.56%
2007/8/17,1.595,1.62,1.635,1.565,-2.86%
2007/8/16,1.642,1.615,1.665,1.615,-0.55%
2007/8/15,1.651,1.665,1.7,1.615,-3.05%
2007/8/14,1.703,1.71,1.715,1.68,-1.10%
2007/8/13,1.722,1.73,1.73,1.7,0.00%
2007/8/10,1.722,1.75,1.775,1.675,-3.42%
2007/8/9,1.783,1.755,1.81,1.745,1.02%
2007/8/8,1.765,1.75,1.765,1.725,1.67%
2007/8/7,1.736,1.735,1.75,1.71,-0.29%
2007/8/6,1.741,1.73,1.775,1.715,-1.58%
2007/8/3,1.769,1.815,1.815,1.76,-2.86%
2007/8/2,1.821,1.79,1.821,1.775,2.94%
2007/8/1,1.769,1.775,1.795,1.755,-2.10%
2007/7/31,1.807,1.805,1.825,1.79,0.00%
2007/7/30,1.807,1.77,1.815,1.755,0.78%
2007/7/27,1.793,1.805,1.85,1.78,-3.50%
2007/7/26,1.858,1.87,1.88,1.855,-0.48%
2007/7/25,1.867,1.85,1.867,1.85,-0.27%
2007/7/24,1.872,1.88,1.885,1.855,0.27%
2007/7/23,1.867,1.865,1.885,1.85,-1.01%
2007/7/20,1.886,1.9,1.905,1.88,-0.95%
2007/7/19,1.904,1.915,1.955,1.895,-0.26%
2007/7/18,1.909,1.94,1.94,1.905,-0.47%
2007/7/17,1.918,1.905,1.935,1.905,-0.47%
2007/7/13,1.927,1.95,1.95,1.915,0.68%
2007/7/12,1.914,1.91,1.95,1.88,1.75%
2007/7/11,1.881,1.945,1.965,1.875,-3.59%
2007/7/10,1.951,1.945,1.97,1.945,0.26%
2007/7/9,1.946,1.965,1.965,1.945,0.46%
2007/7/6,1.937,1.94,1.95,1.925,1.95%
2007/7/5,1.9,1.89,1.93,1.89,-0.21%
2007/7/4,1.904,1.9,1.915,1.885,1.33%
2007/7/3,1.879,1.855,1.895,1.845,-0.21%
2007/7/2,1.883,1.86,1.895,1.86,1.24%
2007/6/29,1.86,1.915,1.92,1.86,-2.41%
2007/6/28,1.906,1.855,1.925,1.855,2.75%
2007/6/27,1.855,1.88,1.885,1.855,-1.49%
2007/6/26,1.883,1.88,1.895,1.875,-0.48%
2007/6/25,1.892,1.885,1.9,1.88,-0.26%
2007/6/22,1.897,1.94,1.94,1.885,-1.20%
2007/6/21,1.92,1.94,1.94,1.915,1.96%
2007/6/20,1.883,1.925,1.925,1.883,-2.18%
2007/6/19,1.925,1.875,1.935,1.875,1.74%
2007/6/18,1.892,1.99,1.99,1.892,-2.17%
2007/6/15,1.934,1.99,1.99,1.934,-0.97%
2007/6/14,1.953,1.965,1.965,1.953,-0.46%
2007/6/13,1.962,1.995,1.995,1.962,2.19%
2007/6/12,1.92,1.935,1.94,1.91,0.68%
2007/6/11,1.907,1.92,1.92,1.907,0.74%
2007/6/8,1.893,1.905,1.905,1.893,1.50%
2007/6/7,1.865,1.87,1.87,1.865,1.25%
2007/6/6,1.842,1.81,1.845,1.81,0.71%
2007/6/5,1.829,1.8,1.845,1.8,1.78%
2007/6/4,1.797,1.805,1.805,1.797,1.30%
2007/6/1,1.774,1.765,1.785,1.765,1.60%
2007/5/31,1.746,1.745,1.765,1.73,0.58%
2007/5/30,1.736,1.755,1.755,1.73,-0.29%
2007/5/29,1.741,1.745,1.76,1.74,0.52%
2007/5/28,1.732,1.74,1.74,1.72,0.81%
2007/5/25,1.718,1.72,1.73,1.685,1.42%
2007/5/24,1.694,1.7,1.72,1.69,0.53%
2007/5/23,1.685,1.7,1.7,1.655,2.56%
2007/5/22,1.643,1.645,1.645,1.63,-0.30%
2007/5/21,1.648,1.7,1.7,1.645,0.00%
2007/5/18,1.648,1.645,1.648,1.63,0.61%
2007/5/17,1.638,1.68,1.68,1.62,-1.97%
2007/5/16,1.671,1.7,1.7,1.665,-1.65%
2007/5/15,1.699,1.7,1.7,1.665,1.68%
2007/5/14,1.671,1.67,1.68,1.66,1.70%
2007/5/11,1.643,1.67,1.67,1.64,-1.38%
2007/5/10,1.666,1.685,1.685,1.665,-0.60%
2007/5/9,1.676,1.65,1.7,1.65,1.45%
2007/5/8,1.652,1.65,1.655,1.645,-0.30%
2007/5/7,1.657,1.655,1.657,1.655,1.16%
2007/5/2,1.638,1.605,1.638,1.605,1.11%
2007/5/1,1.62,1.605,1.62,1.6,-0.86%
2007/4/27,1.634,1.675,1.675,1.62,-1.68%
2007/4/26,1.662,1.665,1.665,1.645,0.30%
2007/4/25,1.657,1.66,1.66,1.645,-1.13%
2007/4/24,1.676,1.7,1.7,1.67,-0.83%
2007/4/23,1.69,1.695,1.695,1.68,0.30%
2007/4/20,1.685,1.68,1.695,1.675,0.54%
2007/4/19,1.676,1.7,1.705,1.665,-1.35%
2007/4/18,1.699,1.715,1.715,1.699,0.00%
2007/4/17,1.699,1.695,1.7,1.695,-0.29%
2007/4/16,1.704,1.69,1.71,1.69,1.97%
2007/4/13,1.671,1.67,1.671,1.67,-0.30%
2007/4/12,1.676,1.675,1.676,1.675,1.45%
2007/4/11,1.652,1.69,1.69,1.645,-2.25%
2007/4/10,1.69,1.69,1.69,1.675,0.30%
2007/4/9,1.685,1.71,1.73,1.68,0.54%
2007/4/6,1.676,1.695,1.7,1.67,-0.83%
2007/4/5,1.69,1.7,1.7,1.67,0.00%
2007/4/4,1.69,1.665,1.695,1.66,1.68%
2007/4/3,1.662,1.66,1.662,1.65,0.30%
2007/4/2,1.657,1.7,1.7,1.645,-0.30%
2007/3/30,1.662,1.665,1.665,1.645,0.54%
2007/3/29,1.653,1.685,1.685,1.645,-1.67%
2007/3/28,1.681,1.65,1.7,1.65,2.00%
2007/3/27,1.648,1.645,1.66,1.64,-1.14%
2007/3/26,1.667,1.6,1.667,1.6,2.90%
2007/3/23,1.62,1.575,1.62,1.575,3.65%
2007/3/22,1.563,1.595,1.595,1.555,-0.89%
2007/3/20,1.577,1.595,1.595,1.57,-0.94%
2007/3/19,1.592,1.575,1.592,1.57,0.00%
2007/3/16,1.592,1.585,1.61,1.582,-0.62%
2007/3/15,1.602,1.601,1.62,1.595,1.20%
2007/3/14,1.583,1.605,1.62,1.575,-2.34%
2007/3/13,1.621,1.625,1.626,1.615,-0.25%
2007/3/12,1.625,1.648,1.65,1.61,0.25%
2007/3/9,1.621,1.628,1.638,1.61,-0.25%
2007/3/8,1.625,1.645,1.645,1.615,0.00%
2007/3/7,1.625,1.638,1.659,1.615,-0.85%
2007/3/6,1.639,1.65,1.658,1.635,0.24%
2007/3/5,1.635,1.655,1.663,1.628,-2.50%
2007/3/2,1.677,1.667,1.69,1.665,1.15%
2007/3/1,1.658,1.658,1.673,1.655,1.16%
2007/2/28,1.639,1.618,1.645,1.595,-0.61%
2007/2/27,1.649,1.66,1.663,1.645,-1.08%
2007/2/26,1.667,1.673,1.688,1.603,-0.89%
2007/2/23,1.682,1.673,1.688,1.673,0.90%
2007/2/22,1.667,1.708,1.708,1.665,-1.94%
2007/2/21,1.7,1.74,1.748,1.69,-0.82%
2007/2/20,1.714,1.735,1.753,1.714,-0.58%
2007/2/19,1.724,1.72,1.74,1.72,0.82%
2007/2/16,1.71,1.743,1.749,1.708,-2.12%
2007/2/15,1.747,1.755,1.76,1.735,0.81%
2007/2/14,1.733,1.745,1.76,1.733,-0.52%
2007/2/13,1.742,1.713,1.755,1.71,2.47%
2007/2/9,1.7,1.735,1.745,1.7,-1.62%
2007/2/8,1.728,1.73,1.758,1.728,-0.80%
2007/2/7,1.742,1.755,1.76,1.715,0.00%
2007/2/6,1.742,1.735,1.755,1.735,1.63%
2007/2/5,1.714,1.74,1.743,1.714,-0.81%
2007/2/2,1.728,1.737,1.745,1.725,0.82%
2007/2/1,1.714,1.703,1.725,1.695,0.53%
2007/1/31,1.705,1.713,1.723,1.705,-0.53%
2007/1/30,1.714,1.74,1.748,1.714,-0.29%
2007/1/29,1.719,1.713,1.738,1.71,3.68%
2007/1/26,1.658,1.65,1.708,1.642,0.00%
2007/1/25,1.658,1.682,1.693,1.655,-0.54%
2007/1/24,1.667,1.667,1.68,1.645,-0.06%
2007/1/23,1.668,1.663,1.67,1.657,0.60%
2007/1/22,1.658,1.658,1.678,1.652,-3.04%
2007/1/19,1.71,1.71,1.71,1.665,0.00%
2007/1/18,1.71,1.702,1.733,1.69,1.12%
2007/1/17,1.691,1.733,1.733,1.688,-2.93%
2007/1/16,1.742,1.765,1.768,1.742,0.00%
2007/1/15,1.742,1.747,1.775,1.742,0.00%
2007/1/12,1.742,1.76,1.765,1.742,0.23%
2007/1/11,1.738,1.74,1.745,1.738,-1.31%
2007/1/10,1.761,1.765,1.765,1.761,1.32%
2007/1/9,1.738,1.74,1.745,1.738,1.16%
2007/1/5,1.718,1.72,1.725,1.718,-0.29%
2007/1/4,1.723,1.725,1.73,1.723,1.95%
2006/12/29,1.69,1.69,1.698,1.678,1.08%
2006/12/28,1.672,1.673,1.7,1.645,1.46%
2006/12/27,1.648,1.606,1.656,1.6,4.11%
2006/12/26,1.583,1.595,1.595,1.57,-1.43%
2006/12/25,1.606,1.61,1.61,1.59,0.00%
2006/12/22,1.606,1.622,1.622,1.594,-0.56%
2006/12/21,1.615,1.643,1.648,1.609,-0.62%
2006/12/20,1.625,1.638,1.638,1.594,-1.99%
2006/12/19,1.658,1.703,1.704,1.65,-1.89%
2006/12/18,1.69,1.673,1.7,1.668,1.14%
2006/12/15,1.671,1.673,1.685,1.661,2.26%
2006/12/14,1.634,1.635,1.648,1.623,0.86%
2006/12/13,1.62,1.653,1.653,1.615,-1.70%
2006/12/12,1.648,1.659,1.668,1.645,-0.84%
2006/12/11,1.662,1.71,1.72,1.66,-2.24%
2006/12/8,1.7,1.71,1.725,1.683,1.13%
2006/12/7,1.681,1.681,1.718,1.68,1.69%
2006/12/6,1.653,1.665,1.67,1.648,2.48%
2006/12/5,1.613,1.633,1.635,1.595,-0.86%
2006/12/4,1.627,1.605,1.633,1.59,0.31%
2006/12/1,1.622,1.642,1.642,1.61,-2.58%
2006/11/30,1.665,1.7,1.7,1.655,-1.89%
2006/11/29,1.697,1.665,1.713,1.66,1.92%
2006/11/28,1.665,1.667,1.68,1.65,-0.83%
2006/11/27,1.679,1.697,1.697,1.659,0.30%
2006/11/24,1.674,1.661,1.678,1.661,-0.30%
2006/11/22,1.679,1.687,1.695,1.67,-0.83%
2006/11/21,1.693,1.695,1.708,1.68,0.00%
2006/11/20,1.693,1.728,1.728,1.685,-1.91%
2006/11/17,1.726,1.705,1.728,1.683,0.82%
2006/11/16,1.712,1.703,1.728,1.7,0.29%
2006/11/15,1.707,1.75,1.75,1.7,-1.61%
2006/11/14,1.735,1.703,1.752,1.703,3.64%
2006/11/13,1.674,1.68,1.688,1.665,-1.36%
2006/11/10,1.697,1.695,1.697,1.69,-1.11%
2006/11/9,1.716,1.71,1.716,1.71,-0.81%
2006/11/8,1.73,1.73,1.735,1.73,-1.76%
2006/11/7,1.761,1.77,1.773,1.761,0.00%
2006/11/6,1.761,1.745,1.783,1.745,2.74%
2006/11/2,1.714,1.705,1.728,1.703,-0.29%
2006/11/1,1.719,1.705,1.738,1.705,-0.29%
2006/10/31,1.724,1.74,1.747,1.72,-0.52%
2006/10/30,1.733,1.74,1.75,1.73,-0.29%
2006/10/27,1.738,1.753,1.76,1.73,-0.52%
2006/10/26,1.747,1.817,1.817,1.747,-2.57%
2006/10/25,1.793,1.82,1.835,1.793,-1.54%
2006/10/24,1.821,1.865,1.865,1.821,-0.49%
2006/10/23,1.83,1.817,1.858,1.817,1.78%
2006/10/20,1.798,1.817,1.828,1.798,0.00%
2006/10/19,1.798,1.818,1.823,1.798,0.00%
2006/10/18,1.798,1.81,1.818,1.798,0.28%
2006/10/17,1.793,1.808,1.815,1.793,0.00%
2006/10/16,1.793,1.796,1.815,1.79,1.59%
2006/10/13,1.765,1.76,1.79,1.76,1.03%
2006/10/12,1.747,1.776,1.776,1.747,0.29%
2006/10/11,1.742,1.752,1.782,1.742,1.04%
2006/10/10,1.724,1.707,1.765,1.707,1.11%
2006/10/6,1.705,1.738,1.745,1.705,-1.10%
2006/10/5,1.724,1.715,1.75,1.715,0.29%
2006/10/4,1.719,1.695,1.74,1.695,1.36%
2006/10/3,1.696,1.733,1.75,1.695,-2.42%
2006/10/2,1.738,1.718,1.753,1.713,3.64%
2006/9/29,1.677,1.655,1.688,1.655,1.15%
2006/9/28,1.658,1.68,1.683,1.655,0.00%
2006/9/27,1.658,1.63,1.693,1.63,2.28%
2006/9/26,1.621,1.625,1.648,1.615,-1.10%
2006/9/25,1.639,1.63,1.648,1.628,0.24%
2006/9/22,1.635,1.71,1.71,1.63,-4.11%
2006/9/21,1.705,1.69,1.723,1.69,1.13%
2006/9/20,1.686,1.67,1.695,1.67,-1.40%
2006/9/19,1.71,1.689,1.723,1.689,2.27%
2006/9/15,1.672,1.667,1.689,1.667,-0.83%
2006/9/14,1.686,1.685,1.688,1.673,0.30%
2006/9/13,1.681,1.7,1.72,1.675,-1.70%
2006/9/12,1.71,1.685,1.73,1.672,2.03%
2006/9/11,1.676,1.732,1.735,1.675,-3.23%
2006/9/8,1.732,1.723,1.748,1.705,1.35%
2006/9/7,1.709,1.72,1.725,1.708,-0.29%
2006/9/6,1.714,1.753,1.753,1.71,0.59%
2006/9/5,1.704,1.685,1.71,1.653,0.53%
2006/9/4,1.695,1.647,1.695,1.645,1.68%
2006/9/1,1.667,1.604,1.675,1.581,1.21%
2006/8/31,1.647,1.63,1.648,1.62,-2.02%
2006/8/30,1.681,1.692,1.695,1.657,-2.44%
2006/8/29,1.723,1.675,1.723,1.675,1.35%
2006/8/28,1.7,1.697,1.705,1.675,-2.07%
2006/8/25,1.736,1.765,1.767,1.7,-4.25%
2006/8/24,1.813,1.804,1.82,1.777,0.00%
2006/8/23,1.813,1.788,1.813,1.78,0.00%
2006/8/22,1.813,1.808,1.82,1.788,-0.77%
2006/8/21,1.827,1.848,1.855,1.81,-1.98%
2006/8/18,1.864,1.843,1.868,1.835,1.75%
2006/8/17,1.832,1.83,1.832,1.81,-0.76%
2006/8/16,1.846,1.85,1.853,1.83,-1.23%
2006/8/15,1.869,1.882,1.895,1.86,-1.22%
2006/8/14,1.892,1.865,1.895,1.864,1.99%
2006/8/11,1.855,1.915,1.915,1.835,-2.68%
2006/8/10,1.906,1.853,1.908,1.841,2.03%
2006/8/9,1.868,1.821,1.868,1.813,1.19%
2006/8/8,1.846,1.827,1.85,1.825,0.00%
2006/8/7,1.846,1.851,1.857,1.823,-1.96%
2006/8/4,1.883,1.88,1.893,1.87,0.27%
2006/8/3,1.878,1.887,1.895,1.87,-1.00%
2006/8/2,1.897,1.917,1.917,1.868,-1.71%
2006/8/1,1.93,1.94,1.943,1.918,-0.46%
2006/7/31,1.939,1.943,1.943,1.923,0.00%
2006/7/28,1.939,1.88,1.943,1.88,2.70%
2006/7/27,1.888,1.862,1.888,1.861,0.75%
2006/7/26,1.874,1.898,1.898,1.865,-0.74%
2006/7/25,1.888,1.88,1.895,1.858,1.02%
2006/7/24,1.869,1.818,1.87,1.818,2.02%
2006/7/21,1.832,1.817,1.835,1.8,0.27%
2006/7/20,1.827,1.845,1.858,1.815,-1.77%
2006/7/19,1.86,1.848,1.865,1.84,1.03%
2006/7/18,1.841,1.878,1.903,1.83,-0.75%
2006/7/14,1.855,1.945,1.945,1.843,-3.39%
2006/7/13,1.92,1.95,1.99,1.915,-1.23%
2006/7/12,1.944,1.988,1.988,1.913,-1.62%
2006/7/11,1.976,2,2,1.97,-0.25%
2006/7/10,1.981,1.99,1.998,1.958,0.97%
2006/7/7,1.962,1.995,1.998,1.958,-1.16%
2006/7/6,1.985,2.005,2.005,1.973,0.00%
2006/7/5,1.985,1.985,2,1.966,0.81%
2006/7/4,1.969,1.992,2,1.93,0.00%
2006/7/3,1.969,1.935,1.985,1.935,2.45%
2006/6/30,1.922,1.935,1.935,1.913,0.00%
2006/6/29,1.922,1.928,1.938,1.917,0.47%
2006/6/28,1.913,1.928,1.935,1.887,0.26%
2006/6/27,1.908,1.92,1.933,1.893,0.47%
2006/6/26,1.899,1.875,1.913,1.875,0.96%
2006/6/23,1.881,1.885,1.888,1.873,1.02%
2006/6/22,1.862,1.875,1.883,1.845,0.49%
2006/6/21,1.853,1.885,1.895,1.85,-0.48%
2006/6/20,1.862,1.838,1.888,1.838,1.75%
2006/6/19,1.83,1.835,1.84,1.81,0.55%
2006/6/16,1.82,1.787,1.838,1.787,1.51%
2006/6/15,1.793,1.775,1.817,1.775,0.00%
2006/6/14,1.793,1.774,1.807,1.763,-0.22%
2006/6/13,1.797,1.853,1.853,1.785,-2.55%
2006/6/12,1.844,1.85,1.873,1.84,-0.49%
2006/6/9,1.853,1.878,1.891,1.85,-0.48%
2006/6/8,1.862,1.895,1.897,1.86,-1.01%
2006/6/7,1.881,1.933,1.935,1.88,-2.39%
2006/6/6,1.927,1.895,1.938,1.888,2.72%
2006/6/5,1.876,1.902,1.92,1.87,-2.19%
2006/6/2,1.918,1.955,1.96,1.91,-0.83%
2006/6/1,1.934,1.885,1.934,1.825,5.63%
2006/5/31,1.831,1.85,1.85,1.795,-1.24%
2006/5/30,1.854,1.88,1.883,1.845,-1.28%
2006/5/29,1.878,1.874,1.888,1.86,0.54%
2006/5/26,1.868,1.873,1.896,1.86,0.00%
2006/5/25,1.868,1.85,1.868,1.827,1.25%
2006/5/24,1.845,1.81,1.845,1.805,1.82%
2006/5/23,1.812,1.835,1.843,1.8,-2.05%
2006/5/22,1.85,1.913,1.913,1.84,-3.65%
2006/5/19,1.92,1.963,1.973,1.91,-1.89%
2006/5/18,1.957,1.956,1.988,1.928,1.72%
2006/5/17,1.924,1.965,1.985,1.91,-2.14%
2006/5/16,1.966,1.984,2.008,1.964,-1.60%
2006/5/15,1.998,2.01,2.013,1.998,0.00%
2006/5/12,1.998,2.005,2.01,1.97,1.37%
2006/5/11,1.971,2.01,2.013,1.97,-1.35%
2006/5/10,1.998,1.985,2.013,1.975,2.15%
2006/5/9,1.956,1.995,2,1.956,-0.46%
2006/5/8,1.965,1.96,1.998,1.945,2.66%
2006/5/2,1.914,1.928,1.938,1.914,1.70%
2006/5/1,1.882,1.93,1.953,1.882,-1.93%
2006/4/28,1.919,1.977,1.998,1.919,-2.34%
2006/4/27,1.965,1.97,2,1.963,1.66%
2006/4/26,1.933,1.985,1.998,1.933,1.47%
2006/4/25,1.905,1.915,1.923,1.895,0.74%
2006/4/24,1.891,1.907,1.933,1.891,-0.99%
2006/4/21,1.91,1.926,1.978,1.903,0.26%
2006/4/20,1.905,1.915,1.93,1.905,1.22%
2006/4/19,1.882,1.96,1.97,1.88,-3.98%
2006/4/18,1.96,1.97,2.003,1.96,-0.51%
2006/4/17,1.97,1.99,2.005,1.965,0.51%
2006/4/14,1.96,1.975,2,1.94,1.66%
2006/4/13,1.928,1.885,1.943,1.885,2.17%
2006/4/12,1.887,1.902,1.905,1.868,0.00%
2006/4/11,1.887,1.928,1.928,1.887,0.27%
2006/4/10,1.882,1.89,1.965,1.882,0.21%
2006/4/7,1.878,1.888,1.91,1.878,0.54%
2006/4/6,1.868,1.853,1.88,1.833,1.25%
2006/4/5,1.845,1.853,1.87,1.845,0.54%
2006/4/4,1.835,1.883,1.883,1.835,3.09%
2006/4/3,1.78,1.778,1.86,1.778,0.79%
2006/3/31,1.766,1.853,1.853,1.766,-0.51%
2006/3/30,1.775,1.798,1.845,1.775,0.00%
2006/3/29,1.775,1.745,1.798,1.738,4.04%
2006/3/28,1.706,1.723,1.73,1.68,0.83%
2006/3/27,1.692,1.755,1.755,1.688,-2.14%
2006/3/24,1.729,1.74,1.755,1.729,0.82%
2006/3/23,1.715,1.738,1.753,1.715,-0.58%
2006/3/22,1.725,1.76,1.76,1.725,-0.23%
2006/3/20,1.729,1.738,1.755,1.713,0.82%
2006/3/17,1.715,1.722,1.745,1.705,-0.29%
2006/3/16,1.72,1.725,1.755,1.718,-0.06%
2006/3/15,1.721,1.68,1.745,1.675,2.50%
2006/3/14,1.679,1.697,1.712,1.679,-0.83%
2006/3/13,1.693,1.69,1.713,1.68,1.68%
2006/3/10,1.665,1.673,1.688,1.62,2.90%
2006/3/9,1.618,1.619,1.643,1.605,0.00%
2006/3/8,1.618,1.648,1.648,1.618,-2.00%
2006/3/7,1.651,1.658,1.673,1.635,0.86%
2006/3/6,1.637,1.648,1.653,1.633,0.86%
2006/3/3,1.623,1.698,1.705,1.623,-0.86%
2006/3/2,1.637,1.648,1.658,1.628,1.74%
2006/3/1,1.609,1.585,1.625,1.575,1.19%
2006/2/28,1.59,1.59,1.633,1.588,-0.87%
2006/2/27,1.604,1.62,1.635,1.603,-0.31%
2006/2/24,1.609,1.592,1.61,1.563,2.68%
2006/2/23,1.567,1.54,1.57,1.515,2.15%
2006/2/22,1.534,1.545,1.555,1.495,0.00%
2006/2/21,1.534,1.538,1.56,1.525,0.59%
2006/2/20,1.525,1.52,1.535,1.512,-0.26%
2006/2/17,1.529,1.588,1.588,1.525,-1.80%
2006/2/16,1.557,1.585,1.598,1.55,-1.21%
2006/2/15,1.576,1.615,1.615,1.575,-1.50%
2006/2/14,1.6,1.58,1.613,1.57,2.11%
2006/2/13,1.567,1.59,1.613,1.565,-2.31%
2006/2/10,1.604,1.595,1.615,1.568,2.36%
2006/2/9,1.567,1.59,1.595,1.565,-0.57%
2006/2/8,1.576,1.59,1.613,1.56,-0.63%
2006/2/7,1.586,1.593,1.6,1.57,1.21%
