日付,終値,始値,高値,安値,変化率 %
2026/8/14,4.305,4.272,4.314,4.262,0.28%
2026/8/13,4.293,4.285,4.309,4.271,0.05%
2026/8/12,4.291,4.303,4.312,4.289,-0.28%
2026/8/11,4.303,4.219,4.306,4.208,1.46%
2026/8/10,4.241,4.219,4.246,4.208,1.02%
2026/8/7,4.198,4.21,4.225,4.192,0.33%
2026/8/6,4.184,4.128,4.194,4.123,0.12%
2026/8/5,4.179,4.19,4.257,4.126,-1.65%
2026/8/4,4.249,4.235,4.264,4.221,-0.09%
2026/8/3,4.253,4.261,4.278,4.247,-0.21%
2026/7/31,4.262,4.283,4.283,4.245,-1.23%
2026/7/30,4.315,4.267,4.335,4.26,1.15%
2026/7/29,4.266,4.296,4.328,4.24,-0.70%
2026/7/28,4.296,4.331,4.332,4.285,-0.79%
2026/7/27,4.33,4.381,4.381,4.33,-2.78%
2026/7/24,4.454,4.44,4.455,4.398,1.62%
2026/7/23,4.383,4.386,4.572,4.362,0.67%
2026/7/22,4.354,4.359,4.397,4.351,0.53%
2026/7/21,4.331,4.35,4.373,4.322,-0.09%
2026/7/20,4.335,4.35,4.35,4.301,0.95%
2026/7/16,4.294,4.319,4.339,4.277,-0.44%
2026/7/15,4.313,4.316,4.427,4.307,0.05%
2026/7/14,4.311,4.293,4.333,4.293,1.32%
2026/7/13,4.255,4.267,4.282,4.236,0.73%
2026/7/10,4.224,4.272,4.28,4.209,-0.38%
2026/7/9,4.24,4.292,4.292,4.239,-0.19%
2026/7/8,4.248,4.28,4.282,4.236,0.85%
2026/7/7,4.212,4.21,4.226,4.175,0.26%
2026/7/6,4.201,4.213,4.213,4.167,0.12%
2026/7/3,4.196,4.176,4.212,4.154,0.38%
2026/7/2,4.18,4.193,4.204,4.172,0.55%
2026/7/1,4.157,4.07,4.209,4.07,1.39%
2026/6/30,4.1,4.136,4.136,4.078,-0.58%
2026/6/29,4.124,4.135,4.175,4.124,0.24%
2026/6/26,4.114,4.154,4.18,4.114,-0.17%
2026/6/25,4.121,4.121,4.145,4.121,-1.06%
2026/6/24,4.165,4.177,4.201,4.163,-0.31%
2026/6/23,4.178,4.211,4.232,4.176,-0.45%
2026/6/22,4.197,4.21,4.229,4.178,0.67%
2026/6/19,4.169,4.131,4.204,4.131,1.31%
2026/6/18,4.115,4.067,4.119,4.067,0.93%
2026/6/17,4.077,4.088,4.114,4.068,-0.75%
2026/6/16,4.108,4.121,4.157,4.097,-2.07%
2026/6/15,4.195,4.126,4.195,4.104,-0.14%
2026/6/12,4.201,4.237,4.249,4.201,-2.07%
2026/6/11,4.29,4.295,4.299,4.25,0.33%
2026/6/10,4.276,4.288,4.325,4.266,0.07%
2026/6/9,4.273,4.339,4.346,4.256,-1.79%
2026/6/8,4.351,4.306,4.366,4.285,2.55%
2026/6/5,4.243,4.216,4.276,4.196,0.33%
2026/6/4,4.229,4.184,4.236,4.159,2.52%
2026/6/2,4.125,4.188,4.198,4.11,-1.01%
2026/6/1,4.167,4.152,4.175,4.151,2.36%
2026/5/29,4.071,4.066,4.104,3.95,-3.26%
2026/5/28,4.208,4.096,4.222,4.081,2.51%
2026/5/27,4.105,4.06,4.105,4.057,0.84%
2026/5/26,4.071,4.071,4.076,4.044,-1.76%
2026/5/22,4.144,4.18,4.18,4.125,-0.91%
2026/5/21,4.182,4.166,4.295,4.13,-0.38%
2026/5/20,4.198,4.241,4.295,4.173,-0.40%
2026/5/19,4.215,4.249,4.256,4.201,-0.38%
2026/5/18,4.231,4.247,4.305,4.21,1.41%
2026/5/15,4.172,4.127,4.247,4.12,2.20%
2026/5/14,4.082,4.059,4.1,4.016,0.54%
2026/5/13,4.06,4.087,4.088,4.035,0.15%
2026/5/12,4.054,3.981,4.054,3.95,2.56%
2026/5/11,3.953,3.926,3.962,3.911,1.05%
2026/5/8,3.912,3.913,3.924,3.876,0.18%
2026/5/7,3.905,3.892,3.93,3.872,-0.76%
2026/5/6,3.935,3.931,3.985,3.93,0.05%
2026/5/4,3.933,3.916,3.938,3.878,2.32%
2026/4/30,3.844,3.905,3.938,3.843,0.05%
2026/4/29,3.842,3.872,3.905,3.841,-0.44%
2026/4/28,3.859,3.825,3.878,3.819,0.97%
2026/4/27,3.822,3.803,3.824,3.784,0.29%
2026/4/24,3.811,3.803,3.824,3.784,0.58%
2026/4/23,3.789,3.747,3.821,3.698,2.41%
2026/4/22,3.7,3.696,3.702,3.672,0.76%
2026/4/21,3.672,3.655,3.685,3.64,-0.49%
2026/4/20,3.69,3.715,3.715,3.664,-0.54%
2026/4/17,3.71,3.71,3.73,3.704,1.03%
2026/4/16,3.672,3.667,3.715,3.648,0.55%
2026/4/15,3.652,3.628,3.715,3.627,-0.25%
2026/4/14,3.661,3.675,3.715,3.647,-1.43%
2026/4/13,3.714,3.758,3.765,3.714,0.73%
2026/4/10,3.687,3.658,3.7,3.627,0.74%
2026/4/9,3.66,3.666,3.689,3.647,0.72%
2026/4/8,3.634,3.629,3.756,3.486,-2.78%
2026/4/7,3.738,3.732,3.77,3.71,0.38%
2026/4/6,3.724,3.761,3.765,3.703,-0.53%
2026/4/3,3.744,3.751,3.752,3.728,-1.68%
2026/4/2,3.808,3.72,3.816,3.682,3.23%
2026/4/1,3.689,3.881,3.881,3.681,-4.97%
2026/3/31,3.882,3.877,3.906,3.852,-0.18%
2026/3/30,3.889,3.944,3.955,3.88,-0.69%
2026/3/27,3.916,3.886,3.925,3.886,1.19%
2026/3/26,3.87,3.835,3.904,3.812,0.23%
2026/3/25,3.861,3.811,3.862,3.806,0.29%
2026/3/24,3.85,3.82,3.9,3.807,0.00%
2026/3/23,3.85,3.811,3.885,3.736,5.25%
2026/3/20,3.658,3.668,3.738,3.631,-0.97%
2026/3/19,3.694,3.688,3.699,3.677,1.32%
2026/3/18,3.646,3.664,3.695,3.594,-0.92%
2026/3/17,3.68,3.64,3.695,3.64,-0.84%
2026/3/16,3.711,3.701,3.721,3.654,0.84%
2026/3/13,3.68,3.679,3.692,3.669,0.88%
2026/3/12,3.648,3.647,3.649,3.647,0.86%
2026/3/11,3.617,3.613,3.624,3.578,-0.33%
2026/3/10,3.629,3.66,3.673,3.62,-2.99%
2026/3/9,3.741,3.746,3.801,3.617,3.46%
2026/3/6,3.616,3.631,3.637,3.597,0.64%
2026/3/5,3.593,3.587,3.637,3.555,-1.07%
2026/3/4,3.632,3.628,3.644,3.551,2.92%
2026/3/3,3.529,3.507,3.582,3.502,2.38%
2026/2/27,3.447,3.468,3.485,3.425,-1.71%
2026/2/26,3.507,3.545,3.568,3.467,-1.18%
2026/2/25,3.549,3.562,3.584,3.549,-1.14%
2026/2/24,3.59,3.541,3.611,3.537,0.42%
2026/2/23,3.575,3.554,3.58,3.537,0.03%
2026/2/20,3.574,3.579,3.58,3.531,-0.31%
2026/2/19,3.585,3.536,3.585,3.534,0.22%
2026/2/13,3.577,3.71,3.71,3.571,-2.21%
2026/2/12,3.658,3.655,3.71,3.575,0.44%
2026/2/11,3.642,3.71,3.71,3.623,-1.78%
2026/2/10,3.708,3.745,3.753,3.68,-1.20%
2026/2/9,3.753,3.714,3.765,3.71,0.75%
2026/2/6,3.725,3.639,3.725,3.626,1.44%
2026/2/5,3.672,3.694,3.703,3.659,-0.76%
2026/2/4,3.7,3.672,3.71,3.664,1.07%
2026/2/3,3.661,3.64,3.678,3.586,1.81%
2026/2/2,3.596,3.627,3.662,3.586,0.53%
2026/1/30,3.577,3.563,3.612,3.561,0.99%
2026/1/29,3.542,3.546,3.587,3.54,0.57%
2026/1/28,3.522,3.524,3.55,3.503,-0.51%
2026/1/27,3.54,3.525,3.558,3.524,-0.14%
2026/1/26,3.545,3.535,3.565,3.522,-1.53%
2026/1/23,3.6,3.575,3.605,3.565,0.87%
2026/1/22,3.569,3.575,3.601,3.563,-0.97%
2026/1/21,3.604,3.629,3.636,3.597,-1.29%
2026/1/20,3.651,3.58,3.656,3.56,3.72%
2026/1/19,3.52,3.53,3.569,3.515,0.98%
2026/1/16,3.486,3.502,3.516,3.477,-0.14%
2026/1/15,3.491,3.395,3.499,3.39,2.20%
2026/1/14,3.416,3.428,3.429,3.4,0.03%
2026/1/13,3.415,3.375,3.418,3.371,0.53%
2026/1/12,3.397,3.374,3.399,3.364,0.35%
2026/1/9,3.385,3.375,3.391,3.366,1.07%
2026/1/8,3.349,3.361,3.374,3.335,-0.12%
2026/1/7,3.353,3.38,3.385,3.353,-1.27%
2026/1/6,3.396,3.407,3.407,3.356,0.09%
2026/1/5,3.393,3.413,3.423,3.39,0.27%
2026/1/2,3.384,3.369,3.405,3.351,-0.03%
2025/12/31,3.385,3.385,3.385,3.385,0.00%
2025/12/30,3.385,3.316,3.385,3.313,0.92%
2025/12/29,3.354,3.366,3.368,3.335,-0.50%
2025/12/26,3.371,3.354,3.374,3.354,0.87%
2025/12/24,3.342,3.352,3.352,3.333,-1.15%
2025/12/23,3.381,3.384,3.404,3.359,0.87%
2025/12/22,3.352,3.351,3.37,3.346,0.69%
2025/12/19,3.329,3.294,3.337,3.293,0.54%
2025/12/18,3.311,3.31,3.334,3.285,-0.21%
2025/12/17,3.318,3.303,3.328,3.295,0.24%
2025/12/16,3.31,3.34,3.34,3.269,-1.93%
2025/12/15,3.375,3.405,3.415,3.324,-0.44%
2025/12/12,3.39,3.354,3.419,3.354,0.59%
2025/12/11,3.37,3.329,3.383,3.324,0.00%
2025/12/10,3.37,3.4,3.4,3.36,-1.09%
2025/12/9,3.407,3.404,3.472,3.398,0.24%
2025/12/8,3.399,3.386,3.399,3.352,0.71%
2025/12/5,3.375,3.374,3.388,3.354,0.12%
2025/12/4,3.371,3.366,3.405,3.356,-0.06%
2025/12/3,3.373,3.35,3.391,3.332,0.69%
2025/12/2,3.35,3.39,3.394,3.342,-1.09%
2025/12/1,3.387,3.348,3.401,3.34,1.32%
2025/11/28,3.343,3.334,3.409,3.318,-0.51%
2025/11/27,3.36,3.233,3.36,3.233,3.10%
2025/11/26,3.259,3.267,3.275,3.228,-0.18%
2025/11/25,3.265,3.255,3.308,3.239,-0.55%
2025/11/24,3.283,3.274,3.286,3.241,0.46%
2025/11/21,3.268,3.284,3.326,3.266,-0.88%
2025/11/20,3.297,3.291,3.323,3.273,0.37%
2025/11/19,3.285,3.258,3.295,3.258,0.74%
2025/11/18,3.261,3.323,3.323,3.258,-1.24%
2025/11/17,3.302,3.333,3.35,3.294,-0.33%
2025/11/14,3.313,3.302,3.356,3.198,1.28%
2025/11/13,3.271,3.269,3.274,3.208,-0.91%
2025/11/12,3.301,3.2,3.302,3.004,2.48%
2025/11/11,3.221,3.218,3.232,3.192,1.35%
2025/11/10,3.178,3.23,3.257,3.178,-1.37%
2025/11/7,3.222,3.175,3.236,3.171,2.06%
2025/11/6,3.157,3.154,3.199,3.147,1.38%
2025/11/5,3.114,3.093,3.116,3.069,1.10%
2025/11/4,3.08,3.132,3.153,3.078,0.75%
2025/11/3,3.057,3.062,3.078,3.049,-0.03%
2025/10/31,3.058,3.073,3.083,3.047,0.53%
2025/10/30,3.042,3.021,3.048,2.989,2.49%
2025/10/29,2.968,2.96,2.99,2.936,1.02%
2025/10/28,2.938,2.97,2.973,2.934,0.07%
2025/10/27,2.936,2.949,2.958,2.919,0.89%
2025/10/24,2.91,2.926,2.927,2.899,-0.07%
2025/10/23,2.912,2.855,2.915,2.855,1.11%
2025/10/22,2.88,2.896,2.904,2.871,-0.79%
2025/10/21,2.903,2.881,2.91,2.878,0.24%
2025/10/20,2.896,2.891,2.902,2.88,0.35%
2025/10/17,2.886,2.878,2.915,2.858,0.03%
2025/10/16,2.885,2.854,2.896,2.842,0.84%
2025/10/15,2.861,2.862,2.864,2.843,-0.14%
2025/10/14,2.865,2.903,2.91,2.865,-2.08%
2025/10/13,2.926,2.92,2.955,2.903,-1.08%
2025/10/10,2.958,2.985,2.999,2.958,0.03%
2025/10/2,2.957,2.945,2.979,2.937,-0.10%
2025/10/1,2.96,2.95,2.966,2.938,0.85%
2025/9/30,2.935,2.935,2.963,2.846,-0.10%
2025/9/29,2.938,2.942,2.953,2.927,-0.17%
2025/9/26,2.943,2.906,2.974,2.891,2.90%
2025/9/25,2.86,2.858,2.89,2.843,0.39%
2025/9/24,2.849,2.816,2.857,2.816,1.35%
2025/9/23,2.811,2.833,2.839,2.805,-0.67%
2025/9/22,2.83,2.824,2.846,2.813,1.43%
2025/9/19,2.79,2.793,2.82,2.785,2.27%
2025/9/18,2.728,2.795,2.835,2.728,-2.22%
2025/9/17,2.79,2.797,2.804,2.782,-0.07%
2025/9/16,2.792,2.805,2.814,2.786,-1.03%
2025/9/15,2.821,2.836,2.842,2.815,0.32%
2025/9/12,2.812,2.802,2.815,2.795,-0.46%
2025/9/11,2.825,2.822,2.831,2.807,0.36%
2025/9/10,2.815,2.866,2.866,2.815,-0.32%
2025/9/9,2.824,2.823,2.827,2.811,-0.95%
2025/9/8,2.851,2.833,2.857,2.831,-0.11%
2025/9/5,2.854,2.855,2.863,2.851,-1.38%
2025/9/4,2.894,2.875,2.897,2.873,-0.62%
2025/9/3,2.912,2.878,2.92,2.878,2.18%
2025/9/2,2.85,2.852,2.87,2.85,0.11%
2025/9/1,2.847,2.827,2.852,2.823,0.71%
2025/8/29,2.827,2.812,2.827,2.811,0.28%
2025/8/28,2.819,2.809,2.822,2.795,-0.21%
2025/8/27,2.825,2.84,2.855,2.824,-0.95%
2025/8/26,2.852,2.841,2.873,2.841,-0.07%
2025/8/25,2.854,2.835,2.86,2.829,-0.04%
2025/8/22,2.855,2.86,2.864,2.851,0.11%
2025/8/21,2.852,2.844,2.854,2.842,-0.07%
2025/8/20,2.854,2.852,2.864,2.848,0.35%
2025/8/19,2.844,2.84,2.865,2.834,0.60%
2025/8/18,2.827,2.826,2.839,2.701,1.47%
2025/8/14,2.786,2.787,2.793,2.782,-0.61%
2025/8/13,2.803,2.796,2.824,2.796,-0.14%
2025/8/12,2.807,2.798,2.808,2.795,0.97%
2025/8/11,2.78,2.782,2.788,2.77,0.11%
2025/8/8,2.777,2.764,2.777,2.758,0.36%
2025/8/7,2.767,2.772,2.783,2.727,-0.47%
2025/8/6,2.78,2.766,2.781,2.748,0.51%
2025/8/5,2.766,2.754,2.77,2.75,-0.50%
2025/8/4,2.78,2.756,2.84,2.756,-2.04%
2025/8/1,2.838,2.808,2.838,2.789,1.72%
2025/7/31,2.79,2.797,2.815,2.782,-0.18%
2025/7/30,2.795,2.79,2.8,2.786,-1.31%
2025/7/29,2.832,2.833,2.834,2.806,-1.01%
2025/7/28,2.861,2.852,2.865,2.826,0.21%
2025/7/25,2.855,2.846,2.859,2.837,0.88%
2025/7/24,2.83,2.828,2.85,2.825,0.00%
2025/7/23,2.83,2.83,2.848,2.824,-0.39%
2025/7/22,2.841,2.842,2.859,2.82,-1.08%
2025/7/21,2.872,2.87,2.88,2.856,-0.73%
2025/7/18,2.893,2.888,2.896,2.869,-0.38%
2025/7/17,2.904,2.884,2.908,2.873,0.87%
2025/7/16,2.879,2.9,2.913,2.875,0.14%
2025/7/15,2.875,2.873,2.9,2.873,-0.42%
2025/7/14,2.887,2.848,2.887,2.833,2.01%
2025/7/11,2.83,2.83,2.83,2.83,-10.04%
2025/7/10,3.146,2.825,3.146,2.805,9.96%
2025/7/9,2.861,2.85,2.865,2.847,0.49%
2025/7/8,2.847,2.845,2.855,2.834,0.25%
2025/7/7,2.84,2.828,2.847,2.82,0.46%
2025/7/4,2.827,2.819,2.835,2.813,-0.04%
2025/7/3,2.828,2.836,2.845,2.811,-0.21%
2025/7/2,2.834,2.772,2.839,2.772,1.69%
2025/7/1,2.787,2.8,2.815,2.776,-0.36%
2025/6/30,2.797,2.787,2.805,2.771,0.29%
2025/6/27,2.789,2.768,2.815,2.754,-0.43%
2025/6/26,2.801,2.817,2.819,2.795,-0.07%
2025/6/25,2.803,2.802,2.83,2.802,-0.95%
2025/6/24,2.83,2.829,2.84,2.818,-1.77%
2025/6/23,2.881,2.871,2.901,2.849,0.59%
2025/6/20,2.864,2.873,2.905,2.864,-0.73%
2025/6/19,2.885,2.879,2.885,2.865,0.31%
2025/6/18,2.876,2.871,2.884,2.85,0.63%
2025/6/17,2.858,2.863,2.885,2.829,-0.63%
2025/6/16,2.876,2.874,2.903,2.855,1.99%
2025/6/13,2.82,2.772,2.826,2.772,-0.42%
2025/6/12,2.832,2.829,2.839,2.812,-0.04%
2025/6/11,2.833,2.827,2.842,2.81,0.07%
2025/6/10,2.831,2.846,2.853,2.821,-1.29%
2025/6/9,2.868,2.929,2.929,2.864,-0.86%
2025/6/5,2.893,2.855,2.894,2.846,-0.10%
2025/6/4,2.896,2.826,2.9,2.826,3.39%
2025/6/2,2.801,2.782,2.807,2.777,0.36%
2025/5/30,2.791,2.716,2.804,2.712,2.88%
2025/5/29,2.713,2.717,2.757,2.685,-0.15%
2025/5/28,2.717,2.712,2.72,2.696,-0.22%
2025/5/27,2.723,2.744,2.75,2.711,-1.77%
2025/5/26,2.772,2.765,2.772,2.732,0.62%
2025/5/23,2.755,2.739,2.782,2.739,0.40%
2025/5/22,2.744,2.799,2.813,2.744,-0.72%
2025/5/21,2.764,2.715,2.781,2.668,1.54%
2025/5/20,2.722,2.702,2.73,2.698,-0.98%
2025/5/19,2.749,2.691,2.749,2.67,2.19%
2025/5/16,2.69,2.679,2.699,2.671,-1.47%
2025/5/15,2.73,2.747,2.747,2.73,0.48%
2025/5/14,2.717,2.726,2.741,2.716,0.04%
2025/5/13,2.716,2.716,2.734,2.703,1.15%
2025/5/12,2.685,2.698,2.7,2.666,0.56%
2025/5/9,2.67,2.656,2.672,2.652,1.68%
2025/5/8,2.626,2.596,2.628,2.568,0.88%
2025/5/7,2.603,2.611,2.616,2.595,0.39%
2025/5/2,2.593,2.578,2.603,2.569,0.04%
2025/4/30,2.592,2.589,2.597,2.553,-0.73%
2025/4/29,2.611,2.58,2.611,2.58,0.89%
2025/4/28,2.588,2.564,2.59,2.555,0.23%
2025/4/25,2.582,2.599,2.62,2.571,-1.60%
2025/4/24,2.624,2.56,2.624,2.56,0.50%
2025/4/23,2.611,2.605,2.614,2.592,-0.31%
2025/4/22,2.619,2.619,2.631,2.602,0.69%
2025/4/21,2.601,2.61,2.624,2.601,-0.84%
2025/4/18,2.623,2.633,2.651,2.612,-0.23%
2025/4/17,2.629,2.635,2.7,2.618,-0.19%
2025/4/16,2.634,2.65,2.65,2.629,-1.05%
2025/4/15,2.662,2.665,2.699,2.653,-1.70%
2025/4/14,2.708,2.696,2.712,2.688,0.56%
2025/4/11,2.693,2.745,2.748,2.693,-0.66%
2025/4/10,2.711,2.718,2.718,2.681,-0.62%
2025/4/9,2.728,2.675,2.78,2.675,0.92%
2025/4/8,2.703,2.721,2.74,2.647,1.96%
2025/4/7,2.651,2.64,2.672,2.633,-3.25%
2025/4/4,2.74,2.725,2.74,2.67,-0.33%
2025/4/3,2.749,2.686,2.951,2.685,-0.90%
2025/4/2,2.774,2.79,2.79,2.764,-1.03%
2025/4/1,2.803,2.772,2.819,2.772,1.12%
2025/3/31,2.772,2.795,2.8,2.771,-2.50%
2025/3/28,2.843,2.84,2.847,2.835,-0.28%
2025/3/27,2.851,2.851,2.855,2.833,0.04%
2025/3/26,2.85,2.827,2.851,2.821,0.39%
2025/3/25,2.839,2.832,2.845,2.816,0.75%
2025/3/24,2.818,2.814,2.818,2.79,0.54%
2025/3/21,2.803,2.801,2.812,2.793,-0.95%
2025/3/20,2.83,2.78,2.83,2.768,1.07%
2025/3/19,2.8,2.783,2.829,2.783,0.43%
2025/3/18,2.788,2.791,2.805,2.777,-0.64%
2025/3/17,2.806,2.817,2.839,2.803,-0.25%
2025/3/14,2.813,2.757,2.999,2.757,1.08%
2025/3/13,2.783,2.783,2.785,2.763,0.80%
2025/3/12,2.761,2.786,2.787,2.748,0.66%
2025/3/11,2.743,2.749,2.766,2.74,-1.93%
2025/3/10,2.797,2.768,2.798,2.762,0.18%
2025/3/7,2.792,2.8,2.801,2.765,-0.50%
2025/3/6,2.806,2.824,2.842,2.775,1.78%
2025/3/5,2.757,2.75,2.786,2.662,2.07%
2025/3/4,2.701,2.649,2.707,2.649,-0.84%
2025/2/28,2.724,2.757,2.761,2.703,-0.22%
2025/2/27,2.73,2.739,2.759,2.728,-0.58%
2025/2/26,2.746,2.75,2.795,2.742,-1.86%
2025/2/25,2.798,2.792,2.803,2.779,-0.60%
2025/2/24,2.815,2.823,2.83,2.812,-2.19%
2025/2/21,2.878,2.878,2.889,2.855,0.24%
2025/2/20,2.871,2.879,2.893,2.861,0.07%
2025/2/19,2.869,2.892,2.897,2.867,0.42%
2025/2/18,2.857,2.85,2.888,2.85,0.67%
2025/2/17,2.838,2.845,2.871,2.825,-0.28%
2025/2/14,2.846,2.841,2.862,2.837,-2.00%
2025/2/13,2.904,2.91,2.913,2.872,0.76%
2025/2/12,2.882,2.871,2.891,2.859,1.55%
2025/2/11,2.838,2.82,2.85,2.81,-0.56%
2025/2/10,2.854,2.839,2.86,2.828,1.35%
2025/2/7,2.816,2.805,2.847,2.798,1.81%
2025/2/6,2.766,2.777,2.794,2.761,-1.57%
2025/2/5,2.81,2.845,2.851,2.81,-0.78%
2025/2/4,2.832,2.852,2.865,2.818,0.00%
2025/2/3,2.832,2.865,2.867,2.814,-0.81%
2025/1/31,2.855,2.8,2.859,2.798,-0.21%
2025/1/24,2.861,2.854,2.868,2.818,0.88%
2025/1/23,2.836,2.836,2.848,2.826,0.21%
2025/1/22,2.83,2.823,2.839,2.817,0.39%
2025/1/21,2.819,2.82,2.84,2.784,-1.57%
2025/1/20,2.864,2.86,2.876,2.839,2.51%
2025/1/17,2.794,2.786,2.819,2.786,-0.32%
2025/1/16,2.803,2.8,2.836,2.796,-1.55%
2025/1/15,2.847,2.845,2.861,2.845,0.46%
2025/1/14,2.834,2.854,2.873,2.834,-0.74%
2025/1/13,2.855,2.876,2.888,2.806,6.45%
2025/1/10,2.682,2.804,2.837,2.682,-3.63%
2025/1/9,2.783,2.79,2.79,2.762,-0.61%
2025/1/8,2.8,2.839,2.839,2.796,-0.32%
2025/1/7,2.809,2.807,2.815,2.79,-0.67%
2025/1/6,2.828,2.824,2.834,2.734,3.48%
2025/1/3,2.733,2.748,2.752,2.706,-1.23%
2025/1/2,2.767,2.86,2.86,2.728,-3.62%
2024/12/31,2.871,2.872,2.872,2.871,0.56%
2024/12/30,2.855,2.94,2.94,2.848,-1.92%
2024/12/27,2.911,2.914,2.94,2.86,0.28%
2024/12/26,2.903,2.885,2.906,2.875,1.01%
2024/12/24,2.874,2.862,2.883,2.859,0.98%
2024/12/23,2.846,2.855,2.855,2.8,1.17%
2024/12/20,2.813,2.832,2.878,2.813,0.21%
2024/12/19,2.807,2.828,2.84,2.794,1.12%
2024/12/18,2.776,2.777,2.801,2.734,-0.14%
2024/12/17,2.78,2.72,2.791,2.712,1.94%
2024/12/16,2.727,2.721,2.735,2.707,1.91%
2024/12/13,2.676,2.72,2.724,2.676,-0.89%
2024/12/12,2.7,2.69,2.721,2.682,0.37%
2024/12/11,2.69,2.64,2.7,2.637,2.01%
2024/12/10,2.637,2.655,2.664,2.619,-2.33%
2024/12/9,2.7,2.753,2.756,2.694,-2.10%
2024/12/6,2.758,2.734,2.765,2.716,0.51%
2024/12/5,2.744,2.745,2.777,2.738,-0.80%
2024/12/4,2.766,2.751,2.772,2.715,2.22%
2024/12/3,2.706,2.674,2.719,2.655,-0.44%
2024/12/2,2.718,2.733,2.739,2.69,-1.63%
2024/11/29,2.763,2.783,2.783,2.74,-1.00%
2024/11/28,2.791,2.87,2.872,2.786,-3.39%
2024/11/27,2.889,2.894,2.894,2.875,-0.62%
2024/11/26,2.907,2.901,2.913,2.881,-1.09%
2024/11/25,2.939,2.942,2.949,2.917,-1.57%
2024/11/22,2.986,3.007,3.007,2.966,-0.53%
2024/11/21,3.002,3.015,3.02,2.968,-0.86%
2024/11/20,3.028,3.032,3.035,3.008,-0.13%
2024/11/19,3.032,3.041,3.06,3.028,-1.24%
2024/11/18,3.07,3.07,3.075,3.052,-0.49%
2024/11/15,3.085,3.075,3.088,3.061,-0.19%
2024/11/14,3.091,3.097,3.099,3.061,0.55%
2024/11/13,3.074,3.058,3.077,3.047,2.23%
2024/11/12,3.007,3.009,3.018,2.999,-1.25%
2024/11/11,3.045,3.038,3.299,3.027,-0.52%
2024/11/8,3.061,3.053,3.063,3.042,-1.77%
2024/11/7,3.116,3.13,3.143,3.095,-1.17%
2024/11/6,3.153,3.075,3.168,3.055,2.60%
2024/11/5,3.073,3.086,3.09,3.071,-0.77%
2024/11/4,3.097,3.107,3.107,3.088,0.58%
2024/11/1,3.079,3.113,3.116,3.073,-1.91%
2024/10/31,3.139,3.136,3.142,3.1,1.10%
2024/10/30,3.105,3.11,3.113,3.098,-0.48%
2024/10/29,3.12,3.104,3.137,3.097,0.35%
2024/10/28,3.109,3.11,3.117,3.073,1.93%
2024/10/25,3.05,3.069,3.069,3.045,-0.59%
2024/10/24,3.068,3.107,3.107,3.059,-1.82%
2024/10/23,3.125,3.137,3.161,3.125,-0.19%
2024/10/22,3.131,3.14,3.14,3.118,2.52%
2024/10/21,3.054,3.068,3.068,3.046,-0.46%
2024/10/18,3.068,3.061,3.068,3.049,1.76%
2024/10/17,3.015,3.012,3.025,3.001,-0.07%
2024/10/16,3.017,3.023,3.047,3.001,-1.60%
2024/10/15,3.066,3.069,3.069,3.044,-0.39%
2024/10/14,3.078,3.082,3.096,3.07,-0.23%
2024/10/11,3.085,3.08,3.087,3.054,0.19%
2024/10/10,3.079,3.079,3.091,3.047,-0.16%
2024/10/8,3.084,3.109,3.13,3.075,-0.80%
2024/10/7,3.109,3.056,3.111,2.994,3.81%
2024/10/4,2.995,2.999,3.006,2.988,1.84%
2024/10/2,2.941,2.951,2.99,2.924,-1.64%
2024/9/30,2.99,2.976,3.002,2.975,-0.30%
2024/9/27,2.999,3.006,3.008,2.994,0.00%
2024/9/26,2.999,3.024,3.025,2.996,-0.10%
2024/9/25,3.002,3.011,3.024,2.987,-0.46%
2024/9/24,3.016,3.017,3.023,2.998,0.07%
2024/9/23,3.014,3.009,3.027,2.997,0.84%
2024/9/20,2.989,2.979,3.001,2.97,0.50%
2024/9/19,2.974,2.998,3.012,2.974,1.16%
2024/9/13,2.94,2.923,2.961,2.923,-1.04%
2024/9/12,2.971,2.964,2.992,2.954,0.81%
2024/9/11,2.947,3.011,3.011,2.945,-2.09%
2024/9/10,3.01,3.005,3.029,3.001,-0.79%
2024/9/9,3.034,3.011,3.049,3.009,0.50%
2024/9/6,3.019,3.019,3.026,2.997,-0.23%
2024/9/5,3.026,3.021,3.046,3.019,-0.72%
2024/9/4,3.048,3.078,3.079,3.048,-2.53%
2024/9/3,3.127,3.119,3.133,3.107,0.39%
2024/9/2,3.115,3.105,3.118,3.102,0.78%
2024/8/30,3.091,3.072,3.091,3.064,0.29%
2024/8/29,3.082,3.055,3.085,3.053,0.55%
2024/8/28,3.065,3.083,3.091,3.053,-0.29%
2024/8/27,3.074,2.999,3.093,2.97,3.36%
2024/8/26,2.974,2.977,3.005,2.971,-1.20%
2024/8/23,3.01,3.006,3.01,2.998,0.80%
2024/8/22,2.986,2.99,2.996,2.953,0.27%
2024/8/21,2.978,2.97,3,2.965,-0.63%
2024/8/20,2.997,2.989,3.004,2.981,0.17%
2024/8/19,2.992,2.988,3.001,2.977,0.67%
2024/8/16,2.972,2.989,2.995,2.962,0.75%
2024/8/14,2.95,2.979,2.979,2.936,-0.81%
2024/8/13,2.974,2.969,3,2.969,-0.73%
2024/8/12,2.996,3.012,3.016,2.991,-0.66%
2024/8/9,3.016,3.021,3.029,2.997,0.63%
2024/8/8,2.997,2.999,3.011,2.976,0.74%
2024/8/7,2.975,3,3.024,2.975,-0.67%
2024/8/6,2.995,2.963,2.996,2.9,4.61%
2024/8/5,2.863,2.891,2.932,2.852,-4.05%
2024/8/2,2.984,2.973,3.015,2.958,-0.80%
2024/8/1,3.008,3.023,3.032,2.987,-1.89%
2024/7/31,3.066,3.054,3.072,3.04,0.46%
2024/7/30,3.052,3.045,3.058,3.029,0.20%
2024/7/29,3.046,3.08,3.08,3.045,-1.99%
2024/7/26,3.108,3.118,3.133,3.104,-1.24%
2024/7/25,3.147,3.141,3.147,3.116,0.54%
2024/7/24,3.13,3.171,3.176,3.128,-1.17%
2024/7/23,3.167,3.168,3.173,3.155,-0.03%
2024/7/22,3.168,3.16,3.189,3.16,0.35%
2024/7/19,3.157,3.145,3.164,3.137,0.19%
2024/7/18,3.151,3.141,3.185,3.13,0.57%
2024/7/17,3.133,3.121,3.185,3.105,-0.85%
2024/7/16,3.16,3.169,3.185,3.125,-0.50%
2024/7/15,3.176,3.17,3.269,3.17,-0.06%
2024/7/12,3.178,3.223,3.223,3.171,-1.61%
2024/7/11,3.23,3.454,3.454,3.203,1.00%
2024/7/10,3.198,3.205,3.218,3.18,0.41%
2024/7/9,3.185,3.188,3.192,3.171,-0.78%
2024/7/8,3.21,3.196,3.224,3.196,-0.34%
2024/7/5,3.221,3.244,3.25,3.22,-0.74%
2024/7/4,3.245,3.251,3.275,3.228,-1.04%
2024/7/3,3.279,3.285,3.299,3.271,-0.15%
2024/7/2,3.284,3.332,3.34,3.277,-0.82%
2024/7/1,3.311,3.325,3.334,3.308,0.88%
2024/6/28,3.282,3.286,3.3,3.263,-0.88%
2024/6/27,3.311,3.311,3.324,3.296,0.55%
2024/6/26,3.293,3.266,3.3,3.261,0.67%
2024/6/25,3.271,3.253,3.271,3.245,0.18%
2024/6/24,3.265,3.238,3.265,3.238,0.31%
2024/6/21,3.255,3.257,3.281,3.247,-0.58%
2024/6/20,3.274,3.275,3.275,3.229,0.55%
2024/6/19,3.256,3.252,3.26,3.231,-0.55%
2024/6/18,3.274,3.28,3.289,3.264,-0.76%
2024/6/17,3.299,3.273,3.299,3.273,-0.36%
2024/6/14,3.311,3.321,3.351,3.3,-0.81%
2024/6/13,3.338,3.34,3.344,3.329,-0.95%
2024/6/12,3.37,3.399,3.411,3.37,-1.75%
2024/6/11,3.43,3.429,3.434,3.408,-0.06%
2024/6/10,3.432,3.429,3.433,3.42,1.33%
2024/6/7,3.387,3.414,3.414,3.37,-2.36%
2024/6/5,3.469,3.476,3.476,3.427,-0.17%
2024/6/4,3.475,3.477,3.478,3.462,-1.95%
2024/6/3,3.544,3.589,3.589,3.526,-0.95%
2024/5/31,3.578,3.543,3.58,3.539,0.31%
2024/5/30,3.567,3.575,3.59,3.562,0.91%
2024/5/29,3.535,3.513,3.542,3.475,1.35%
2024/5/28,3.488,3.472,3.488,3.472,-0.29%
2024/5/27,3.498,3.495,3.51,3.489,-0.51%
2024/5/24,3.516,3.501,3.519,3.499,1.24%
2024/5/23,3.473,3.476,3.484,3.452,0.00%
2024/5/22,3.473,3.467,3.479,3.458,-0.52%
2024/5/21,3.491,3.506,3.506,3.487,-0.23%
2024/5/20,3.499,3.485,3.499,3.477,1.19%
2024/5/17,3.458,3.471,3.472,3.441,0.12%
2024/5/16,3.454,3.44,3.461,3.44,-2.59%
2024/5/14,3.546,3.56,3.567,3.543,-0.20%
2024/5/13,3.553,3.548,3.559,3.545,0.42%
2024/5/10,3.538,3.541,3.547,3.519,-0.48%
2024/5/9,3.555,3.553,3.562,3.543,0.79%
2024/5/8,3.527,3.53,3.542,3.52,-0.20%
2024/5/7,3.534,3.554,3.56,3.534,-2.13%
2024/5/3,3.611,3.623,3.631,3.601,-0.69%
2024/5/2,3.636,3.631,3.658,3.631,-0.55%
2024/4/30,3.656,3.665,3.672,3.636,-1.35%
2024/4/29,3.706,3.7,3.736,3.7,-0.13%
2024/4/26,3.711,3.761,3.767,3.71,0.24%
2024/4/25,3.702,3.7,3.716,3.691,1.56%
2024/4/24,3.645,3.624,3.651,3.609,0.58%
2024/4/23,3.624,3.616,3.635,3.614,-0.69%
2024/4/22,3.649,3.6,3.664,3.6,1.81%
2024/4/19,3.584,3.605,3.609,3.536,0.70%
2024/4/18,3.559,3.596,3.599,3.551,-2.28%
2024/4/17,3.642,3.65,3.67,3.601,0.77%
2024/4/16,3.614,3.582,3.614,3.573,1.49%
2024/4/15,3.561,3.553,3.572,3.534,0.56%
2024/4/12,3.541,3.582,3.595,3.536,-1.20%
2024/4/11,3.584,3.619,3.619,3.564,2.37%
2024/4/9,3.501,3.488,3.509,3.484,0.34%
2024/4/8,3.489,3.485,3.495,3.479,1.69%
2024/4/5,3.431,3.44,3.441,3.421,-0.72%
2024/4/4,3.456,3.44,3.46,3.434,0.09%
2024/4/3,3.453,3.44,3.464,3.44,0.82%
2024/4/2,3.425,3.427,3.436,3.411,1.45%
2024/4/1,3.376,3.405,3.425,3.375,-1.11%
2024/3/29,3.414,3.403,3.424,3.399,1.16%
2024/3/28,3.375,3.386,3.397,3.369,0.00%
2024/3/27,3.375,3.404,3.404,3.37,-0.56%
2024/3/26,3.394,3.392,3.397,3.374,0.74%
2024/3/25,3.369,3.315,3.381,3.315,0.24%
2024/3/22,3.361,3.405,3.412,3.35,-1.47%
2024/3/21,3.411,3.41,3.42,3.4,-1.39%
2024/3/20,3.459,3.447,3.466,3.442,-0.29%
2024/3/19,3.469,3.456,3.489,3.444,0.99%
2024/3/18,3.435,3.436,3.441,3.42,0.73%
2024/3/17,3.41,3.41,3.41,3.41,0.00%
2024/3/16,3.41,3.41,3.41,3.41,0.00%
2024/3/15,3.41,3.444,3.444,3.4,1.67%
2024/3/14,3.354,3.372,3.372,3.347,0.57%
2024/3/13,3.335,3.353,3.365,3.333,0.00%
2024/3/12,3.335,3.346,3.359,3.328,-0.15%
2024/3/11,3.34,3.339,3.348,3.323,0.57%
2024/3/10,3.321,3.321,3.321,3.321,0.00%
2024/3/9,3.321,3.321,3.321,3.321,-0.39%
2024/3/8,3.334,3.373,3.373,3.333,-1.91%
2024/3/7,3.399,3.349,3.406,3.349,0.53%
2024/3/6,3.381,3.387,3.399,3.369,-0.76%
2024/3/5,3.407,3.421,3.421,3.403,-0.79%
2024/3/4,3.434,3.42,3.441,3.414,-1.32%
2024/3/3,3.48,3.48,3.48,3.48,0.00%
2024/3/2,3.48,3.48,3.48,3.48,0.00%
2024/3/1,3.48,3.48,3.48,3.48,0.17%
2024/2/29,3.474,3.443,3.482,3.442,0.96%
2024/2/28,3.441,3.44,3.455,3.434,0.35%
2024/2/27,3.429,3.422,3.436,3.413,0.82%
2024/2/26,3.401,3.426,3.427,3.4,-2.27%
2024/2/25,3.48,3.48,3.48,3.48,0.00%
2024/2/24,3.48,3.48,3.48,3.48,0.37%
2024/2/23,3.467,3.44,3.467,3.418,1.32%
2024/2/22,3.422,3.501,3.506,3.4,-1.50%
2024/2/21,3.474,3.481,3.49,3.468,-0.43%
2024/2/20,3.489,3.487,3.5,3.463,0.72%
2024/2/19,3.464,3.483,3.495,3.463,-0.46%
2024/2/18,3.48,3.48,3.48,3.48,0.00%
2024/2/17,3.48,3.48,3.48,3.48,-0.06%
2024/2/16,3.482,3.487,3.506,3.472,0.26%
2024/2/15,3.473,3.466,3.477,3.448,-0.94%
2024/2/14,3.506,3.558,3.558,3.499,1.42%
2024/2/13,3.457,3.442,3.46,3.429,1.53%
2024/2/12,3.405,3.405,3.405,3.405,0.00%
2024/2/11,3.405,3.405,3.405,3.405,0.00%
2024/2/10,3.405,3.405,3.405,3.405,0.00%
2024/2/9,3.405,3.405,3.405,3.405,0.15%
2024/2/8,3.4,3.401,3.403,3.37,0.65%
2024/2/7,3.378,3.378,3.39,3.366,0.03%
2024/2/6,3.377,3.41,3.442,3.374,0.09%
2024/2/5,3.374,3.375,3.399,3.366,2.55%
2024/2/4,3.29,3.29,3.29,3.29,0.00%
2024/2/3,3.29,3.29,3.29,3.29,0.12%
2024/2/2,3.286,3.291,3.307,3.273,-1.59%
2024/2/1,3.339,3.298,3.343,3.295,-0.21%
2024/1/31,3.346,3.36,3.388,3.333,-0.06%
2024/1/30,3.348,3.379,3.394,3.347,-2.53%
2024/1/29,3.435,3.44,3.442,3.425,1.51%
2024/1/26,3.384,3.387,3.403,3.381,-1.11%
2024/1/25,3.422,3.457,3.464,3.418,0.65%
2024/1/24,3.4,3.419,3.427,3.4,0.86%
2024/1/23,3.371,3.365,3.39,3.357,0.12%
2024/1/22,3.367,3.393,3.393,3.365,-1.41%
2024/1/21,3.415,3.415,3.415,3.415,0.00%
2024/1/20,3.415,3.415,3.415,3.415,-0.23%
2024/1/19,3.423,3.41,3.432,3.405,1.24%
2024/1/18,3.381,3.39,3.402,3.379,0.21%
2024/1/17,3.374,3.372,3.384,3.343,1.57%
2024/1/16,3.322,3.32,3.34,3.313,0.97%
2024/1/15,3.29,3.301,3.308,3.279,-0.48%
2024/1/14,3.306,3.306,3.306,3.306,0.00%
2024/1/13,3.306,3.306,3.306,3.306,-0.12%
2024/1/12,3.31,3.29,3.311,3.285,0.21%
2024/1/11,3.303,3.336,3.339,3.297,-1.29%
2024/1/10,3.346,3.308,3.35,3.308,0.66%
2024/1/9,3.324,3.322,3.334,3.31,-0.54%
2024/1/8,3.342,3.37,3.377,3.333,0.15%
2024/1/7,3.337,3.337,3.337,3.337,0.00%
2024/1/6,3.337,3.337,3.337,3.337,-0.30%
2024/1/5,3.347,3.35,3.359,3.318,1.89%
2024/1/4,3.285,3.305,3.313,3.283,-1.59%
2024/1/3,3.338,3.301,3.344,3.277,0.94%
2024/1/2,3.307,3.26,3.313,3.257,4.16%
2024/1/1,3.175,3.175,3.175,3.175,0.00%
2023/12/31,3.175,3.175,3.175,3.175,0.00%
2023/12/30,3.175,3.175,3.175,3.175,0.00%
2023/12/29,3.175,3.175,3.175,3.175,-0.72%
2023/12/28,3.198,3.199,3.215,3.19,-1.99%
2023/12/27,3.263,3.288,3.289,3.246,0.06%
2023/12/26,3.261,3.292,3.31,3.261,-0.91%
2023/12/25,3.291,3.291,3.291,3.291,0.00%
2023/12/24,3.291,3.291,3.291,3.291,0.00%
2023/12/23,3.291,3.291,3.291,3.291,-0.51%
2023/12/22,3.308,3.277,3.342,3.277,0.18%
2023/12/21,3.302,3.271,3.302,3.254,0.76%
2023/12/20,3.277,3.31,3.336,3.27,-1.35%
2023/12/19,3.322,3.362,3.376,3.322,-0.30%
2023/12/18,3.332,3.344,3.36,3.307,-0.45%
2023/12/17,3.347,3.347,3.347,3.347,0.00%
2023/12/16,3.347,3.347,3.347,3.347,-0.45%
2023/12/15,3.362,3.348,3.367,3.338,0.60%
2023/12/14,3.342,3.323,3.379,3.3,-5.16%
2023/12/13,3.524,3.527,3.534,3.495,-0.06%
2023/12/12,3.526,3.544,3.556,3.516,-1.12%
2023/12/11,3.566,3.563,3.578,3.533,1.62%
2023/12/10,3.509,3.509,3.509,3.509,-1.46%
2023/12/8,3.561,3.566,3.6,3.542,-0.48%
2023/12/7,3.578,3.497,3.603,3.497,1.53%
2023/12/6,3.524,3.537,3.543,3.506,-1.76%
2023/12/5,3.587,3.617,3.628,3.586,-0.94%
2023/12/4,3.621,3.629,3.646,3.617,-2.14%
2023/12/3,3.7,3.7,3.7,3.7,0.00%
2023/12/2,3.7,3.7,3.7,3.7,0.30%
2023/12/1,3.689,3.685,3.716,3.67,-0.32%
2023/11/30,3.701,3.651,3.707,3.623,1.65%
2023/11/29,3.641,3.683,3.696,3.629,-2.15%
2023/11/28,3.721,3.715,3.743,3.702,-1.25%
2023/11/27,3.768,3.802,3.823,3.765,-0.19%
2023/11/26,3.775,3.775,3.775,3.775,0.00%
2023/11/25,3.775,3.775,3.775,3.775,-0.11%
2023/11/24,3.779,3.766,3.796,3.753,1.80%
2023/11/23,3.712,3.746,3.769,3.708,-1.33%
2023/11/22,3.762,3.714,3.765,3.696,0.91%
2023/11/21,3.728,3.739,3.743,3.706,-0.82%
2023/11/20,3.759,3.788,3.788,3.759,-1.21%
2023/11/19,3.805,3.805,3.805,3.805,0.00%
2023/11/18,3.805,3.805,3.805,3.805,0.42%
2023/11/17,3.789,3.77,3.792,3.73,-0.53%
2023/11/16,3.809,3.838,3.845,3.793,-0.10%
2023/11/15,3.813,3.842,3.845,3.804,-4.29%
2023/11/14,3.984,4.024,4.025,3.973,-0.42%
2023/11/13,4.001,3.999,4.02,3.995,1.04%
2023/11/12,3.96,3.96,3.96,3.96,0.00%
2023/11/11,3.96,3.96,3.96,3.96,-0.28%
2023/11/10,3.971,4.011,4.021,3.971,0.46%
2023/11/9,3.953,3.961,3.974,3.941,-1.47%
2023/11/8,4.012,3.995,4.022,3.978,-1.08%
2023/11/7,4.056,4.076,4.076,4.039,-0.07%
2023/11/6,4.059,4.035,4.062,4.03,-1.00%
2023/11/5,4.1,4.1,4.1,4.1,0.00%
2023/11/4,4.1,4.1,4.1,4.1,-0.15%
2023/11/3,4.106,4.117,4.14,4.1,-1.53%
2023/11/2,4.17,4.153,4.171,4.127,-2.75%
2023/11/1,4.288,4.335,4.358,4.285,-0.86%
2023/10/31,4.325,4.347,4.36,4.294,0.16%
2023/10/30,4.318,4.309,4.349,4.293,0.65%
2023/10/29,4.29,4.29,4.29,4.29,0.00%
2023/10/28,4.29,4.29,4.29,4.29,0.23%
2023/10/27,4.28,4.251,4.283,4.244,-2.44%
2023/10/26,4.387,4.36,4.398,4.36,3.01%
2023/10/25,4.259,4.256,4.292,4.238,-0.33%
2023/10/24,4.273,4.283,4.305,4.273,-2.13%
2023/10/23,4.366,4.332,4.392,4.327,1.14%
2023/10/22,4.317,4.317,4.317,4.317,0.00%
2023/10/21,4.317,4.317,4.317,4.317,-0.35%
2023/10/20,4.332,4.366,4.37,4.323,-1.05%
2023/10/19,4.378,4.336,4.399,4.326,2.03%
2023/10/18,4.291,4.301,4.31,4.266,1.51%
2023/10/17,4.227,4.199,4.231,4.178,1.08%
2023/10/16,4.182,4.182,4.196,4.148,0.41%
2023/10/15,4.165,4.165,4.165,4.165,0.00%
2023/10/14,4.165,4.165,4.165,4.165,-0.24%
2023/10/13,4.175,4.188,4.203,4.16,2.00%
2023/10/12,4.093,4.08,4.115,4.07,-1.42%
2023/10/11,4.152,4.163,4.169,4.135,-1.52%
2023/10/10,4.216,4.151,4.232,4.148,-0.66%
2023/10/9,4.244,4.244,4.244,4.244,0.00%
2023/10/8,4.244,4.244,4.244,4.244,0.00%
2023/10/7,4.244,4.244,4.244,4.244,0.07%
2023/10/6,4.241,4.245,4.248,4.214,-1.99%
2023/10/5,4.327,4.268,4.327,4.206,-0.53%
2023/10/4,4.35,4.215,4.351,4.215,8.42%
2023/10/3,4.012,4.012,4.012,4.012,0.00%
2023/10/2,4.012,4.012,4.012,4.012,0.00%
2023/10/1,4.012,4.012,4.012,4.012,0.00%
2023/9/30,4.012,4.012,4.012,4.012,0.00%
2023/9/29,4.012,4.012,4.012,4.012,0.00%
2023/9/28,4.012,4.012,4.012,4.012,-0.47%
2023/9/27,4.031,4.046,4.074,4.031,-0.27%
2023/9/26,4.042,4.071,4.083,4.038,0.87%
2023/9/25,4.007,3.99,4.02,3.977,0.30%
2023/9/24,3.995,3.995,3.995,3.995,0.00%
2023/9/23,3.995,3.995,3.995,3.995,-0.50%
2023/9/22,4.015,4.072,4.075,4.012,-0.40%
2023/9/21,4.031,4.009,4.042,4.009,1.33%
2023/9/20,3.978,3.992,4.012,3.977,0.68%
2023/9/19,3.951,3.947,3.957,3.923,-0.80%
2023/9/18,3.983,3.967,3.99,3.965,0.91%
2023/9/17,3.947,3.927,3.947,3.927,0.00%
2023/9/16,3.947,3.927,3.947,3.927,0.48%
2023/9/15,3.928,3.924,3.93,3.897,0.28%
2023/9/14,3.917,3.928,3.932,3.896,-0.91%
2023/9/13,3.953,3.96,3.987,3.953,-0.23%
2023/9/12,3.962,3.973,3.975,3.942,-0.20%
2023/9/11,3.97,3.951,3.991,3.935,2.16%
2023/9/10,3.886,3.886,3.886,3.886,0.00%
2023/9/9,3.886,3.886,3.886,3.886,-0.26%
2023/9/8,3.896,3.93,3.938,3.881,-2.04%
2023/9/7,3.977,3.935,3.996,3.934,2.42%
2023/9/6,3.883,3.928,3.934,3.879,-0.13%
2023/9/5,3.888,3.884,3.908,3.853,0.83%
2023/9/4,3.856,3.819,3.857,3.811,2.01%
2023/9/3,3.78,3.78,3.78,3.78,0.00%
2023/9/2,3.78,3.78,3.78,3.78,0.11%
2023/9/1,3.776,3.791,3.796,3.761,-1.20%
2023/8/31,3.822,3.819,3.829,3.799,-0.62%
2023/8/30,3.846,3.808,3.855,3.805,0.34%
2023/8/29,3.833,3.846,3.855,3.816,-0.98%
2023/8/28,3.871,3.918,3.935,3.87,-1.58%
2023/8/27,3.933,3.933,3.933,3.933,0.00%
2023/8/26,3.933,3.933,3.933,3.933,-0.03%
2023/8/25,3.934,3.883,3.939,3.881,1.39%
2023/8/24,3.88,3.87,3.885,3.839,-0.84%
2023/8/23,3.913,3.967,3.967,3.913,-1.83%
2023/8/22,3.986,3.983,4.013,3.95,0.23%
2023/8/21,3.977,3.925,3.988,3.911,1.84%
2023/8/20,3.905,3.905,3.905,3.905,0.00%
2023/8/19,3.905,3.905,3.905,3.905,-0.33%
2023/8/18,3.918,3.952,3.972,3.913,-1.71%
2023/8/17,3.986,3.93,3.986,3.926,2.84%
2023/8/16,3.876,3.885,3.911,3.871,-0.62%
2023/8/15,3.9,3.9,3.9,3.9,0.54%
2023/8/14,3.879,3.872,3.889,3.866,1.54%
2023/8/13,3.82,3.82,3.82,3.82,0.00%
2023/8/12,3.82,3.82,3.82,3.82,-0.16%
2023/8/11,3.826,3.828,3.853,3.82,1.06%
2023/8/10,3.786,3.789,3.803,3.774,0.48%
2023/8/9,3.768,3.732,3.778,3.724,0.75%
2023/8/8,3.74,3.797,3.813,3.74,-1.89%
2023/8/7,3.812,3.8,3.818,3.787,-1.60%
2023/8/6,3.874,3.874,3.874,3.874,0.00%
2023/8/5,3.874,3.874,3.874,3.874,-0.15%
2023/8/4,3.88,3.876,3.895,3.847,1.25%
2023/8/3,3.832,3.824,3.843,3.788,0.87%
2023/8/2,3.799,3.764,3.813,3.764,2.04%
2023/8/1,3.723,3.734,3.743,3.713,-0.93%
2023/7/31,3.758,3.743,3.768,3.73,0.72%
2023/7/30,3.731,3.731,3.731,3.731,0.00%
2023/7/29,3.731,3.731,3.731,3.731,0.11%
2023/7/28,3.727,3.725,3.767,3.69,2.47%
2023/7/27,3.637,3.663,3.669,3.622,-0.63%
2023/7/26,3.66,3.686,3.704,3.658,-0.62%
2023/7/25,3.683,3.646,3.693,3.632,1.32%
2023/7/24,3.635,3.635,3.65,3.619,0.00%
2023/7/23,3.635,3.635,3.635,3.635,0.00%
2023/7/22,3.635,3.635,3.635,3.635,-0.05%
2023/7/21,3.637,3.64,3.682,3.635,0.97%
2023/7/20,3.602,3.597,3.618,3.591,0.90%
2023/7/19,3.57,3.638,3.641,3.566,-2.22%
2023/7/18,3.651,3.665,3.665,3.625,-0.35%
2023/7/17,3.664,3.675,3.679,3.643,-0.70%
2023/7/16,3.69,3.69,3.69,3.69,0.00%
2023/7/15,3.69,3.69,3.69,3.69,0.14%
2023/7/14,3.685,3.623,3.687,3.623,0.85%
2023/7/13,3.654,3.695,3.697,3.644,-2.59%
2023/7/12,3.751,3.75,3.79,3.73,-0.16%
2023/7/11,3.757,3.816,3.824,3.756,-2.52%
2023/7/10,3.854,3.79,3.856,3.79,2.55%
2023/7/9,3.758,3.758,3.758,3.758,0.00%
2023/7/8,3.758,3.758,3.758,3.758,-0.11%
2023/7/7,3.762,3.775,3.806,3.757,1.43%
2023/7/6,3.709,3.698,3.726,3.682,1.56%
2023/7/5,3.652,3.615,3.673,3.615,0.86%
2023/7/4,3.621,3.598,3.63,3.572,0.03%
2023/7/3,3.62,3.676,3.676,3.612,-1.12%
2023/7/2,3.661,3.661,3.661,3.661,0.00%
2023/7/1,3.661,3.661,3.661,3.661,-0.97%
2023/6/30,3.697,3.7,3.738,3.692,1.99%
2023/6/29,3.625,3.593,3.628,3.59,0.44%
2023/6/28,3.609,3.618,3.633,3.587,0.17%
2023/6/27,3.603,3.592,3.616,3.578,-0.22%
2023/6/26,3.611,3.65,3.66,3.595,-1.61%
2023/6/25,3.67,3.67,3.67,3.67,0.00%
2023/6/24,3.67,3.67,3.67,3.67,0.27%
2023/6/23,3.66,3.677,3.681,3.644,0.36%
2023/6/22,3.647,3.605,3.657,3.605,0.72%
2023/6/21,3.621,3.621,3.627,3.593,-0.55%
2023/6/20,3.641,3.684,3.685,3.606,0.22%
2023/6/19,3.633,3.651,3.668,3.633,-0.68%
2023/6/18,3.658,3.658,3.658,3.658,0.00%
2023/6/17,3.658,3.658,3.658,3.658,0.03%
2023/6/16,3.657,3.642,3.667,3.64,-0.71%
2023/6/15,3.683,3.605,3.696,3.605,1.26%
2023/6/14,3.637,3.645,3.662,3.62,1.65%
2023/6/13,3.578,3.559,3.578,3.537,0.11%
2023/6/12,3.574,3.581,3.59,3.562,-0.47%
2023/6/11,3.591,3.591,3.591,3.591,0.00%
2023/6/10,3.591,3.591,3.591,3.591,0.00%
2023/6/9,3.591,3.596,3.624,3.591,-1.13%
2023/6/8,3.632,3.608,3.637,3.6,3.21%
2023/6/7,3.519,3.542,3.565,3.503,-0.87%
2023/6/6,3.55,3.55,3.55,3.55,-0.31%
2023/6/5,3.561,3.544,3.572,3.536,1.98%
2023/6/4,3.492,3.492,3.492,3.492,-0.09%
2023/6/2,3.495,3.513,3.525,3.495,-1.52%
2023/6/1,3.549,3.539,3.56,3.519,0.48%
2023/5/31,3.532,3.608,3.608,3.532,-3.29%
2023/5/30,3.652,3.635,3.681,3.633,0.19%
2023/5/29,3.645,3.645,3.645,3.645,0.00%
2023/5/28,3.645,3.645,3.645,3.645,0.00%
2023/5/27,3.645,3.645,3.645,3.645,0.28%
2023/5/26,3.635,3.66,3.68,3.627,1.03%
2023/5/25,3.598,3.527,3.615,3.505,2.80%
2023/5/24,3.5,3.474,3.5,3.44,0.92%
2023/5/23,3.468,3.411,3.469,3.409,2.03%
2023/5/22,3.399,3.423,3.423,3.379,-0.47%
2023/5/21,3.415,3.415,3.415,3.415,0.00%
2023/5/20,3.415,3.415,3.415,3.415,-0.15%
2023/5/19,3.42,3.426,3.442,3.418,1.54%
2023/5/18,3.368,3.352,3.383,3.332,1.51%
2023/5/17,3.318,3.327,3.344,3.309,0.39%
2023/5/16,3.305,3.344,3.349,3.302,-0.81%
2023/5/15,3.332,3.321,3.335,3.304,1.52%
2023/5/14,3.282,3.282,3.282,3.282,0.00%
2023/5/13,3.282,3.282,3.282,3.282,0.34%
2023/5/12,3.271,3.281,3.281,3.243,-0.55%
2023/5/11,3.289,3.301,3.31,3.283,-1.64%
2023/5/10,3.344,3.33,3.348,3.318,1.06%
2023/5/9,3.309,3.336,3.361,3.307,0.03%
2023/5/8,3.308,3.309,3.315,3.291,0.95%
2023/5/7,3.277,3.277,3.277,3.277,0.00%
2023/5/6,3.277,3.277,3.277,3.277,0.00%
2023/5/5,3.277,3.277,3.277,3.277,-0.09%
2023/5/4,3.28,3.264,3.3,3.264,-1.47%
2023/5/3,3.329,3.34,3.345,3.313,-1.28%
2023/5/2,3.372,3.396,3.409,3.372,0.15%
2023/5/1,3.367,3.367,3.367,3.367,0.00%
2023/4/30,3.367,3.367,3.367,3.367,0.00%
2023/4/29,3.367,3.367,3.367,3.367,0.36%
2023/4/28,3.355,3.4,3.417,3.355,0.42%
2023/4/27,3.341,3.307,3.344,3.297,0.97%
2023/4/26,3.309,3.274,3.31,3.262,-0.39%
2023/4/25,3.322,3.275,3.327,3.275,0.48%
2023/4/24,3.306,3.3,3.347,3.3,-0.36%
2023/4/23,3.318,3.318,3.318,3.318,0.00%
2023/4/22,3.318,3.318,3.318,3.318,-0.81%
2023/4/21,3.345,3.411,3.411,3.335,-2.11%
2023/4/20,3.417,3.383,3.457,3.383,1.39%
2023/4/19,3.37,3.377,3.391,3.335,0.54%
2023/4/18,3.352,3.382,3.399,3.345,0.12%
2023/4/17,3.348,3.345,3.354,3.314,1.76%
2023/4/16,3.29,3.29,3.29,3.29,0.00%
2023/4/15,3.29,3.29,3.29,3.29,0.18%
2023/4/14,3.284,3.308,3.324,3.268,0.52%
2023/4/13,3.267,3.257,3.305,3.257,0.28%
2023/4/12,3.258,3.245,3.28,3.245,-0.15%
2023/4/11,3.263,3.23,3.274,3.2,0.59%
2023/4/10,3.244,3.313,3.331,3.24,-1.46%
2023/4/9,3.292,3.292,3.292,3.292,0.00%
2023/4/8,3.292,3.292,3.292,3.292,0.12%
2023/4/7,3.288,3.272,3.326,3.271,0.31%
2023/4/6,3.278,3.295,3.315,3.249,-1.47%
2023/4/5,3.327,3.268,3.327,3.268,0.33%
2023/4/4,3.316,3.326,3.336,3.302,-2.24%
2023/4/3,3.392,3.35,3.398,3.348,0.95%
2023/4/2,3.36,3.36,3.36,3.36,0.00%
2023/4/1,3.36,3.36,3.36,3.36,0.81%
2023/3/31,3.333,3.34,3.35,3.309,0.91%
2023/3/30,3.303,3.283,3.342,3.27,0.49%
2023/3/29,3.287,3.291,3.342,3.27,0.18%
2023/3/28,3.281,3.279,3.29,3.244,0.74%
2023/3/27,3.257,3.209,3.278,3.161,1.09%
2023/3/26,3.222,3.222,3.222,3.222,0.00%
2023/3/25,3.222,3.222,3.222,3.222,0.44%
2023/3/24,3.208,3.251,3.251,3.194,-1.66%
2023/3/23,3.262,3.27,3.311,3.253,-1.00%
2023/3/22,3.295,3.299,3.336,3.288,-0.27%
2023/3/21,3.304,3.334,3.339,3.238,-0.03%
2023/3/20,3.305,3.39,3.402,3.276,-2.94%
2023/3/19,3.405,3.405,3.405,3.405,0.00%
2023/3/18,3.405,3.405,3.405,3.405,-0.06%
2023/3/17,3.407,3.44,3.447,3.395,0.44%
2023/3/16,3.392,3.309,3.396,3.29,-0.76%
2023/3/15,3.418,3.386,3.436,3.367,3.48%
2023/3/14,3.303,3.301,3.378,3.228,-2.80%
2023/3/13,3.398,3.482,3.524,3.372,-5.14%
2023/3/12,3.582,3.582,3.582,3.582,0.00%
2023/3/11,3.582,3.582,3.582,3.582,-0.03%
2023/3/10,3.583,3.659,3.659,3.58,-4.25%
2023/3/9,3.742,3.707,3.767,3.698,0.51%
2023/3/8,3.723,3.701,3.734,3.695,1.67%
2023/3/7,3.662,3.72,3.738,3.66,-2.11%
2023/3/6,3.741,3.722,3.758,3.681,-0.82%
2023/3/5,3.772,3.772,3.772,3.772,0.00%
2023/3/4,3.772,3.772,3.772,3.772,-0.13%
2023/3/3,3.777,3.882,3.895,3.775,-1.64%
2023/3/2,3.84,3.76,3.859,3.76,2.13%
2023/3/1,3.76,3.76,3.76,3.76,0.24%
2023/2/28,3.751,3.625,3.773,3.625,3.96%
2023/2/27,3.608,3.579,3.627,3.575,2.50%
2023/2/26,3.52,3.52,3.52,3.52,0.00%
2023/2/25,3.52,3.52,3.52,3.52,-0.40%
2023/2/24,3.534,3.57,3.582,3.534,-1.51%
2023/2/23,3.588,3.641,3.676,3.588,-1.59%
2023/2/22,3.646,3.689,3.695,3.631,1.28%
2023/2/21,3.6,3.628,3.672,3.597,-0.58%
2023/2/20,3.621,3.583,3.626,3.571,0.06%
2023/2/19,3.619,3.619,3.619,3.619,0.00%
2023/2/18,3.619,3.619,3.619,3.619,-0.22%
2023/2/17,3.627,3.55,3.666,3.55,4.34%
2023/2/16,3.476,3.498,3.535,3.413,0.40%
2023/2/15,3.462,3.421,3.468,3.417,1.88%
2023/2/14,3.398,3.399,3.423,3.376,-1.02%
2023/2/13,3.433,3.414,3.461,3.409,2.32%
2023/2/12,3.355,3.355,3.355,3.355,0.00%
2023/2/11,3.355,3.355,3.355,3.355,-0.39%
2023/2/10,3.368,3.391,3.404,3.345,0.18%
2023/2/9,3.362,3.313,3.376,3.313,1.20%
2023/2/8,3.322,3.292,3.347,3.29,0.58%
2023/2/7,3.303,3.36,3.36,3.295,0.67%
2023/2/6,3.281,3.296,3.31,3.273,3.99%
2023/2/5,3.155,3.155,3.155,3.155,0.00%
2023/2/4,3.155,3.155,3.155,3.155,0.22%
2023/2/3,3.148,3.23,3.23,3.128,-1.84%
2023/2/2,3.207,3.205,3.233,3.189,-0.99%
2023/2/1,3.239,3.273,3.275,3.233,-2.38%
2023/1/31,3.318,3.27,3.318,3.238,2.44%
2023/1/30,3.239,3.302,3.327,3.239,-1.46%
2023/1/29,3.287,3.287,3.287,3.287,0.00%
2023/1/28,3.287,3.287,3.287,3.287,0.12%
2023/1/27,3.283,3.272,3.299,3.266,1.61%
2023/1/26,3.231,3.214,3.247,3.214,0.03%
2023/1/25,3.23,3.279,3.285,3.223,-1.28%
2023/1/24,3.272,3.272,3.272,3.272,0.00%
2023/1/23,3.272,3.272,3.272,3.272,0.00%
2023/1/22,3.272,3.272,3.272,3.272,0.00%
2023/1/21,3.272,3.272,3.272,3.272,-0.24%
2023/1/20,3.28,3.274,3.289,3.253,2.09%
2023/1/19,3.213,3.26,3.276,3.19,-3.89%
2023/1/18,3.343,3.421,3.444,3.317,-2.93%
2023/1/17,3.444,3.352,3.444,3.335,1.74%
2023/1/16,3.385,3.34,3.385,3.314,2.73%
2023/1/15,3.295,3.295,3.295,3.295,0.00%
2023/1/14,3.295,3.295,3.295,3.295,-0.18%
2023/1/13,3.301,3.347,3.378,3.27,-3.28%
2023/1/12,3.413,3.398,3.421,3.342,-0.41%
2023/1/11,3.427,3.471,3.471,3.427,-1.01%
2023/1/10,3.462,3.468,3.485,3.438,-0.46%
2023/1/9,3.478,3.47,3.492,3.453,-2.71%
2023/1/8,3.575,3.575,3.575,3.575,0.00%
2023/1/7,3.575,3.575,3.575,3.575,0.06%
2023/1/6,3.573,3.579,3.592,3.554,0.08%
2023/1/5,3.57,3.583,3.606,3.558,-0.78%
2023/1/4,3.598,3.659,3.659,3.585,-1.72%
2023/1/3,3.661,3.752,3.752,3.655,-3.99%
2023/1/2,3.813,3.794,3.831,3.788,2.09%
2023/1/1,3.735,3.735,3.735,3.735,0.00%
2022/12/31,3.735,3.735,3.735,3.735,0.00%
2022/12/30,3.735,3.735,3.735,3.735,0.32%
2022/12/29,3.723,3.729,3.761,3.723,1.31%
2022/12/28,3.675,3.707,3.739,3.669,1.74%
2022/12/27,3.612,3.62,3.64,3.595,-0.77%
2022/12/26,3.64,3.574,3.642,3.545,2.51%
2022/12/25,3.551,3.551,3.551,3.551,0.00%
2022/12/24,3.551,3.551,3.551,3.551,-0.03%
2022/12/23,3.552,3.508,3.561,3.503,1.51%
2022/12/22,3.499,3.545,3.554,3.494,-1.91%
2022/12/21,3.567,3.598,3.607,3.56,-0.47%
2022/12/20,3.584,3.458,3.601,3.435,5.72%
2022/12/19,3.39,3.358,3.402,3.358,1.19%
2022/12/18,3.35,3.35,3.35,3.35,0.00%
2022/12/17,3.35,3.35,3.35,3.35,-0.36%
2022/12/16,3.362,3.398,3.398,3.352,-1.09%
2022/12/15,3.399,3.426,3.44,3.395,-0.23%
2022/12/14,3.407,3.456,3.463,3.399,-1.79%
2022/12/13,3.469,3.46,3.474,3.45,0.58%
2022/12/12,3.449,3.507,3.511,3.44,0.12%
2022/12/11,3.445,3.445,3.445,3.445,0.00%
2022/12/10,3.445,3.445,3.445,3.445,0.00%
2022/12/9,3.445,3.523,3.527,3.445,-2.32%
2022/12/8,3.527,3.498,3.541,3.489,0.48%
2022/12/7,3.51,3.527,3.558,3.498,0.20%
2022/12/6,3.503,3.567,3.571,3.503,-1.71%
2022/12/5,3.564,3.574,3.597,3.55,-0.31%
2022/12/4,3.575,3.575,3.575,3.575,0.00%
2022/12/3,3.575,3.575,3.575,3.575,-0.28%
2022/12/2,3.585,3.619,3.625,3.576,-2.21%
2022/12/1,3.666,3.619,3.681,3.617,0.33%
2022/11/30,3.654,3.69,3.69,3.626,-0.49%
2022/11/29,3.672,3.615,3.686,3.615,1.72%
2022/11/28,3.61,3.629,3.64,3.594,-0.08%
2022/11/27,3.613,3.613,3.613,3.613,0.00%
2022/11/26,3.613,3.613,3.613,3.613,-0.28%
2022/11/25,3.623,3.64,3.673,3.597,0.00%
2022/11/24,3.623,3.7,3.706,3.619,-4.23%
2022/11/23,3.783,3.76,3.82,3.751,0.34%
2022/11/22,3.77,3.768,3.809,3.755,0.19%
2022/11/21,3.763,3.836,3.84,3.752,-0.87%
2022/11/20,3.796,3.796,3.796,3.796,0.00%
2022/11/19,3.796,3.796,3.796,3.796,-0.39%
2022/11/18,3.811,3.881,3.891,3.81,-1.12%
2022/11/17,3.854,3.8,3.863,3.794,-0.95%
2022/11/16,3.891,3.851,3.904,3.851,0.49%
2022/11/15,3.872,3.9,3.917,3.846,-1.40%
2022/11/14,3.927,3.916,3.936,3.883,0.69%
2022/11/13,3.9,3.9,3.9,3.9,0.00%
2022/11/12,3.9,3.9,3.9,3.9,0.23%
2022/11/11,3.891,3.884,3.912,3.839,-4.84%
2022/11/10,4.089,4.135,4.135,4.067,-1.90%
2022/11/9,4.168,4.193,4.197,4.128,-1.74%
2022/11/8,4.242,4.253,4.253,4.189,-0.61%
2022/11/7,4.268,4.21,4.276,4.21,1.86%
2022/11/6,4.19,4.19,4.19,4.19,0.00%
2022/11/5,4.19,4.19,4.19,4.19,0.29%
2022/11/4,4.178,4.19,4.209,4.148,-0.59%
2022/11/3,4.203,4.211,4.222,4.186,1.28%
2022/11/2,4.15,4.166,4.179,4.146,-0.50%
2022/11/1,4.171,4.243,4.244,4.129,-1.97%
2022/10/31,4.255,4.209,4.4,4.18,1.92%
2022/10/30,4.175,4.175,4.175,4.175,0.00%
2022/10/29,4.175,4.175,4.175,4.175,0.29%
2022/10/28,4.163,4.232,4.244,4.163,-2.51%
2022/10/27,4.27,4.232,4.271,4.197,0.35%
2022/10/26,4.255,4.307,4.392,4.238,-2.96%
2022/10/25,4.385,4.544,4.556,4.385,-2.23%
2022/10/24,4.485,4.54,4.54,4.465,-2.92%
2022/10/23,4.62,4.62,4.62,4.62,0.00%
2022/10/22,4.62,4.62,4.62,4.62,-0.75%
2022/10/21,4.655,4.488,4.665,4.488,5.44%
2022/10/20,4.415,4.331,4.464,4.331,0.85%
2022/10/19,4.378,4.309,4.38,4.28,2.43%
2022/10/18,4.274,4.245,4.288,4.229,1.76%
2022/10/17,4.2,4.277,4.31,4.199,0.48%
2022/10/16,4.18,4.18,4.18,4.18,0.00%
2022/10/15,4.18,4.18,4.18,4.18,-0.48%
2022/10/14,4.2,4.266,4.266,4.168,-1.08%
2022/10/13,4.246,4.132,4.25,4.132,3.13%
2022/10/12,4.117,4.295,4.348,4.113,-4.34%
2022/10/11,4.304,4.305,4.344,4.287,2.23%
2022/10/10,4.21,4.21,4.21,4.21,0.00%
2022/10/9,4.21,4.21,4.21,4.21,0.00%
2022/10/8,4.21,4.21,4.21,4.21,-0.14%
2022/10/7,4.216,4.191,4.216,4.149,2.78%
2022/10/6,4.102,4.155,4.172,4.074,0.84%
2022/10/5,4.068,3.987,4.077,3.976,1.52%
2022/10/4,4.007,4.044,4.051,3.934,-1.84%
2022/10/3,4.082,4.082,4.082,4.082,0.00%
2022/10/2,4.082,4.082,4.082,4.082,0.00%
2022/10/1,4.082,4.082,4.082,4.082,-0.66%
2022/9/30,4.109,4.134,4.192,4.086,-2.79%
2022/9/29,4.227,4.139,4.267,4.05,-0.09%
2022/9/28,4.231,4.31,4.426,4.207,0.59%
2022/9/27,4.206,4.397,4.397,4.194,-2.23%
2022/9/26,4.302,4.186,4.302,4.178,4.24%
2022/9/25,4.127,4.127,4.127,4.127,0.00%
2022/9/24,4.127,4.127,4.127,4.127,0.49%
2022/9/23,4.107,4.088,4.249,4.088,3.01%
2022/9/22,3.987,3.933,4.005,3.933,2.15%
2022/9/21,3.903,3.869,3.936,3.869,2.17%
2022/9/20,3.82,3.785,3.838,3.771,0.55%
2022/9/19,3.799,3.765,3.831,3.761,0.77%
2022/9/18,3.77,3.77,3.77,3.77,0.00%
2022/9/17,3.77,3.77,3.77,3.77,-0.05%
2022/9/16,3.772,3.757,3.795,3.746,-0.50%
2022/9/15,3.791,3.661,3.809,3.661,3.64%
2022/9/14,3.658,3.702,3.735,3.655,0.36%
2022/9/13,3.645,3.655,3.69,3.636,0.69%
2022/9/12,3.62,3.62,3.62,3.62,0.00%
2022/9/11,3.62,3.62,3.62,3.62,0.00%
2022/9/10,3.62,3.62,3.62,3.62,0.00%
2022/9/9,3.62,3.62,3.62,3.62,-0.06%
2022/9/8,3.622,3.715,3.718,3.622,-3.05%
2022/9/7,3.736,3.777,3.8,3.732,0.70%
2022/9/6,3.71,3.672,3.716,3.644,1.06%
2022/9/5,3.671,3.72,3.755,3.66,-1.58%
2022/9/4,3.73,3.73,3.73,3.73,0.00%
2022/9/3,3.73,3.73,3.73,3.73,-0.40%
2022/9/2,3.745,3.776,3.818,3.742,-1.42%
2022/9/1,3.799,3.777,3.808,3.774,1.39%
2022/8/31,3.747,3.704,3.801,3.7,1.41%
2022/8/30,3.695,3.706,3.735,3.689,-0.54%
2022/8/29,3.715,3.689,3.737,3.682,2.60%
2022/8/28,3.621,3.621,3.621,3.621,0.00%
2022/8/27,3.621,3.621,3.621,3.621,0.19%
2022/8/26,3.614,3.557,3.67,3.529,0.53%
2022/8/25,3.595,3.465,3.596,3.443,4.72%
2022/8/24,3.433,3.371,3.433,3.369,1.84%
2022/8/23,3.371,3.364,3.402,3.364,0.63%
2022/8/22,3.35,3.345,3.379,3.345,1.45%
2022/8/21,3.302,3.302,3.302,3.302,0.00%
2022/8/20,3.302,3.302,3.302,3.302,-0.30%
2022/8/19,3.312,3.239,3.319,3.239,2.83%
2022/8/18,3.221,3.222,3.229,3.202,0.97%
2022/8/17,3.19,3.18,3.2,3.168,0.92%
2022/8/16,3.161,3.22,3.223,3.154,-3.54%
2022/8/15,3.277,3.277,3.277,3.277,0.00%
2022/8/14,3.277,3.277,3.277,3.277,0.00%
2022/8/13,3.277,3.277,3.277,3.277,-0.79%
2022/8/12,3.303,3.287,3.305,3.267,1.98%
2022/8/11,3.239,3.206,3.252,3.195,0.84%
2022/8/10,3.212,3.162,3.213,3.162,1.39%
2022/8/9,3.168,3.156,3.188,3.151,-0.31%
2022/8/8,3.178,3.198,3.211,3.175,2.02%
2022/8/7,3.115,3.115,3.115,3.115,0.00%
2022/8/6,3.115,3.115,3.115,3.115,-0.32%
2022/8/5,3.125,3.141,3.16,3.118,-0.60%
2022/8/4,3.144,3.123,3.145,3.097,0.16%
2022/8/3,3.139,3.17,3.17,3.125,1.29%
2022/8/2,3.099,3.106,3.106,3.065,-2.73%
2022/8/1,3.186,3.174,3.207,3.143,1.95%
2022/7/31,3.125,3.125,3.125,3.125,0.00%
2022/7/30,3.125,3.125,3.125,3.125,-0.06%
2022/7/29,3.127,3.141,3.141,3.064,-2.19%
2022/7/28,3.197,3.113,3.218,3.113,2.08%
2022/7/27,3.132,3.192,3.221,3.132,-1.63%
2022/7/26,3.184,3.211,3.228,3.178,-0.90%
2022/7/25,3.213,3.24,3.24,3.19,-2.67%
2022/7/23,3.301,3.301,3.301,3.301,-0.06%
2022/7/22,3.303,3.283,3.323,3.283,-2.10%
2022/7/21,3.374,3.35,3.377,3.328,0.33%
2022/7/20,3.363,3.284,3.37,3.282,2.91%
2022/7/19,3.268,3.278,3.313,3.256,0.12%
2022/7/18,3.264,3.25,3.267,3.202,1.30%
2022/7/17,3.222,3.222,3.222,3.222,-1.07%
2022/7/15,3.257,3.253,3.304,3.253,-1.45%
2022/7/14,3.305,3.308,3.355,3.27,0.06%
2022/7/13,3.303,3.335,3.341,3.26,-1.55%
2022/7/12,3.355,3.367,3.38,3.316,-0.89%
2022/7/11,3.385,3.401,3.424,3.384,0.74%
2022/7/10,3.36,3.36,3.36,3.36,-0.15%
2022/7/8,3.365,3.348,3.381,3.332,2.25%
2022/7/7,3.291,3.327,3.33,3.25,0.27%
2022/7/6,3.282,3.331,3.375,3.252,-3.13%
2022/7/5,3.388,3.483,3.518,3.35,-3.17%
2022/7/4,3.499,3.466,3.501,3.441,0.11%
2022/7/3,3.495,3.495,3.495,3.495,0.00%
2022/7/2,3.495,3.495,3.495,3.495,0.17%
2022/7/1,3.489,3.582,3.582,3.475,-4.07%
2022/6/30,3.637,3.632,3.671,3.632,-0.82%
2022/6/29,3.667,3.689,3.704,3.655,0.08%
2022/6/28,3.664,3.741,3.742,3.661,-1.61%
2022/6/27,3.724,3.685,3.734,3.666,2.73%
2022/6/26,3.625,3.625,3.625,3.625,0.00%
2022/6/25,3.625,3.625,3.625,3.625,-0.47%
2022/6/24,3.642,3.623,3.674,3.622,-1.43%
2022/6/23,3.695,3.609,3.704,3.593,-0.22%
2022/6/22,3.703,3.778,3.794,3.699,-1.93%
2022/6/21,3.776,3.838,3.847,3.764,-0.03%
2022/6/20,3.777,3.802,3.816,3.764,-0.47%
2022/6/19,3.795,3.795,3.795,3.795,0.00%
2022/6/17,3.795,3.772,3.816,3.74,0.93%
2022/6/16,3.76,3.71,3.767,3.686,-1.13%
2022/6/15,3.803,3.743,3.812,3.711,2.87%
2022/6/14,3.697,3.75,3.76,3.683,1.45%
2022/6/13,3.644,3.559,3.705,3.559,4.41%
2022/6/12,3.49,3.49,3.49,3.49,-0.14%
2022/6/10,3.495,3.465,3.51,3.46,0.87%
2022/6/9,3.465,3.495,3.52,3.437,-0.26%
2022/6/8,3.474,3.5,3.512,3.464,-1.81%
2022/6/7,3.538,3.475,3.539,3.474,3.85%
2022/6/6,3.407,3.407,3.407,3.407,0.00%
2022/6/5,3.407,3.407,3.407,3.407,0.00%
2022/6/4,3.407,3.407,3.407,3.407,0.12%
2022/6/3,3.403,3.448,3.454,3.386,-0.56%
2022/6/2,3.422,3.369,3.448,3.35,2.76%
2022/6/1,3.33,3.33,3.33,3.33,0.18%
2022/5/31,3.324,3.235,3.326,3.23,3.71%
2022/5/30,3.205,3.223,3.229,3.183,-0.37%
2022/5/29,3.217,3.217,3.217,3.217,0.00%
2022/5/28,3.217,3.217,3.217,3.217,0.19%
2022/5/27,3.211,3.2,3.242,3.19,-0.86%
2022/5/26,3.239,3.184,3.275,3.182,2.08%
2022/5/25,3.173,3.186,3.207,3.168,-1.34%
2022/5/24,3.216,3.269,3.279,3.209,-1.26%
2022/5/23,3.257,3.211,3.281,3.208,0.52%
2022/5/22,3.24,3.24,3.24,3.24,0.00%
2022/5/21,3.24,3.24,3.24,3.24,-0.22%
2022/5/20,3.247,3.29,3.295,3.237,-1.81%
2022/5/19,3.307,3.275,3.32,3.275,-0.39%
2022/5/18,3.32,3.32,3.336,3.291,0.94%
2022/5/17,3.289,3.279,3.302,3.279,-0.06%
2022/5/16,3.291,3.31,3.34,3.23,1.89%
2022/5/15,3.23,3.23,3.23,3.23,0.00%
2022/5/14,3.23,3.23,3.23,3.23,0.44%
2022/5/13,3.216,3.185,3.241,3.185,1.55%
2022/5/12,3.167,3.257,3.293,3.128,-3.24%
2022/5/11,3.273,3.345,3.345,3.273,-3.82%
2022/5/10,3.403,3.374,3.421,3.327,-0.29%
2022/5/9,3.413,3.489,3.497,3.408,-0.20%
2022/5/8,3.42,3.42,3.42,3.42,0.00%
2022/5/7,3.42,3.42,3.42,3.42,-0.49%
2022/5/6,3.437,3.475,3.503,3.437,0.26%
2022/5/5,3.428,3.428,3.428,3.428,-0.98%
2022/5/4,3.462,3.391,3.467,3.382,1.58%
2022/5/3,3.408,3.418,3.426,3.34,1.07%
2022/5/2,3.372,3.315,3.395,3.315,4.23%
2022/5/1,3.235,3.235,3.235,3.235,0.00%
2022/4/30,3.235,3.235,3.235,3.235,-0.31%
2022/4/29,3.245,3.211,3.256,3.197,2.43%
2022/4/28,3.168,3.206,3.231,3.152,0.16%
2022/4/27,3.163,3.14,3.188,3.097,-1.00%
2022/4/26,3.195,3.183,3.231,3.168,-0.47%
2022/4/25,3.21,3.293,3.307,3.202,-2.87%
2022/4/24,3.305,3.305,3.305,3.305,0.00%
2022/4/23,3.305,3.305,3.305,3.305,-1.25%
2022/4/22,3.347,3.34,3.359,3.323,1.73%
2022/4/21,3.29,3.276,3.325,3.272,-0.75%
2022/4/20,3.315,3.376,3.378,3.29,-1.43%
2022/4/19,3.363,3.337,3.363,3.285,0.33%
2022/4/18,3.352,3.363,3.413,3.343,0.96%
2022/4/17,3.32,3.32,3.32,3.32,0.00%
2022/4/16,3.32,3.32,3.32,3.32,0.91%
2022/4/15,3.29,3.29,3.322,3.28,2.08%
2022/4/14,3.223,3.264,3.274,3.199,-1.86%
2022/4/13,3.284,3.289,3.338,3.254,-0.91%
2022/4/12,3.314,3.309,3.371,3.28,0.49%
2022/4/11,3.298,3.211,3.307,3.211,3.68%
2022/4/10,3.181,3.181,3.181,3.181,0.00%
2022/4/9,3.181,3.181,3.181,3.181,0.44%
2022/4/8,3.167,3.127,3.177,3.094,1.12%
2022/4/7,3.132,3.099,3.14,3.099,-0.06%
2022/4/6,3.134,3.2,3.2,3.134,1.75%
2022/4/5,3.08,3.017,3.095,2.982,0.26%
2022/4/4,3.072,3.083,3.178,3.058,2.23%
2022/4/3,3.005,3.005,3.005,3.005,0.00%
2022/4/2,3.005,3.005,3.005,3.005,-0.07%
2022/4/1,3.007,2.96,3.021,2.933,1.28%
2022/3/31,2.969,2.89,2.972,2.875,2.91%
2022/3/30,2.885,2.924,2.953,2.87,-2.93%
2022/3/29,2.972,3.015,3.057,2.968,-1.85%
2022/3/28,3.028,2.92,3.086,2.915,5.25%
2022/3/27,2.877,2.877,2.877,2.877,0.00%
2022/3/26,2.877,2.877,2.877,2.877,0.31%
2022/3/25,2.868,2.86,2.893,2.844,0.46%
2022/3/24,2.855,2.788,2.862,2.775,0.81%
2022/3/23,2.832,2.841,2.878,2.794,-0.04%
2022/3/22,2.833,2.79,2.853,2.776,3.36%
2022/3/21,2.741,2.745,2.756,2.71,0.37%
2022/3/20,2.731,2.731,2.731,2.731,-0.22%
2022/3/18,2.737,2.701,2.744,2.693,1.22%
2022/3/17,2.704,2.74,2.744,2.676,-2.21%
2022/3/16,2.765,2.749,2.777,2.73,0.22%
2022/3/15,2.759,2.79,2.799,2.753,0.77%
2022/3/14,2.738,2.724,2.747,2.724,1.60%
2022/3/13,2.695,2.695,2.695,2.695,0.00%
2022/3/12,2.695,2.695,2.695,2.695,-0.19%
2022/3/11,2.7,2.728,2.732,2.688,-0.95%
2022/3/10,2.726,2.721,2.754,2.699,0.33%
2022/3/9,2.717,2.717,2.717,2.717,-0.18%
2022/3/8,2.722,2.738,2.754,2.706,0.55%
2022/3/7,2.707,2.624,2.713,2.624,2.27%
2022/3/6,2.647,2.647,2.647,2.647,0.00%
2022/3/5,2.647,2.647,2.647,2.647,-0.56%
2022/3/4,2.662,2.64,2.681,2.6,0.57%
2022/3/3,2.647,2.64,2.672,2.64,1.30%
2022/3/2,2.613,2.623,2.636,2.607,-2.68%
2022/3/1,2.685,2.685,2.685,2.685,0.37%
2022/2/28,2.675,2.634,2.68,2.633,0.30%
2022/2/27,2.667,2.667,2.667,2.667,0.00%
2022/2/26,2.667,2.667,2.667,2.667,-0.15%
2022/2/25,2.671,2.688,2.701,2.671,1.87%
2022/2/24,2.622,2.72,2.759,2.621,-3.74%
2022/2/23,2.724,2.741,2.741,2.707,0.26%
2022/2/22,2.717,2.735,2.735,2.704,-2.05%
2022/2/21,2.774,2.711,2.779,2.705,1.69%
2022/2/18,2.728,2.686,2.736,2.682,0.74%
2022/2/17,2.708,2.684,2.722,2.665,0.26%
2022/2/16,2.701,2.738,2.742,2.697,-0.33%
2022/2/15,2.71,2.715,2.723,2.696,0.11%
2022/2/14,2.707,2.705,2.729,2.693,-1.02%
2022/2/13,2.735,2.735,2.735,2.735,0.00%
2022/2/12,2.735,2.735,2.735,2.735,-0.51%
2022/2/11,2.749,2.692,2.776,2.692,2.35%
2022/2/10,2.686,2.693,2.698,2.662,-0.11%
2022/2/9,2.689,2.707,2.715,2.675,-1.65%
2022/2/8,2.734,2.674,2.736,2.669,3.68%
2022/2/7,2.637,2.631,2.663,2.621,1.35%
2022/2/6,2.602,2.602,2.602,2.602,0.00%
2022/2/5,2.602,2.602,2.602,2.602,-0.65%
2022/2/4,2.619,2.617,2.649,2.613,1.99%
2022/2/3,2.568,2.551,2.574,2.55,-0.85%
2022/2/2,2.59,2.59,2.59,2.59,0.00%
2022/2/1,2.59,2.59,2.59,2.59,0.00%
2022/1/31,2.59,2.59,2.59,2.59,0.00%
2022/1/30,2.59,2.59,2.59,2.59,0.00%
2022/1/29,2.59,2.59,2.59,2.59,0.15%
2022/1/28,2.586,2.597,2.617,2.577,-1.00%
2022/1/27,2.612,2.59,2.639,2.589,1.52%
2022/1/26,2.573,2.576,2.603,2.566,-0.12%
2022/1/25,2.576,2.544,2.586,2.543,1.50%
2022/1/24,2.538,2.547,2.56,2.532,-0.16%
2022/1/23,2.542,2.542,2.542,2.542,0.00%
2022/1/22,2.542,2.542,2.542,2.542,0.08%
2022/1/21,2.54,2.515,2.542,2.504,-0.66%
2022/1/20,2.557,2.553,2.567,2.521,0.83%
2022/1/19,2.536,2.581,2.584,2.534,-0.67%
2022/1/18,2.553,2.55,2.624,2.533,-0.58%
2022/1/17,2.568,2.51,2.57,2.509,4.22%
2022/1/16,2.464,2.464,2.464,2.464,0.00%
2022/1/15,2.464,2.464,2.464,2.464,0.45%
2022/1/14,2.453,2.388,2.463,2.388,2.34%
2022/1/13,2.397,2.43,2.445,2.391,-1.28%
2022/1/12,2.428,2.46,2.467,2.428,-2.29%
2022/1/11,2.485,2.462,2.495,2.457,0.04%
2022/1/10,2.484,2.472,2.506,2.461,1.10%
2022/1/9,2.457,2.457,2.457,2.457,0.00%
2022/1/8,2.457,2.457,2.457,2.457,-0.04%
2022/1/7,2.458,2.453,2.488,2.43,-0.93%
2022/1/6,2.481,2.404,2.481,2.401,4.46%
2022/1/5,2.375,2.331,2.394,2.331,2.64%
2022/1/4,2.314,2.358,2.372,2.312,-0.39%
2022/1/3,2.323,2.282,2.329,2.274,6.80%
2022/1/2,2.175,2.255,2.257,2.175,-3.55%
2022/1/1,2.255,2.255,2.255,2.255,0.00%
2021/12/31,2.255,2.255,2.256,2.255,0.31%
2021/12/30,2.248,2.242,2.248,2.233,3.12%
2021/12/29,2.18,2.19,2.2,2.176,-0.73%
2021/12/28,2.196,2.213,2.221,2.196,-0.72%
2021/12/27,2.212,2.204,2.219,2.196,0.45%
2021/12/26,2.202,2.202,2.202,2.202,0.00%
2021/12/25,2.202,2.202,2.202,2.202,-0.36%
2021/12/24,2.21,2.188,2.22,2.185,-0.23%
2021/12/23,2.215,2.148,2.215,2.144,3.12%
2021/12/22,2.148,2.11,2.149,2.11,2.53%
2021/12/21,2.095,2.11,2.125,2.08,-0.62%
2021/12/20,2.108,2.13,2.135,2.105,-2.04%
2021/12/19,2.152,2.152,2.152,2.152,0.00%
2021/12/18,2.152,2.152,2.152,2.152,-0.05%
2021/12/17,2.153,2.148,2.167,2.142,0.28%
2021/12/16,2.147,2.164,2.189,2.147,-0.88%
2021/12/15,2.166,2.178,2.194,2.157,-0.05%
2021/12/14,2.167,2.138,2.169,2.137,-0.09%
2021/12/13,2.169,2.194,2.208,2.167,-1.18%
2021/12/12,2.195,2.195,2.195,2.195,0.00%
2021/12/11,2.195,2.195,2.195,2.195,-0.32%
2021/12/10,2.202,2.168,2.203,2.161,0.64%
2021/12/9,2.188,2.206,2.233,2.181,0.09%
2021/12/8,2.186,2.235,2.235,2.18,-2.41%
2021/12/7,2.24,2.228,2.244,2.217,1.27%
2021/12/6,2.212,2.193,2.224,2.186,-1.03%
2021/12/5,2.235,2.235,2.235,2.235,0.00%
2021/12/4,2.235,2.235,2.235,2.235,0.09%
2021/12/3,2.233,2.194,2.233,2.19,1.78%
2021/12/2,2.194,2.15,2.203,2.141,0.60%
2021/12/1,2.181,2.222,2.23,2.166,-1.67%
2021/11/30,2.218,2.248,2.283,2.174,-2.08%
2021/11/29,2.265,2.272,2.323,2.251,0.13%
2021/11/28,2.262,2.262,2.262,2.262,0.00%
2021/11/27,2.262,2.262,2.262,2.262,0.40%
2021/11/26,2.253,2.31,2.316,2.216,-4.01%
2021/11/25,2.347,2.39,2.398,2.33,-1.96%
2021/11/24,2.394,2.43,2.442,2.388,-0.25%
2021/11/23,2.4,2.424,2.45,2.38,0.59%
2021/11/22,2.386,2.367,2.386,2.357,0.25%
2021/11/21,2.38,2.38,2.38,2.38,0.00%
2021/11/20,2.38,2.38,2.38,2.38,0.38%
2021/11/19,2.371,2.346,2.374,2.345,1.41%
2021/11/18,2.338,2.365,2.365,2.314,-0.93%
2021/11/17,2.36,2.33,2.362,2.297,1.07%
2021/11/16,2.335,2.328,2.346,2.311,1.57%
2021/11/15,2.299,2.336,2.336,2.295,-2.17%
2021/11/14,2.35,2.35,2.35,2.35,0.00%
2021/11/13,2.35,2.35,2.35,2.35,0.34%
2021/11/12,2.342,2.372,2.383,2.323,0.09%
2021/11/11,2.34,2.363,2.389,2.334,1.43%
2021/11/10,2.307,2.285,2.321,2.276,0.57%
2021/11/9,2.294,2.323,2.33,2.281,-1.46%
2021/11/8,2.328,2.3,2.342,2.3,-0.94%
2021/11/7,2.35,2.35,2.35,2.35,0.00%
2021/11/6,2.35,2.35,2.35,2.35,0.00%
2021/11/5,2.35,2.375,2.397,2.345,-3.21%
2021/11/4,2.428,2.452,2.452,2.423,-1.70%
2021/11/3,2.47,2.462,2.484,2.444,-0.40%
2021/11/2,2.48,2.519,2.529,2.449,-0.72%
2021/11/1,2.498,2.552,2.562,2.48,-2.54%
2021/10/31,2.563,2.563,2.563,2.563,0.00%
2021/10/30,2.563,2.563,2.563,2.563,-0.77%
2021/10/29,2.583,2.474,2.583,2.468,8.03%
2021/10/28,2.391,2.5,2.54,2.39,-3.74%
2021/10/27,2.484,2.45,2.489,2.441,1.14%
2021/10/26,2.456,2.45,2.504,2.436,1.24%
2021/10/25,2.426,2.407,2.426,2.383,0.75%
2021/10/24,2.408,2.408,2.408,2.408,0.00%
2021/10/23,2.408,2.408,2.408,2.408,-0.12%
2021/10/22,2.411,2.423,2.425,2.4,1.01%
2021/10/21,2.387,2.408,2.416,2.383,-0.13%
2021/10/20,2.39,2.423,2.431,2.382,0.42%
2021/10/19,2.38,2.385,2.399,2.367,-0.79%
2021/10/18,2.399,2.41,2.435,2.386,0.42%
2021/10/17,2.389,2.361,2.389,2.36,1.23%
2021/10/16,2.36,2.36,2.36,2.36,0.21%
2021/10/15,2.355,2.339,2.378,2.338,0.17%
2021/10/14,2.351,2.373,2.382,2.342,-2.08%
2021/10/13,2.401,2.415,2.43,2.394,-1.88%
2021/10/12,2.447,2.367,2.448,2.354,3.60%
2021/10/11,2.362,2.362,2.362,2.362,0.00%
2021/10/10,2.362,2.362,2.362,2.362,0.00%
2021/10/9,2.362,2.362,2.362,2.362,-0.59%
2021/10/8,2.376,2.406,2.413,2.341,-0.46%
2021/10/7,2.387,2.372,2.398,2.361,-0.54%
2021/10/6,2.4,2.305,2.401,2.305,4.76%
2021/10/5,2.291,2.24,2.295,2.24,1.82%
2021/10/4,2.25,2.25,2.25,2.25,0.00%
2021/10/3,2.25,2.25,2.25,2.25,0.00%
2021/10/2,2.25,2.25,2.25,2.25,-0.40%
2021/10/1,2.259,2.219,2.272,2.201,0.98%
2021/9/30,2.237,2.216,2.247,2.213,0.49%
2021/9/29,2.226,2.276,2.304,2.225,-1.33%
2021/9/28,2.256,2.19,2.256,2.19,4.11%
2021/9/27,2.167,2.168,2.176,2.137,0.46%
2021/9/26,2.157,2.157,2.157,2.157,0.00%
2021/9/25,2.157,2.157,2.157,2.157,0.28%
2021/9/24,2.151,2.131,2.166,2.131,2.48%
2021/9/23,2.099,2.038,2.1,2.032,1.30%
2021/9/22,2.072,2.072,2.072,2.072,0.00%
2021/9/21,2.072,2.072,2.072,2.072,0.00%
2021/9/20,2.072,2.072,2.072,2.072,0.00%
2021/9/19,2.072,2.072,2.072,2.072,0.00%
2021/9/18,2.072,2.072,2.072,2.072,0.29%
2021/9/17,2.066,2.051,2.092,2.049,1.13%
2021/9/16,2.043,2.045,2.051,2.021,0.94%
2021/9/15,2.024,2.056,2.063,2.024,-1.65%
2021/9/14,2.058,2.038,2.079,2.036,1.13%
2021/9/13,2.035,2.011,2.037,2.001,2.01%
2021/9/12,1.995,1.995,1.995,1.995,0.00%
2021/9/11,1.995,1.995,1.995,1.995,-0.65%
2021/9/10,2.008,1.993,2.041,1.993,0.40%
2021/9/9,2,1.996,2.002,1.986,-0.94%
2021/9/8,2.019,1.997,2.019,1.986,2.28%
2021/9/7,1.974,1.965,1.984,1.954,0.15%
2021/9/6,1.971,1.952,1.978,1.952,1.49%
2021/9/5,1.942,1.942,1.942,1.942,-0.05%
2021/9/3,1.943,1.948,1.951,1.935,0.15%
2021/9/2,1.94,1.934,1.948,1.93,-0.10%
2021/9/1,1.942,1.928,1.947,1.922,1.57%
2021/8/31,1.912,1.886,1.914,1.879,-0.05%
2021/8/30,1.913,1.921,1.93,1.913,-1.24%
2021/8/29,1.937,1.937,1.937,1.937,0.00%
2021/8/28,1.937,1.937,1.937,1.937,-0.10%
2021/8/27,1.939,1.924,1.956,1.923,0.62%
2021/8/26,1.927,1.953,1.963,1.899,-0.46%
2021/8/25,1.936,1.94,1.95,1.93,-0.15%
2021/8/24,1.939,1.893,1.939,1.888,2.81%
2021/8/23,1.886,1.866,1.895,1.864,-1.77%
2021/8/22,1.92,1.852,1.92,1.852,3.67%
2021/8/21,1.852,1.852,1.852,1.852,0.00%
2021/8/20,1.852,1.869,1.88,1.85,-0.86%
2021/8/19,1.868,1.88,1.887,1.865,-0.64%
2021/8/18,1.88,1.887,1.891,1.872,-0.48%
2021/8/17,1.889,1.889,1.901,1.886,-1.61%
2021/8/16,1.92,1.92,1.92,1.92,0.00%
2021/8/15,1.92,1.92,1.92,1.92,-0.21%
2021/8/13,1.924,1.94,1.945,1.912,0.16%
2021/8/12,1.921,1.915,1.931,1.91,-0.67%
2021/8/11,1.934,1.925,1.934,1.916,0.89%
2021/8/10,1.917,1.92,1.932,1.917,0.10%
2021/8/9,1.915,1.897,1.915,1.882,1.06%
2021/8/7,1.895,1.895,1.895,1.895,-0.32%
2021/8/6,1.901,1.897,1.902,1.882,1.22%
2021/8/5,1.878,1.867,1.893,1.851,0.64%
2021/8/4,1.866,1.887,1.887,1.857,-1.27%
2021/8/3,1.89,1.892,1.893,1.871,-0.89%
2021/8/2,1.907,1.9,1.907,1.858,2.14%
2021/7/31,1.867,1.867,1.867,1.867,-0.48%
2021/7/30,1.876,1.9,1.9,1.858,-0.69%
2021/7/29,1.889,1.868,1.895,1.866,1.40%
2021/7/28,1.863,1.859,1.904,1.849,-0.27%
2021/7/27,1.868,1.88,1.88,1.856,0.27%
2021/7/26,1.863,1.88,1.889,1.859,-1.01%
2021/7/25,1.882,1.882,1.882,1.882,-0.32%
2021/7/23,1.888,1.907,1.907,1.867,-1.77%
2021/7/22,1.922,1.903,1.925,1.898,2.40%
2021/7/21,1.877,1.917,1.917,1.858,-0.74%
2021/7/20,1.891,1.929,1.929,1.883,-4.11%
2021/7/19,1.972,1.971,1.982,1.97,-2.23%
2021/7/18,2.017,2.017,2.017,2.017,0.00%
2021/7/17,2.017,2.017,2.017,2.017,0.60%
2021/7/16,2.005,1.99,2.031,1.99,-1.13%
2021/7/15,2.028,1.99,2.069,1.982,0.90%
2021/7/14,2.01,2.049,2.054,2.006,-1.23%
2021/7/13,2.035,2.027,2.043,2.022,0.64%
2021/7/12,2.022,2.048,2.053,2.02,-0.64%
2021/7/11,2.035,2.035,2.035,2.035,0.00%
2021/7/10,2.035,2.035,2.035,2.035,0.15%
2021/7/9,2.032,2.019,2.041,2.016,1.40%
2021/7/8,2.004,2.009,2.023,1.999,-1.72%
2021/7/7,2.039,2.066,2.07,2.037,-3.82%
2021/7/6,2.12,2.095,2.122,2.09,1.48%
2021/7/5,2.089,2.081,2.098,2.076,-0.76%
2021/7/4,2.105,2.105,2.105,2.105,0.00%
2021/7/3,2.105,2.105,2.105,2.105,0.19%
2021/7/2,2.101,2.089,2.101,2.072,0.57%
2021/7/1,2.089,2.091,2.105,2.065,-0.14%
2021/6/30,2.092,2.1,2.11,2.089,-0.85%
2021/6/29,2.11,2.11,2.133,2.106,-1.26%
2021/6/28,2.137,2.114,2.155,2.108,1.67%
2021/6/27,2.102,2.102,2.102,2.102,0.00%
2021/6/26,2.102,2.102,2.102,2.102,0.10%
2021/6/25,2.1,2.08,2.136,2.08,2.09%
2021/6/24,2.057,2.039,2.062,2.02,0.78%
2021/6/23,2.041,2.03,2.046,2.024,-0.44%
2021/6/22,2.05,2.035,2.061,2.027,2.19%
2021/6/21,2.006,2.025,2.025,1.985,-1.43%
2021/6/20,2.035,2.035,2.035,2.035,0.00%
2021/6/19,2.035,2.035,2.035,2.035,-0.29%
2021/6/18,2.041,2.067,2.067,2.036,-1.83%
2021/6/17,2.079,2.097,2.112,2.071,0.39%
2021/6/16,2.071,2.074,2.095,2.067,0.00%
2021/6/15,2.071,2.097,2.099,2.059,-1.19%
2021/6/14,2.096,2.086,2.104,2.083,0.77%
2021/6/13,2.08,2.08,2.08,2.08,0.00%
2021/6/12,2.08,2.08,2.08,2.08,-1.00%
2021/6/11,2.101,2.066,2.115,2.065,0.77%
2021/6/10,2.085,2.084,2.098,2.078,-0.90%
2021/6/9,2.104,2.123,2.123,2.081,-0.57%
2021/6/8,2.116,2.141,2.146,2.116,-1.86%
2021/6/7,2.156,2.137,2.159,2.134,-0.51%
2021/6/6,2.167,2.167,2.167,2.167,0.00%
2021/6/5,2.167,2.167,2.167,2.167,-0.28%
2021/6/4,2.173,2.207,2.209,2.163,-1.00%
2021/6/3,2.195,2.179,2.196,2.163,-0.32%
2021/6/2,2.202,2.192,2.214,2.187,0.78%
2021/6/1,2.185,2.174,2.197,2.16,0.28%
2021/5/31,2.179,2.15,2.195,2.15,1.97%
2021/5/30,2.137,2.137,2.137,2.137,0.00%
2021/5/29,2.137,2.137,2.137,2.137,0.23%
2021/5/28,2.132,2.133,2.156,2.125,0.95%
2021/5/27,2.112,2.123,2.16,2.092,-0.71%
2021/5/26,2.127,2.116,2.132,2.104,-0.09%
2021/5/25,2.129,2.11,2.131,2.106,0.42%
2021/5/24,2.12,2.113,2.151,2.113,0.14%
2021/5/23,2.117,2.117,2.117,2.117,0.00%
2021/5/22,2.117,2.117,2.117,2.117,-0.33%
2021/5/21,2.124,2.124,2.129,2.119,-0.52%
2021/5/20,2.135,2.136,2.146,2.129,0.71%
2021/5/19,2.12,2.12,2.12,2.12,0.09%
2021/5/18,2.118,2.134,2.145,2.118,0.05%
2021/5/17,2.117,2.137,2.141,2.111,-1.76%
2021/5/16,2.155,2.155,2.155,2.155,0.00%
2021/5/15,2.155,2.155,2.155,2.155,-0.23%
2021/5/14,2.16,2.156,2.164,2.143,0.19%
2021/5/13,2.156,2.154,2.17,2.148,1.46%
2021/5/12,2.125,2.156,2.16,2.119,-0.65%
2021/5/11,2.139,2.139,2.147,2.123,0.23%
2021/5/10,2.134,2.122,2.151,2.121,0.52%
2021/5/7,2.123,2.087,2.128,2.087,1.00%
2021/5/6,2.102,2.121,2.126,2.098,-1.31%
2021/5/5,2.13,2.13,2.13,2.13,0.00%
2021/5/4,2.13,2.106,2.139,2.094,0.28%
2021/5/3,2.124,2.136,2.156,2.106,-0.28%
2021/5/2,2.13,2.13,2.13,2.13,0.00%
2021/5/1,2.13,2.13,2.13,2.13,0.09%
2021/4/30,2.128,2.118,2.143,2.114,1.43%
2021/4/29,2.098,2.069,2.101,2.069,0.77%
2021/4/28,2.082,2.088,2.1,2.071,0.53%
2021/4/27,2.071,2.073,2.083,2.06,-0.86%
2021/4/26,2.089,2.031,2.092,2.023,2.15%
2021/4/25,2.045,2.045,2.045,2.045,0.00%
2021/4/24,2.045,2.045,2.045,2.045,0.10%
2021/4/23,2.043,1.999,2.064,1.992,2.71%
2021/4/22,1.989,2.008,2.008,1.983,-0.80%
2021/4/21,2.005,1.98,2.015,1.978,0.10%
2021/4/20,2.003,1.978,2.015,1.974,1.11%
2021/4/19,1.981,2.014,2.014,1.981,-2.03%
2021/4/18,2.022,2.022,2.022,2.022,0.00%
2021/4/17,2.022,2.022,2.022,2.022,-0.10%
2021/4/16,2.024,1.991,2.028,1.989,0.20%
2021/4/15,2.02,1.995,2.035,1.99,1.51%
2021/4/14,1.99,1.986,1.997,1.98,-1.87%
2021/4/13,2.028,2.003,2.036,1.982,1.15%
2021/4/12,2.005,2.04,2.051,1.999,-0.99%
2021/4/11,2.025,2.025,2.025,2.025,0.00%
2021/4/10,2.025,2.025,2.025,2.025,-0.25%
2021/4/9,2.03,2.014,2.046,1.986,0.89%
2021/4/8,2.012,2.07,2.07,2.008,-2.52%
2021/4/7,2.064,2.061,2.074,2.054,-0.19%
2021/4/6,2.068,2.082,2.082,2.058,-1.24%
2021/4/5,2.094,2.07,2.116,2.07,2.05%
2021/4/4,2.052,2.052,2.052,2.052,0.00%
2021/4/3,2.052,2.052,2.052,2.052,0.15%
2021/4/2,2.049,2.011,2.058,2.011,1.29%
2021/4/1,2.023,2.064,2.08,2.023,-1.65%
2021/3/31,2.057,2.035,2.079,2.034,-0.29%
2021/3/30,2.063,2.01,2.065,1.998,4.14%
2021/3/29,1.981,2.016,2.016,1.973,-1.44%
2021/3/28,2.01,2.01,2.01,2.01,0.00%
2021/3/27,2.01,2.01,2.01,2.01,0.30%
2021/3/26,2.004,1.983,2.007,1.976,1.88%
2021/3/25,1.967,2.004,2.025,1.958,-1.40%
2021/3/24,1.995,2.002,2.009,1.964,-1.77%
2021/3/23,2.031,2.058,2.066,2.017,-1.31%
2021/3/22,2.058,2.12,2.123,2.045,-2.70%
2021/3/21,2.115,2.115,2.115,2.115,0.00%
2021/3/20,2.115,2.115,2.115,2.115,0.81%
2021/3/19,2.098,2.195,2.207,2.098,-2.42%
2021/3/18,2.15,2.144,2.184,2.11,0.75%
2021/3/17,2.134,2.126,2.144,2.119,1.62%
2021/3/16,2.1,2.147,2.155,2.092,-2.51%
2021/3/15,2.154,2.13,2.18,2.119,2.33%
2021/3/14,2.105,2.105,2.105,2.105,0.00%
2021/3/13,2.105,2.105,2.105,2.105,0.72%
2021/3/12,2.09,2.048,2.092,2.032,3.06%
2021/3/11,2.028,2.02,2.039,2.005,-0.44%
2021/3/10,2.037,2.01,2.042,1.964,0.10%
2021/3/9,2.035,2.028,2.083,2.028,0.54%
2021/3/8,2.024,1.998,2.024,1.971,1.45%
2021/3/7,1.995,1.995,1.995,1.995,0.00%
2021/3/6,1.995,1.995,1.995,1.995,0.20%
2021/3/5,1.991,2,2.016,1.978,0.96%
2021/3/4,1.972,1.974,1.992,1.966,1.02%
2021/3/3,1.952,1.951,1.964,1.937,-0.71%
2021/3/2,1.966,1.933,1.966,1.928,-0.20%
2021/3/1,1.97,1.97,1.97,1.97,0.00%
2021/2/28,1.97,1.97,1.97,1.97,0.00%
2021/2/27,1.97,1.97,1.97,1.97,0.51%
2021/2/26,1.96,2,2,1.937,4.20%
2021/2/25,1.881,1.875,1.9,1.861,1.62%
2021/2/24,1.851,1.892,1.905,1.85,-3.09%
2021/2/23,1.91,1.915,1.934,1.91,-0.57%
2021/2/22,1.921,1.891,1.931,1.889,2.34%
2021/2/21,1.877,1.877,1.877,1.877,0.00%
2021/2/20,1.877,1.877,1.877,1.877,0.11%
2021/2/19,1.875,1.869,1.882,1.859,1.13%
2021/2/18,1.854,1.855,1.855,1.844,-0.43%
2021/2/17,1.862,1.895,1.898,1.862,0.65%
2021/2/16,1.85,1.859,1.868,1.848,-1.18%
2021/2/15,1.872,1.858,1.872,1.85,2.30%
2021/2/14,1.83,1.83,1.83,1.83,0.00%
2021/2/13,1.83,1.83,1.83,1.83,0.00%
2021/2/12,1.83,1.83,1.83,1.83,0.00%
2021/2/11,1.83,1.83,1.83,1.83,-0.05%
2021/2/10,1.831,1.818,1.834,1.812,1.05%
2021/2/9,1.812,1.814,1.824,1.808,-0.55%
2021/2/8,1.822,1.792,1.825,1.792,2.24%
2021/2/7,1.782,1.782,1.782,1.782,0.00%
2021/2/6,1.782,1.782,1.782,1.782,-0.61%
2021/2/5,1.793,1.788,1.812,1.777,-0.11%
2021/2/4,1.795,1.785,1.799,1.772,1.53%
2021/2/3,1.768,1.778,1.782,1.759,0.57%
2021/2/2,1.758,1.796,1.796,1.755,-2.55%
2021/2/1,1.804,1.779,1.815,1.774,2.21%
2021/1/31,1.765,1.765,1.765,1.765,0.00%
2021/1/30,1.765,1.765,1.765,1.765,-0.17%
2021/1/29,1.768,1.782,1.786,1.754,0.23%
2021/1/28,1.764,1.771,1.785,1.763,0.40%
2021/1/27,1.757,1.765,1.772,1.75,-0.73%
2021/1/26,1.77,1.765,1.782,1.762,-0.56%
2021/1/25,1.78,1.757,1.782,1.75,1.42%
2021/1/24,1.755,1.755,1.755,1.755,0.00%
2021/1/23,1.755,1.755,1.755,1.755,-0.23%
2021/1/22,1.759,1.73,1.761,1.727,2.99%
2021/1/21,1.708,1.707,1.716,1.703,0.29%
2021/1/20,1.703,1.706,1.709,1.698,-0.47%
2021/1/19,1.711,1.719,1.723,1.706,-0.23%
2021/1/18,1.715,1.724,1.731,1.711,-0.87%
2021/1/17,1.73,1.73,1.73,1.73,0.00%
2021/1/16,1.73,1.73,1.73,1.73,-0.06%
2021/1/15,1.731,1.734,1.74,1.708,-0.17%
2021/1/14,1.734,1.712,1.742,1.71,0.87%
2021/1/13,1.719,1.703,1.732,1.698,0.06%
2021/1/12,1.718,1.698,1.732,1.698,1.48%
2021/1/11,1.693,1.726,1.726,1.693,-1.57%
2021/1/10,1.72,1.72,1.72,1.72,0.00%
2021/1/9,1.72,1.72,1.72,1.72,-0.75%
2021/1/8,1.733,1.733,1.743,1.732,0.46%
2021/1/7,1.725,1.725,1.75,1.724,-0.35%
2021/1/6,1.731,1.701,1.736,1.682,2.43%
2021/1/5,1.69,1.723,1.737,1.689,-1.80%
2021/1/4,1.721,1.725,1.731,1.708,-0.06%
2021/1/3,1.722,1.722,1.722,1.722,0.00%
2021/1/2,1.722,1.722,1.722,1.722,0.00%
2021/1/1,1.722,1.722,1.722,1.722,0.00%
2020/12/31,1.722,1.722,1.722,1.722,0.58%
2020/12/30,1.712,1.717,1.729,1.712,0.82%
2020/12/29,1.698,1.676,1.71,1.675,1.01%
2020/12/28,1.681,1.686,1.69,1.671,-0.65%
2020/12/27,1.692,1.692,1.692,1.692,0.00%
2020/12/26,1.692,1.692,1.692,1.692,0.00%
2020/12/25,1.692,1.692,1.692,1.692,0.59%
2020/12/24,1.682,1.662,1.682,1.661,2.56%
2020/12/23,1.64,1.654,1.66,1.639,-1.03%
2020/12/22,1.657,1.675,1.683,1.645,-1.31%
2020/12/21,1.679,1.703,1.717,1.677,-1.64%
2020/12/20,1.707,1.707,1.707,1.707,0.00%
2020/12/19,1.707,1.707,1.707,1.707,0.41%
2020/12/18,1.7,1.723,1.735,1.7,-1.96%
2020/12/17,1.734,1.692,1.74,1.692,2.85%
2020/12/16,1.686,1.67,1.693,1.663,0.84%
2020/12/15,1.672,1.669,1.678,1.652,0.00%
2020/12/14,1.672,1.652,1.674,1.643,0.91%
2020/12/13,1.657,1.657,1.657,1.657,0.00%
2020/12/12,1.657,1.657,1.657,1.657,-0.36%
2020/12/11,1.663,1.651,1.664,1.651,0.54%
2020/12/10,1.654,1.651,1.667,1.645,-0.30%
2020/12/9,1.659,1.652,1.662,1.652,1.04%
2020/12/8,1.642,1.644,1.659,1.63,-0.30%
2020/12/7,1.647,1.681,1.681,1.639,-1.02%
2020/12/6,1.664,1.664,1.664,1.664,0.00%
2020/12/5,1.664,1.664,1.664,1.664,0.85%
2020/12/4,1.65,1.65,1.664,1.64,-1.32%
2020/12/3,1.672,1.66,1.68,1.658,-0.18%
2020/12/2,1.675,1.68,1.689,1.67,1.45%
2020/12/1,1.651,1.663,1.663,1.638,-0.36%
2020/11/30,1.657,1.639,1.663,1.632,1.04%
2020/11/29,1.64,1.64,1.64,1.64,0.00%
2020/11/28,1.64,1.64,1.64,1.64,-0.12%
2020/11/27,1.642,1.638,1.647,1.62,-0.91%
2020/11/26,1.657,1.632,1.658,1.627,1.84%
2020/11/25,1.627,1.605,1.653,1.605,1.69%
2020/11/24,1.6,1.6,1.608,1.588,1.20%
2020/11/23,1.581,1.596,1.6,1.571,-1.92%
2020/11/22,1.612,1.612,1.612,1.612,0.00%
2020/11/21,1.612,1.612,1.612,1.612,0.44%
2020/11/20,1.605,1.592,1.613,1.592,0.19%
2020/11/19,1.602,1.602,1.617,1.592,0.00%
2020/11/18,1.602,1.608,1.611,1.599,-1.05%
2020/11/17,1.619,1.616,1.639,1.607,-0.31%
2020/11/16,1.624,1.641,1.645,1.612,-0.18%
2020/11/15,1.627,1.627,1.627,1.627,0.00%
2020/11/14,1.627,1.627,1.627,1.627,0.00%
2020/11/13,1.627,1.623,1.647,1.62,-1.45%
2020/11/12,1.651,1.638,1.652,1.629,-0.42%
2020/11/11,1.658,1.634,1.66,1.621,2.28%
2020/11/10,1.621,1.637,1.64,1.616,3.38%
2020/11/9,1.568,1.587,1.596,1.567,0.19%
2020/11/8,1.565,1.565,1.565,1.565,0.00%
2020/11/7,1.565,1.565,1.565,1.565,0.45%
2020/11/6,1.558,1.542,1.565,1.538,2.03%
2020/11/5,1.527,1.539,1.547,1.526,-2.86%
2020/11/4,1.572,1.633,1.645,1.556,-2.12%
2020/11/3,1.606,1.592,1.609,1.582,0.12%
2020/11/2,1.604,1.568,1.609,1.567,3.35%
2020/11/1,1.552,1.552,1.552,1.552,0.00%
2020/10/31,1.552,1.552,1.552,1.552,0.65%
2020/10/30,1.542,1.539,1.557,1.533,0.85%
2020/10/29,1.529,1.515,1.529,1.506,2.07%
2020/10/28,1.498,1.486,1.499,1.478,-0.27%
2020/10/27,1.502,1.479,1.51,1.479,1.28%
2020/10/26,1.483,1.481,1.492,1.469,-0.80%
2020/10/25,1.495,1.495,1.495,1.495,0.00%
2020/10/24,1.495,1.495,1.495,1.495,0.07%
2020/10/23,1.494,1.529,1.545,1.483,-0.93%
2020/10/22,1.508,1.513,1.514,1.499,-1.05%
2020/10/21,1.524,1.469,1.524,1.469,4.31%
2020/10/20,1.461,1.438,1.464,1.432,1.39%
2020/10/19,1.441,1.525,1.525,1.432,-3.93%
2020/10/18,1.5,1.5,1.5,1.5,0.00%
2020/10/17,1.5,1.5,1.5,1.5,0.74%
2020/10/16,1.489,1.485,1.505,1.484,0.47%
2020/10/15,1.482,1.498,1.5,1.468,-2.05%
2020/10/14,1.513,1.505,1.527,1.498,-1.05%
2020/10/13,1.529,1.545,1.546,1.526,-1.55%
2020/10/12,1.553,1.539,1.56,1.539,0.78%
2020/10/11,1.541,1.541,1.541,1.541,0.00%
2020/10/10,1.541,1.541,1.541,1.541,0.00%
2020/10/9,1.541,1.541,1.541,1.541,-0.19%
2020/10/8,1.544,1.53,1.554,1.53,0.72%
2020/10/7,1.533,1.515,1.533,1.512,0.13%
2020/10/6,1.531,1.512,1.543,1.505,3.52%
2020/10/5,1.479,1.45,1.479,1.45,3.64%
2020/10/4,1.427,1.427,1.427,1.427,0.00%
2020/10/3,1.427,1.427,1.427,1.427,0.00%
2020/10/2,1.427,1.427,1.427,1.427,0.00%
2020/10/1,1.427,1.427,1.427,1.427,0.00%
2020/9/30,1.427,1.427,1.427,1.427,-0.21%
2020/9/29,1.43,1.418,1.448,1.412,0.28%
2020/9/28,1.426,1.429,1.434,1.409,-0.07%
2020/9/27,1.427,1.427,1.427,1.427,0.00%
2020/9/26,1.427,1.427,1.427,1.427,0.28%
2020/9/25,1.423,1.425,1.445,1.421,-1.32%
2020/9/24,1.442,1.442,1.463,1.435,-0.28%
2020/9/23,1.446,1.466,1.477,1.432,-1.90%
2020/9/22,1.474,1.481,1.481,1.465,-1.27%
2020/9/21,1.493,1.511,1.512,1.485,-0.80%
2020/9/20,1.505,1.505,1.505,1.505,0.00%
2020/9/19,1.505,1.505,1.505,1.505,0.20%
2020/9/18,1.502,1.513,1.516,1.482,-0.60%
2020/9/17,1.511,1.485,1.515,1.485,1.75%
2020/9/16,1.485,1.496,1.507,1.48,-1.26%
2020/9/15,1.504,1.504,1.516,1.489,-0.92%
2020/9/14,1.518,1.532,1.544,1.507,-0.91%
2020/9/13,1.532,1.532,1.532,1.532,0.20%
2020/9/11,1.529,1.507,1.533,1.507,0.86%
2020/9/10,1.516,1.521,1.521,1.49,-0.13%
2020/9/9,1.518,1.503,1.532,1.5,-2.44%
2020/9/8,1.556,1.564,1.572,1.533,-0.95%
2020/9/7,1.571,1.58,1.58,1.55,2.01%
2020/9/6,1.54,1.54,1.54,1.54,0.00%
2020/9/5,1.54,1.54,1.54,1.54,1.05%
2020/9/4,1.524,1.513,1.549,1.513,0.13%
2020/9/3,1.522,1.537,1.557,1.515,-1.10%
2020/9/2,1.539,1.565,1.598,1.53,-2.90%
2020/9/1,1.585,1.528,1.599,1.523,4.76%
2020/8/31,1.513,1.478,1.525,1.478,1.89%
2020/8/30,1.485,1.485,1.485,1.485,0.00%
2020/8/29,1.485,1.485,1.485,1.485,-0.07%
2020/8/28,1.486,1.45,1.502,1.45,4.57%
2020/8/27,1.421,1.386,1.438,1.367,1.14%
2020/8/26,1.405,1.399,1.419,1.393,1.30%
2020/8/25,1.387,1.379,1.396,1.373,0.73%
2020/8/24,1.377,1.405,1.405,1.374,-2.34%
2020/8/23,1.41,1.41,1.41,1.41,0.00%
2020/8/22,1.41,1.41,1.41,1.41,0.00%
2020/8/21,1.41,1.375,1.415,1.373,2.25%
2020/8/20,1.379,1.361,1.382,1.36,2.45%
2020/8/19,1.346,1.348,1.379,1.339,-0.81%
2020/8/18,1.357,1.394,1.401,1.354,-3.07%
2020/8/17,1.4,1.4,1.4,1.4,0.00%
2020/8/16,1.4,1.4,1.4,1.4,0.00%
2020/8/15,1.4,1.4,1.4,1.4,0.43%
2020/8/14,1.394,1.384,1.405,1.381,2.27%
2020/8/13,1.363,1.37,1.375,1.354,-0.51%
2020/8/12,1.37,1.368,1.385,1.359,1.86%
2020/8/11,1.345,1.351,1.379,1.345,-1.39%
2020/8/10,1.364,1.345,1.367,1.343,2.79%
2020/8/9,1.327,1.327,1.327,1.327,0.00%
2020/8/8,1.327,1.327,1.327,1.327,0.61%
2020/8/7,1.319,1.307,1.322,1.298,1.00%
2020/8/6,1.306,1.3,1.313,1.299,1.08%
2020/8/5,1.292,1.289,1.292,1.276,-1.07%
2020/8/4,1.306,1.313,1.321,1.299,-0.08%
2020/8/3,1.307,1.293,1.309,1.286,0.93%
2020/8/2,1.295,1.295,1.295,1.295,0.00%
2020/8/1,1.295,1.295,1.295,1.295,-0.15%
2020/7/31,1.297,1.273,1.297,1.258,1.09%
2020/7/30,1.283,1.301,1.302,1.28,-2.06%
2020/7/29,1.31,1.305,1.318,1.302,-1.43%
2020/7/28,1.329,1.3,1.334,1.299,1.76%
2020/7/27,1.306,1.312,1.317,1.291,0.31%
2020/7/26,1.302,1.302,1.302,1.302,0.00%
2020/7/25,1.302,1.302,1.302,1.302,-0.23%
2020/7/24,1.305,1.312,1.312,1.293,-0.91%
2020/7/23,1.317,1.335,1.342,1.313,-2.23%
2020/7/22,1.347,1.343,1.357,1.339,-0.66%
2020/7/21,1.356,1.323,1.358,1.321,1.65%
2020/7/20,1.334,1.354,1.358,1.334,-1.19%
2020/7/19,1.35,1.35,1.35,1.35,0.00%
2020/7/18,1.35,1.35,1.35,1.35,0.15%
2020/7/17,1.348,1.367,1.368,1.345,-2.46%
2020/7/16,1.382,1.413,1.423,1.38,-2.40%
2020/7/15,1.416,1.41,1.428,1.406,-0.21%
2020/7/14,1.419,1.41,1.425,1.397,-0.07%
2020/7/13,1.42,1.41,1.426,1.41,1.65%
2020/7/12,1.397,1.397,1.397,1.397,0.00%
2020/7/10,1.397,1.387,1.4,1.378,0.43%
2020/7/9,1.391,1.377,1.397,1.376,0.94%
2020/7/8,1.378,1.389,1.399,1.373,-0.65%
2020/7/7,1.387,1.404,1.408,1.386,-1.56%
2020/7/6,1.409,1.392,1.423,1.392,1.95%
2020/7/5,1.382,1.382,1.382,1.382,0.00%
2020/7/4,1.382,1.382,1.382,1.382,-0.43%
2020/7/3,1.388,1.376,1.391,1.37,0.73%
2020/7/2,1.378,1.392,1.392,1.37,-1.99%
2020/7/1,1.406,1.38,1.414,1.359,2.70%
2020/6/30,1.369,1.361,1.378,1.354,0.29%
2020/6/29,1.365,1.322,1.366,1.322,3.02%
2020/6/28,1.325,1.325,1.325,1.325,0.00%
2020/6/27,1.325,1.325,1.325,1.325,-0.15%
2020/6/26,1.327,1.337,1.346,1.315,-1.34%
2020/6/25,1.345,1.348,1.362,1.344,-1.32%
2020/6/24,1.363,1.377,1.377,1.348,-1.66%
2020/6/23,1.386,1.382,1.389,1.351,-0.36%
2020/6/22,1.391,1.386,1.409,1.386,0.07%
2020/6/21,1.39,1.39,1.39,1.39,0.00%
2020/6/20,1.39,1.39,1.39,1.39,0.87%
2020/6/19,1.378,1.383,1.39,1.365,0.58%
2020/6/18,1.37,1.394,1.395,1.365,-2.84%
2020/6/17,1.41,1.408,1.441,1.394,0.71%
2020/6/16,1.4,1.418,1.44,1.392,-1.69%
2020/6/15,1.424,1.384,1.441,1.369,3.19%
2020/6/14,1.38,1.38,1.38,1.38,0.00%
2020/6/13,1.38,1.38,1.38,1.38,-0.58%
2020/6/12,1.388,1.353,1.399,1.353,0.51%
2020/6/11,1.381,1.359,1.389,1.345,-1.15%
2020/6/10,1.397,1.391,1.42,1.389,1.60%
2020/6/9,1.375,1.43,1.435,1.375,-5.63%
2020/6/8,1.457,1.472,1.472,1.42,-0.21%
2020/6/7,1.46,1.46,1.46,1.46,0.00%
2020/6/6,1.46,1.46,1.46,1.46,0.76%
2020/6/5,1.449,1.451,1.46,1.439,1.19%
2020/6/4,1.432,1.424,1.447,1.4,0.42%
2020/6/3,1.426,1.372,1.433,1.356,2.81%
2020/6/2,1.387,1.413,1.434,1.387,-0.22%
2020/6/1,1.39,1.381,1.397,1.373,1.83%
2020/5/31,1.365,1.365,1.365,1.365,0.00%
2020/5/30,1.365,1.365,1.365,1.365,-0.80%
2020/5/29,1.376,1.346,1.385,1.319,2.69%
2020/5/28,1.34,1.323,1.36,1.225,-0.37%
2020/5/27,1.345,1.323,1.349,1.312,1.51%
2020/5/26,1.325,1.313,1.345,1.283,0.68%
2020/5/25,1.316,1.347,1.348,1.313,-1.79%
2020/5/24,1.34,1.34,1.34,1.34,0.00%
2020/5/23,1.34,1.34,1.34,1.34,-0.74%
2020/5/22,1.35,1.341,1.383,1.306,0.60%
2020/5/21,1.342,1.352,1.377,1.342,-1.03%
2020/5/20,1.356,1.384,1.392,1.353,-2.52%
2020/5/19,1.391,1.418,1.42,1.374,-0.07%
2020/5/18,1.392,1.39,1.4,1.383,1.09%
2020/5/17,1.377,1.377,1.377,1.377,0.00%
2020/5/16,1.377,1.377,1.377,1.377,-0.51%
2020/5/15,1.384,1.394,1.397,1.377,0.14%
2020/5/14,1.382,1.384,1.404,1.367,-0.72%
2020/5/13,1.392,1.404,1.412,1.376,-2.11%
2020/5/12,1.422,1.46,1.46,1.416,-2.67%
2020/5/11,1.461,1.433,1.461,1.433,2.53%
2020/5/10,1.425,1.425,1.425,1.425,0.00%
2020/5/9,1.425,1.425,1.425,1.425,-0.07%
2020/5/8,1.426,1.456,1.46,1.423,-4.04%
2020/5/7,1.486,1.516,1.519,1.469,-1.33%
2020/5/6,1.506,1.502,1.516,1.497,0.67%
2020/5/5,1.496,1.496,1.496,1.496,-0.20%
2020/5/4,1.499,1.517,1.523,1.484,-1.19%
2020/5/3,1.517,1.517,1.517,1.517,0.00%
2020/5/2,1.517,1.517,1.517,1.517,0.00%
2020/5/1,1.517,1.517,1.517,1.517,0.00%
2020/4/30,1.517,1.517,1.517,1.517,0.07%
2020/4/29,1.516,1.537,1.538,1.512,-3.01%
2020/4/28,1.563,1.58,1.603,1.555,-0.70%
2020/4/27,1.574,1.556,1.579,1.556,2.54%
2020/4/26,1.535,1.535,1.535,1.535,0.00%
2020/4/25,1.535,1.535,1.535,1.535,-1.03%
2020/4/24,1.551,1.534,1.585,1.534,0.39%
2020/4/23,1.545,1.555,1.555,1.504,1.25%
2020/4/22,1.526,1.44,1.538,1.437,4.59%
2020/4/21,1.459,1.42,1.515,1.42,0.83%
2020/4/20,1.447,1.446,1.451,1.417,-0.14%
2020/4/19,1.449,1.449,1.449,1.449,0.00%
2020/4/18,1.449,1.449,1.449,1.449,0.98%
2020/4/17,1.435,1.439,1.458,1.427,1.92%
2020/4/16,1.408,1.445,1.445,1.4,-3.69%
2020/4/15,1.462,1.462,1.462,1.462,-0.27%
2020/4/14,1.466,1.463,1.501,1.456,-0.14%
2020/4/13,1.468,1.455,1.472,1.448,0.89%
2020/4/12,1.455,1.455,1.455,1.455,0.00%
2020/4/11,1.455,1.455,1.455,1.455,0.97%
2020/4/10,1.441,1.442,1.461,1.415,0.42%
2020/4/9,1.435,1.515,1.55,1.428,-4.97%
2020/4/8,1.51,1.555,1.571,1.509,-4.43%
2020/4/7,1.58,1.546,1.585,1.529,2.46%
2020/4/6,1.542,1.565,1.592,1.506,-0.52%
2020/4/5,1.55,1.55,1.55,1.55,0.00%
2020/4/4,1.55,1.55,1.55,1.55,0.19%
2020/4/3,1.547,1.501,1.561,1.494,1.98%
2020/4/2,1.517,1.552,1.564,1.516,-1.56%
2020/4/1,1.541,1.55,1.556,1.497,-0.58%
2020/3/31,1.55,1.607,1.619,1.531,-0.64%
2020/3/30,1.56,1.521,1.56,1.495,1.50%
2020/3/29,1.537,1.537,1.537,1.537,0.00%
2020/3/28,1.537,1.537,1.537,1.537,0.33%
2020/3/27,1.532,1.491,1.542,1.444,2.20%
2020/3/26,1.499,1.627,1.627,1.499,-9.81%
2020/3/25,1.662,1.703,1.703,1.634,-2.29%
2020/3/24,1.701,1.673,1.701,1.643,-0.47%
2020/3/23,1.709,1.657,1.734,1.657,4.85%
2020/3/22,1.63,1.63,1.63,1.63,0.00%
2020/3/21,1.63,1.63,1.63,1.63,1.05%
2020/3/20,1.613,1.636,1.678,1.613,-2.54%
2020/3/19,1.655,1.53,1.716,1.526,10.48%
2020/3/18,1.498,1.47,1.5,1.43,3.88%
2020/3/17,1.442,1.499,1.549,1.419,-5.38%
2020/3/16,1.524,1.489,1.55,1.464,-5.87%
2020/3/15,1.619,1.619,1.619,1.619,0.00%
2020/3/14,1.619,1.619,1.619,1.619,3.25%
2020/3/13,1.568,1.526,1.623,1.46,13.13%
2020/3/12,1.386,1.418,1.42,1.357,1.02%
2020/3/11,1.372,1.38,1.412,1.324,1.40%
2020/3/10,1.353,1.303,1.364,1.303,4.24%
2020/3/9,1.298,1.285,1.36,1.253,-5.26%
2020/3/8,1.37,1.37,1.37,1.37,0.00%
2020/3/7,1.37,1.37,1.37,1.37,0.00%
2020/3/6,1.37,1.307,1.375,1.275,2.85%
2020/3/5,1.332,1.336,1.344,1.303,2.46%
2020/3/4,1.3,1.299,1.323,1.291,-5.04%
2020/3/3,1.369,1.418,1.418,1.359,-0.15%
2020/3/2,1.371,1.3,1.387,1.253,3.32%
2020/3/1,1.327,1.327,1.327,1.327,0.00%
2020/2/29,1.327,1.327,1.327,1.327,-0.52%
2020/2/28,1.334,1.417,1.419,1.333,-7.55%
2020/2/27,1.443,1.385,1.447,1.369,3.59%
2020/2/26,1.393,1.417,1.417,1.385,-2.11%
2020/2/25,1.423,1.424,1.457,1.411,0.57%
2020/2/24,1.415,1.4,1.42,1.387,-2.21%
2020/2/23,1.447,1.447,1.447,1.447,0.35%
2020/2/21,1.442,1.505,1.517,1.442,-4.25%
2020/2/20,1.506,1.555,1.561,1.503,-3.40%
2020/2/19,1.559,1.557,1.6,1.521,-0.13%
2020/2/18,1.561,1.609,1.611,1.551,-4.06%
2020/2/17,1.627,1.668,1.677,1.626,-1.81%
2020/2/16,1.657,1.657,1.657,1.657,0.30%
2020/2/14,1.652,1.611,1.663,1.605,2.48%
2020/2/13,1.612,1.601,1.63,1.596,0.00%
2020/2/12,1.612,1.603,1.627,1.592,0.56%
2020/2/11,1.603,1.59,1.614,1.581,-0.12%
2020/2/10,1.605,1.582,1.61,1.57,0.19%
2020/2/9,1.602,1.602,1.602,1.602,0.00%
2020/2/8,1.602,1.602,1.602,1.602,0.00%
2020/2/7,1.602,1.615,1.617,1.585,-1.96%
2020/2/6,1.634,1.628,1.65,1.602,2.06%
2020/2/5,1.601,1.64,1.643,1.588,-1.54%
2020/2/4,1.626,1.58,1.628,1.577,5.17%
2020/2/3,1.546,1.52,1.548,1.52,-1.02%
2020/2/2,1.562,1.562,1.562,1.562,0.00%
2020/2/1,1.562,1.562,1.562,1.562,0.45%
2020/1/31,1.555,1.575,1.58,1.55,0.32%
2020/1/30,1.55,1.563,1.565,1.522,-2.27%
2020/1/29,1.586,1.62,1.624,1.582,-1.06%
2020/1/28,1.603,1.58,1.606,1.572,-5.71%
2020/1/27,1.7,1.7,1.7,1.7,0.00%
2020/1/26,1.7,1.7,1.7,1.7,0.00%
2020/1/25,1.7,1.7,1.7,1.7,0.00%
2020/1/24,1.7,1.7,1.7,1.7,-0.29%
2020/1/23,1.705,1.713,1.713,1.675,-1.04%
2020/1/22,1.723,1.699,1.739,1.693,2.07%
2020/1/21,1.688,1.759,1.769,1.684,-4.47%
2020/1/20,1.767,1.756,1.785,1.756,1.55%
2020/1/19,1.74,1.74,1.74,1.74,0.00%
2020/1/18,1.74,1.74,1.74,1.74,-0.29%
2020/1/17,1.745,1.704,1.756,1.689,2.65%
2020/1/16,1.7,1.688,1.704,1.662,0.53%
2020/1/15,1.691,1.707,1.717,1.686,-1.46%
2020/1/14,1.716,1.746,1.756,1.711,-0.92%
2020/1/13,1.732,1.694,1.753,1.686,1.35%
2020/1/12,1.709,1.709,1.709,1.709,0.00%
2020/1/11,1.709,1.709,1.709,1.709,0.18%
2020/1/10,1.706,1.669,1.719,1.663,1.07%
2020/1/9,1.688,1.661,1.691,1.631,3.69%
2020/1/8,1.628,1.59,1.631,1.561,0.74%
2020/1/7,1.616,1.589,1.623,1.586,5.14%
2020/1/6,1.537,1.547,1.551,1.51,-1.47%
2020/1/5,1.56,1.56,1.56,1.56,0.00%
2020/1/4,1.56,1.56,1.56,1.56,0.52%
2020/1/3,1.552,1.632,1.635,1.552,-5.25%
2020/1/2,1.638,1.7,1.704,1.612,-2.03%
2020/1/1,1.672,1.672,1.672,1.672,0.00%
2019/12/31,1.672,1.672,1.672,1.672,-0.89%
2019/12/30,1.687,1.672,1.695,1.672,0.30%
2019/12/29,1.682,1.682,1.682,1.682,0.00%
2019/12/28,1.682,1.682,1.682,1.682,-0.18%
2019/12/27,1.685,1.676,1.685,1.664,2.49%
2019/12/26,1.644,1.635,1.648,1.624,0.74%
2019/12/25,1.632,1.632,1.632,1.632,0.06%
2019/12/24,1.631,1.65,1.65,1.625,-0.67%
2019/12/23,1.642,1.658,1.659,1.638,-1.38%
2019/12/22,1.665,1.665,1.665,1.665,0.00%
2019/12/21,1.665,1.665,1.665,1.665,-0.66%
2019/12/20,1.676,1.657,1.702,1.642,1.21%
2019/12/19,1.656,1.637,1.668,1.632,3.05%
2019/12/18,1.607,1.6,1.626,1.599,0.06%
2019/12/17,1.606,1.633,1.637,1.589,-0.56%
2019/12/16,1.615,1.621,1.63,1.607,-2.24%
2019/12/15,1.652,1.652,1.652,1.652,0.00%
2019/12/14,1.652,1.652,1.652,1.652,0.24%
2019/12/13,1.648,1.692,1.693,1.636,1.67%
2019/12/12,1.621,1.611,1.626,1.597,0.00%
2019/12/11,1.621,1.626,1.638,1.611,0.62%
2019/12/10,1.611,1.638,1.65,1.611,-3.48%
2019/12/9,1.669,1.71,1.71,1.669,-0.95%
2019/12/8,1.685,1.685,1.685,1.685,0.00%
2019/12/7,1.685,1.685,1.685,1.685,0.42%
2019/12/6,1.678,1.683,1.694,1.658,0.96%
2019/12/5,1.662,1.68,1.686,1.646,0.12%
2019/12/4,1.66,1.666,1.698,1.653,-4.43%
2019/12/3,1.737,1.681,1.74,1.681,3.27%
2019/12/2,1.682,1.654,1.698,1.654,2.87%
2019/12/1,1.635,1.635,1.635,1.635,0.00%
2019/11/30,1.635,1.635,1.635,1.635,0.49%
2019/11/29,1.627,1.653,1.669,1.615,-2.52%
2019/11/28,1.669,1.666,1.681,1.648,-0.18%
2019/11/27,1.672,1.692,1.693,1.663,-2.22%
2019/11/26,1.71,1.734,1.743,1.707,-0.93%
2019/11/25,1.726,1.711,1.73,1.696,1.65%
2019/11/24,1.698,1.698,1.698,1.698,0.00%
2019/11/23,1.698,1.698,1.698,1.698,0.83%
2019/11/22,1.684,1.684,1.713,1.68,1.02%
2019/11/21,1.667,1.666,1.691,1.631,-0.36%
2019/11/20,1.673,1.706,1.709,1.673,-3.68%
2019/11/19,1.737,1.77,1.77,1.721,-2.53%
2019/11/18,1.782,1.78,1.799,1.777,-0.72%
2019/11/17,1.795,1.795,1.795,1.795,0.00%
2019/11/16,1.795,1.795,1.795,1.795,0.45%
2019/11/15,1.787,1.77,1.799,1.769,-0.06%
2019/11/14,1.788,1.772,1.8,1.766,-0.22%
2019/11/13,1.792,1.81,1.833,1.781,-2.71%
2019/11/12,1.842,1.796,1.85,1.755,3.19%
2019/11/11,1.785,1.826,1.86,1.781,-0.83%
2019/11/10,1.8,1.8,1.8,1.8,0.00%
2019/11/9,1.8,1.8,1.8,1.8,-0.28%
2019/11/8,1.805,1.89,1.919,1.805,-0.50%
2019/11/7,1.814,1.813,1.83,1.798,-0.60%
2019/11/6,1.825,1.854,1.876,1.825,0.44%
2019/11/5,1.817,1.841,1.912,1.817,-0.38%
2019/11/4,1.824,1.754,1.831,1.753,4.83%
2019/11/3,1.74,1.74,1.74,1.74,0.00%
2019/11/2,1.74,1.74,1.74,1.74,0.52%
2019/11/1,1.731,1.696,1.738,1.683,0.17%
2019/10/31,1.728,1.731,1.744,1.713,-1.76%
2019/10/30,1.759,1.77,1.776,1.717,-1.35%
2019/10/29,1.783,1.779,1.813,1.763,1.08%
2019/10/28,1.764,1.695,1.772,1.694,4.69%
2019/10/27,1.685,1.685,1.685,1.685,0.84%
2019/10/25,1.671,1.647,1.68,1.639,2.01%
2019/10/24,1.638,1.629,1.67,1.629,-1.09%
2019/10/23,1.656,1.64,1.665,1.624,-0.18%
2019/10/22,1.659,1.66,1.689,1.648,0.00%
2019/10/21,1.659,1.592,1.661,1.592,4.21%
2019/10/20,1.592,1.592,1.592,1.592,0.00%
2019/10/19,1.592,1.592,1.592,1.592,0.38%
2019/10/18,1.586,1.575,1.596,1.568,0.63%
2019/10/17,1.576,1.516,1.593,1.515,3.01%
2019/10/16,1.53,1.53,1.552,1.511,2.48%
2019/10/15,1.493,1.49,1.501,1.466,0.27%
2019/10/14,1.489,1.506,1.516,1.489,0.27%
2019/10/13,1.485,1.485,1.485,1.485,0.00%
2019/10/12,1.485,1.485,1.485,1.485,-0.54%
2019/10/11,1.493,1.494,1.524,1.49,2.47%
2019/10/10,1.457,1.417,1.462,1.394,2.46%
2019/10/9,1.422,1.422,1.422,1.422,-0.77%
2019/10/8,1.433,1.405,1.44,1.404,3.84%
2019/10/7,1.38,1.371,1.405,1.36,0.58%
2019/10/6,1.372,1.372,1.372,1.372,0.00%
2019/10/5,1.372,1.372,1.372,1.372,-0.07%
2019/10/4,1.373,1.444,1.444,1.373,-8.28%
2019/10/3,1.497,1.497,1.497,1.497,0.00%
2019/10/2,1.497,1.46,1.503,1.46,-0.13%
2019/10/1,1.499,1.445,1.521,1.442,2.95%
2019/9/30,1.456,1.436,1.46,1.435,0.62%
2019/9/29,1.447,1.447,1.447,1.447,0.00%
2019/9/28,1.447,1.447,1.447,1.447,0.56%
2019/9/27,1.439,1.435,1.447,1.427,0.49%
2019/9/26,1.432,1.441,1.45,1.429,0.56%
2019/9/25,1.424,1.414,1.433,1.412,-2.33%
2019/9/24,1.458,1.456,1.48,1.441,-0.27%
2019/9/23,1.462,1.448,1.469,1.436,0.34%
2019/9/22,1.457,1.457,1.457,1.457,0.00%
2019/9/21,1.457,1.457,1.457,1.457,0.14%
2019/9/20,1.455,1.46,1.472,1.452,-0.48%
2019/9/19,1.462,1.455,1.482,1.433,-0.48%
2019/9/18,1.469,1.481,1.496,1.461,-2.13%
2019/9/17,1.501,1.503,1.524,1.477,-2.28%
2019/9/16,1.536,1.449,1.54,1.447,9.56%
2019/9/15,1.402,1.402,1.402,1.402,0.00%
2019/9/14,1.402,1.402,1.402,1.402,0.00%
2019/9/13,1.402,1.402,1.402,1.402,0.00%
2019/9/12,1.402,1.402,1.402,1.402,0.43%
2019/9/11,1.396,1.392,1.404,1.384,1.45%
2019/9/10,1.376,1.378,1.395,1.372,1.78%
2019/9/9,1.352,1.35,1.371,1.35,-2.03%
2019/9/8,1.38,1.38,1.38,1.38,0.00%
2019/9/7,1.38,1.38,1.38,1.38,-0.14%
2019/9/6,1.382,1.383,1.402,1.379,0.73%
2019/9/5,1.372,1.336,1.389,1.329,1.48%
2019/9/4,1.352,1.297,1.356,1.297,1.43%
2019/9/3,1.333,1.329,1.348,1.315,-1.11%
2019/9/2,1.348,1.292,1.354,1.286,4.09%
2019/9/1,1.295,1.295,1.295,1.295,0.00%
2019/8/31,1.295,1.295,1.295,1.295,1.73%
2019/8/30,1.273,1.256,1.3,1.241,2.00%
2019/8/29,1.248,1.257,1.257,1.238,0.16%
2019/8/28,1.246,1.233,1.288,1.223,0.89%
2019/8/27,1.235,1.208,1.269,1.204,3.78%
2019/8/26,1.19,1.171,1.199,1.169,-4.95%
2019/8/25,1.252,1.252,1.252,1.252,0.00%
2019/8/24,1.252,1.252,1.252,1.252,-0.87%
2019/8/23,1.263,1.245,1.285,1.24,2.77%
2019/8/22,1.229,1.263,1.267,1.227,-3.76%
2019/8/21,1.277,1.183,1.287,1.182,6.59%
2019/8/20,1.198,1.183,1.207,1.183,1.18%
2019/8/19,1.184,1.181,1.191,1.176,1.20%
2019/8/18,1.17,1.17,1.17,1.17,0.00%
2019/8/17,1.17,1.17,1.17,1.17,-0.17%
2019/8/16,1.172,1.16,1.173,1.147,-4.33%
2019/8/15,1.225,1.225,1.225,1.225,-0.65%
2019/8/14,1.233,1.245,1.246,1.225,0.24%
2019/8/13,1.23,1.25,1.257,1.23,-4.35%
2019/8/12,1.286,1.284,1.288,1.278,0.47%
2019/8/11,1.28,1.28,1.28,1.28,0.00%
2019/8/10,1.28,1.28,1.28,1.28,-0.70%
2019/8/9,1.289,1.269,1.294,1.263,1.58%
2019/8/8,1.269,1.263,1.275,1.252,1.44%
2019/8/7,1.251,1.243,1.258,1.222,-0.40%
2019/8/6,1.256,1.215,1.294,1.199,0.32%
2019/8/5,1.252,1.33,1.333,1.252,-6.57%
2019/8/4,1.34,1.34,1.34,1.34,0.00%
2019/8/3,1.34,1.34,1.34,1.34,-0.89%
2019/8/2,1.352,1.343,1.354,1.325,-3.77%
2019/8/1,1.405,1.403,1.41,1.388,1.01%
2019/7/31,1.391,1.407,1.41,1.391,-1.07%
2019/7/30,1.406,1.416,1.426,1.395,-0.14%
2019/7/29,1.408,1.412,1.418,1.408,-0.85%
2019/7/28,1.42,1.42,1.42,1.42,0.00%
2019/7/27,1.42,1.42,1.42,1.42,-0.28%
2019/7/26,1.424,1.43,1.431,1.412,-0.63%
2019/7/25,1.433,1.45,1.451,1.428,-2.25%
2019/7/24,1.466,1.478,1.48,1.456,-0.27%
2019/7/23,1.47,1.459,1.47,1.454,0.34%
2019/7/22,1.465,1.459,1.471,1.455,0.00%
2019/7/21,1.465,1.465,1.465,1.465,0.00%
2019/7/20,1.465,1.465,1.465,1.465,0.76%
2019/7/19,1.454,1.478,1.478,1.44,-1.09%
2019/7/18,1.47,1.533,1.536,1.469,-5.04%
2019/7/17,1.548,1.565,1.572,1.545,-1.65%
2019/7/16,1.574,1.559,1.578,1.558,-0.44%
2019/7/15,1.581,1.565,1.581,1.553,1.02%
2019/7/14,1.565,1.565,1.565,1.565,0.00%
2019/7/13,1.565,1.565,1.565,1.565,-0.38%
2019/7/12,1.571,1.585,1.588,1.57,1.55%
2019/7/11,1.547,1.531,1.549,1.52,-0.90%
2019/7/10,1.561,1.551,1.561,1.548,1.56%
2019/7/9,1.537,1.537,1.545,1.518,0.13%
2019/7/8,1.535,1.563,1.566,1.535,-0.13%
2019/7/7,1.537,1.537,1.537,1.537,0.00%
2019/7/6,1.537,1.537,1.537,1.537,0.33%
2019/7/5,1.532,1.52,1.535,1.507,0.59%
2019/7/4,1.523,1.533,1.541,1.52,-0.72%
2019/7/3,1.534,1.555,1.555,1.533,-3.40%
2019/7/2,1.588,1.592,1.599,1.582,-1.00%
2019/7/1,1.604,1.613,1.618,1.587,0.56%
2019/6/30,1.595,1.595,1.595,1.595,0.00%
2019/6/29,1.595,1.595,1.595,1.595,-0.13%
2019/6/28,1.597,1.596,1.608,1.591,-1.11%
2019/6/27,1.615,1.612,1.621,1.607,0.44%
2019/6/26,1.608,1.598,1.619,1.586,1.52%
2019/6/25,1.584,1.557,1.585,1.538,1.34%
2019/6/24,1.563,1.581,1.581,1.559,-0.45%
2019/6/23,1.57,1.57,1.57,1.57,0.00%
2019/6/22,1.57,1.57,1.57,1.57,0.00%
2019/6/21,1.57,1.555,1.57,1.545,1.75%
2019/6/20,1.543,1.563,1.563,1.531,-3.68%
2019/6/19,1.602,1.595,1.61,1.593,-0.74%
2019/6/18,1.614,1.619,1.627,1.593,-0.43%
2019/6/17,1.621,1.605,1.625,1.605,2.14%
2019/6/16,1.587,1.587,1.587,1.587,0.00%
2019/6/15,1.587,1.587,1.587,1.587,-0.31%
2019/6/14,1.592,1.602,1.608,1.586,-1.24%
2019/6/13,1.612,1.609,1.613,1.577,0.88%
2019/6/12,1.598,1.659,1.662,1.593,-4.88%
2019/6/11,1.68,1.658,1.681,1.658,1.39%
2019/6/10,1.657,1.64,1.659,1.637,1.35%
2019/6/9,1.635,1.635,1.635,1.635,0.00%
2019/6/8,1.635,1.635,1.635,1.635,0.00%
2019/6/7,1.635,1.671,1.673,1.635,-0.91%
2019/6/6,1.65,1.65,1.65,1.65,-0.24%
2019/6/5,1.654,1.695,1.697,1.647,-1.78%
2019/6/4,1.684,1.677,1.692,1.676,-0.41%
2019/6/3,1.691,1.681,1.697,1.68,1.32%
2019/6/2,1.669,1.669,1.669,1.669,0.00%
2019/6/1,1.669,1.669,1.669,1.669,-0.77%
2019/5/31,1.682,1.728,1.73,1.68,-3.39%
2019/5/30,1.741,1.753,1.76,1.737,-0.06%
2019/5/29,1.742,1.773,1.775,1.741,-3.01%
2019/5/28,1.796,1.794,1.812,1.788,-0.11%
2019/5/27,1.798,1.796,1.803,1.791,0.17%
2019/5/26,1.795,1.795,1.795,1.795,0.00%
2019/5/25,1.795,1.795,1.795,1.795,0.22%
2019/5/24,1.791,1.781,1.801,1.779,-1.00%
2019/5/23,1.809,1.816,1.817,1.798,-1.15%
2019/5/22,1.83,1.837,1.837,1.824,0.05%
2019/5/21,1.829,1.845,1.855,1.823,-0.97%
2019/5/20,1.847,1.843,1.852,1.839,1.21%
2019/5/19,1.825,1.825,1.825,1.825,0.00%
2019/5/18,1.825,1.825,1.825,1.825,0.27%
2019/5/17,1.82,1.82,1.843,1.817,0.00%
2019/5/16,1.82,1.842,1.847,1.82,-2.41%
2019/5/15,1.865,1.859,1.868,1.856,-0.21%
2019/5/14,1.869,1.855,1.871,1.85,-0.27%
2019/5/13,1.874,1.858,1.874,1.858,-0.05%
2019/5/12,1.875,1.875,1.875,1.875,0.00%
2019/5/11,1.875,1.875,1.875,1.875,0.16%
2019/5/10,1.872,1.87,1.877,1.853,0.54%
2019/5/9,1.862,1.875,1.876,1.858,-0.75%
2019/5/8,1.876,1.867,1.883,1.865,-0.48%
2019/5/7,1.885,1.857,1.885,1.857,-0.89%
2019/5/6,1.902,1.902,1.902,1.902,0.00%
2019/5/5,1.902,1.902,1.902,1.902,0.00%
2019/5/4,1.902,1.902,1.902,1.902,0.11%
2019/5/3,1.9,1.886,1.909,1.876,0.80%
2019/5/2,1.885,1.859,1.886,1.859,2.17%
2019/5/1,1.845,1.845,1.845,1.845,0.00%
2019/4/30,1.845,1.871,1.871,1.844,-0.97%
2019/4/29,1.863,1.872,1.878,1.862,-0.64%
2019/4/28,1.875,1.875,1.875,1.875,0.00%
2019/4/27,1.875,1.875,1.875,1.875,-0.05%
2019/4/26,1.876,1.876,1.883,1.864,-0.16%
2019/4/25,1.879,1.852,1.883,1.85,-1.73%
2019/4/24,1.912,1.921,1.931,1.905,-0.57%
2019/4/23,1.923,1.932,1.932,1.911,-0.31%
2019/4/22,1.929,1.91,1.938,1.909,0.99%
2019/4/21,1.91,1.91,1.91,1.91,0.00%
2019/4/20,1.91,1.91,1.91,1.91,0.58%
2019/4/19,1.899,1.887,1.913,1.887,0.37%
2019/4/18,1.892,1.947,1.948,1.882,-2.87%
2019/4/17,1.948,1.935,1.96,1.935,0.83%
2019/4/16,1.932,1.923,1.938,1.906,0.26%
2019/4/15,1.927,1.924,1.929,1.917,2.23%
2019/4/14,1.885,1.885,1.885,1.885,0.00%
2019/4/13,1.885,1.885,1.885,1.885,0.21%
2019/4/12,1.881,1.877,1.889,1.873,0.80%
2019/4/11,1.866,1.856,1.872,1.856,-0.27%
2019/4/10,1.871,1.872,1.876,1.862,-0.16%
2019/4/9,1.874,1.878,1.888,1.866,0.37%
2019/4/8,1.867,1.88,1.88,1.853,-1.48%
2019/4/7,1.895,1.895,1.895,1.895,0.00%
2019/4/6,1.895,1.895,1.895,1.895,0.16%
2019/4/5,1.892,1.887,1.898,1.881,0.80%
2019/4/4,1.877,1.887,1.905,1.874,-0.64%
2019/4/3,1.889,1.856,1.891,1.848,1.72%
2019/4/2,1.857,1.886,1.889,1.854,-0.38%
2019/4/1,1.864,1.848,1.865,1.842,1.86%
2019/3/31,1.83,1.83,1.83,1.83,0.00%
2019/3/30,1.83,1.83,1.83,1.83,-0.16%
2019/3/29,1.833,1.818,1.837,1.817,1.27%
2019/3/28,1.81,1.84,1.843,1.807,-1.90%
2019/3/27,1.845,1.892,1.892,1.842,-3.15%
2019/3/26,1.905,1.887,1.908,1.883,1.01%
2019/3/25,1.886,1.892,1.896,1.874,-2.38%
2019/3/24,1.932,1.932,1.932,1.932,0.00%
2019/3/23,1.932,1.932,1.932,1.932,-0.10%
2019/3/22,1.934,1.935,1.94,1.922,0.10%
2019/3/21,1.932,1.952,1.952,1.928,-2.33%
2019/3/20,1.978,1.981,1.984,1.97,-0.05%
2019/3/19,1.979,1.992,1.998,1.976,-0.75%
2019/3/18,1.994,1.989,1.999,1.983,0.10%
2019/3/17,1.992,1.992,1.992,1.992,0.00%
2019/3/16,1.992,1.992,1.992,1.992,0.20%
2019/3/15,1.988,1.994,1.998,1.985,0.56%
2019/3/14,1.977,1.975,1.985,1.968,0.56%
2019/3/13,1.966,1.971,1.972,1.962,-1.35%
2019/3/12,1.993,1.997,2.006,1.991,0.40%
2019/3/11,1.985,1.974,1.989,1.973,0.51%
2019/3/10,1.975,1.975,1.975,1.975,0.00%
2019/3/9,1.975,1.975,1.975,1.975,0.10%
2019/3/8,1.973,1.978,1.987,1.97,-1.50%
2019/3/7,2.003,2.012,2.012,2,-0.89%
2019/3/6,2.021,2.023,2.028,2.016,-0.44%
2019/3/5,2.03,2.019,2.035,2.017,0.15%
2019/3/4,2.027,2.026,2.032,2.021,2.12%
2019/3/3,1.985,1.985,1.985,1.985,0.00%
2019/3/2,1.985,1.985,1.985,1.985,0.00%
2019/3/1,1.985,1.985,1.985,1.985,-0.10%
2019/2/28,1.987,1.992,2.007,1.978,0.10%
2019/2/27,1.985,2,2.003,1.98,-0.95%
2019/2/26,2.004,2.011,2.012,1.994,-0.35%
2019/2/25,2.011,2.001,2.011,1.996,0.45%
2019/2/24,2.002,2.002,2.002,2.002,0.00%
2019/2/23,2.002,2.002,2.002,2.002,-0.35%
2019/2/22,2.009,2.017,2.019,2.003,0.00%
2019/2/21,2.009,1.986,2.023,1.981,0.85%
2019/2/20,1.992,1.99,1.997,1.985,-0.20%
2019/2/19,1.996,1.992,2.005,1.99,-0.05%
2019/2/18,1.997,1.972,1.997,1.972,1.63%
2019/2/17,1.965,1.965,1.965,1.965,0.00%
2019/2/16,1.965,1.965,1.965,1.965,0.20%
2019/2/15,1.961,1.961,1.97,1.956,-1.70%
2019/2/14,1.995,1.988,1.996,1.98,0.45%
2019/2/13,1.986,1.985,1.997,1.974,0.46%
2019/2/12,1.977,1.95,1.98,1.947,1.70%
2019/2/11,1.944,1.959,1.965,1.943,-0.92%
2019/2/10,1.962,1.962,1.962,1.962,0.00%
2019/2/9,1.962,1.962,1.962,1.962,-0.20%
2019/2/8,1.966,1.98,1.98,1.953,-1.45%
2019/2/7,1.995,1.984,1.999,1.974,0.61%
2019/2/6,1.983,1.983,1.983,1.983,0.00%
2019/2/5,1.983,1.983,1.983,1.983,0.00%
2019/2/4,1.983,1.983,1.983,1.983,0.00%
2019/2/3,1.983,1.983,1.983,1.983,0.00%
2019/2/2,1.983,1.983,1.983,1.983,0.00%
2019/2/1,1.983,1.997,2.004,1.975,-0.95%
2019/1/31,2.002,2.029,2.032,2,-2.63%
2019/1/30,2.056,2.022,2.056,2.022,1.23%
2019/1/29,2.031,2.016,2.038,2.012,0.49%
2019/1/28,2.021,2.009,2.024,2.009,0.95%
2019/1/27,2.002,2.002,2.002,2.002,0.00%
2019/1/26,2.002,2.002,2.002,2.002,-0.20%
2019/1/25,2.006,1.987,2.009,1.979,0.65%
2019/1/24,1.993,1.98,1.994,1.972,0.50%
2019/1/23,1.983,1.995,2.004,1.977,-0.80%
2019/1/22,1.999,2.025,2.025,1.996,-1.28%
2019/1/21,2.025,2.021,2.025,2.009,0.65%
2019/1/20,2.012,2.012,2.012,2.012,0.00%
2019/1/19,2.012,2.012,2.012,2.012,0.40%
2019/1/18,2.004,2.001,2.005,1.991,1.52%
2019/1/17,1.974,1.977,1.99,1.968,-0.40%
2019/1/16,1.982,1.97,1.988,1.96,0.71%
2019/1/15,1.968,1.975,1.985,1.967,-0.35%
2019/1/14,1.975,1.995,2.008,1.975,-1.00%
2019/1/13,1.995,1.995,1.995,1.995,0.00%
2019/1/12,1.995,1.995,1.995,1.995,0.25%
2019/1/11,1.99,1.975,1.99,1.968,1.12%
2019/1/10,1.968,1.978,1.989,1.959,-0.96%
2019/1/9,1.987,2.007,2.02,1.985,-0.30%
2019/1/8,1.993,1.984,2.003,1.972,0.91%
2019/1/7,1.975,1.989,1.993,1.966,0.41%
2019/1/6,1.967,1.967,1.967,1.967,0.00%
2019/1/5,1.967,1.967,1.967,1.967,-0.66%
2019/1/4,1.98,1.934,1.995,1.919,1.49%
2019/1/3,1.951,1.928,1.953,1.921,0.21%
2019/1/2,1.947,1.934,1.951,1.913,-0.46%
2019/1/1,1.956,1.956,1.956,1.956,0.00%
2018/12/31,1.956,1.959,1.959,1.937,0.00%
2018/12/30,1.956,1.956,1.956,1.956,0.98%
2018/12/28,1.937,1.959,1.959,1.937,-0.31%
2018/12/27,1.943,1.968,1.971,1.939,-0.36%
2018/12/26,1.95,1.97,1.973,1.925,-2.01%
2018/12/25,1.99,1.99,1.99,1.99,0.00%
2018/12/24,1.99,1.988,1.993,1.97,0.76%
2018/12/23,1.975,1.975,1.975,1.975,0.00%
2018/12/22,1.975,1.975,1.975,1.975,0.25%
2018/12/21,1.97,1.95,1.977,1.942,2.02%
2018/12/20,1.931,1.926,1.946,1.902,-0.36%
2018/12/19,1.938,1.944,1.947,1.913,-2.27%
2018/12/18,1.983,1.99,1.999,1.967,-1.05%
2018/12/17,2.004,2.005,2.005,1.986,0.20%
2018/12/16,2,2,2,2,0.00%
2018/12/15,2,2,2,2,-0.10%
2018/12/14,2.002,2.01,2.012,1.997,-0.74%
2018/12/13,2.017,2.01,2.022,2.005,0.35%
2018/12/12,2.01,1.986,2.013,1.986,1.52%
2018/12/11,1.98,1.973,1.988,1.973,0.10%
2018/12/10,1.978,1.97,1.986,1.966,-0.20%
2018/12/9,1.982,1.982,1.982,1.982,0.00%
2018/12/8,1.982,1.982,1.982,1.982,0.00%
2018/12/7,1.982,1.983,2.011,1.982,0.00%
2018/12/6,1.982,2.144,2.144,1.982,-3.69%
2018/12/5,2.058,2.077,2.079,2.051,-2.09%
2018/12/4,2.102,2.1,2.118,2.082,-1.27%
2018/12/3,2.129,2.13,2.138,2.11,0.90%
2018/12/2,2.11,2.11,2.11,2.11,0.00%
2018/12/1,2.11,2.11,2.11,2.11,0.24%
2018/11/30,2.105,2.122,2.128,2.084,-0.33%
2018/11/29,2.112,2.137,2.137,2.102,-2.04%
2018/11/28,2.156,2.151,2.162,2.148,0.28%
2018/11/27,2.15,2.169,2.178,2.146,-0.74%
2018/11/26,2.166,2.175,2.18,2.165,0.05%
2018/11/25,2.165,2.165,2.165,2.165,0.00%
2018/11/24,2.165,2.165,2.165,2.165,-0.18%
2018/11/23,2.169,2.195,2.198,2.16,-1.68%
2018/11/22,2.206,2.208,2.21,2.198,-0.05%
2018/11/21,2.207,2.208,2.21,2.19,0.05%
2018/11/20,2.206,2.191,2.213,2.19,0.18%
2018/11/19,2.202,2.207,2.211,2.189,-0.81%
2018/11/18,2.22,2.22,2.22,2.22,0.00%
2018/11/16,2.22,2.228,2.241,2.22,-0.49%
2018/11/15,2.231,2.198,2.243,2.189,1.73%
2018/11/14,2.193,2.201,2.203,2.189,-1.13%
2018/11/13,2.218,2.197,2.229,2.185,0.36%
2018/11/12,2.21,2.213,2.224,2.208,-0.67%
2018/11/11,2.225,2.225,2.225,2.225,-0.54%
2018/11/9,2.237,2.257,2.257,2.221,-0.97%
2018/11/8,2.259,2.282,2.282,2.254,-0.26%
2018/11/7,2.265,2.292,2.312,2.254,-1.22%
2018/11/6,2.293,2.288,2.302,2.272,0.26%
2018/11/5,2.287,2.291,2.297,2.267,0.31%
2018/11/4,2.28,2.28,2.28,2.28,0.00%
2018/11/3,2.28,2.28,2.28,2.28,-0.22%
2018/11/2,2.285,2.27,2.307,2.252,1.47%
2018/11/1,2.252,2.245,2.277,2.245,0.49%
2018/10/31,2.241,2.204,2.252,2.198,0.95%
2018/10/30,2.22,2.18,2.221,2.171,1.88%
2018/10/29,2.179,2.242,2.259,2.179,-3.24%
2018/10/28,2.252,2.252,2.252,2.252,0.00%
2018/10/27,2.252,2.252,2.252,2.252,0.36%
2018/10/26,2.244,2.265,2.268,2.225,-0.93%
2018/10/25,2.265,2.278,2.278,2.256,-1.95%
2018/10/24,2.31,2.319,2.324,2.296,0.13%
2018/10/23,2.307,2.33,2.351,2.297,-1.58%
2018/10/22,2.344,2.321,2.346,2.313,0.95%
2018/10/21,2.322,2.322,2.322,2.322,0.00%
2018/10/20,2.322,2.322,2.322,2.322,0.13%
2018/10/19,2.319,2.299,2.326,2.279,1.18%
2018/10/18,2.292,2.349,2.356,2.292,-2.09%
2018/10/17,2.341,2.376,2.383,2.331,-1.68%
2018/10/16,2.381,2.388,2.396,2.375,0.04%
2018/10/15,2.38,2.396,2.396,2.377,-0.83%
2018/10/14,2.4,2.4,2.4,2.4,0.00%
2018/10/13,2.4,2.4,2.4,2.4,0.00%
2018/10/12,2.4,2.377,2.409,2.373,1.78%
2018/10/11,2.358,2.385,2.391,2.356,-2.28%
2018/10/10,2.413,2.428,2.428,2.404,-1.19%
2018/10/9,2.442,2.442,2.442,2.442,-0.53%
2018/10/8,2.455,2.462,2.465,2.442,0.41%
2018/10/7,2.445,2.445,2.445,2.445,0.00%
2018/10/6,2.445,2.445,2.445,2.445,-0.41%
2018/10/5,2.455,2.459,2.464,2.444,0.37%
2018/10/4,2.446,2.448,2.455,2.425,2.99%
2018/10/3,2.375,2.375,2.375,2.375,0.25%
2018/10/2,2.369,2.386,2.403,2.364,-0.63%
2018/10/1,2.384,2.37,2.395,2.363,1.23%
2018/9/30,2.355,2.355,2.355,2.355,0.00%
2018/9/29,2.355,2.355,2.355,2.355,-0.13%
2018/9/28,2.358,2.381,2.389,2.346,-0.76%
2018/9/27,2.376,2.4,2.438,2.369,-1.41%
2018/9/26,2.41,2.41,2.41,2.41,0.00%
2018/9/25,2.41,2.41,2.41,2.41,0.00%
2018/9/24,2.41,2.41,2.41,2.41,0.00%
2018/9/23,2.41,2.41,2.41,2.41,0.00%
2018/9/22,2.41,2.41,2.41,2.41,-0.17%
2018/9/21,2.414,2.424,2.433,2.408,-0.49%
2018/9/20,2.426,2.374,2.426,2.37,2.36%
2018/9/19,2.37,2.36,2.375,2.355,1.24%
2018/9/18,2.341,2.313,2.345,2.303,1.17%
2018/9/17,2.314,2.316,2.328,2.305,0.17%
2018/9/16,2.31,2.31,2.31,2.31,0.00%
2018/9/15,2.31,2.31,2.31,2.31,0.09%
2018/9/14,2.308,2.266,2.316,2.265,2.17%
2018/9/13,2.259,2.258,2.376,2.255,0.18%
2018/9/12,2.255,2.262,2.278,2.25,-0.84%
2018/9/11,2.274,2.249,2.278,2.248,0.62%
2018/9/10,2.26,2.28,2.288,2.251,-0.09%
2018/9/9,2.262,2.262,2.262,2.262,0.00%
2018/9/8,2.262,2.262,2.262,2.262,-0.35%
2018/9/7,2.27,2.269,2.283,2.259,-0.04%
2018/9/6,2.271,2.274,2.28,2.231,-0.22%
2018/9/5,2.276,2.301,2.309,2.274,-0.91%
2018/9/4,2.297,2.291,2.306,2.283,0.26%
2018/9/3,2.291,2.319,2.321,2.291,-0.82%
2018/9/2,2.31,2.31,2.31,2.31,0.00%
2018/9/1,2.31,2.31,2.31,2.31,-0.09%
2018/8/31,2.312,2.364,2.368,2.31,-2.32%
2018/8/30,2.367,2.365,2.374,2.358,0.21%
2018/8/29,2.362,2.369,2.369,2.353,0.38%
2018/8/28,2.353,2.377,2.385,2.353,-0.80%
2018/8/27,2.372,2.376,2.377,2.365,-0.21%
2018/8/26,2.377,2.377,2.377,2.377,0.00%
2018/8/25,2.377,2.377,2.377,2.377,-0.17%
2018/8/24,2.381,2.389,2.404,2.38,-0.58%
2018/8/23,2.395,2.388,2.407,2.377,-0.13%
2018/8/22,2.398,2.378,2.4,2.366,0.71%
2018/8/21,2.381,2.4,2.423,2.367,-1.04%
2018/8/20,2.406,2.435,2.438,2.403,-0.87%
2018/8/19,2.427,2.427,2.427,2.427,0.00%
2018/8/18,2.427,2.427,2.427,2.427,-0.33%
2018/8/17,2.435,2.464,2.472,2.434,-1.62%
2018/8/16,2.475,2.492,2.493,2.472,-0.80%
2018/8/15,2.495,2.495,2.495,2.495,-0.44%
2018/8/14,2.506,2.496,2.507,2.486,0.00%
2018/8/13,2.506,2.497,2.516,2.491,0.40%
2018/8/12,2.496,2.496,2.496,2.496,0.00%
2018/8/11,2.496,2.496,2.496,2.496,0.32%
2018/8/10,2.488,2.51,2.517,2.488,-1.31%
2018/8/9,2.521,2.553,2.554,2.521,-1.45%
2018/8/8,2.558,2.565,2.572,2.556,0.04%
2018/8/7,2.557,2.563,2.563,2.552,-0.16%
2018/8/6,2.561,2.57,2.577,2.56,-0.54%
2018/8/5,2.575,2.575,2.575,2.575,0.00%
2018/8/4,2.575,2.575,2.575,2.575,-0.27%
2018/8/3,2.582,2.573,2.592,2.573,0.31%
2018/8/2,2.574,2.605,2.605,2.571,-0.73%
2018/8/1,2.593,2.562,2.599,2.551,2.09%
2018/7/31,2.54,2.576,2.604,2.54,-1.28%
2018/7/30,2.573,2.576,2.579,2.562,0.12%
2018/7/29,2.57,2.57,2.57,2.57,0.00%
2018/7/28,2.57,2.57,2.57,2.57,-0.08%
2018/7/27,2.572,2.55,2.584,2.534,0.86%
2018/7/26,2.55,2.562,2.565,2.545,0.12%
2018/7/25,2.547,2.564,2.576,2.547,-1.09%
2018/7/24,2.575,2.577,2.584,2.566,1.58%
2018/7/23,2.535,2.55,2.551,2.53,0.52%
2018/7/22,2.522,2.522,2.522,2.522,0.00%
2018/7/21,2.522,2.522,2.522,2.522,0.00%
2018/7/20,2.522,2.531,2.542,2.516,-0.67%
2018/7/19,2.539,2.54,2.546,2.53,0.36%
2018/7/18,2.53,2.546,2.554,2.53,-0.86%
2018/7/17,2.552,2.553,2.557,2.544,0.20%
2018/7/16,2.547,2.555,2.567,2.536,-0.39%
2018/7/15,2.557,2.557,2.557,2.557,0.00%
2018/7/14,2.557,2.557,2.557,2.557,0.04%
2018/7/13,2.556,2.547,2.558,2.544,0.83%
2018/7/12,2.535,2.52,2.554,2.516,0.60%
2018/7/11,2.52,2.534,2.537,2.512,-1.37%
2018/7/10,2.555,2.56,2.564,2.551,-0.16%
2018/7/9,2.559,2.554,2.575,2.554,0.16%
2018/7/8,2.555,2.555,2.555,2.555,0.00%
2018/7/7,2.555,2.555,2.555,2.555,-0.08%
2018/7/6,2.557,2.539,2.575,2.537,0.47%
2018/7/5,2.545,2.553,2.562,2.525,-0.08%
2018/7/4,2.547,2.57,2.57,2.547,-1.16%
2018/7/3,2.577,2.55,2.579,2.544,1.82%
2018/7/2,2.531,2.555,2.57,2.531,-0.94%
2018/7/1,2.555,2.555,2.555,2.555,0.00%
2018/6/30,2.555,2.555,2.555,2.555,0.00%
2018/6/29,2.555,2.555,2.58,2.548,0.04%
2018/6/28,2.554,2.568,2.576,2.543,-0.85%
2018/6/27,2.576,2.607,2.612,2.572,-1.68%
2018/6/26,2.62,2.595,2.62,2.594,0.46%
2018/6/25,2.608,2.599,2.613,2.595,-0.19%
2018/6/24,2.613,2.613,2.613,2.613,0.00%
2018/6/23,2.613,2.613,2.613,2.613,0.23%
2018/6/22,2.607,2.595,2.609,2.59,0.50%
2018/6/21,2.594,2.63,2.635,2.59,-0.95%
2018/6/20,2.619,2.635,2.635,2.606,-0.04%
2018/6/19,2.62,2.631,2.651,2.612,-1.13%
2018/6/18,2.65,2.674,2.674,2.641,-1.01%
2018/6/17,2.677,2.677,2.677,2.677,0.00%
2018/6/16,2.677,2.677,2.677,2.677,0.22%
2018/6/15,2.671,2.69,2.701,2.671,-1.48%
2018/6/14,2.711,2.731,2.734,2.701,-0.15%
2018/6/13,2.715,2.715,2.715,2.715,-0.22%
2018/6/12,2.721,2.715,2.735,2.699,-0.40%
2018/6/11,2.732,2.731,2.744,2.731,0.96%
2018/6/10,2.706,2.706,2.706,2.706,0.00%
2018/6/9,2.706,2.706,2.706,2.706,-0.51%
2018/6/8,2.72,2.745,2.753,2.717,-1.09%
2018/6/7,2.75,2.745,2.756,2.743,1.21%
2018/6/6,2.717,2.717,2.717,2.717,0.04%
2018/6/5,2.716,2.733,2.742,2.716,-0.62%
2018/6/4,2.733,2.714,2.733,2.711,1.15%
2018/6/3,2.702,2.702,2.702,2.702,0.00%
2018/6/2,2.702,2.702,2.702,2.702,-0.04%
2018/6/1,2.703,2.691,2.705,2.684,0.33%
2018/5/31,2.694,2.687,2.701,2.672,-0.07%
2018/5/30,2.696,2.623,2.713,2.623,-0.04%
2018/5/29,2.697,2.701,2.713,2.697,-1.10%
2018/5/28,2.727,2.7,2.73,2.693,0.26%
2018/5/27,2.72,2.72,2.72,2.72,0.00%
2018/5/26,2.72,2.72,2.72,2.72,0.29%
2018/5/25,2.712,2.711,2.72,2.701,-0.26%
2018/5/24,2.719,2.712,2.719,2.681,-1.31%
2018/5/23,2.755,2.756,2.771,2.748,-0.36%
2018/5/22,2.765,2.765,2.765,2.765,-0.14%
2018/5/21,2.769,2.769,2.771,2.755,0.69%
2018/5/20,2.75,2.75,2.75,2.75,0.00%
2018/5/19,2.75,2.75,2.75,2.75,-0.79%
2018/5/18,2.772,2.801,2.806,2.765,-0.79%
2018/5/17,2.794,2.805,2.814,2.769,-0.21%
2018/5/16,2.8,2.849,2.849,2.798,-0.57%
2018/5/15,2.816,2.804,2.82,2.793,0.72%
2018/5/14,2.796,2.793,2.801,2.783,0.39%
2018/5/12,2.785,2.785,2.785,2.785,0.00%
2018/5/11,2.785,2.779,2.79,2.774,0.51%
2018/5/10,2.771,2.803,2.803,2.769,-1.21%
2018/5/9,2.805,2.789,2.808,2.778,0.65%
2018/5/8,2.787,2.774,2.8,2.768,0.91%
2018/5/5,2.762,2.762,2.762,2.762,0.04%
2018/5/4,2.761,2.749,2.777,2.748,0.40%
2018/5/3,2.75,2.744,2.752,2.731,-0.04%
2018/5/2,2.751,2.737,2.765,2.734,1.25%
2018/5/1,2.717,2.717,2.717,2.717,0.18%
2018/4/30,2.712,2.692,2.712,2.691,0.63%
2018/4/29,2.695,2.695,2.695,2.695,0.00%
2018/4/28,2.695,2.695,2.695,2.695,-0.19%
2018/4/27,2.7,2.72,2.725,2.7,-1.85%
2018/4/26,2.751,2.767,2.767,2.751,-0.33%
2018/4/25,2.76,2.729,2.761,2.729,1.21%
2018/4/24,2.727,2.719,2.73,2.709,0.04%
2018/4/23,2.726,2.7,2.729,2.7,2.29%
2018/4/22,2.665,2.665,2.665,2.665,0.00%
2018/4/21,2.665,2.665,2.665,2.665,-0.26%
2018/4/20,2.672,2.671,2.696,2.667,0.87%
2018/4/19,2.649,2.654,2.662,2.647,-0.26%
2018/4/18,2.656,2.624,2.656,2.622,0.76%
2018/4/17,2.636,2.627,2.644,2.627,0.42%
2018/4/16,2.625,2.614,2.631,2.614,0.69%
2018/4/15,2.607,2.607,2.607,2.607,0.00%
2018/4/14,2.607,2.607,2.607,2.607,0.35%
2018/4/13,2.598,2.599,2.601,2.585,0.66%
2018/4/12,2.581,2.581,2.596,2.569,-0.58%
2018/4/11,2.596,2.599,2.612,2.59,-0.99%
2018/4/10,2.622,2.593,2.634,2.589,0.34%
2018/4/9,2.613,2.595,2.62,2.595,0.42%
2018/4/7,2.602,2.602,2.602,2.602,-0.19%
2018/4/6,2.607,2.634,2.636,2.6,-0.95%
2018/4/5,2.632,2.63,2.643,2.625,0.53%
2018/4/4,2.618,2.65,2.65,2.618,-0.61%
2018/4/3,2.634,2.626,2.659,2.626,-0.38%
2018/4/2,2.644,2.639,2.65,2.638,0.84%
2018/3/31,2.622,2.622,2.622,2.622,-0.08%
2018/3/30,2.624,2.623,2.642,2.615,-0.68%
2018/3/29,2.642,2.642,2.645,2.624,0.11%
2018/3/28,2.639,2.634,2.645,2.63,-1.42%
2018/3/27,2.677,2.688,2.694,2.675,-0.37%
2018/3/26,2.687,2.661,2.691,2.648,1.40%
2018/3/24,2.65,2.65,2.65,2.65,0.08%
2018/3/23,2.648,2.66,2.663,2.646,-1.71%
2018/3/22,2.694,2.719,2.719,2.692,-1.07%
2018/3/21,2.723,2.741,2.741,2.717,-0.33%
2018/3/20,2.732,2.721,2.739,2.721,0.29%
2018/3/19,2.724,2.73,2.741,2.722,0.33%
2018/3/17,2.715,2.715,2.715,2.715,0.11%
2018/3/16,2.712,2.706,2.718,2.706,0.33%
2018/3/15,2.703,2.7,2.705,2.687,-0.30%
2018/3/14,2.711,2.73,2.732,2.71,-1.27%
2018/3/13,2.746,2.749,2.758,2.736,-0.47%
2018/3/12,2.759,2.76,2.765,2.753,0.44%
2018/3/10,2.747,2.747,2.747,2.747,0.15%
2018/3/9,2.743,2.723,2.748,2.717,0.48%
2018/3/8,2.73,2.74,2.742,2.72,0.11%
2018/3/7,2.727,2.74,2.743,2.72,-1.16%
2018/3/6,2.759,2.759,2.766,2.748,0.80%
2018/3/5,2.737,2.77,2.77,2.73,-0.65%
2018/3/3,2.755,2.755,2.755,2.755,0.73%
2018/3/2,2.735,2.716,2.756,2.696,0.00%
2018/3/1,2.735,2.736,2.736,2.735,-0.04%
2018/2/28,2.736,2.75,2.759,2.736,0.26%
2018/2/27,2.729,2.744,2.768,2.725,-1.23%
2018/2/26,2.763,2.775,2.785,2.763,-1.22%
2018/2/24,2.797,2.797,2.797,2.797,0.18%
2018/2/23,2.792,2.803,2.815,2.781,-0.43%
2018/2/22,2.804,2.822,2.832,2.801,0.11%
2018/2/21,2.801,2.792,2.809,2.781,-0.18%
2018/2/20,2.806,2.789,2.829,2.789,0.29%
2018/2/19,2.798,2.793,2.818,2.793,1.67%
2018/2/18,2.752,2.752,2.752,2.752,0.00%
2018/2/15,2.752,2.752,2.752,2.752,-0.40%
2018/2/14,2.763,2.776,2.784,2.747,-0.61%
2018/2/13,2.78,2.789,2.809,2.776,-0.93%
2018/2/12,2.806,2.785,2.809,2.781,1.41%
2018/2/10,2.767,2.767,2.767,2.767,0.36%
2018/2/9,2.757,2.745,2.763,2.739,0.47%
2018/2/8,2.744,2.74,2.755,2.72,0.96%
2018/2/7,2.718,2.776,2.776,2.713,-1.09%
2018/2/6,2.748,2.747,2.769,2.718,-2.00%
2018/2/5,2.804,2.81,2.81,2.775,1.89%
2018/2/3,2.752,2.756,2.756,2.752,-0.15%
2018/2/2,2.756,2.817,2.824,2.756,0.00%
2018/2/1,2.756,2.758,2.79,2.75,-0.47%
2018/1/31,2.769,2.794,2.805,2.763,-0.43%
2018/1/30,2.781,2.75,2.807,2.747,1.35%
2018/1/29,2.744,2.693,2.747,2.689,2.39%
2018/1/27,2.68,2.68,2.68,2.68,0.04%
2018/1/26,2.679,2.652,2.682,2.649,0.75%
2018/1/25,2.659,2.661,2.667,2.648,0.61%
2018/1/24,2.643,2.627,2.664,2.62,-0.56%
2018/1/23,2.658,2.669,2.679,2.645,0.34%
2018/1/22,2.649,2.667,2.703,2.643,0.34%
2018/1/20,2.64,2.64,2.64,2.64,0.15%
2018/1/19,2.636,2.653,2.666,2.634,0.57%
2018/1/18,2.621,2.652,2.652,2.613,-0.61%
2018/1/17,2.637,2.639,2.646,2.617,-0.19%
2018/1/16,2.642,2.655,2.668,2.637,-0.56%
2018/1/15,2.657,2.619,2.668,2.614,1.53%
2018/1/13,2.617,2.617,2.617,2.617,-0.23%
2018/1/12,2.623,2.606,2.629,2.592,1.31%
2018/1/11,2.589,2.618,2.628,2.589,-1.86%
2018/1/10,2.638,2.617,2.643,2.611,2.89%
2018/1/9,2.564,2.546,2.569,2.543,0.87%
2018/1/8,2.542,2.523,2.544,2.523,1.07%
2018/1/6,2.515,2.515,2.515,2.515,-0.16%
2018/1/5,2.519,2.529,2.531,2.51,-0.16%
2018/1/4,2.523,2.506,2.528,2.497,0.60%
2018/1/3,2.508,2.508,2.517,2.492,0.80%
2018/1/2,2.488,2.466,2.493,2.463,0.85%
2017/12/29,2.467,2.467,2.467,2.467,-0.12%
2017/12/28,2.47,2.475,2.483,2.466,-0.96%
2017/12/27,2.494,2.48,2.515,2.477,0.12%
2017/12/26,2.491,2.495,2.523,2.487,0.04%
2017/12/23,2.49,2.49,2.49,2.49,-0.24%
2017/12/22,2.496,2.466,2.505,2.466,0.44%
2017/12/21,2.485,2.497,2.503,2.479,0.73%
2017/12/20,2.467,2.448,2.471,2.431,0.65%
2017/12/19,2.451,2.448,2.455,2.431,0.78%
2017/12/18,2.432,2.437,2.437,2.419,0.08%
2017/12/16,2.43,2.433,2.433,2.43,-0.12%
2017/12/15,2.433,2.436,2.442,2.43,-0.69%
2017/12/14,2.45,2.434,2.452,2.427,-0.08%
2017/12/13,2.452,2.461,2.465,2.438,-0.16%
2017/12/12,2.456,2.487,2.487,2.455,-1.09%
2017/12/11,2.483,2.477,2.495,2.475,0.12%
2017/12/9,2.48,2.485,2.485,2.48,-0.20%
2017/12/8,2.485,2.49,2.5,2.485,0.04%
2017/12/7,2.484,2.474,2.484,2.464,0.81%
2017/12/6,2.464,2.487,2.49,2.463,-1.52%
2017/12/5,2.502,2.478,2.504,2.474,0.60%
2017/12/4,2.487,2.51,2.51,2.483,0.08%
2017/12/2,2.485,2.485,2.485,2.485,-0.24%
2017/12/1,2.491,2.496,2.499,2.486,0.65%
2017/11/30,2.475,2.49,2.508,2.463,-0.28%
2017/11/29,2.482,2.488,2.502,2.474,0.16%
2017/11/28,2.478,2.54,2.54,2.474,-2.09%
2017/11/27,2.531,2.532,2.539,2.524,-0.35%
2017/11/25,2.54,2.54,2.54,2.54,0.12%
2017/11/24,2.537,2.528,2.54,2.512,0.67%
2017/11/23,2.52,2.528,2.536,2.512,-0.83%
2017/11/22,2.541,2.544,2.551,2.534,-0.04%
2017/11/21,2.542,2.549,2.552,2.539,-0.20%
2017/11/20,2.547,2.566,2.571,2.547,-0.89%
2017/11/18,2.57,2.57,2.57,2.57,0.00%
2017/11/17,2.57,2.578,2.579,2.558,0.39%
2017/11/16,2.56,2.557,2.571,2.548,-0.43%
2017/11/15,2.571,2.594,2.609,2.568,-1.49%
2017/11/14,2.61,2.596,2.61,2.583,1.08%
2017/11/13,2.582,2.603,2.619,2.582,0.47%
2017/11/11,2.57,2.57,2.57,2.57,0.35%
2017/11/10,2.561,2.542,2.561,2.538,0.95%
2017/11/9,2.537,2.539,2.556,2.527,-0.24%
2017/11/8,2.543,2.533,2.547,2.514,0.08%
2017/11/7,2.541,2.527,2.56,2.527,-0.31%
2017/11/6,2.549,2.517,2.555,2.517,0.67%
2017/11/4,2.532,2.532,2.532,2.532,0.28%
2017/11/3,2.525,2.503,2.529,2.49,-0.16%
2017/11/2,2.529,2.53,2.545,2.525,-0.71%
2017/11/1,2.547,2.575,2.594,2.547,-0.82%
2017/10/31,2.568,2.507,2.572,2.505,1.86%
2017/10/30,2.521,2.525,2.525,2.496,-0.55%
2017/10/29,2.535,2.535,2.535,2.535,0.00%
2017/10/28,2.535,2.535,2.535,2.535,-0.16%
2017/10/27,2.539,2.545,2.6,2.531,-0.16%
2017/10/26,2.543,2.518,2.548,2.495,1.60%
2017/10/25,2.503,2.477,2.504,2.472,1.91%
2017/10/24,2.456,2.451,2.477,2.429,-0.20%
2017/10/23,2.461,2.464,2.488,2.444,-0.36%
2017/10/22,2.47,2.47,2.47,2.47,0.00%
2017/10/21,2.47,2.47,2.47,2.47,-0.04%
2017/10/20,2.471,2.428,2.495,2.408,1.73%
2017/10/19,2.429,2.405,2.437,2.388,1.55%
2017/10/18,2.392,2.395,2.398,2.383,-0.37%
2017/10/17,2.401,2.403,2.404,2.387,0.25%
2017/10/16,2.395,2.385,2.407,2.382,0.21%
2017/10/14,2.39,2.39,2.39,2.39,-0.04%
2017/10/13,2.391,2.388,2.394,2.375,0.08%
2017/10/12,2.389,2.408,2.411,2.387,-1.20%
2017/10/11,2.418,2.405,2.43,2.402,0.00%
2017/10/10,2.418,2.389,2.43,2.389,2.03%
2017/10/9,2.37,2.37,2.37,2.37,0.00%
2017/10/3,2.37,2.37,2.37,2.37,0.00%
2017/10/2,2.37,2.37,2.37,2.37,0.00%
2017/9/30,2.37,2.37,2.37,2.37,-0.21%
2017/9/29,2.375,2.392,2.403,2.375,-0.71%
2017/9/28,2.392,2.391,2.435,2.377,1.40%
2017/9/27,2.359,2.322,2.359,2.32,2.12%
2017/9/26,2.31,2.287,2.31,2.282,1.81%
2017/9/25,2.269,2.266,2.281,2.26,0.31%
2017/9/23,2.262,2.262,2.262,2.262,-0.26%
2017/9/22,2.268,2.275,2.298,2.265,-0.53%
2017/9/21,2.28,2.292,2.301,2.276,-0.18%
2017/9/20,2.284,2.297,2.303,2.283,-0.35%
2017/9/19,2.292,2.281,2.294,2.278,1.24%
2017/9/18,2.264,2.26,2.267,2.255,0.62%
2017/9/16,2.25,2.25,2.25,2.25,0.09%
2017/9/15,2.248,2.248,2.251,2.242,0.18%
2017/9/14,2.244,2.248,2.249,2.238,0.13%
2017/9/13,2.241,2.264,2.264,2.236,-0.44%
2017/9/12,2.251,2.269,2.272,2.246,0.04%
2017/9/11,2.25,2.245,2.255,2.243,0.67%
2017/9/10,2.235,2.235,2.235,2.235,-0.22%
2017/9/8,2.24,2.246,2.25,2.232,-1.50%
2017/9/7,2.274,2.271,2.288,2.271,-0.26%
2017/9/6,2.28,2.281,2.284,2.268,-1.21%
2017/9/5,2.308,2.3,2.318,2.299,0.00%
2017/9/4,2.308,2.312,2.312,2.298,1.36%
2017/9/2,2.277,2.277,2.277,2.277,0.31%
2017/9/1,2.27,2.267,2.277,2.262,0.40%
2017/8/31,2.261,2.25,2.269,2.242,0.76%
2017/8/30,2.244,2.254,2.254,2.237,-0.80%
2017/8/29,2.262,2.263,2.279,2.255,0.40%
2017/8/28,2.253,2.258,2.261,2.248,0.04%
2017/8/26,2.252,2.252,2.252,2.252,-0.04%
2017/8/25,2.253,2.284,2.284,2.252,-1.49%
2017/8/24,2.287,2.284,2.29,2.278,-0.65%
2017/8/23,2.302,2.308,2.321,2.299,-0.09%
2017/8/22,2.304,2.295,2.313,2.295,0.13%
2017/8/21,2.301,2.3,2.322,2.3,-0.69%
2017/8/19,2.317,2.317,2.317,2.317,0.22%
2017/8/18,2.312,2.3,2.312,2.3,-0.34%
2017/8/17,2.32,2.305,2.321,2.303,-0.60%
2017/8/16,2.334,2.321,2.339,2.321,1.35%
2017/8/15,2.303,2.303,2.303,2.303,0.13%
2017/8/14,2.3,2.286,2.3,2.279,0.22%
2017/8/12,2.295,2.295,2.295,2.295,-0.35%
2017/8/11,2.303,2.315,2.321,2.295,-1.07%
2017/8/10,2.328,2.344,2.356,2.217,-0.47%
2017/8/9,2.339,2.325,2.348,2.324,0.91%
2017/8/8,2.318,2.287,2.318,2.281,1.67%
2017/8/7,2.28,2.283,2.29,2.278,1.20%
2017/8/6,2.253,2.253,2.253,2.253,0.00%
2017/8/5,2.253,2.249,2.253,2.249,0.18%
2017/8/4,2.249,2.238,2.255,2.234,0.00%
2017/8/3,2.249,2.247,2.258,2.244,0.22%
2017/8/2,2.244,2.247,2.253,2.244,-0.62%
2017/8/1,2.258,2.243,2.262,2.243,1.48%
2017/7/31,2.225,2.238,2.238,2.223,0.00%
2017/7/29,2.225,2.225,2.225,2.225,-0.40%
2017/7/28,2.234,2.216,2.24,2.216,0.95%
2017/7/27,2.213,2.219,2.22,2.208,-1.60%
2017/7/26,2.249,2.253,2.253,2.236,2.09%
2017/7/25,2.203,2.227,2.227,2.203,-0.77%
2017/7/24,2.22,2.213,2.221,2.209,0.00%
2017/7/23,2.22,2.22,2.22,2.22,0.00%
2017/7/22,2.22,2.22,2.22,2.22,0.09%
2017/7/21,2.218,2.241,2.241,2.206,-0.81%
2017/7/20,2.236,2.258,2.262,2.236,-1.02%
2017/7/19,2.259,2.234,2.259,2.232,0.40%
2017/7/18,2.25,2.262,2.266,2.248,-1.10%
2017/7/17,2.275,2.254,2.277,2.252,1.25%
2017/7/16,2.247,2.247,2.247,2.247,0.00%
2017/7/15,2.247,2.247,2.247,2.247,-0.22%
2017/7/14,2.252,2.259,2.269,2.249,0.81%
2017/7/13,2.234,2.26,2.264,2.231,-1.50%
2017/7/12,2.268,2.263,2.277,2.259,-0.44%
2017/7/11,2.278,2.29,2.298,2.276,-0.65%
2017/7/10,2.293,2.311,2.325,2.292,-1.04%
2017/7/8,2.317,2.317,2.317,2.317,-0.43%
2017/7/7,2.327,2.31,2.329,2.31,2.02%
2017/7/6,2.281,2.273,2.284,2.268,0.13%
2017/7/5,2.278,2.269,2.282,2.262,-0.04%
2017/7/4,2.279,2.259,2.282,2.253,1.97%
2017/7/3,2.235,2.228,2.246,2.226,1.04%
2017/7/2,2.212,2.212,2.212,2.212,0.00%
2017/7/1,2.212,2.214,2.214,2.212,-0.09%
2017/6/30,2.214,2.2,2.218,2.193,1.37%
2017/6/29,2.184,2.184,2.205,2.169,0.28%
2017/6/28,2.178,2.159,2.183,2.146,2.78%
2017/6/27,2.119,2.123,2.132,2.119,-0.28%
2017/6/26,2.125,2.131,2.14,2.114,-0.23%
2017/6/25,2.13,2.13,2.13,2.13,0.00%
2017/6/24,2.13,2.13,2.13,2.13,0.05%
2017/6/23,2.129,2.129,2.149,2.124,-0.28%
2017/6/22,2.135,2.131,2.136,2.124,-0.19%
2017/6/21,2.139,2.127,2.148,2.124,-0.14%
2017/6/20,2.142,2.171,2.174,2.142,-0.74%
2017/6/19,2.158,2.153,2.176,2.153,-0.05%
2017/6/17,2.159,2.159,2.159,2.159,0.33%
2017/6/16,2.152,2.131,2.155,2.131,1.37%
2017/6/15,2.123,2.123,2.134,2.105,-2.35%
2017/6/14,2.174,2.189,2.203,2.165,-0.14%
2017/6/13,2.177,2.221,2.221,2.168,-2.11%
2017/6/12,2.224,2.169,2.232,2.169,2.73%
2017/6/9,2.165,2.167,2.178,2.163,-0.37%
2017/6/8,2.173,2.16,2.185,2.159,0.60%
2017/6/7,2.16,2.17,2.17,2.159,-0.69%
2017/6/6,2.175,2.175,2.175,2.175,-0.09%
2017/6/5,2.177,2.174,2.186,2.172,-0.91%
2017/6/3,2.197,2.197,2.197,2.197,-0.54%
2017/6/2,2.209,2.223,2.223,2.201,-0.14%
2017/6/1,2.212,2.233,2.234,2.208,-0.45%
2017/5/31,2.222,2.216,2.228,2.206,-0.04%
2017/5/30,2.223,2.246,2.246,2.221,-1.02%
2017/5/29,2.246,2.249,2.261,2.246,0.49%
2017/5/27,2.235,2.235,2.235,2.235,-0.09%
2017/5/26,2.237,2.253,2.258,2.232,-0.97%
2017/5/25,2.259,2.256,2.268,2.246,-0.44%
2017/5/24,2.269,2.274,2.274,2.257,0.62%
2017/5/23,2.255,2.258,2.277,2.254,-0.66%
2017/5/22,2.27,2.262,2.28,2.258,1.70%
2017/5/20,2.232,2.232,2.232,2.232,-0.67%
2017/5/19,2.247,2.239,2.255,2.224,-0.35%
2017/5/18,2.255,2.209,2.255,2.209,0.04%
2017/5/17,2.254,2.272,2.277,2.252,-1.91%
2017/5/16,2.298,2.297,2.306,2.284,0.04%
2017/5/15,2.297,2.262,2.297,2.262,0.22%
2017/5/13,2.292,2.292,2.292,2.292,0.22%
2017/5/12,2.287,2.302,2.315,2.283,-0.82%
2017/5/11,2.306,2.308,2.321,2.293,0.39%
2017/5/10,2.297,2.272,2.297,2.264,2.68%
2017/5/9,2.237,2.237,2.237,2.237,-0.36%
2017/5/8,2.245,2.232,2.252,2.23,1.49%
2017/5/7,2.212,2.212,2.212,2.212,0.00%
2017/5/5,2.212,2.212,2.212,2.212,0.09%
2017/5/4,2.21,2.246,2.253,2.209,-1.21%
2017/5/3,2.237,2.237,2.237,2.237,-0.13%
2017/5/2,2.24,2.214,2.256,2.214,2.19%
2017/4/29,2.192,2.192,2.192,2.192,-0.36%
2017/4/28,2.2,2.189,2.2,2.189,0.18%
2017/4/27,2.196,2.209,2.211,2.191,-0.54%
2017/4/26,2.208,2.226,2.228,2.203,0.64%
2017/4/25,2.194,2.194,2.207,2.188,-0.50%
2017/4/24,2.205,2.213,2.219,2.203,1.75%
2017/4/22,2.167,2.167,2.167,2.167,0.09%
2017/4/21,2.165,2.155,2.17,2.153,0.93%
2017/4/20,2.145,2.146,2.152,2.139,0.14%
2017/4/19,2.142,2.139,2.142,2.129,-1.38%
2017/4/18,2.172,2.185,2.188,2.172,0.09%
2017/4/17,2.17,2.167,2.175,2.157,-0.64%
2017/4/15,2.184,2.184,2.184,2.184,-0.46%
2017/4/14,2.194,2.19,2.201,2.168,1.01%
2017/4/13,2.172,2.158,2.199,2.153,-1.50%
2017/4/12,2.205,2.193,2.221,2.185,0.05%
2017/4/11,2.204,2.243,2.255,2.201,-2.17%
2017/4/10,2.253,2.224,2.255,2.224,2.55%
2017/4/8,2.197,2.197,2.197,2.197,0.32%
2017/4/7,2.19,2.177,2.214,2.149,0.37%
2017/4/6,2.182,2.134,2.182,2.124,1.91%
2017/4/5,2.141,2.14,2.15,2.134,0.09%
2017/4/4,2.139,2.139,2.144,2.13,-1.79%
2017/4/3,2.178,2.185,2.197,2.163,-0.41%
2017/4/1,2.187,2.187,2.187,2.187,0.69%
2017/3/31,2.172,2.183,2.192,2.164,-0.55%
2017/3/30,2.184,2.152,2.188,2.152,1.16%
2017/3/29,2.159,2.184,2.184,2.159,-0.09%
2017/3/28,2.161,2.166,2.166,2.144,0.56%
2017/3/27,2.149,2.175,2.175,2.147,-1.65%
2017/3/26,2.185,2.185,2.185,2.185,0.00%
2017/3/25,2.185,2.185,2.185,2.185,0.46%
2017/3/24,2.175,2.159,2.181,2.158,1.16%
2017/3/23,2.15,2.156,2.162,2.144,-0.09%
2017/3/22,2.152,2.154,2.172,2.142,-1.65%
2017/3/21,2.188,2.17,2.194,2.159,0.09%
2017/3/20,2.186,2.181,2.204,2.177,0.88%
2017/3/18,2.167,2.178,2.178,2.167,-0.51%
2017/3/17,2.178,2.195,2.203,2.177,0.14%
2017/3/16,2.175,2.198,2.202,2.164,-4.10%
2017/3/15,2.268,2.292,2.302,2.268,-0.96%
2017/3/14,2.29,2.31,2.319,2.289,-0.30%
2017/3/13,2.297,2.289,2.322,2.289,-0.43%
2017/3/11,2.307,2.307,2.307,2.307,-0.52%
2017/3/10,2.319,2.338,2.353,2.314,0.09%
2017/3/9,2.317,2.329,2.33,2.305,0.65%
2017/3/8,2.302,2.331,2.331,2.295,-0.48%
2017/3/7,2.313,2.268,2.322,2.268,2.25%
2017/3/6,2.262,2.221,2.274,2.221,1.89%
2017/3/4,2.22,2.22,2.22,2.22,-0.54%
2017/3/3,2.232,2.238,2.24,2.222,0.31%
2017/3/2,2.225,2.233,2.238,2.213,3.15%
2017/3/1,2.157,2.157,2.157,2.157,-0.23%
2017/2/28,2.162,2.172,2.18,2.157,-0.37%
2017/2/27,2.17,2.144,2.189,2.134,-0.09%
2017/2/25,2.172,2.172,2.172,2.172,-0.14%
2017/2/24,2.175,2.178,2.189,2.15,-1.23%
2017/2/23,2.202,2.223,2.232,2.199,-1.96%
2017/2/22,2.246,2.195,2.25,2.181,1.95%
2017/2/21,2.203,2.191,2.203,2.185,0.87%
2017/2/20,2.184,2.128,2.187,2.128,2.06%
2017/2/18,2.14,2.14,2.14,2.14,0.19%
2017/2/17,2.136,2.13,2.141,2.125,-0.37%
2017/2/16,2.144,2.159,2.159,2.134,-0.33%
2017/2/15,2.151,2.165,2.165,2.151,0.75%
2017/2/14,2.135,2.165,2.175,2.132,-0.74%
2017/2/13,2.151,2.145,2.157,2.143,0.47%
2017/2/11,2.141,2.141,2.141,2.141,-0.42%
2017/2/10,2.15,2.168,2.168,2.149,1.22%
2017/2/9,2.124,2.095,2.129,2.092,-0.33%
2017/2/8,2.131,2.134,2.153,2.129,-0.23%
2017/2/7,2.136,2.133,2.136,2.115,-0.84%
2017/2/6,2.154,2.165,2.165,2.147,-1.19%
2017/2/4,2.18,2.18,2.18,2.18,-0.23%
2017/2/3,2.185,2.169,2.185,2.168,1.39%
2017/2/2,2.155,2.179,2.184,2.146,-0.87%
2017/2/1,2.174,2.15,2.18,2.15,0.98%
2017/1/31,2.153,2.173,2.186,2.151,-1.55%
2017/1/27,2.187,2.187,2.187,2.187,-0.18%
2017/1/26,2.191,2.172,2.202,2.17,2.67%
2017/1/25,2.134,2.125,2.134,2.118,1.47%
2017/1/24,2.103,2.103,2.11,2.091,-1.08%
2017/1/23,2.126,2.115,2.136,2.101,0.28%
2017/1/21,2.12,2.12,2.12,2.12,-0.28%
2017/1/20,2.126,2.177,2.187,2.126,-1.98%
2017/1/19,2.169,2.168,2.188,2.165,2.07%
2017/1/18,2.125,2.09,2.125,2.089,1.14%
2017/1/17,2.101,2.115,2.124,2.097,-0.85%
2017/1/16,2.119,2.103,2.132,2.102,1.63%
2017/1/14,2.085,2.085,2.085,2.085,-0.43%
2017/1/13,2.094,2.076,2.11,2.076,1.31%
2017/1/12,2.067,2.1,2.104,2.062,-2.87%
2017/1/11,2.128,2.107,2.131,2.107,1.29%
2017/1/10,2.101,2.103,2.128,2.097,-1.45%
2017/1/9,2.132,2.12,2.15,2.118,1.43%
2017/1/7,2.102,2.102,2.102,2.102,0.86%
2017/1/6,2.084,2.026,2.084,2.023,0.97%
2017/1/5,2.064,2.056,2.083,2.056,-1.57%
2017/1/4,2.097,2.07,2.1,2.057,1.75%
2017/1/3,2.061,2.056,2.073,2.056,0.34%
2017/1/2,2.054,2.079,2.079,2.041,-1.82%
2016/12/30,2.092,2.092,2.092,2.092,1.65%
2016/12/29,2.058,2.06,2.06,2.058,-1.25%
2016/12/28,2.084,2.115,2.115,2.081,-1.33%
2016/12/27,2.112,2.123,2.131,2.11,-0.09%
2016/12/26,2.114,2.114,2.121,2.1,-0.05%
2016/12/24,2.115,2.115,2.115,2.115,-0.19%
2016/12/23,2.119,2.124,2.124,2.08,1.00%
2016/12/22,2.098,2.102,2.136,2.098,-0.57%
2016/12/21,2.11,2.165,2.171,2.1,-2.41%
2016/12/20,2.162,2.139,2.17,2.108,-0.23%
2016/12/19,2.167,2.165,2.18,2.157,0.32%
2016/12/17,2.16,2.16,2.16,2.16,-0.28%
2016/12/16,2.166,2.22,2.22,2.162,-1.32%
2016/12/15,2.195,2.233,2.24,2.189,3.05%
2016/12/14,2.13,2.184,2.184,2.13,-3.14%
2016/12/13,2.199,2.21,2.226,2.199,-3.17%
2016/12/12,2.271,2.248,2.282,2.248,2.99%
2016/12/9,2.205,2.21,2.227,2.195,1.89%
2016/12/8,2.164,2.091,2.179,2.091,-1.64%
2016/12/7,2.2,2.211,2.215,2.174,-0.23%
2016/12/6,2.205,2.201,2.207,2.141,0.68%
2016/12/5,2.19,2.21,2.243,2.188,-3.10%
2016/12/3,2.26,2.26,2.26,2.26,0.04%
2016/12/2,2.259,2.257,2.277,2.251,2.59%
2016/12/1,2.202,2.229,2.243,2.181,2.61%
2016/11/30,2.146,2.118,2.159,2.103,0.28%
2016/11/29,2.14,2.133,2.155,2.126,-0.60%
2016/11/28,2.153,2.164,2.188,2.145,-1.46%
2016/11/26,2.185,2.185,2.185,2.185,0.00%
2016/11/25,2.185,2.199,2.25,2.172,0.28%
2016/11/24,2.179,2.166,2.206,2.164,1.87%
2016/11/23,2.139,2.129,2.153,2.123,0.56%
2016/11/22,2.127,2.095,2.144,2.063,0.28%
2016/11/21,2.121,2.124,2.163,2.114,-0.70%
2016/11/19,2.136,2.136,2.136,2.136,0.05%
2016/11/18,2.135,2.13,2.163,2.101,2.40%
2016/11/17,2.085,2.092,2.16,2.078,-0.71%
2016/11/16,2.1,2.06,2.1,2.026,2.69%
2016/11/15,2.045,2.085,2.099,2.03,-0.82%
2016/11/14,2.062,1.969,2.083,1.95,5.74%
2016/11/12,1.95,1.95,1.95,1.95,0.57%
2016/11/11,1.939,1.894,1.948,1.876,6.48%
2016/11/10,1.821,1.801,1.839,1.794,8.26%
2016/11/9,1.682,1.729,1.736,1.588,-1.18%
2016/11/8,1.702,1.695,1.716,1.684,-0.29%
2016/11/7,1.707,1.728,1.734,1.705,-0.18%
2016/11/5,1.71,1.71,1.71,1.71,0.83%
2016/11/4,1.696,1.698,1.703,1.679,0.95%
2016/11/3,1.68,1.68,1.713,1.567,-0.71%
2016/11/2,1.692,1.71,1.716,1.677,-2.25%
2016/11/1,1.731,1.693,1.733,1.693,2.85%
2016/10/31,1.683,1.708,1.732,1.681,-2.26%
2016/10/29,1.722,1.722,1.722,1.722,0.17%
2016/10/28,1.719,1.71,1.729,1.706,3.12%
2016/10/27,1.667,1.67,1.68,1.649,2.21%
2016/10/26,1.631,1.617,1.65,1.617,-0.43%
2016/10/25,1.638,1.612,1.645,1.612,1.93%
2016/10/24,1.607,1.632,1.646,1.607,-1.83%
2016/10/22,1.637,1.637,1.637,1.637,0.68%
2016/10/21,1.626,1.623,1.633,1.585,0.99%
2016/10/20,1.61,1.622,1.622,1.605,-0.19%
2016/10/19,1.613,1.584,1.619,1.581,-0.19%
2016/10/18,1.616,1.611,1.623,1.606,0.06%
2016/10/17,1.615,1.604,1.623,1.595,3.73%
2016/10/15,1.557,1.55,1.557,1.55,0.45%
2016/10/14,1.55,1.544,1.593,1.54,0.45%
2016/10/13,1.543,1.575,1.577,1.521,-2.96%
2016/10/12,1.59,1.597,1.621,1.584,-1.61%
2016/10/11,1.616,1.595,1.619,1.59,4.39%
2016/10/10,1.548,1.513,1.548,1.513,1.18%
2016/10/8,1.53,1.53,1.53,1.53,0.00%
2016/10/7,1.53,1.541,1.55,1.523,-0.78%
2016/10/6,1.542,1.526,1.542,1.516,2.05%
2016/10/5,1.511,1.506,1.517,1.497,3.85%
2016/10/4,1.455,1.46,1.462,1.443,2.18%
2016/10/1,1.424,1.424,1.424,1.424,1.64%
2016/9/30,1.401,1.443,1.443,1.389,-3.71%
2016/9/29,1.455,1.487,1.49,1.455,-0.82%
2016/9/28,1.467,1.475,1.479,1.455,-1.81%
2016/9/27,1.494,1.472,1.503,1.468,-0.13%
2016/9/26,1.496,1.502,1.505,1.476,-0.40%
2016/9/25,1.502,1.502,1.502,1.502,0.00%
2016/9/24,1.502,1.5,1.502,1.5,0.13%
2016/9/23,1.5,1.513,1.522,1.496,-1.12%
2016/9/22,1.517,1.54,1.545,1.515,-4.89%
2016/9/21,1.595,1.56,1.611,1.557,1.21%
2016/9/20,1.576,1.591,1.598,1.572,-0.44%
2016/9/19,1.583,1.577,1.583,1.562,1.15%
2016/9/17,1.565,1.565,1.565,1.565,0.00%
2016/9/14,1.565,1.565,1.565,1.565,-0.51%
2016/9/13,1.573,1.558,1.576,1.536,0.51%
2016/9/12,1.565,1.565,1.584,1.555,3.78%
2016/9/10,1.508,1.508,1.508,1.508,-0.20%
2016/9/9,1.511,1.491,1.522,1.485,2.79%
2016/9/8,1.47,1.464,1.473,1.449,0.82%
2016/9/7,1.458,1.472,1.476,1.457,-3.19%
2016/9/6,1.506,1.506,1.513,1.502,-0.40%
2016/9/5,1.512,1.523,1.528,1.507,-0.66%
2016/9/4,1.522,1.522,1.522,1.522,0.00%
2016/9/3,1.522,1.522,1.522,1.522,-0.52%
2016/9/2,1.53,1.525,1.536,1.522,0.26%
2016/9/1,1.526,1.481,1.526,1.472,3.25%
2016/8/31,1.478,1.461,1.49,1.46,1.79%
2016/8/30,1.452,1.426,1.452,1.425,0.48%
2016/8/29,1.445,1.453,1.457,1.441,2.12%
2016/8/27,1.415,1.415,1.415,1.415,-0.56%
2016/8/26,1.423,1.426,1.431,1.419,0.14%
2016/8/25,1.421,1.42,1.434,1.418,0.21%
2016/8/24,1.418,1.417,1.422,1.413,-0.28%
2016/8/23,1.422,1.419,1.427,1.417,-0.91%
2016/8/22,1.435,1.442,1.442,1.434,0.70%
2016/8/20,1.425,1.425,1.425,1.425,0.21%
2016/8/19,1.422,1.418,1.436,1.418,0.42%
2016/8/18,1.416,1.414,1.421,1.408,-1.32%
2016/8/17,1.435,1.436,1.44,1.418,2.87%
2016/8/16,1.395,1.404,1.404,1.393,-0.21%
2016/8/14,1.398,1.398,1.398,1.398,0.00%
2016/8/13,1.398,1.398,1.398,1.398,-0.85%
2016/8/12,1.41,1.421,1.421,1.398,1.00%
2016/8/11,1.396,1.38,1.408,1.377,0.43%
2016/8/10,1.39,1.407,1.407,1.385,-2.59%
2016/8/9,1.427,1.437,1.437,1.422,-0.42%
2016/8/8,1.433,1.441,1.441,1.406,2.95%
2016/8/6,1.392,1.388,1.392,1.388,0.29%
2016/8/5,1.388,1.394,1.399,1.385,-1.56%
2016/8/4,1.41,1.426,1.44,1.41,-1.05%
2016/8/3,1.425,1.422,1.43,1.417,3.34%
2016/8/2,1.379,1.374,1.383,1.364,1.17%
2016/8/1,1.363,1.364,1.367,1.357,-1.37%
2016/7/30,1.382,1.382,1.382,1.382,-0.43%
2016/7/29,1.388,1.354,1.397,1.353,2.13%
2016/7/28,1.359,1.372,1.374,1.358,-3.21%
2016/7/27,1.404,1.414,1.423,1.399,-0.50%
2016/7/26,1.411,1.429,1.429,1.398,-0.91%
2016/7/25,1.424,1.424,1.432,1.42,0.64%
2016/7/23,1.415,1.415,1.415,1.415,-0.21%
2016/7/22,1.418,1.421,1.433,1.417,-1.39%
2016/7/21,1.438,1.436,1.445,1.436,1.34%
2016/7/20,1.419,1.417,1.431,1.413,-0.63%
2016/7/19,1.428,1.402,1.43,1.394,0.92%
2016/7/18,1.415,1.413,1.421,1.408,1.80%
2016/7/16,1.39,1.39,1.39,1.39,-0.43%
2016/7/15,1.396,1.4,1.41,1.39,2.12%
2016/7/14,1.367,1.385,1.39,1.348,-1.73%
2016/7/13,1.391,1.422,1.422,1.384,-0.14%
2016/7/12,1.393,1.394,1.4,1.389,0.87%
2016/7/11,1.381,1.379,1.383,1.369,-0.43%
2016/7/10,1.387,1.387,1.387,1.387,0.00%
2016/7/9,1.387,1.387,1.387,1.387,0.87%
2016/7/8,1.375,1.387,1.395,1.366,-0.29%
2016/7/7,1.379,1.39,1.391,1.378,-0.72%
2016/7/6,1.389,1.388,1.393,1.368,-2.11%
2016/7/5,1.419,1.4,1.429,1.387,0.50%
2016/7/4,1.412,1.413,1.424,1.4,1.00%
2016/7/2,1.398,1.398,1.398,1.398,-0.85%
2016/7/1,1.41,1.458,1.46,1.41,-3.95%
2016/6/30,1.468,1.481,1.486,1.455,0.27%
2016/6/29,1.464,1.479,1.482,1.463,-1.41%
2016/6/28,1.485,1.458,1.497,1.453,0.27%
2016/6/27,1.481,1.494,1.494,1.459,-1.27%
2016/6/26,1.5,1.5,1.5,1.5,0.00%
2016/6/25,1.5,1.5,1.5,1.5,0.20%
2016/6/24,1.497,1.625,1.63,1.46,-8.22%
2016/6/23,1.631,1.631,1.646,1.629,-0.55%
2016/6/22,1.64,1.544,1.64,1.544,0.99%
2016/6/21,1.624,1.641,1.641,1.623,-0.79%
2016/6/20,1.637,1.628,1.637,1.623,2.50%
2016/6/18,1.597,1.597,1.597,1.597,-0.06%
2016/6/17,1.598,1.599,1.607,1.592,1.01%
2016/6/16,1.582,1.592,1.593,1.581,-2.47%
2016/6/15,1.622,1.623,1.634,1.62,-0.61%
2016/6/14,1.632,1.622,1.632,1.613,0.87%
2016/6/13,1.618,1.638,1.638,1.618,-2.06%
2016/6/11,1.652,1.652,1.652,1.652,0.67%
2016/6/10,1.641,1.658,1.658,1.639,-1.32%
2016/6/9,1.663,1.693,1.695,1.652,-2.29%
2016/6/8,1.702,1.71,1.71,1.692,-0.58%
2016/6/7,1.712,1.706,1.714,1.705,-1.44%
2016/6/6,1.737,1.737,1.737,1.737,0.00%
2016/6/4,1.737,1.737,1.737,1.737,-0.34%
2016/6/3,1.743,1.756,1.759,1.742,-1.13%
2016/6/2,1.763,1.755,1.766,1.755,0.17%
2016/6/1,1.76,1.76,1.768,1.754,-2.87%
2016/5/31,1.812,1.803,1.813,1.795,0.06%
2016/5/30,1.811,1.811,1.817,1.808,2.03%
2016/5/28,1.775,1.775,1.775,1.775,-0.34%
2016/5/27,1.781,1.785,1.79,1.781,-0.45%
2016/5/26,1.789,1.786,1.792,1.773,0.28%
2016/5/25,1.784,1.778,1.786,1.776,0.79%
2016/5/24,1.77,1.797,1.806,1.768,-1.83%
2016/5/23,1.803,1.805,1.81,1.798,0.17%
2016/5/21,1.8,1.8,1.8,1.8,-0.28%
2016/5/20,1.805,1.82,1.827,1.802,-1.58%
2016/5/19,1.834,1.848,1.848,1.829,1.55%
2016/5/18,1.806,1.791,1.806,1.781,0.78%
2016/5/17,1.792,1.783,1.792,1.775,1.24%
2016/5/16,1.77,1.763,1.773,1.763,0.28%
2016/5/14,1.765,1.765,1.765,1.765,-0.11%
2016/5/13,1.767,1.765,1.778,1.76,0.17%
2016/5/12,1.764,1.762,1.774,1.761,-0.17%
2016/5/11,1.767,1.768,1.774,1.76,0.00%
2016/5/10,1.767,1.757,1.775,1.756,0.57%
2016/5/9,1.757,1.773,1.776,1.757,-0.96%
2016/5/6,1.774,1.774,1.774,1.774,0.00%
2016/5/5,1.774,1.774,1.774,1.774,0.11%
2016/5/4,1.772,1.78,1.783,1.766,-1.23%
2016/5/3,1.794,1.825,1.83,1.794,-0.77%
2016/5/2,1.808,1.796,1.812,1.796,0.72%
2016/5/1,1.795,1.795,1.795,1.795,0.00%
2016/4/30,1.795,1.795,1.795,1.795,0.11%
2016/4/29,1.793,1.79,1.804,1.787,-0.33%
2016/4/28,1.799,1.793,1.82,1.782,-0.55%
2016/4/27,1.809,1.816,1.823,1.805,-0.60%
2016/4/26,1.82,1.838,1.842,1.82,-0.49%
2016/4/25,1.829,1.829,1.838,1.822,-0.05%
2016/4/23,1.83,1.83,1.83,1.83,0.60%
2016/4/22,1.819,1.83,1.853,1.813,-0.22%
2016/4/21,1.823,1.828,1.838,1.821,0.94%
2016/4/20,1.806,1.844,1.844,1.806,-2.38%
2016/4/19,1.85,1.866,1.873,1.83,0.49%
2016/4/18,1.841,1.82,1.843,1.815,0.16%
2016/4/16,1.838,1.838,1.838,1.838,-0.22%
2016/4/15,1.842,1.848,1.856,1.84,-0.32%
2016/4/14,1.848,1.827,1.848,1.823,3.41%
2016/4/13,1.787,1.787,1.787,1.787,-0.50%
2016/4/12,1.796,1.796,1.803,1.793,0.11%
2016/4/11,1.794,1.802,1.803,1.792,-0.06%
2016/4/9,1.795,1.795,1.795,1.795,-0.17%
2016/4/8,1.798,1.78,1.809,1.774,-0.06%
2016/4/7,1.799,1.793,1.802,1.773,0.67%
2016/4/6,1.787,1.767,1.792,1.767,-0.11%
2016/4/5,1.789,1.764,1.793,1.76,1.19%
2016/4/4,1.768,1.782,1.784,1.768,-1.50%
2016/4/2,1.795,1.795,1.795,1.795,0.28%
2016/4/1,1.79,1.783,1.804,1.783,0.17%
2016/3/31,1.787,1.795,1.805,1.784,0.73%
2016/3/30,1.774,1.77,1.779,1.759,-1.72%
2016/3/29,1.805,1.83,1.837,1.804,-1.90%
2016/3/28,1.84,1.843,1.846,1.827,0.44%
2016/3/27,1.832,1.832,1.832,1.832,-0.16%
2016/3/25,1.835,1.851,1.856,1.833,-0.49%
2016/3/24,1.844,1.846,1.849,1.834,-1.91%
2016/3/23,1.88,1.857,1.882,1.857,1.95%
2016/3/22,1.844,1.849,1.855,1.839,1.15%
2016/3/21,1.823,1.836,1.844,1.811,-0.49%
2016/3/19,1.832,1.832,1.832,1.832,0.33%
2016/3/18,1.826,1.865,1.877,1.826,-1.99%
2016/3/17,1.863,1.87,1.884,1.859,-2.87%
2016/3/16,1.918,1.91,1.929,1.901,-0.05%
2016/3/15,1.919,1.91,1.927,1.893,0.31%
2016/3/14,1.913,1.936,1.947,1.905,-0.47%
2016/3/12,1.922,1.922,1.922,1.922,0.31%
2016/3/11,1.916,1.897,1.918,1.885,2.84%
2016/3/10,1.863,1.852,1.889,1.812,1.09%
2016/3/9,1.843,1.828,1.853,1.828,-0.22%
2016/3/8,1.847,1.884,1.884,1.843,-1.34%
2016/3/7,1.872,1.894,1.894,1.861,-0.27%
2016/3/5,1.877,1.877,1.877,1.877,-0.53%
2016/3/4,1.887,1.87,1.889,1.857,1.34%
2016/3/3,1.862,1.842,1.865,1.842,1.97%
2016/3/2,1.826,1.82,1.832,1.814,2.18%
2016/3/1,1.787,1.787,1.787,1.787,0.06%
2016/2/29,1.786,1.785,1.794,1.779,0.62%
2016/2/27,1.775,1.775,1.775,1.775,-0.28%
2016/2/26,1.78,1.799,1.8,1.779,-1.71%
2016/2/25,1.811,1.828,1.828,1.803,-0.33%
2016/2/24,1.817,1.815,1.845,1.815,-0.93%
2016/2/23,1.834,1.822,1.841,1.805,0.38%
2016/2/22,1.827,1.831,1.832,1.821,0.66%
2016/2/20,1.815,1.815,1.815,1.815,0.22%
2016/2/19,1.811,1.775,1.818,1.775,0.39%
2016/2/18,1.804,1.807,1.818,1.801,0.95%
2016/2/17,1.787,1.78,1.805,1.779,0.39%
2016/2/16,1.78,1.827,1.848,1.77,-2.31%
2016/2/15,1.822,1.84,1.843,1.818,1.39%
2016/2/14,1.797,1.797,1.797,1.797,0.00%
2016/2/13,1.797,1.797,1.797,1.797,-0.77%
2016/2/12,1.811,1.788,1.828,1.756,2.66%
2016/2/11,1.764,1.781,1.792,1.757,-6.17%
2016/2/6,1.88,1.88,1.88,1.88,0.00%
2016/2/5,1.88,1.86,1.888,1.86,0.48%
2016/2/4,1.871,1.876,1.901,1.87,0.32%
2016/2/3,1.865,1.881,1.882,1.86,-3.07%
2016/2/2,1.924,1.918,1.934,1.901,0.10%
2016/2/1,1.922,1.959,1.961,1.918,-2.93%
2016/1/30,1.98,1.98,1.98,1.98,0.00%
2016/1/29,1.98,2.027,2.038,1.964,-1.74%
2016/1/28,2.015,2.01,2.039,2.008,0.20%
2016/1/27,2.011,2.006,2.02,1.996,1.06%
2016/1/26,1.99,2.003,2.009,1.989,-1.44%
2016/1/25,2.019,2.038,2.039,2.019,-0.79%
2016/1/23,2.035,2.035,2.035,2.035,-0.29%
2016/1/22,2.041,2.018,2.043,1.993,2.36%
2016/1/21,1.994,2.012,2.024,1.994,-0.80%
2016/1/20,2.01,2.055,2.055,2.002,-2.80%
2016/1/19,2.068,2.032,2.068,2.025,1.37%
2016/1/18,2.04,1.999,2.044,1.994,0.99%
2016/1/16,2.02,2.02,2.02,2.02,-0.15%
2016/1/15,2.023,2.033,2.048,2.02,-0.25%
2016/1/14,2.028,2,2.03,1.985,0.25%
2016/1/13,2.023,2.012,2.039,2.012,-1.12%
2016/1/12,2.046,2.04,2.049,2.013,1.24%
2016/1/11,2.021,2.026,2.036,2.019,-1.75%
2016/1/10,2.057,2.057,2.057,2.057,0.00%
2016/1/9,2.057,2.057,2.057,2.057,0.00%
2016/1/8,2.057,2.015,2.058,2.012,1.88%
2016/1/7,2.019,2.015,2.029,1.996,-0.88%
2016/1/6,2.037,2.052,2.059,2.03,-1.21%
2016/1/5,2.062,2.04,2.079,2.034,1.33%
2016/1/4,2.035,2.084,2.084,2.023,-2.40%
2015/12/31,2.085,2.103,2.107,2.05,0.82%
2015/12/30,2.068,2.103,2.107,2.05,0.44%
2015/12/29,2.059,2.074,2.076,2.058,-1.58%
2015/12/28,2.092,2.094,2.101,2.087,-0.24%
2015/12/25,2.097,2.097,2.097,2.097,0.05%
2015/12/24,2.096,2.116,2.121,2.09,-0.52%
2015/12/23,2.107,2.12,2.124,2.104,-0.38%
2015/12/22,2.115,2.107,2.122,2.09,0.95%
2015/12/21,2.095,2.125,2.135,2.085,-1.27%
2015/12/19,2.122,2.122,2.122,2.122,0.66%
2015/12/18,2.108,2.15,2.167,2.108,-2.59%
2015/12/17,2.164,2.209,2.211,2.161,-2.48%
2015/12/16,2.219,2.221,2.233,2.216,-0.14%
2015/12/15,2.222,2.235,2.24,2.218,0.18%
2015/12/14,2.218,2.199,2.221,2.199,-1.11%
2015/12/13,2.243,2.243,2.243,2.243,0.13%
2015/12/11,2.24,2.231,2.245,2.221,0.49%
2015/12/10,2.229,2.218,2.247,2.218,0.63%
2015/12/9,2.215,2.225,2.233,2.208,-1.03%
2015/12/8,2.238,2.267,2.267,2.237,-2.53%
2015/12/7,2.296,2.302,2.309,2.293,-0.17%
2015/12/5,2.3,2.3,2.3,2.3,-0.65%
2015/12/4,2.315,2.345,2.345,2.31,2.25%
2015/12/3,2.264,2.263,2.276,2.255,0.44%
2015/12/2,2.254,2.239,2.257,2.237,-0.75%
2015/12/1,2.271,2.262,2.275,2.237,0.98%
2015/11/30,2.249,2.265,2.266,2.246,-0.79%
2015/11/29,2.267,2.267,2.267,2.267,-0.22%
2015/11/27,2.272,2.221,2.272,2.221,1.47%
2015/11/26,2.239,2.266,2.269,2.239,-0.67%
2015/11/25,2.254,2.267,2.273,2.253,-1.01%
2015/11/24,2.277,2.275,2.287,2.264,-0.61%
2015/11/23,2.291,2.272,2.291,2.269,1.06%
2015/11/22,2.267,2.267,2.267,2.267,0.00%
2015/11/21,2.267,2.267,2.267,2.267,0.58%
2015/11/20,2.254,2.246,2.259,2.23,-0.49%
2015/11/19,2.265,2.279,2.291,2.265,-1.18%
2015/11/18,2.292,2.295,2.305,2.285,-0.52%
2015/11/17,2.304,2.298,2.307,2.288,1.05%
2015/11/16,2.28,2.27,2.297,2.27,-2.15%
2015/11/14,2.33,2.33,2.33,2.33,-0.21%
2015/11/13,2.335,2.316,2.346,2.308,0.56%
2015/11/12,2.322,2.326,2.329,2.285,0.04%
2015/11/11,2.321,2.273,2.335,2.273,1.71%
2015/11/10,2.282,2.296,2.305,2.267,0.04%
2015/11/9,2.281,2.275,2.295,2.261,3.21%
2015/11/7,2.21,2.21,2.21,2.21,0.50%
2015/11/6,2.199,2.155,2.2,2.152,1.81%
2015/11/5,2.16,2.175,2.175,2.143,-0.69%
2015/11/4,2.175,2.175,2.187,2.162,1.07%
2015/11/3,2.152,2.134,2.154,2.128,1.94%
2015/11/2,2.111,2.106,2.126,2.106,-0.05%
2015/10/31,2.112,2.112,2.112,2.112,0.24%
2015/10/30,2.107,2.119,2.13,2.098,2.58%
2015/10/29,2.054,2.062,2.065,2.037,0.64%
2015/10/28,2.041,2.05,2.057,2.002,-0.92%
2015/10/27,2.06,2.083,2.084,2.058,-1.72%
2015/10/26,2.096,2.12,2.124,2.094,-0.29%
2015/10/24,2.102,2.102,2.102,2.102,-0.28%
2015/10/23,2.108,2.145,2.145,2.105,-0.57%
2015/10/22,2.12,2.096,2.129,2.091,0.47%
2015/10/21,2.11,2.118,2.137,2.106,0.67%
2015/10/20,2.096,2.07,2.1,2.062,0.53%
2015/10/19,2.085,2.072,2.102,2.07,1.12%
2015/10/18,2.062,2.062,2.062,2.062,0.00%
2015/10/17,2.062,2.062,2.062,2.062,-0.15%
2015/10/16,2.065,2.074,2.085,2.063,-0.29%
2015/10/15,2.071,2.092,2.097,2.05,-2.95%
2015/10/14,2.134,2.118,2.141,2.104,-0.14%
2015/10/13,2.137,2.146,2.154,2.12,0.00%
2015/10/12,2.137,2.125,2.141,2.125,2.25%
2015/10/9,2.09,2.09,2.09,2.09,-0.33%
2015/10/8,2.097,2.078,2.11,2.078,0.58%
2015/10/7,2.085,2.051,2.091,2.051,1.21%
2015/10/6,2.06,2.067,2.07,2.042,0.73%
2015/10/5,2.045,2.05,2.075,2.04,-1.78%
2015/10/3,2.082,2.084,2.084,2.082,-0.10%
2015/10/2,2.084,2.091,2.111,2.084,-1.04%
2015/10/1,2.106,2.074,2.112,2.064,2.43%
2015/9/30,2.056,2.091,2.103,2.05,-3.56%
2015/9/27,2.132,2.132,2.132,2.132,0.00%
2015/9/26,2.132,2.132,2.132,2.132,0.09%
2015/9/25,2.13,2.17,2.173,2.13,-1.43%
2015/9/24,2.161,2.141,2.161,2.122,1.31%
2015/9/23,2.133,2.147,2.154,2.13,-1.11%
2015/9/22,2.157,2.169,2.175,2.157,-0.14%
2015/9/21,2.16,2.185,2.185,2.151,-1.46%
2015/9/20,2.192,2.192,2.192,2.192,0.09%
2015/9/18,2.19,2.22,2.22,2.188,-3.99%
2015/9/17,2.281,2.291,2.299,2.257,0.40%
2015/9/16,2.272,2.281,2.29,2.272,0.80%
2015/9/15,2.254,2.266,2.289,2.246,-0.66%
2015/9/14,2.269,2.237,2.269,2.236,1.52%
2015/9/12,2.235,2.235,2.235,2.235,-0.09%
2015/9/11,2.237,2.246,2.262,2.233,0.04%
2015/9/10,2.236,2.234,2.241,2.224,-0.58%
2015/9/9,2.249,2.241,2.258,2.233,0.49%
2015/9/8,2.238,2.231,2.25,2.217,0.63%
2015/9/7,2.224,2.244,2.244,2.217,-0.71%
2015/9/5,2.24,2.24,2.24,2.24,-0.13%
2015/9/4,2.243,2.281,2.291,2.243,-1.28%
2015/9/3,2.272,2.271,2.274,2.254,0.71%
2015/9/2,2.256,2.271,2.287,2.256,-2.63%
2015/9/1,2.317,2.31,2.321,2.303,1.18%
2015/8/31,2.29,2.29,2.3,2.277,0.22%
2015/8/29,2.285,2.285,2.285,2.285,-0.61%
2015/8/28,2.299,2.27,2.3,2.27,1.55%
2015/8/27,2.264,2.276,2.291,2.264,0.35%
2015/8/26,2.256,2.221,2.258,2.205,1.58%
2015/8/25,2.221,2.227,2.236,2.218,0.73%
2015/8/24,2.205,2.255,2.257,2.198,-2.09%
2015/8/23,2.252,2.252,2.252,2.252,0.00%
2015/8/22,2.252,2.252,2.252,2.252,-0.27%
2015/8/21,2.258,2.262,2.302,2.244,-1.01%
2015/8/20,2.281,2.28,2.291,2.275,-1.13%
2015/8/19,2.307,2.289,2.308,2.268,1.54%
2015/8/18,2.272,2.277,2.292,2.258,-0.57%
2015/8/17,2.285,2.313,2.323,2.283,-0.22%
2015/8/14,2.29,2.29,2.29,2.29,-0.22%
2015/8/13,2.295,2.28,2.312,2.271,1.28%
2015/8/12,2.266,2.309,2.319,2.26,-2.58%
2015/8/11,2.326,2.376,2.376,2.319,-1.44%
2015/8/10,2.36,2.396,2.399,2.358,-2.16%
2015/8/9,2.412,2.412,2.412,2.412,0.00%
2015/8/8,2.412,2.412,2.412,2.412,-0.33%
2015/8/7,2.42,2.401,2.434,2.401,0.17%
2015/8/6,2.416,2.441,2.449,2.404,-0.70%
2015/8/5,2.433,2.442,2.45,2.428,1.16%
2015/8/4,2.405,2.381,2.407,2.38,0.08%
2015/8/3,2.403,2.405,2.413,2.392,-0.91%
2015/8/2,2.425,2.425,2.425,2.425,0.00%
2015/8/1,2.425,2.425,2.425,2.425,0.00%
2015/7/31,2.425,2.37,2.425,2.37,1.46%
2015/7/30,2.39,2.367,2.392,2.367,0.89%
2015/7/29,2.369,2.38,2.392,2.367,-0.96%
2015/7/28,2.392,2.342,2.397,2.341,2.05%
2015/7/27,2.344,2.333,2.358,2.325,0.39%
2015/7/25,2.335,2.335,2.335,2.335,0.21%
2015/7/24,2.33,2.351,2.361,2.315,-1.35%
2015/7/23,2.362,2.414,2.42,2.36,-2.92%
2015/7/22,2.433,2.443,2.459,2.432,-0.94%
2015/7/21,2.456,2.47,2.476,2.448,-0.49%
2015/7/20,2.468,2.475,2.49,2.468,0.04%
2015/7/19,2.467,2.467,2.467,2.467,0.00%
2015/7/18,2.467,2.467,2.467,2.467,-0.16%
2015/7/17,2.471,2.488,2.488,2.47,-0.32%
2015/7/16,2.479,2.498,2.499,2.472,-0.72%
2015/7/15,2.497,2.487,2.518,2.487,-0.32%
2015/7/14,2.505,2.524,2.525,2.505,-0.24%
2015/7/13,2.511,2.517,2.54,2.515,0.36%
2015/7/11,2.502,2.502,2.502,2.502,0.00%
2015/7/10,2.502,2.52,2.523,2.498,0.77%
2015/7/9,2.483,2.447,2.487,2.438,0.16%
2015/7/8,2.479,2.493,2.493,2.46,-0.60%
2015/7/7,2.494,2.47,2.495,2.458,1.18%
2015/7/6,2.465,2.469,2.494,2.455,-2.18%
2015/7/5,2.52,2.52,2.52,2.52,0.00%
2015/7/4,2.52,2.52,2.52,2.52,-0.20%
2015/7/3,2.525,2.51,2.525,2.496,-0.16%
2015/7/2,2.529,2.508,2.531,2.501,2.47%
2015/7/1,2.468,2.474,2.489,2.448,1.06%
2015/6/30,2.442,2.437,2.465,2.437,-0.53%
2015/6/29,2.455,2.41,2.459,2.41,-1.60%
2015/6/27,2.495,2.495,2.495,2.495,0.52%
2015/6/26,2.482,2.485,2.505,2.466,0.45%
2015/6/25,2.471,2.477,2.502,2.463,-0.48%
2015/6/24,2.483,2.48,2.502,2.461,0.08%
2015/6/23,2.481,2.55,2.55,2.476,-0.76%
2015/6/22,2.5,2.44,2.545,2.435,2.25%
2015/6/21,2.445,2.445,2.445,2.445,0.00%
2015/6/20,2.445,2.445,2.445,2.445,0.29%
2015/6/19,2.438,2.473,2.473,2.436,-3.18%
2015/6/18,2.518,2.546,2.547,2.501,-1.60%
2015/6/17,2.559,2.504,2.559,2.496,1.87%
2015/6/16,2.512,2.52,2.537,2.507,0.52%
2015/6/15,2.499,2.442,2.513,2.426,1.75%
2015/6/13,2.456,2.456,2.456,2.456,-0.89%
2015/6/12,2.478,2.498,2.498,2.457,-1.63%
2015/6/11,2.519,2.463,2.559,2.463,1.45%
2015/6/10,2.483,2.451,2.489,2.444,1.68%
2015/6/9,2.442,2.459,2.459,2.437,-1.89%
2015/6/8,2.489,2.502,2.511,2.473,0.93%
2015/6/7,2.466,2.466,2.466,2.466,0.00%
2015/6/6,2.466,2.466,2.466,2.466,-0.36%
2015/6/5,2.475,2.442,2.481,2.434,-0.12%
2015/6/4,2.478,2.505,2.511,2.449,2.40%
2015/6/3,2.42,2.382,2.423,2.38,4.22%
2015/6/2,2.322,2.331,2.332,2.288,-0.85%
2015/6/1,2.342,2.314,2.35,2.287,1.61%
2015/5/31,2.305,2.305,2.305,2.305,0.00%
2015/5/30,2.305,2.313,2.313,2.305,-0.35%
2015/5/29,2.313,2.378,2.387,2.312,-4.06%
2015/5/28,2.411,2.453,2.454,2.407,-1.27%
2015/5/27,2.442,2.459,2.47,2.438,-1.69%
2015/5/26,2.484,2.5,2.5,2.448,0.28%
2015/5/23,2.477,2.477,2.477,2.477,-0.52%
2015/5/22,2.49,2.486,2.501,2.479,-0.52%
2015/5/21,2.503,2.486,2.51,2.454,0.72%
2015/5/20,2.485,2.551,2.551,2.476,-2.78%
2015/5/19,2.556,2.563,2.57,2.53,1.71%
2015/5/18,2.513,2.483,2.528,2.479,0.24%
2015/5/17,2.507,2.507,2.507,2.507,0.00%
2015/5/16,2.507,2.507,2.507,2.507,-1.38%
2015/5/15,2.542,2.47,2.561,2.462,1.60%
2015/5/14,2.502,2.544,2.592,2.484,-1.69%
2015/5/13,2.545,2.566,2.578,2.535,-1.85%
2015/5/12,2.593,2.55,2.595,2.518,5.54%
2015/5/11,2.457,2.388,2.457,2.375,2.42%
2015/5/9,2.399,2.399,2.399,2.399,-1.48%
2015/5/8,2.435,2.504,2.504,2.435,-4.70%
2015/5/7,2.555,2.573,2.573,2.519,0.75%
2015/5/6,2.536,2.532,2.574,2.5,1.64%
2015/5/5,2.495,2.495,2.495,2.495,0.60%
2015/5/4,2.48,2.459,2.501,2.459,2.31%
2015/5/1,2.424,2.424,2.424,2.424,0.96%
2015/4/30,2.401,2.4,2.419,2.348,0.21%
2015/4/29,2.396,2.411,2.427,2.38,1.14%
2015/4/28,2.369,2.307,2.37,2.307,3.27%
2015/4/27,2.294,2.299,2.312,2.267,-0.04%
2015/4/26,2.295,2.295,2.295,2.295,0.00%
2015/4/25,2.295,2.295,2.295,2.295,0.70%
2015/4/24,2.279,2.275,2.329,2.265,0.57%
2015/4/23,2.266,2.22,2.268,2.219,4.23%
2015/4/22,2.174,2.165,2.178,2.152,0.05%
2015/4/21,2.173,2.157,2.177,2.157,1.54%
2015/4/20,2.14,2.12,2.146,2.113,1.18%
2015/4/19,2.115,2.115,2.115,2.115,0.00%
2015/4/18,2.115,2.115,2.115,2.115,0.48%
2015/4/17,2.105,2.145,2.145,2.105,-2.68%
2015/4/16,2.163,2.119,2.164,2.119,1.93%
2015/4/15,2.122,2.12,2.128,2.1,-0.09%
2015/4/14,2.124,2.111,2.146,2.107,1.14%
2015/4/13,2.1,2.085,2.105,2.085,1.20%
2015/4/12,2.075,2.075,2.075,2.075,0.00%
2015/4/11,2.075,2.075,2.075,2.075,0.44%
2015/4/10,2.066,2.065,2.084,2.052,-0.77%
2015/4/9,2.082,2.121,2.134,2.076,-1.33%
2015/4/8,2.11,2.112,2.129,2.11,0.19%
2015/4/7,2.106,2.067,2.106,2.056,1.59%
2015/4/6,2.073,2.058,2.075,2.047,-0.58%
2015/4/5,2.085,2.085,2.085,2.085,-0.33%
2015/4/3,2.092,2.12,2.122,2.09,-1.65%
2015/4/2,2.127,2.123,2.139,2.123,-1.02%
2015/4/1,2.149,2.162,2.172,2.143,-0.65%
2015/3/31,2.163,2.163,2.18,2.151,-0.28%
2015/3/30,2.169,2.17,2.183,2.163,-0.28%
2015/3/28,2.175,2.175,2.175,2.175,-0.73%
2015/3/27,2.191,2.205,2.211,2.185,0.50%
2015/3/26,2.18,2.171,2.192,2.157,-0.14%
2015/3/25,2.183,2.19,2.193,2.172,-0.55%
2015/3/24,2.195,2.198,2.22,2.195,0.23%
2015/3/23,2.19,2.316,2.316,2.174,-0.77%
2015/3/21,2.207,2.207,2.207,2.207,0.00%
2015/3/20,2.207,2.217,2.217,2.191,-0.59%
2015/3/19,2.22,2.205,2.224,2.191,-2.93%
2015/3/18,2.287,2.307,2.311,2.276,-1.42%
2015/3/17,2.32,2.3,2.325,2.289,0.13%
2015/3/16,2.317,2.347,2.358,2.317,-1.70%
2015/3/14,2.357,2.357,2.357,2.357,0.08%
2015/3/13,2.355,2.365,2.365,2.328,0.86%
2015/3/12,2.335,2.272,2.339,2.22,0.82%
2015/3/11,2.316,2.332,2.332,2.308,-2.89%
2015/3/10,2.385,2.353,2.391,2.353,0.63%
2015/3/9,2.37,2.394,2.397,2.368,1.63%
2015/3/7,2.332,2.332,2.332,2.332,0.43%
2015/3/6,2.322,2.336,2.341,2.312,-1.36%
2015/3/5,2.354,2.358,2.362,2.35,-0.38%
2015/3/4,2.363,2.344,2.369,2.337,0.51%
2015/3/3,2.351,2.347,2.379,2.339,0.94%
2015/3/2,2.329,2.31,2.332,2.291,-1.10%
2015/2/28,2.355,2.355,2.355,2.355,0.30%
2015/2/27,2.348,2.383,2.386,2.346,-0.80%
2015/2/26,2.367,2.369,2.384,2.362,-0.50%
2015/2/25,2.379,2.384,2.384,2.369,-2.10%
2015/2/24,2.43,2.41,2.441,2.403,0.29%
2015/2/23,2.423,2.409,2.438,2.403,1.81%
2015/2/19,2.38,2.38,2.38,2.38,0.00%
2015/2/18,2.38,2.38,2.38,2.38,-0.17%
2015/2/17,2.384,2.464,2.471,2.383,-3.56%
2015/2/16,2.472,2.439,2.484,2.428,3.13%
2015/2/15,2.397,2.397,2.397,2.397,-0.13%
2015/2/13,2.4,2.401,2.413,2.395,-0.41%
2015/2/12,2.41,2.369,2.41,2.365,2.60%
2015/2/11,2.349,2.365,2.365,2.34,-0.72%
2015/2/10,2.366,2.348,2.38,2.342,3.18%
2015/2/9,2.293,2.33,2.33,2.293,1.15%
2015/2/7,2.267,2.267,2.267,2.267,-0.40%
2015/2/6,2.276,2.28,2.301,2.27,-0.09%
2015/2/5,2.278,2.21,2.281,2.21,0.80%
2015/2/4,2.26,2.269,2.277,2.245,2.12%
2015/2/3,2.213,2.235,2.235,2.205,-1.34%
2015/2/2,2.243,2.205,2.249,2.205,0.13%
2015/2/1,2.24,2.24,2.24,2.24,0.00%
2015/1/30,2.24,2.249,2.249,2.21,0.72%
2015/1/29,2.224,2.218,2.252,2.213,-1.64%
2015/1/28,2.261,2.3,2.3,2.261,-1.70%
2015/1/27,2.3,2.321,2.324,2.297,0.09%
2015/1/26,2.298,2.294,2.31,2.263,-1.46%
2015/1/24,2.332,2.332,2.332,2.332,0.21%
2015/1/23,2.327,2.361,2.374,2.327,-3.32%
2015/1/22,2.407,2.405,2.421,2.396,1.60%
2015/1/21,2.369,2.352,2.378,2.337,0.38%
2015/1/20,2.36,2.37,2.403,2.36,-1.05%
2015/1/19,2.385,2.402,2.408,2.371,1.71%
2015/1/17,2.345,2.345,2.345,2.345,0.47%
2015/1/16,2.334,2.379,2.386,2.31,-4.62%
2015/1/15,2.447,2.388,2.454,2.363,3.38%
2015/1/14,2.367,2.44,2.447,2.365,-2.51%
2015/1/13,2.428,2.429,2.451,2.417,-0.78%
2015/1/12,2.447,2.511,2.52,2.446,-3.55%
2015/1/10,2.537,2.537,2.537,2.537,-0.08%
2015/1/9,2.539,2.564,2.573,2.53,-0.78%
2015/1/8,2.559,2.561,2.59,2.554,-0.12%
2015/1/7,2.562,2.542,2.562,2.531,0.39%
2015/1/6,2.552,2.595,2.595,2.545,-2.93%
2015/1/5,2.629,2.639,2.653,2.624,-0.98%
2015/1/3,2.655,2.655,2.655,2.655,-0.26%
2015/1/2,2.662,2.622,2.664,2.619,2.19%
2014/12/31,2.605,2.605,2.605,2.605,0.27%
2014/12/30,2.598,2.611,2.616,2.598,-0.46%
2014/12/29,2.61,2.658,2.658,2.61,-1.51%
2014/12/28,2.65,2.65,2.65,2.65,0.00%
2014/12/27,2.65,2.65,2.65,2.65,0.19%
2014/12/26,2.645,2.653,2.661,2.639,-0.15%
2014/12/25,2.649,2.649,2.649,2.649,-0.75%
2014/12/24,2.669,2.706,2.706,2.668,-0.63%
2014/12/23,2.686,2.642,2.686,2.622,0.49%
2014/12/22,2.673,2.7,2.724,2.671,-1.62%
2014/12/20,2.717,2.717,2.717,2.717,-0.51%
2014/12/19,2.731,2.752,2.76,2.725,0.37%
2014/12/18,2.721,2.736,2.736,2.691,1.38%
2014/12/17,2.684,2.626,2.699,2.626,0.52%
2014/12/16,2.67,2.69,2.696,2.662,-0.93%
2014/12/15,2.695,2.671,2.701,2.657,-0.04%
2014/12/14,2.696,2.696,2.696,2.696,0.00%
2014/12/13,2.696,2.696,2.696,2.696,0.04%
2014/12/12,2.695,2.71,2.71,2.678,-0.37%
2014/12/11,2.705,2.744,2.756,2.697,-1.96%
2014/12/10,2.759,2.707,2.78,2.7,0.25%
2014/12/9,2.752,2.781,2.787,2.744,-1.29%
2014/12/8,2.788,2.762,2.791,2.755,2.35%
2014/12/6,2.724,2.724,2.724,2.724,-0.15%
2014/12/5,2.728,2.742,2.759,2.71,0.26%
2014/12/4,2.721,2.696,2.789,2.692,1.53%
2014/12/3,2.68,2.61,2.68,2.608,3.00%
2014/12/2,2.602,2.603,2.603,2.592,0.08%
2014/12/1,2.6,2.57,2.6,2.56,0.39%
2014/11/30,2.59,2.59,2.59,2.59,0.00%
2014/11/29,2.59,2.59,2.59,2.59,0.12%
2014/11/28,2.587,2.619,2.621,2.587,-1.90%
2014/11/27,2.637,2.645,2.645,2.632,0.23%
2014/11/26,2.631,2.63,2.64,2.622,-0.68%
2014/11/25,2.649,2.68,2.68,2.642,-1.27%
2014/11/24,2.683,2.705,2.72,2.673,-1.72%
2014/11/22,2.73,2.73,2.73,2.73,0.22%
2014/11/21,2.724,2.723,2.726,2.699,0.41%
2014/11/20,2.713,2.74,2.74,2.708,-0.95%
2014/11/19,2.739,2.744,2.76,2.733,-0.25%
2014/11/18,2.746,2.764,2.767,2.744,-0.65%
2014/11/17,2.764,2.767,2.801,2.764,-0.40%
2014/11/16,2.775,2.775,2.775,2.775,0.00%
2014/11/15,2.775,2.775,2.775,2.775,0.04%
2014/11/14,2.774,2.77,2.785,2.763,-0.07%
2014/11/13,2.776,2.754,2.797,2.739,0.76%
2014/11/12,2.755,2.737,2.759,2.733,1.32%
2014/11/11,2.719,2.71,2.719,2.702,1.23%
2014/11/10,2.686,2.652,2.69,2.65,0.41%
2014/11/9,2.675,2.675,2.675,2.675,0.38%
2014/11/7,2.665,2.657,2.668,2.654,0.57%
2014/11/6,2.65,2.637,2.654,2.623,0.53%
2014/11/5,2.636,2.621,2.64,2.613,0.27%
2014/11/4,2.629,2.651,2.656,2.611,-1.05%
2014/11/3,2.657,2.66,2.676,2.647,0.08%
2014/11/1,2.655,2.655,2.655,2.655,0.45%
2014/10/31,2.643,2.68,2.695,2.625,-1.60%
2014/10/30,2.686,2.704,2.711,2.679,-0.78%
2014/10/29,2.707,2.735,2.735,2.704,-0.55%
2014/10/28,2.722,2.712,2.734,2.71,0.04%
2014/10/27,2.721,2.72,2.722,2.706,0.78%
2014/10/25,2.7,2.7,2.7,2.7,0.07%
2014/10/24,2.698,2.735,2.744,2.694,-0.99%
2014/10/23,2.725,2.745,2.745,2.724,-1.23%
2014/10/22,2.759,2.764,2.775,2.753,0.04%
2014/10/21,2.758,2.777,2.792,2.752,-0.76%
2014/10/20,2.779,2.772,2.788,2.763,1.79%
2014/10/18,2.73,2.73,2.73,2.73,-0.22%
2014/10/17,2.736,2.768,2.768,2.736,-1.01%
2014/10/16,2.764,2.79,2.79,2.741,-2.06%
2014/10/15,2.822,2.799,2.822,2.764,-0.39%
2014/10/14,2.833,2.823,2.842,2.805,0.32%
2014/10/13,2.824,2.929,2.929,2.803,0.14%
2014/10/11,2.82,2.82,2.82,2.82,0.11%
2014/10/10,2.817,2.836,2.838,2.809,-1.19%
2014/10/8,2.851,2.843,2.858,2.836,0.04%
2014/10/7,2.85,2.831,2.863,2.823,0.04%
2014/10/6,2.849,2.845,2.86,2.832,0.35%
2014/10/2,2.839,2.766,2.844,2.746,1.07%
2014/10/1,2.809,2.838,2.839,2.809,-1.78%
2014/9/30,2.86,2.89,2.9,2.856,-1.92%
2014/9/29,2.916,2.926,2.94,2.91,-0.88%
2014/9/27,2.942,2.942,2.942,2.942,0.00%
2014/9/26,2.942,2.93,2.942,2.919,-0.71%
2014/9/25,2.963,2.969,2.975,2.959,-0.44%
2014/9/24,2.976,2.959,2.976,2.953,-0.23%
2014/9/23,2.983,2.985,2.985,2.957,-0.27%
2014/9/22,2.991,3.003,3.011,2.986,-1.12%
2014/9/19,3.025,3.007,3.034,3.007,0.13%
2014/9/18,3.021,3.043,3.049,3.01,-0.59%
2014/9/17,3.039,3.045,3.06,3.036,0.16%
2014/9/16,3.034,3.058,3.058,3.012,-0.49%
2014/9/15,3.049,3.03,3.059,3.022,1.06%
2014/9/13,3.017,3.017,3.017,3.017,0.00%
2014/9/12,3.017,3.088,3.088,3.017,-2.17%
2014/9/11,3.084,3.103,3.106,3.08,0.29%
2014/9/5,3.075,3.115,3.123,3.055,-0.84%
2014/9/4,3.101,3.103,3.127,3.101,-0.06%
2014/9/3,3.103,3.11,3.11,3.091,1.44%
2014/9/2,3.059,3.031,3.06,3.031,0.72%
2014/9/1,3.037,2.99,3.042,2.99,0.03%
2014/8/31,3.036,3.036,3.036,3.036,0.00%
2014/8/29,3.036,3.036,3.042,3.028,-0.43%
2014/8/28,3.049,3.024,3.057,3.024,0.36%
2014/8/27,3.038,3.067,3.067,3.037,-1.04%
2014/8/26,3.07,3.093,3.093,3.057,-1.29%
2014/8/25,3.11,3.14,3.144,3.108,-1.21%
2014/8/22,3.148,3.15,3.157,3.142,0.13%
2014/8/21,3.144,3.149,3.158,3.138,0.03%
2014/8/20,3.143,3.141,3.16,3.127,-0.19%
2014/8/19,3.149,3.12,3.15,3.114,1.61%
2014/8/18,3.099,3.045,3.1,3.045,1.11%
2014/8/17,3.065,3.065,3.065,3.065,0.00%
2014/8/14,3.065,3.054,3.13,3.042,-0.16%
2014/8/13,3.07,3.063,3.073,3.031,0.26%
2014/8/12,3.062,3.049,3.075,3.042,0.76%
2014/8/11,3.039,3.05,3.057,3.039,-0.03%
2014/8/10,3.04,3.04,3.04,3.04,0.00%
2014/8/8,3.04,3.069,3.069,3.018,-1.43%
2014/8/7,3.084,3.087,3.087,3.066,-0.61%
2014/8/6,3.103,3.067,3.104,3.067,1.17%
2014/8/5,3.067,3.095,3.097,3.067,-1.10%
2014/8/4,3.101,3.084,3.106,3.075,0.06%
2014/8/2,3.099,3.099,3.099,3.099,0.00%
2014/8/1,3.099,3.049,3.102,3.045,1.51%
2014/7/31,3.053,3.062,3.073,3.052,0.66%
2014/7/30,3.033,3.011,3.051,3.011,-0.13%
2014/7/29,3.037,3.014,3.037,3.012,0.93%
2014/7/28,3.009,2.999,3.013,2.987,0.03%
2014/7/27,3.008,3.008,3.008,3.008,0.00%
2014/7/25,3.008,3.016,3.035,3.006,-0.07%
2014/7/24,3.01,2.956,3.014,2.948,1.28%
2014/7/23,2.972,2.988,2.993,2.966,-0.77%
2014/7/22,2.995,2.994,3.001,2.979,-0.13%
2014/7/21,2.999,2.982,3.004,2.98,0.91%
2014/7/20,2.972,2.972,2.972,2.972,0.00%
2014/7/18,2.972,2.95,2.977,2.948,0.95%
2014/7/17,2.944,3.032,3.042,2.944,-2.93%
2014/7/16,3.033,3.04,3.043,3.029,-1.27%
2014/7/15,3.072,3.074,3.074,3.047,0.00%
2014/7/14,3.072,3.06,3.078,3.05,0.20%
2014/7/13,3.066,3.066,3.066,3.066,0.00%
2014/7/12,3.066,3.066,3.066,3.066,0.00%
2014/7/11,3.066,3.065,3.071,3.038,-0.49%
2014/7/10,3.081,3.142,3.172,3.073,-2.47%
2014/7/9,3.159,3.149,3.175,3.143,0.19%
2014/7/8,3.153,3.119,3.16,3.114,0.73%
2014/7/7,3.13,3.12,3.139,3.11,0.35%
2014/7/4,3.119,3.087,3.125,3.086,0.58%
2014/7/3,3.101,3.097,3.114,3.09,-0.19%
2014/7/2,3.107,3.167,3.167,3.074,-1.96%
2014/7/1,3.169,3.171,3.171,3.153,0.16%
2014/6/30,3.164,3.179,3.187,3.163,-0.50%
2014/6/27,3.18,3.175,3.195,3.171,-0.97%
2014/6/26,3.211,3.209,3.237,3.205,-0.19%
2014/6/25,3.217,3.192,3.224,3.181,0.16%
2014/6/24,3.212,3.24,3.24,3.212,-0.65%
2014/6/23,3.233,3.222,3.236,3.197,0.40%
2014/6/20,3.22,3.26,3.263,3.22,-1.01%
2014/6/19,3.253,3.271,3.28,3.242,-1.57%
2014/6/18,3.305,3.313,3.313,3.292,0.03%
2014/6/17,3.304,3.312,3.316,3.288,-0.42%
2014/6/16,3.318,3.315,3.324,3.306,0.33%
2014/6/15,3.307,3.307,3.307,3.307,0.00%
2014/6/13,3.307,3.319,3.326,3.299,-0.18%
2014/6/12,3.313,3.348,3.362,3.313,-1.37%
2014/6/11,3.359,3.353,3.367,3.342,0.36%
2014/6/10,3.347,3.375,3.378,3.347,-1.06%
2014/6/9,3.383,3.38,3.388,3.368,-0.21%
2014/6/5,3.39,3.406,3.409,3.39,0.44%
2014/6/3,3.375,3.381,3.381,3.372,0.36%
2014/6/2,3.363,3.35,3.363,3.35,0.69%
2014/5/30,3.34,3.333,3.345,3.328,0.45%
2014/5/29,3.325,3.311,3.332,3.311,-1.10%
2014/5/28,3.362,3.35,3.369,3.332,-0.18%
2014/5/27,3.368,3.371,3.373,3.355,-0.15%
2014/5/26,3.373,3.38,3.392,3.371,-0.41%
2014/5/25,3.387,3.387,3.387,3.387,0.00%
2014/5/23,3.387,3.401,3.401,3.387,-0.59%
2014/5/22,3.407,3.38,3.407,3.377,0.95%
2014/5/21,3.375,3.37,3.375,3.362,-0.41%
2014/5/20,3.389,3.387,3.391,3.379,0.18%
2014/5/19,3.383,3.391,3.399,3.374,-0.24%
2014/5/16,3.391,3.354,3.392,3.354,0.47%
2014/5/15,3.375,3.41,3.411,3.362,-2.03%
2014/5/14,3.445,3.43,3.449,3.43,-0.29%
2014/5/13,3.455,3.446,3.455,3.434,0.47%
2014/5/12,3.439,3.429,3.448,3.429,0.26%
2014/5/9,3.43,3.456,3.456,3.43,-0.98%
2014/5/8,3.464,3.466,3.466,3.44,-0.14%
2014/5/7,3.469,3.505,3.505,3.469,-1.08%
2014/5/2,3.507,3.512,3.513,3.506,-0.60%
2014/4/30,3.528,3.523,3.528,3.519,0.11%
2014/4/29,3.524,3.533,3.533,3.52,-0.09%
2014/4/28,3.527,3.532,3.539,3.525,-0.06%
2014/4/27,3.529,3.529,3.529,3.529,0.00%
2014/4/25,3.529,3.543,3.543,3.529,-0.56%
2014/4/24,3.549,3.555,3.557,3.548,0.08%
2014/4/23,3.546,3.552,3.56,3.54,-0.39%
2014/4/22,3.56,3.563,3.566,3.559,-0.06%
2014/4/21,3.562,3.543,3.564,3.542,0.48%
2014/4/18,3.545,3.541,3.553,3.533,0.77%
2014/4/17,3.518,3.544,3.545,3.518,-0.82%
2014/4/16,3.547,3.533,3.553,3.532,0.23%
2014/4/15,3.539,3.55,3.55,3.537,0.03%
2014/4/14,3.538,3.534,3.545,3.533,0.26%
2014/4/11,3.529,3.519,3.534,3.516,-0.20%
2014/4/10,3.536,3.514,3.555,3.504,0.51%
2014/4/9,3.518,3.527,3.538,3.508,-0.65%
2014/4/8,3.541,3.53,3.544,3.519,0.45%
2014/4/7,3.525,3.53,3.541,3.523,-1.01%
2014/4/4,3.561,3.571,3.571,3.556,0.03%
2014/4/3,3.56,3.593,3.595,3.56,-0.03%
2014/4/2,3.561,3.551,3.566,3.547,0.54%
2014/4/1,3.542,3.521,3.543,3.511,0.68%
2014/3/31,3.518,3.528,3.529,3.516,0.11%
2014/3/28,3.514,3.524,3.529,3.51,-0.40%
2014/3/27,3.528,3.527,3.531,3.52,-0.54%
2014/3/26,3.547,3.552,3.557,3.545,0.11%
2014/3/25,3.543,3.554,3.561,3.541,-0.51%
2014/3/24,3.561,3.56,3.569,3.551,-0.14%
2014/3/21,3.566,3.54,3.567,3.536,0.76%
2014/3/20,3.539,3.568,3.571,3.535,0.43%
2014/3/19,3.524,3.541,3.553,3.515,-0.31%
2014/3/18,3.535,3.543,3.561,3.535,0.57%
2014/3/17,3.515,3.48,3.515,3.467,1.15%
2014/3/14,3.475,3.495,3.502,3.472,-1.56%
2014/3/13,3.53,3.535,3.542,3.52,-0.28%
2014/3/12,3.54,3.557,3.558,3.539,-0.67%
2014/3/11,3.564,3.569,3.572,3.556,-0.22%
2014/3/10,3.572,3.6,3.6,3.569,-0.42%
2014/3/9,3.587,3.587,3.587,3.587,0.00%
2014/3/7,3.587,3.587,3.587,3.568,0.42%
2014/3/6,3.572,3.56,3.583,3.549,0.08%
2014/3/5,3.569,3.598,3.608,3.566,-0.34%
2014/3/4,3.581,3.54,3.581,3.54,0.59%
2014/3/3,3.56,3.49,3.56,3.48,1.71%
2014/2/28,3.5,3.5,3.51,3.48,0.29%
2014/2/27,3.49,3.49,3.51,3.49,-0.57%
2014/2/26,3.51,3.48,3.51,3.48,0.29%
2014/2/25,3.5,3.51,3.51,3.49,-0.28%
2014/2/24,3.51,3.51,3.52,3.5,-0.28%
2014/2/21,3.52,3.52,3.53,3.51,1.15%
2014/2/20,3.48,3.51,3.51,3.48,-0.29%
2014/2/19,3.49,3.5,3.5,3.49,-0.85%
2014/2/18,3.52,3.5,3.53,3.49,0.86%
2014/2/17,3.49,3.49,3.5,3.48,0.29%
2014/2/14,3.48,3.49,3.51,3.46,-0.57%
2014/2/13,3.5,3.53,3.54,3.49,-1.13%
2014/2/12,3.54,3.55,3.55,3.53,0.57%
2014/2/11,3.52,3.54,3.55,3.51,-0.56%
2014/2/10,3.54,3.57,3.57,3.54,-0.56%
2014/2/7,3.56,3.56,3.57,3.54,0.28%
2014/2/6,3.55,3.57,3.57,3.55,0.28%
2014/2/5,3.54,3.54,3.55,3.52,0.00%
2014/2/4,3.54,3.58,3.58,3.54,-1.67%
2014/2/3,3.6,3.58,3.62,3.58,-0.55%
2014/1/29,3.62,3.62,3.63,3.61,0.56%
2014/1/28,3.6,3.6,3.62,3.59,0.00%
2014/1/27,3.6,3.56,3.61,3.55,0.28%
2014/1/24,3.59,3.62,3.62,3.58,-1.64%
2014/1/23,3.65,3.68,3.69,3.65,-0.82%
2014/1/22,3.68,3.65,3.68,3.65,0.55%
2014/1/21,3.66,3.64,3.66,3.64,0.27%
2014/1/20,3.65,3.65,3.65,3.63,0.27%
2014/1/17,3.64,3.64,3.64,3.62,-0.27%
2014/1/16,3.65,3.67,3.68,3.63,0.00%
2014/1/15,3.65,3.64,3.67,3.63,0.83%
2014/1/14,3.62,3.6,3.63,3.59,0.28%
2014/1/13,3.61,3.57,3.62,3.57,-0.82%
2014/1/10,3.64,3.66,3.67,3.62,-0.82%
2014/1/9,3.67,3.65,3.7,3.64,0.82%
2014/1/8,3.64,3.66,3.67,3.61,-0.27%
2014/1/7,3.65,3.64,3.68,3.64,-0.27%
2014/1/6,3.66,3.7,3.7,3.65,-0.81%
2014/1/3,3.69,3.67,3.72,3.66,0.54%
2014/1/2,3.67,3.6,3.67,3.6,2.80%
2013/12/30,3.57,3.54,3.57,3.53,0.85%
2013/12/27,3.54,3.59,3.6,3.53,-0.84%
2013/12/26,3.57,3.59,3.59,3.56,-0.28%
2013/12/25,3.58,3.58,3.58,3.58,0.00%
2013/12/24,3.58,3.58,3.59,3.56,0.00%
2013/12/23,3.58,3.6,3.61,3.58,-1.10%
2013/12/21,3.62,3.62,3.62,3.62,0.00%
2013/12/20,3.62,3.66,3.66,3.61,0.00%
2013/12/19,3.62,3.63,3.66,3.59,0.28%
2013/12/18,3.61,3.6,3.62,3.59,0.28%
2013/12/17,3.6,3.62,3.64,3.58,-1.10%
2013/12/16,3.64,3.67,3.67,3.61,-1.09%
2013/12/13,3.68,3.72,3.72,3.67,-0.81%
2013/12/12,3.71,3.72,3.73,3.7,0.27%
2013/12/11,3.7,3.68,3.71,3.68,0.27%
2013/12/10,3.69,3.68,3.69,3.66,0.00%
2013/12/9,3.69,3.71,3.72,3.68,-1.07%
2013/12/6,3.73,3.76,3.78,3.72,-0.80%
2013/12/5,3.76,3.74,3.77,3.72,1.08%
2013/12/4,3.72,3.73,3.74,3.69,0.27%
2013/12/3,3.71,3.74,3.75,3.71,-0.27%
2013/12/2,3.72,3.69,3.73,3.69,1.36%
2013/11/29,3.67,3.64,3.69,3.63,0.82%
2013/11/28,3.64,3.65,3.65,3.63,0.28%
2013/11/27,3.63,3.61,3.63,3.61,0.28%
2013/11/26,3.62,3.62,3.64,3.61,0.00%
2013/11/25,3.62,3.64,3.65,3.61,-0.82%
2013/11/22,3.65,3.66,3.7,3.65,-0.82%
2013/11/21,3.68,3.69,3.7,3.68,1.38%
2013/11/20,3.63,3.64,3.65,3.61,0.00%
2013/11/19,3.63,3.56,3.64,3.56,1.40%
2013/11/18,3.58,3.58,3.6,3.58,0.00%
2013/11/17,3.58,3.58,3.58,3.58,0.00%
2013/11/15,3.58,3.55,3.59,3.54,0.56%
2013/11/14,3.56,3.51,3.57,3.5,0.00%
2013/11/13,3.56,3.59,3.6,3.55,-0.84%
2013/11/12,3.59,3.58,3.61,3.58,0.28%
2013/11/11,3.58,3.6,3.61,3.57,2.58%
2013/11/8,3.49,3.48,3.49,3.47,-0.57%
2013/11/7,3.51,3.5,3.52,3.49,0.29%
2013/11/6,3.5,3.54,3.55,3.5,0.00%
2013/11/5,3.5,3.47,3.51,3.46,0.29%
2013/11/4,3.49,3.49,3.5,3.47,1.16%
2013/11/3,3.45,3.45,3.45,3.45,0.00%
2013/11/1,3.45,3.39,3.45,3.39,1.77%
2013/10/31,3.39,3.39,3.41,3.39,1.19%
2013/10/30,3.35,3.37,3.37,3.35,-1.18%
2013/10/29,3.39,3.41,3.42,3.38,-0.29%
2013/10/28,3.4,3.37,3.4,3.37,1.19%
2013/10/27,3.36,3.36,3.36,3.36,0.00%
2013/10/25,3.36,3.37,3.38,3.35,-0.59%
2013/10/24,3.38,3.35,3.38,3.32,1.20%
2013/10/23,3.34,3.38,3.38,3.33,-2.91%
2013/10/22,3.44,3.46,3.47,3.43,-0.29%
2013/10/21,3.45,3.45,3.46,3.44,0.29%
2013/10/18,3.44,3.45,3.46,3.43,-1.43%
2013/10/17,3.49,3.48,3.49,3.47,-0.85%
2013/10/16,3.52,3.55,3.58,3.52,-0.56%
2013/10/15,3.54,3.57,3.57,3.51,0.00%
2013/10/14,3.54,3.5,3.54,3.5,0.85%
2013/10/11,3.51,3.5,3.52,3.5,0.00%
2013/10/10,3.51,3.45,3.52,3.45,1.74%
2013/10/8,3.45,3.42,3.45,3.41,0.88%
2013/10/7,3.42,3.41,3.44,3.41,0.59%
2013/10/4,3.4,3.39,3.41,3.39,-0.29%
2013/10/2,3.41,3.45,3.46,3.41,-0.58%
2013/10/1,3.43,3.41,3.46,3.41,0.29%
2013/9/30,3.42,3.4,3.43,3.4,-0.58%
2013/9/29,3.44,3.44,3.44,3.44,0.00%
2013/9/27,3.44,3.43,3.47,3.42,-0.58%
2013/9/26,3.46,3.4,3.46,3.38,2.37%
2013/9/25,3.38,3.36,3.39,3.36,-0.59%
2013/9/24,3.4,3.41,3.41,3.37,0.00%
2013/9/23,3.4,3.38,3.41,3.37,-2.30%
2013/9/22,3.48,3.48,3.48,3.48,0.00%
2013/9/17,3.48,3.5,3.51,3.46,-0.57%
2013/9/16,3.5,3.48,3.51,3.48,-2.23%
2013/9/15,3.58,3.58,3.58,3.58,0.00%
2013/9/13,3.58,3.55,3.59,3.52,1.13%
2013/9/12,3.54,3.53,3.54,3.51,-0.84%
2013/9/11,3.57,3.62,3.62,3.57,-1.11%
2013/9/10,3.61,3.59,3.61,3.54,0.56%
2013/9/9,3.59,3.64,3.66,3.59,-2.97%
2013/9/8,3.7,3.7,3.7,3.7,0.00%
2013/9/7,3.7,3.7,3.7,3.7,0.00%
2013/9/6,3.7,3.75,3.75,3.7,0.00%
2013/9/5,3.7,3.67,3.71,3.64,1.65%
2013/9/4,3.64,3.63,3.68,3.61,1.11%
2013/9/3,3.6,3.61,3.62,3.56,1.12%
2013/9/2,3.56,3.54,3.57,3.53,0.85%
2013/9/1,3.53,3.53,3.53,3.53,0.00%
2013/8/30,3.53,3.56,3.56,3.53,-1.40%
2013/8/29,3.58,3.61,3.62,3.55,-0.28%
2013/8/28,3.59,3.6,3.6,3.56,-1.37%
2013/8/27,3.64,3.63,3.67,3.63,-0.55%
2013/8/26,3.66,3.66,3.67,3.64,-1.61%
2013/8/23,3.72,3.71,3.74,3.7,-0.27%
2013/8/22,3.73,3.655,3.75,3.64,1.63%
2013/8/21,3.67,3.65,3.67,3.6,0.82%
2013/8/20,3.64,3.74,3.75,3.63,-2.93%
2013/8/19,3.75,3.72,3.76,3.71,1.35%
2013/8/16,3.7,3.68,3.74,3.67,1.09%
2013/8/14,3.66,3.64,3.66,3.62,2.81%
2013/8/13,3.56,3.56,3.56,3.54,0.85%
2013/8/12,3.53,3.57,3.58,3.53,-1.40%
2013/8/11,3.58,3.58,3.58,3.58,0.00%
2013/8/10,3.58,3.58,3.58,3.58,0.00%
2013/8/9,3.58,3.58,3.59,3.57,0.00%
2013/8/8,3.58,3.57,3.59,3.57,-0.28%
2013/8/7,3.59,3.52,3.59,3.52,2.28%
2013/8/6,3.51,3.51,3.52,3.5,0.00%
2013/8/5,3.51,3.51,3.52,3.5,-1.96%
2013/8/2,3.58,3.59,3.59,3.57,2.58%
2013/8/1,3.49,3.46,3.49,3.45,-0.29%
2013/7/31,3.5,3.46,3.5,3.46,1.16%
2013/7/30,3.46,3.49,3.49,3.44,-0.29%
2013/7/29,3.47,3.51,3.51,3.46,-1.42%
2013/7/26,3.52,3.49,3.53,3.48,0.00%
2013/7/25,3.52,3.5,3.52,3.49,2.62%
2013/7/24,3.43,3.42,3.44,3.41,0.88%
2013/7/23,3.4,3.39,3.43,3.37,0.00%
2013/7/22,3.4,3.4,3.43,3.39,0.00%
2013/7/19,3.4,3.43,3.44,3.39,-0.58%
2013/7/18,3.42,3.41,3.43,3.39,-1.16%
2013/7/17,3.46,3.44,3.48,3.44,0.58%
2013/7/16,3.44,3.42,3.44,3.41,0.29%
2013/7/15,3.43,3.39,3.45,3.35,1.18%
2013/7/12,3.39,3.38,3.4,3.33,0.59%
2013/7/11,3.37,3.41,3.44,3.37,-3.99%
2013/7/10,3.51,3.57,3.6,3.45,-2.23%
2013/7/9,3.59,3.58,3.6,3.56,-0.55%
2013/7/8,3.61,3.7,3.72,3.61,2.85%
2013/7/5,3.51,3.46,3.53,3.46,1.45%
2013/7/4,3.46,3.48,3.49,3.46,-0.29%
2013/7/3,3.47,3.4,3.48,3.38,1.46%
2013/7/2,3.42,3.48,3.5,3.4,-2.56%
2013/7/1,3.51,3.39,3.51,3.39,2.93%
2013/6/28,3.41,3.38,3.41,3.35,-0.29%
2013/6/27,3.42,3.42,3.44,3.38,-2.56%
2013/6/26,3.51,3.63,3.63,3.48,-1.68%
2013/6/25,3.57,3.58,3.63,3.57,-3.25%
2013/6/24,3.69,3.54,3.69,3.54,4.83%
2013/6/23,3.52,3.52,3.52,3.52,0.00%
2013/6/21,3.52,3.46,3.55,3.46,3.83%
2013/6/20,3.39,3.36,3.45,3.35,5.28%
2013/6/19,3.22,3.21,3.22,3.17,0.31%
2013/6/18,3.21,3.29,3.31,3.19,-1.23%
2013/6/17,3.25,3.19,3.25,3.18,1.56%
2013/6/16,3.2,3.2,3.2,3.2,0.00%
2013/6/14,3.2,3.22,3.23,3.18,-2.14%
2013/6/13,3.27,3.34,3.35,3.26,-0.61%
2013/6/12,3.29,3.18,3.29,3.17,4.11%
2013/6/11,3.16,3.16,3.17,3.15,0.00%
2013/6/10,3.16,3.16,3.2,3.15,0.96%
2013/6/8,3.13,3.13,3.13,3.13,0.00%
2013/6/7,3.13,3.13,3.14,3.13,-0.95%
2013/6/5,3.16,3.16,3.17,3.14,1.61%
2013/6/4,3.11,3.1,3.12,3.09,-0.32%
2013/6/3,3.12,3.1,3.13,3.1,0.65%
2013/5/31,3.1,3.05,3.12,3.05,1.97%
2013/5/30,3.04,3.04,3.06,3.02,0.00%
2013/5/29,3.04,3.02,3.08,2.99,3.40%
2013/5/28,2.94,2.92,2.94,2.91,0.68%
2013/5/27,2.92,2.91,2.93,2.9,-0.68%
2013/5/25,2.94,2.94,2.94,2.94,0.00%
2013/5/24,2.94,2.96,2.97,2.9,0.34%
2013/5/23,2.93,2.98,3,2.93,-0.34%
2013/5/22,2.94,2.91,2.94,2.91,0.68%
2013/5/21,2.92,2.91,2.93,2.91,0.00%
2013/5/20,2.92,2.9,2.93,2.9,1.39%
2013/5/16,2.88,2.88,2.9,2.88,-0.35%
2013/5/15,2.89,2.89,2.91,2.88,0.70%
2013/5/14,2.87,2.86,2.88,2.86,-0.69%
2013/5/13,2.89,2.92,2.92,2.89,1.05%
2013/5/10,2.86,2.86,2.88,2.84,0.70%
2013/5/9,2.84,2.8,2.84,2.73,0.35%
2013/5/8,2.83,2.8,2.84,2.8,1.07%
2013/5/7,2.8,2.81,2.82,2.78,0.00%
2013/5/6,2.8,2.77,2.8,2.77,2.56%
2013/5/3,2.73,2.73,2.74,2.71,0.37%
2013/5/2,2.72,2.71,2.73,2.7,-2.16%
2013/4/30,2.78,2.76,2.78,2.75,-0.36%
2013/4/29,2.79,2.78,2.8,2.76,-0.36%
2013/4/26,2.8,2.82,2.82,2.78,-0.71%
2013/4/25,2.82,2.85,2.85,2.81,-1.05%
2013/4/24,2.85,2.84,2.87,2.84,0.00%
2013/4/23,2.85,2.87,2.87,2.84,-0.70%
2013/4/22,2.87,2.87,2.88,2.86,0.35%
2013/4/19,2.86,2.85,2.88,2.85,-0.35%
2013/4/18,2.87,2.88,2.88,2.86,-1.03%
2013/4/17,2.9,2.91,2.91,2.88,0.35%
2013/4/16,2.89,2.94,2.94,2.89,-2.69%
2013/4/15,2.97,2.96,2.98,2.95,0.00%
2013/4/12,2.97,2.95,2.98,2.86,2.06%
2013/4/11,2.91,2.85,2.91,2.83,4.30%
2013/4/10,2.79,2.79,2.8,2.78,0.00%
2013/4/9,2.79,2.77,2.79,2.77,1.09%
2013/4/8,2.76,2.73,2.77,2.72,0.36%
2013/4/5,2.75,2.77,2.77,2.75,-0.72%
2013/4/4,2.77,2.76,2.79,2.76,-0.36%
2013/4/3,2.78,2.8,2.8,2.77,-0.71%
2013/4/2,2.8,2.8,2.82,2.8,-0.36%
2013/4/1,2.81,2.81,2.82,2.77,0.36%
2013/3/29,2.8,2.76,2.8,2.75,1.08%
2013/3/28,2.77,2.83,2.83,2.77,-3.15%
2013/3/27,2.86,2.87,2.87,2.86,-0.35%
2013/3/26,2.87,2.87,2.88,2.87,0.00%
2013/3/25,2.87,2.88,2.88,2.86,0.00%
2013/3/22,2.87,2.87,2.88,2.87,-0.69%
2013/3/21,2.89,2.91,2.92,2.88,0.00%
2013/3/20,2.89,2.89,2.91,2.88,0.70%
2013/3/19,2.87,2.89,2.9,2.87,-1.03%
2013/3/18,2.9,2.91,2.91,2.89,-1.02%
2013/3/17,2.93,2.93,2.93,2.93,0.00%
2013/3/15,2.93,2.95,2.96,2.92,-1.35%
2013/3/14,2.97,2.96,2.97,2.93,0.68%
2013/3/13,2.95,2.96,2.96,2.94,0.00%
2013/3/12,2.95,2.99,2.99,2.94,-1.99%
2013/3/11,3.01,3.01,3.03,3,0.67%
2013/3/8,2.99,3,3.01,2.98,0.00%
2013/3/7,2.99,2.96,2.99,2.95,1.70%
2013/3/6,2.94,2.94,2.95,2.93,0.34%
2013/3/5,2.93,2.96,2.96,2.93,-0.34%
2013/3/4,2.94,2.94,2.95,2.94,0.00%
2013/2/28,2.94,2.93,2.96,2.93,0.34%
2013/2/27,2.93,2.97,2.97,2.93,-1.35%
2013/2/26,2.97,2.99,2.99,2.97,-1.33%
2013/2/25,3.01,3.02,3.02,3,-0.66%
2013/2/22,3.03,3.01,3.03,3,0.33%
2013/2/21,3.02,3.03,3.03,3,-0.66%
2013/2/20,3.04,3.02,3.05,3.02,0.33%
2013/2/19,3.03,3.05,3.05,3.03,-0.98%
2013/2/18,3.06,3.06,3.07,3.05,-0.33%
2013/2/17,3.07,3.07,3.07,3.07,0.00%
2013/2/15,3.07,3.08,3.08,3.07,-0.32%
2013/2/14,3.08,3.1,3.1,3.06,0.33%
2013/2/13,3.07,3.04,3.08,3.04,1.32%
2013/2/12,3.03,3.03,3.03,3.03,-0.98%
2013/2/9,3.06,3.06,3.06,3.06,0.00%
2013/2/8,3.06,3.05,3.06,3.05,0.33%
2013/2/7,3.05,3.05,3.05,3.04,-0.65%
2013/2/6,3.07,3.08,3.09,3.06,0.00%
2013/2/5,3.07,3.09,3.09,3.07,-1.29%
2013/2/4,3.11,3.14,3.15,3.11,-0.32%
2013/2/1,3.12,3.1,3.12,3.1,0.65%
2013/1/31,3.1,3.1,3.11,3.08,0.00%
2013/1/30,3.1,3.09,3.1,3.08,1.64%
2013/1/29,3.05,3.02,3.07,3.02,0.99%
2013/1/28,3.02,3.01,3.02,3,1.00%
2013/1/25,2.99,3,3.01,2.99,-0.33%
2013/1/24,3,3,3.01,2.99,-0.33%
2013/1/23,3.01,3.02,3.03,3,0.00%
2013/1/22,3.01,3.02,3.03,3,-0.33%
2013/1/21,3.02,3.01,3.02,3,0.00%
2013/1/18,3.02,3.02,3.03,3,1.00%
2013/1/17,2.99,3.02,3.02,2.96,-0.66%
2013/1/16,3.01,3.01,3.03,3.01,0.00%
2013/1/15,3.01,3.03,3.03,3.01,-0.99%
2013/1/14,3.04,3.04,3.04,3.02,0.00%
2013/1/13,3.04,3.04,3.04,3.04,0.00%
2013/1/11,3.04,3.07,3.09,3,1.00%
2013/1/10,3.01,3.04,3.04,3.01,-0.99%
2013/1/9,3.04,3.05,3.06,3.03,0.00%
2013/1/8,3.04,3.09,3.1,3.04,-2.25%
2013/1/7,3.11,3.13,3.14,3.1,-0.32%
2013/1/4,3.12,3.13,3.16,3.1,-0.32%
2013/1/3,3.13,3.2,3.2,3.1,-1.57%
2013/1/2,3.18,3.19,3.21,3.18,0.95%
2013/1/1,3.15,3.15,3.15,3.15,0.00%
2012/12/30,3.15,3.15,3.15,3.15,0.00%
2012/12/28,3.15,3.19,3.19,3.13,-1.87%
2012/12/27,3.21,3.23,3.23,3.2,-0.62%
2012/12/26,3.23,3.21,3.25,3.21,0.94%
2012/12/24,3.2,3.19,3.2,3.17,0.95%
2012/12/23,3.17,3.17,3.17,3.17,0.00%
2012/12/22,3.17,3.17,3.17,3.17,0.00%
2012/12/21,3.17,3.2,3.21,3.17,-0.94%
2012/12/20,3.2,3.19,3.2,3.17,0.31%
2012/12/18,3.19,3.17,3.19,3.17,1.27%
2012/12/17,3.15,3.14,3.15,3.14,0.32%
2012/12/14,3.14,3.13,3.14,3.12,0.00%
2012/12/13,3.14,3.11,3.14,3.11,1.29%
2012/12/12,3.1,3.1,3.12,3.09,0.32%
2012/12/11,3.09,3.09,3.1,3.09,0.32%
2012/12/10,3.08,3.08,3.1,3.07,0.98%
2012/12/7,3.05,3.08,3.09,3.05,-0.97%
2012/12/6,3.08,3.08,3.1,3.07,0.00%
2012/12/5,3.08,3.03,3.09,3.03,1.65%
2012/12/4,3.03,3.03,3.04,3.02,0.00%
2012/12/3,3.03,3.04,3.04,3.02,0.33%
2012/11/30,3.02,3.01,3.03,3.01,0.00%
2012/11/29,3.02,3.03,3.03,3.02,0.00%
2012/11/28,3.02,3.02,3.03,3.01,-0.66%
2012/11/27,3.04,3.03,3.05,3.03,0.66%
2012/11/26,3.02,3.03,3.03,3.02,-0.33%
2012/11/23,3.03,3.02,3.05,3.01,0.66%
2012/11/22,3.01,3,3.01,3,1.01%
2012/11/21,2.98,3,3,2.98,-0.33%
2012/11/20,2.99,2.99,2.99,2.98,0.34%
2012/11/19,2.98,2.97,2.98,2.97,0.68%
2012/11/16,2.96,2.96,2.97,2.96,0.00%
2012/11/15,2.96,2.95,2.96,2.95,-0.34%
2012/11/14,2.97,2.96,2.98,2.96,0.00%
2012/11/13,2.97,2.98,2.98,2.96,-0.67%
2012/11/12,2.99,2.97,2.99,2.97,0.67%
2012/11/9,2.97,2.94,2.98,2.93,0.34%
2012/11/8,2.96,2.96,2.97,2.95,-1.00%
2012/11/7,2.99,2.99,2.99,2.98,0.00%
2012/11/6,2.99,2.99,3,2.98,0.00%
2012/11/5,2.99,2.96,2.99,2.96,0.67%
2012/11/3,2.97,2.97,2.97,2.97,0.00%
2012/11/2,2.97,2.97,2.99,2.97,0.34%
2012/11/1,2.96,2.96,2.97,2.95,0.00%
2012/10/31,2.96,2.98,2.98,2.95,-0.34%
2012/10/30,2.97,2.98,3,2.97,-0.34%
2012/10/29,2.98,2.97,2.99,2.97,0.00%
2012/10/26,2.98,2.99,3,2.97,-0.67%
2012/10/25,3,3.01,3.02,2.99,-0.33%
2012/10/24,3.01,3,3.02,2.99,-0.66%
2012/10/23,3.03,3.03,3.06,3.02,-0.33%
2012/10/22,3.04,2.98,3.04,2.98,0.66%
2012/10/19,3.02,3.01,3.03,3.01,-0.33%
2012/10/18,3.03,3.01,3.03,3,1.68%
2012/10/17,2.98,2.98,2.98,2.97,1.02%
2012/10/16,2.95,2.94,2.95,2.93,0.34%
2012/10/15,2.94,2.94,2.95,2.93,0.00%
2012/10/12,2.94,2.92,2.95,2.92,0.68%
2012/10/11,2.92,2.88,2.93,2.87,0.34%
2012/10/10,2.91,2.95,2.95,2.9,-1.69%
2012/10/9,2.96,2.95,2.97,2.95,0.00%
2012/10/8,2.96,2.96,2.97,2.95,0.34%
2012/10/5,2.95,2.96,2.97,2.93,0.00%
2012/10/4,2.95,2.96,2.97,2.94,-0.67%
2012/10/2,2.97,3.01,3.01,2.96,-1.00%
2012/9/28,3,3.03,3.04,2.99,-1.64%
2012/9/27,3.05,3.01,3.05,3.01,0.66%
2012/9/26,3.03,3.04,3.04,3.03,0.00%
2012/9/25,3.03,3.03,3.06,3.03,-0.33%
2012/9/24,3.04,3.05,3.06,3.04,-0.65%
2012/9/23,3.06,3.06,3.06,3.06,0.00%
2012/9/22,3.06,3.06,3.06,3.06,0.00%
2012/9/21,3.06,3.05,3.06,3.04,-0.33%
2012/9/20,3.07,3.1,3.11,3.06,-1.60%
2012/9/19,3.12,3.09,3.12,3.09,0.97%
2012/9/18,3.09,3.13,3.13,3.08,-0.96%
2012/9/17,3.12,3.15,3.15,3.12,1.63%
2012/9/14,3.07,3.09,3.11,3.06,0.00%
2012/9/13,3.07,3.04,3.11,3.04,0.99%
2012/9/12,3.04,3.02,3.04,3.01,1.33%
2012/9/11,3,3.02,3.03,3,-0.99%
2012/9/10,3.03,3.01,3.05,3.01,-0.98%
2012/9/7,3.06,3.05,3.07,3.03,2.34%
2012/9/6,2.99,2.98,3,2.97,0.00%
2012/9/5,2.99,3,3.01,2.98,-0.66%
2012/9/4,3.01,2.99,3.01,2.98,0.33%
2012/9/3,3,2.99,3,2.97,-0.66%
2012/8/31,3.02,3.02,3.03,3.01,-0.66%
2012/8/30,3.04,3.03,3.04,3.01,0.33%
2012/8/29,3.03,3.05,3.06,3.03,-0.98%
2012/8/28,3.06,3.06,3.07,3.04,0.00%
2012/8/27,3.06,3.06,3.1,3.06,-0.65%
2012/8/24,3.08,3.1,3.11,3.08,-1.28%
2012/8/23,3.12,3.11,3.14,3.11,-1.58%
2012/8/22,3.17,3.15,3.18,3.13,0.32%
2012/8/21,3.16,3.21,3.21,3.15,-0.94%
2012/8/20,3.19,3.19,3.2,3.18,0.00%
2012/8/17,3.19,3.2,3.21,3.17,-1.54%
2012/8/16,3.24,3.17,3.24,3.16,4.52%
2012/8/14,3.1,3.06,3.11,3.06,1.31%
2012/8/13,3.06,3.04,3.07,3.04,0.66%
2012/8/10,3.04,3.06,3.07,3.03,-0.33%
2012/8/9,3.05,3.01,3.08,3,1.67%
2012/8/8,3,3.03,3.05,3,-0.99%
2012/8/7,3.03,3.03,3.04,3.02,0.33%
2012/8/6,3.02,3.09,3.09,3.02,-0.33%
2012/8/3,3.03,3.04,3.06,3.03,-2.26%
2012/8/2,3.1,3.13,3.13,3.1,-1.27%
2012/8/1,3.14,3.1,3.14,3.1,-0.32%
2012/7/31,3.15,3.11,3.16,3.09,0.32%
2012/7/30,3.14,3.19,3.2,3.11,0.64%
2012/7/27,3.12,3.07,3.12,3.07,3.65%
2012/7/26,3.01,3.03,3.04,3,0.33%
2012/7/25,3,3.03,3.03,3,-2.60%
2012/7/24,3.08,3.07,3.09,3.04,0.00%
2012/7/23,3.08,3.11,3.12,3.07,-3.14%
2012/7/20,3.18,3.17,3.2,3.16,0.32%
2012/7/19,3.17,3.15,3.18,3.1,0.63%
2012/7/18,3.15,3.19,3.19,3.15,-0.63%
2012/7/17,3.17,3.21,3.22,3.17,-2.16%
2012/7/16,3.24,3.26,3.27,3.23,-0.61%
2012/7/13,3.26,3.3,3.3,3.21,-0.91%
2012/7/12,3.29,3.48,3.5,3.29,-6.53%
2012/7/11,3.52,3.52,3.54,3.52,-0.28%
2012/7/10,3.53,3.53,3.55,3.5,0.28%
2012/7/9,3.52,3.52,3.53,3.51,-0.56%
2012/7/6,3.54,3.55,3.56,3.51,0.00%
2012/7/5,3.54,3.58,3.58,3.54,-0.84%
2012/7/4,3.57,3.58,3.6,3.56,-0.56%
2012/7/3,3.59,3.61,3.61,3.58,-0.55%
2012/7/2,3.61,3.59,3.65,3.59,-0.55%
2012/6/29,3.63,3.58,3.64,3.57,1.11%
2012/6/28,3.59,3.62,3.64,3.57,-0.55%
2012/6/27,3.61,3.64,3.66,3.61,-0.55%
2012/6/26,3.63,3.61,3.65,3.62,0.00%
2012/6/25,3.63,3.64,3.65,3.63,0.00%
2012/6/22,3.63,3.64,3.67,3.62,-0.82%
2012/6/21,3.66,3.66,3.69,3.65,-0.54%
2012/6/20,3.68,3.64,3.69,3.64,0.82%
2012/6/19,3.65,3.68,3.68,3.64,-0.27%
2012/6/18,3.66,3.64,3.69,3.59,0.83%
2012/6/15,3.63,3.64,3.66,3.48,-0.27%
2012/6/14,3.64,3.64,3.66,3.53,0.00%
2012/6/13,3.64,3.62,3.66,3.48,-0.55%
2012/6/12,3.66,3.66,3.7,3.6,0.00%
2012/6/11,3.66,3.57,3.67,3.56,2.52%
2012/6/8,3.57,3.68,3.68,3.56,-2.72%
2012/6/7,3.67,3.62,3.68,3.6,1.66%
2012/6/5,3.61,3.59,3.62,3.59,1.40%
2012/6/4,3.56,3.59,3.6,3.56,-2.20%
2012/6/1,3.64,3.66,3.67,3.64,-1.36%
2012/5/31,3.69,3.7,3.7,3.69,-1.07%
2012/5/30,3.73,3.74,3.74,3.73,-0.27%
2012/5/29,3.74,3.73,3.74,3.72,0.27%
2012/5/25,3.73,3.74,3.74,3.73,0.00%
2012/5/24,3.73,3.73,3.74,3.73,0.00%
2012/5/23,3.73,3.73,3.74,3.73,-0.27%
2012/5/22,3.74,3.75,3.75,3.74,0.00%
2012/5/21,3.74,3.73,3.74,3.73,0.54%
2012/5/18,3.72,3.73,3.74,3.71,-0.53%
2012/5/17,3.74,3.75,3.75,3.73,-0.27%
2012/5/16,3.75,3.73,3.76,3.72,0.54%
2012/5/15,3.73,3.72,3.73,3.71,-0.53%
2012/5/14,3.75,3.74,3.76,3.74,0.00%
2012/5/11,3.75,3.78,3.79,3.75,-1.06%
2012/5/10,3.79,3.77,3.8,3.76,0.53%
2012/5/9,3.77,3.76,3.77,3.75,-0.26%
2012/5/8,3.78,3.76,3.78,3.76,0.80%
2012/5/7,3.75,3.76,3.76,3.74,-1.06%
2012/5/4,3.79,3.8,3.81,3.79,-0.26%
2012/5/3,3.8,3.81,3.81,3.79,-0.52%
2012/5/2,3.82,3.81,3.82,3.8,0.26%
2012/4/30,3.81,3.83,3.83,3.81,-0.78%
2012/4/27,3.84,3.85,3.86,3.84,-0.78%
2012/4/26,3.87,3.88,3.88,3.87,-0.26%
2012/4/25,3.88,3.88,3.88,3.87,0.78%
2012/4/24,3.85,3.84,3.85,3.84,0.00%
2012/4/23,3.85,3.85,3.86,3.85,0.00%
2012/4/20,3.85,3.87,3.87,3.84,-0.52%
2012/4/19,3.87,3.87,3.88,3.87,0.00%
2012/4/18,3.87,3.88,3.88,3.87,0.26%
2012/4/17,3.86,3.88,3.88,3.86,-0.26%
2012/4/16,3.87,3.86,3.88,3.86,-1.02%
2012/4/13,3.91,3.91,3.92,3.9,0.00%
2012/4/12,3.91,3.91,3.92,3.9,0.00%
2012/4/10,3.91,3.91,3.93,3.9,0.26%
2012/4/9,3.9,3.91,3.92,3.89,-1.27%
2012/4/6,3.95,3.96,3.98,3.95,-0.50%
2012/4/5,3.97,3.95,3.97,3.94,0.00%
2012/4/4,3.97,3.99,3.99,3.97,0.51%
2012/4/3,3.95,3.99,4,3.94,-1.00%
2012/4/2,3.99,3.97,3.99,3.96,1.27%
2012/3/30,3.94,3.99,3.99,3.94,-1.25%
2012/3/29,3.99,4,4.02,3.99,-0.25%
2012/3/28,4,4.02,4.02,4,-0.74%
2012/3/27,4.03,4.03,4.04,4.01,0.00%
2012/3/26,4.03,4.05,4.05,4.01,-0.74%
2012/3/23,4.06,4.07,4.09,4.06,0.00%
2012/3/22,4.06,4.04,4.08,4.03,0.50%
2012/3/21,4.04,4.01,4.05,4.01,0.75%
2012/3/20,4.01,4.03,4.04,4,0.00%
2012/3/19,4.01,3.97,4.02,3.97,1.01%
2012/3/16,3.97,3.94,3.98,3.93,0.51%
2012/3/15,3.95,3.92,3.95,3.92,1.54%
2012/3/14,3.89,3.88,3.9,3.88,1.04%
2012/3/13,3.85,3.86,3.87,3.85,0.00%
2012/3/12,3.85,3.86,3.87,3.85,-0.77%
2012/3/9,3.88,3.87,3.88,3.85,0.52%
2012/3/8,3.86,3.9,3.9,3.86,-0.77%
2012/3/7,3.89,3.86,3.9,3.86,0.26%
2012/3/6,3.88,3.89,3.89,3.88,0.26%
2012/3/5,3.87,3.84,3.87,3.84,0.52%
2012/3/2,3.85,3.84,3.85,3.84,1.05%
2012/2/29,3.81,3.81,3.81,3.8,0.26%
2012/2/28,3.8,3.81,3.81,3.8,-0.52%
2012/2/27,3.82,3.82,3.82,3.81,-0.26%
2012/2/24,3.83,3.83,3.84,3.83,0.00%
2012/2/23,3.83,3.83,3.84,3.83,-0.52%
2012/2/22,3.85,3.84,3.85,3.83,0.00%
2012/2/21,3.85,3.85,3.85,3.82,0.00%
2012/2/20,3.85,3.84,3.86,3.84,0.52%
2012/2/17,3.83,3.83,3.84,3.83,0.52%
2012/2/16,3.81,3.82,3.82,3.81,-0.52%
2012/2/15,3.83,3.82,3.83,3.81,0.26%
2012/2/14,3.82,3.82,3.83,3.81,-0.26%
2012/2/13,3.83,3.82,3.84,3.81,0.26%
2012/2/10,3.82,3.82,3.83,3.81,0.26%
2012/2/9,3.81,3.82,3.83,3.79,-0.52%
2012/2/8,3.83,3.81,3.83,3.81,0.52%
2012/2/7,3.81,3.78,3.81,3.78,0.79%
2012/2/6,3.78,3.79,3.79,3.78,0.53%
2012/2/3,3.76,3.76,3.77,3.75,0.00%
2012/2/2,3.76,3.76,3.77,3.76,0.27%
2012/2/1,3.75,3.75,3.76,3.74,-0.27%
2012/1/31,3.76,3.76,3.78,3.75,-0.27%
2012/1/30,3.77,3.79,3.79,3.77,-0.79%
2012/1/27,3.8,3.81,3.81,3.8,-0.52%
2012/1/26,3.82,3.81,3.82,3.8,0.26%
2012/1/25,3.81,3.81,3.81,3.8,-0.26%
2012/1/20,3.82,3.8,3.82,3.8,0.79%
2012/1/19,3.79,3.79,3.79,3.78,0.00%
2012/1/18,3.79,3.79,3.8,3.78,-0.52%
2012/1/17,3.81,3.79,3.81,3.79,0.53%
2012/1/16,3.79,3.78,3.79,3.78,0.00%
2012/1/13,3.79,3.8,3.8,3.77,0.26%
2012/1/12,3.78,3.78,3.79,3.78,-0.26%
2012/1/11,3.79,3.8,3.8,3.79,0.00%
2012/1/10,3.79,3.79,3.8,3.78,0.00%
2012/1/9,3.79,3.79,3.79,3.78,0.26%
2012/1/6,3.78,3.78,3.79,3.77,0.00%
2012/1/5,3.78,3.79,3.8,3.78,-0.26%
2012/1/4,3.79,3.81,3.81,3.79,0.00%
2012/1/3,3.79,3.78,3.81,3.78,0.26%
2012/1/2,3.78,3.77,3.79,3.77,0.27%
2011/12/29,3.77,3.83,3.83,3.77,-2.08%
2011/12/28,3.85,3.84,3.85,3.84,0.00%
2011/12/27,3.85,3.84,3.85,3.84,0.26%
2011/12/26,3.84,3.85,3.86,3.84,-0.26%
2011/12/23,3.85,3.84,3.85,3.83,0.52%
2011/12/22,3.83,3.84,3.84,3.81,0.00%
2011/12/21,3.83,3.83,3.83,3.82,0.00%
2011/12/20,3.83,3.85,3.86,3.82,-1.03%
2011/12/19,3.87,3.78,3.9,3.78,2.11%
2011/12/16,3.79,3.79,3.81,3.78,0.26%
2011/12/15,3.78,3.77,3.78,3.77,-0.26%
2011/12/14,3.79,3.79,3.79,3.78,0.00%
2011/12/13,3.79,3.8,3.81,3.78,-0.52%
2011/12/12,3.81,3.81,3.82,3.8,0.26%
2011/12/9,3.8,3.78,3.81,3.78,-0.26%
2011/12/8,3.81,3.77,3.82,3.76,0.53%
2011/12/7,3.79,3.78,3.79,3.78,0.00%
2011/12/6,3.79,3.78,3.79,3.78,0.26%
2011/12/5,3.78,3.78,3.78,3.77,-0.26%
2011/12/2,3.79,3.79,3.8,3.78,-0.26%
2011/12/1,3.8,3.8,3.8,3.77,0.80%
2011/11/30,3.77,3.81,3.81,3.77,-1.31%
2011/11/29,3.82,3.8,3.82,3.8,0.26%
2011/11/28,3.81,3.82,3.82,3.8,0.00%
2011/11/25,3.81,3.76,3.82,3.76,1.33%
2011/11/24,3.76,3.76,3.77,3.75,-0.27%
2011/11/23,3.77,3.76,3.79,3.75,-0.26%
2011/11/22,3.78,3.78,3.79,3.77,-0.26%
2011/11/21,3.79,3.82,3.83,3.78,-0.52%
2011/11/18,3.81,3.8,3.82,3.8,0.00%
2011/11/17,3.81,3.79,3.84,3.76,0.79%
2011/11/16,3.78,3.82,3.84,3.76,-1.05%
2011/11/15,3.82,3.84,3.84,3.82,-0.52%
2011/11/14,3.84,3.81,3.85,3.81,1.32%
2011/11/11,3.79,3.77,3.79,3.74,0.80%
2011/11/10,3.76,3.73,3.77,3.73,-0.53%
2011/11/9,3.78,3.8,3.81,3.76,-0.26%
2011/11/8,3.79,3.82,3.82,3.78,-0.79%
2011/11/7,3.82,3.84,3.84,3.82,-0.26%
2011/11/4,3.83,3.82,3.84,3.82,0.52%
2011/11/3,3.81,3.82,3.83,3.8,-0.52%
2011/11/2,3.83,3.81,3.84,3.81,-0.26%
2011/11/1,3.84,3.82,3.84,3.82,-0.52%
2011/10/31,3.86,3.91,3.92,3.85,-2.28%
2011/10/28,3.95,3.98,3.98,3.94,0.77%
2011/10/27,3.92,3.93,3.93,3.89,0.26%
2011/10/26,3.91,3.9,3.92,3.9,-0.76%
2011/10/25,3.94,3.94,3.94,3.91,0.25%
2011/10/24,3.93,3.91,3.95,3.89,0.00%
2011/10/21,3.93,3.86,3.93,3.85,2.34%
2011/10/20,3.84,3.84,3.86,3.83,0.00%
2011/10/19,3.84,3.83,3.85,3.82,0.26%
2011/10/18,3.83,3.82,3.84,3.81,-0.26%
2011/10/17,3.84,3.79,3.85,3.79,2.67%
2011/10/14,3.74,3.77,3.77,3.73,-0.80%
2011/10/13,3.77,3.8,3.81,3.77,-1.57%
2011/10/12,3.83,3.85,3.87,3.82,-0.52%
2011/10/11,3.85,3.87,3.87,3.83,0.26%
2011/10/10,3.84,3.84,3.86,3.79,0.52%
2011/10/7,3.82,3.81,3.84,3.81,0.26%
2011/10/6,3.81,3.79,3.83,3.75,0.79%
2011/10/5,3.78,3.79,3.8,3.76,-0.53%
2011/10/4,3.8,3.96,3.96,3.78,-3.31%
2011/9/30,3.93,3.91,3.94,3.88,0.77%
2011/9/29,3.9,3.89,3.91,3.86,0.26%
2011/9/28,3.89,3.82,3.89,3.82,2.64%
2011/9/27,3.79,3.8,3.85,3.78,-1.04%
2011/9/26,3.83,3.75,3.83,3.74,2.13%
2011/9/23,3.75,3.78,3.79,3.75,-1.83%
2011/9/22,3.82,3.9,3.9,3.81,-1.04%
2011/9/21,3.86,3.81,3.87,3.79,1.31%
2011/9/20,3.81,3.8,3.86,3.78,0.79%
2011/9/19,3.78,3.69,3.79,3.67,2.72%
2011/9/16,3.68,3.64,3.69,3.64,1.10%
2011/9/15,3.64,3.57,3.64,3.56,2.82%
2011/9/14,3.54,3.59,3.61,3.53,-1.67%
2011/9/9,3.6,3.62,3.64,3.6,-1.64%
2011/9/8,3.66,3.69,3.69,3.63,-0.54%
2011/9/7,3.68,3.64,3.69,3.63,0.82%
2011/9/6,3.65,3.62,3.65,3.61,0.55%
2011/9/5,3.63,3.75,3.75,3.63,-3.97%
2011/9/2,3.78,3.82,3.82,3.78,-0.79%
2011/9/1,3.81,3.87,3.87,3.81,-1.55%
2011/8/31,3.87,3.82,3.87,3.82,0.52%
2011/8/30,3.85,3.87,3.9,3.85,-0.77%
2011/8/29,3.88,3.87,3.88,3.84,0.78%
2011/8/26,3.85,3.84,3.86,3.83,0.00%
2011/8/25,3.85,3.88,3.88,3.83,0.00%
2011/8/24,3.85,3.89,3.89,3.84,-1.03%
2011/8/23,3.89,3.87,3.89,3.83,1.04%
2011/8/22,3.85,3.84,3.88,3.82,0.26%
2011/8/19,3.84,3.84,3.92,3.84,-2.29%
2011/8/18,3.93,3.91,3.94,3.9,0.00%
2011/8/17,3.93,3.92,3.95,3.91,0.00%
2011/8/16,3.93,3.93,3.94,3.92,0.77%
2011/8/12,3.9,3.95,3.96,3.86,-0.26%
2011/8/11,3.91,3.9,3.92,3.81,-1.51%
2011/8/10,3.97,4.07,4.1,3.96,-2.46%
2011/8/9,4.07,4.01,4.08,4,0.25%
2011/8/8,4.06,4,4.06,4,1.25%
2011/8/5,4.01,4,4.03,3.99,-2.43%
2011/8/4,4.11,4.16,4.17,4.11,-0.72%
2011/8/3,4.14,4.14,4.15,4.13,-1.66%
2011/8/2,4.21,4.22,4.23,4.21,-0.47%
2011/8/1,4.23,4.2,4.24,4.18,0.95%
2011/7/29,4.19,4.18,4.2,4.16,-0.24%
2011/7/28,4.2,4.22,4.23,4.17,-0.71%
2011/7/27,4.23,4.23,4.26,4.21,-0.24%
2011/7/26,4.24,4.2,4.24,4.18,1.44%
2011/7/25,4.18,4.17,4.2,4.17,-0.24%
2011/7/22,4.19,4.2,4.2,4.17,0.48%
2011/7/21,4.17,4.18,4.2,4.17,0.48%
2011/7/20,4.15,4.16,4.17,4.15,0.48%
2011/7/19,4.13,4.15,4.16,4.11,-0.24%
2011/7/18,4.14,4.16,4.17,4.14,-0.96%
2011/7/15,4.18,4.2,4.22,4.18,-0.24%
2011/7/14,4.19,4.15,4.2,4.15,0.24%
2011/7/13,4.18,4.21,4.21,4.14,-0.71%
2011/7/12,4.21,4.28,4.28,4.21,-2.32%
2011/7/11,4.31,4.3,4.33,4.3,-0.46%
2011/7/8,4.33,4.31,4.34,4.31,0.93%
2011/7/7,4.29,4.3,4.32,4.29,-0.23%
2011/7/6,4.3,4.3,4.3,4.27,0.00%
2011/7/5,4.3,4.33,4.33,4.29,-0.46%
2011/7/4,4.32,4.35,4.38,4.32,0.00%
2011/7/1,4.32,4.3,4.35,4.3,0.23%
2011/6/30,4.31,4.31,4.37,4.31,0.47%
2011/6/29,4.29,4.28,4.29,4.27,0.94%
2011/6/28,4.25,4.26,4.26,4.25,0.24%
2011/6/27,4.24,4.25,4.26,4.24,-0.47%
2011/6/24,4.26,4.22,4.26,4.22,0.71%
2011/6/23,4.23,4.23,4.25,4.23,0.00%
2011/6/22,4.23,4.26,4.26,4.23,-0.47%
2011/6/21,4.25,4.26,4.27,4.24,0.47%
2011/6/20,4.23,4.26,4.27,4.22,-0.47%
2011/6/17,4.25,4.21,4.25,4.18,1.19%
2011/6/16,4.2,4.24,4.26,4.19,-1.87%
2011/6/15,4.28,4.28,4.29,4.27,0.47%
2011/6/14,4.26,4.24,4.27,4.22,0.24%
2011/6/13,4.25,4.26,4.27,4.24,-0.23%
2011/6/10,4.26,4.22,4.28,4.22,1.67%
2011/6/9,4.19,4.18,4.2,4.17,0.00%
2011/6/8,4.19,4.2,4.21,4.17,0.00%
2011/6/7,4.19,4.2,4.21,4.19,-0.48%
2011/6/3,4.21,4.23,4.23,4.19,0.24%
2011/6/2,4.2,4.23,4.23,4.2,-1.87%
2011/6/1,4.28,4.24,4.29,4.24,1.18%
2011/5/31,4.23,4.18,4.23,4.18,0.48%
2011/5/30,4.21,4.24,4.24,4.21,-0.47%
2011/5/27,4.23,4.23,4.24,4.22,-0.47%
2011/5/26,4.25,4.24,4.26,4.23,0.95%
2011/5/25,4.21,4.25,4.26,4.21,-1.17%
2011/5/24,4.26,4.26,4.28,4.25,-0.23%
2011/5/23,4.27,4.32,4.32,4.27,-1.16%
2011/5/20,4.32,4.33,4.33,4.32,-0.23%
2011/5/19,4.33,4.34,4.37,4.33,0.00%
2011/5/18,4.33,4.33,4.35,4.32,-0.23%
2011/5/17,4.34,4.34,4.35,4.31,-0.46%
2011/5/16,4.36,4.36,4.39,4.35,0.00%
2011/5/13,4.36,4.34,4.36,4.28,0.46%
2011/5/12,4.34,4.38,4.4,4.33,-1.59%
2011/5/11,4.41,4.45,4.45,4.4,-0.45%
2011/5/9,4.43,4.43,4.45,4.43,-0.23%
2011/5/6,4.44,4.44,4.44,4.42,-0.45%
2011/5/4,4.46,4.47,4.48,4.46,-0.22%
2011/5/3,4.47,4.46,4.47,4.45,0.22%
2011/5/2,4.46,4.47,4.5,4.46,-0.45%
2011/4/29,4.48,4.48,4.48,4.46,-0.88%
2011/4/28,4.52,4.55,4.55,4.52,-0.22%
2011/4/27,4.53,4.53,4.56,4.52,0.00%
2011/4/26,4.53,4.53,4.53,4.51,0.00%
2011/4/25,4.53,4.51,4.53,4.5,0.67%
2011/4/22,4.5,4.49,4.51,4.48,0.22%
2011/4/21,4.49,4.47,4.49,4.46,0.90%
2011/4/20,4.45,4.44,4.46,4.43,0.45%
2011/4/19,4.43,4.43,4.43,4.41,0.00%
2011/4/18,4.43,4.46,4.47,4.43,-1.34%
2011/4/15,4.49,4.51,4.51,4.49,-0.22%
2011/4/14,4.5,4.49,4.51,4.48,0.22%
2011/4/13,4.49,4.46,4.49,4.46,0.00%
2011/4/12,4.49,4.5,4.51,4.46,-0.66%
2011/4/11,4.52,4.49,4.54,4.49,0.89%
2011/4/8,4.48,4.44,4.48,4.43,0.22%
2011/4/7,4.47,4.49,4.5,4.45,0.45%
2011/4/6,4.45,4.46,4.49,4.45,0.23%
2011/4/5,4.44,4.43,4.44,4.4,-0.22%
2011/4/4,4.45,4.47,4.47,4.45,-0.45%
2011/4/1,4.47,4.44,4.48,4.43,-0.22%
2011/3/31,4.48,4.48,4.48,4.45,-0.44%
2011/3/30,4.5,4.49,4.51,4.47,0.67%
2011/3/29,4.47,4.47,4.49,4.45,0.00%
2011/3/28,4.47,4.49,4.5,4.46,-0.45%
2011/3/25,4.49,4.49,4.5,4.46,0.90%
2011/3/24,4.45,4.5,4.5,4.43,-1.11%
2011/3/23,4.5,4.49,4.52,4.48,0.22%
2011/3/22,4.49,4.5,4.5,4.48,0.00%
2011/3/21,4.49,4.48,4.51,4.47,0.67%
2011/3/18,4.46,4.42,4.48,4.42,1.36%
2011/3/17,4.4,4.32,4.4,4.32,0.69%
2011/3/16,4.37,4.28,4.38,4.28,3.07%
2011/3/15,4.24,4.33,4.37,4.2,-2.75%
2011/3/14,4.36,4.4,4.4,4.32,-1.80%
2011/3/11,4.44,4.41,4.47,4.41,-1.33%
2011/3/10,4.5,4.62,4.62,4.49,-2.60%
2011/3/9,4.62,4.69,4.69,4.61,-1.28%
2011/3/8,4.68,4.7,4.71,4.67,-0.43%
2011/3/7,4.7,4.7,4.71,4.69,-0.21%
2011/3/4,4.71,4.72,4.73,4.71,0.21%
2011/3/3,4.7,4.71,4.71,4.68,0.43%
2011/3/2,4.68,4.68,4.7,4.65,0.21%
2011/2/28,4.67,4.66,4.69,4.65,0.65%
2011/2/25,4.64,4.69,4.69,4.64,-0.43%
2011/2/24,4.66,4.7,4.71,4.65,-0.85%
2011/2/23,4.7,4.66,4.72,4.66,0.21%
2011/2/22,4.69,4.74,4.74,4.68,-1.47%
2011/2/21,4.76,4.79,4.8,4.74,-0.42%
2011/2/18,4.78,4.81,4.82,4.78,-0.62%
2011/2/17,4.81,4.83,4.85,4.8,0.00%
2011/2/16,4.81,4.81,4.83,4.8,0.00%
2011/2/15,4.81,4.83,4.83,4.8,-0.21%
2011/2/14,4.82,4.8,4.84,4.8,0.21%
2011/2/11,4.81,4.8,4.83,4.79,0.42%
2011/2/10,4.79,4.82,4.84,4.78,-0.42%
2011/2/9,4.81,4.83,4.88,4.81,0.00%
2011/2/8,4.81,4.79,4.82,4.79,0.42%
2011/2/7,4.79,4.75,4.81,4.75,1.70%
2011/2/1,4.71,4.74,4.74,4.71,0.00%
2011/1/31,4.71,4.7,4.73,4.7,0.21%
2011/1/28,4.7,4.7,4.73,4.68,-0.21%
2011/1/27,4.71,4.74,4.74,4.7,-0.21%
2011/1/26,4.72,4.74,4.74,4.72,-0.42%
2011/1/25,4.74,4.75,4.76,4.74,-0.21%
2011/1/24,4.75,4.73,4.76,4.73,1.06%
2011/1/21,4.7,4.73,4.74,4.7,-0.21%
2011/1/20,4.71,4.72,4.76,4.71,0.00%
2011/1/19,4.71,4.69,4.71,4.69,0.86%
2011/1/18,4.67,4.67,4.68,4.66,-0.21%
2011/1/17,4.68,4.69,4.7,4.67,0.00%
2011/1/14,4.68,4.71,4.73,4.67,-0.43%
2011/1/13,4.7,4.65,4.73,4.63,1.29%
2011/1/12,4.64,4.69,4.69,4.62,-1.49%
2011/1/11,4.71,4.71,4.73,4.69,0.21%
2011/1/10,4.7,4.69,4.72,4.69,-0.21%
2011/1/7,4.71,4.7,4.73,4.68,0.64%
2011/1/6,4.68,4.67,4.69,4.66,1.08%
2011/1/5,4.63,4.59,4.64,4.58,1.09%
2011/1/4,4.58,4.56,4.61,4.56,0.22%
2011/1/3,4.57,4.5,4.57,4.5,2.24%
2010/12/30,4.47,4.5,4.5,4.45,-1.11%
2010/12/29,4.52,4.55,4.55,4.52,0.44%
2010/12/28,4.5,4.5,4.5,4.47,0.45%
2010/12/27,4.48,4.51,4.54,4.48,-0.22%
2010/12/24,4.49,4.46,4.5,4.45,0.45%
2010/12/23,4.47,4.45,4.49,4.44,0.68%
2010/12/22,4.44,4.48,4.48,4.41,-1.11%
2010/12/21,4.49,4.55,4.56,4.49,-1.32%
2010/12/20,4.55,4.57,4.6,4.54,-0.44%
2010/12/17,4.57,4.55,4.57,4.53,0.22%
2010/12/16,4.56,4.59,4.59,4.55,-0.65%
2010/12/15,4.59,4.48,4.61,4.48,2.68%
2010/12/14,4.47,4.46,4.49,4.43,0.90%
2010/12/13,4.43,4.38,4.44,4.38,1.84%
2010/12/10,4.35,4.39,4.4,4.35,-0.68%
2010/12/9,4.38,4.37,4.4,4.36,0.46%
2010/12/8,4.36,4.34,4.36,4.33,1.16%
2010/12/7,4.31,4.31,4.33,4.3,-0.69%
2010/12/6,4.34,4.33,4.35,4.33,-0.23%
2010/12/3,4.35,4.37,4.38,4.34,-0.46%
2010/12/2,4.37,4.38,4.4,4.37,0.46%
2010/12/1,4.35,4.35,4.37,4.32,-0.46%
2010/11/30,4.37,4.39,4.41,4.36,-1.13%
2010/11/29,4.42,4.45,4.47,4.42,-1.12%
2010/11/26,4.47,4.42,4.49,4.42,0.90%
2010/11/25,4.43,4.51,4.51,4.42,-1.34%
2010/11/24,4.49,4.54,4.56,4.47,-0.22%
2010/11/23,4.5,4.49,4.51,4.47,0.67%
2010/11/22,4.47,4.47,4.48,4.42,0.00%
2010/11/19,4.47,4.44,4.5,4.44,0.68%
2010/11/18,4.44,4.44,4.5,4.42,-0.22%
2010/11/17,4.45,4.45,4.5,4.43,-0.45%
2010/11/16,4.47,4.58,4.58,4.46,-2.19%
2010/11/15,4.57,4.57,4.58,4.53,0.88%
2010/11/12,4.53,4.51,4.57,4.51,0.22%
2010/11/11,4.52,4.49,4.55,4.48,0.67%
2010/11/10,4.49,4.62,4.63,4.47,-1.75%
2010/11/9,4.57,4.58,4.59,4.54,0.00%
2010/11/8,4.57,4.52,4.61,4.51,1.33%
2010/11/5,4.51,4.49,4.51,4.44,0.67%
2010/11/4,4.48,4.43,4.48,4.4,1.13%
2010/11/3,4.43,4.45,4.46,4.41,-0.45%
2010/11/2,4.45,4.37,4.46,4.37,1.60%
2010/11/1,4.38,4.38,4.38,4.32,0.69%
2010/10/29,4.35,4.24,4.35,4.23,1.64%
2010/10/28,4.28,4.39,4.39,4.27,-2.73%
2010/10/27,4.4,4.36,4.42,4.36,1.62%
2010/10/26,4.33,4.33,4.36,4.29,0.70%
2010/10/25,4.3,4.21,4.3,4.2,2.63%
2010/10/22,4.19,4.22,4.23,4.18,0.96%
2010/10/21,4.15,4.13,4.17,4.11,1.22%
2010/10/20,4.1,4.14,4.14,4.09,0.99%
2010/10/19,4.06,3.96,4.06,3.95,2.27%
2010/10/18,3.97,3.94,3.98,3.94,1.53%
2010/10/15,3.91,3.94,3.96,3.91,-1.01%
2010/10/14,3.95,4.1,4.11,3.95,-2.95%
2010/10/13,4.07,4.06,4.08,4.03,-0.25%
2010/10/12,4.08,4.06,4.08,4.02,0.99%
2010/10/11,4.04,4,4.1,3.99,1.25%
2010/10/8,3.99,3.99,4.01,3.99,0.25%
2010/10/7,3.98,3.96,3.99,3.96,-0.25%
2010/10/6,3.99,3.96,4,3.95,0.50%
2010/10/5,3.97,4,4.02,3.96,-1.00%
2010/10/4,4.01,3.99,4.02,3.97,0.00%
2010/10/1,4.01,4.12,4.12,4,-2.67%
2010/9/30,4.12,4.13,4.15,4.1,-1.90%
2010/9/29,4.2,4.19,4.19,4.11,0.00%
2010/9/28,0,4.18,4.23,4.18,-100.00%
2010/9/27,4.21,4.26,4.27,4.21,-0.71%
2010/9/24,4.24,4.28,4.28,4.24,-1.17%
2010/9/20,4.29,4.25,4.3,4.24,0.94%
2010/9/17,4.25,4.2,4.25,4.18,1.19%
2010/9/16,4.2,4.23,4.26,4.2,-0.71%
2010/9/15,4.23,4.21,4.25,4.2,0.00%
2010/9/14,4.23,4.23,4.23,4.23,-0.24%
2010/9/13,4.24,4.24,4.24,4.24,0.00%
2010/9/10,4.24,4.24,4.24,4.24,-0.24%
2010/9/9,4.25,4.25,4.25,4.25,-2.75%
2010/9/8,4.37,4.37,4.37,4.37,-1.58%
2010/9/7,4.44,4.44,4.44,4.44,-0.89%
2010/9/6,4.48,4.48,4.48,4.48,1.13%
2010/9/3,4.43,4.43,4.43,4.43,0.45%
2010/9/2,4.41,4.41,4.41,4.41,0.23%
2010/9/1,4.4,4.4,4.4,4.4,0.23%
2010/8/31,4.39,4.39,4.39,4.39,-1.13%
2010/8/30,4.44,4.44,4.44,4.44,0.23%
2010/8/27,4.43,4.43,4.43,4.43,-0.89%
2010/8/26,4.47,4.47,4.47,4.47,-1.32%
2010/8/25,4.53,4.53,4.53,4.53,0.00%
2010/8/24,4.53,4.53,4.53,4.53,0.22%
2010/8/23,4.52,4.52,4.52,4.52,-0.22%
2010/8/20,4.53,4.53,4.53,4.53,-1.95%
2010/8/19,4.62,4.62,4.62,4.62,-2.33%
2010/8/18,4.73,4.73,4.73,4.73,-0.21%
2010/8/17,4.74,4.74,4.74,4.74,0.00%
2010/8/16,4.74,4.74,4.74,4.74,-0.21%
2010/8/13,4.75,4.75,4.75,4.75,-0.42%
2010/8/12,4.77,4.77,4.77,4.77,-0.42%
2010/8/11,4.79,4.79,4.79,4.79,-1.24%
2010/8/10,4.85,4.85,4.85,4.85,0.00%
2010/8/9,4.85,4.85,4.85,4.85,0.21%
2010/8/6,4.84,4.84,4.84,4.84,0.00%
2010/8/5,4.84,4.84,4.84,4.84,0.62%
2010/8/4,4.81,4.81,4.81,4.81,-0.82%
2010/8/3,4.85,4.85,4.85,4.85,0.00%
2010/8/2,4.85,4.85,4.85,4.85,0.21%
2010/7/30,4.84,4.84,4.84,4.84,0.00%
2010/7/29,4.84,4.84,4.84,4.84,-0.41%
2010/7/28,4.86,4.86,4.86,4.86,-0.21%
2010/7/27,4.87,4.87,4.87,4.87,-0.41%
2010/7/26,4.89,4.89,4.89,4.89,0.20%
2010/7/23,4.88,4.88,4.88,4.88,-0.41%
2010/7/22,4.9,4.9,4.9,4.9,-0.20%
2010/7/21,4.91,4.91,4.91,4.91,0.00%
2010/7/20,4.91,4.91,4.91,4.91,0.00%
2010/7/19,4.91,4.91,4.91,4.91,0.00%
2010/7/16,4.91,4.91,4.91,4.91,0.00%
2010/7/15,4.91,4.91,4.91,4.91,-0.61%
2010/7/14,4.94,4.94,4.94,4.94,0.00%
2010/7/13,4.94,4.94,4.94,4.94,0.00%
2010/7/12,4.94,4.94,4.94,4.94,0.41%
2010/7/9,4.92,4.92,4.92,4.92,-0.20%
2010/7/8,4.93,4.93,4.93,4.93,0.00%
2010/7/7,4.93,4.93,4.93,4.93,0.41%
2010/7/6,4.91,4.91,4.91,4.91,0.00%
2010/7/5,4.91,4.91,4.91,4.91,0.00%
2010/7/2,4.91,4.91,4.91,4.91,0.00%
2010/7/1,4.91,4.91,4.91,4.91,-0.61%
2010/6/30,4.94,4.94,4.94,4.94,-0.40%
2010/6/29,4.96,4.96,4.96,4.96,-0.20%
2010/6/28,4.97,4.97,4.97,4.97,-0.40%
2010/6/25,4.99,4.99,4.99,4.99,0.20%
2010/6/24,4.98,4.98,4.98,4.98,0.00%
2010/6/23,4.98,4.98,4.98,4.98,0.00%
2010/6/22,4.98,4.98,4.98,4.98,0.20%
2010/6/21,4.97,4.97,4.97,4.97,1.22%
2010/6/18,4.91,4.91,4.91,4.91,0.00%
2010/6/17,4.91,4.91,4.91,4.91,0.00%
2010/6/16,4.91,4.91,4.91,4.91,0.00%
2010/6/15,4.91,4.91,4.91,4.91,-0.41%
2010/6/14,4.93,4.93,4.93,4.93,-0.20%
2010/6/11,4.94,4.94,4.94,4.94,0.61%
2010/6/10,4.91,4.91,4.91,4.91,0.41%
2010/6/9,4.89,4.89,4.89,4.89,0.00%
2010/6/8,4.89,4.89,4.89,4.89,0.20%
2010/6/7,4.88,4.88,4.88,4.88,-0.61%
2010/6/4,4.91,4.91,4.91,4.91,0.41%
2010/6/3,4.89,4.89,4.89,4.89,-0.20%
2010/6/1,4.9,4.9,4.9,4.9,-0.81%
2010/5/31,4.94,4.94,4.94,4.94,0.41%
2010/5/28,4.92,4.92,4.92,4.92,-0.20%
2010/5/27,4.93,4.93,4.93,4.93,-1.40%
2010/5/26,5,5,5,5,1.42%
2010/5/25,4.93,4.93,4.93,4.93,-0.40%
2010/5/24,4.95,4.95,4.95,4.95,-1.59%
2010/5/20,5.03,5.03,5.03,5.03,0.00%
2010/5/19,5.03,5.03,5.03,5.03,0.00%
2010/5/18,5.03,5.03,5.03,5.03,-0.40%
2010/5/17,5.05,5.05,5.05,5.05,1.20%
2010/5/14,4.99,4.99,4.99,4.99,0.00%
2010/5/13,4.99,4.99,4.99,4.99,0.60%
2010/5/12,4.96,4.96,4.96,4.96,1.02%
2010/5/11,4.91,4.91,4.91,4.91,-0.81%
2010/5/10,4.95,4.95,4.95,4.95,0.41%
2010/5/7,4.93,4.93,4.93,4.93,0.41%
2010/5/6,4.91,4.91,4.91,4.91,1.03%
2010/5/4,4.86,4.86,4.86,4.86,-0.21%
2010/5/3,4.87,4.87,4.87,4.87,0.83%
2010/4/30,4.83,4.83,4.83,4.83,0.21%
2010/4/29,4.82,4.82,4.82,4.82,0.00%
2010/4/28,4.82,4.82,4.82,4.82,-1.03%
2010/4/27,4.87,4.87,4.87,4.87,-0.81%
2010/4/26,4.91,4.91,4.91,4.91,-0.20%
2010/4/23,4.92,4.92,4.92,4.92,-0.61%
2010/4/22,4.95,4.95,4.95,4.95,-0.20%
2010/4/21,4.96,4.96,4.96,4.96,0.00%
2010/4/20,4.96,4.96,4.96,4.96,0.40%
2010/4/19,4.94,4.94,4.94,4.94,-0.40%
2010/4/16,4.96,4.96,4.96,4.96,-0.40%
2010/4/15,4.98,4.98,4.98,4.98,0.61%
2010/4/14,4.95,4.95,4.95,4.95,0.00%
2010/4/13,4.95,4.95,4.95,4.95,0.41%
2010/4/12,4.93,4.93,4.93,4.93,2.07%
2010/4/9,4.83,4.83,4.83,4.83,0.00%
2010/4/8,4.83,4.83,4.83,4.83,-1.02%
2010/4/7,4.88,4.88,4.88,4.88,-1.21%
2010/4/6,4.94,4.94,4.94,4.94,-0.20%
2010/4/5,4.95,4.95,4.95,4.95,0.41%
2010/4/2,4.93,4.93,4.93,4.93,0.20%
2010/4/1,4.92,4.92,4.92,4.92,-0.40%
2010/3/31,4.94,4.94,4.94,4.94,-1.20%
2010/3/30,5,5,5,5,1.21%
2010/3/29,4.94,4.94,4.94,4.94,0.82%
2010/3/26,4.9,4.9,4.9,4.9,0.20%
2010/3/25,4.89,4.89,4.89,4.89,-0.81%
2010/3/24,4.93,4.93,4.93,4.93,3.57%
2010/3/23,4.76,4.76,4.76,4.76,1.49%
2010/3/22,4.69,4.69,4.69,4.69,-0.64%
2010/3/19,4.72,4.72,4.72,4.72,-0.21%
2010/3/18,4.73,4.73,4.73,4.73,-1.05%
2010/3/17,4.78,4.78,4.78,4.78,-1.04%
2010/3/16,4.83,4.83,4.83,4.83,-0.62%
2010/3/15,4.86,4.86,4.86,4.86,0.41%
2010/3/12,4.84,4.84,4.84,4.84,-1.22%
2010/3/11,4.9,4.9,4.9,4.9,-2.39%
2010/3/10,5.02,5.02,5.02,5.02,-0.20%
2010/3/9,5.03,5.03,5.03,5.03,0.00%
2010/3/8,5.03,5.03,5.03,5.03,0.40%
2010/3/5,5.01,5.01,5.01,5.01,-0.60%
2010/3/4,5.04,5.04,5.04,5.04,-1.37%
2010/3/3,5.11,5.11,5.11,5.11,-0.39%
2010/3/2,5.13,5.13,5.13,5.13,0.00%
2010/2/26,5.13,5.13,5.13,5.13,0.00%
2010/2/25,5.13,5.13,5.13,5.13,-1.35%
2010/2/24,5.2,5.2,5.2,5.2,-1.70%
2010/2/23,5.29,5.29,5.29,5.29,-0.19%
2010/2/22,5.3,5.3,5.3,5.3,-0.19%
2010/2/19,5.31,5.31,5.31,5.31,0.38%
2010/2/18,5.29,5.29,5.29,5.29,-0.19%
2010/2/17,5.3,5.3,5.3,5.3,0.00%
2010/2/16,5.3,5.3,5.3,5.3,0.19%
2010/2/12,5.29,5.29,5.29,5.29,-0.19%
2010/2/11,5.3,5.3,5.3,5.3,-1.12%
2010/2/10,5.36,5.36,5.36,5.36,-0.19%
2010/2/9,5.37,5.37,5.37,5.37,0.37%
2010/2/8,5.35,5.35,5.35,5.35,0.75%
2010/2/5,5.31,5.31,5.31,5.31,-0.93%
2010/2/4,5.36,5.36,5.36,5.36,0.19%
2010/2/3,5.35,5.35,5.35,5.35,0.19%
2010/2/2,5.34,5.34,5.34,5.34,-0.19%
2010/2/1,5.35,5.35,5.35,5.35,0.19%
2010/1/29,5.34,5.34,5.34,5.34,-0.56%
2010/1/28,5.37,5.37,5.37,5.37,0.56%
2010/1/27,5.34,5.34,5.34,5.34,0.38%
2010/1/26,5.32,5.32,5.32,5.32,-0.37%
2010/1/25,5.34,5.34,5.34,5.34,0.38%
2010/1/22,5.32,5.32,5.32,5.32,0.00%
2010/1/21,5.32,5.32,5.32,5.32,-0.56%
2010/1/20,5.35,5.35,5.35,5.35,-0.37%
2010/1/19,5.37,5.37,5.37,5.37,-0.74%
2010/1/18,5.41,5.41,5.41,5.41,1.12%
2010/1/15,5.35,5.35,5.35,5.35,0.00%
2010/1/14,5.35,5.35,5.35,5.35,0.38%
2010/1/13,5.33,5.33,5.33,5.33,-0.93%
2010/1/12,5.38,5.38,5.38,5.38,0.37%
2010/1/11,5.36,5.36,5.36,5.36,0.56%
2010/1/8,5.33,5.33,5.33,5.33,0.57%
2010/1/7,5.3,5.3,5.3,5.3,-1.49%
2010/1/6,5.38,5.38,5.38,5.38,0.37%
2010/1/5,5.36,5.36,5.36,5.36,-1.11%
2010/1/4,5.42,5.42,5.42,5.42,0.37%
2009/12/29,5.4,5.4,5.4,5.4,0.19%
2009/12/28,5.39,5.39,5.39,5.39,1.13%
2009/12/24,5.33,5.33,5.33,5.33,-0.56%
2009/12/23,5.36,5.36,5.36,5.36,-0.19%
2009/12/22,5.37,5.37,5.37,5.37,1.70%
2009/12/21,5.28,5.28,5.28,5.28,0.57%
2009/12/18,5.25,5.25,5.25,5.25,-1.32%
2009/12/17,5.32,5.32,5.32,5.32,0.38%
2009/12/16,5.3,5.3,5.3,5.3,0.76%
2009/12/15,5.26,5.26,5.26,5.26,-0.57%
2009/12/14,5.29,5.29,5.29,5.29,-0.19%
2009/12/11,5.3,5.3,5.3,5.3,-1.12%
2009/12/10,5.36,5.36,5.36,5.36,2.68%
2009/12/9,5.22,5.22,5.22,5.22,-0.76%
2009/12/8,5.26,5.26,5.26,5.26,-1.13%
2009/12/7,5.32,5.32,5.32,5.32,1.14%
2009/12/4,5.26,5.26,5.26,5.26,-0.38%
2009/12/3,5.28,5.28,5.28,5.28,-0.19%
2009/12/2,5.29,5.29,5.29,5.29,0.19%
2009/12/1,5.28,5.28,5.28,5.28,0.76%
2009/11/30,5.24,5.24,5.24,5.24,0.00%
2009/11/27,5.24,5.24,5.24,5.24,-1.87%
2009/11/26,5.34,5.34,5.34,5.34,0.00%
2009/11/25,5.34,5.34,5.34,5.34,-0.74%
2009/11/24,5.38,5.38,5.38,5.38,0.00%
2009/11/23,5.38,5.38,5.38,5.38,0.94%
2009/11/20,5.33,5.33,5.33,5.33,-0.37%
2009/11/19,5.35,5.35,5.35,5.35,-0.93%
2009/11/18,5.4,5.4,5.4,5.4,0.00%
2009/11/17,5.4,5.4,5.4,5.4,-0.18%
2009/11/16,5.41,5.41,5.41,5.41,0.93%
2009/11/13,5.36,5.36,5.36,5.36,-0.74%
2009/11/12,5.4,5.4,5.4,5.4,-1.64%
2009/11/11,5.49,5.49,5.49,5.49,-0.18%
2009/11/10,5.5,5.5,5.5,5.5,0.36%
2009/11/9,5.48,5.48,5.48,5.48,-0.18%
2009/11/6,5.49,5.49,5.49,5.49,0.55%
2009/11/5,5.46,5.46,5.46,5.46,0.55%
2009/11/4,5.43,5.43,5.43,5.43,0.74%
2009/11/3,5.39,5.39,5.39,5.39,0.19%
2009/11/2,5.38,5.38,5.38,5.38,-1.10%
2009/10/30,5.44,5.44,5.44,5.44,0.18%
2009/10/29,5.43,5.43,5.43,5.43,-1.27%
2009/10/28,5.5,5.5,5.5,5.5,-1.26%
2009/10/27,5.57,5.57,5.57,5.57,-1.24%
2009/10/26,5.64,5.64,5.64,5.64,1.08%
2009/10/23,5.58,5.58,5.58,5.58,0.72%
2009/10/22,5.54,5.54,5.54,5.54,0.36%
2009/10/21,5.52,5.52,5.52,5.52,0.00%
2009/10/20,5.52,5.52,5.52,5.52,-0.36%
2009/10/19,5.54,5.54,5.54,5.54,0.36%
2009/10/16,5.52,5.52,5.52,5.52,1.66%
2009/10/15,5.43,5.43,5.43,5.43,0.93%
2009/10/14,5.38,5.38,5.38,5.38,0.00%
2009/10/13,5.38,5.38,5.38,5.38,1.51%
2009/10/12,5.3,5.3,5.3,5.3,0.76%
2009/10/9,5.26,5.26,5.26,5.26,-1.68%
2009/10/8,5.35,5.35,5.35,5.35,0.00%
2009/10/7,5.35,5.35,5.35,5.35,0.00%
2009/10/6,5.35,5.35,5.35,5.35,1.33%
2009/10/5,5.28,5.28,5.28,5.28,-0.75%
2009/10/1,5.32,5.32,5.32,5.32,-0.19%
2009/9/30,5.33,5.33,5.33,5.33,-0.93%
2009/9/29,5.38,5.38,5.38,5.38,0.56%
2009/9/28,5.35,5.35,5.35,5.35,0.00%
2009/9/25,5.35,5.35,5.35,5.35,0.38%
2009/9/24,5.33,5.33,5.33,5.33,-0.93%
2009/9/23,5.38,5.38,5.38,5.38,-0.37%
2009/9/22,5.4,5.4,5.4,5.4,0.93%
2009/9/21,5.35,5.35,5.35,5.35,0.38%
2009/9/18,5.33,5.33,5.33,5.33,-0.19%
2009/9/17,5.34,5.34,5.34,5.34,-0.74%
2009/9/16,5.38,5.38,5.38,5.38,-0.92%
2009/9/15,5.43,5.43,5.43,5.43,0.00%
2009/9/14,5.43,5.43,5.43,5.43,0.18%
2009/9/11,5.42,5.42,5.42,5.42,-1.09%
2009/9/10,5.48,5.48,5.48,5.48,2.62%
2009/9/9,5.34,5.34,5.34,5.34,-0.19%
2009/9/8,5.35,5.35,5.35,5.35,0.00%
2009/9/7,5.35,5.35,5.35,5.35,0.56%
2009/9/4,5.32,5.32,5.32,5.32,0.00%
2009/9/3,5.32,5.32,5.32,5.32,-1.12%
2009/9/2,5.38,5.38,5.38,5.38,-0.74%
2009/9/1,5.42,5.42,5.42,5.42,-0.91%
2009/8/31,5.47,5.47,5.47,5.47,0.74%
2009/8/28,5.43,5.43,5.43,5.43,0.56%
2009/8/27,5.4,5.4,5.4,5.4,-0.37%
2009/8/26,5.42,5.42,5.42,5.42,-0.73%
2009/8/25,5.46,5.46,5.46,5.46,-1.27%
2009/8/24,5.53,5.53,5.53,5.53,2.03%
2009/8/21,5.42,5.42,5.42,5.42,-0.73%
2009/8/20,5.46,5.46,5.46,5.46,0.74%
2009/8/19,5.42,5.42,5.42,5.42,-0.55%
2009/8/18,5.45,5.45,5.45,5.45,-0.55%
2009/8/17,5.48,5.48,5.48,5.48,-0.54%
2009/8/14,5.51,5.51,5.51,5.51,0.73%
2009/8/13,5.47,5.47,5.47,5.47,0.92%
2009/8/12,5.42,5.42,5.42,5.42,-0.18%
2009/8/11,5.43,5.43,5.43,5.43,0.18%
2009/8/10,5.42,5.42,5.42,5.42,0.56%
2009/8/7,5.39,5.39,5.39,5.39,-0.37%
2009/8/6,5.41,5.41,5.41,5.41,0.56%
2009/8/5,5.38,5.38,5.38,5.38,-0.37%
2009/8/4,5.4,5.4,5.4,5.4,0.56%
2009/8/3,5.37,5.37,5.37,5.37,1.32%
2009/7/31,5.3,5.3,5.3,5.3,1.15%
2009/7/30,5.24,5.24,5.24,5.24,-1.13%
2009/7/29,5.3,5.3,5.3,5.3,0.38%
2009/7/28,5.28,5.28,5.28,5.28,-0.19%
2009/7/27,5.29,5.29,5.29,5.29,0.38%
2009/7/24,5.27,5.27,5.27,5.27,-0.75%
2009/7/23,5.31,5.31,5.31,5.31,-0.19%
2009/7/22,5.32,5.32,5.32,5.32,-0.93%
2009/7/21,5.37,5.37,5.37,5.37,-0.19%
2009/7/20,5.38,5.38,5.38,5.38,2.09%
2009/7/17,5.27,5.27,5.27,5.27,2.13%
2009/7/16,5.16,5.16,5.16,5.16,0.19%
2009/7/15,5.15,5.15,5.15,5.15,0.98%
2009/7/14,5.1,5.1,5.1,5.1,1.19%
2009/7/13,5.04,5.04,5.04,5.04,1.20%
2009/7/10,4.98,4.98,4.98,4.98,-0.99%
2009/7/9,5.03,5.03,5.03,5.03,-1.37%
2009/7/8,5.1,5.1,5.1,5.1,-0.39%
2009/7/7,5.12,5.12,5.12,5.12,0.79%
2009/7/6,5.08,5.08,5.08,5.08,0.79%
2009/7/3,5.04,5.04,5.04,5.04,-0.40%
2009/7/2,5.06,5.06,5.06,5.06,-0.78%
2009/7/1,5.1,5.1,5.1,5.1,-1.54%
2009/6/30,5.18,5.18,5.18,5.18,0.19%
2009/6/29,5.17,5.17,5.17,5.17,-0.77%
2009/6/26,5.21,5.21,5.21,5.21,-0.76%
2009/6/25,5.25,5.25,5.25,5.25,0.38%
2009/6/24,5.23,5.23,5.23,5.23,-0.19%
2009/6/23,5.24,5.24,5.24,5.24,-0.95%
2009/6/22,5.29,5.29,5.29,5.29,0.38%
2009/6/19,5.27,5.27,5.27,5.27,0.57%
2009/6/18,5.24,5.24,5.24,5.24,-1.32%
2009/6/17,5.31,5.31,5.31,5.31,-0.19%
2009/6/16,5.32,5.32,5.32,5.32,-1.30%
2009/6/15,5.39,5.39,5.39,5.39,0.00%
2009/6/12,5.39,5.39,5.39,5.39,1.32%
2009/6/11,5.32,5.32,5.32,5.32,0.57%
2009/6/10,5.29,5.29,5.29,5.29,-0.19%
2009/6/9,5.3,5.3,5.3,5.3,0.38%
2009/6/8,5.28,5.28,5.28,5.28,3.13%
2009/6/5,5.12,5.12,5.12,5.12,0.20%
2009/6/4,5.11,5.11,5.11,5.11,-0.20%
2009/6/3,5.12,5.12,5.12,5.12,-2.10%
2009/6/2,5.23,5.23,5.23,5.23,1.55%
2009/6/1,5.15,5.15,5.15,5.15,-0.39%
2009/5/29,5.17,5.17,5.17,5.17,-0.58%
2009/5/28,5.2,5.2,5.2,5.2,1.96%
2009/5/27,5.1,5.1,5.1,5.1,1.19%
2009/5/25,5.04,5.04,5.04,5.04,-0.79%
2009/5/22,5.08,5.08,5.08,5.08,0.00%
2009/5/20,5.08,5.08,5.08,5.08,-0.39%
2009/5/19,5.1,5.1,5.1,5.1,2.00%
2009/5/18,5,5,5,5,-0.40%
2009/5/15,5.02,5.02,5.02,5.02,0.60%
2009/5/14,4.99,4.99,4.99,4.99,-0.60%
2009/5/13,5.02,5.02,5.02,5.02,-0.40%
2009/5/12,5.04,5.04,5.04,5.04,-1.95%
2009/5/11,5.14,5.14,5.14,5.14,1.18%
2009/5/8,5.08,5.08,5.08,5.08,-0.20%
2009/5/7,5.09,5.09,5.09,5.09,4.73%
2009/5/6,4.86,4.86,4.86,4.86,0.83%
2009/5/4,4.82,4.82,4.82,4.82,2.99%
2009/4/30,4.68,4.68,4.68,4.68,2.18%
2009/4/29,4.58,4.58,4.58,4.58,0.22%
2009/4/28,4.57,4.57,4.57,4.57,-3.59%
2009/4/27,4.74,4.74,4.74,4.74,0.00%
2009/4/24,4.74,4.74,4.74,4.74,-2.07%
2009/4/23,4.84,4.84,4.84,4.84,0.41%
2009/4/22,4.82,4.82,4.82,4.82,0.21%
2009/4/21,4.81,4.81,4.81,4.81,-0.21%
2009/4/20,4.82,4.82,4.82,4.82,-1.23%
2009/4/17,4.88,4.88,4.88,4.88,0.41%
2009/4/16,4.86,4.86,4.86,4.86,-0.41%
2009/4/15,4.88,4.88,4.88,4.88,-2.20%
2009/4/14,4.99,4.99,4.99,4.99,-1.58%
2009/4/13,5.07,5.07,5.07,5.07,-0.39%
2009/4/10,5.09,5.09,5.09,5.09,0.00%
2009/4/9,5.09,5.09,5.09,5.09,0.00%
2009/4/8,5.09,5.09,5.09,5.09,-0.59%
2009/4/7,5.12,5.12,5.12,5.12,0.20%
2009/4/6,5.11,5.11,5.11,5.11,1.19%
2009/4/3,5.05,5.05,5.05,5.05,0.20%
2009/4/2,5.04,5.04,5.04,5.04,-1.37%
2009/4/1,5.11,5.11,5.11,5.11,-1.54%
2009/3/30,5.19,5.19,5.19,5.19,2.98%
2009/3/27,5.04,5.04,5.04,5.04,0.00%
2009/3/26,5.04,5.04,5.04,5.04,1.00%
2009/3/25,4.99,4.99,4.99,4.99,0.00%
2009/3/24,4.99,4.99,4.99,4.99,1.01%
2009/3/23,4.94,4.94,4.94,4.94,3.35%
2009/3/20,4.78,4.78,4.78,4.78,2.14%
2009/3/19,4.68,4.68,4.68,4.68,-3.31%
2009/3/18,4.84,4.84,4.84,4.84,-0.41%
2009/3/17,4.86,4.86,4.86,4.86,-2.02%
2009/3/16,4.96,4.96,4.96,4.96,2.27%
2009/3/13,4.85,4.85,4.85,4.85,-0.21%
2009/3/12,4.86,4.86,4.86,4.86,-0.82%
2009/3/11,4.9,4.9,4.9,4.9,-2.00%
2009/3/10,5,5,5,5,-1.57%
2009/3/9,5.08,5.08,5.08,5.08,0.79%
2009/3/6,5.04,5.04,5.04,5.04,0.20%
2009/3/5,5.03,5.03,5.03,5.03,0.00%
2009/3/4,5.03,5.03,5.03,5.03,-0.98%
2009/3/3,5.08,5.08,5.08,5.08,-0.39%
2009/3/2,5.1,5.1,5.1,5.1,0.20%
2009/2/27,5.09,5.09,5.09,5.09,-0.39%
2009/2/26,5.11,5.11,5.11,5.11,-1.73%
2009/2/25,5.2,5.2,5.2,5.2,1.76%
2009/2/24,5.11,5.11,5.11,5.11,-0.97%
2009/2/23,5.16,5.16,5.16,5.16,-2.46%
2009/2/20,5.29,5.29,5.29,5.29,0.57%
2009/2/19,5.26,5.26,5.26,5.26,-3.84%
2009/2/18,5.47,5.47,5.47,5.47,0.55%
2009/2/17,5.44,5.44,5.44,5.44,3.62%
2009/2/16,5.25,5.25,5.25,5.25,1.55%
2009/2/13,5.17,5.17,5.17,5.17,-1.15%
2009/2/11,5.23,5.23,5.23,5.23,-0.95%
2009/2/9,5.28,5.28,5.28,5.28,-0.94%
2009/2/6,5.33,5.33,5.33,5.33,2.11%
2009/2/5,5.22,5.22,5.22,5.22,0.00%
2009/2/4,5.22,5.22,5.22,5.22,0.97%
2009/2/3,5.17,5.17,5.17,5.17,4.87%
2009/2/2,4.93,4.93,4.93,4.93,6.02%
2009/1/30,4.65,4.65,4.65,4.65,1.75%
2009/1/29,4.57,4.57,4.57,4.57,1.11%
2009/1/28,4.52,4.52,4.52,4.52,-0.44%
2009/1/23,4.54,4.54,4.54,4.54,1.57%
2009/1/22,4.47,4.47,4.47,4.47,-0.89%
2009/1/21,4.51,4.51,4.51,4.51,-0.66%
2009/1/20,4.54,4.54,4.54,4.54,0.67%
2009/1/19,4.51,4.51,4.51,4.51,-1.31%
2009/1/16,4.57,4.57,4.57,4.57,7.03%
2009/1/14,4.27,4.27,4.27,4.27,-2.95%
2009/1/13,4.4,4.4,4.4,4.4,0.69%
2009/1/12,4.37,4.37,4.37,4.37,1.16%
2009/1/9,4.32,4.32,4.32,4.32,2.86%
2009/1/8,4.2,4.2,4.2,4.2,-2.55%
2009/1/7,4.31,4.31,4.31,4.31,1.17%
2009/1/6,4.26,4.26,4.26,4.26,0.95%
2009/1/5,4.22,4.22,4.22,4.22,-0.24%
2009/1/2,4.23,4.23,4.23,4.23,-4.73%
2008/12/29,4.44,4.44,4.44,4.44,-0.89%
2008/12/26,4.48,4.48,4.48,4.48,-0.22%
2008/12/24,4.49,4.49,4.49,4.49,-1.54%
2008/12/23,4.56,4.56,4.56,4.56,-0.44%
2008/12/22,4.58,4.58,4.58,4.58,0.88%
2008/12/19,4.54,4.54,4.54,4.54,-3.40%
2008/12/18,4.7,4.7,4.7,4.7,-0.21%
2008/12/17,4.71,4.71,4.71,4.71,-0.84%
2008/12/16,4.75,4.75,4.75,4.75,-1.04%
2008/12/15,4.8,4.8,4.8,4.8,-0.83%
2008/12/12,4.84,4.84,4.84,4.84,-6.74%
2008/12/10,5.19,5.19,5.19,5.19,0.78%
2008/12/9,5.15,5.15,5.15,5.15,-1.72%
2008/12/8,5.24,5.24,5.24,5.24,0.38%
2008/12/5,5.22,5.22,5.22,5.22,-1.88%
2008/12/4,5.32,5.32,5.32,5.32,-0.19%
2008/12/3,5.33,5.33,5.33,5.33,-2.38%
2008/12/2,5.46,5.46,5.46,5.46,-4.38%
2008/12/1,5.71,5.71,5.71,5.71,-1.38%
2008/11/26,5.79,5.79,5.79,5.79,-3.02%
2008/11/25,5.97,5.97,5.97,5.97,1.70%
2008/11/24,5.87,5.87,5.87,5.87,-0.34%
2008/11/21,5.89,5.89,5.89,5.89,1.38%
2008/11/20,5.81,5.81,5.81,5.81,-2.19%
2008/11/19,5.94,5.94,5.94,5.94,0.68%
2008/11/18,5.9,5.9,5.9,5.9,-1.99%
2008/11/17,6.02,6.02,6.02,6.02,7.89%
2008/11/13,5.58,5.58,5.58,5.58,1.09%
2008/11/12,5.52,5.52,5.52,5.52,-2.13%
2008/11/11,5.64,5.64,5.64,5.64,3.30%
2008/11/10,5.46,5.46,5.46,5.46,3.02%
2008/11/6,5.3,5.3,5.3,5.3,-2.75%
2008/11/5,5.45,5.45,5.45,5.45,-0.91%
2008/11/3,5.5,5.5,5.5,5.5,-0.36%
2008/10/31,5.52,5.52,5.52,5.52,1.47%
2008/10/30,5.44,5.44,5.44,5.44,-0.73%
2008/10/29,5.48,5.48,5.48,5.48,3.79%
2008/10/28,5.28,5.28,5.28,5.28,4.14%
2008/10/27,5.07,5.07,5.07,5.07,-9.30%
2008/10/24,5.59,5.59,5.59,5.59,2.57%
2008/10/23,5.45,5.45,5.45,5.45,0.00%
2008/10/22,5.45,5.45,5.45,5.45,-0.73%
2008/10/21,5.49,5.49,5.49,5.49,-0.18%
2008/10/20,5.5,5.5,5.5,5.5,-1.61%
2008/10/17,5.59,5.59,5.59,5.59,1.64%
2008/10/15,5.5,5.5,5.5,5.5,-0.36%
2008/10/14,5.52,5.52,5.52,5.52,0.91%
2008/10/13,5.47,5.47,5.47,5.47,0.00%
2008/10/9,5.47,5.47,5.47,5.47,-5.20%
2008/10/7,5.77,5.77,5.77,5.77,-2.70%
2008/10/6,5.93,5.93,5.93,5.93,1.54%
2008/10/1,5.84,5.84,5.84,5.84,-0.51%
2008/9/30,5.87,5.87,5.87,5.87,-4.55%
2008/9/29,6.15,6.15,6.15,6.15,0.99%
2008/9/26,6.09,6.09,6.09,6.09,-0.16%
2008/9/25,6.1,6.1,6.1,6.1,1.50%
2008/9/24,6.01,6.01,6.01,6.01,-1.15%
2008/9/23,6.08,6.08,6.08,6.08,1.00%
2008/9/22,6.02,6.02,6.02,6.02,0.00%
2008/9/19,6.02,6.02,6.02,6.02,0.33%
2008/9/18,6,6,6,6,4.53%
2008/9/17,5.74,5.74,5.74,5.74,-0.35%
2008/9/16,5.76,5.76,5.76,5.76,-1.71%
2008/9/12,5.86,5.86,5.86,5.86,-0.68%
2008/9/11,5.9,5.9,5.9,5.9,0.00%
2008/9/10,5.9,5.9,5.9,5.9,-0.17%
2008/9/9,5.91,5.91,5.91,5.91,-0.17%
2008/9/8,5.92,5.92,5.92,5.92,-0.34%
2008/9/5,5.94,5.94,5.94,5.94,-0.50%
2008/9/4,5.97,5.97,5.97,5.97,-1.32%
2008/9/3,6.05,6.05,6.05,6.05,-0.66%
2008/9/2,6.09,6.09,6.09,6.09,0.16%
2008/9/1,6.08,6.08,6.08,6.08,2.36%
2008/8/29,5.94,5.94,5.94,5.94,0.00%
2008/8/28,5.94,5.94,5.94,5.94,-1.00%
2008/8/27,6,6,6,6,-0.66%
2008/8/26,6.04,6.04,6.04,6.04,-0.66%
2008/8/25,6.08,6.08,6.08,6.08,2.18%
2008/8/22,5.95,5.95,5.95,5.95,1.19%
2008/8/21,5.88,5.88,5.88,5.88,-0.51%
2008/8/20,5.91,5.91,5.91,5.91,-1.83%
2008/8/19,6.02,6.02,6.02,6.02,0.00%
2008/8/18,6.02,6.02,6.02,6.02,1.01%
2008/8/14,5.96,5.96,5.96,5.96,2.23%
2008/8/13,5.83,5.83,5.83,5.83,0.52%
2008/8/12,5.8,5.8,5.8,5.8,0.35%
2008/8/11,5.78,5.78,5.78,5.78,1.58%
2008/8/8,5.69,5.69,5.69,5.69,-1.22%
2008/8/7,5.76,5.76,5.76,5.76,0.00%
2008/8/6,5.76,5.76,5.76,5.76,-1.54%
2008/8/5,5.85,5.85,5.85,5.85,-0.17%
2008/8/4,5.86,5.86,5.86,5.86,-0.68%
2008/8/1,5.9,5.9,5.9,5.9,0.00%
2008/7/31,5.9,5.9,5.9,5.9,0.51%
2008/7/30,5.87,5.87,5.87,5.87,-1.68%
2008/7/29,5.97,5.97,5.97,5.97,1.02%
2008/7/28,5.91,5.91,5.91,5.91,0.51%
2008/7/25,5.88,5.88,5.88,5.88,0.17%
2008/7/24,5.87,5.87,5.87,5.87,-1.84%
2008/7/23,5.98,5.98,5.98,5.98,-0.17%
2008/7/22,5.99,5.99,5.99,5.99,-0.83%
2008/7/21,6.04,6.04,6.04,6.04,1.85%
2008/7/18,5.93,5.93,5.93,5.93,-0.84%
2008/7/17,5.98,5.98,5.98,5.98,-1.32%
2008/7/16,6.06,6.06,6.06,6.06,-0.66%
2008/7/15,6.1,6.1,6.1,6.1,-0.16%
2008/7/14,6.11,6.11,6.11,6.11,0.00%
2008/7/11,6.11,6.11,6.11,6.11,-0.33%
2008/7/10,6.13,6.13,6.13,6.13,1.32%
2008/7/9,6.05,6.05,6.05,6.05,-0.98%
2008/7/8,6.11,6.11,6.11,6.11,-0.33%
2008/7/7,6.13,6.13,6.13,6.13,-0.97%
2008/7/4,6.19,6.19,6.19,6.19,0.81%
2008/7/3,6.14,6.14,6.14,6.14,1.66%
2008/7/2,6.04,6.04,6.04,6.04,0.50%
2008/7/1,6.01,6.01,6.01,6.01,0.50%
2008/6/30,5.98,5.98,5.98,5.98,0.67%
2008/6/27,5.94,5.94,5.94,5.94,0.68%
2008/6/26,5.9,5.9,5.9,5.9,-1.17%
2008/6/25,5.97,5.97,5.97,5.97,0.17%
2008/6/24,5.96,5.96,5.96,5.96,-0.50%
2008/6/23,5.99,5.99,5.99,5.99,2.74%
2008/6/20,5.83,5.83,5.83,5.83,0.34%
2008/6/19,5.81,5.81,5.81,5.81,0.17%
2008/6/18,5.8,5.8,5.8,5.8,-0.51%
2008/6/17,5.83,5.83,5.83,5.83,-0.68%
2008/6/16,5.87,5.87,5.87,5.87,-0.68%
2008/6/13,5.91,5.91,5.91,5.91,1.03%
2008/6/12,5.85,5.85,5.85,5.85,-1.85%
2008/6/11,5.96,5.96,5.96,5.96,-0.33%
2008/6/10,5.98,5.98,5.98,5.98,2.40%
2008/6/9,5.84,5.84,5.84,5.84,1.92%
2008/6/5,5.73,5.73,5.73,5.73,-0.52%
2008/6/4,5.76,5.76,5.76,5.76,0.35%
2008/6/3,5.74,5.74,5.74,5.74,-0.69%
2008/6/2,5.78,5.78,5.78,5.78,1.76%
2008/5/30,5.68,5.68,5.68,5.68,0.35%
2008/5/29,5.66,5.66,5.66,5.66,1.25%
2008/5/28,5.59,5.59,5.59,5.59,-0.71%
2008/5/27,5.63,5.63,5.63,5.63,-0.71%
2008/5/26,5.67,5.67,5.67,5.67,1.07%
2008/5/23,5.61,5.61,5.61,5.61,0.36%
2008/5/22,5.59,5.59,5.59,5.59,0.90%
2008/5/21,5.54,5.54,5.54,5.54,-0.18%
2008/5/20,5.55,5.55,5.55,5.55,-1.77%
2008/5/19,5.65,5.65,5.65,5.65,3.10%
2008/5/16,5.48,5.48,5.48,5.48,0.92%
2008/5/15,5.43,5.43,5.43,5.43,-0.18%
2008/5/14,5.44,5.44,5.44,5.44,-0.37%
2008/5/13,5.46,5.46,5.46,5.46,0.92%
2008/5/9,5.41,5.41,5.41,5.41,0.37%
2008/5/8,5.39,5.39,5.39,5.39,3.26%
2008/5/7,5.22,5.22,5.22,5.22,0.77%
2008/5/6,5.18,5.18,5.18,5.18,0.39%
2008/5/2,5.16,5.16,5.16,5.16,0.58%
2008/4/30,5.13,5.13,5.13,5.13,-0.39%
2008/4/29,5.15,5.15,5.15,5.15,0.00%
2008/4/28,5.15,5.15,5.15,5.15,0.78%
2008/4/25,5.11,5.11,5.11,5.11,-0.39%
2008/4/24,5.13,5.13,5.13,5.13,-0.39%
2008/4/23,5.15,5.15,5.15,5.15,0.39%
2008/4/22,5.13,5.13,5.13,5.13,-0.58%
2008/4/21,5.16,5.16,5.16,5.16,0.00%
2008/4/18,5.16,5.16,5.16,5.16,0.98%
2008/4/17,5.11,5.11,5.11,5.11,0.00%
2008/4/16,5.11,5.11,5.11,5.11,-0.58%
2008/4/15,5.14,5.14,5.14,5.14,0.19%
2008/4/14,5.13,5.13,5.13,5.13,0.98%
2008/4/11,5.08,5.08,5.08,5.08,-0.39%
2008/4/10,5.1,5.1,5.1,5.1,-1.73%
2008/4/8,5.19,5.19,5.19,5.19,-1.33%
2008/4/7,5.26,5.26,5.26,5.26,0.38%
2008/4/4,5.24,5.24,5.24,5.24,0.38%
2008/4/3,5.22,5.22,5.22,5.22,-0.95%
2008/4/2,5.27,5.27,5.27,5.27,-0.75%
2008/4/1,5.31,5.31,5.31,5.31,-0.93%
2008/3/31,5.36,5.36,5.36,5.36,0.00%
2008/3/28,5.36,5.36,5.36,5.36,0.19%
2008/3/27,5.35,5.35,5.35,5.35,-2.19%
2008/3/26,5.47,5.47,5.47,5.47,-0.55%
2008/3/25,5.5,5.5,5.5,5.5,0.00%
2008/3/24,5.5,5.5,5.5,5.5,1.85%
2008/3/21,5.4,5.4,5.4,5.4,-1.10%
2008/3/20,5.46,5.46,5.46,5.46,0.37%
2008/3/19,5.44,5.44,5.44,5.44,0.37%
2008/3/18,5.42,5.42,5.42,5.42,-1.09%
2008/3/17,5.48,5.48,5.48,5.48,0.92%
2008/3/14,5.43,5.43,5.43,5.43,0.37%
2008/3/13,5.41,5.41,5.41,5.41,1.12%
2008/3/12,5.35,5.35,5.35,5.35,0.00%
2008/3/11,5.35,5.35,5.35,5.35,0.00%
2008/3/10,5.35,5.35,5.35,5.35,1.90%
2008/3/7,5.25,5.25,5.25,5.25,0.00%
2008/3/6,5.25,5.25,5.25,5.25,1.16%
2008/3/5,5.19,5.19,5.19,5.19,-0.19%
2008/3/4,5.2,5.2,5.2,5.2,0.19%
2008/3/3,5.19,5.19,5.19,5.19,-0.95%
2008/2/29,5.24,5.24,5.24,5.24,-0.57%
2008/2/28,5.27,5.27,5.27,5.27,-0.19%
2008/2/27,5.28,5.28,5.28,5.28,-0.94%
2008/2/26,5.33,5.33,5.33,5.33,0.57%
2008/2/25,5.3,5.3,5.3,5.3,0.19%
2008/2/22,5.29,5.29,5.29,5.29,-0.94%
2008/2/21,5.34,5.34,5.34,5.34,1.52%
2008/2/20,5.26,5.26,5.26,5.26,0.00%
2008/2/19,5.26,5.26,5.26,5.26,0.77%
2008/2/18,5.22,5.22,5.22,5.22,0.19%
2008/2/15,5.21,5.21,5.21,5.21,-0.57%
2008/2/14,5.24,5.24,5.24,5.24,0.38%
2008/2/13,5.22,5.22,5.22,5.22,-1.32%
2008/2/12,5.29,5.29,5.29,5.29,0.00%
2008/2/11,5.29,5.29,5.29,5.29,-0.94%
2008/2/5,5.34,5.34,5.34,5.34,0.00%
2008/2/4,5.34,5.34,5.34,5.34,1.91%
2008/2/1,5.24,5.24,5.24,5.24,0.19%
2008/1/31,5.23,5.23,5.23,5.23,-0.76%
2008/1/30,5.27,5.27,5.27,5.27,0.38%
2008/1/29,5.25,5.25,5.25,5.25,0.00%
2008/1/28,5.25,5.25,5.25,5.25,-0.38%
2008/1/25,5.27,5.27,5.27,5.27,0.00%
2008/1/24,5.27,5.27,5.27,5.27,-1.68%
2008/1/23,5.36,5.36,5.36,5.36,-0.74%
2008/1/22,5.4,5.4,5.4,5.4,0.56%
2008/1/21,5.37,5.37,5.37,5.37,-0.56%
2008/1/18,5.4,5.4,5.4,5.4,-1.64%
2008/1/17,5.49,5.49,5.49,5.49,0.92%
2008/1/16,5.44,5.44,5.44,5.44,-3.03%
2008/1/15,5.61,5.61,5.61,5.61,-1.23%
2008/1/14,5.68,5.68,5.68,5.68,0.00%
2008/1/11,5.68,5.68,5.68,5.68,-4.22%
2008/1/10,5.93,5.93,5.93,5.93,-1.33%
2008/1/9,6.01,6.01,6.01,6.01,0.33%
2008/1/8,5.99,5.99,5.99,5.99,1.87%
2008/1/7,5.88,5.88,5.88,5.88,0.68%
2008/1/4,5.84,5.84,5.84,5.84,-0.68%
2008/1/3,5.88,5.88,5.88,5.88,2.44%
2008/1/2,5.74,5.74,5.74,5.74,0.00%
2008/1/1,5.74,5.74,5.74,5.74,0.00%
2007/12/28,5.74,5.74,5.74,5.74,0.00%
2007/12/27,5.74,5.74,5.74,5.74,-0.69%
2007/12/26,5.78,5.78,5.78,5.78,0.00%
2007/12/24,5.78,5.78,5.78,5.78,0.00%
2007/12/21,5.78,5.78,5.78,5.78,0.00%
2007/12/20,5.78,5.78,5.78,5.78,-0.86%
2007/12/18,5.83,5.83,5.83,5.83,1.04%
2007/12/17,5.77,5.77,5.77,5.77,-1.03%
2007/12/14,5.83,5.83,5.83,5.83,0.00%
2007/12/13,5.83,5.83,5.83,5.83,-1.69%
2007/12/12,5.93,5.93,5.93,5.93,-1.66%
2007/12/11,6.03,6.03,6.03,6.03,0.00%
2007/12/10,6.03,6.03,6.03,6.03,0.84%
2007/12/7,5.98,5.98,5.98,5.98,2.57%
2007/12/6,5.83,5.83,5.83,5.83,-0.17%
2007/12/5,5.84,5.84,5.84,5.84,2.10%
2007/12/4,5.72,5.72,5.72,5.72,-0.35%
2007/12/3,5.74,5.74,5.74,5.74,-1.71%
2007/11/30,5.84,5.84,5.84,5.84,-0.51%
2007/11/29,5.87,5.87,5.87,5.87,1.56%
2007/11/28,5.78,5.78,5.78,5.78,1.40%
2007/11/27,5.7,5.7,5.7,5.7,0.53%
2007/11/26,5.67,5.67,5.67,5.67,-1.22%
2007/11/23,5.74,5.74,5.74,5.74,0.35%
2007/11/22,5.72,5.72,5.72,5.72,1.24%
2007/11/21,5.65,5.65,5.65,5.65,0.00%
2007/11/20,5.65,5.65,5.65,5.65,0.71%
2007/11/19,5.61,5.61,5.61,5.61,2.19%
2007/11/16,5.49,5.49,5.49,5.49,0.37%
2007/11/15,5.47,5.47,5.47,5.47,0.74%
2007/11/14,5.43,5.43,5.43,5.43,0.00%
2007/11/13,5.43,5.43,5.43,5.43,0.18%
2007/11/12,5.42,5.42,5.42,5.42,0.18%
2007/11/9,5.41,5.41,5.41,5.41,-0.18%
2007/11/8,5.42,5.42,5.42,5.42,-1.45%
2007/11/7,5.5,5.5,5.5,5.5,-0.36%
2007/11/6,5.52,5.52,5.52,5.52,-0.36%
2007/11/5,5.54,5.54,5.54,5.54,-0.36%
2007/11/2,5.56,5.56,5.56,5.56,-0.71%
2007/11/1,5.6,5.6,5.6,5.6,0.54%
2007/10/31,5.57,5.57,5.57,5.57,0.91%
2007/10/30,5.52,5.52,5.52,5.52,0.18%
2007/10/29,5.51,5.51,5.51,5.51,0.36%
2007/10/26,5.49,5.49,5.49,5.49,0.00%
2007/10/25,5.49,5.49,5.49,5.49,0.55%
2007/10/24,5.46,5.46,5.46,5.46,-0.36%
2007/10/23,5.48,5.48,5.48,5.48,0.18%
2007/10/22,5.47,5.47,5.47,5.47,-1.62%
2007/10/19,5.56,5.56,5.56,5.56,0.00%
2007/10/18,5.56,5.56,5.56,5.56,0.18%
2007/10/17,5.55,5.55,5.55,5.55,-1.25%
2007/10/16,5.62,5.62,5.62,5.62,-0.35%
2007/10/15,5.64,5.64,5.64,5.64,0.53%
2007/10/12,5.61,5.61,5.61,5.61,0.54%
2007/10/11,5.58,5.58,5.58,5.58,0.00%
2007/10/10,5.58,5.58,5.58,5.58,0.00%
2007/10/9,5.58,5.58,5.58,5.58,0.54%
2007/10/8,5.55,5.55,5.55,5.55,0.00%
2007/10/5,5.55,5.55,5.55,5.55,-0.54%
2007/10/4,5.58,5.58,5.58,5.58,-0.53%
2007/10/2,5.61,5.61,5.61,5.61,0.18%
2007/10/1,5.6,5.6,5.6,5.6,0.00%
2007/9/28,5.6,5.6,5.6,5.6,0.00%
2007/9/27,5.6,5.6,5.6,5.6,0.36%
2007/9/21,5.58,5.58,5.58,5.58,0.90%
2007/9/20,5.53,5.53,5.53,5.53,0.36%
2007/9/19,5.51,5.51,5.51,5.51,0.18%
2007/9/18,5.5,5.5,5.5,5.5,0.00%
2007/9/17,5.5,5.5,5.5,5.5,-0.18%
2007/9/14,5.51,5.51,5.51,5.51,0.73%
2007/9/13,5.47,5.47,5.47,5.47,0.18%
2007/9/12,5.46,5.46,5.46,5.46,-0.18%
2007/9/11,5.47,5.47,5.47,5.47,0.92%
2007/9/10,5.42,5.42,5.42,5.42,-1.81%
2007/9/7,5.52,5.52,5.52,5.52,-0.18%
2007/9/6,5.53,5.53,5.53,5.53,-0.36%
2007/9/5,5.55,5.55,5.55,5.55,-0.18%
2007/9/4,5.56,5.56,5.56,5.56,-0.18%
2007/9/3,5.57,5.57,5.57,5.57,0.36%
2007/8/31,5.55,5.55,5.55,5.55,0.54%
2007/8/30,5.52,5.52,5.52,5.52,0.55%
2007/8/29,5.49,5.49,5.49,5.49,-0.18%
2007/8/28,5.5,5.5,5.5,5.5,0.36%
2007/8/27,5.48,5.48,5.48,5.48,0.18%
2007/8/24,5.47,5.47,5.47,5.47,0.55%
2007/8/23,5.44,5.44,5.44,5.44,0.74%
2007/8/22,5.4,5.4,5.4,5.4,0.37%
2007/8/21,5.38,5.38,5.38,5.38,0.00%
2007/8/20,5.38,5.38,5.38,5.38,0.56%
2007/8/17,5.35,5.35,5.35,5.35,0.19%
2007/8/16,5.34,5.34,5.34,5.34,-1.11%
2007/8/14,5.4,5.4,5.4,5.4,0.75%
2007/8/13,5.36,5.36,5.36,5.36,0.37%
2007/8/10,5.34,5.34,5.34,5.34,-2.55%
2007/8/9,5.48,5.48,5.48,5.48,1.86%
2007/8/8,5.38,5.38,5.38,5.38,0.00%
2007/8/7,5.38,5.38,5.38,5.38,1.32%
2007/8/6,5.31,5.31,5.31,5.31,0.00%
2007/8/3,5.31,5.31,5.31,5.31,0.00%
2007/8/2,5.31,5.31,5.31,5.31,0.00%
2007/8/1,5.31,5.31,5.31,5.31,-1.30%
2007/7/31,5.38,5.38,5.38,5.38,-0.19%
2007/7/30,5.39,5.39,5.39,5.39,0.00%
2007/7/27,5.39,5.39,5.39,5.39,-1.10%
2007/7/26,5.45,5.45,5.45,5.45,-1.09%
2007/7/25,5.51,5.51,5.51,5.51,-0.36%
2007/7/24,5.53,5.53,5.53,5.53,-0.18%
2007/7/23,5.54,5.54,5.54,5.54,-0.36%
2007/7/20,5.56,5.56,5.56,5.56,0.18%
2007/7/19,5.55,5.55,5.55,5.55,-0.36%
2007/7/18,5.57,5.57,5.57,5.57,-0.18%
2007/7/16,5.58,5.58,5.58,5.58,-0.18%
2007/7/13,5.59,5.59,5.59,5.59,0.72%
2007/7/12,5.55,5.55,5.55,5.55,1.09%
2007/7/11,5.49,5.49,5.49,5.49,-1.08%
2007/7/10,5.55,5.55,5.55,5.55,0.00%
2007/7/9,5.55,5.55,5.55,5.55,-0.36%
2007/7/6,5.57,5.57,5.57,5.57,-0.36%
2007/7/5,5.59,5.59,5.59,5.59,1.08%
2007/7/4,5.53,5.53,5.53,5.53,-0.18%
2007/7/3,5.54,5.54,5.54,5.54,0.18%
2007/7/2,5.53,5.53,5.53,5.53,0.18%
2007/6/29,5.52,5.52,5.52,5.52,0.73%
2007/6/28,5.48,5.48,5.48,5.48,-1.08%
2007/6/27,5.54,5.54,5.54,5.54,-0.54%
2007/6/26,5.57,5.57,5.57,5.57,-0.18%
2007/6/25,5.58,5.58,5.58,5.58,-0.71%
2007/6/22,5.62,5.62,5.62,5.62,-0.71%
2007/6/21,5.66,5.66,5.66,5.66,2.54%
2007/6/20,5.52,5.52,5.52,5.52,0.36%
2007/6/19,5.5,5.5,5.5,5.5,0.18%
2007/6/18,5.49,5.49,5.49,5.49,0.00%
2007/6/15,5.49,5.49,5.49,5.49,0.00%
2007/6/14,5.49,5.49,5.49,5.49,-0.36%
2007/6/13,5.51,5.51,5.51,5.51,-0.36%
2007/6/12,5.53,5.53,5.53,5.53,1.47%
2007/6/11,5.45,5.45,5.45,5.45,0.18%
2007/6/8,5.44,5.44,5.44,5.44,2.26%
2007/6/7,5.32,5.32,5.32,5.32,0.57%
2007/6/5,5.29,5.29,5.29,5.29,-0.38%
2007/6/4,5.31,5.31,5.31,5.31,-0.19%
2007/6/1,5.32,5.32,5.32,5.32,0.00%
2007/5/31,5.32,5.32,5.32,5.32,0.38%
2007/5/30,5.3,5.3,5.3,5.3,0.00%
2007/5/29,5.3,5.3,5.3,5.3,0.00%
2007/5/28,5.3,5.3,5.3,5.3,0.00%
2007/5/25,5.3,5.3,5.3,5.3,0.00%
2007/5/23,5.3,5.3,5.3,5.3,0.76%
2007/5/22,5.26,5.26,5.26,5.26,0.00%
2007/5/21,5.26,5.26,5.26,5.26,0.19%
2007/5/18,5.25,5.25,5.25,5.25,0.57%
2007/5/17,5.22,5.22,5.22,5.22,0.58%
2007/5/16,5.19,5.19,5.19,5.19,0.00%
2007/5/15,5.19,5.19,5.19,5.19,0.39%
2007/5/14,5.17,5.17,5.17,5.17,-0.19%
2007/5/11,5.18,5.18,5.18,5.18,0.00%
2007/5/10,5.18,5.18,5.18,5.18,0.00%
2007/5/9,5.18,5.18,5.18,5.18,0.58%
2007/5/8,5.15,5.15,5.15,5.15,0.59%
2007/5/7,5.12,5.12,5.12,5.12,0.59%
2007/5/4,5.09,5.09,5.09,5.09,-0.39%
2007/5/3,5.11,5.11,5.11,5.11,-0.58%
2007/5/2,5.14,5.14,5.14,5.14,-0.19%
2007/4/30,5.15,5.15,5.15,5.15,0.39%
2007/4/27,5.13,5.13,5.13,5.13,-0.19%
2007/4/26,5.14,5.14,5.14,5.14,0.59%
2007/4/25,5.11,5.11,5.11,5.11,0.00%
2007/4/24,5.11,5.11,5.11,5.11,-0.58%
2007/4/23,5.14,5.14,5.14,5.14,-0.19%
2007/4/20,5.15,5.15,5.15,5.15,1.58%
2007/4/19,5.07,5.07,5.07,5.07,-0.20%
2007/4/18,5.08,5.08,5.08,5.08,-0.39%
2007/4/17,5.1,5.1,5.1,5.1,-0.20%
2007/4/16,5.11,5.11,5.11,5.11,-0.20%
2007/4/13,5.12,5.12,5.12,5.12,0.59%
2007/4/12,5.09,5.09,5.09,5.09,0.20%
2007/4/11,5.08,5.08,5.08,5.08,0.40%
2007/4/10,5.06,5.06,5.06,5.06,0.00%
2007/4/9,5.06,5.06,5.06,5.06,1.61%
2007/4/6,4.98,4.98,4.98,4.98,0.00%
2007/4/5,4.98,4.98,4.98,4.98,0.00%
2007/4/4,4.98,4.98,4.98,4.98,0.61%
2007/4/3,4.95,4.95,4.95,4.95,0.20%
2007/4/2,4.94,4.94,4.94,4.94,0.20%
2007/3/30,4.93,4.93,4.93,4.93,0.00%
2007/3/29,4.93,4.93,4.93,4.93,0.20%
2007/3/28,4.92,4.92,4.92,4.92,-0.20%
2007/3/27,4.93,4.93,4.93,4.93,-0.20%
2007/3/26,4.94,4.94,4.94,4.94,0.00%
2007/3/23,4.94,4.94,4.94,4.94,0.20%
2007/3/22,4.93,4.93,4.93,4.93,0.00%
2007/3/21,4.93,4.93,4.93,4.93,-0.20%
2007/3/20,4.94,4.94,4.94,4.94,0.20%
2007/3/19,4.93,4.93,4.93,4.93,-0.20%
2007/3/16,4.94,4.94,4.94,4.94,-0.20%
2007/3/15,4.95,4.95,4.95,4.95,0.00%
2007/3/14,4.95,4.95,4.95,4.95,-0.40%
2007/3/13,4.97,4.97,4.97,4.97,0.20%
2007/3/12,4.96,4.96,4.96,4.96,0.81%
2007/3/9,4.92,4.92,4.92,4.92,0.00%
2007/3/8,4.92,4.92,4.92,4.92,-0.20%
2007/3/7,4.93,4.93,4.93,4.93,-0.60%
2007/3/6,4.96,4.96,4.96,4.96,0.40%
2007/3/5,4.94,4.94,4.94,4.94,-1.00%
2007/3/2,4.99,4.99,4.99,4.99,1.42%
2007/2/28,4.92,4.92,4.92,4.92,-0.61%
2007/2/27,4.95,4.95,4.95,4.95,0.81%
2007/2/26,4.91,4.91,4.91,4.91,-0.81%
2007/2/23,4.95,4.95,4.95,4.95,0.00%
2007/2/22,4.95,4.95,4.95,4.95,-0.20%
2007/2/21,4.96,4.96,4.96,4.96,-0.40%
2007/2/20,4.98,4.98,4.98,4.98,0.61%
2007/2/16,4.95,4.95,4.95,4.95,0.20%
2007/2/15,4.94,4.94,4.94,4.94,-1.40%
2007/2/14,5.01,5.01,5.01,5.01,0.20%
2007/2/13,5,5,5,5,0.00%
2007/2/12,5,5,5,5,0.00%
2007/2/9,5,5,5,5,0.00%
2007/2/8,5,5,5,5,-1.57%
2007/2/7,5.08,5.08,5.08,5.08,-0.20%
2007/2/6,5.09,5.09,5.09,5.09,-1.55%
2007/2/5,5.17,5.17,5.17,5.17,0.78%
2007/2/2,5.13,5.13,5.13,5.13,2.19%
2007/2/1,5.02,5.02,5.02,5.02,-0.40%
2007/1/31,5.04,5.04,5.04,5.04,-0.40%
2007/1/30,5.06,5.06,5.06,5.06,-0.39%
2007/1/29,5.08,5.08,5.08,5.08,0.20%
2007/1/26,5.07,5.07,5.07,5.07,-0.20%
2007/1/25,5.08,5.08,5.08,5.08,-0.20%
2007/1/24,5.09,5.09,5.09,5.09,0.59%
2007/1/23,5.06,5.06,5.06,5.06,0.00%
2007/1/22,5.06,5.06,5.06,5.06,0.00%
2007/1/19,5.06,5.06,5.06,5.06,0.00%
2007/1/18,5.06,5.06,5.06,5.06,0.20%
2007/1/17,5.05,5.05,5.05,5.05,0.40%
2007/1/16,5.03,5.03,5.03,5.03,-0.20%
2007/1/15,5.04,5.04,5.04,5.04,0.00%
2007/1/12,5.04,5.04,5.04,5.04,1.41%
2007/1/11,4.97,4.97,4.97,4.97,0.00%
2007/1/10,4.97,4.97,4.97,4.97,0.20%
2007/1/9,4.96,4.96,4.96,4.96,-0.60%
2007/1/8,4.99,4.99,4.99,4.99,-0.20%
2007/1/5,5,5,5,5,-0.40%
2007/1/4,5.02,5.02,5.02,5.02,0.00%
2007/1/3,5.02,5.02,5.02,5.02,-0.59%
2007/1/2,5.05,5.05,5.05,5.05,0.00%
2006/12/28,5.05,5.05,5.05,5.05,0.00%
2006/12/27,5.05,5.05,5.05,5.05,1.41%
2006/12/26,4.98,4.98,4.98,4.98,0.00%
2006/12/22,4.98,4.98,4.98,4.98,0.00%
2006/12/21,4.98,4.98,4.98,4.98,-0.20%
2006/12/20,4.99,4.99,4.99,4.99,0.60%
2006/12/19,4.96,4.96,4.96,4.96,0.00%
2006/12/18,4.96,4.96,4.96,4.96,0.20%
2006/12/15,4.95,4.95,4.95,4.95,0.00%
2006/12/14,4.95,4.95,4.95,4.95,1.43%
2006/12/13,4.88,4.88,4.88,4.88,-0.20%
2006/12/12,4.89,4.89,4.89,4.89,-0.61%
2006/12/11,4.92,4.92,4.92,4.92,1.23%
2006/12/8,4.86,4.86,4.86,4.86,0.21%
2006/12/7,4.85,4.85,4.85,4.85,0.00%
2006/12/6,4.85,4.85,4.85,4.85,-0.61%
2006/12/5,4.88,4.88,4.88,4.88,-0.81%
2006/12/4,4.92,4.92,4.92,4.92,-0.61%
2006/12/1,4.95,4.95,4.95,4.95,-0.20%
2006/11/30,4.96,4.96,4.96,4.96,-0.40%
2006/11/29,4.98,4.98,4.98,4.98,0.40%
2006/11/28,4.96,4.96,4.96,4.96,0.20%
2006/11/27,4.95,4.95,4.95,4.95,0.00%
2006/11/24,4.95,4.95,4.95,4.95,0.00%
2006/11/23,4.95,4.95,4.95,4.95,0.81%
2006/11/22,4.91,4.91,4.91,4.91,0.00%
2006/11/21,4.91,4.91,4.91,4.91,1.24%
2006/11/20,4.85,4.85,4.85,4.85,-0.61%
2006/11/17,4.88,4.88,4.88,4.88,0.00%
2006/11/16,4.88,4.88,4.88,4.88,-0.41%
2006/11/15,4.9,4.9,4.9,4.9,0.00%
2006/11/14,4.9,4.9,4.9,4.9,1.45%
2006/11/13,4.83,4.83,4.83,4.83,-1.23%
2006/11/10,4.89,4.89,4.89,4.89,0.62%
2006/11/9,4.86,4.86,4.86,4.86,-2.02%
2006/11/8,4.96,4.96,4.96,4.96,0.61%
2006/11/7,4.93,4.93,4.93,4.93,0.20%
2006/11/6,4.92,4.92,4.92,4.92,3.14%
2006/11/3,4.77,4.77,4.77,4.77,-0.83%
2006/11/2,4.81,4.81,4.81,4.81,-1.23%
2006/11/1,4.87,4.87,4.87,4.87,-0.81%
2006/10/31,4.91,4.91,4.91,4.91,1.24%
2006/10/30,4.85,4.85,4.85,4.85,0.41%
2006/10/27,4.83,4.83,4.83,4.83,0.00%
2006/10/26,4.83,4.83,4.83,4.83,-0.62%
2006/10/25,4.86,4.86,4.86,4.86,-0.21%
2006/10/24,4.87,4.87,4.87,4.87,2.53%
2006/10/23,4.75,4.75,4.75,4.75,0.21%
2006/10/20,4.74,4.74,4.74,4.74,0.00%
2006/10/19,4.74,4.74,4.74,4.74,-0.63%
2006/10/18,4.77,4.77,4.77,4.77,-0.21%
2006/10/17,4.78,4.78,4.78,4.78,-0.42%
2006/10/16,4.8,4.8,4.8,4.8,0.00%
2006/10/13,4.8,4.8,4.8,4.8,0.63%
2006/10/12,4.77,4.77,4.77,4.77,0.21%
2006/10/11,4.76,4.76,4.76,4.76,1.06%
2006/10/10,4.71,4.71,4.71,4.71,-0.63%
2006/10/9,4.74,4.74,4.74,4.74,0.21%
2006/10/4,4.73,4.73,4.73,4.73,-0.63%
2006/10/2,4.76,4.76,4.76,4.76,0.85%
2006/9/29,4.72,4.72,4.72,4.72,-2.07%
2006/9/28,4.82,4.82,4.82,4.82,-0.41%
2006/9/27,4.84,4.84,4.84,4.84,-0.21%
2006/9/26,4.85,4.85,4.85,4.85,0.00%
2006/9/25,4.85,4.85,4.85,4.85,0.21%
2006/9/22,4.84,4.84,4.84,4.84,-0.82%
2006/9/21,4.88,4.88,4.88,4.88,-0.41%
2006/9/20,4.9,4.9,4.9,4.9,-1.01%
2006/9/19,4.95,4.95,4.95,4.95,0.20%
2006/9/18,4.94,4.94,4.94,4.94,0.82%
2006/9/15,4.9,4.9,4.9,4.9,-0.20%
2006/9/14,4.91,4.91,4.91,4.91,0.41%
2006/9/13,4.89,4.89,4.89,4.89,-0.41%
2006/9/12,4.91,4.91,4.91,4.91,0.20%
2006/9/11,4.9,4.9,4.9,4.9,0.41%
2006/9/8,4.88,4.88,4.88,4.88,-0.20%
2006/9/7,4.89,4.89,4.89,4.89,-1.41%
2006/9/6,4.96,4.96,4.96,4.96,1.43%
2006/9/5,4.89,4.89,4.89,4.89,0.00%
2006/9/4,4.89,4.89,4.89,4.89,-0.41%
2006/9/1,4.91,4.91,4.91,4.91,-1.01%
2006/8/31,4.96,4.96,4.96,4.96,0.00%
2006/8/30,4.96,4.96,4.96,4.96,0.61%
2006/8/29,4.93,4.93,4.93,4.93,0.41%
2006/8/28,4.91,4.91,4.91,4.91,-0.20%
2006/8/25,4.92,4.92,4.92,4.92,0.61%
2006/8/24,4.89,4.89,4.89,4.89,0.41%
2006/8/23,4.87,4.87,4.87,4.87,-0.61%
2006/8/22,4.9,4.9,4.9,4.9,0.20%
2006/8/21,4.89,4.89,4.89,4.89,0.41%
2006/8/18,4.87,4.87,4.87,4.87,-0.20%
2006/8/17,4.88,4.88,4.88,4.88,-1.41%
2006/8/16,4.95,4.95,4.95,4.95,1.64%
2006/8/14,4.87,4.87,4.87,4.87,0.00%
2006/8/11,4.87,4.87,4.87,4.87,-2.01%
2006/8/10,4.97,4.97,4.97,4.97,0.20%
2006/8/9,4.96,4.96,4.96,4.96,0.00%
2006/8/8,4.96,4.96,4.96,4.96,-0.80%
2006/8/7,5,5,5,5,0.00%
2006/8/4,5,5,5,5,0.40%
2006/8/3,4.98,4.98,4.98,4.98,0.00%
2006/8/2,4.98,4.98,4.98,4.98,0.20%
2006/8/1,4.97,4.97,4.97,4.97,-1.58%
2006/7/31,5.05,5.05,5.05,5.05,-0.59%
2006/7/28,5.08,5.08,5.08,5.08,-0.20%
2006/7/27,5.09,5.09,5.09,5.09,-0.59%
2006/7/26,5.12,5.12,5.12,5.12,-0.19%
2006/7/25,5.13,5.13,5.13,5.13,0.20%
2006/7/24,5.12,5.12,5.12,5.12,0.39%
2006/7/21,5.1,5.1,5.1,5.1,0.00%
2006/7/20,5.1,5.1,5.1,5.1,-1.16%
2006/7/19,5.16,5.16,5.16,5.16,0.19%
2006/7/18,5.15,5.15,5.15,5.15,-0.39%
2006/7/14,5.17,5.17,5.17,5.17,-1.34%
2006/7/13,5.24,5.24,5.24,5.24,0.38%
2006/7/12,5.22,5.22,5.22,5.22,0.00%
2006/7/11,5.22,5.22,5.22,5.22,-0.95%
2006/7/10,5.27,5.27,5.27,5.27,0.38%
2006/7/7,5.25,5.25,5.25,5.25,1.35%
2006/7/6,5.18,5.18,5.18,5.18,0.00%
2006/7/5,5.18,5.18,5.18,5.18,-0.19%
2006/7/4,5.19,5.19,5.19,5.19,0.19%
2006/7/3,5.18,5.18,5.18,5.18,-0.38%
2006/6/30,5.2,5.2,5.2,5.2,-1.52%
2006/6/29,5.28,5.28,5.28,5.28,-0.75%
2006/6/28,5.32,5.32,5.32,5.32,-0.56%
2006/6/27,5.35,5.35,5.35,5.35,0.38%
2006/6/26,5.33,5.33,5.33,5.33,-0.37%
2006/6/23,5.35,5.35,5.35,5.35,1.13%
2006/6/22,5.29,5.29,5.29,5.29,0.00%
2006/6/21,5.29,5.29,5.29,5.29,-0.38%
2006/6/20,5.31,5.31,5.31,5.31,0.38%
2006/6/19,5.29,5.29,5.29,5.29,0.57%
2006/6/16,5.26,5.26,5.26,5.26,0.19%
2006/6/15,5.25,5.25,5.25,5.25,0.57%
2006/6/14,5.22,5.22,5.22,5.22,0.58%
2006/6/13,5.19,5.19,5.19,5.19,0.19%
2006/6/12,5.18,5.18,5.18,5.18,0.19%
2006/6/9,5.17,5.17,5.17,5.17,-0.19%
2006/6/8,5.18,5.18,5.18,5.18,0.00%
2006/6/7,5.18,5.18,5.18,5.18,0.39%
2006/6/5,5.16,5.16,5.16,5.16,0.00%
2006/6/2,5.16,5.16,5.16,5.16,-0.19%
2006/6/1,5.17,5.17,5.17,5.17,0.39%
2006/5/30,5.15,5.15,5.15,5.15,-0.77%
2006/5/29,5.19,5.19,5.19,5.19,-0.38%
2006/5/26,5.21,5.21,5.21,5.21,0.58%
2006/5/25,5.18,5.18,5.18,5.18,-0.38%
2006/5/24,5.2,5.2,5.2,5.2,0.00%
2006/5/23,5.2,5.2,5.2,5.2,0.78%
2006/5/22,5.16,5.16,5.16,5.16,0.00%
2006/5/19,5.16,5.16,5.16,5.16,-0.77%
2006/5/18,5.2,5.2,5.2,5.2,-0.19%
2006/5/17,5.21,5.21,5.21,5.21,-0.57%
2006/5/16,5.24,5.24,5.24,5.24,0.38%
2006/5/15,5.22,5.22,5.22,5.22,0.97%
2006/5/12,5.17,5.17,5.17,5.17,0.19%
2006/5/11,5.16,5.16,5.16,5.16,-1.53%
2006/5/10,5.24,5.24,5.24,5.24,0.19%
2006/5/9,5.23,5.23,5.23,5.23,0.19%
2006/5/8,5.22,5.22,5.22,5.22,0.00%
2006/5/4,5.22,5.22,5.22,5.22,-0.95%
2006/5/3,5.27,5.27,5.27,5.27,0.38%
2006/5/2,5.25,5.25,5.25,5.25,0.19%
2006/4/28,5.24,5.24,5.24,5.24,-1.69%
2006/4/27,5.33,5.33,5.33,5.33,0.00%
2006/4/26,5.33,5.33,5.33,5.33,-0.74%
2006/4/25,5.37,5.37,5.37,5.37,-0.19%
2006/4/24,5.38,5.38,5.38,5.38,-0.37%
2006/4/21,5.4,5.4,5.4,5.4,-1.10%
2006/4/20,5.46,5.46,5.46,5.46,0.00%
2006/4/19,5.46,5.46,5.46,5.46,-1.44%
2006/4/18,5.54,5.54,5.54,5.54,-0.36%
2006/4/17,5.56,5.56,5.56,5.56,-0.36%
2006/4/14,5.58,5.58,5.58,5.58,0.54%
2006/4/13,5.55,5.55,5.55,5.55,0.73%
2006/4/12,5.51,5.51,5.51,5.51,0.36%
2006/4/11,5.49,5.49,5.49,5.49,0.92%
2006/4/10,5.44,5.44,5.44,5.44,-0.55%
2006/4/7,5.47,5.47,5.47,5.47,0.37%
2006/4/6,5.45,5.45,5.45,5.45,-0.73%
2006/4/5,5.49,5.49,5.49,5.49,-0.54%
2006/4/4,5.52,5.52,5.52,5.52,1.47%
2006/4/3,5.44,5.44,5.44,5.44,0.55%
2006/3/31,5.41,5.41,5.41,5.41,0.00%
2006/3/30,5.41,5.41,5.41,5.41,0.19%
2006/3/29,5.4,5.4,5.4,5.4,-1.10%
2006/3/28,5.46,5.46,5.46,5.46,-0.55%
2006/3/27,5.49,5.49,5.49,5.49,0.18%
2006/3/24,5.48,5.48,5.48,5.48,0.18%
2006/3/23,5.47,5.47,5.47,5.47,-0.18%
2006/3/22,5.48,5.48,5.48,5.48,0.18%
2006/3/21,5.47,5.47,5.47,5.47,0.00%
2006/3/20,5.47,5.47,5.47,5.47,0.92%
2006/3/17,5.42,5.42,5.42,5.42,-0.37%
2006/3/16,5.44,5.44,5.44,5.44,1.30%
2006/3/15,5.37,5.37,5.37,5.37,-0.19%
2006/3/14,5.38,5.38,5.38,5.38,0.00%
2006/3/13,5.38,5.38,5.38,5.38,1.32%
2006/3/10,5.31,5.31,5.31,5.31,-1.85%
2006/3/9,5.41,5.41,5.41,5.41,-1.46%
2006/3/8,5.49,5.49,5.49,5.49,-0.18%
2006/3/7,5.5,5.5,5.5,5.5,1.85%
2006/3/6,5.4,5.4,5.4,5.4,1.12%
2006/3/3,5.34,5.34,5.34,5.34,0.38%
2006/3/2,5.32,5.32,5.32,5.32,1.33%
2006/2/28,5.25,5.25,5.25,5.25,1.16%
2006/2/27,5.19,5.19,5.19,5.19,0.19%
2006/2/24,5.18,5.18,5.18,5.18,0.19%
2006/2/23,5.17,5.17,5.17,5.17,-0.19%
2006/2/22,5.18,5.18,5.18,5.18,-0.58%
2006/2/21,5.21,5.21,5.21,5.21,-0.38%
2006/2/20,5.23,5.23,5.23,5.23,0.38%
2006/2/17,5.21,5.21,5.21,5.21,0.39%
2006/2/16,5.19,5.19,5.19,5.19,-0.19%
2006/2/15,5.2,5.2,5.2,5.2,-0.76%
2006/2/14,5.24,5.24,5.24,5.24,-0.57%
2006/2/13,5.27,5.27,5.27,5.27,0.00%
2006/2/10,5.27,5.27,5.27,5.27,-0.38%
2006/2/9,5.29,5.29,5.29,5.29,-2.22%
2006/2/8,5.41,5.41,5.41,5.41,-0.18%
2006/2/7,5.42,5.42,5.42,5.42,-0.18%
2006/2/6,5.43,5.43,5.43,5.43,0.00%
2006/2/3,5.43,5.43,5.43,5.43,1.12%
2006/2/2,5.37,5.37,5.37,5.37,0.00%
2006/2/1,5.37,5.37,5.37,5.37,-1.65%
2006/1/31,5.46,5.46,5.46,5.46,0.18%
2006/1/27,5.45,5.45,5.45,5.45,0.18%
2006/1/26,5.44,5.44,5.44,5.44,-0.91%
2006/1/25,5.49,5.49,5.49,5.49,-1.08%
2006/1/24,5.55,5.55,5.55,5.55,0.91%
2006/1/23,5.5,5.5,5.5,5.5,-0.18%
2006/1/20,5.51,5.51,5.51,5.51,-0.18%
2006/1/19,5.52,5.52,5.52,5.52,0.73%
2006/1/18,5.48,5.48,5.48,5.48,-1.62%
2006/1/17,5.57,5.57,5.57,5.57,0.36%
2006/1/16,5.55,5.55,5.55,5.55,-0.18%
2006/1/13,5.56,5.56,5.56,5.56,-2.28%
2006/1/12,5.69,5.69,5.69,5.69,0.00%
2006/1/11,5.69,5.69,5.69,5.69,0.00%
2006/1/10,5.69,5.69,5.69,5.69,0.35%
2006/1/9,5.67,5.67,5.67,5.67,-0.87%
2006/1/6,5.72,5.72,5.72,5.72,0.35%
2006/1/5,5.7,5.7,5.7,5.7,1.06%
2006/1/4,5.64,5.64,5.64,5.64,-1.23%
2006/1/3,5.71,5.71,5.71,5.71,0.00%
2006/1/2,5.71,5.71,5.71,5.71,2.15%
2005/12/30,5.59,5.59,5.59,5.59,0.00%
2005/12/29,5.59,5.59,5.59,5.59,0.00%
2005/12/28,5.59,5.59,5.59,5.59,0.54%
2005/12/27,5.56,5.56,5.56,5.56,0.00%
2005/12/26,5.56,5.56,5.56,5.56,0.18%
2005/12/23,5.55,5.55,5.55,5.55,0.54%
2005/12/22,5.52,5.52,5.52,5.52,1.47%
2005/12/21,5.44,5.44,5.44,5.44,-0.18%
2005/12/20,5.45,5.45,5.45,5.45,0.00%
2005/12/19,5.45,5.45,5.45,5.45,-0.73%
2005/12/16,5.49,5.49,5.49,5.49,0.00%
2005/12/15,5.49,5.49,5.49,5.49,0.37%
2005/12/14,5.47,5.47,5.47,5.47,-2.32%
2005/12/13,5.6,5.6,5.6,5.6,0.00%
2005/12/12,5.6,5.6,5.6,5.6,0.72%
2005/12/9,5.56,5.56,5.56,5.56,-2.63%
2005/12/8,5.71,5.71,5.71,5.71,-1.89%
2005/12/7,5.82,5.82,5.82,5.82,0.34%
2005/12/6,5.8,5.8,5.8,5.8,-0.17%
2005/12/5,5.81,5.81,5.81,5.81,0.87%
2005/12/2,5.76,5.76,5.76,5.76,0.88%
2005/12/1,5.71,5.71,5.71,5.71,0.35%
2005/11/30,5.69,5.69,5.69,5.69,1.07%
2005/11/29,5.63,5.63,5.63,5.63,0.54%
2005/11/28,5.6,5.6,5.6,5.6,-0.53%
2005/11/25,5.63,5.63,5.63,5.63,-0.18%
2005/11/24,5.64,5.64,5.64,5.64,-0.53%
2005/11/23,5.67,5.67,5.67,5.67,-0.70%
2005/11/22,5.71,5.71,5.71,5.71,-0.87%
2005/11/21,5.76,5.76,5.76,5.76,0.17%
2005/11/18,5.75,5.75,5.75,5.75,0.00%
2005/11/17,5.75,5.75,5.75,5.75,-1.54%
2005/11/16,5.84,5.84,5.84,5.84,0.34%
2005/11/15,5.82,5.82,5.82,5.82,0.52%
2005/11/14,5.79,5.79,5.79,5.79,-0.17%
2005/11/11,5.8,5.8,5.8,5.8,1.22%
2005/11/10,5.73,5.73,5.73,5.73,0.35%
2005/11/9,5.71,5.71,5.71,5.71,1.24%
2005/11/8,5.64,5.64,5.64,5.64,-0.18%
2005/11/7,5.65,5.65,5.65,5.65,1.07%
2005/11/4,5.59,5.59,5.59,5.59,0.36%
2005/11/3,5.57,5.57,5.57,5.57,1.83%
2005/11/2,5.47,5.47,5.47,5.47,0.00%
2005/11/1,5.47,5.47,5.47,5.47,-0.18%
2005/10/31,5.48,5.48,5.48,5.48,-0.36%
2005/10/28,5.5,5.5,5.5,5.5,-0.72%
2005/10/27,5.54,5.54,5.54,5.54,1.47%
2005/10/26,5.46,5.46,5.46,5.46,-0.36%
2005/10/25,5.48,5.48,5.48,5.48,1.11%
2005/10/24,5.42,5.42,5.42,5.42,-0.18%
2005/10/21,5.43,5.43,5.43,5.43,1.50%
2005/10/20,5.35,5.35,5.35,5.35,-0.74%
2005/10/19,5.39,5.39,5.39,5.39,-1.10%
2005/10/18,5.45,5.45,5.45,5.45,0.00%
2005/10/17,5.45,5.45,5.45,5.45,1.68%
2005/10/14,5.36,5.36,5.36,5.36,0.94%
2005/10/13,5.31,5.31,5.31,5.31,1.92%
2005/10/12,5.21,5.21,5.21,5.21,1.17%
2005/10/11,5.15,5.15,5.15,5.15,-1.90%
2005/10/10,5.25,5.25,5.25,5.25,2.14%
2005/10/7,5.14,5.14,5.14,5.14,-1.15%
2005/10/6,5.2,5.2,5.2,5.2,-2.26%
2005/10/5,5.32,5.32,5.32,5.32,0.00%
2005/10/4,5.32,5.32,5.32,5.32,3.91%
2005/9/30,5.12,5.12,5.12,5.12,0.00%
2005/9/29,5.12,5.12,5.12,5.12,-1.35%
2005/9/28,5.19,5.19,5.19,5.19,-3.17%
2005/9/27,5.36,5.36,5.36,5.36,-0.19%
2005/9/26,5.37,5.37,5.37,5.37,0.94%
2005/9/23,5.32,5.32,5.32,5.32,0.38%
2005/9/22,5.3,5.3,5.3,5.3,0.00%
2005/9/21,5.3,5.3,5.3,5.3,3.52%
2005/9/20,5.12,5.12,5.12,5.12,-3.40%
2005/9/16,5.3,5.3,5.3,5.3,0.76%
2005/9/15,5.26,5.26,5.26,5.26,1.15%
2005/9/14,5.2,5.2,5.2,5.2,0.58%
2005/9/13,5.17,5.17,5.17,5.17,-0.19%
2005/9/12,5.18,5.18,5.18,5.18,-0.19%
2005/9/9,5.19,5.19,5.19,5.19,0.97%
2005/9/8,5.14,5.14,5.14,5.14,5.33%
2005/9/7,4.88,4.88,4.88,4.88,1.67%
2005/9/6,4.8,4.8,4.8,4.8,0.00%
2005/9/5,4.8,4.8,4.8,4.8,0.21%
2005/9/2,4.79,4.79,4.79,4.79,3.68%
2005/9/1,4.62,4.62,4.62,4.62,0.00%
2005/8/31,4.62,4.62,4.62,4.62,-7.97%
2005/8/30,5.02,5.02,5.02,5.02,3.93%
2005/8/29,4.83,4.83,4.83,4.83,-4.36%
2005/8/26,5.05,5.05,5.05,5.05,-1.17%
2005/8/25,5.11,5.11,5.11,5.11,-0.20%
2005/8/24,5.12,5.12,5.12,5.12,1.59%
2005/8/23,5.04,5.04,5.04,5.04,0.20%
2005/8/22,5.03,5.03,5.03,5.03,0.80%
2005/8/19,4.99,4.99,4.99,4.99,-1.19%
2005/8/18,5.05,5.05,5.05,5.05,0.60%
2005/8/17,5.02,5.02,5.02,5.02,-0.59%
2005/8/16,5.05,5.05,5.05,5.05,-1.17%
2005/8/12,5.11,5.11,5.11,5.11,0.00%
2005/8/11,5.11,5.11,5.11,5.11,-1.16%
2005/8/10,5.17,5.17,5.17,5.17,-1.34%
2005/8/9,5.24,5.24,5.24,5.24,0.77%
2005/8/8,5.2,5.2,5.2,5.2,0.78%
2005/8/5,5.16,5.16,5.16,5.16,3.20%
2005/8/4,5,5,5,5,-2.72%
2005/8/3,5.14,5.14,5.14,5.14,0.39%
2005/8/2,5.12,5.12,5.12,5.12,0.59%
2005/8/1,5.09,5.09,5.09,5.09,1.39%
2005/7/29,5.02,5.02,5.02,5.02,0.40%
2005/7/28,5,5,5,5,4.17%
2005/7/27,4.8,4.8,4.8,4.8,-0.83%
2005/7/26,4.84,4.84,4.84,4.84,3.64%
2005/7/25,4.67,4.67,4.67,4.67,-3.71%
2005/7/22,4.85,4.85,4.85,4.85,-2.41%
2005/7/21,4.97,4.97,4.97,4.97,-0.20%
2005/7/20,4.98,4.98,4.98,4.98,-0.40%
2005/7/19,5,5,5,5,0.00%
2005/7/18,5,5,5,5,0.00%
2005/7/15,5,5,5,5,0.81%
2005/7/14,4.96,4.96,4.96,4.96,0.81%
2005/7/13,4.92,4.92,4.92,4.92,1.86%
2005/7/12,4.83,4.83,4.83,4.83,1.90%
2005/7/11,4.74,4.74,4.74,4.74,-0.84%
2005/7/8,4.78,4.78,4.78,4.78,0.42%
2005/7/7,4.76,4.76,4.76,4.76,-0.21%
2005/7/6,4.77,4.77,4.77,4.77,-0.63%
2005/7/5,4.8,4.8,4.8,4.8,-0.62%
2005/7/4,4.83,4.83,4.83,4.83,3.65%
2005/7/1,4.66,4.66,4.66,4.66,-1.48%
2005/6/30,4.73,4.73,4.73,4.73,2.38%
2005/6/29,4.62,4.62,4.62,4.62,1.99%
2005/6/28,4.53,4.53,4.53,4.53,-0.66%
2005/6/27,4.56,4.56,4.56,4.56,-1.94%
2005/6/24,4.65,4.65,4.65,4.65,4.49%
2005/6/23,4.45,4.45,4.45,4.45,-3.68%
2005/6/22,4.62,4.62,4.62,4.62,1.54%
2005/6/21,4.55,4.55,4.55,4.55,0.00%
2005/6/20,4.55,4.55,4.55,4.55,0.00%
2005/6/17,4.55,4.55,4.55,4.55,0.00%
2005/6/16,4.55,4.55,4.55,4.55,-0.66%
2005/6/15,4.58,4.58,4.58,4.58,3.39%
2005/6/14,4.43,4.43,4.43,4.43,0.45%
2005/6/13,4.41,4.41,4.41,4.41,4.50%
2005/6/10,4.22,4.22,4.22,4.22,0.96%
2005/6/9,4.18,4.18,4.18,4.18,-0.71%
2005/6/8,4.21,4.21,4.21,4.21,-0.94%
2005/6/7,4.25,4.25,4.25,4.25,0.24%
2005/6/3,4.24,4.24,4.24,4.24,0.00%
2005/6/2,4.24,4.24,4.24,4.24,-0.47%
2005/6/1,4.26,4.26,4.26,4.26,-2.29%
2005/5/31,4.36,4.36,4.36,4.36,1.63%
2005/5/30,4.29,4.29,4.29,4.29,0.47%
2005/5/27,4.27,4.27,4.27,4.27,-0.93%
2005/5/26,4.31,4.31,4.31,4.31,0.00%
2005/5/25,4.31,4.31,4.31,4.31,-0.46%
2005/5/24,4.33,4.33,4.33,4.33,-0.92%
2005/5/23,4.37,4.37,4.37,4.37,0.46%
2005/5/20,4.35,4.35,4.35,4.35,0.23%
2005/5/19,4.34,4.34,4.34,4.34,-1.14%
2005/5/18,4.39,4.39,4.39,4.39,-0.68%
2005/5/17,4.42,4.42,4.42,4.42,-0.45%
2005/5/16,4.44,4.44,4.44,4.44,-0.45%
2005/5/14,4.46,4.46,4.46,4.46,0.00%
2005/5/13,4.46,4.46,4.46,4.46,-1.98%
2005/5/12,4.55,4.55,4.55,4.55,0.44%
2005/5/11,4.53,4.53,4.53,4.53,-0.22%
2005/5/10,4.54,4.54,4.54,4.54,-1.09%
2005/5/9,4.59,4.59,4.59,4.59,2.23%
2005/5/7,4.49,4.49,4.49,4.49,0.00%
2005/5/6,4.49,4.49,4.49,4.49,-0.66%
2005/5/4,4.52,4.52,4.52,4.52,0.00%
2005/5/3,4.52,4.52,4.52,4.52,-1.09%
2005/5/2,4.57,4.57,4.57,4.57,-0.44%
2005/4/30,4.59,4.59,4.59,4.59,0.00%
2005/4/29,4.59,4.59,4.59,4.59,-1.50%
2005/4/28,4.66,4.66,4.66,4.66,0.43%
2005/4/27,4.64,4.64,4.64,4.64,-0.22%
2005/4/26,4.65,4.65,4.65,4.65,-0.21%
2005/4/25,4.66,4.66,4.66,4.66,0.65%
2005/4/23,4.63,4.63,4.63,4.63,0.00%
2005/4/22,4.63,4.63,4.63,4.63,-1.07%
2005/4/21,4.68,4.68,4.68,4.68,-0.64%
2005/4/20,4.71,4.71,4.71,4.71,0.00%
2005/4/19,4.71,4.71,4.71,4.71,0.21%
2005/4/18,4.7,4.7,4.7,4.7,0.43%
2005/4/16,4.68,4.68,4.68,4.68,0.00%
2005/4/15,4.68,4.68,4.68,4.68,-1.68%
2005/4/14,4.76,4.76,4.76,4.76,0.21%
2005/4/13,4.75,4.75,4.75,4.75,1.93%
2005/4/12,4.66,4.66,4.66,4.66,-0.21%
2005/4/11,4.67,4.67,4.67,4.67,0.43%
2005/4/9,4.65,4.65,4.65,4.65,0.00%
2005/4/8,4.65,4.65,4.65,4.65,-0.43%
2005/4/7,4.67,4.67,4.67,4.67,-1.06%
2005/4/6,4.72,4.72,4.72,4.72,0.00%
2005/4/4,4.72,4.72,4.72,4.72,0.00%
2005/4/2,4.72,4.72,4.72,4.72,0.00%
2005/4/1,4.72,4.72,4.72,4.72,0.00%
2005/3/31,4.72,4.72,4.72,4.72,0.00%
2005/3/30,4.72,4.72,4.72,4.72,-1.05%
2005/3/29,4.77,4.77,4.77,4.77,-3.05%
2005/3/28,4.92,4.92,4.92,4.92,-0.40%
2005/3/26,4.94,4.94,4.94,4.94,0.00%
2005/3/25,4.94,4.94,4.94,4.94,1.65%
2005/3/24,4.86,4.86,4.86,4.86,2.10%
2005/3/23,4.76,4.76,4.76,4.76,1.93%
2005/3/22,4.67,4.67,4.67,4.67,0.00%
2005/3/21,4.67,4.67,4.67,4.67,0.21%
2005/3/19,4.66,4.66,4.66,4.66,0.00%
2005/3/18,4.66,4.66,4.66,4.66,-0.21%
2005/3/17,4.67,4.67,4.67,4.67,-0.85%
2005/3/16,4.71,4.71,4.71,4.71,0.43%
2005/3/15,4.69,4.69,4.69,4.69,-0.64%
2005/3/14,4.72,4.72,4.72,4.72,-0.63%
2005/3/12,4.75,4.75,4.75,4.75,0.00%
2005/3/11,4.75,4.75,4.75,4.75,-1.45%
2005/3/10,4.82,4.82,4.82,4.82,0.42%
2005/3/9,4.8,4.8,4.8,4.8,-0.62%
2005/3/8,4.83,4.83,4.83,4.83,-0.82%
2005/3/7,4.87,4.87,4.87,4.87,0.41%
2005/3/5,4.85,4.85,4.85,4.85,0.00%
2005/3/4,4.85,4.85,4.85,4.85,1.46%
2005/3/3,4.78,4.78,4.78,4.78,0.00%
2005/3/2,4.78,4.78,4.78,4.78,0.42%
2005/2/28,4.76,4.76,4.76,4.76,-0.42%
2005/2/26,4.78,4.78,4.78,4.78,0.00%
2005/2/25,4.78,4.78,4.78,4.78,-2.85%
2005/2/24,4.92,4.92,4.92,4.92,2.29%
2005/2/23,4.81,4.81,4.81,4.81,0.00%
2005/2/22,4.81,4.81,4.81,4.81,-0.21%
2005/2/21,4.82,4.82,4.82,4.82,-2.23%
2005/2/19,4.93,4.93,4.93,4.93,0.00%
2005/2/18,4.93,4.93,4.93,4.93,1.65%
2005/2/17,4.85,4.85,4.85,4.85,-1.22%
2005/2/16,4.91,4.91,4.91,4.91,-1.21%
2005/2/15,4.97,4.97,4.97,4.97,-2.36%
2005/2/14,5.09,5.09,5.09,5.09,-0.20%
2005/2/12,5.1,5.1,5.1,5.1,0.00%
2005/2/11,5.1,5.1,5.1,5.1,6.47%
2005/2/7,4.79,4.79,4.79,4.79,-1.44%
2005/2/5,4.86,4.86,4.86,4.86,0.00%
2005/2/4,4.86,4.86,4.86,4.86,1.25%
2005/2/3,4.8,4.8,4.8,4.8,0.21%
2005/2/2,4.79,4.79,4.79,4.79,-0.21%
2005/2/1,4.8,4.8,4.8,4.8,-1.23%
2005/1/31,4.86,4.86,4.86,4.86,2.97%
2005/1/29,4.72,4.72,4.72,4.72,0.00%
2005/1/28,4.72,4.72,4.72,4.72,1.94%
2005/1/27,4.63,4.63,4.63,4.63,-1.28%
2005/1/26,4.69,4.69,4.69,4.69,0.86%
2005/1/25,4.65,4.65,4.65,4.65,-0.85%
2005/1/24,4.69,4.69,4.69,4.69,1.08%
2005/1/22,4.64,4.64,4.64,4.64,0.00%
2005/1/21,4.64,4.64,4.64,4.64,5.69%
2005/1/20,4.39,4.39,4.39,4.39,-2.23%
2005/1/19,4.49,4.49,4.49,4.49,-0.22%
2005/1/18,4.5,4.5,4.5,4.5,-2.81%
2005/1/17,4.63,4.63,4.63,4.63,3.81%
2005/1/15,4.46,4.46,4.46,4.46,0.00%
2005/1/14,4.46,4.46,4.46,4.46,6.19%
2005/1/13,4.2,4.2,4.2,4.2,-2.33%
2005/1/12,4.3,4.3,4.3,4.3,0.47%
2005/1/11,4.28,4.28,4.28,4.28,2.88%
2005/1/10,4.16,4.16,4.16,4.16,0.48%
2005/1/8,4.14,4.14,4.14,4.14,0.00%
2005/1/7,4.14,4.14,4.14,4.14,2.99%
2005/1/6,4.02,4.02,4.02,4.02,0.50%
2005/1/5,4,4,4,4,1.78%
2005/1/4,3.93,3.93,3.93,3.93,0.77%
2005/1/3,3.9,3.9,3.9,3.9,2.36%
2004/12/31,3.81,3.81,3.81,3.81,0.00%
2004/12/30,3.81,3.81,3.81,3.81,-0.26%
2004/12/29,3.82,3.82,3.82,3.82,0.00%
2004/12/28,3.82,3.82,3.82,3.82,0.26%
2004/12/27,3.81,3.81,3.81,3.81,0.00%
2004/12/24,3.81,3.81,3.81,3.81,0.00%
2004/12/23,3.81,3.81,3.81,3.81,0.26%
2004/12/22,3.8,3.8,3.8,3.8,-0.26%
2004/12/21,3.81,3.81,3.81,3.81,-0.26%
2004/12/20,3.82,3.82,3.82,3.82,-0.26%
2004/12/18,3.83,3.83,3.83,3.83,0.00%
2004/12/17,3.83,3.83,3.83,3.83,0.52%
2004/12/16,3.81,3.81,3.81,3.81,-1.30%
2004/12/15,3.86,3.86,3.86,3.86,-0.77%
2004/12/14,3.89,3.89,3.89,3.89,-0.51%
2004/12/13,3.91,3.91,3.91,3.91,1.30%
2004/12/11,3.86,3.86,3.86,3.86,0.00%
2004/12/10,3.86,3.86,3.86,3.86,-0.52%
2004/12/9,3.88,3.88,3.88,3.88,0.26%
2004/12/8,3.87,3.87,3.87,3.87,-0.77%
2004/12/7,3.9,3.9,3.9,3.9,-0.76%
2004/12/6,3.93,3.93,3.93,3.93,-0.25%
2004/12/4,3.94,3.94,3.94,3.94,0.00%
2004/12/3,3.94,3.94,3.94,3.94,0.51%
2004/12/2,3.92,3.92,3.92,3.92,0.00%
2004/12/1,3.92,3.92,3.92,3.92,-0.25%
2004/11/30,3.93,3.93,3.93,3.93,0.26%
2004/11/29,3.92,3.92,3.92,3.92,0.26%
2004/11/27,3.91,3.91,3.91,3.91,0.00%
2004/11/26,3.91,3.91,3.91,3.91,-0.26%
2004/11/25,3.92,3.92,3.92,3.92,-0.25%
2004/11/24,3.93,3.93,3.93,3.93,0.00%
2004/11/23,3.93,3.93,3.93,3.93,-0.51%
2004/11/22,3.95,3.95,3.95,3.95,0.00%
2004/11/20,3.95,3.95,3.95,3.95,0.00%
2004/11/19,3.95,3.95,3.95,3.95,-0.50%
2004/11/18,3.97,3.97,3.97,3.97,1.28%
2004/11/17,3.92,3.92,3.92,3.92,0.00%
2004/11/16,3.92,3.92,3.92,3.92,0.00%
2004/11/15,3.92,3.92,3.92,3.92,1.03%
2004/11/13,3.88,3.88,3.88,3.88,0.00%
2004/11/12,3.88,3.88,3.88,3.88,0.52%
2004/11/11,3.86,3.86,3.86,3.86,-5.39%
2004/11/10,4.08,4.08,4.08,4.08,2.51%
2004/11/9,3.98,3.98,3.98,3.98,-1.73%
2004/11/8,4.05,4.05,4.05,4.05,0.50%
2004/11/6,4.03,4.03,4.03,4.03,0.00%
2004/11/5,4.03,4.03,4.03,4.03,0.25%
2004/11/4,4.02,4.02,4.02,4.02,0.25%
2004/11/3,4.01,4.01,4.01,4.01,1.26%
2004/11/2,3.96,3.96,3.96,3.96,0.00%
2004/11/1,3.96,3.96,3.96,3.96,0.25%
2004/10/30,3.95,3.95,3.95,3.95,0.00%
2004/10/29,3.95,3.95,3.95,3.95,0.00%
2004/10/28,3.95,3.95,3.95,3.95,-0.75%
2004/10/27,3.98,3.98,3.98,3.98,0.00%
2004/10/26,3.98,3.98,3.98,3.98,-1.49%
2004/10/25,4.04,4.04,4.04,4.04,-0.74%
2004/10/23,4.07,4.07,4.07,4.07,0.00%
2004/10/22,4.07,4.07,4.07,4.07,-0.49%
2004/10/21,4.09,4.09,4.09,4.09,0.00%
2004/10/20,4.09,4.09,4.09,4.09,0.00%
2004/10/19,4.09,4.09,4.09,4.09,0.00%
2004/10/18,4.09,4.09,4.09,4.09,0.99%
2004/10/16,4.05,4.05,4.05,4.05,0.00%
2004/10/15,4.05,4.05,4.05,4.05,-2.41%
2004/10/14,4.15,4.15,4.15,4.15,-0.48%
2004/10/13,4.17,4.17,4.17,4.17,-0.24%
2004/10/12,4.18,4.18,4.18,4.18,0.72%
2004/10/11,4.15,4.15,4.15,4.15,-0.48%
2004/10/9,4.17,4.17,4.17,4.17,0.00%
2004/10/8,4.17,4.17,4.17,4.17,2.46%
2004/10/7,4.07,4.07,4.07,4.07,4.90%
2004/10/6,3.88,3.88,3.88,3.88,0.00%
2004/10/5,3.88,3.88,3.88,3.88,0.00%
2004/10/4,3.88,3.88,3.88,3.88,-4.20%
2004/10/2,4.05,4.05,4.05,4.05,0.00%
2004/10/1,4.05,4.05,4.05,4.05,1.00%
2004/9/30,4.01,4.01,4.01,4.01,0.00%
2004/9/25,4.01,4.01,4.01,4.01,0.00%
2004/9/24,4.01,4.01,4.01,4.01,-0.50%
2004/9/23,4.03,4.03,4.03,4.03,-0.74%
2004/9/22,4.06,4.06,4.06,4.06,-1.93%
2004/9/21,4.14,4.14,4.14,4.14,0.00%
2004/9/20,4.14,4.14,4.14,4.14,-0.24%
2004/9/18,4.15,4.15,4.15,4.15,0.00%
2004/9/17,4.15,4.15,4.15,4.15,-1.19%
2004/9/16,4.2,4.2,4.2,4.2,0.00%
2004/9/15,4.2,4.2,4.2,4.2,-0.47%
2004/9/14,4.22,4.22,4.22,4.22,0.00%
2004/9/13,4.22,4.22,4.22,4.22,0.24%
2004/9/11,4.21,4.21,4.21,4.21,0.00%
2004/9/10,4.21,4.21,4.21,4.21,2.68%
2004/9/9,4.1,4.1,4.1,4.1,0.00%
2004/9/8,4.1,4.1,4.1,4.1,-1.44%
2004/9/7,4.16,4.16,4.16,4.16,0.00%
2004/9/6,4.16,4.16,4.16,4.16,0.00%
2004/9/4,4.16,4.16,4.16,4.16,0.00%
2004/9/3,4.16,4.16,4.16,4.16,0.73%
2004/9/2,4.13,4.13,4.13,4.13,-0.72%
2004/9/1,4.16,4.16,4.16,4.16,1.46%
2004/8/31,4.1,4.1,4.1,4.1,-0.73%
2004/8/30,4.13,4.13,4.13,4.13,0.49%
2004/8/28,4.11,4.11,4.11,4.11,0.00%
2004/8/27,4.11,4.11,4.11,4.11,-0.96%
2004/8/26,4.15,4.15,4.15,4.15,-1.66%
2004/8/25,4.22,4.22,4.22,4.22,-0.47%
2004/8/24,4.24,4.24,4.24,4.24,0.95%
2004/8/23,4.2,4.2,4.2,4.2,0.00%
2004/8/21,4.2,4.2,4.2,4.2,0.00%
2004/8/20,4.2,4.2,4.2,4.2,1.20%
2004/8/19,4.15,4.15,4.15,4.15,-0.95%
2004/8/18,4.19,4.19,4.19,4.19,-0.95%
2004/8/17,4.23,4.23,4.23,4.23,0.95%
2004/8/16,4.19,4.19,4.19,4.19,-1.64%
2004/8/14,4.26,4.26,4.26,4.26,0.00%
2004/8/13,4.26,4.26,4.26,4.26,-1.16%
2004/8/12,4.31,4.31,4.31,4.31,-4.22%
2004/8/11,4.5,4.5,4.5,4.5,0.22%
2004/8/10,4.49,4.49,4.49,4.49,-1.54%
2004/8/9,4.56,4.56,4.56,4.56,-0.65%
2004/8/7,4.59,4.59,4.59,4.59,0.00%
2004/8/6,4.59,4.59,4.59,4.59,1.10%
2004/8/5,4.54,4.54,4.54,4.54,0.00%
2004/8/4,4.54,4.54,4.54,4.54,-1.52%
2004/8/3,4.61,4.61,4.61,4.61,-0.86%
2004/8/2,4.65,4.65,4.65,4.65,-0.64%
2004/7/31,4.68,4.68,4.68,4.68,0.00%
2004/7/30,4.68,4.68,4.68,4.68,-0.64%
2004/7/29,4.71,4.71,4.71,4.71,-0.42%
2004/7/28,4.73,4.73,4.73,4.73,-1.66%
2004/7/27,4.81,4.81,4.81,4.81,-1.03%
2004/7/26,4.86,4.86,4.86,4.86,-0.41%
2004/7/24,4.88,4.88,4.88,4.88,0.00%
2004/7/23,4.88,4.88,4.88,4.88,-0.41%
2004/7/22,4.9,4.9,4.9,4.9,-0.20%
2004/7/21,4.91,4.91,4.91,4.91,0.00%
2004/7/20,4.91,4.91,4.91,4.91,-0.20%
2004/7/19,4.92,4.92,4.92,4.92,-0.20%
2004/7/16,4.93,4.93,4.93,4.93,0.00%
2004/7/15,4.93,4.93,4.93,4.93,-0.60%
2004/7/14,4.96,4.96,4.96,4.96,0.61%
2004/7/13,4.93,4.93,4.93,4.93,0.00%
2004/7/12,4.93,4.93,4.93,4.93,0.00%
2004/7/10,4.93,4.93,4.93,4.93,0.00%
2004/7/9,4.93,4.93,4.93,4.93,0.00%
2004/7/8,4.93,4.93,4.93,4.93,0.41%
2004/7/7,4.91,4.91,4.91,4.91,0.41%
2004/7/6,4.89,4.89,4.89,4.89,0.00%
2004/7/5,4.89,4.89,4.89,4.89,-0.41%
2004/7/3,4.91,4.91,4.91,4.91,0.00%
2004/7/2,4.91,4.91,4.91,4.91,0.00%
2004/7/1,4.91,4.91,4.91,4.91,-1.21%
2004/6/30,4.97,4.97,4.97,4.97,-1.78%
2004/6/29,5.06,5.06,5.06,5.06,0.20%
2004/6/28,5.05,5.05,5.05,5.05,-0.39%
2004/6/26,5.07,5.07,5.07,5.07,0.00%
2004/6/25,5.07,5.07,5.07,5.07,-0.39%
2004/6/24,5.09,5.09,5.09,5.09,-1.74%
2004/6/23,5.18,5.18,5.18,5.18,0.39%
2004/6/22,5.16,5.16,5.16,5.16,-0.39%
2004/6/21,5.18,5.18,5.18,5.18,1.77%
2004/6/19,5.09,5.09,5.09,5.09,0.00%
2004/6/18,5.09,5.09,5.09,5.09,0.79%
2004/6/17,5.05,5.05,5.05,5.05,0.00%
2004/6/16,5.05,5.05,5.05,5.05,0.00%
2004/6/15,5.05,5.05,5.05,5.05,0.80%
2004/6/14,5.01,5.01,5.01,5.01,1.42%
2004/6/12,4.94,4.94,4.94,4.94,0.00%
2004/6/11,4.94,4.94,4.94,4.94,0.20%
2004/6/10,4.93,4.93,4.93,4.93,-1.00%
2004/6/9,4.98,4.98,4.98,4.98,2.26%
2004/6/8,4.87,4.87,4.87,4.87,0.00%
2004/6/7,4.87,4.87,4.87,4.87,0.00%
2004/6/5,4.87,4.87,4.87,4.87,0.00%
2004/6/4,4.87,4.87,4.87,4.87,0.00%
2004/6/3,4.87,4.87,4.87,4.87,-1.62%
2004/6/2,4.95,4.95,4.95,4.95,0.41%
2004/6/1,4.93,4.93,4.93,4.93,0.00%
2004/5/31,4.93,4.93,4.93,4.93,-1.20%
2004/5/29,4.99,4.99,4.99,4.99,0.00%
2004/5/28,4.99,4.99,4.99,4.99,-1.77%
2004/5/27,5.08,5.08,5.08,5.08,-0.97%
2004/5/25,5.13,5.13,5.13,5.13,-0.39%
2004/5/24,5.15,5.15,5.15,5.15,-0.39%
2004/5/22,5.17,5.17,5.17,5.17,0.00%
2004/5/21,5.17,5.17,5.17,5.17,-0.19%
2004/5/20,5.18,5.18,5.18,5.18,0.00%
2004/5/19,5.18,5.18,5.18,5.18,0.00%
2004/5/18,5.18,5.18,5.18,5.18,0.58%
2004/5/17,5.15,5.15,5.15,5.15,0.00%
2004/5/15,5.15,5.15,5.15,5.15,0.00%
2004/5/14,5.15,5.15,5.15,5.15,-0.19%
2004/5/13,5.16,5.16,5.16,5.16,-0.77%
2004/5/12,5.2,5.2,5.2,5.2,-0.38%
2004/5/11,5.22,5.22,5.22,5.22,0.00%
2004/5/10,5.22,5.22,5.22,5.22,0.38%
2004/5/8,5.2,5.2,5.2,5.2,0.00%
2004/5/7,5.2,5.2,5.2,5.2,-0.38%
2004/5/6,5.22,5.22,5.22,5.22,0.00%
2004/5/4,5.22,5.22,5.22,5.22,0.58%
2004/5/3,5.19,5.19,5.19,5.19,0.00%
2004/4/30,5.19,5.19,5.19,5.19,-0.76%
2004/4/29,5.23,5.23,5.23,5.23,0.00%
2004/4/28,5.23,5.23,5.23,5.23,-0.38%
2004/4/27,5.25,5.25,5.25,5.25,0.00%
2004/4/26,5.25,5.25,5.25,5.25,-0.19%
2004/4/24,5.26,5.26,5.26,5.26,0.00%
2004/4/23,5.26,5.26,5.26,5.26,-1.68%
2004/4/22,5.35,5.35,5.35,5.35,0.94%
2004/4/21,5.3,5.3,5.3,5.3,0.19%
2004/4/20,5.29,5.29,5.29,5.29,-0.19%
2004/4/19,5.3,5.3,5.3,5.3,0.00%
2004/4/17,5.3,5.3,5.3,5.3,0.00%
2004/4/16,5.3,5.3,5.3,5.3,0.00%
2004/4/14,5.3,5.3,5.3,5.3,1.15%
2004/4/13,5.24,5.24,5.24,5.24,-1.69%
2004/4/12,5.33,5.33,5.33,5.33,0.00%
2004/4/10,5.33,5.33,5.33,5.33,0.00%
2004/4/9,5.33,5.33,5.33,5.33,0.00%
2004/4/8,5.33,5.33,5.33,5.33,0.00%
2004/4/7,5.33,5.33,5.33,5.33,2.30%
2004/4/6,5.21,5.21,5.21,5.21,0.00%
2004/4/3,5.21,5.21,5.21,5.21,0.00%
2004/4/2,5.21,5.21,5.21,5.21,0.00%
2004/4/1,5.21,5.21,5.21,5.21,0.00%
2004/3/31,5.21,5.21,5.21,5.21,-1.70%
2004/3/30,5.3,5.3,5.3,5.3,0.38%
2004/3/29,5.28,5.28,5.28,5.28,3.13%
2004/3/27,5.12,5.12,5.12,5.12,0.00%
2004/3/26,5.12,5.12,5.12,5.12,0.99%
2004/3/25,5.07,5.07,5.07,5.07,-0.59%
2004/3/24,5.1,5.1,5.1,5.1,-2.11%
2004/3/23,5.21,5.21,5.21,5.21,0.00%
2004/3/22,5.21,5.21,5.21,5.21,-0.76%
2004/3/20,5.25,5.25,5.25,5.25,0.00%
2004/3/19,5.25,5.25,5.25,5.25,0.00%
2004/3/18,5.25,5.25,5.25,5.25,0.00%
2004/3/17,5.25,5.25,5.25,5.25,0.00%
2004/3/16,5.25,5.25,5.25,5.25,1.16%
2004/3/15,5.19,5.19,5.19,5.19,-0.57%
2004/3/13,5.22,5.22,5.22,5.22,0.00%
2004/3/12,5.22,5.22,5.22,5.22,0.00%
2004/3/11,5.22,5.22,5.22,5.22,-1.32%
2004/3/10,5.29,5.29,5.29,5.29,0.00%
2004/3/9,5.29,5.29,5.29,5.29,0.00%
2004/3/8,5.29,5.29,5.29,5.29,-1.86%
2004/3/6,5.39,5.39,5.39,5.39,0.00%
2004/3/5,5.39,5.39,5.39,5.39,-0.55%
2004/3/3,5.42,5.42,5.42,5.42,0.74%
2004/3/2,5.38,5.38,5.38,5.38,-0.92%
2004/2/27,5.43,5.43,5.43,5.43,0.00%
2004/2/26,5.43,5.43,5.43,5.43,0.93%
2004/2/25,5.38,5.38,5.38,5.38,-0.55%
2004/2/24,5.41,5.41,5.41,5.41,-0.55%
2004/2/23,5.44,5.44,5.44,5.44,0.74%
2004/2/20,5.4,5.4,5.4,5.4,-0.18%
2004/2/18,5.41,5.41,5.41,5.41,-1.28%
2004/2/17,5.48,5.48,5.48,5.48,0.00%
2004/2/16,5.48,5.48,5.48,5.48,1.86%
2004/2/13,5.38,5.38,5.38,5.38,-0.92%
2004/2/11,5.43,5.43,5.43,5.43,-0.55%
2004/2/6,5.46,5.46,5.46,5.46,-0.36%
2004/2/4,5.48,5.48,5.48,5.48,0.18%
2004/2/3,5.47,5.47,5.47,5.47,-0.36%
2004/2/2,5.49,5.49,5.49,5.49,0.00%
2004/1/30,5.49,5.49,5.49,5.49,0.00%
2004/1/29,5.49,5.49,5.49,5.49,0.37%
2004/1/28,5.47,5.47,5.47,5.47,-0.18%
2004/1/27,5.48,5.48,5.48,5.48,-0.18%
2004/1/26,5.49,5.49,5.49,5.49,0.00%
2004/1/20,5.49,5.49,5.49,5.49,0.00%
2004/1/19,5.49,5.49,5.49,5.49,1.86%
2004/1/12,5.39,5.39,5.39,5.39,-0.19%
2004/1/9,5.4,5.4,5.4,5.4,0.00%
2004/1/8,5.4,5.4,5.4,5.4,0.93%
2004/1/5,5.35,5.35,5.35,5.35,1.13%
2003/12/29,5.29,5.29,5.29,5.29,-0.38%
2003/12/26,5.31,5.31,5.31,5.31,-1.30%
2003/12/24,5.38,5.38,5.38,5.38,0.19%
2003/12/23,5.37,5.37,5.37,5.37,-0.37%
2003/12/22,5.39,5.39,5.39,5.39,-0.74%
2003/12/18,5.43,5.43,5.43,5.43,-1.27%
2003/12/17,5.5,5.5,5.5,5.5,1.29%
2003/12/16,5.43,5.43,5.43,5.43,-1.27%
2003/12/15,5.5,5.5,5.5,5.5,1.85%
2003/12/12,5.4,5.4,5.4,5.4,0.00%
2003/12/8,5.4,5.4,5.4,5.4,-2.70%
2003/12/5,5.55,5.55,5.55,5.55,0.00%
2003/12/3,5.55,5.55,5.55,5.55,0.91%
2003/12/2,5.5,5.5,5.5,5.5,1.10%
2003/12/1,5.44,5.44,5.44,5.44,2.45%
2003/11/27,5.31,5.31,5.31,5.31,-0.19%
2003/11/24,5.32,5.32,5.32,5.32,0.00%
2003/11/21,5.32,5.32,5.32,5.32,-2.39%
2003/11/19,5.45,5.45,5.45,5.45,0.00%
2003/11/18,5.45,5.45,5.45,5.45,0.93%
2003/11/13,5.4,5.4,5.4,5.4,1.50%
2003/11/12,5.32,5.32,5.32,5.32,2.31%
2003/11/6,5.2,5.2,5.2,5.2,0.00%
2003/11/5,5.2,5.2,5.2,5.2,0.00%
2003/11/4,5.2,5.2,5.2,5.2,1.96%
2003/10/30,5.1,5.1,5.1,5.1,0.00%
2003/10/27,5.1,5.1,5.1,5.1,2.41%
2003/10/24,4.98,4.98,4.98,4.98,0.00%
2003/10/23,4.98,4.98,4.98,4.98,0.00%
2003/10/22,4.98,4.98,4.98,4.98,-0.40%
2003/10/21,5,5,5,5,0.40%
2003/10/20,4.98,4.98,4.98,4.98,3.53%
2003/10/14,4.81,4.81,4.81,4.81,1.05%
2003/10/13,4.76,4.76,4.76,4.76,1.71%
2003/10/9,4.68,4.68,4.68,4.68,1.30%
2003/10/8,4.62,4.62,4.62,4.62,0.00%
2003/10/7,4.62,4.62,4.62,4.62,-0.86%
2003/9/25,4.66,4.66,4.66,4.66,2.19%
2003/9/23,4.56,4.56,4.56,4.56,-1.72%
2003/9/22,4.64,4.64,4.64,4.64,-1.90%
2003/9/18,4.73,4.73,4.73,4.73,-1.46%
2003/9/17,4.8,4.8,4.8,4.8,-0.21%
2003/9/16,4.81,4.81,4.81,4.81,0.00%
2003/9/15,4.81,4.81,4.81,4.81,-1.43%
2003/9/5,4.88,4.88,4.88,4.88,0.00%
2003/9/4,4.88,4.88,4.88,4.88,-3.17%
2003/9/2,5.04,5.04,5.04,5.04,0.20%
2003/9/1,5.03,5.03,5.03,5.03,-0.40%
2003/8/29,5.05,5.05,5.05,5.05,-2.88%
2003/8/27,5.2,5.2,5.2,5.2,0.39%
2003/8/26,5.18,5.18,5.18,5.18,-2.63%
2003/8/25,5.32,5.32,5.32,5.32,0.00%
2003/8/22,5.32,5.32,5.32,5.32,-0.37%
2003/8/20,5.34,5.34,5.34,5.34,0.00%
2003/8/19,5.34,5.34,5.34,5.34,1.71%
2003/8/14,5.25,5.25,5.25,5.25,1.35%
2003/8/13,5.18,5.18,5.18,5.18,0.00%
2003/8/12,5.18,5.18,5.18,5.18,-1.15%
2003/8/8,5.24,5.24,5.24,5.24,0.00%
2003/8/7,5.24,5.24,5.24,5.24,-0.76%
2003/8/6,5.28,5.28,5.28,5.28,-1.49%
2003/8/5,5.36,5.36,5.36,5.36,0.00%
2003/8/1,5.36,5.36,5.36,5.36,2.10%
2003/7/31,5.25,5.25,5.25,5.25,0.38%
2003/7/30,5.23,5.23,5.23,5.23,0.19%
2003/7/29,5.22,5.22,5.22,5.22,0.97%
2003/7/28,5.17,5.17,5.17,5.17,0.58%
2003/7/25,5.14,5.14,5.14,5.14,0.59%
2003/7/23,5.11,5.11,5.11,5.11,-0.78%
2003/7/22,5.15,5.15,5.15,5.15,0.59%
2003/7/18,5.12,5.12,5.12,5.12,-0.58%
2003/7/16,5.15,5.15,5.15,5.15,3.00%
2003/7/15,5,5,5,5,1.63%
2003/7/14,4.92,4.92,4.92,4.92,1.44%
2003/7/10,4.85,4.85,4.85,4.85,2.11%
2003/7/9,4.75,4.75,4.75,4.75,1.50%
2003/7/8,4.68,4.68,4.68,4.68,3.31%
2003/7/7,4.53,4.53,4.53,4.53,0.00%
2003/7/3,4.53,4.53,4.53,4.53,-1.09%
2003/7/2,4.58,4.58,4.58,4.58,-1.08%
2003/6/27,4.63,4.63,4.63,4.63,1.54%
2003/6/26,4.56,4.56,4.56,4.56,0.88%
2003/6/25,4.52,4.52,4.52,4.52,4.15%
2003/6/20,4.34,4.34,4.34,4.34,-1.36%
2003/6/19,4.4,4.4,4.4,4.4,1.38%
2003/6/18,4.34,4.34,4.34,4.34,0.00%
2003/6/17,4.34,4.34,4.34,4.34,0.00%
2003/6/16,4.34,4.34,4.34,4.34,-3.34%
2003/6/13,4.49,4.49,4.49,4.49,-0.22%
2003/6/9,4.5,4.5,4.5,4.5,1.35%
2003/6/5,4.44,4.44,4.44,4.44,-2.20%
2003/5/30,4.54,4.54,4.54,4.54,0.00%
2003/5/28,4.54,4.54,4.54,4.54,-0.87%
2003/5/27,4.58,4.58,4.58,4.58,-1.08%
2003/5/26,4.63,4.63,4.63,4.63,0.65%
2003/5/23,4.6,4.6,4.6,4.6,0.22%
2003/5/21,4.59,4.59,4.59,4.59,-4.77%
2003/5/13,4.82,4.82,4.82,4.82,-0.62%
2003/5/12,4.85,4.85,4.85,4.85,-0.21%
2003/5/9,4.86,4.86,4.86,4.86,1.04%
2003/5/2,4.81,4.81,4.81,4.81,-2.04%
2003/4/30,4.91,4.91,4.91,4.91,-0.81%
2003/4/28,4.95,4.95,4.95,4.95,-0.20%
2003/4/25,4.96,4.96,4.96,4.96,-0.80%
2003/4/24,5,5,5,5,-0.40%
2003/4/23,5.02,5.02,5.02,5.02,-0.79%
2003/4/21,5.06,5.06,5.06,5.06,0.40%
2003/4/17,5.04,5.04,5.04,5.04,-0.20%
2003/4/16,5.05,5.05,5.05,5.05,0.00%
2003/4/14,5.05,5.05,5.05,5.05,0.20%
2003/4/8,5.04,5.04,5.04,5.04,0.40%
2003/4/2,5.02,5.02,5.02,5.02,0.20%
2003/4/1,5.01,5.01,5.01,5.01,0.00%
2003/3/31,5.01,5.01,5.01,5.01,-0.40%
2003/3/27,5.03,5.03,5.03,5.03,-0.98%
2003/3/26,5.08,5.08,5.08,5.08,1.60%
2003/3/19,5,5,5,5,-2.91%
2003/3/12,5.15,5.15,5.15,5.15,3.00%
2003/3/11,5,5,5,5,-1.96%
2003/2/5,5.1,5.1,5.1,5.1,-1.73%
2003/1/28,5.19,5.19,5.19,5.19,-3.89%
2003/1/24,5.4,5.4,5.4,5.4,-2.00%
2003/1/10,5.51,5.51,5.51,5.51,0.18%
2003/1/9,5.5,5.5,5.5,5.5,-2.14%
2003/1/7,5.62,5.62,5.62,5.62,0.54%
2003/1/3,5.59,5.59,5.59,5.59,-2.44%
2002/12/23,5.73,5.73,5.73,5.73,-0.52%
2002/12/18,5.76,5.76,5.76,5.76,-0.69%
2002/12/12,5.8,5.8,5.8,5.8,-0.68%
2002/12/10,5.84,5.84,5.84,5.84,-0.17%
2002/12/3,5.85,5.85,5.85,5.85,-0.51%
2002/12/2,5.88,5.88,5.88,5.88,0.00%
2002/11/28,5.88,5.88,5.88,5.88,1.91%
2002/11/27,5.77,5.77,5.77,5.77,0.00%
2002/11/26,5.77,5.77,5.77,5.77,1.23%
2002/11/25,5.7,5.7,5.7,5.7,0.71%
2002/11/21,5.66,5.66,5.66,5.66,0.18%
2002/11/20,5.65,5.65,5.65,5.65,0.53%
2002/11/19,5.62,5.62,5.62,5.62,0.18%
2002/11/15,5.61,5.61,5.61,5.61,0.36%
2002/11/14,5.59,5.59,5.59,5.59,-0.18%
2002/11/13,5.6,5.6,5.6,5.6,-2.61%
2002/11/12,5.75,5.75,5.75,5.75,-3.85%
2002/11/6,5.98,5.98,5.98,5.98,0.00%
2002/11/5,5.98,5.98,5.98,5.98,0.17%
2002/10/31,5.97,5.97,5.97,5.97,-0.67%
2002/10/28,6.01,6.01,6.01,6.01,-1.80%
2002/10/23,6.12,6.12,6.12,6.12,-0.33%
2002/10/17,6.14,6.14,6.14,6.14,0.00%
2002/10/16,6.14,6.14,6.14,6.14,1.49%
2002/10/11,6.05,6.05,6.05,6.05,0.00%
2002/10/4,6.05,6.05,6.05,6.05,-0.82%
2002/10/2,6.1,6.1,6.1,6.1,0.33%
2002/10/1,6.08,6.08,6.08,6.08,-0.16%
2002/9/30,6.09,6.09,6.09,6.09,-0.81%
2002/9/27,6.14,6.14,6.14,6.14,0.00%
2002/9/26,6.14,6.14,6.14,6.14,0.49%
2002/9/25,6.11,6.11,6.11,6.11,-0.49%
2002/9/23,6.14,6.14,6.14,6.14,-0.16%
2002/9/18,6.15,6.15,6.15,6.15,-1.28%
2002/9/17,6.23,6.23,6.23,6.23,2.13%
2002/9/10,6.1,6.1,6.1,6.1,0.00%
2002/9/5,6.1,6.1,6.1,6.1,-0.97%
2002/8/21,6.16,6.16,6.16,6.16,0.00%
2002/8/20,6.16,6.16,6.16,6.16,-2.69%
2002/7/29,6.33,6.33,6.33,6.33,-4.09%
2002/7/20,6.6,6.6,6.6,6.6,0.00%
2002/7/19,6.6,6.6,6.6,6.6,-0.60%
2002/7/18,6.64,6.64,6.64,6.64,0.15%
2002/7/12,6.63,6.63,6.63,6.63,1.07%
2002/7/11,6.56,6.56,6.56,6.56,-0.61%
2002/7/10,6.6,6.6,6.6,6.6,3.12%
2002/6/27,6.4,6.4,6.4,6.4,-2.14%
2002/6/26,6.54,6.54,6.54,6.54,-3.68%
2002/6/21,6.79,6.79,6.79,6.79,2.11%
2002/6/20,6.65,6.65,6.65,6.65,-2.06%
2002/6/19,6.79,6.79,6.79,6.79,-3.69%
2002/5/24,7.05,7.05,7.05,7.05,0.43%
2002/5/23,7.02,7.02,7.02,7.02,-0.71%
2002/5/17,7.07,7.07,7.07,7.07,-0.14%
2002/5/15,7.08,7.08,7.08,7.08,-0.70%
2002/5/8,7.13,7.13,7.13,7.13,0.14%
2002/5/6,7.12,7.12,7.12,7.12,-1.25%
2002/4/30,7.21,7.21,7.21,7.21,-0.41%
2002/4/25,7.24,7.24,7.24,7.24,-0.41%
2002/4/24,7.27,7.27,7.27,7.27,-0.14%
2002/4/23,7.28,7.28,7.28,7.28,-0.27%
2002/4/18,7.3,7.3,7.3,7.3,0.27%
2002/4/17,7.28,7.28,7.28,7.28,-0.68%
2002/4/10,7.33,7.33,7.33,7.33,-0.14%
2002/4/9,7.34,7.34,7.34,7.34,0.00%
2002/4/2,7.34,7.34,7.34,7.34,0.14%
2002/3/26,7.33,7.33,7.33,7.33,0.27%
2002/3/25,7.31,7.31,7.31,7.31,-0.27%
2002/3/21,7.33,7.33,7.33,7.33,-0.41%
2002/3/20,7.36,7.36,7.36,7.36,3.66%
2002/3/13,7.1,7.1,7.1,7.1,0.57%
2002/3/12,7.06,7.06,7.06,7.06,-0.28%
2002/3/11,7.08,7.08,7.08,7.08,0.28%
2002/3/8,7.06,7.06,7.06,7.06,2.77%
2002/3/4,6.87,6.87,6.87,6.87,-1.15%
2002/2/21,6.95,6.95,6.95,6.95,-0.71%
2002/2/19,7,7,7,7,-0.28%
2002/2/6,7.02,7.02,7.02,7.02,0.14%
2002/2/5,7.01,7.01,7.01,7.01,-0.57%
2002/2/4,7.05,7.05,7.05,7.05,-0.56%
2002/2/1,7.09,7.09,7.09,7.09,-0.42%
2002/1/31,7.12,7.12,7.12,7.12,-0.14%
2002/1/30,7.13,7.13,7.13,7.13,-0.42%
2002/1/29,7.16,7.16,7.16,7.16,-0.14%
2002/1/28,7.17,7.17,7.17,7.17,0.14%
2002/1/25,7.16,7.16,7.16,7.16,-0.28%
2002/1/24,7.18,7.18,7.18,7.18,0.28%
2002/1/23,7.16,7.16,7.16,7.16,1.27%
2002/1/21,7.07,7.07,7.07,7.07,-0.56%
2002/1/3,7.11,7.11,7.11,7.11,0.42%
2002/1/2,7.08,7.08,7.08,7.08,1.43%
2001/12/27,6.98,6.98,6.98,6.98,-0.85%
2001/12/24,7.04,7.04,7.04,7.04,-0.85%
2001/12/11,7.1,7.1,7.1,7.1,2.75%
2001/12/5,6.91,6.91,6.91,6.91,2.22%
2001/12/3,6.76,6.76,6.76,6.76,-2.03%
2001/11/30,6.9,6.9,6.9,6.9,0.00%
2001/11/29,6.9,6.9,6.9,6.9,-1.99%
2001/11/26,7.04,7.04,7.04,7.04,0.43%
2001/11/20,7.01,7.01,7.01,7.01,0.14%
2001/11/19,7,7,7,7,0.00%
2001/11/16,7,7,7,7,5.90%
2001/11/13,6.61,6.61,6.61,6.61,-0.90%
2001/11/6,6.67,6.67,6.67,6.67,-0.45%
2001/11/5,6.7,6.7,6.7,6.7,-1.62%
2001/11/1,6.81,6.81,6.81,6.81,-0.58%
2001/10/29,6.85,6.85,6.85,6.85,-0.29%
2001/10/26,6.87,6.87,6.87,6.87,1.48%
2001/10/25,6.77,6.77,6.77,6.77,1.80%
2001/10/24,6.65,6.65,6.65,6.65,0.00%
2001/10/23,6.65,6.65,6.65,6.65,1.53%
2001/10/19,6.55,6.55,6.55,6.55,0.77%
2001/10/15,6.5,6.5,6.5,6.5,-2.99%
2001/10/12,6.7,6.7,6.7,6.7,6.69%
2001/10/11,6.28,6.28,6.28,6.28,1.62%
2001/10/10,6.18,6.18,6.18,6.18,0.49%
2001/10/9,6.15,6.15,6.15,6.15,2.50%
2001/10/8,6,6,6,6,-1.48%
2001/10/5,6.09,6.09,6.09,6.09,1.50%
2001/10/4,6,6,6,6,-0.66%
2001/9/28,6.04,6.04,6.04,6.04,-0.98%
2001/9/27,6.1,6.1,6.1,6.1,-1.93%
2001/9/26,6.22,6.22,6.22,6.22,0.81%
2001/9/25,6.17,6.17,6.17,6.17,-1.75%
2001/9/24,6.28,6.28,6.28,6.28,0.32%
2001/9/22,6.26,6.26,6.26,6.26,1.29%
2001/9/21,6.18,6.18,6.18,6.18,-1.59%
2001/9/20,6.28,6.28,6.28,6.28,-2.03%
2001/9/19,6.41,6.41,6.41,6.41,4.23%
2001/9/17,6.15,6.15,6.15,6.15,0.00%
2001/9/14,6.15,6.15,6.15,6.15,0.00%
2001/9/13,6.15,6.15,6.15,6.15,-2.07%
2001/9/12,6.28,6.28,6.28,6.28,-1.10%
2001/9/11,6.35,6.35,6.35,6.35,1.28%
2001/9/10,6.27,6.27,6.27,6.27,0.32%
2001/9/6,6.25,6.25,6.25,6.25,0.32%
2001/9/5,6.23,6.23,6.23,6.23,1.80%
2001/9/4,6.12,6.12,6.12,6.12,-1.29%
2001/9/3,6.2,6.2,6.2,6.2,0.00%
2001/8/31,6.2,6.2,6.2,6.2,1.64%
2001/8/30,6.1,6.1,6.1,6.1,0.00%
2001/8/29,6.1,6.1,6.1,6.1,-0.49%
2001/8/28,6.13,6.13,6.13,6.13,1.32%
2001/8/27,6.05,6.05,6.05,6.05,0.00%
2001/8/24,6.05,6.05,6.05,6.05,2.72%
2001/8/23,5.89,5.89,5.89,5.89,-0.17%
2001/8/22,5.9,5.9,5.9,5.9,-0.51%
2001/8/21,5.93,5.93,5.93,5.93,0.51%
2001/8/20,5.9,5.9,5.9,5.9,-3.28%
2001/8/17,6.1,6.1,6.1,6.1,-0.97%
2001/8/16,6.16,6.16,6.16,6.16,1.48%
2001/8/14,6.07,6.07,6.07,6.07,-1.30%
2001/8/13,6.15,6.15,6.15,6.15,-2.07%
2001/8/10,6.28,6.28,6.28,6.28,-3.09%
2001/8/9,6.48,6.48,6.48,6.48,-2.85%
2001/8/8,6.67,6.67,6.67,6.67,-0.45%
2001/8/6,6.7,6.7,6.7,6.7,0.00%
2001/8/3,6.7,6.7,6.7,6.7,-0.30%
2001/8/2,6.72,6.72,6.72,6.72,-0.59%
2001/8/1,6.76,6.76,6.76,6.76,-0.29%
2001/7/31,6.78,6.78,6.78,6.78,0.44%
2001/7/30,6.75,6.75,6.75,6.75,0.30%
2001/7/27,6.73,6.73,6.73,6.73,0.15%
2001/7/26,6.72,6.72,6.72,6.72,-0.44%
2001/7/25,6.75,6.75,6.75,6.75,-0.44%
2001/7/24,6.78,6.78,6.78,6.78,0.00%
2001/7/23,6.78,6.78,6.78,6.78,0.00%
2001/7/20,6.78,6.78,6.78,6.78,0.15%
2001/7/19,6.77,6.77,6.77,6.77,-1.88%
2001/7/18,6.9,6.9,6.9,6.9,0.73%
2001/7/13,6.85,6.85,6.85,6.85,0.00%
2001/7/12,6.85,6.85,6.85,6.85,-0.72%
2001/7/11,6.9,6.9,6.9,6.9,10.58%
2001/7/10,6.24,6.24,6.24,6.24,-9.83%
2001/7/6,6.92,6.92,6.92,6.92,2.22%
2001/7/2,6.77,6.77,6.77,6.77,-0.44%
2001/6/29,6.8,6.8,6.8,6.8,0.44%
2001/6/28,6.77,6.77,6.77,6.77,-2.31%
2001/6/27,6.93,6.93,6.93,6.93,0.87%
2001/6/26,6.87,6.87,6.87,6.87,-0.87%
2001/6/25,6.93,6.93,6.93,6.93,-0.86%
2001/6/22,6.99,6.99,6.99,6.99,-2.10%
2001/6/21,7.14,7.14,7.14,7.14,-2.06%
2001/6/20,7.29,7.29,7.29,7.29,1.25%
2001/6/14,7.2,7.2,7.2,7.2,-1.10%
2001/6/11,7.28,7.28,7.28,7.28,0.28%
2001/5/31,7.26,7.26,7.26,7.26,-1.09%
2001/5/29,7.34,7.34,7.34,7.34,-0.81%
2001/5/28,7.4,7.4,7.4,7.4,-1.33%
2001/5/25,7.5,7.5,7.5,7.5,-0.66%
2001/5/24,7.55,7.55,7.55,7.55,-0.92%
2001/5/23,7.62,7.62,7.62,7.62,-1.42%
2001/5/17,7.73,7.73,7.73,7.73,-1.53%
2001/5/16,7.85,7.85,7.85,7.85,0.00%
2001/5/15,7.85,7.85,7.85,7.85,4.39%
2001/5/10,7.52,7.52,7.52,7.52,-0.92%
2001/5/9,7.59,7.59,7.59,7.59,-0.78%
2001/5/8,7.65,7.65,7.65,7.65,0.00%
2001/5/3,7.65,7.65,7.65,7.65,-2.55%
2001/4/30,7.85,7.85,7.85,7.85,2.35%
2001/4/20,7.67,7.67,7.67,7.67,2.27%
2001/4/19,7.5,7.5,7.5,7.5,-1.45%
2001/4/18,7.61,7.61,7.61,7.61,0.00%
2001/4/11,7.61,7.61,7.61,7.61,0.13%
2001/4/4,7.6,7.6,7.6,7.6,-1.30%
2001/4/3,7.7,7.7,7.7,7.7,2.67%
2001/4/2,7.5,7.5,7.5,7.5,-0.13%
2001/3/31,7.51,7.51,7.51,7.51,0.81%
2001/3/30,7.45,7.45,7.45,7.45,4.20%
2001/3/28,7.15,7.15,7.15,7.15,1.42%
2001/3/21,7.05,7.05,7.05,7.05,2.92%
2001/3/16,6.85,6.85,6.85,6.85,2.24%
2001/3/15,6.7,6.7,6.7,6.7,-5.63%
2001/3/14,7.1,7.1,7.1,7.1,-1.39%
2001/3/12,7.2,7.2,7.2,7.2,0.00%
2001/3/9,7.2,7.2,7.2,7.2,10.77%
2001/3/2,6.5,6.5,6.5,6.5,-5.11%
2001/2/28,6.85,6.85,6.85,6.85,-6.16%
2001/2/23,7.3,7.3,7.3,7.3,18.70%
2001/2/21,6.15,6.15,6.15,6.15,1.15%
2001/2/16,6.08,6.08,6.08,6.08,2.18%
2001/2/15,5.95,5.95,5.95,5.95,-0.50%
2001/2/14,5.98,5.98,5.98,5.98,-5.83%
2001/2/13,6.35,6.35,6.35,6.35,4.10%
2001/2/12,6.1,6.1,6.1,6.1,-1.61%
2001/2/9,6.2,6.2,6.2,6.2,-2.52%
2001/2/8,6.36,6.36,6.36,6.36,-0.62%
2001/2/6,6.4,6.4,6.4,6.4,-1.54%
2001/2/5,6.5,6.5,6.5,6.5,0.00%
2001/2/2,6.5,6.5,6.5,6.5,-0.76%
2001/1/31,6.55,6.55,6.55,6.55,2.02%
2001/1/19,6.42,6.42,6.42,6.42,-1.23%
2001/1/18,6.5,6.5,6.5,6.5,-1.52%
2001/1/17,6.6,6.6,6.6,6.6,0.00%
2001/1/16,6.6,6.6,6.6,6.6,-0.75%
2001/1/15,6.65,6.65,6.65,6.65,1.53%
2001/1/12,6.55,6.55,6.55,6.55,-1.50%
2001/1/11,6.65,6.65,6.65,6.65,-0.15%
2001/1/10,6.66,6.66,6.66,6.66,-0.45%
2001/1/9,6.69,6.69,6.69,6.69,1.06%
2001/1/8,6.62,6.62,6.62,6.62,-1.19%
2001/1/5,6.7,6.7,6.7,6.7,-2.47%
2001/1/4,6.87,6.87,6.87,6.87,-5.37%
2001/1/2,7.26,7.26,7.26,7.26,0.00%
2000/12/29,7.26,7.26,7.26,7.26,-0.62%
2000/12/27,7.305,7.305,7.305,7.305,3.40%
2000/12/26,7.065,7.065,7.065,7.065,-0.08%
2000/12/21,7.071,7.071,7.071,7.071,-1.79%
2000/12/20,7.2,7.2,7.2,7.2,0.70%
2000/12/18,7.15,7.15,7.15,7.15,0.99%
2000/12/15,7.08,7.08,7.08,7.08,-0.42%
2000/12/14,7.11,7.11,7.11,7.11,-2.60%
2000/12/13,7.3,7.3,7.3,7.3,0.41%
2000/12/12,7.27,7.27,7.27,7.27,5.98%
2000/12/8,6.86,6.86,6.86,6.86,-1.29%
2000/12/6,6.95,6.95,6.95,6.95,-1.70%
2000/12/5,7.07,7.07,7.07,7.07,-0.14%
2000/12/4,7.08,7.08,7.08,7.08,-7.21%
2000/12/1,7.63,7.63,7.63,7.63,-1.55%
2000/11/30,7.75,7.75,7.75,7.75,0.39%
2000/11/29,7.72,7.72,7.72,7.72,-0.13%
2000/11/28,7.73,7.73,7.73,7.73,0.00%
2000/11/16,7.73,7.73,7.73,7.73,2.11%
2000/11/13,7.57,7.57,7.57,7.57,-5.37%
2000/11/9,8,8,8,8,-2.32%
2000/11/8,8.19,8.19,8.19,8.19,0.24%
2000/11/2,8.17,8.17,8.17,8.17,0.25%
2000/11/1,8.15,8.15,8.15,8.15,-0.85%
2000/10/30,8.22,8.22,8.22,8.22,-0.24%
2000/10/28,8.24,8.24,8.24,8.24,0.00%
2000/10/27,8.24,8.24,8.24,8.24,-0.72%
2000/10/26,8.3,8.3,8.3,8.3,-0.60%
